iso,year,dependency
AFG,2025,81.7735722442193
AFG,2024,82.7768483158234
AFG,2023,83.8361728436287
AFG,2022,84.9624893289139
AFG,2021,86.0834681804276
AFG,2020,87.2478169146763
AFG,2019,88.5120276122222
AFG,2018,89.8496059758101
AFG,2017,91.2936186853936
AFG,2016,92.8898712202104
AFG,2015,94.6132337112821
AFG,2014,96.3463937851296
AFG,2013,98.063558808759
AFG,2012,99.7731309368865
AFG,2011,101.458308292088
AFG,2010,103.144455694301
AFG,2009,104.799467490534
AFG,2008,106.334375525183
AFG,2007,107.737250564546
AFG,2006,108.889135191956
AFG,2005,109.728525433204
AFG,2004,110.285308007212
AFG,2003,110.557539565476
AFG,2002,110.534611030603
AFG,2001,110.219341359285
AFG,2000,109.586047730495
AFG,1999,108.686030843852
AFG,1998,107.593615693214
AFG,1997,106.412388709347
AFG,1996,105.223953365424
AFG,1995,104.092606744234
AFG,1994,102.99668425802
AFG,1993,101.99673440322
AFG,1992,101.130964399038
AFG,1991,100.333805677725
AFG,1990,99.6645090710183
ALB,2025,52.0410467729505
ALB,2024,50.9742938346485
ALB,2023,50.0239189058889
ALB,2022,49.2510463435051
ALB,2021,48.4416017247105
ALB,2020,47.6864712685303
ALB,2019,47.0423753077936
ALB,2018,46.5089324540399
ALB,2017,46.1747781810153
ALB,2016,46.0418641879175
ALB,2015,46.063682495576
ALB,2014,46.0990797197022
ALB,2013,46.2294891341532
ALB,2012,46.6305614201807
ALB,2011,47.3939165172533
ALB,2010,48.4034139161967
ALB,2009,49.4627290108976
ALB,2008,50.4759629154815
ALB,2007,51.4388391998976
ALB,2006,52.4132353218301
ALB,2005,53.4435407688365
ALB,2004,54.5211229067505
ALB,2003,55.6139978139615
ALB,2002,56.7367022110026
ALB,2001,57.8351705993426
ALB,2000,58.5977290277002
ALB,1999,59.0642631536668
ALB,1998,59.5026684639966
ALB,1997,59.8927067398816
ALB,1996,60.1606949122209
ALB,1995,60.2826958882289
ALB,1994,60.4038280450256
ALB,1993,60.5915833011548
ALB,1992,60.7871692686772
ALB,1991,61.0785706431672
ALB,1990,61.4824255907926
DZA,2025,58.0563649914135
DZA,2024,58.5067834220209
DZA,2023,58.7709984775404
DZA,2022,58.8011272175164
DZA,2021,58.5563473141813
DZA,2020,58.0691549149887
DZA,2019,57.267808691031
DZA,2018,56.150085883397
DZA,2017,54.8295659548088
DZA,2016,53.4355011716106
DZA,2015,52.0627486223853
DZA,2014,50.6955957906435
DZA,2013,49.4268366050018
DZA,2012,48.4954283600483
DZA,2011,47.9979968759639
DZA,2010,47.8236351565994
DZA,2009,47.9151888531111
DZA,2008,48.2690504778389
DZA,2007,48.8888214375346
DZA,2006,49.7732743971787
DZA,2005,50.9431035080137
DZA,2004,52.4454102994315
DZA,2003,54.2887316848827
DZA,2002,56.4553453201421
DZA,2001,58.8828884016715
DZA,2000,61.5210892529932
DZA,1999,64.3969817854533
DZA,1998,67.4786060875367
DZA,1997,70.3063514024697
DZA,1996,72.7169809928918
DZA,1995,74.9374880718258
DZA,1994,76.8862310164136
DZA,1993,78.4842832750045
DZA,1992,79.5325282499141
DZA,1991,80.6968152410969
DZA,1990,82.534308161307
ASM,2025,53.5784591772046
ASM,2024,53.9689856122214
ASM,2023,53.9939725849833
ASM,2022,54.2501595405233
ASM,2021,55.1793707836832
ASM,2020,56.3403292698253
ASM,2019,57.1339154383
ASM,2018,57.4556926788531
ASM,2017,57.8470671032098
ASM,2016,58.2654266759565
ASM,2015,58.6831917894547
ASM,2014,59.0853640393942
ASM,2013,59.578051591171
ASM,2012,60.3372175141243
ASM,2011,61.5414042728503
ASM,2010,63.0731980984439
ASM,2009,64.3520985023383
ASM,2008,65.4113952179195
ASM,2007,66.6211360869436
ASM,2006,67.8297112235784
ASM,2005,68.9081145584726
ASM,2004,69.803652012791
ASM,2003,70.518691448924
ASM,2002,71.1209740298686
ASM,2001,71.6757439894081
ASM,2000,72.1969834635653
ASM,1999,72.7465372685114
ASM,1998,73.219596180936
ASM,1997,73.4367023991832
ASM,1996,73.4291193966778
ASM,1995,73.2514240296728
ASM,1994,72.958288336933
ASM,1993,72.5930768701397
ASM,1992,72.1416786604416
ASM,1991,71.5893209102312
ASM,1990,71.0367083501412
AND,2025,39.238507918913
AND,2024,38.5649541718808
AND,2023,38.2484697192491
AND,2022,38.168706445238
AND,2021,38.19592628516
AND,2020,38.1539010890912
AND,2019,38.0123080254823
AND,2018,38.3256344663857
AND,2017,38.7983591750715
AND,2016,39.1038735787242
AND,2015,39.3616405028095
AND,2014,39.5371281507834
AND,2013,39.4617752884009
AND,2012,39.2727668213457
AND,2011,39.2481203007519
AND,2010,38.3349616907492
AND,2009,37.0265105110991
AND,2008,36.443115338105
AND,2007,36.3435022980084
AND,2006,36.5890914083685
AND,2005,36.7306571534535
AND,2004,37.3267802372418
AND,2003,38.8803389762757
AND,2002,39.5564042303173
AND,2001,38.9898478228751
AND,2000,38.2609244758777
AND,1999,37.3996319839411
AND,1998,36.7852883951547
AND,1997,36.5122903259838
AND,1996,36.1854287721091
AND,1995,35.5820021638134
AND,1994,34.9654293651954
AND,1993,34.9716284824438
AND,1992,35.2413901556849
AND,1991,36.2351244139921
AND,1990,37.8932466442953
AGO,2025,88.6557825017491
AGO,2024,89.4060806363382
AGO,2023,90.0552252752265
AGO,2022,90.5895118569742
AGO,2021,91.0363983104785
AGO,2020,91.3698274972374
AGO,2019,91.6470396304726
AGO,2018,91.902769414907
AGO,2017,92.0715542905016
AGO,2016,92.1880041070431
AGO,2015,92.1805019005926
AGO,2014,92.0505618911043
AGO,2013,91.9497035468882
AGO,2012,91.8993770017946
AGO,2011,91.8569027197923
AGO,2010,91.8283866159677
AGO,2009,91.7835468670602
AGO,2008,91.7437443702865
AGO,2007,91.7757132003252
AGO,2006,91.8966478141105
AGO,2005,92.0716996645369
AGO,2004,92.303774744203
AGO,2003,92.580157249846
AGO,2002,92.8689882806235
AGO,2001,93.1426057931913
AGO,2000,93.3950546591747
AGO,1999,93.5866772056373
AGO,1998,93.7057826773577
AGO,1997,93.7802905353552
AGO,1996,93.7288649060103
AGO,1995,93.5234970290837
AGO,1994,93.0993791707479
AGO,1993,92.4413661617916
AGO,1992,91.7442494683851
AGO,1991,91.0097669157643
AGO,1990,90.2569092408058
ATG,2025,42.4639719336448
ATG,2024,42.0142359533545
ATG,2023,41.7566725911073
ATG,2022,41.4482905722469
ATG,2021,41.0892979909862
ATG,2020,40.7838869387943
ATG,2019,40.6075902613192
ATG,2018,40.6810867681644
ATG,2017,40.8522629964658
ATG,2016,41.0194517155441
ATG,2015,41.382691060896
ATG,2014,41.8515085655842
ATG,2013,42.3716756931533
ATG,2012,43.0773266872172
ATG,2011,43.8770748616759
ATG,2010,44.7352796485097
ATG,2009,45.5499645518839
ATG,2008,46.2576513962144
ATG,2007,47.099596716117
ATG,2006,48.0901725183266
ATG,2005,49.2426514697061
ATG,2004,50.4654318863849
ATG,2003,51.5419787917113
ATG,2002,52.5567394145839
ATG,2001,53.4690419028789
ATG,2000,54.1272323265575
ATG,1999,54.8429814604616
ATG,1998,55.781683626272
ATG,1997,56.6389629858248
ATG,1996,57.375714963941
ATG,1995,58.1267537045196
ATG,1994,59.0174854288093
ATG,1993,60.0673597891346
ATG,1992,61.4094884839979
ATG,1991,62.9067077872012
ATG,1990,63.3241829388305
ARG,2025,50.7162339547915
ARG,2024,51.5609570038159
ARG,2023,52.4243366823125
ARG,2022,53.3385463867822
ARG,2021,54.2195244410156
ARG,2020,55.0207968902513
ARG,2019,55.5931801951266
ARG,2018,55.8529254060554
ARG,2017,55.9728015245357
ARG,2016,56.0461721346243
ARG,2015,56.0522891497333
ARG,2014,56.0256427923844
ARG,2013,56.0487044709811
ARG,2012,56.1467747951315
ARG,2011,56.2739537637124
ARG,2010,56.452142111234
ARG,2009,56.735685768345
ARG,2008,57.0741876732807
ARG,2007,57.5050434620378
ARG,2006,58.0003526705021
ARG,2005,58.4885317167095
ARG,2004,58.9908808603745
ARG,2003,59.5157720560259
ARG,2002,60.0100181534326
ARG,2001,60.442088771688
ARG,2000,60.8399424011737
ARG,1999,61.2236911618814
ARG,1998,61.6256924207643
ARG,1997,62.0324271385077
ARG,1996,62.4265471122743
ARG,1995,62.7992211452248
ARG,1994,63.1273809200644
ARG,1993,63.4247592212681
ARG,1992,63.7003214972916
ARG,1991,63.909043570366
ARG,1990,64.0659888263892
ARM,2025,50.2187800971675
ARM,2024,49.1198808417762
ARM,2023,48.7129653645231
ARM,2022,48.7601980797249
ARM,2021,48.4759951441955
ARM,2020,48.1754870679756
ARM,2019,47.8107543362811
ARM,2018,47.4127303230816
ARM,2017,46.8188831337656
ARM,2016,45.9130890185114
ARM,2015,45.0074829961521
ARM,2014,44.220347328995
ARM,2013,43.5955735295585
ARM,2012,43.1066653605776
ARM,2011,42.8588952887091
ARM,2010,42.9172236658305
ARM,2009,43.2941291937252
ARM,2008,44.0261431322025
ARM,2007,45.1305540220802
ARM,2006,46.4862231466127
ARM,2005,47.8193074702708
ARM,2004,48.9919306433595
ARM,2003,50.0136226039065
ARM,2002,51.0703531395798
ARM,2001,52.4889483731996
ARM,2000,54.813388611356
ARM,1999,58.1037949459291
ARM,1998,61.8430046181047
ARM,1997,64.1123326604617
ARM,1996,64.5626640928773
ARM,1995,64.6941692969785
ARM,1994,63.7380996295148
ARM,1993,61.4842213799892
ARM,1992,58.0371569902749
ARM,1991,55.6070325851032
ARM,1990,54.7782354435487
ABW,2025,52.1596217864436
ABW,2024,51.2895227154925
ABW,2023,50.499754678629
ABW,2022,49.8010748935576
ABW,2021,49.3199495334618
ABW,2020,48.8784687945596
ABW,2019,48.0999783009656
ABW,2018,47.1166704939956
ABW,2017,46.125005039442
ABW,2016,45.1551319021681
ABW,2015,44.2477876106195
ABW,2014,43.5153583617747
ABW,2013,43.0385229703024
ABW,2012,42.8649842877335
ABW,2011,43.0477704342006
ABW,2010,43.4533955008381
ABW,2009,43.5354448619784
ABW,2008,43.260508496231
ABW,2007,42.9917617327489
ABW,2006,42.7685060178669
ABW,2005,42.6369612856099
ABW,2004,42.6913039565648
ABW,2003,42.8753336810776
ABW,2002,43.0780227806007
ABW,2001,43.2308391159286
ABW,2000,43.3179869318272
ABW,1999,43.6697806335828
ABW,1998,44.3940185451221
ABW,1997,45.3563969547935
ABW,1996,46.6724378566507
ABW,1995,48.4495619338157
ABW,1994,49.7915138411644
ABW,1993,50.4215576196795
ABW,1992,51.0352827876029
ABW,1991,50.238252661818
ABW,1990,48.3884698148455
AUS,2025,55.6968355853145
AUS,2024,55.2116881607728
AUS,2023,54.8330501591457
AUS,2022,54.5847718434653
AUS,2021,54.2558157593525
AUS,2020,53.6061246381616
AUS,2019,52.9197584315896
AUS,2018,52.4455151692804
AUS,2017,52.0424214921712
AUS,2016,51.6034455745862
AUS,2015,51.0633010294012
AUS,2014,50.4910608998852
AUS,2013,49.9243673123919
AUS,2012,49.3289726898378
AUS,2011,48.7682383229883
AUS,2010,48.3638611109409
AUS,2009,48.1482571709664
AUS,2008,48.1253903251165
AUS,2007,48.2183232721235
AUS,2006,48.3296763998251
AUS,2005,48.4752997933678
AUS,2004,48.6497650677502
AUS,2003,48.8445617344122
AUS,2002,49.0739278664306
AUS,2001,49.286835461901
AUS,2000,49.4598371499961
AUS,1999,49.6367192474489
AUS,1998,49.7980120889248
AUS,1997,49.9340260684314
AUS,1996,50.0490001668879
AUS,1995,50.109195672058
AUS,1994,50.0950366169999
AUS,1993,49.9860771260875
AUS,1992,49.811919085308
AUS,1991,49.6170680136445
AUS,1990,49.4681242875355
AUT,2025,54.4209859928476
AUT,2024,53.4552149204625
AUT,2023,52.5940837665189
AUT,2022,51.8277987141945
AUT,2021,51.1110949880295
AUT,2020,50.5184076844052
AUT,2019,50.0670998710729
AUT,2018,49.6838960625127
AUT,2017,49.3109345699699
AUT,2016,48.9558627535325
AUT,2015,48.7326907012931
AUT,2014,48.5645070083682
AUT,2013,48.309248026685
AUT,2012,48.0162294769948
AUT,2011,47.8895152059342
AUT,2010,48.1046425720335
AUT,2009,48.254000464131
AUT,2008,48.2132469576325
AUT,2007,48.2157973934847
AUT,2006,48.0318641277387
AUT,2005,47.5504023020352
AUT,2004,46.9768541067
AUT,2003,46.8524301443133
AUT,2002,47.2188927886777
AUT,2001,47.6678889861432
AUT,2000,48.1071501989905
AUT,1999,48.4964969480677
AUT,1998,48.814859865565
AUT,1997,49.0458626050382
AUT,1996,49.1944566289136
AUT,1995,49.1627810262895
AUT,1994,48.9373545320685
AUT,1993,48.6512460320535
AUT,1992,48.4171903074154
AUT,1991,48.2285247680827
AUT,1990,48.0917909291909
AZE,2025,43.6138885770503
AZE,2024,43.6108909062656
AZE,2023,43.5853062725148
AZE,2022,43.5216840131791
AZE,2021,43.4555527993272
AZE,2020,43.4171493479948
AZE,2019,43.2140002863056
AZE,2018,43.1245500256305
AZE,2017,42.9697743409433
AZE,2016,42.2694499411257
AZE,2015,41.3385630702997
AZE,2014,40.4458230491559
AZE,2013,39.5493100261129
AZE,2012,38.81041962457
AZE,2011,38.7078975091925
AZE,2010,39.274311233566
AZE,2009,40.3857954835192
AZE,2008,41.8635190360907
AZE,2007,43.3860991042067
AZE,2006,44.8703115705014
AZE,2005,46.4150522686018
AZE,2004,48.0296012903785
AZE,2003,49.8064583738137
AZE,2002,51.7884755585068
AZE,2001,53.8473400300442
AZE,2000,55.931513815901
AZE,1999,57.9315133943277
AZE,1998,59.776051037878
AZE,1997,61.1585362468694
AZE,1996,62.1572070772658
AZE,1995,62.7881655671631
AZE,1994,63.0401091319686
AZE,1993,62.8456271137093
AZE,1992,62.2755975821056
AZE,1991,61.6403223780662
AZE,1990,60.7608042252363
BHS,2025,42.1322321044428
BHS,2024,42.2242936331287
BHS,2023,42.5030859572889
BHS,2022,42.8637655742948
BHS,2021,43.3284637748239
BHS,2020,43.8089875395067
BHS,2019,44.2462318904142
BHS,2018,44.6775197739489
BHS,2017,45.1063165639795
BHS,2016,45.5428202800927
BHS,2015,45.9533368684191
BHS,2014,46.3160634254812
BHS,2013,46.6782269426683
BHS,2012,47.0910394377564
BHS,2011,47.5546487673016
BHS,2010,48.0810767246937
BHS,2009,48.54164619567
BHS,2008,49.0750453735618
BHS,2007,49.8494435773902
BHS,2006,50.5308277629185
BHS,2005,50.9986959213513
BHS,2004,51.4299211615853
BHS,2003,51.8631137415668
BHS,2002,52.2345304387346
BHS,2001,52.4953367972053
BHS,2000,52.6899465311242
BHS,1999,52.8112987435216
BHS,1998,52.8056787072704
BHS,1997,52.7143320267602
BHS,1996,52.5634128359934
BHS,1995,52.3712767946949
BHS,1994,52.1664382964092
BHS,1993,51.9403374273123
BHS,1992,51.6838017633765
BHS,1991,51.6385694454197
BHS,1990,51.8757017370055
BHR,2025,28.9264014720028
BHR,2024,29.1492189691124
BHR,2023,29.2488272145239
BHR,2022,29.162123903701
BHR,2021,29.4587458973084
BHR,2020,30.1633978549003
BHR,2019,30.0473734261812
BHR,2018,29.2252286021823
BHR,2017,28.8517118099219
BHR,2016,29.2420004774886
BHR,2015,30.0347975111287
BHR,2014,29.7957527310642
BHR,2013,28.559733768845
BHR,2012,28.4944025151217
BHR,2011,29.2195701115271
BHR,2010,29.0860280017862
BHR,2009,29.3488628892131
BHR,2008,30.4973462881146
BHR,2007,31.7395972371692
BHR,2006,33.1961279227803
BHR,2005,34.9290228362629
BHR,2004,37.0133995994757
BHR,2003,39.5288058445742
BHR,2002,42.433353980119
BHR,2001,45.2592550289281
BHR,2000,47.0621341218694
BHR,1999,48.0812291198191
BHR,1998,49.1687526974536
BHR,1997,50.3047605926311
BHR,1996,51.4106880864673
BHR,1995,52.4550855733716
BHR,1994,53.4964640597331
BHR,1993,54.5250807269506
BHR,1992,55.358888664948
BHR,1991,55.6703965935535
BHR,1990,55.4873960239938
BGD,2025,52.2398280353678
BGD,2024,52.6423780619832
BGD,2023,53.0958193080833
BGD,2022,53.6222137721463
BGD,2021,53.9605921368888
BGD,2020,54.0679893713504
BGD,2019,54.1751879343991
BGD,2018,54.3273751721014
BGD,2017,54.6436395397794
BGD,2016,55.3718768318608
BGD,2015,56.4576539922494
BGD,2014,57.6363999788042
BGD,2013,58.8576060722821
BGD,2012,60.0398362395264
BGD,2011,61.0979549461299
BGD,2010,61.9686828582303
BGD,2009,62.7031938906288
BGD,2008,63.3356883947747
BGD,2007,63.9122837398699
BGD,2006,64.524039740509
BGD,2005,65.1910648619481
BGD,2004,65.873127608104
BGD,2003,66.5127410987043
BGD,2002,67.1451832030454
BGD,2001,67.829792240324
BGD,2000,68.8735107703625
BGD,1999,70.313705784649
BGD,1998,71.8615027523664
BGD,1997,73.5489308582297
BGD,1996,75.3994031467334
BGD,1995,77.3180471753385
BGD,1994,79.1811023453225
BGD,1993,80.9683342071102
BGD,1992,82.6662303344695
BGD,1991,84.324547486233
BGD,1990,85.9247940838611
BRB,2025,51.8604888585599
BRB,2024,51.0381409176706
BRB,2023,50.5580529737051
BRB,2022,50.2051022851214
BRB,2021,49.6166083359847
BRB,2020,48.8811373606046
BRB,2019,48.226277449213
BRB,2018,47.7558518393751
BRB,2017,47.4374694122414
BRB,2016,47.3018181051877
BRB,2015,47.2880085313962
BRB,2014,47.2307000608289
BRB,2013,47.1514727548306
BRB,2012,47.0852541904782
BRB,2011,47.0386206676216
BRB,2010,47.0095284893285
BRB,2009,46.8544917846601
BRB,2008,46.6417168083539
BRB,2007,46.7341684515696
BRB,2006,47.2178753891703
BRB,2005,47.8220447143737
BRB,2004,48.3488916761941
BRB,2003,48.7596690958346
BRB,2002,49.0029727488619
BRB,2001,49.2212688285768
BRB,2000,49.6163420036996
BRB,1999,50.0294324396921
BRB,1998,50.4324897538047
BRB,1997,50.8485489582854
BRB,1996,51.2037079739888
BRB,1995,51.4886458236981
BRB,1994,51.7464589399441
BRB,1993,52.0826171818102
BRB,1992,52.5272947836636
BRB,1991,53.1163663840941
BRB,1990,53.8967879397463
BLR,2025,51.9142537893753
BLR,2024,51.4320720058658
BLR,2023,50.9143686597634
BLR,2022,50.3005336051361
BLR,2021,49.5726145295303
BLR,2020,48.7665398549662
BLR,2019,47.8095536382012
BLR,2018,46.8866982731588
BLR,2017,46.0096589692623
BLR,2016,44.9447620155531
BLR,2015,43.8491045346394
BLR,2014,42.7175640732647
BLR,2013,41.6902824364542
BLR,2012,40.8631225663151
BLR,2011,40.3467683870549
BLR,2010,40.4368187756197
BLR,2009,40.8605571950076
BLR,2008,41.4849556930776
BLR,2007,42.2146504270551
BLR,2006,42.7725595063791
BLR,2005,43.3371234549297
BLR,2004,44.0220568024534
BLR,2003,44.7678320797894
BLR,2002,45.5515914477957
BLR,2001,46.4101268689929
BLR,2000,47.3611141053723
BLR,1999,48.4850486294947
BLR,1998,49.938547597476
BLR,1997,51.0541836795024
BLR,1996,51.7260618811785
BLR,1995,52.1380876905489
BLR,1994,52.1939644492264
BLR,1993,52.0773931872809
BLR,1992,51.7546417390139
BLR,1991,51.3523505228416
BLR,1990,50.8560481976729
BEL,2025,57.8899137274854
BEL,2024,57.6148666582755
BEL,2023,57.321807211007
BEL,2022,56.9781655092647
BEL,2021,56.5798437606637
BEL,2020,56.3096171847589
BEL,2019,56.0563384873172
BEL,2018,55.6547268372572
BEL,2017,55.1767824380792
BEL,2016,54.6532925416515
BEL,2015,54.2185860669473
BEL,2014,53.7527116455187
BEL,2013,53.1602786566966
BEL,2012,52.6045148789969
BEL,2011,52.0418059511966
BEL,2010,51.6473697242393
BEL,2009,51.4944379968229
BEL,2008,51.4173676865474
BEL,2007,51.562632608567
BEL,2006,51.9611319103656
BEL,2005,52.3334222062245
BEL,2004,52.4646246048715
BEL,2003,52.4831390432658
BEL,2002,52.5280654232509
BEL,2001,52.5494560740193
BEL,2000,52.4658001418577
BEL,1999,52.2922497210349
BEL,1998,52.0877806515219
BEL,1997,51.8219915446386
BEL,1996,51.525845200322
BEL,1995,51.2189562339941
BEL,1994,50.9276612379211
BEL,1993,50.6682864290023
BEL,1992,50.3450623087789
BEL,1991,49.9079902741352
BEL,1990,49.3650466113017
BLZ,2025,45.9809948534919
BLZ,2024,46.203569976303
BLZ,2023,46.7004478384213
BLZ,2022,47.7523452432926
BLZ,2021,49.0639810873278
BLZ,2020,50.1056237949285
BLZ,2019,51.0387510716341
BLZ,2018,51.8971867784178
BLZ,2017,52.9365964003541
BLZ,2016,54.3992819917954
BLZ,2015,56.037974628114
BLZ,2014,57.6530335616562
BLZ,2013,59.3654806943233
BLZ,2012,61.186677591941
BLZ,2011,63.1652151371184
BLZ,2010,65.3662642390193
BLZ,2009,67.1952550059901
BLZ,2008,68.4748915065096
BLZ,2007,69.7071820354545
BLZ,2006,70.9215268335837
BLZ,2005,72.1061439452668
BLZ,2004,73.2803541019574
BLZ,2003,74.4784432009102
BLZ,2002,75.671094886504
BLZ,2001,76.8690673711645
BLZ,2000,78.1452985129837
BLZ,1999,79.5357902197023
BLZ,1998,81.0822764959911
BLZ,1997,82.8214462875928
BLZ,1996,84.6800962433481
BLZ,1995,86.5335063321211
BLZ,1994,88.3426355122505
BLZ,1993,90.0833861608231
BLZ,1992,91.6672520899612
BLZ,1991,92.9889184671578
BLZ,1990,93.950822624559
BEN,2025,79.8968642766814
BEN,2024,80.7358613009806
BEN,2023,81.5677814531873
BEN,2022,82.425708214612
BEN,2021,83.3042640253888
BEN,2020,84.1388233696318
BEN,2019,84.8779371019408
BEN,2018,85.5069960528249
BEN,2017,85.9975863127993
BEN,2016,86.3703118821361
BEN,2015,86.6908725796141
BEN,2014,87.0172121898555
BEN,2013,87.3352984395774
BEN,2012,87.6622199954373
BEN,2011,88.0623986546347
BEN,2010,88.5466956692596
BEN,2009,89.2022244846513
BEN,2008,89.8184844413472
BEN,2007,90.2147219975119
BEN,2006,90.4640703836321
BEN,2005,90.9728456484841
BEN,2004,91.7058736179667
BEN,2003,92.329888698524
BEN,2002,93.0421170627939
BEN,2001,93.796458949283
BEN,2000,94.5561020344605
BEN,1999,95.2999618202775
BEN,1998,95.9996893792232
BEN,1997,96.6363688769587
BEN,1996,97.0615837296028
BEN,1995,96.8770749203547
BEN,1994,95.6095155345189
BEN,1993,96.4993400063239
BEN,1992,98.6215606190886
BEN,1991,98.8392926241274
BEN,1990,99.0034902521248
BMU,2025,56.1586840832124
BMU,2024,54.6796850695192
BMU,2023,53.3515050959943
BMU,2022,52.1358082706767
BMU,2021,51.0067270858638
BMU,2020,49.9499243041807
BMU,2019,48.9232699142797
BMU,2018,48.0150264353956
BMU,2017,47.2496931236538
BMU,2016,46.428653850592
BMU,2015,45.7970548370052
BMU,2014,45.5084745762712
BMU,2013,45.2621958185765
BMU,2012,44.7279259612979
BMU,2011,43.9187968566525
BMU,2010,43.0575822202267
BMU,2009,42.8972866038711
BMU,2008,43.5634582237141
BMU,2007,44.4520861989913
BMU,2006,44.8946179034266
BMU,2005,44.7511771766227
BMU,2004,44.5399510143722
BMU,2003,44.1984097633136
BMU,2002,43.8116176810923
BMU,2001,43.3699480904709
BMU,2000,42.8737233054782
BMU,1999,42.7763892457546
BMU,1998,43.1201321689875
BMU,1997,43.5246136233543
BMU,1996,43.4787823542111
BMU,1995,42.9195678271308
BMU,1994,42.3093566689105
BMU,1993,41.6809192301207
BMU,1992,41.0456411494808
BMU,1991,40.3689268682369
BMU,1990,40.1860736988236
BTN,2025,36.964601922052
BTN,2024,37.7478603176371
BTN,2023,38.5621629050646
BTN,2022,39.4402135580812
BTN,2021,40.4434390615407
BTN,2020,41.6259265390204
BTN,2019,43.0441182246478
BTN,2018,44.6530941741602
BTN,2017,46.3188256242944
BTN,2016,47.5487362412969
BTN,2015,48.341365124002
BTN,2014,49.111096196049
BTN,2013,49.8361719182554
BTN,2012,50.6230470718678
BTN,2011,51.5889144608205
BTN,2010,52.7571672414394
BTN,2009,54.1046110118023
BTN,2008,55.6333828414644
BTN,2007,57.3237111872517
BTN,2006,59.0913187428257
BTN,2005,61.0733763436673
BTN,2004,63.5658719822189
BTN,2003,66.3003338201544
BTN,2002,68.8778601179207
BTN,2001,71.2836303063954
BTN,2000,73.4829834295896
BTN,1999,75.4277454906802
BTN,1998,77.2082804292081
BTN,1997,78.8408413599275
BTN,1996,80.2326536108274
BTN,1995,81.4277484588236
BTN,1994,82.4105295361912
BTN,1993,83.1746534967356
BTN,1992,83.7668492331571
BTN,1991,84.1313697860544
BTN,1990,84.2880999737306
BOL,2025,54.2742478853241
BOL,2024,54.8659781441531
BOL,2023,55.5037371721243
BOL,2022,56.1953486531378
BOL,2021,57.0117014045263
BOL,2020,57.9125889872922
BOL,2019,58.713758032825
BOL,2018,59.4399552784395
BOL,2017,60.1913809522196
BOL,2016,60.9743711428497
BOL,2015,61.8121001966183
BOL,2014,62.727121369388
BOL,2013,63.667311881399
BOL,2012,64.5576422442095
BOL,2011,65.4432668246454
BOL,2010,66.3579351859945
BOL,2009,67.2985565884859
BOL,2008,68.2874899484743
BOL,2007,69.3299621042665
BOL,2006,70.4318320212529
BOL,2005,71.5807768757071
BOL,2004,72.7282553866109
BOL,2003,73.8265836537673
BOL,2002,74.8379179638206
BOL,2001,75.682735506341
BOL,2000,76.3336649111143
BOL,1999,76.8613252067245
BOL,1998,77.3202890825747
BOL,1997,77.7325293203476
BOL,1996,78.0888057888981
BOL,1995,78.4018209288559
BOL,1994,78.6894173423028
BOL,1993,78.9458263063665
BOL,1992,79.2370827890731
BOL,1991,79.5376841544555
BOL,1990,79.7792012465788
BIH,2025,55.5413393091102
BIH,2024,54.4832427940866
BIH,2023,53.5210215348666
BIH,2022,52.6245907931921
BIH,2021,51.882555145011
BIH,2020,51.07123773277
BIH,2019,49.9919523868234
BIH,2018,48.7981270859519
BIH,2017,47.7135237832645
BIH,2016,46.8155055302009
BIH,2015,46.0547616991884
BIH,2014,45.4739107599981
BIH,2013,45.1363153299881
BIH,2012,44.9181494324675
BIH,2011,44.6457515662745
BIH,2010,44.2789557480719
BIH,2009,43.8935442499965
BIH,2008,43.603660497447
BIH,2007,43.4597776090615
BIH,2006,43.508435103423
BIH,2005,43.5749208785894
BIH,2004,43.4069313452312
BIH,2003,43.3111579761834
BIH,2002,43.5314406704437
BIH,2001,43.9829443434668
BIH,2000,44.6051488524289
BIH,1999,45.3733337416157
BIH,1998,46.2174141257539
BIH,1997,47.2848051573894
BIH,1996,49.2110796536367
BIH,1995,51.7620927654576
BIH,1994,52.2476003732004
BIH,1993,50.4988898996284
BIH,1992,47.3134341857994
BIH,1991,45.2824316935083
BIH,1990,45.2515294396522
BWA,2025,56.3467509263192
BWA,2024,56.655146530662
BWA,2023,56.8649822627192
BWA,2022,56.9942392169505
BWA,2021,57.3675236302824
BWA,2020,58.1395379926207
BWA,2019,59.0212359437936
BWA,2018,59.77944968053
BWA,2017,60.3922725741764
BWA,2016,60.8365779757749
BWA,2015,61.060087047929
BWA,2014,61.0233976005616
BWA,2013,60.7392551132963
BWA,2012,60.1882344718716
BWA,2011,59.8050466228042
BWA,2010,59.9329624056128
BWA,2009,60.3740690970846
BWA,2008,61.0149548036454
BWA,2007,61.7737877982468
BWA,2006,62.6397653218019
BWA,2005,63.6537247053591
BWA,2004,64.8654270372053
BWA,2003,66.2907711757269
BWA,2002,67.925040398917
BWA,2001,69.7041027191231
BWA,2000,71.6009370939856
BWA,1999,73.6554107719431
BWA,1998,75.8612764588265
BWA,1997,78.2366749829893
BWA,1996,80.7658267327315
BWA,1995,83.3348826968711
BWA,1994,85.8739310825967
BWA,1993,88.256278236155
BWA,1992,90.3585690343672
BWA,1991,92.1511540482986
BWA,1990,93.6710062401455
BRA,2025,44.6486379446561
BRA,2024,44.3299763860952
BRA,2023,44.0290947589819
BRA,2022,43.7902629940777
BRA,2021,43.6404698393342
BRA,2020,43.586067027448
BRA,2019,43.5397483001089
BRA,2018,43.4316522323209
BRA,2017,43.3713300884192
BRA,2016,43.4398109123601
BRA,2015,43.5935934449924
BRA,2014,43.8183703322034
BRA,2013,44.1751173479507
BRA,2012,44.6429009356262
BRA,2011,45.1609994407706
BRA,2010,45.7187256688073
BRA,2009,46.3061674570182
BRA,2008,46.9295922668047
BRA,2007,47.5826124507755
BRA,2006,48.2684711339596
BRA,2005,49.0129699418087
BRA,2004,49.832060271032
BRA,2003,50.7500013938033
BRA,2002,51.7532497132855
BRA,2001,52.8183017276819
BRA,2000,53.9320341342569
BRA,1999,55.0763984272951
BRA,1998,56.2482765408734
BRA,1997,57.440167947103
BRA,1996,58.6481917241943
BRA,1995,59.8683636570242
BRA,1994,61.0835822645126
BRA,1993,62.2792179837673
BRA,1992,63.4594433992393
BRA,1991,64.5785829304948
BRA,1990,65.5936848281802
VGB,2025,31.9123505976096
VGB,2024,31.7775106837607
VGB,2023,32.1738540819094
VGB,2022,32.885975863504
VGB,2021,33.4415699008224
VGB,2020,33.9102841482764
VGB,2019,34.3484680693983
VGB,2018,34.945294552817
VGB,2017,35.6790174681549
VGB,2016,35.6327821595868
VGB,2015,35.5893566010298
VGB,2014,36.021128213593
VGB,2013,36.4861374203547
VGB,2012,37.2021521906226
VGB,2011,38.1151681339299
VGB,2010,38.8122586146361
VGB,2009,38.8036105869754
VGB,2008,38.4109098567818
VGB,2007,38.126871766948
VGB,2006,38.1755613223513
VGB,2005,38.5642346879026
VGB,2004,39.3059360730594
VGB,2003,40.4683335448661
VGB,2002,42.0334040296925
VGB,2001,43.6287036397541
VGB,2000,44.4166963967178
VGB,1999,44.5209493114562
VGB,1998,44.6574930445898
VGB,1997,44.9312316488951
VGB,1996,45.3772159949122
VGB,1995,45.9901800327332
VGB,1994,46.6385846672283
VGB,1993,47.1332063052139
VGB,1992,47.6245551601424
VGB,1991,48.08343243985
VGB,1990,48.4776853252648
BRN,2025,38.6277832278011
BRN,2024,38.2994748624391
BRN,2023,37.998646921747
BRN,2022,37.7100640209512
BRN,2021,37.4799511828422
BRN,2020,37.387149472443
BRN,2019,37.4287523749208
BRN,2018,37.5528221562436
BRN,2017,37.7404970830031
BRN,2016,38.0062295240708
BRN,2015,38.3778628456063
BRN,2014,38.843209243132
BRN,2013,39.3225002032906
BRN,2012,39.7950425529715
BRN,2011,40.2019187901723
BRN,2010,40.4089170105325
BRN,2009,40.454620085743
BRN,2008,40.4613983232019
BRN,2007,40.4768758759138
BRN,2006,41.0981748675744
BRN,2005,42.3524185743975
BRN,2004,43.6711746553872
BRN,2003,45.0618937219093
BRN,2002,46.5104056726101
BRN,2001,47.9935003529521
BRN,2000,49.4909712077012
BRN,1999,50.9325457767277
BRN,1998,52.2551810188525
BRN,1997,53.5109725748473
BRN,1996,54.7660680651907
BRN,1995,55.9703051435733
BRN,1994,57.0283610716516
BRN,1993,57.8812061791028
BRN,1992,58.5171565027875
BRN,1991,58.6740304784463
BRN,1990,58.7538088427337
BGR,2025,57.8166346575358
BGR,2024,57.4922255368163
BGR,2023,57.1601451805102
BGR,2022,56.8295907451296
BGR,2021,56.7066350040951
BGR,2020,56.5399504860587
BGR,2019,55.9246760959011
BGR,2018,54.9714988000953
BGR,2017,53.9436319509152
BGR,2016,52.9074899638477
BGR,2015,51.7845407318803
BGR,2014,50.5579218085755
BGR,2013,49.3086554346026
BGR,2012,48.1663471826867
BGR,2011,47.1333798260468
BGR,2010,46.2076375688598
BGR,2009,45.5120491818659
BGR,2008,45.0373435453245
BGR,2007,44.7751193693499
BGR,2006,44.7386390684655
BGR,2005,44.9424750943672
BGR,2004,45.3660504870331
BGR,2003,45.9458054217853
BGR,2002,46.546184753975
BGR,2001,47.1201047475104
BGR,2000,47.6182113313473
BGR,1999,47.8773643949492
BGR,1998,48.1202307484903
BGR,1997,48.4910913219886
BGR,1996,48.893866167198
BGR,1995,49.2469180561765
BGR,1994,49.5739486357535
BGR,1993,49.8586018171276
BGR,1992,50.0909667359813
BGR,1991,50.296122343378
BGR,1990,50.3478597524119
BFA,2025,78.1075218541557
BFA,2024,80.0303169928442
BFA,2023,81.8908186351026
BFA,2022,83.6984976476855
BFA,2021,85.5143844798844
BFA,2020,87.320571617249
BFA,2019,88.9000632341781
BFA,2018,90.1476828833865
BFA,2017,91.1388757797584
BFA,2016,91.9492118557294
BFA,2015,92.6016404511831
BFA,2014,93.0770765719936
BFA,2013,93.380718437297
BFA,2012,93.528565666474
BFA,2011,93.5370109902721
BFA,2010,93.3703597802034
BFA,2009,93.111611158682
BFA,2008,92.833215335669
BFA,2007,92.6493876136664
BFA,2006,92.7395482180547
BFA,2005,93.1659483550468
BFA,2004,93.8640845179637
BFA,2003,94.71290093904
BFA,2002,95.7119730986067
BFA,2001,96.8442325845301
BFA,2000,97.9986202992008
BFA,1999,99.139693892403
BFA,1998,100.223296350024
BFA,1997,101.019619695697
BFA,1996,101.487948190692
BFA,1995,101.888790450271
BFA,1994,102.279586976963
BFA,1993,102.509824226555
BFA,1992,102.440740623165
BFA,1991,102.022280306948
BFA,1990,101.479283237569
BDI,2025,87.018537835051
BDI,2024,89.5041466801602
BDI,2023,91.846666183644
BDI,2022,94.079560239112
BDI,2021,96.0054320138089
BDI,2020,97.5964620984537
BDI,2019,98.9997673122223
BDI,2018,100.4896672849
BDI,2017,101.067653404408
BDI,2016,99.9434296067735
BDI,2015,97.1104592056118
BDI,2014,94.622070654264
BDI,2013,93.3838719525298
BDI,2012,92.1563928504512
BDI,2011,91.008769559132
BDI,2010,90.0088940874077
BDI,2009,89.8539543509212
BDI,2008,90.6439922277766
BDI,2007,91.4102334997001
BDI,2006,91.9058450723641
BDI,2005,92.7130065629574
BDI,2004,94.2244022756485
BDI,2003,96.4236779759572
BDI,2002,98.4196517721056
BDI,2001,100.486259710613
BDI,2000,102.683867443087
BDI,1999,104.675875834493
BDI,1998,107.673689139362
BDI,1997,110.135451613272
BDI,1996,108.880860090737
BDI,1995,106.905811273288
BDI,1994,116.025869324072
BDI,1993,115.542047998445
BDI,1992,106.508077507411
BDI,1991,107.055190449086
BDI,1990,106.303555537503
CPV,2025,46.7329664030631
CPV,2024,47.9410239354206
CPV,2023,49.1432552588223
CPV,2022,50.3832343299258
CPV,2021,51.8097353713792
CPV,2020,52.3882134884024
CPV,2019,51.9520708887398
CPV,2018,51.5437291537531
CPV,2017,51.2276170341999
CPV,2016,51.1040488670601
CPV,2015,51.3482379420652
CPV,2014,52.0485295994349
CPV,2013,53.1695458065828
CPV,2012,54.6836712803918
CPV,2011,56.6271000618611
CPV,2010,58.9731595737714
CPV,2009,61.5592830809008
CPV,2008,64.2279219077568
CPV,2007,66.9240214630536
CPV,2006,69.6582481978945
CPV,2005,72.4718422025655
CPV,2004,75.3820487397971
CPV,2003,78.3702721237104
CPV,2002,81.4059714362287
CPV,2001,84.4561994069087
CPV,2000,87.3737248483045
CPV,1999,89.9426155240109
CPV,1998,92.1385475055595
CPV,1997,94.0545848297755
CPV,1996,95.7355802177282
CPV,1995,97.2086354009933
CPV,1994,98.4663689713061
CPV,1993,99.5150666845352
CPV,1992,100.375880492414
CPV,1991,101.068640828981
CPV,1990,101.632168598344
KHM,2025,55.9439537843445
KHM,2024,56.1447301469383
KHM,2023,56.4253473651475
KHM,2022,56.7923377070363
KHM,2021,57.1733909693315
KHM,2020,57.5213483632843
KHM,2019,57.7205669146422
KHM,2018,57.7788009060017
KHM,2017,57.7607192458127
KHM,2016,57.6337208481402
KHM,2015,57.4762892275772
KHM,2014,57.3715668304458
KHM,2013,57.3927567746693
KHM,2012,57.6022595047489
KHM,2011,58.1521956308671
KHM,2010,59.1158735704429
KHM,2009,60.4169660643431
KHM,2008,62.1426116404343
KHM,2007,64.3296339360911
KHM,2006,66.8051386489094
KHM,2005,69.2930311374068
KHM,2004,71.766464433307
KHM,2003,74.3840557731
KHM,2002,77.083836990036
KHM,2001,79.950258976023
KHM,2000,83.0310606879503
KHM,1999,86.1983835026982
KHM,1998,89.1831259482162
KHM,1997,92.2794951571116
KHM,1996,95.0767518630347
KHM,1995,96.2960698840543
KHM,1994,95.0104669319668
KHM,1993,92.8229866372581
KHM,1992,92.0046830393181
KHM,1991,90.2863460278348
KHM,1990,87.676409032794
CMR,2025,78.3643636318919
CMR,2024,79.3304617054918
CMR,2023,80.2951604071451
CMR,2022,81.2295866622104
CMR,2021,82.0893650357674
CMR,2020,82.8843122656867
CMR,2019,83.5806413466043
CMR,2018,84.1226674765979
CMR,2017,84.4529350203384
CMR,2016,84.7287316499248
CMR,2015,85.203228431494
CMR,2014,86.0043368057403
CMR,2013,86.7401055522928
CMR,2012,87.1152204457813
CMR,2011,87.392383214259
CMR,2010,87.6499594084791
CMR,2009,87.9434422605082
CMR,2008,88.2882977861745
CMR,2007,88.7066421775262
CMR,2006,89.1418397265385
CMR,2005,89.5663529097767
CMR,2004,90.065191250209
CMR,2003,90.690352993929
CMR,2002,91.4731847916586
CMR,2001,92.3489796620928
CMR,2000,93.1737998393741
CMR,1999,93.9339383924881
CMR,1998,94.7328945868538
CMR,1997,95.6843012772624
CMR,1996,96.6876983865744
CMR,1995,97.5161263926205
CMR,1994,98.1446006548725
CMR,1993,98.6382657534088
CMR,1992,98.9806477701929
CMR,1991,99.1518723262906
CMR,1990,99.222559129089
CAN,2025,54.4179177883457
CAN,2024,53.6355811837047
CAN,2023,53.0518429925194
CAN,2022,52.6453187327307
CAN,2021,52.0342485398259
CAN,2020,51.1983504754589
CAN,2019,50.4105729188803
CAN,2018,49.733479510056
CAN,2017,49.0981143135691
CAN,2016,48.3895082605836
CAN,2015,47.58596316024
CAN,2014,46.7656650331144
CAN,2013,45.9856719197967
CAN,2012,45.2394993555654
CAN,2011,44.6166392924826
CAN,2010,44.2426034732426
CAN,2009,44.0683296307463
CAN,2008,43.979810181512
CAN,2007,43.9728341323754
CAN,2006,44.1056701402663
CAN,2005,44.4124530492161
CAN,2004,44.8239663324754
CAN,2003,45.224975652383
CAN,2002,45.6162132930749
CAN,2001,46.0490993934186
CAN,2000,46.505468173978
CAN,1999,46.9443442837685
CAN,1998,47.3120936453039
CAN,1997,47.5699325112839
CAN,1996,47.7466285226035
CAN,1995,47.8659553983646
CAN,1994,47.9228535685981
CAN,1993,47.8733970605816
CAN,1992,47.6541983447229
CAN,1991,47.3117698227704
CAN,1990,46.9604608753888
CYM,2025,34.3554587164089
CYM,2024,33.6630464051701
CYM,2023,33.0406746935281
CYM,2022,32.4385822110404
CYM,2021,31.7695705290856
CYM,2020,31.437538273117
CYM,2019,31.4601476158863
CYM,2018,31.3958354089867
CYM,2017,31.3154949638824
CYM,2016,31.2750951796451
CYM,2015,31.270497039908
CYM,2014,31.2476820036215
CYM,2013,31.2163038858191
CYM,2012,31.1511534488695
CYM,2011,30.9670733430684
CYM,2010,30.8287586757273
CYM,2009,30.91985767958
CYM,2008,31.210240098502
CYM,2007,31.601112435439
CYM,2006,32.0439115199299
CYM,2005,32.4904431544669
CYM,2004,32.9035283085219
CYM,2003,33.2423498013526
CYM,2002,33.4903290630495
CYM,2001,33.6401483119755
CYM,2000,33.6274840013473
CYM,1999,33.6918564045258
CYM,1998,33.9974596262021
CYM,1997,34.3133549996221
CYM,1996,34.6704532008046
CYM,1995,35.1229778804886
CYM,1994,35.6583445112717
CYM,1993,36.3272545363591
CYM,1992,37.2314921365554
CYM,1991,38.3796390184547
CYM,1990,39.6969534146473
CAF,2025,103.585626770159
CAF,2024,104.726849849797
CAF,2023,105.177562449203
CAF,2022,105.587559345916
CAF,2021,105.023375496256
CAF,2020,104.549331492918
CAF,2019,104.954476234215
CAF,2018,104.958245074818
CAF,2017,104.593668985404
CAF,2016,104.212210458458
CAF,2015,103.91701516784
CAF,2014,101.4546167589
CAF,2013,97.9595630955148
CAF,2012,95.3176865088711
CAF,2011,92.9822017540374
CAF,2010,91.5910478718142
CAF,2009,90.8764209167031
CAF,2008,90.4294178705168
CAF,2007,90.1127742517039
CAF,2006,89.6444106919827
CAF,2005,89.4839039752304
CAF,2004,89.7765359841293
CAF,2003,90.082076840081
CAF,2002,90.7202050560367
CAF,2001,91.1713607329455
CAF,2000,91.4612913472661
CAF,1999,92.0769203829332
CAF,1998,92.5646055953044
CAF,1997,92.8946264561177
CAF,1996,93.0671533478341
CAF,1995,92.8956415378171
CAF,1994,92.6660496692756
CAF,1993,92.5609604394371
CAF,1992,92.2112744204752
CAF,1991,91.5223070648626
CAF,1990,90.4913198371222
TCD,2025,92.6061106803711
TCD,2024,92.9204543197374
TCD,2023,95.3580792822124
TCD,2022,97.8599966421734
TCD,2021,98.923632922988
TCD,2020,100.054552902552
TCD,2019,100.684531380519
TCD,2018,101.186169914043
TCD,2017,101.801281508928
TCD,2016,102.2828708469
TCD,2015,102.372075248765
TCD,2014,102.351171749544
TCD,2013,102.900131941391
TCD,2012,103.419922191978
TCD,2011,103.803919970792
TCD,2010,104.049189600275
TCD,2009,103.97192695548
TCD,2008,104.236571604908
TCD,2007,104.486401753743
TCD,2006,104.392684154219
TCD,2005,104.389061641316
TCD,2004,105.158221499759
TCD,2003,106.774670267271
TCD,2002,107.647489593358
TCD,2001,107.33914662915
TCD,2000,106.577097521903
TCD,1999,106.116641675102
TCD,1998,105.872529168672
TCD,1997,105.03232780512
TCD,1996,103.701625685937
TCD,1995,104.367439531386
TCD,1994,105.645960748268
TCD,1993,103.301482758399
TCD,1992,100.924269713968
TCD,1991,101.88400205343
TCD,1990,102.270339166419
CHI,2025,52.5504151838671
CHI,2024,52.05480690965
CHI,2023,51.6540958995786
CHI,2022,51.4098408156613
CHI,2021,51.2842846384859
CHI,2020,51.0801501395061
CHI,2019,50.7746363487411
CHI,2018,50.4492096646205
CHI,2017,49.9219911863726
CHI,2016,49.3003425406311
CHI,2015,48.7635949943117
CHI,2014,48.1886895546854
CHI,2013,47.5071575760891
CHI,2012,46.6307916818679
CHI,2011,45.6719630771476
CHI,2010,45.2187605855588
CHI,2009,45.2289847589367
CHI,2008,45.3146775182563
CHI,2007,45.5535458234539
CHI,2006,45.9226736814216
CHI,2005,46.2623696175448
CHI,2004,46.4123725239063
CHI,2003,46.4067500727379
CHI,2002,46.3286047624162
CHI,2001,46.172126639956
CHI,2000,46.1227308602999
CHI,1999,46.1755644274492
CHI,1998,46.1344103135445
CHI,1997,46.04312953844
CHI,1996,45.8884133935999
CHI,1995,45.7113621315784
CHI,1994,45.5224404278568
CHI,1993,45.2221643495332
CHI,1992,44.8242392707406
CHI,1991,44.3599467664629
CHI,1990,44.1072795391371
CHL,2025,45.2153293896903
CHL,2024,45.1405085154006
CHL,2023,45.0908347497625
CHL,2022,45.0486913334805
CHL,2021,45.0389819118115
CHL,2020,45.0108226842024
CHL,2019,44.9884626222266
CHL,2018,45.0787301205063
CHL,2017,45.2413877408172
CHL,2016,45.3579053946093
CHL,2015,45.3254058695677
CHL,2014,45.2518120502398
CHL,2013,45.2602643872248
CHL,2012,45.3921644620775
CHL,2011,45.6658086015598
CHL,2010,46.0720549966286
CHL,2009,46.5631224830338
CHL,2008,47.1414138519081
CHL,2007,47.848284266754
CHL,2006,48.7080013399686
CHL,2005,49.6636024989372
CHL,2004,50.6197973954189
CHL,2003,51.5482417436611
CHL,2002,52.4079963740217
CHL,2001,53.1628122502133
CHL,2000,53.8239099418384
CHL,1999,54.4238261246833
CHL,1998,54.9486879325149
CHL,1997,55.3663024529412
CHL,1996,55.6581899040762
CHL,1995,55.8246897424621
CHL,1994,55.9070685967897
CHL,1993,55.9214375713972
CHL,1992,55.8791176467947
CHL,1991,55.8038852867552
CHL,1990,55.758930925981
CHN,2025,43.5105718441117
CHN,2024,44.2441142865473
CHN,2023,44.7297141014082
CHN,2022,44.7256128180315
CHN,2021,44.4827701882176
CHN,2020,44.0923748389161
CHN,2019,43.3873633674887
CHN,2018,42.5408726929072
CHN,2017,41.5109449386089
CHN,2016,40.4406557797685
CHN,2015,39.6093613191235
CHN,2014,38.8789249288739
CHN,2013,38.2392971679035
CHN,2012,37.7155563230657
CHN,2011,37.3648666288389
CHN,2010,37.2410832935716
CHN,2009,37.2567349884096
CHN,2008,37.4043264852973
CHN,2007,37.7081137948543
CHN,2006,38.2094413932748
CHN,2005,39.2449238610193
CHN,2004,40.6938368166364
CHN,2003,42.0909788399502
CHN,2002,43.533674132168
CHN,2001,44.9693136545846
CHN,2000,46.1167405203608
CHN,1999,47.0320057938311
CHN,1998,47.7933222416058
CHN,1997,48.6758097133644
CHN,1996,49.647067613935
CHN,1995,50.3466668288526
CHN,1994,50.8753644114418
CHN,1993,51.2375248148208
CHN,1992,51.465824931156
CHN,1991,51.7499911893015
CHN,1990,51.8441927552078
COL,2025,43.2521594151681
COL,2024,42.9603769785689
COL,2023,42.8026198463432
COL,2022,42.7752257754018
COL,2021,42.8816349346371
COL,2020,43.1205471111852
COL,2019,43.4989256841647
COL,2018,44.0866022098027
COL,2017,44.8394758378985
COL,2016,45.5697969538474
COL,2015,46.1958678527108
COL,2014,46.8044174276503
COL,2013,47.4997948976283
COL,2012,48.2742067097504
COL,2011,49.0726865317542
COL,2010,49.928044960482
COL,2009,50.8541482322295
COL,2008,51.8190453645652
COL,2007,52.7988866682066
COL,2006,53.7823960554323
COL,2005,54.7328219349991
COL,2004,55.627862918277
COL,2003,56.4598488466286
COL,2002,57.2531377173269
COL,2001,58.0417440141025
COL,2000,58.8133450075626
COL,1999,59.5845301350856
COL,1998,60.392519422659
COL,1997,61.2392739783547
COL,1996,62.0928928597323
COL,1995,62.8876585445745
COL,1994,63.5808974840773
COL,1993,64.1816097003728
COL,1992,64.7890903654239
COL,1991,65.4255987764101
COL,1990,66.0908402325226
COM,2025,70.4276685366146
COM,2024,71.2139890865842
COM,2023,72.0409311057792
COM,2022,72.9324305834843
COM,2021,73.791155104295
COM,2020,74.6281198637219
COM,2019,75.5037562781275
COM,2018,76.4719336003165
COM,2017,77.5872306569377
COM,2016,78.4223591727164
COM,2015,78.8106732808725
COM,2014,79.1440901583209
COM,2013,79.5815556369527
COM,2012,80.6829387253083
COM,2011,82.4950555634472
COM,2010,84.5596234604436
COM,2009,86.8302876318033
COM,2008,89.2220124122005
COM,2007,91.6285383255834
COM,2006,94.0210782976949
COM,2005,96.4607842162313
COM,2004,99.0430097207179
COM,2003,101.122449339767
COM,2002,102.356565908902
COM,2001,103.485384292158
COM,2000,104.881637582456
COM,1999,106.654458573697
COM,1998,108.126923758722
COM,1997,108.788167860462
COM,1996,108.886442869878
COM,1995,108.508440862957
COM,1994,107.749980609967
COM,1993,106.581013188193
COM,1992,105.026095849349
COM,1991,104.149712298564
COM,1990,104.16368178395
COD,2025,96.2079825806326
COD,2024,96.4966566644987
COD,2023,96.6825341170883
COD,2022,96.7658121576433
COD,2021,96.7262299524834
COD,2020,96.6130206079494
COD,2019,96.3517973179656
COD,2018,95.9415387412016
COD,2017,95.7976313008213
COD,2016,96.1978936055849
COD,2015,96.5278187199625
COD,2014,96.4849666899081
COD,2013,96.4548749218671
COD,2012,96.4314424412382
COD,2011,96.5143943131704
COD,2010,96.7562259064296
COD,2009,96.8001418126445
COD,2008,96.5494225889886
COD,2007,96.2053869486565
COD,2006,95.8995825040623
COD,2005,95.7457601790788
COD,2004,95.6505334279953
COD,2003,95.3973786875898
COD,2002,95.0615717200852
COD,2001,94.8270858165083
COD,2000,94.6473469294319
COD,1999,94.4445930771514
COD,1998,94.4493566297955
COD,1997,93.5010048579661
COD,1996,90.843537840876
COD,1995,88.3689994976397
COD,1994,88.7095935203807
COD,1993,90.0052038826058
COD,1992,89.9424220747208
COD,1991,89.7306288325512
COD,1990,89.5352235810677
COG,2025,75.4522244186846
COG,2024,76.7764848143794
COG,2023,77.9305853486992
COG,2022,78.9109830181274
COG,2021,79.6660972740506
COG,2020,80.2625856223405
COG,2019,80.7333447887284
COG,2018,81.0046582195242
COG,2017,81.0610405557625
COG,2016,80.9004117814953
COG,2015,80.4008710063393
COG,2014,79.5984131722154
COG,2013,78.6054716070157
COG,2012,77.4555224220299
COG,2011,76.5415853001405
COG,2010,75.9979206617281
COG,2009,76.4501262412903
COG,2008,77.0438293137991
COG,2007,77.2061445587355
COG,2006,77.9621361893274
COG,2005,78.9931160851947
COG,2004,80.0697541937361
COG,2003,81.1364892022644
COG,2002,81.6628896719978
COG,2001,81.8197778850689
COG,2000,83.7560154429168
COG,1999,86.0276568926018
COG,1998,86.8977389133058
COG,1997,86.9171182320213
COG,1996,86.7286456293139
COG,1995,87.2199066713061
COG,1994,87.6955408368681
COG,1993,88.3647029533727
COG,1992,89.1313421273095
COG,1991,89.8223168102279
COG,1990,90.5866764873066
CRI,2025,45.0548429730198
CRI,2024,44.9788533469365
CRI,2023,45.0322532261748
CRI,2022,45.1414780435559
CRI,2021,45.2697789109738
CRI,2020,45.3940117878919
CRI,2019,45.422348705756
CRI,2018,45.325680055506
CRI,2017,45.261749943012
CRI,2016,45.3393153311988
CRI,2015,45.5365509008516
CRI,2014,45.8056163276192
CRI,2013,46.1478104847582
CRI,2012,46.5299034880831
CRI,2011,46.959674215969
CRI,2010,47.5381073125237
CRI,2009,48.2066491884486
CRI,2008,48.8949385078367
CRI,2007,49.692600751428
CRI,2006,50.6380436233808
CRI,2005,51.676426660516
CRI,2004,52.8059008177147
CRI,2003,54.0472930144337
CRI,2002,55.3483163540673
CRI,2001,56.6563022284259
CRI,2000,57.9546129173559
CRI,1999,59.2661002187274
CRI,1998,60.5917656133719
CRI,1997,61.9105355010563
CRI,1996,63.1702343213536
CRI,1995,64.3202035517437
CRI,1994,65.3672547035282
CRI,1993,66.2876172924734
CRI,1992,67.040596741946
CRI,1991,67.6249344351371
CRI,1990,68.0041353804292
CIV,2025,75.774285110462
CIV,2024,76.9295481519821
CIV,2023,78.0774744464329
CIV,2022,79.1970017771129
CIV,2021,80.1393004625197
CIV,2020,80.7556512847236
CIV,2019,81.1143931066958
CIV,2018,81.3702001736161
CIV,2017,81.458213233402
CIV,2016,81.3061920795773
CIV,2015,80.9740668521161
CIV,2014,80.4412739579991
CIV,2013,80.7590729222478
CIV,2012,82.1996919688689
CIV,2011,83.9825652863118
CIV,2010,86.2473375272542
CIV,2009,89.0720069956318
CIV,2008,92.4689494267156
CIV,2007,94.4338025908473
CIV,2006,94.5536018470982
CIV,2005,94.602228953393
CIV,2004,94.5771608416815
CIV,2003,94.4757336739062
CIV,2002,94.3405928674512
CIV,2001,94.1992274296653
CIV,2000,94.0530570943928
CIV,1999,93.9889997358783
CIV,1998,94.2918091592364
CIV,1997,94.967991058807
CIV,1996,95.7616841706005
CIV,1995,96.6207011289742
CIV,1994,97.5252796173148
CIV,1993,98.4196002732468
CIV,1992,99.2863301393416
CIV,1991,100.146466299338
CIV,1990,100.904763639234
HRV,2025,59.5201801546723
HRV,2024,59.0102882477899
HRV,2023,58.6141257780841
HRV,2022,58.1918903516528
HRV,2021,57.4325023610932
HRV,2020,56.5384976854398
HRV,2019,55.5626368276391
HRV,2018,54.404174761829
HRV,2017,53.1539680921575
HRV,2016,52.0598913960268
HRV,2015,51.1801168956063
HRV,2014,50.4049904010098
HRV,2013,49.8940738721452
HRV,2012,49.6036022559398
HRV,2011,49.4544483296179
HRV,2010,49.6358410318168
HRV,2009,49.9484171267678
HRV,2008,50.0790145227927
HRV,2007,50.0158187371114
HRV,2006,49.9783963931369
HRV,2005,49.9613975378622
HRV,2004,49.8467800131376
HRV,2003,49.7926488319833
HRV,2002,49.6449467654937
HRV,2001,49.3565496736982
HRV,2000,48.8829535208705
HRV,1999,48.3144283747915
HRV,1998,47.7986580464221
HRV,1997,47.2987817672398
HRV,1996,46.8476126734171
HRV,1995,46.458624914606
HRV,1994,46.2105206915734
HRV,1993,46.0637402460672
HRV,1992,45.9438840031678
HRV,1991,45.8212865737134
HRV,1990,45.7685810913893
CUB,2025,47.1860360899868
CUB,2024,46.7631927747239
CUB,2023,46.4332711231648
CUB,2022,46.0981840600074
CUB,2021,46.0078314263682
CUB,2020,45.9321906866978
CUB,2019,45.6054628733426
CUB,2018,45.2552043623452
CUB,2017,44.9911054965453
CUB,2016,44.8534738389399
CUB,2015,44.716554207685
CUB,2014,44.5555609209574
CUB,2013,44.3518909268806
CUB,2012,44.0660621244899
CUB,2011,43.7983494498696
CUB,2010,43.5965404871149
CUB,2009,43.4349352983712
CUB,2008,43.342913002144
CUB,2007,43.3747522726389
CUB,2006,43.5772856992642
CUB,2005,43.89879079599
CUB,2004,44.2527037538089
CUB,2003,44.5969367497412
CUB,2002,44.8277117574003
CUB,2001,44.9548530294347
CUB,2000,45.0955722317828
CUB,1999,45.2448134957334
CUB,1998,45.3488021351225
CUB,1997,45.3724798912092
CUB,1996,45.1857758875303
CUB,1995,44.8495205871746
CUB,1994,44.5644483162511
CUB,1993,44.4854965803905
CUB,1992,44.6222033906259
CUB,1991,44.8755546393704
CUB,1990,45.2494062244482
CUW,2025,46.8526802496053
CUW,2024,46.4341376396582
CUW,2023,46.0377714825307
CUW,2022,45.7354688465377
CUW,2021,45.523636673
CUW,2020,45.4475720072218
CUW,2019,44.1608980698092
CUW,2018,45.8475592453935
CUW,2017,49.2174690713966
CUW,2016,48.9472456737721
CUW,2015,48.550043254222
CUW,2014,48.1259797634317
CUW,2013,47.7622693345885
CUW,2012,47.4854538401862
CUW,2011,47.651584862071
CUW,2010,48.0191515199777
CUW,2009,48.3206561815004
CUW,2008,48.8328436173686
CUW,2007,49.474448767834
CUW,2006,50.2526568866289
CUW,2005,51.190018561434
CUW,2004,52.2936196291168
CUW,2003,53.4846104613952
CUW,2002,54.6716944993117
CUW,2001,55.3591851967783
CUW,2000,55.4649663774781
CUW,1999,55.4814608307778
CUW,1998,55.4532151157786
CUW,1997,55.331473025537
CUW,1996,55.098536006191
CUW,1995,54.7819131918524
CUW,1994,54.4054062710182
CUW,1993,54.0059980575685
CUW,1992,53.5880469583778
CUW,1991,53.2111065134587
CUW,1990,52.9737293396038
CYP,2025,44.9554692176076
CYP,2024,44.2758859500322
CYP,2023,43.6311017609808
CYP,2022,43.0844758452367
CYP,2021,42.5332066668686
CYP,2020,41.9656883212308
CYP,2019,41.4645489568307
CYP,2018,41.0263211340384
CYP,2017,40.6130010482004
CYP,2016,40.2003427063831
CYP,2015,39.821643139521
CYP,2014,39.5330557690566
CYP,2013,39.3425836453323
CYP,2012,39.2271879595769
CYP,2011,39.2263750889524
CYP,2010,39.4796855753486
CYP,2009,39.9857916008929
CYP,2008,40.6615706533581
CYP,2007,41.4812391931976
CYP,2006,42.4094390563105
CYP,2005,43.3855082732175
CYP,2004,44.323545634102
CYP,2003,45.1491583704099
CYP,2002,45.8164578213726
CYP,2001,46.5566015508024
CYP,2000,47.5479465278275
CYP,1999,48.6304234020276
CYP,1998,49.7006958392057
CYP,1997,50.7174269685373
CYP,1996,51.621209641999
CYP,1995,52.3155586472829
CYP,1994,52.6728278021086
CYP,1993,52.5612990447766
CYP,1992,52.3930688451586
CYP,1991,52.5293195646405
CYP,1990,52.7184567580761
CZE,2025,56.9015469681577
CZE,2024,56.8447265644664
CZE,2023,56.7878159701296
CZE,2022,57.3960588293767
CZE,2021,57.7438182636634
CZE,2020,56.9779595499788
CZE,2019,55.9088220310965
CZE,2018,54.5796531953634
CZE,2017,53.1389365450804
CZE,2016,51.6066775434751
CZE,2015,50.0836370757165
CZE,2014,48.5926586211395
CZE,2013,47.0766511876963
CZE,2012,45.474711089563
CZE,2011,43.8657197049133
CZE,2010,42.5753401685329
CZE,2009,41.5983684904551
CZE,2008,40.8263492689023
CZE,2007,40.3686281575802
CZE,2006,40.2500196562795
CZE,2005,40.3846714345027
CZE,2004,40.7022236719591
CZE,2003,41.232284481833
CZE,2002,41.8905086615567
CZE,2001,42.5829572656062
CZE,2000,43.3124778062693
CZE,1999,44.0307387375375
CZE,1998,44.7037588159405
CZE,1997,45.3500084988613
CZE,1996,46.0014929593971
CZE,1995,46.6961642740877
CZE,1994,47.555428311955
CZE,1993,48.5043761960124
CZE,1992,49.4534780722107
CZE,1991,50.4222691856071
CZE,1990,51.4682000296388
DNK,2025,57.9303428245687
DNK,2024,57.6353557296981
DNK,2023,57.3988511670291
DNK,2022,57.3242885538036
DNK,2021,57.2872684694072
DNK,2020,57.0037647599834
DNK,2019,56.5999643406769
DNK,2018,56.2314625278458
DNK,2017,55.8898162089196
DNK,2016,55.5631659221664
DNK,2015,55.326865164618
DNK,2014,55.0994237645787
DNK,2013,54.7576779617712
DNK,2012,54.2369295459648
DNK,2011,53.5176310780321
DNK,2010,52.7875119113848
DNK,2009,52.189026376222
DNK,2008,51.7491441768809
DNK,2007,51.4818852036146
DNK,2006,51.3208674034087
DNK,2005,51.1905549022808
DNK,2004,51.048390905887
DNK,2003,50.8398000060441
DNK,2002,50.5748864931784
DNK,2001,50.2895412885204
DNK,2000,49.9644440749674
DNK,1999,49.6185313604979
DNK,1998,49.2777047305345
DNK,1997,48.9521613319531
DNK,1996,48.6550342864858
DNK,1995,48.4245234403561
DNK,1994,48.274608927211
DNK,1993,48.2269483285349
DNK,1992,48.2224042585025
DNK,1991,48.242092847547
DNK,1990,48.4724999155248
DJI,2025,51.0008263703976
DJI,2024,51.563000494091
DJI,2023,52.2310906894298
DJI,2022,53.023749670293
DJI,2021,53.9382872833362
DJI,2020,54.9994600484975
DJI,2019,56.2039889293652
DJI,2018,57.5386578051215
DJI,2017,58.9599887882409
DJI,2016,60.3724419537361
DJI,2015,61.7007586503093
DJI,2014,62.8930725656184
DJI,2013,63.9477004930963
DJI,2012,64.8942575513873
DJI,2011,65.8080484965442
DJI,2010,66.752888707243
DJI,2009,67.7333936898045
DJI,2008,68.8279146116373
DJI,2007,69.9511831099779
DJI,2006,71.0492862311164
DJI,2005,71.8041372194151
DJI,2004,71.9798235077369
DJI,2003,71.8701804645346
DJI,2002,72.2140927510131
DJI,2001,73.3388917105269
DJI,2000,74.615984933805
DJI,1999,76.0034509575192
DJI,1998,77.912324975578
DJI,1997,80.5869608459806
DJI,1996,82.8781690379213
DJI,1995,84.0304646734786
DJI,1994,84.898023006411
DJI,1993,85.6869490562159
DJI,1992,86.4404205259553
DJI,1991,87.1010969463386
DJI,1990,87.7490062427716
DMA,2025,44.5300157977883
DMA,2024,44.5713412237411
DMA,2023,44.6215399334624
DMA,2022,44.6710398129506
DMA,2021,44.7922950960958
DMA,2020,44.993991932023
DMA,2019,45.2600042799058
DMA,2018,45.5869477011126
DMA,2017,46.0198686791166
DMA,2016,45.5958332461773
DMA,2015,45.6066339930103
DMA,2014,46.6266616660416
DMA,2013,48.3929331630481
DMA,2012,50.217334608363
DMA,2011,51.5350347824179
DMA,2010,52.9214506207111
DMA,2009,53.8241601143674
DMA,2008,54.9718658564033
DMA,2007,56.3083210353048
DMA,2006,57.7070297279333
DMA,2005,59.0917507638182
DMA,2004,60.478761951516
DMA,2003,61.9237766698958
DMA,2002,63.4909247435254
DMA,2001,65.0385479855959
DMA,2000,66.2226751097848
DMA,1999,67.091248756581
DMA,1998,67.9397473275024
DMA,1997,68.787295710841
DMA,1996,69.6136646873396
DMA,1995,70.3740036787247
DMA,1994,71.142477091339
DMA,1993,71.9447264802754
DMA,1992,72.7811978167136
DMA,1991,73.3136583047795
DMA,1990,72.7631383057913
DOM,2025,52.4086962411681
DOM,2024,52.5742155868587
DOM,2023,52.6597760530361
DOM,2022,52.6230488664845
DOM,2021,52.5919772127359
DOM,2020,52.6544058344344
DOM,2019,52.7342819533255
DOM,2018,52.8255002735594
DOM,2017,53.0040997727066
DOM,2016,53.2984780323269
DOM,2015,53.6903366896845
DOM,2014,54.1088178150535
DOM,2013,54.4757716527618
DOM,2012,54.8655715590451
DOM,2011,55.4060101572464
DOM,2010,56.084798628767
DOM,2009,56.8703034237245
DOM,2008,57.7854075300831
DOM,2007,58.8311712744378
DOM,2006,59.9702260158107
DOM,2005,61.125168394848
DOM,2004,62.2330984712135
DOM,2003,63.2296000260277
DOM,2002,64.0795783274672
DOM,2001,64.8376581336333
DOM,2000,65.5791166635547
DOM,1999,66.4178538376345
DOM,1998,67.3937267350984
DOM,1997,68.3608597485445
DOM,1996,69.2239485879422
DOM,1995,70.0502684375092
DOM,1994,70.8771984037293
DOM,1993,71.677591432229
DOM,1992,72.473283627197
DOM,1991,73.2956680670663
DOM,1990,74.1469711769222
ECU,2025,48.1380745343627
ECU,2024,48.8091845545471
ECU,2023,49.4714073657307
ECU,2022,50.0761078196638
ECU,2021,50.70912096615
ECU,2020,51.4133224072679
ECU,2019,52.1307937287794
ECU,2018,52.8957612402445
ECU,2017,53.74041651825
ECU,2016,54.6259320805851
ECU,2015,55.4920102822515
ECU,2014,56.2912618898864
ECU,2013,57.0580201827907
ECU,2012,57.7889537361529
ECU,2011,58.4860330435279
ECU,2010,59.1736758555771
ECU,2009,59.8443555770608
ECU,2008,60.5461378972526
ECU,2007,61.3572216524124
ECU,2006,62.2389599111299
ECU,2005,63.1110273929274
ECU,2004,63.9446288913912
ECU,2003,64.7316316792424
ECU,2002,65.4745237834949
ECU,2001,66.2009487458404
ECU,2000,66.9348710719178
ECU,1999,67.6845740686334
ECU,1998,68.4144194449955
ECU,1997,69.0707977721844
ECU,1996,69.6695473692633
ECU,1995,70.264784543051
ECU,1994,70.8770579606031
ECU,1993,71.4942743628815
ECU,1992,72.1490260622359
ECU,1991,72.8439524206661
ECU,1990,73.6272467684249
EGY,2025,58.2966196543545
EGY,2024,59.0101954565221
EGY,2023,59.7566710357047
EGY,2022,60.4614725337186
EGY,2021,61.1155654480444
EGY,2020,61.7215527133255
EGY,2019,62.1682059377755
EGY,2018,62.4836024422364
EGY,2017,62.5250399173232
EGY,2016,62.3353502105713
EGY,2015,61.9778656218534
EGY,2014,61.5419614141439
EGY,2013,61.261463210988
EGY,2012,61.0406937301322
EGY,2011,60.9062133572649
EGY,2010,60.8163918784867
EGY,2009,60.7595365780542
EGY,2008,60.9075568307342
EGY,2007,61.265715476536
EGY,2006,61.8838704393503
EGY,2005,62.7803568410348
EGY,2004,63.9117037732315
EGY,2003,65.2038092373218
EGY,2002,66.5601461970724
EGY,2001,67.9402422543577
EGY,2000,69.3934549848784
EGY,1999,70.8695500519028
EGY,1998,72.3313108313012
EGY,1997,73.7084755472382
EGY,1996,74.9536677717633
EGY,1995,76.1905895439825
EGY,1994,77.3905241296368
EGY,1993,78.4736983567634
EGY,1992,79.489401334525
EGY,1991,80.3134141604295
EGY,1990,81.2411248003672
SLV,2025,48.5738966604908
SLV,2024,49.152974332256
SLV,2023,49.7246065816785
SLV,2022,50.3277720476879
SLV,2021,50.9622853822343
SLV,2020,51.6140634244598
SLV,2019,52.2097784509694
SLV,2018,52.7722014739782
SLV,2017,53.4928042678851
SLV,2016,54.4248715450653
SLV,2015,55.5409330027161
SLV,2014,56.8238054281832
SLV,2013,58.2846485906134
SLV,2012,59.8614006151838
SLV,2011,61.4982214351668
SLV,2010,63.1923118813812
SLV,2009,64.9368275717632
SLV,2008,66.6695784260743
SLV,2007,68.2795280419026
SLV,2006,69.2440953096605
SLV,2005,69.6710957720224
SLV,2004,70.1186249131299
SLV,2003,70.5706323079928
SLV,2002,71.002188288813
SLV,2001,71.3670085645315
SLV,2000,71.7087215898503
SLV,1999,72.1555644245019
SLV,1998,72.8061818784476
SLV,1997,73.7047068309664
SLV,1996,74.8476370528616
SLV,1995,76.1878494934027
SLV,1994,77.6646299223566
SLV,1993,79.2081787941288
SLV,1992,80.1137704778476
SLV,1991,80.249491979092
SLV,1990,80.3355480107646
GNQ,2025,69.0634675597652
GNQ,2024,69.4149705171208
GNQ,2023,69.80165670554
GNQ,2022,70.2001204157552
GNQ,2021,70.5208353532024
GNQ,2020,70.5844003545916
GNQ,2019,70.7256912891081
GNQ,2018,71.0879666380889
GNQ,2017,71.2419346530161
GNQ,2016,71.2514690269506
GNQ,2015,71.204856163819
GNQ,2014,71.1300002078262
GNQ,2013,71.096275000985
GNQ,2012,71.1554976281368
GNQ,2011,71.2568780770345
GNQ,2010,71.5821659653801
GNQ,2009,72.1762767984791
GNQ,2008,72.8645955367261
GNQ,2007,73.6605144898264
GNQ,2006,74.6128551656044
GNQ,2005,75.7861845279182
GNQ,2004,77.3539503323722
GNQ,2003,79.3475593762427
GNQ,2002,81.5060812363095
GNQ,2001,83.5995289036236
GNQ,2000,85.3956872462698
GNQ,1999,86.5565767362791
GNQ,1998,87.0371990226436
GNQ,1997,87.2184033626197
GNQ,1996,87.2379894754111
GNQ,1995,87.0666055406379
GNQ,1994,86.6744710812507
GNQ,1993,86.047401416707
GNQ,1992,85.2515441557829
GNQ,1991,84.364746422953
GNQ,1990,83.4155132474021
ERI,2025,71.9650482641175
ERI,2024,73.4301367632134
ERI,2023,74.912024628064
ERI,2022,76.4200369145176
ERI,2021,78.172033517913
ERI,2020,80.1598040793448
ERI,2019,82.0125109257141
ERI,2018,83.6220149105659
ERI,2017,84.8897767834611
ERI,2016,85.3313689275127
ERI,2015,85.3152311289173
ERI,2014,84.7708939128109
ERI,2013,84.4605670208247
ERI,2012,84.8055973741315
ERI,2011,85.2840418261429
ERI,2010,85.9804786438991
ERI,2009,86.3463548724302
ERI,2008,87.1552384091525
ERI,2007,87.949074924155
ERI,2006,87.1369487043709
ERI,2005,86.2826983249218
ERI,2004,86.3490902310103
ERI,2003,88.6024198616509
ERI,2002,91.1911410457689
ERI,2001,92.986048219823
ERI,2000,93.8157525887016
ERI,1999,92.5018595283975
ERI,1998,90.5376060317158
ERI,1997,87.8935848667846
ERI,1996,84.8502717870378
ERI,1995,86.6164296718931
ERI,1994,89.8591468259676
ERI,1993,90.1836454889938
ERI,1992,90.7509467296865
ERI,1991,90.0855179898717
ERI,1990,89.6650434662529
EST,2025,58.8699045019195
EST,2024,58.5663479181206
EST,2023,58.4343478723355
EST,2022,58.3861937450535
EST,2021,58.2662361985623
EST,2020,57.8244931778738
EST,2019,57.0635499327664
EST,2018,56.3461436115168
EST,2017,55.6249645604551
EST,2016,54.6487232979755
EST,2015,53.6171783124623
EST,2014,52.5479096603793
EST,2013,51.3710712915726
EST,2012,50.2723815864367
EST,2011,49.2637674640879
EST,2010,48.5361413122296
EST,2009,48.0785512099696
EST,2008,47.7747962016587
EST,2007,47.5473865973765
EST,2006,47.1420674043386
EST,2005,46.9051008933964
EST,2004,47.056334851152
EST,2003,47.3627853923005
EST,2002,47.6967192664794
EST,2001,48.0163401619941
EST,2000,48.421687860633
EST,1999,49.6332476232401
EST,1998,51.0915854885457
EST,1997,51.6917077273584
EST,1996,51.9303709841179
EST,1995,52.0036904936988
EST,1994,51.9381407312908
EST,1993,51.8091067500495
EST,1992,51.572983052121
EST,1991,51.364038251239
EST,1990,51.2280495479563
SWZ,2025,59.5959583126349
SWZ,2024,60.2929796322665
SWZ,2023,60.8127499411903
SWZ,2022,61.200849569132
SWZ,2021,61.8328842416431
SWZ,2020,62.7630147884624
SWZ,2019,63.7013214049848
SWZ,2018,64.5911509558562
SWZ,2017,65.4408298646128
SWZ,2016,66.2545161075709
SWZ,2015,67.1629718043683
SWZ,2014,68.1569900715811
SWZ,2013,69.0473127223441
SWZ,2012,69.8229787619846
SWZ,2011,70.6572053201754
SWZ,2010,71.6908221513826
SWZ,2009,72.9558045635231
SWZ,2008,74.4402647205533
SWZ,2007,75.891507996278
SWZ,2006,76.8701325178389
SWZ,2005,77.5516147981893
SWZ,2004,78.4074397943882
SWZ,2003,79.5155256297847
SWZ,2002,80.9567079898747
SWZ,2001,82.8226728056092
SWZ,2000,85.1389501230213
SWZ,1999,87.9490260503941
SWZ,1998,91.1338092060374
SWZ,1997,94.3466458670394
SWZ,1996,97.1182262085886
SWZ,1995,99.4112799985205
SWZ,1994,97.6277635903019
SWZ,1993,95.0093156229421
SWZ,1992,96.1325047972075
SWZ,1991,98.2928096697845
SWZ,1990,100.585366750893
ETH,2025,72.6383993060212
ETH,2024,73.2798951679715
ETH,2023,74.0248657156642
ETH,2022,74.9175852176508
ETH,2021,75.927506543307
ETH,2020,77.0532101922889
ETH,2019,78.2497670217938
ETH,2018,79.5179195732953
ETH,2017,80.9854260551296
ETH,2016,82.662242576724
ETH,2015,84.4571795095968
ETH,2014,86.3346598583257
ETH,2013,88.2761548188989
ETH,2012,90.2361319500354
ETH,2011,92.165961714092
ETH,2010,93.9987555506378
ETH,2009,95.6889158629572
ETH,2008,97.173034670864
ETH,2007,98.4515480078218
ETH,2006,99.5005779580924
ETH,2005,100.274720261847
ETH,2004,100.865326232135
ETH,2003,101.340739685498
ETH,2002,101.674390682263
ETH,2001,101.754115332976
ETH,2000,101.46430009787
ETH,1999,100.869433256194
ETH,1998,100.047919167455
ETH,1997,99.0924680813357
ETH,1996,98.243007722384
ETH,1995,97.6212396687544
ETH,1994,97.0730362422405
ETH,1993,96.4787220417645
ETH,1992,95.8926378892905
ETH,1991,95.8232624599868
ETH,1990,95.886756053368
FRO,2025,60.3903123082766
FRO,2024,60.5217544581216
FRO,2023,60.9866532508656
FRO,2022,61.8854551461093
FRO,2021,62.4973319103522
FRO,2020,62.4358736633908
FRO,2019,62.2392080696698
FRO,2018,62.1990394707547
FRO,2017,61.9670120396372
FRO,2016,61.4749281796814
FRO,2015,61.1827141774071
FRO,2014,60.5297179036696
FRO,2013,59.3769614482508
FRO,2012,58.5741494811507
FRO,2011,57.9886086248983
FRO,2010,57.6055973050013
FRO,2009,57.2888459058672
FRO,2008,56.7296206618241
FRO,2007,56.2647372331148
FRO,2006,56.3025481826413
FRO,2005,56.7806775814557
FRO,2004,57.5564166856622
FRO,2003,58.3091628213579
FRO,2002,58.7018473195427
FRO,2001,59.0606773764453
FRO,2000,59.4771697455559
FRO,1999,59.7466473231662
FRO,1998,59.8261242889342
FRO,1997,59.7943370265769
FRO,1996,59.9046046596955
FRO,1995,60.146151586369
FRO,1994,60.0823782234957
FRO,1993,59.5037067545305
FRO,1992,58.6352657004831
FRO,1991,57.7203071502177
FRO,1990,56.8621652702481
FJI,2025,50.293047549562
FJI,2024,50.5576304595912
FJI,2023,50.894119644834
FJI,2022,51.3123918957394
FJI,2021,51.7722535409475
FJI,2020,52.1893676158223
FJI,2019,52.5393519946514
FJI,2018,52.8676645838299
FJI,2017,53.1396835397675
FJI,2016,53.3338671524421
FJI,2015,53.4676358994836
FJI,2014,53.5588891901209
FJI,2013,53.6496252452254
FJI,2012,53.8222798336889
FJI,2011,54.1089173253932
FJI,2010,54.4462596251228
FJI,2009,54.7813417544865
FJI,2008,55.130171082976
FJI,2007,55.5506275164762
FJI,2006,56.0576370290394
FJI,2005,56.6351400767573
FJI,2004,57.2778929986671
FJI,2003,57.9845204400222
FJI,2002,58.7742866659265
FJI,2001,59.654981255109
FJI,2000,60.6572567240714
FJI,1999,61.8509301542766
FJI,1998,63.1878731106313
FJI,1997,64.5354997518208
FJI,1996,65.8278197613846
FJI,1995,67.0514887805531
FJI,1994,68.207850258416
FJI,1993,69.2498442127444
FJI,1992,70.1179253457179
FJI,1991,70.8086318326213
FJI,1990,71.2869401117229
FIN,2025,62.6862889328563
FIN,2024,62.6820794456911
FIN,2023,62.6357187918865
FIN,2022,62.4687883703107
FIN,2021,62.1515551986665
FIN,2020,61.6841512459481
FIN,2019,61.1278822777906
FIN,2018,60.4741377554613
FIN,2017,59.6034639676146
FIN,2016,58.6591199711513
FIN,2015,57.64433315055
FIN,2014,56.4163038011806
FIN,2013,55.0282238847832
FIN,2012,53.5920998654714
FIN,2011,52.2256939932084
FIN,2010,51.0950644767067
FIN,2009,50.4784055834231
FIN,2008,50.2258307390482
FIN,2007,50.2936977326023
FIN,2006,50.1492292199594
FIN,2005,49.9152277192356
FIN,2004,49.8539345101504
FIN,2003,49.6410547584895
FIN,2002,49.5099655620396
FIN,2001,49.4306063249834
FIN,2000,49.4102487943894
FIN,1999,49.4884000099553
FIN,1998,49.7408191277808
FIN,1997,49.9787571906034
FIN,1996,49.9917461079387
FIN,1995,49.8031333833284
FIN,1994,49.4863944848771
FIN,1993,49.1799653612657
FIN,1992,48.9515472432989
FIN,1991,48.7791112079152
FIN,1990,48.5924865068467
FRA,2025,63.3100081428841
FRA,2024,63.003655783096
FRA,2023,62.6913599952639
FRA,2022,62.3607626590078
FRA,2021,62.0639435685389
FRA,2020,61.777215608517
FRA,2019,61.339333625721
FRA,2018,60.8249786780729
FRA,2017,60.2613491660523
FRA,2016,59.6623497311224
FRA,2015,58.9738911271226
FRA,2014,58.0626367615727
FRA,2013,57.1679224697779
FRA,2012,56.2934642722207
FRA,2011,55.2764053631323
FRA,2010,54.591548563142
FRA,2009,54.2446958152522
FRA,2008,53.8644415960553
FRA,2007,53.6180524618417
FRA,2006,53.6094922053175
FRA,2005,53.7054007961336
FRA,2004,53.7305396887409
FRA,2003,53.7782755676556
FRA,2002,53.8550812022264
FRA,2001,53.8263544157586
FRA,2000,53.6919719635663
FRA,1999,53.4589773611305
FRA,1998,53.2192971135075
FRA,1997,53.0784137746732
FRA,1996,53.0229185189154
FRA,1995,52.9621580256401
FRA,1994,52.8489827950778
FRA,1993,52.6875792751951
FRA,1992,52.4882157469949
FRA,1991,52.1717519577992
FRA,1990,51.7927794111704
PYF,2025,43.680821193131
PYF,2024,43.7306825252721
PYF,2023,43.7995222335327
PYF,2022,43.8573627501283
PYF,2021,43.9054246580979
PYF,2020,43.9125213258905
PYF,2019,44.1090343805358
PYF,2018,44.6934596450585
PYF,2017,45.1927612787509
PYF,2016,45.5128271951131
PYF,2015,45.9045488676402
PYF,2014,46.25508001016
PYF,2013,46.5489558050836
PYF,2012,46.7909436883184
PYF,2011,47.0187854391205
PYF,2010,47.3378129662503
PYF,2009,47.7863390825084
PYF,2008,48.3945702358243
PYF,2007,49.1379889393905
PYF,2006,49.9547098869171
PYF,2005,50.8402066949157
PYF,2004,51.7783886154632
PYF,2003,52.7841361011773
PYF,2002,54.0065636537673
PYF,2001,55.4682275312566
PYF,2000,56.9722026282102
PYF,1999,58.3941996773135
PYF,1998,59.7277185281712
PYF,1997,60.965140295907
PYF,1996,62.1243277443847
PYF,1995,63.1780781663238
PYF,1994,64.1006789451967
PYF,1993,64.8644507939913
PYF,1992,65.4803435383195
PYF,1991,65.9800898036145
PYF,1990,66.4048081791308
GAB,2025,67.7091100997473
GAB,2024,68.2569535704085
GAB,2023,68.6454953915487
GAB,2022,68.8765794313179
GAB,2021,68.9693587373809
GAB,2020,68.9505821693099
GAB,2019,68.8283668428129
GAB,2018,68.6293819615364
GAB,2017,68.4228116122644
GAB,2016,68.2944242565074
GAB,2015,68.3469004124975
GAB,2014,68.6350137744804
GAB,2013,69.1388947339571
GAB,2012,69.7604091409621
GAB,2011,70.4144778932692
GAB,2010,71.1485873277447
GAB,2009,72.0433391973509
GAB,2008,73.1311786396409
GAB,2007,74.3809913327021
GAB,2006,75.7292649680193
GAB,2005,77.1346094492287
GAB,2004,78.569867404925
GAB,2003,80.0226859545031
GAB,2002,81.4802172687068
GAB,2001,82.9172870579625
GAB,2000,84.3202931618213
GAB,1999,85.6991115539813
GAB,1998,87.0518733945861
GAB,1997,88.3512713370841
GAB,1996,89.5756161538702
GAB,1995,90.6567152525168
GAB,1994,91.503803066244
GAB,1993,92.1114688063528
GAB,1992,92.521836186422
GAB,1991,92.7596287517187
GAB,1990,92.8209651495551
GMB,2025,75.1565774961628
GMB,2024,76.4484982313518
GMB,2023,77.6473477794781
GMB,2022,78.8082209990315
GMB,2021,80.002725185959
GMB,2020,81.1932945603832
GMB,2019,82.281039268218
GMB,2018,83.2704899189591
GMB,2017,84.1843109963001
GMB,2016,85.0043055925719
GMB,2015,85.7554289646096
GMB,2014,86.4831870148444
GMB,2013,87.1721872628454
GMB,2012,87.777816583612
GMB,2011,88.4239620831473
GMB,2010,89.2340784976231
GMB,2009,90.2178321276723
GMB,2008,91.3004861827289
GMB,2007,92.4071184490394
GMB,2006,93.5215062255457
GMB,2005,94.6519231218328
GMB,2004,95.7668878330325
GMB,2003,96.8234739300543
GMB,2002,97.8038821695841
GMB,2001,98.6774416895576
GMB,2000,99.425741841491
GMB,1999,100.021050698276
GMB,1998,100.408242867393
GMB,1997,100.558434944127
GMB,1996,100.468897059843
GMB,1995,100.114119114398
GMB,1994,99.5680886459026
GMB,1993,99.1887388912541
GMB,1992,99.0464524312162
GMB,1991,98.9273797574804
GMB,1990,98.7963229985995
GEO,2025,57.4292946222073
GEO,2024,57.3228955356421
GEO,2023,57.1296262620538
GEO,2022,56.9467002951653
GEO,2021,56.6470045343285
GEO,2020,55.9766272791797
GEO,2019,55.0571018914481
GEO,2018,53.9980916306557
GEO,2017,52.905572681768
GEO,2016,51.7515422454964
GEO,2015,50.5208240737897
GEO,2014,49.325960072298
GEO,2013,48.3975588463877
GEO,2012,47.8575206844895
GEO,2011,47.6237559950389
GEO,2010,47.7221569874268
GEO,2009,48.1706968890291
GEO,2008,48.9161113273738
GEO,2007,49.7798016624101
GEO,2006,50.5376973981808
GEO,2005,51.1318422314324
GEO,2004,51.6511823672057
GEO,2003,51.8912336913573
GEO,2002,52.0905345263517
GEO,2001,52.6532541516572
GEO,2000,53.3929528793645
GEO,1999,54.1958853817776
GEO,1998,54.8723808578403
GEO,1997,55.3042274299171
GEO,1996,55.5255432851883
GEO,1995,55.5163346972709
GEO,1994,55.2550737209234
GEO,1993,54.7118908048005
GEO,1992,53.9970505622859
GEO,1991,53.2630556772206
GEO,1990,52.5260655302916
DEU,2025,60.2284213984744
DEU,2024,58.9970399490838
DEU,2023,57.9918953896649
DEU,2022,57.1621227360374
DEU,2021,56.2311272070142
DEU,2020,55.295066596629
DEU,2019,54.5379868593646
DEU,2018,53.8754552465607
DEU,2017,53.258253101446
DEU,2016,52.5820458594372
DEU,2015,52.1224069865761
DEU,2014,51.8321732192251
DEU,2013,51.6197490623175
DEU,2012,51.5805062735217
DEU,2011,51.7462351755806
DEU,2010,52.117530215009
DEU,2009,52.1578637771433
DEU,2008,51.8149987679722
DEU,2007,51.4612503536768
DEU,2006,50.8443822110813
DEU,2005,50.0417234262092
DEU,2004,49.2978926675002
DEU,2003,48.658252887585
DEU,2002,48.208752521652
DEU,2001,47.7886305160811
DEU,2000,47.3064908238215
DEU,1999,46.8135325768876
DEU,1998,46.5512577287444
DEU,1997,46.4728155269079
DEU,1996,46.3993024862644
DEU,1995,46.3029082659604
DEU,1994,46.0852432578517
DEU,1993,45.7542790612997
DEU,1992,45.4946502546562
DEU,1991,45.2646079952826
DEU,1990,44.8311985023753
GHA,2025,64.5206917510292
GHA,2024,65.3615857268255
GHA,2023,66.1425812587668
GHA,2022,66.9188069536881
GHA,2021,67.736408434496
GHA,2020,68.6146228058037
GHA,2019,69.4561926050096
GHA,2018,70.2220127738796
GHA,2017,71.0007408539075
GHA,2016,71.7313257725725
GHA,2015,72.3116450715179
GHA,2014,72.7330535019516
GHA,2013,73.0364754591143
GHA,2012,73.2901734874387
GHA,2011,73.5486144622864
GHA,2010,73.8764202924428
GHA,2009,74.3978797285801
GHA,2008,75.1307760332468
GHA,2007,75.9729700620989
GHA,2006,76.842523684012
GHA,2005,77.7192578163005
GHA,2004,78.6772717883956
GHA,2003,79.7165271538413
GHA,2002,80.8269838475642
GHA,2001,82.0317898789696
GHA,2000,83.1799875094507
GHA,1999,84.2689579944621
GHA,1998,85.5145462560987
GHA,1997,86.8456047745877
GHA,1996,87.8801646872639
GHA,1995,88.6102671349091
GHA,1994,89.5214427960128
GHA,1993,90.5351804870698
GHA,1992,91.2775588108421
GHA,1991,91.648074420294
GHA,1990,91.8552673984128
GIB,2025,54.8510342698364
GIB,2024,54.4715447154472
GIB,2023,54.4709897610921
GIB,2022,54.6890424481737
GIB,2021,54.7875020997816
GIB,2020,55.0027852765994
GIB,2019,55.300809450886
GIB,2018,55.51490273068
GIB,2017,55.5646406832016
GIB,2016,55.4354853606724
GIB,2015,54.9915950691072
GIB,2014,54.2254183117127
GIB,2013,53.42044217204
GIB,2012,52.7347289113538
GIB,2011,52.1724502547342
GIB,2010,51.2487899322362
GIB,2009,50.5323305333073
GIB,2008,50.8107304011504
GIB,2007,51.5454545454545
GIB,2006,52.4128341144358
GIB,2005,52.7178466694596
GIB,2004,52.4042033754379
GIB,2003,51.9997849693581
GIB,2002,51.5326400609789
GIB,2001,51.7003071522598
GIB,2000,52.2137991650187
GIB,1999,52.2709776751347
GIB,1998,52.0957095709571
GIB,1997,51.8080246573835
GIB,1996,51.5967128123104
GIB,1995,51.3544891640867
GIB,1994,50.7665910223059
GIB,1993,49.9612231331708
GIB,1992,49.222740395292
GIB,1991,49.2177965161433
GIB,1990,50.1269455789822
GRC,2025,59.3658946559129
GRC,2024,59.1322060504029
GRC,2023,58.9062451092587
GRC,2022,58.922948792906
GRC,2021,58.3823620857966
GRC,2020,57.6385194008422
GRC,2019,57.2897286477691
GRC,2018,56.9000604480465
GRC,2017,56.436632254429
GRC,2016,55.851580185391
GRC,2015,55.1924638263983
GRC,2014,54.5221040368717
GRC,2013,53.7320344476507
GRC,2012,52.8110001674071
GRC,2011,51.8715656781089
GRC,2010,51.0371347687828
GRC,2009,50.4142717154432
GRC,2008,50.0289146353289
GRC,2007,49.9217313970267
GRC,2006,49.9652587360059
GRC,2005,49.9778663729531
GRC,2004,49.9237390044235
GRC,2003,49.81394017461
GRC,2002,49.6012356692461
GRC,2001,49.2575277803581
GRC,2000,48.9160603436348
GRC,1999,48.6671865513342
GRC,1998,48.5745214831745
GRC,1997,48.6208332880275
GRC,1996,48.752281488538
GRC,1995,48.9292463784505
GRC,1994,49.089051055969
GRC,1993,49.1711277189317
GRC,1992,49.2335519371762
GRC,1991,49.2637714882774
GRC,1990,49.3490579993526
GRL,2025,47.6475020134577
GRL,2024,46.2244976716664
GRL,2023,44.7646444846109
GRL,2022,43.6394057699133
GRL,2021,42.9151635932494
GRL,2020,42.2834208400646
GRL,2019,41.6639371110383
GRL,2018,41.1326078194277
GRL,2017,40.8031282899684
GRL,2016,40.6031031031031
GRL,2015,40.5027793079273
GRL,2014,40.4811219524368
GRL,2013,40.571414350066
GRL,2012,40.7756164044109
GRL,2011,41.0857327083798
GRL,2010,41.5200140185746
GRL,2009,41.92768048381
GRL,2008,42.2521339461589
GRL,2007,42.6679448046215
GRL,2006,43.2157001236032
GRL,2005,43.8344743955739
GRL,2004,44.4687063602895
GRL,2003,45.1098212687617
GRL,2002,45.7807428777497
GRL,2001,46.4579815560462
GRL,2000,47.0388108136401
GRL,1999,47.4492075590717
GRL,1998,47.6315789473684
GRL,1997,47.6170392239561
GRL,1996,47.4895121500752
GRL,1995,47.225666868948
GRL,1994,46.5423916774483
GRL,1993,45.5312417611389
GRL,1992,44.4667955483568
GRL,1991,43.3441810010848
GRL,1990,42.1267893660532
GRD,2025,46.2758594889828
GRD,2024,46.370277864502
GRD,2023,46.4482719801869
GRD,2022,46.5020112025864
GRD,2021,46.6187520418164
GRD,2020,46.8123769622937
GRD,2019,46.9868829605221
GRD,2018,47.1427662957075
GRD,2017,47.406527735213
GRD,2016,47.6467118087617
GRD,2015,48.0008776005369
GRD,2014,48.5507152061017
GRD,2013,49.0243454053628
GRD,2012,49.4837161830786
GRD,2011,49.9792583869716
GRD,2010,50.6961794535903
GRD,2009,51.7334497149559
GRD,2008,52.9944952609577
GRD,2007,54.4941150157958
GRD,2006,56.27305749475
GRD,2005,58.344035439604
GRD,2004,60.6958592406403
GRD,2003,63.2972900013498
GRD,2002,66.0753132947268
GRD,2001,68.9445852498514
GRD,2000,70.6655019059721
GRD,1999,71.0681541322049
GRD,1998,71.1921064530715
GRD,1997,71.0079256805041
GRD,1996,70.5266590575575
GRD,1995,69.7538733084919
GRD,1994,68.8600009823344
GRD,1993,68.004594683295
GRD,1992,67.2763792620886
GRD,1991,66.7863584465441
GRD,1990,66.615548739832
GUM,2025,63.8349232201024
GUM,2024,62.8260869565217
GUM,2023,61.6468943556686
GUM,2022,60.3300169861684
GUM,2021,59.0069048567072
GUM,2020,57.7259021495963
GUM,2019,56.481374028084
GUM,2018,55.3496056074409
GUM,2017,54.3640003021376
GUM,2016,53.5461854899028
GUM,2015,52.9035966953796
GUM,2014,52.4345535270168
GUM,2013,52.1521099386683
GUM,2012,52.0490342160833
GUM,2011,52.1010091785013
GUM,2010,52.2779230755162
GUM,2009,52.5311401375031
GUM,2008,52.9455203352595
GUM,2007,53.565322430775
GUM,2006,54.2396511714949
GUM,2005,54.8436631527381
GUM,2004,55.3039999241541
GUM,2003,55.5285436448919
GUM,2002,55.5098873304208
GUM,2001,55.3157281628173
GUM,2000,55.0176260943674
GUM,1999,54.7892158300819
GUM,1998,54.6803686873187
GUM,1997,54.5906552923604
GUM,1996,54.445527068997
GUM,1995,54.2099583782951
GUM,1994,53.9291923008859
GUM,1993,53.5543724632334
GUM,1992,53.0178209369331
GUM,1991,52.3236227784136
GUM,1990,51.4896500469956
GTM,2025,56.2237303919704
GTM,2024,57.2981463861187
GTM,2023,58.4095417496558
GTM,2022,59.6014318443178
GTM,2021,60.8832620120909
GTM,2020,62.2054538401565
GTM,2019,63.4502854678952
GTM,2018,64.5800677559675
GTM,2017,65.7208767382211
GTM,2016,66.9557228820458
GTM,2015,68.2484082404697
GTM,2014,69.5871817440447
GTM,2013,71.0381612271972
GTM,2012,72.5972732426122
GTM,2011,74.2499171577809
GTM,2010,75.9881537818837
GTM,2009,77.763131897951
GTM,2008,79.5368201134386
GTM,2007,81.2868486815643
GTM,2006,82.9981312024304
GTM,2005,84.6598327799119
GTM,2004,86.2506893109682
GTM,2003,87.7262698847206
GTM,2002,89.0023823387477
GTM,2001,90.0103391570531
GTM,2000,90.7630641286588
GTM,1999,91.4781493329507
GTM,1998,92.2980115998783
GTM,1997,93.0359348676524
GTM,1996,93.5943449773791
GTM,1995,94.0338284682176
GTM,1994,94.3578521886772
GTM,1993,94.6367120478492
GTM,1992,94.915791647758
GTM,1991,95.0970026765236
GTM,1990,95.2063896923254
GIN,2025,78.6396897717819
GIN,2024,79.7147834280458
GIN,2023,80.7795140106788
GIN,2022,81.8207431951781
GIN,2021,82.8185160092224
GIN,2020,83.7865279487499
GIN,2019,84.7162617278037
GIN,2018,85.5693018365772
GIN,2017,86.3451129475656
GIN,2016,87.1231739532877
GIN,2015,87.9946472888639
GIN,2014,88.9330882934155
GIN,2013,89.8424960977693
GIN,2012,90.7754054831605
GIN,2011,91.8009525245933
GIN,2010,92.7886943235919
GIN,2009,93.7012872064772
GIN,2008,94.6123577226182
GIN,2007,95.5157736478249
GIN,2006,96.2596592365407
GIN,2005,96.608436613336
GIN,2004,96.7928505338843
GIN,2003,97.1858258324477
GIN,2002,97.6640543337298
GIN,2001,96.9009853165129
GIN,2000,95.4891640392962
GIN,1999,94.8055921211571
GIN,1998,94.3669813290083
GIN,1997,93.2050572499559
GIN,1996,92.0965601025895
GIN,1995,91.8928758339304
GIN,1994,91.6222511281938
GIN,1993,91.2856612287922
GIN,1992,90.9714557805994
GIN,1991,90.6539464701853
GIN,1990,90.4125443599268
GNB,2025,71.122646841574
GNB,2024,72.3477499737723
GNB,2023,73.5656689085059
GNB,2022,74.8100197016606
GNB,2021,76.0215209126125
GNB,2020,77.1805719224165
GNB,2019,78.2909872123504
GNB,2018,79.3500481926137
GNB,2017,80.3631723483211
GNB,2016,81.2544895782418
GNB,2015,82.028063446907
GNB,2014,82.7321224104691
GNB,2013,83.3690490606512
GNB,2012,83.9791401843337
GNB,2011,84.5945365779744
GNB,2010,85.243743791097
GNB,2009,85.9406939263778
GNB,2008,86.6437802046737
GNB,2007,87.315007022762
GNB,2006,87.9594891252525
GNB,2005,88.6231019389508
GNB,2004,89.4111620269331
GNB,2003,90.2926378093071
GNB,2002,91.190571166311
GNB,2001,92.1620637486497
GNB,2000,93.2017825233847
GNB,1999,94.2533274264692
GNB,1998,95.2720880364143
GNB,1997,96.3406745570503
GNB,1996,97.459779701376
GNB,1995,98.5049415801713
GNB,1994,99.4196546780983
GNB,1993,100.217285239354
GNB,1992,101.151111346753
GNB,1991,102.35941088987
GNB,1990,103.3242495432
GUY,2025,56.0405039664022
GUY,2024,55.9953375228056
GUY,2023,55.7699884070538
GUY,2022,55.3409273526492
GUY,2021,55.0916971436287
GUY,2020,54.9614746154658
GUY,2019,53.9720485823168
GUY,2018,54.3024230491822
GUY,2017,55.4357477604303
GUY,2016,55.2559983733225
GUY,2015,55.2425261676201
GUY,2014,55.3988762771685
GUY,2013,55.7294370227026
GUY,2012,56.2223026989234
GUY,2011,57.0738094536391
GUY,2010,58.2842692997522
GUY,2009,59.6044760124188
GUY,2008,60.9548003438339
GUY,2007,62.3174667853351
GUY,2006,63.7115265563558
GUY,2005,65.013022555804
GUY,2004,66.0921981644021
GUY,2003,66.9306289594344
GUY,2002,67.4934035781887
GUY,2001,67.7875519619334
GUY,2000,67.8720994547897
GUY,1999,67.8210627527254
GUY,1998,67.6924732457961
GUY,1997,67.5442684063374
GUY,1996,67.4431968295905
GUY,1995,67.4267661882654
GUY,1994,67.5144836634914
GUY,1993,67.7295975193577
GUY,1992,68.0670197244715
GUY,1991,68.5068395307075
GUY,1990,69.0454345645338
HTI,2025,55.2283478651774
HTI,2024,55.9912955357223
HTI,2023,56.7161065708492
HTI,2022,57.4139171312685
HTI,2021,58.120882973509
HTI,2020,58.8189047336414
HTI,2019,59.4966700801278
HTI,2018,60.1712469523247
HTI,2017,60.8591394627646
HTI,2016,61.5877104706967
HTI,2015,62.4034039884297
HTI,2014,63.2843449372842
HTI,2013,64.1877475497991
HTI,2012,65.1132658490614
HTI,2011,66.0501065812409
HTI,2010,67.1131862549563
HTI,2009,68.2048966580113
HTI,2008,69.2417979441899
HTI,2007,70.3635956506946
HTI,2006,71.5666152023026
HTI,2005,72.8421985490925
HTI,2004,74.1547879420439
HTI,2003,75.4117360828128
HTI,2002,76.5809764629569
HTI,2001,77.6701950314897
HTI,2000,78.6483303903405
HTI,1999,79.5426992585074
HTI,1998,80.3823984888001
HTI,1997,81.1496639840436
HTI,1996,81.8385290521912
HTI,1995,82.4470020245767
HTI,1994,82.9812561730336
HTI,1993,83.4365799888751
HTI,1992,83.7914144651534
HTI,1991,84.0252183827131
HTI,1990,84.1400470179644
HND,2025,53.3854167029602
HND,2024,53.9383402159092
HND,2023,54.5329302016737
HND,2022,55.1663201925249
HND,2021,55.8747769782473
HND,2020,56.6772344988914
HND,2019,57.5525251243283
HND,2018,58.5071463840858
HND,2017,59.5919942822008
HND,2016,60.8206269905275
HND,2015,62.1657515555952
HND,2014,63.5795259596654
HND,2013,65.0370119525093
HND,2012,66.5563499269662
HND,2011,68.1556416402916
HND,2010,69.8327835239903
HND,2009,71.5457045075185
HND,2008,73.2703749692388
HND,2007,74.9959907351361
HND,2006,76.6968475635858
HND,2005,78.3394613249721
HND,2004,79.8958826010027
HND,2003,81.3802062765508
HND,2002,82.8049471886088
HND,2001,84.1307116885523
HND,2000,85.3497886494274
HND,1999,86.542106356866
HND,1998,87.857877870669
HND,1997,89.1842440721146
HND,1996,90.4031424503308
HND,1995,91.6126762138546
HND,1994,92.8161404168435
HND,1993,94.0049395117296
HND,1992,95.1577016001546
HND,1991,96.2505199472048
HND,1990,97.2358408074945
HKG,2025,51.4662467541072
HKG,2024,49.6445293559126
HKG,2023,47.8071542342089
HKG,2022,46.1893957002668
HKG,2021,44.5870119180782
HKG,2020,43.0664684402752
HKG,2019,41.7143206606678
HKG,2018,40.4021598941078
HKG,2017,39.128588937798
HKG,2016,37.9119773975191
HKG,2015,36.8431246619414
HKG,2014,35.8520759839574
HKG,2013,34.9615930314556
HKG,2012,34.2513115606412
HKG,2011,33.9176147984305
HKG,2010,34.0969873136484
HKG,2009,34.4835513779318
HKG,2008,34.879274926486
HKG,2007,35.3261706448474
HKG,2006,35.9303171528991
HKG,2005,36.7124441593314
HKG,2004,37.4809262568404
HKG,2003,38.0817334272916
HKG,2002,38.4463647277344
HKG,2001,38.6766411349744
HKG,2000,39.0656333453725
HKG,1999,39.5808833875825
HKG,1998,39.9590498346786
HKG,1997,40.2253571648517
HKG,1996,40.450848204835
HKG,1995,40.7416755486116
HKG,1994,41.1273492288083
HKG,1993,41.4973202791005
HKG,1992,41.8283574608257
HKG,1991,42.1613417539378
HKG,1990,42.5149485177396
HUN,2025,55.06259383534
HUN,2024,54.7857651144164
HUN,2023,54.5703480456464
HUN,2022,54.2213783062208
HUN,2021,53.7758455735364
HUN,2020,53.0182854466453
HUN,2019,51.8661548498973
HUN,2018,50.7744401660746
HUN,2017,49.9595066798946
HUN,2016,49.1419689923618
HUN,2015,48.2516970384934
HUN,2014,47.3832344986651
HUN,2013,46.5518564551724
HUN,2012,45.9183193176449
HUN,2011,45.4921371252785
HUN,2010,45.3474391729633
HUN,2009,45.2408244250738
HUN,2008,45.0548815371194
HUN,2007,44.9578544845588
HUN,2006,44.9804921957987
HUN,2005,45.1149712598825
HUN,2004,45.2882759790502
HUN,2003,45.5260957931616
HUN,2002,45.7484195392198
HUN,2001,46.0796947512792
HUN,2000,46.5134969001209
HUN,1999,46.862467414201
HUN,1998,47.1061418061155
HUN,1997,47.302811074816
HUN,1996,47.5899073802118
HUN,1995,47.861766173196
HUN,1994,48.1545911378721
HUN,1993,48.6097008227858
HUN,1992,49.210057368222
HUN,1991,49.8950356061072
HUN,1990,50.6817945127303
ISL,2025,50.3644124950185
ISL,2024,50.1688158799601
ISL,2023,50.1598302412054
ISL,2022,50.351670582864
ISL,2021,50.3588236718681
ISL,2020,49.9071422727645
ISL,2019,49.6379021983175
ISL,2018,49.9243409587446
ISL,2017,50.5504237232406
ISL,2016,51.0789131149535
ISL,2015,51.2221099738985
ISL,2014,51.0724108016317
ISL,2013,50.7407510871488
ISL,2012,50.3224717837189
ISL,2011,49.8893498658573
ISL,2010,49.3984902363292
ISL,2009,48.5910630475959
ISL,2008,48.0793453819383
ISL,2007,48.4736425759843
ISL,2006,49.6035615439924
ISL,2005,51.0237631119548
ISL,2004,52.0703928357587
ISL,2003,52.6920906487493
ISL,2002,53.1259153534396
ISL,2001,53.3314321687804
ISL,2000,53.5109699044125
ISL,1999,53.7716550710979
ISL,1998,54.2110979185072
ISL,1997,54.7251643535427
ISL,1996,55.1146130152394
ISL,1995,55.4043611390324
ISL,1994,55.6464400016383
ISL,1993,55.6652775974218
ISL,1992,55.3069468323706
ISL,1991,55.1554581893906
ISL,1990,55.2425569763687
IND,2025,46.1386620179175
IND,2024,46.5639973059355
IND,2023,47.0132181120622
IND,2022,47.4637059570602
IND,2021,48.0405766189907
IND,2020,48.725925362152
IND,2019,49.3781313856783
IND,2018,50.0307900245271
IND,2017,50.7672033452389
IND,2016,51.5768937298059
IND,2015,52.3977058192572
IND,2014,53.2421090234343
IND,2013,54.1378376565175
IND,2012,55.060078071414
IND,2011,55.9876762675338
IND,2010,56.9435299366504
IND,2009,57.9164697840483
IND,2008,58.8878284434793
IND,2007,59.8780645451957
IND,2006,60.9024728456723
IND,2005,61.9081709086155
IND,2004,62.8827039448926
IND,2003,63.8360537864219
IND,2002,64.7352214074379
IND,2001,65.6393614041737
IND,2000,66.5658129376285
IND,1999,67.5027186489675
IND,1998,68.4423001360828
IND,1997,69.3432839707025
IND,1996,70.2088855735137
IND,1995,71.0333210055779
IND,1994,71.767235521839
IND,1993,72.42005748992
IND,1992,73.0414337152497
IND,1991,73.6394717785432
IND,1990,74.2102460090207
IDN,2025,46.6061121871889
IDN,2024,46.8135550051726
IDN,2023,47.0224568841154
IDN,2022,47.2726576874372
IDN,2021,47.6279810142978
IDN,2020,48.0216798448748
IDN,2019,48.3187310528364
IDN,2018,48.5572855648717
IDN,2017,48.813317657578
IDN,2016,49.0806241774761
IDN,2015,49.3596437927725
IDN,2014,49.6839805094095
IDN,2013,50.043914325018
IDN,2012,50.3950625185566
IDN,2011,50.7251147654356
IDN,2010,51.0659039313865
IDN,2009,51.4312184816146
IDN,2008,51.796391603422
IDN,2007,52.1311902636998
IDN,2006,52.4846088421651
IDN,2005,52.8815735759382
IDN,2004,53.3540032243905
IDN,2003,53.9272699970922
IDN,2002,54.5155741469321
IDN,2001,55.1131405443784
IDN,2000,55.8008907117312
IDN,1999,56.6440473452067
IDN,1998,57.5769241069289
IDN,1997,58.5270356992151
IDN,1996,59.5017980028463
IDN,1995,60.5320359171214
IDN,1994,61.638983497166
IDN,1993,62.8062315539282
IDN,1992,64.0004085949468
IDN,1991,65.1982983795626
IDN,1990,66.441821588986
IRN,2025,44.0981981660308
IRN,2024,44.2576475929094
IRN,2023,44.414481053557
IRN,2022,44.6136576243103
IRN,2021,44.8342885799624
IRN,2020,44.9349216202493
IRN,2019,44.7786947808427
IRN,2018,44.3383750252204
IRN,2017,43.6705219756192
IRN,2016,42.8934477448489
IRN,2015,42.0407182749515
IRN,2014,41.2091454936804
IRN,2013,40.6107006323808
IRN,2012,40.2675281790404
IRN,2011,40.0885727340065
IRN,2010,40.0629628816199
IRN,2009,40.2589386476999
IRN,2008,40.7584832601421
IRN,2007,41.6366525331215
IRN,2006,42.9687321027924
IRN,2005,44.7919748324646
IRN,2004,47.0765649654044
IRN,2003,49.8293700066519
IRN,2002,52.8371003545029
IRN,2001,56.3422902016049
IRN,2000,60.6492581468016
IRN,1999,65.3222190244484
IRN,1998,70.2781189842862
IRN,1997,75.3782117075045
IRN,1996,80.1309732500436
IRN,1995,84.2470244769223
IRN,1994,87.6912585690127
IRN,1993,88.7904106154351
IRN,1992,88.6615647705843
IRN,1991,89.31523868053
IRN,1990,89.8874273123913
IRQ,2025,65.2242230039068
IRQ,2024,66.6548244604985
IRQ,2023,68.0336199589456
IRQ,2022,69.4474528755877
IRQ,2021,70.7745819074433
IRQ,2020,71.9840510727635
IRQ,2019,73.0951419263335
IRQ,2018,74.1065293195781
IRQ,2017,75.0599077602728
IRQ,2016,75.941151388931
IRQ,2015,76.7457689966644
IRQ,2014,77.4322732901079
IRQ,2013,77.9595494709507
IRQ,2012,78.4084376059728
IRQ,2011,78.8269184426333
IRQ,2010,79.3452096647587
IRQ,2009,80.1148477417428
IRQ,2008,81.0306304495879
IRQ,2007,81.984975135042
IRQ,2006,82.9311075666823
IRQ,2005,83.8874965724331
IRQ,2004,84.801227903648
IRQ,2003,85.6149589152962
IRQ,2002,86.3837568242254
IRQ,2001,87.1176985817565
IRQ,2000,87.8154980028886
IRQ,1999,88.4946577757058
IRQ,1998,89.1620796654062
IRQ,1997,89.8334071497553
IRQ,1996,90.5489786714341
IRQ,1995,91.3021068910745
IRQ,1994,92.0679652454741
IRQ,1993,92.8411763423899
IRQ,1992,93.6850887253707
IRQ,1991,94.6156945185031
IRQ,1990,95.6739765579081
IRL,2025,52.2163425670995
IRL,2024,52.5496229649835
IRL,2023,52.8088109767237
IRL,2022,52.9466406867294
IRL,2021,53.0448235155306
IRL,2020,53.0535571712698
IRL,2019,53.0371687022091
IRL,2018,53.0287560298933
IRL,2017,52.9415976507391
IRL,2016,52.7774365060908
IRL,2015,52.5046737823192
IRL,2014,52.0464573784336
IRL,2013,51.3979987426655
IRL,2012,50.5369478087777
IRL,2011,49.4173482756641
IRL,2010,48.0748648862785
IRL,2009,46.6772507032488
IRL,2008,45.5578463161533
IRL,2007,45.0913998816561
IRL,2006,45.4699838177237
IRL,2005,46.2404537484022
IRL,2004,46.8096917014581
IRL,2003,47.1541931452612
IRL,2002,47.5612657714796
IRL,2001,48.2896367937699
IRL,2000,49.1855936825044
IRL,1999,50.1106004084999
IRL,1998,51.1260689188045
IRL,1997,52.3115118763457
IRL,1996,53.6939472849167
IRL,1995,55.2788085214775
IRL,1994,56.9403677604832
IRL,1993,58.4843685326815
IRL,1992,59.9077338716273
IRL,1991,61.2432335020633
IRL,1990,62.5766507851761
IMN,2025,60.038812046955
IMN,2024,59.6823770491803
IMN,2023,59.3260766682442
IMN,2022,58.9345423632757
IMN,2021,58.7313869439674
IMN,2020,58.7431074854596
IMN,2019,58.7137753076618
IMN,2018,58.5594278578726
IMN,2017,58.2694455486778
IMN,2016,57.8403933434191
IMN,2015,57.0942644516275
IMN,2014,56.1682086412629
IMN,2013,55.2245138914511
IMN,2012,54.0534122460909
IMN,2011,52.8271815119354
IMN,2010,52.0622949036387
IMN,2009,51.7084324126578
IMN,2008,51.4847645429363
IMN,2007,51.4416885952634
IMN,2006,51.5667472062821
IMN,2005,51.9278535671978
IMN,2004,52.3669554455445
IMN,2003,52.6680228464126
IMN,2002,52.8291438403576
IMN,2001,52.9978993698109
IMN,2000,53.5319304369001
IMN,1999,54.2475302658445
IMN,1998,54.8286343150613
IMN,1997,55.4120305239374
IMN,1996,56.0303194369247
IMN,1995,56.6721437178223
IMN,1994,57.2356502143078
IMN,1993,57.5722491873358
IMN,1992,57.7032570442268
IMN,1991,57.8152552335308
IMN,1990,58.1657945469568
ISR,2025,66.2664181682213
ISR,2024,66.5610624258446
ISR,2023,66.7509366513991
ISR,2022,66.9632261676725
ISR,2021,67.0610227135178
ISR,2020,66.9096172948003
ISR,2019,66.6943447277344
ISR,2018,66.4016568980219
ISR,2017,65.951371618093
ISR,2016,65.3254208243869
ISR,2015,64.638409839837
ISR,2014,63.9784018028702
ISR,2013,63.3461694365626
ISR,2012,62.5502671944114
ISR,2011,61.6501182328354
ISR,2010,60.9514027511382
ISR,2009,60.5187094942489
ISR,2008,60.4061069673989
ISR,2007,60.5299830283269
ISR,2006,60.6785872439375
ISR,2005,60.7965324131479
ISR,2004,60.8695128292787
ISR,2003,60.8369280836755
ISR,2002,60.7826025882328
ISR,2001,60.9354903371222
ISR,2000,61.3653782156004
ISR,1999,62.0214349729285
ISR,1998,62.7572844856137
ISR,1997,63.4169944713757
ISR,1996,64.1053791794327
ISR,1995,64.6256451425192
ISR,1994,65.0064150484383
ISR,1993,65.4612724383853
ISR,1992,65.9902421195946
ISR,1991,66.8869795109055
ISR,1990,68.083958297865
ITA,2025,58.1160267505234
ITA,2024,57.5226887063978
ITA,2023,57.1418238396626
ITA,2022,57.0326358787404
ITA,2021,56.9283547845865
ITA,2020,56.7526091414435
ITA,2019,56.5632847288554
ITA,2018,56.3079012821236
ITA,2017,56.129984783102
ITA,2016,55.9197690149889
ITA,2015,55.6066425327957
ITA,2014,55.0998998007766
ITA,2013,54.4363754385898
ITA,2012,53.7707896984645
ITA,2011,53.1271377991006
ITA,2010,52.6601278213311
ITA,2009,52.3275513333924
ITA,2008,52.0470658069481
ITA,2007,51.9029280358121
ITA,2006,51.5615168509947
ITA,2005,50.9499137159275
ITA,2004,50.3372034792499
ITA,2003,49.8629152573739
ITA,2002,49.3473808027516
ITA,2001,48.7075175866785
ITA,2000,48.1294446293176
ITA,1999,47.5438248032345
ITA,1998,47.0199639784354
ITA,1997,46.5546147309429
ITA,1996,46.0798749813194
ITA,1995,46.2760710154136
ITA,1994,45.9200858587199
ITA,1993,45.0146785977543
ITA,1992,44.7467535816975
ITA,1991,45.1228392248408
ITA,1990,45.8326814441136
JAM,2025,36.7316763079883
JAM,2024,36.8213630495345
JAM,2023,36.9793488070563
JAM,2022,37.2061442403184
JAM,2021,37.6650783439917
JAM,2020,38.3245693633893
JAM,2019,39.0357469289986
JAM,2018,39.8101027668063
JAM,2017,40.6624477716921
JAM,2016,41.5434755779659
JAM,2015,42.4671719341197
JAM,2014,43.5762854803788
JAM,2013,44.8530284139516
JAM,2012,46.1967581203869
JAM,2011,47.6218946125512
JAM,2010,49.1028553697399
JAM,2009,50.6351233096859
JAM,2008,52.220363735874
JAM,2007,53.849642559512
JAM,2006,55.4636538247908
JAM,2005,56.9905194579843
JAM,2004,58.44176865892
JAM,2003,59.9094099305978
JAM,2002,61.4528094346279
JAM,2001,63.0661154919408
JAM,2000,64.7474956141265
JAM,1999,66.4314165007577
JAM,1998,68.0056853211363
JAM,1997,69.3867008828848
JAM,1996,70.562326572226
JAM,1995,71.5706135131834
JAM,1994,72.4404105876665
JAM,1993,73.1905393760264
JAM,1992,73.8551926732331
JAM,1991,74.6300638914427
JAM,1990,75.5983752614744
JPN,2025,70.1620638979948
JPN,2024,70.1168403833763
JPN,2023,70.1001399306642
JPN,2022,70.2463331657833
JPN,2021,70.2569936325802
JPN,2020,69.8915691054857
JPN,2019,69.4781102585107
JPN,2018,69.0229537254226
JPN,2017,68.3095186249903
JPN,2016,67.3227876016443
JPN,2015,66.0229941997136
JPN,2014,64.4653380797358
JPN,2013,62.6073022231989
JPN,2012,60.5362463320268
JPN,2011,58.5847537839962
JPN,2010,57.4033595360909
JPN,2009,56.7866882497385
JPN,2008,55.7290109699313
JPN,2007,54.3702199499157
JPN,2006,53.0146521815892
JPN,2005,51.5938532384092
JPN,2004,50.2932483497693
JPN,2003,49.3482801823691
JPN,2002,48.5344482614523
JPN,2001,47.6058531225117
JPN,2000,46.6755835541567
JPN,1999,45.8791750960099
JPN,1998,45.2102463428644
JPN,1997,44.5676534115945
JPN,1996,43.9520529327622
JPN,1995,43.4666246286158
JPN,1994,43.1350245429377
JPN,1993,42.9463158255274
JPN,1992,42.8883052137838
JPN,1991,42.9361215262821
JPN,1990,43.2259096480185
JOR,2025,53.7274152854704
JOR,2024,54.3009741648251
JOR,2023,55.1554977992581
JOR,2022,56.2381654714504
JOR,2021,57.2273523032512
JOR,2020,58.0792660970113
JOR,2019,58.8802726956431
JOR,2018,59.6400832936228
JOR,2017,60.338812839042
JOR,2016,60.9582989168769
JOR,2015,61.6234808949505
JOR,2014,62.0603171156438
JOR,2013,62.3084954646161
JOR,2012,62.9972385245377
JOR,2011,64.0154314863275
JOR,2010,65.1507679340976
JOR,2009,66.3429597590715
JOR,2008,67.5290383241406
JOR,2007,68.7451509325163
JOR,2006,69.9743056631736
JOR,2005,71.1118691378464
JOR,2004,72.0805558009737
JOR,2003,72.9213352868632
JOR,2002,73.5852701497681
JOR,2001,74.1750913098606
JOR,2000,74.6577652007628
JOR,1999,74.9607067870819
JOR,1998,75.0725812903672
JOR,1997,74.9878285257744
JOR,1996,74.9064765209515
JOR,1995,75.2212898415739
JOR,1994,76.2343224913088
JOR,1993,78.0288513506874
JOR,1992,80.4480410444907
JOR,1991,83.1997873746193
JOR,1990,89.8396019032664
KAZ,2025,61.6556043520026
KAZ,2024,61.3593284528818
KAZ,2023,60.893935746271
KAZ,2022,60.2870919049799
KAZ,2021,59.3848303180197
KAZ,2020,58.3765163228774
KAZ,2019,57.4655912088719
KAZ,2018,56.5235626212407
KAZ,2017,55.4148033056512
KAZ,2016,54.0318746567256
KAZ,2015,52.5207605589946
KAZ,2014,50.9797084009508
KAZ,2013,49.5309872731953
KAZ,2012,48.2666123385578
KAZ,2011,47.2918702077932
KAZ,2010,46.7914967905944
KAZ,2009,46.7707877522094
KAZ,2008,46.935658443208
KAZ,2007,47.1117272482949
KAZ,2006,47.3570026780758
KAZ,2005,47.6883857087747
KAZ,2004,48.1439017104514
KAZ,2003,48.7928716446465
KAZ,2002,49.7152750119888
KAZ,2001,50.8892902127798
KAZ,2000,52.2757413139262
KAZ,1999,53.8809153440923
KAZ,1998,55.5286022816941
KAZ,1997,56.9602663792123
KAZ,1996,58.0818642381778
KAZ,1995,58.8590865430448
KAZ,1994,59.3053616735701
KAZ,1993,59.5152641942098
KAZ,1992,59.6406850965247
KAZ,1991,59.7496165652325
KAZ,1990,59.8838110461526
KEN,2025,64.6869771994706
KEN,2024,66.1190997974295
KEN,2023,67.6739373442667
KEN,2022,69.3054789511188
KEN,2021,70.9579167427054
KEN,2020,72.6322381007686
KEN,2019,74.2639405667526
KEN,2018,75.7364230190387
KEN,2017,77.1603826189851
KEN,2016,78.6364414112252
KEN,2015,79.9924124841202
KEN,2014,81.121499936462
KEN,2013,82.1267476397034
KEN,2012,83.0105706556118
KEN,2011,83.6955084873518
KEN,2010,84.2201054386438
KEN,2009,84.6712694841881
KEN,2008,85.1410633733896
KEN,2007,85.6322010455064
KEN,2006,86.2372874684245
KEN,2005,87.0486694098986
KEN,2004,88.0596805503126
KEN,2003,89.2589452128438
KEN,2002,90.529323120014
KEN,2001,91.9471681010166
KEN,2000,93.443539036463
KEN,1999,94.8755633080297
KEN,1998,96.1682417770167
KEN,1997,97.3253910062077
KEN,1996,98.5025096101725
KEN,1995,99.66540232745
KEN,1994,100.911599651404
KEN,1993,102.189501745126
KEN,1992,103.387893568628
KEN,1991,104.486357019746
KEN,1990,105.564144928838
KIR,2025,63.2365780440841
KIR,2024,63.7487979159819
KIR,2023,64.0608558943316
KIR,2022,64.190430646095
KIR,2021,64.2657897430648
KIR,2020,64.2307341660046
KIR,2019,64.0121234580973
KIR,2018,63.6835331027271
KIR,2017,63.3771631937841
KIR,2016,63.2850507862567
KIR,2015,63.5331504087804
KIR,2014,64.1216485455684
KIR,2013,64.8822455896411
KIR,2012,65.7206110250166
KIR,2011,66.5793475151679
KIR,2010,67.2575086164451
KIR,2009,67.757031434649
KIR,2008,68.293825087198
KIR,2007,68.9548434085943
KIR,2006,69.8427523434316
KIR,2005,70.8909303257971
KIR,2004,72.0073038434686
KIR,2003,73.2668531056815
KIR,2002,74.6299731233675
KIR,2001,75.8996027728016
KIR,2000,77.1480548558634
KIR,1999,78.4032271275289
KIR,1998,79.4089309651474
KIR,1997,80.1245825841253
KIR,1996,80.5888267179577
KIR,1995,80.6725679462657
KIR,1994,80.5183965349997
KIR,1993,80.0516123138759
KIR,1992,79.1977288988391
KIR,1991,78.1634938409854
KIR,1990,77.2788632326821
PRK,2025,46.2808430931296
PRK,2024,45.6599941348635
PRK,2023,44.9468910727381
PRK,2022,44.127259935747
PRK,2021,43.5542200289193
PRK,2020,43.1993270106715
PRK,2019,42.9458246992114
PRK,2018,42.9880557043149
PRK,2017,43.3710786654511
PRK,2016,44.0123282583146
PRK,2015,44.4304103992538
PRK,2014,44.6183996622518
PRK,2013,44.9167005556729
PRK,2012,45.2153385500139
PRK,2011,45.5183312098033
PRK,2010,45.8635697310212
PRK,2009,46.2442424960299
PRK,2008,46.5901185903644
PRK,2007,46.885303407959
PRK,2006,47.1412888899528
PRK,2005,47.3258619340289
PRK,2004,47.3806916925401
PRK,2003,47.2703334382366
PRK,2002,47.160473871519
PRK,2001,47.0947236868851
PRK,2000,46.9898517860149
PRK,1999,46.8463829258826
PRK,1998,46.6846091038782
PRK,1997,46.5460445593041
PRK,1996,46.4205576845905
PRK,1995,46.2336486796122
PRK,1994,45.8944009752538
PRK,1993,45.4914775509838
PRK,1992,45.1434437551699
PRK,1991,44.9073953854984
PRK,1990,44.9666177954561
KOR,2025,43.9571507924701
KOR,2024,42.5346866514455
KOR,2023,41.4544025774417
KOR,2022,40.6448114715604
KOR,2021,39.7812162829152
KOR,2020,38.7671326866112
KOR,2019,37.8813882499402
KOR,2018,37.299629534955
KOR,2017,36.7793132181662
KOR,2016,36.4600654674078
KOR,2015,36.4601267455493
KOR,2014,36.4720410483292
KOR,2013,36.5342930887925
KOR,2012,36.7828795943106
KOR,2011,37.2547574179042
KOR,2010,37.7039074846602
KOR,2009,38.033861912487
KOR,2008,38.4354178916179
KOR,2007,38.8293844819969
KOR,2006,39.1149684167156
KOR,2005,39.3635610064232
KOR,2004,39.525917627204
KOR,2003,39.5292757742813
KOR,2002,39.4441496233333
KOR,2001,39.2824564341745
KOR,2000,39.0262683255652
KOR,1999,38.8398558118882
KOR,1998,38.9414008404834
KOR,1997,39.2974595699024
KOR,1996,39.8762830570062
KOR,1995,40.6474393461891
KOR,1994,41.3913576183827
KOR,1993,41.9832869213225
KOR,1992,42.5887487640646
KOR,1991,43.3417475231863
KOR,1990,44.3249583059879
XKX,2025,43.8774253297262
XKX,2024,44.4772784115005
XKX,2023,44.7976993017704
XKX,2022,44.9007221695902
XKX,2021,44.9764159941038
XKX,2020,45.6054847155605
XKX,2019,46.3859932227911
XKX,2018,46.8838732984927
XKX,2017,47.9157805716211
XKX,2016,49.4234283610369
XKX,2015,50.3114616718486
XKX,2014,50.4491591958955
XKX,2013,50.8212917852572
XKX,2012,51.6695496139704
XKX,2011,52.7221885576121
XKX,2010,53.3777955367448
XKX,2009,53.7019638808979
XKX,2008,54.1169412777567
XKX,2007,54.6324867067475
XKX,2006,55.4565619445542
XKX,2005,56.8537705291361
XKX,2004,58.7471096692721
XKX,2003,61.1289218402081
XKX,2002,64.0440592310437
XKX,2001,67.2834677875216
XKX,2000,70.4620508863115
XKX,1999,69.539084510232
XKX,1998,63.0337012566903
XKX,1997,60.1636855191235
XKX,1996,61.5173336252744
XKX,1995,62.9579087243472
XKX,1994,64.6503032170571
XKX,1993,66.4120703235084
XKX,1992,68.3853375963703
XKX,1991,70.2299854587867
XKX,1990,70.8419491903186
KWT,2025,26.8197986334013
KWT,2024,27.1029912369309
KWT,2023,27.4788324128055
KWT,2022,28.1434805199737
KWT,2021,30.739165342046
KWT,2020,32.6530852187272
KWT,2019,32.2422486608522
KWT,2018,32.1350703933507
KWT,2017,32.1024728915433
KWT,2016,32.0088263103965
KWT,2015,31.9540907043415
KWT,2014,31.8448910714324
KWT,2013,31.6857121405511
KWT,2012,31.5980337837438
KWT,2011,32.172246736738
KWT,2010,32.9993181426912
KWT,2009,33.5300670066357
KWT,2008,34.1885588888461
KWT,2007,34.820819465821
KWT,2006,35.4573621830067
KWT,2005,36.2412473260794
KWT,2004,37.4722244702497
KWT,2003,39.0734151650058
KWT,2002,40.8169124613603
KWT,2001,42.7214964961408
KWT,2000,44.755160861284
KWT,1999,46.8399763204956
KWT,1998,48.8734604524562
KWT,1997,50.73174351161
KWT,1996,52.2506588528261
KWT,1995,53.1869769679125
KWT,1994,54.0115280015324
KWT,1993,56.0265893073586
KWT,1992,58.1344514244539
KWT,1991,59.1485072025475
KWT,1990,60.8993569064277
KGZ,2025,60.9626371776391
KGZ,2024,61.3514807542057
KGZ,2023,61.5475158691892
KGZ,2022,61.6068894493144
KGZ,2021,61.5982158967749
KGZ,2020,61.3520516472714
KGZ,2019,60.7277440086941
KGZ,2018,59.9520249168602
KGZ,2017,59.488277666114
KGZ,2016,59.0639463884673
KGZ,2015,58.150156918583
KGZ,2014,56.9069668645722
KGZ,2013,55.6741442388454
KGZ,2012,54.4404735783782
KGZ,2011,53.4057245301169
KGZ,2010,53.1417387548341
KGZ,2009,53.8306951096295
KGZ,2008,55.3380271036174
KGZ,2007,57.0648841045437
KGZ,2006,58.648586037128
KGZ,2005,60.1019662934415
KGZ,2004,61.5008687685001
KGZ,2003,62.9832482972312
KGZ,2002,64.629398596988
KGZ,2001,66.4224942005393
KGZ,2000,68.2006776290059
KGZ,1999,69.9851030146554
KGZ,1998,72.042326103057
KGZ,1997,74.1332310973412
KGZ,1996,75.8297272275894
KGZ,1995,77.0348145453783
KGZ,1994,77.3693173448042
KGZ,1993,76.059449211143
KGZ,1992,74.5636006632443
KGZ,1991,74.0165157672479
KGZ,1990,73.5339912332699
LAO,2025,53.0168515795744
LAO,2024,53.5253966955507
LAO,2023,54.0669284232336
LAO,2022,54.6407954328323
LAO,2021,55.2518136368494
LAO,2020,55.8812027825725
LAO,2019,56.4903622140064
LAO,2018,57.1092477648772
LAO,2017,57.8022683207452
LAO,2016,58.634824292374
LAO,2015,59.6548580377812
LAO,2014,60.8514855524134
LAO,2013,62.1659308998986
LAO,2012,63.5619645767597
LAO,2011,65.1060874765986
LAO,2010,66.8701503366016
LAO,2009,68.9132076758434
LAO,2008,71.2906841800598
LAO,2007,73.9827460398628
LAO,2006,76.9407341117713
LAO,2005,79.5964595509479
LAO,2004,81.5337865587232
LAO,2003,83.1485651726428
LAO,2002,84.6718660620307
LAO,2001,86.047989519414
LAO,2000,87.2372970755436
LAO,1999,88.1661566256825
LAO,1998,88.8152765690607
LAO,1997,89.237958879032
LAO,1996,89.5841881324574
LAO,1995,89.8899777305158
LAO,1994,90.0032199120944
LAO,1993,89.9594825870001
LAO,1992,89.8743317445392
LAO,1991,89.8347604443769
LAO,1990,89.8603727942041
LVA,2025,59.6993189518081
LVA,2024,59.106810188639
LVA,2023,58.7910304708067
LVA,2022,58.573500587674
LVA,2021,58.3537176137829
LVA,2020,57.9030936709113
LVA,2019,57.1028331214081
LVA,2018,56.3256310462251
LVA,2017,55.4798446360699
LVA,2016,54.2757874648074
LVA,2015,53.0022445169492
LVA,2014,51.7170479665486
LVA,2013,50.3815864191996
LVA,2012,49.3403699742256
LVA,2011,48.624345076556
LVA,2010,47.9985267565148
LVA,2009,47.2806969888064
LVA,2008,46.5573852147621
LVA,2007,46.2383093094849
LVA,2006,46.1655186591307
LVA,2005,46.1935033090744
LVA,2004,46.4198949431271
LVA,2003,46.7310337750956
LVA,2002,47.1743994332617
LVA,2001,47.7783018808274
LVA,2000,48.4932720013146
LVA,1999,49.4331437144465
LVA,1998,50.5855294070601
LVA,1997,51.4654070547482
LVA,1996,51.9543572082749
LVA,1995,52.2287999372721
LVA,1994,52.2489673371099
LVA,1993,52.0374148852879
LVA,1992,51.502778157677
LVA,1991,50.4104453897103
LVA,1990,49.6830866578275
LBN,2025,56.3249314841515
LBN,2024,57.0475892933219
LBN,2023,57.5802354030357
LBN,2022,57.9749956549574
LBN,2021,58.4888831484012
LBN,2020,58.9073887057113
LBN,2019,57.947939773335
LBN,2018,55.7444457284083
LBN,2017,53.3592312481811
LBN,2016,50.8721295078079
LBN,2015,48.3364582108649
LBN,2014,47.0775839655263
LBN,2013,47.0908167543263
LBN,2012,47.2064672833187
LBN,2011,47.448365777061
LBN,2010,47.8285896594537
LBN,2009,48.410961681442
LBN,2008,49.2286418412491
LBN,2007,50.2284073633696
LBN,2006,51.3597781181586
LBN,2005,52.612987012987
LBN,2004,53.9483576152468
LBN,2003,55.2520770567648
LBN,2002,56.4676448617067
LBN,2001,57.6232604989539
LBN,2000,58.7751108294532
LBN,1999,59.9800742890657
LBN,1998,61.235130323324
LBN,1997,62.4895388884407
LBN,1996,63.7258136314075
LBN,1995,64.9316660003998
LBN,1994,66.0456209489595
LBN,1993,67.0208045631811
LBN,1992,67.8614543237627
LBN,1991,68.5212259676885
LBN,1990,68.904649419034
LSO,2025,61.2449289541876
LSO,2024,62.2736686010548
LSO,2023,63.2665285082422
LSO,2022,64.1758278060089
LSO,2021,64.9680464688448
LSO,2020,65.6481813520794
LSO,2019,66.2552307394785
LSO,2018,66.87004466725
LSO,2017,67.4900982449765
LSO,2016,67.93449172042
LSO,2015,68.1416869525897
LSO,2014,68.1373202806156
LSO,2013,68.0784184239325
LSO,2012,68.2157351088003
LSO,2011,68.4840104034647
LSO,2010,68.8510779391266
LSO,2009,69.3385742227572
LSO,2008,69.9073802077033
LSO,2007,70.6592063382503
LSO,2006,71.6552145311802
LSO,2005,72.660270322596
LSO,2004,73.6462694942743
LSO,2003,74.8023515280882
LSO,2002,76.1214206059022
LSO,2001,77.5219101731698
LSO,2000,78.9987959039296
LSO,1999,80.5969732129254
LSO,1998,82.2152933065337
LSO,1997,83.7611261565195
LSO,1996,85.0414613301211
LSO,1995,86.135404813253
LSO,1994,87.1852784755675
LSO,1993,88.0431300427148
LSO,1992,88.6198230273836
LSO,1991,88.8986975650218
LSO,1990,88.8772226820285
LBR,2025,73.6572273170483
LBR,2024,74.930982144805
LBR,2023,76.2870435714976
LBR,2022,77.7355487371643
LBR,2021,79.1758281816491
LBR,2020,80.4992463808756
LBR,2019,81.5780596641484
LBR,2018,82.3273555911586
LBR,2017,82.886996416506
LBR,2016,83.3156979543346
LBR,2015,83.7696225636705
LBR,2014,84.1039806098194
LBR,2013,84.1405770171068
LBR,2012,83.8929335414041
LBR,2011,84.9387922661079
LBR,2010,86.3845153848308
LBR,2009,86.4461293670665
LBR,2008,86.5616629510604
LBR,2007,86.5400679344165
LBR,2006,86.1791332304335
LBR,2005,85.8486024822865
LBR,2004,85.6192763716864
LBR,2003,85.5058915876513
LBR,2002,85.4970081630427
LBR,2001,85.5802749357466
LBR,2000,85.7395411503212
LBR,1999,85.9399917233599
LBR,1998,86.1783952446528
LBR,1997,86.468641763894
LBR,1996,86.8815582162824
LBR,1995,87.3704959721375
LBR,1994,87.9572212522916
LBR,1993,88.5373326008069
LBR,1992,88.9895230808653
LBR,1991,89.3339165390098
LBR,1990,89.0849181345476
LBY,2025,47.1427373654177
LBY,2024,47.9982306839978
LBY,2023,48.8966237042016
LBY,2022,49.8326471003676
LBY,2021,50.7877754794448
LBY,2020,51.7664329804524
LBY,2019,52.6904898725235
LBY,2018,53.5606314027915
LBY,2017,54.316780868188
LBY,2016,54.8129406406828
LBY,2015,55.0478591788407
LBY,2014,55.1827484691787
LBY,2013,55.5142744874201
LBY,2012,55.9867957206503
LBY,2011,53.6124778839499
LBY,2010,51.3831706548825
LBY,2009,51.6918875504305
LBY,2008,52.1972496546203
LBY,2007,52.8164134237758
LBY,2006,53.5622357050929
LBY,2005,54.0214280925948
LBY,2004,54.079056428129
LBY,2003,54.2312178707777
LBY,2002,54.5038251442756
LBY,2001,54.8688055504286
LBY,2000,55.375714857257
LBY,1999,56.5217926020759
LBY,1998,58.2375368067359
LBY,1997,60.213154042088
LBY,1996,62.6007086445771
LBY,1995,65.3001150433981
LBY,1994,68.238485070086
LBY,1993,71.2874522703067
LBY,1992,74.3302413351481
LBY,1991,77.2800364515593
LBY,1990,80.1054320050273
LIE,2025,55.2821832771869
LIE,2024,53.8198273567327
LIE,2023,52.6959187583828
LIE,2022,51.5929679103332
LIE,2021,50.5436661927998
LIE,2020,49.7689997689998
LIE,2019,49.0933694181326
LIE,2018,48.2001007478591
LIE,2017,47.3051103954057
LIE,2016,46.4357819537195
LIE,2015,45.641702921069
LIE,2014,44.9733390417624
LIE,2013,44.2096233330734
LIE,2012,43.5935602647969
LIE,2011,43.0676490288011
LIE,2010,42.7309109640607
LIE,2009,42.2567164179105
LIE,2008,41.5579233010096
LIE,2007,41.1423310918988
LIE,2006,40.9129298210336
LIE,2005,40.787554691298
LIE,2004,40.7132061598791
LIE,2003,40.7350815610159
LIE,2002,40.702384432288
LIE,2001,40.4918102171245
LIE,2000,40.5657940062005
LIE,1999,40.795280751584
LIE,1998,40.7466666666667
LIE,1997,40.8178907976013
LIE,1996,41.0398582011544
LIE,1995,41.1937422581089
LIE,1994,41.2329084588644
LIE,1993,41.0906874238019
LIE,1992,40.9601294128842
LIE,1991,40.8205573233054
LIE,1990,40.9128793450017
LTU,2025,54.3856930076355
LTU,2024,53.5449086261818
LTU,2023,53.2410196696624
LTU,2022,53.6328325704064
LTU,2021,53.981202360287
LTU,2020,53.9636321004347
LTU,2019,53.7688027144722
LTU,2018,53.3218291161476
LTU,2017,52.4697006429964
LTU,2016,51.3268928056582
LTU,2015,50.3619191061471
LTU,2014,49.6747643092239
LTU,2013,49.2679130316874
LTU,2012,49.0656281931788
LTU,2011,48.8587271779847
LTU,2010,48.2183593142474
LTU,2009,47.7635626773805
LTU,2008,47.9556942173765
LTU,2007,48.3194062255434
LTU,2006,48.7238952736323
LTU,2005,48.9993026577485
LTU,2004,49.2017642258715
LTU,2003,49.4729820989418
LTU,2002,49.9788082343404
LTU,2001,50.5333131512989
LTU,2000,51.045198715514
LTU,1999,51.5663087924886
LTU,1998,51.8675311483392
LTU,1997,51.9155067707103
LTU,1996,51.8193299166801
LTU,1995,51.6908303426552
LTU,1994,51.6018297624501
LTU,1993,51.4432831978576
LTU,1992,51.0341232718861
LTU,1991,50.5841632982268
LTU,1990,50.1914842026041
LUX,2025,46.1097380969599
LUX,2024,45.4622803870045
LUX,2023,44.7725431159019
LUX,2022,44.3443744322715
LUX,2021,44.1975308641975
LUX,2020,44.0085433965712
LUX,2019,43.8630889675752
LUX,2018,43.8270056967655
LUX,2017,43.8628572531404
LUX,2016,44.0799897017467
LUX,2015,44.4196253128098
LUX,2014,44.6592575642532
LUX,2013,44.8006246552271
LUX,2012,44.9939238363122
LUX,2011,45.5970832607706
LUX,2010,46.3029820293268
LUX,2009,46.7542269196185
LUX,2008,47.2130001747335
LUX,2007,47.6801570355237
LUX,2006,48.0687717143743
LUX,2005,48.4273639000482
LUX,2004,48.6414136825574
LUX,2003,48.835201339296
LUX,2002,48.9986608738049
LUX,2001,48.9429528503335
LUX,2000,49.2001395224775
LUX,1999,49.3895667624481
LUX,1998,49.133187489246
LUX,1997,48.807978032738
LUX,1996,48.3709551475382
LUX,1995,47.8019155924013
LUX,1994,47.1066082511866
LUX,1993,46.3462678434015
LUX,1992,45.6226862080361
LUX,1991,44.9611938509484
LUX,1990,44.3763871401943
MAC,2025,40.4568585090153
MAC,2024,39.234272303324
MAC,2023,38.072078888916
MAC,2022,37.0195565931432
MAC,2021,35.9475093221149
MAC,2020,34.5607535716319
MAC,2019,32.8591001563862
MAC,2018,31.203429722938
MAC,2017,29.8365829190003
MAC,2016,28.7304709463712
MAC,2015,27.6834071152368
MAC,2014,26.5812475694649
MAC,2013,25.5094922147512
MAC,2012,24.5585945210888
MAC,2011,24.1388656743388
MAC,2010,24.5517759645225
MAC,2009,25.413454167829
MAC,2008,26.5005416104195
MAC,2007,27.8966416389627
MAC,2006,29.5548030580023
MAC,2005,31.4580319885838
MAC,2004,33.653136748293
MAC,2003,36.0114548871835
MAC,2002,38.3606909197641
MAC,2001,40.6250506399266
MAC,2000,42.6774111246227
MAC,1999,44.376771351649
MAC,1998,45.664388971864
MAC,1997,46.5573252322335
MAC,1996,47.0312162396704
MAC,1995,47.1148523819451
MAC,1994,46.9107280374385
MAC,1993,46.3643328416407
MAC,1992,45.392075388861
MAC,1991,44.4432578085208
MAC,1990,43.9388404962549
MDG,2025,73.6429466863019
MDG,2024,74.4044379155376
MDG,2023,75.1537300734546
MDG,2022,75.8512654399341
MDG,2021,76.4982094615521
MDG,2020,77.125045262279
MDG,2019,77.7556849963264
MDG,2018,78.4146213820003
MDG,2017,79.1610726988645
MDG,2016,80.0325838882681
MDG,2015,81.0274179265593
MDG,2014,82.1437972798409
MDG,2013,83.4502181265262
MDG,2012,84.89192078717
MDG,2011,86.2949697427707
MDG,2010,87.5514674326768
MDG,2009,88.6259182667826
MDG,2008,89.5836295034047
MDG,2007,90.4683448047263
MDG,2006,91.290813209297
MDG,2005,92.0343514216222
MDG,2004,92.6013121635461
MDG,2003,92.9564871729139
MDG,2002,93.1353629191031
MDG,2001,93.177661036787
MDG,2000,93.1978917110378
MDG,1999,93.1895589658069
MDG,1998,93.0736201618519
MDG,1997,92.941057455216
MDG,1996,92.8813263736405
MDG,1995,92.9583195665602
MDG,1994,93.2218460910038
MDG,1993,93.6411585534501
MDG,1992,94.1715188550484
MDG,1991,94.7673586289935
MDG,1990,95.4134806607625
MWI,2025,74.5659369447606
MWI,2024,76.3409449778756
MWI,2023,78.280606285515
MWI,2022,80.331752037888
MWI,2021,82.4504103830217
MWI,2020,84.5894429995323
MWI,2019,86.6850770289584
MWI,2018,88.6926562642419
MWI,2017,90.6164711918926
MWI,2016,92.469842966706
MWI,2015,94.1706815867058
MWI,2014,95.6432329654004
MWI,2013,96.9140962579928
MWI,2012,97.9454573129397
MWI,2011,98.7056878168271
MWI,2010,99.2985785532606
MWI,2009,99.7902005606032
MWI,2008,100.189727690775
MWI,2007,100.354877136686
MWI,2006,100.209831452238
MWI,2005,99.9013106426173
MWI,2004,99.5243301565615
MWI,2003,99.1771026288471
MWI,2002,98.8122746292155
MWI,2001,98.3784994561858
MWI,2000,97.9424274308025
MWI,1999,97.3921193979076
MWI,1998,97.0712678366793
MWI,1997,97.2146372285927
MWI,1996,97.4925183614205
MWI,1995,97.7628505890635
MWI,1994,97.9048925169559
MWI,1993,97.8702444338536
MWI,1992,97.6889973217102
MWI,1991,97.4336028495245
MWI,1990,97.1822499365851
MYS,2025,41.5274856756766
MYS,2024,41.8927658645277
MYS,2023,42.3268043029121
MYS,2022,42.8965624836029
MYS,2021,43.5789018280947
MYS,2020,44.2708649510882
MYS,2019,44.8360877975172
MYS,2018,45.227518847802
MYS,2017,45.4951518994463
MYS,2016,45.7340885358718
MYS,2015,46.0390855919982
MYS,2014,46.452998725794
MYS,2013,46.9575013879116
MYS,2012,47.5176972010419
MYS,2011,48.1465198770693
MYS,2010,49.0080301479463
MYS,2009,50.217187727247
MYS,2008,51.5703106887847
MYS,2007,52.8774181200561
MYS,2006,54.1658567260995
MYS,2005,55.4857254554276
MYS,2004,56.8082475537643
MYS,2003,58.0535975543566
MYS,2002,59.1995253303348
MYS,2001,60.2988538546068
MYS,2000,61.4063888151392
MYS,1999,62.4677878211496
MYS,1998,63.3225841852581
MYS,1997,63.9698636053134
MYS,1996,64.5481113388644
MYS,1995,65.1226757109751
MYS,1994,65.7089512339228
MYS,1993,66.3377644358613
MYS,1992,67.1101537856569
MYS,1991,68.0149166944822
MYS,1990,68.8920849246428
MDV,2025,31.5697174737072
MDV,2024,31.9824156478728
MDV,2023,32.264975533215
MDV,2022,32.3871085076878
MDV,2021,32.7942534738749
MDV,2020,33.5342081048449
MDV,2019,34.2339490950724
MDV,2018,34.958294347201
MDV,2017,35.7416836237512
MDV,2016,36.5731854969146
MDV,2015,37.4098572157554
MDV,2014,38.1726285126341
MDV,2013,38.9411756534302
MDV,2012,39.9334370365011
MDV,2011,41.2814899674467
MDV,2010,43.0783141130375
MDV,2009,45.3985271278994
MDV,2008,48.3264355238658
MDV,2007,51.9067994981367
MDV,2006,55.9074245178981
MDV,2005,59.5743351264653
MDV,2004,62.8912667531345
MDV,2003,66.4206289957734
MDV,2002,70.1555589268418
MDV,2001,74.1718596261069
MDV,2000,78.4343127578265
MDV,1999,82.5926413479892
MDV,1998,86.4109854957554
MDV,1997,89.8914022655857
MDV,1996,93.0398887441778
MDV,1995,95.7658276125095
MDV,1994,97.7943379859633
MDV,1993,99.0538431525556
MDV,1992,99.5766576030119
MDV,1991,99.4047158206233
MDV,1990,98.7171439433457
MLI,2025,92.8900095064012
MLI,2024,94.2739621678949
MLI,2023,95.5627428168982
MLI,2022,96.7585373584825
MLI,2021,97.9663657641359
MLI,2020,99.2426538469197
MLI,2019,100.416568884451
MLI,2018,101.280425994696
MLI,2017,101.88009329702
MLI,2016,102.313780775536
MLI,2015,102.527919857724
MLI,2014,102.530025586738
MLI,2013,102.371894954384
MLI,2012,101.520019157259
MLI,2011,100.448595050496
MLI,2010,99.774606425734
MLI,2009,99.1596620223077
MLI,2008,98.6304786371738
MLI,2007,98.1854739493354
MLI,2006,97.8338469561819
MLI,2005,97.5418176830727
MLI,2004,97.4334899551954
MLI,2003,97.6196752326577
MLI,2002,98.0229691528268
MLI,2001,98.6095350644855
MLI,2000,99.2877095020225
MLI,1999,99.9912004994696
MLI,1998,100.754605770192
MLI,1997,101.449799685408
MLI,1996,101.983566542074
MLI,1995,102.442138102144
MLI,1994,102.796515988259
MLI,1993,102.93934571176
MLI,1992,102.855486640917
MLI,1991,102.545356922589
MLI,1990,102.109294733611
MLT,2025,50.2403777624005
MLT,2024,49.7967062194204
MLT,2023,49.1465329757208
MLT,2022,48.1391709876354
MLT,2021,47.0550672482837
MLT,2020,46.6974581383966
MLT,2019,47.3547541904016
MLT,2018,48.2514161767364
MLT,2017,48.9049838377527
MLT,2016,48.8332492844933
MLT,2015,48.274826180852
MLT,2014,47.6796080782753
MLT,2013,46.7001868242298
MLT,2012,45.4521528946512
MLT,2011,44.336184687293
MLT,2010,43.4631225556363
MLT,2009,42.7038789942016
MLT,2008,42.4462058790781
MLT,2007,43.0042121695838
MLT,2006,43.8568345732296
MLT,2005,44.6070549983349
MLT,2004,45.2401376869035
MLT,2003,45.7977906211135
MLT,2002,46.2354353245314
MLT,2001,46.5669237309626
MLT,2000,46.9564201865554
MLT,1999,47.4772265473391
MLT,1998,48.034718059846
MLT,1997,48.6634380497808
MLT,1996,49.3131841138208
MLT,1995,49.7795486203434
MLT,1994,50.1801133973113
MLT,1993,50.5693384481878
MLT,1992,50.8145473938996
MLT,1991,51.0099982983386
MLT,1990,51.1880063861213
MHL,2025,63.3220796758947
MHL,2024,64.2447836927519
MHL,2023,64.169133192389
MHL,2022,63.2131948686622
MHL,2021,62.0582935046619
MHL,2020,61.9553263301604
MHL,2019,63.0311562256881
MHL,2018,64.0879773896659
MHL,2017,65.1076966750648
MHL,2016,66.1639732516021
MHL,2015,67.3950329308452
MHL,2014,68.7656747780113
MHL,2013,70.0704697986577
MHL,2012,71.2116671661173
MHL,2011,71.8319650423729
MHL,2010,71.5731522384123
MHL,2009,70.8711076074103
MHL,2008,70.2696511551803
MHL,2007,69.8214810221598
MHL,2006,69.7032999314554
MHL,2005,70.1780269499361
MHL,2004,71.3118549880921
MHL,2003,72.9544160498376
MHL,2002,74.9268657731818
MHL,2001,77.1352343993625
MHL,2000,79.4585029198372
MHL,1999,81.9968097447796
MHL,1998,85.193324890114
MHL,1997,88.9238321699778
MHL,1996,92.7637039086274
MHL,1995,96.634889595046
MHL,1994,100.445322018233
MHL,1993,104.064653117823
MHL,1992,107.325139664804
MHL,1991,110.179419768461
MHL,1990,112.670955444365
MRT,2025,83.9294038095587
MRT,2024,84.978354637561
MRT,2023,86.0514074690377
MRT,2022,87.1286509307235
MRT,2021,88.0959295107984
MRT,2020,88.9498303196694
MRT,2019,89.6916163393409
MRT,2018,90.2920743605582
MRT,2017,90.7873726755356
MRT,2016,91.1907782824228
MRT,2015,91.5214425586679
MRT,2014,91.7948866179137
MRT,2013,92.031078213882
MRT,2012,91.664195198007
MRT,2011,90.7731713679931
MRT,2010,90.1508605099638
MRT,2009,89.9184630036215
MRT,2008,90.0705345110381
MRT,2007,90.1764924696341
MRT,2006,90.0447923176414
MRT,2005,89.9065929024563
MRT,2004,89.7979464494244
MRT,2003,89.7159656025279
MRT,2002,89.6304959264814
MRT,2001,89.4823325029037
MRT,2000,89.7415289584708
MRT,1999,90.5068817705597
MRT,1998,91.1177597694217
MRT,1997,91.4953803929168
MRT,1996,91.1437313826015
MRT,1995,90.1467375928521
MRT,1994,89.8986539248916
MRT,1993,90.467292994328
MRT,1992,92.1041785497433
MRT,1991,93.6852310696192
MRT,1990,94.0737168651938
MUS,2025,40.1575184699365
MUS,2024,39.5416044069779
MUS,2023,39.0159696460938
MUS,2022,38.6410231913564
MUS,2021,38.4728266812466
MUS,2020,38.4194108816657
MUS,2019,38.4410218949367
MUS,2018,38.4931808158946
MUS,2017,38.5107396477242
MUS,2016,38.4624739783061
MUS,2015,38.3923483566676
MUS,2014,38.4067100217946
MUS,2013,38.4388601389527
MUS,2012,38.5139017716225
MUS,2011,38.8683881383446
MUS,2010,39.436655842418
MUS,2009,40.1045199897569
MUS,2008,40.9211541271497
MUS,2007,41.8745636623748
MUS,2006,42.8471378943506
MUS,2005,43.7141008435022
MUS,2004,44.4285151578596
MUS,2003,45.0371925177476
MUS,2002,45.5631562220941
MUS,2001,46.0108090426869
MUS,2000,46.4132350891217
MUS,1999,46.7850755365493
MUS,1998,47.3311004687492
MUS,1997,48.1058617616369
MUS,1996,49.0217619848612
MUS,1995,50.0610962566845
MUS,1994,51.1027410001317
MUS,1993,52.0418201114501
MUS,1992,52.837621099927
MUS,1991,53.5071979851092
MUS,1990,54.056822580035
MEX,2025,48.3954637764632
MEX,2024,48.7167150891959
MEX,2023,49.0415538480472
MEX,2022,49.3799037503831
MEX,2021,49.8060368026137
MEX,2020,50.3089773441429
MEX,2019,50.7872946012451
MEX,2018,51.2690018964587
MEX,2017,51.8182577831981
MEX,2016,52.3968518760979
MEX,2015,52.97209888579
MEX,2014,53.513139465276
MEX,2013,54.027488950612
MEX,2012,54.5632141554873
MEX,2011,55.1794320737435
MEX,2010,55.9321268636884
MEX,2009,56.7944957043171
MEX,2008,57.7194070815135
MEX,2007,58.6888542638054
MEX,2006,59.6732082754969
MEX,2005,60.6344937397539
MEX,2004,61.5479972392309
MEX,2003,62.3840117468188
MEX,2002,63.180962136667
MEX,2001,63.9944301026757
MEX,2000,64.8374720830817
MEX,1999,65.6971363362102
MEX,1998,66.544339879437
MEX,1997,67.4132301084894
MEX,1996,68.3276181298531
MEX,1995,69.2581943127318
MEX,1994,70.2356684550153
MEX,1993,71.3123295232963
MEX,1992,72.5773492012185
MEX,1991,74.1105276579391
MEX,1990,75.8587871701319
FSM,2025,60.4536280363015
FSM,2024,60.7646189691425
FSM,2023,60.9275875864434
FSM,2022,60.8706881708087
FSM,2021,60.7118175535591
FSM,2020,60.7734566380148
FSM,2019,60.8767323121809
FSM,2018,60.8243953117455
FSM,2017,60.8500822755054
FSM,2016,60.8657178674139
FSM,2015,61.0750585237206
FSM,2014,61.5271134158881
FSM,2013,62.0752199787142
FSM,2012,62.6922612944086
FSM,2011,63.205988876934
FSM,2010,63.7457175485345
FSM,2009,64.7569629912247
FSM,2008,66.1698979514011
FSM,2007,67.7506030350218
FSM,2006,69.3492391221228
FSM,2005,70.7856212156051
FSM,2004,72.102284958637
FSM,2003,73.2606045643218
FSM,2002,74.3503473083602
FSM,2001,75.598931066277
FSM,2000,77.0678592875881
FSM,1999,78.7795351219825
FSM,1998,80.7100092482923
FSM,1997,82.8148660214629
FSM,1996,85.0454636624992
FSM,1995,87.3368456832087
FSM,1994,89.4042265015889
FSM,1993,91.2013143561262
FSM,1992,93.0999539382773
FSM,1991,94.7610834170473
FSM,1990,95.8305834853837
MDA,2025,57.2129306739199
MDA,2024,56.2505935075156
MDA,2023,55.2962072281666
MDA,2022,54.4705439644419
MDA,2021,53.4770503502267
MDA,2020,52.1688916299112
MDA,2019,50.5590674260294
MDA,2018,48.8156929140567
MDA,2017,47.0079400184721
MDA,2016,44.9617606494355
MDA,2015,42.7369673494204
MDA,2014,40.5178254811007
MDA,2013,38.9863509860321
MDA,2012,38.53681973897
MDA,2011,38.7021715646631
MDA,2010,39.2276109366252
MDA,2009,39.9841607416017
MDA,2008,40.7533317404238
MDA,2007,41.4201256215393
MDA,2006,41.9919515615104
MDA,2005,42.6576130378575
MDA,2004,43.7107447244036
MDA,2003,45.2277213458685
MDA,2002,46.9737309731797
MDA,2001,48.7709381003071
MDA,2000,50.5562462195797
MDA,1999,52.2927141064316
MDA,1998,53.9340615311033
MDA,1997,55.2686626670516
MDA,1996,56.1849614186777
MDA,1995,56.7754217335656
MDA,1994,57.0826176553436
MDA,1993,57.0976096185377
MDA,1992,56.8998313609654
MDA,1991,56.7073629018313
MDA,1990,56.5562906944039
MCO,2025,99.1326477615041
MCO,2024,98.5659213569776
MCO,2023,98.1586042016379
MCO,2022,99.8459958932238
MCO,2021,100.416146483562
MCO,2020,97.078779717201
MCO,2019,95.4356633673522
MCO,2018,94.2964811325559
MCO,2017,91.6967692699059
MCO,2016,89.3720788457631
MCO,2015,86.5269461077844
MCO,2014,83.2192301840864
MCO,2013,79.6877376184924
MCO,2012,75.7607980150894
MCO,2011,71.5484131797049
MCO,2010,67.2112136338426
MCO,2009,62.8541236854023
MCO,2008,59.6910112359551
MCO,2007,58.7721923000199
MCO,2006,58.8503468780971
MCO,2005,58.6748768472906
MCO,2004,58.1892963815306
MCO,2003,57.5070545879148
MCO,2002,56.7340230107319
MCO,2001,55.9052469729002
MCO,2000,55.4480578571771
MCO,1999,55.5555555555556
MCO,1998,55.6761711776909
MCO,1997,55.5447753953624
MCO,1996,55.2797151636346
MCO,1995,54.9206038031759
MCO,1994,54.5033732210568
MCO,1993,54.1157253873187
MCO,1992,53.6972531847134
MCO,1991,53.2526020816653
MCO,1990,53.109396277803
MNG,2025,58.7082165471123
MNG,2024,59.5684105260823
MNG,2023,60.0027669535657
MNG,2022,60.0028703844358
MNG,2021,59.6313854511985
MNG,2020,58.9121466009596
MNG,2019,57.4288259442459
MNG,2018,55.4120963362594
MNG,2017,53.5127010854887
MNG,2016,51.7262924597998
MNG,2015,50.0825069416898
MNG,2014,48.6804175336851
MNG,2013,47.5860682131157
MNG,2012,46.8940830192974
MNG,2011,46.6487262591356
MNG,2010,46.4948711694247
MNG,2009,46.4101397882339
MNG,2008,46.7362412620023
MNG,2007,47.5020153723875
MNG,2006,48.6916914180332
MNG,2005,50.301413827289
MNG,2004,52.3149219210631
MNG,2003,54.6740050910007
MNG,2002,57.2868846352447
MNG,2001,60.0556081479177
MNG,2000,62.8796894489998
MNG,1999,65.5992152911426
MNG,1998,68.011666352161
MNG,1997,70.0998889627817
MNG,1996,71.9917334612135
MNG,1995,73.7854052580562
MNG,1994,75.5588164541737
MNG,1993,77.3488713835084
MNG,1992,79.1347317883394
MNG,1991,80.8558601824978
MNG,1990,82.4360798726683
MNE,2025,56.6770174622531
MNE,2024,56.1495772729094
MNE,2023,55.7603675124215
MNE,2022,55.321120340735
MNE,2021,54.7977027492217
MNE,2020,54.0327933331695
MNE,2019,52.9482821311871
MNE,2018,51.8453520785359
MNE,2017,50.8972133834732
MNE,2016,50.102612231378
MNE,2015,49.317180564088
MNE,2014,48.4844300871515
MNE,2013,47.938770224384
MNE,2012,47.7143448010288
MNE,2011,47.7757820614215
MNE,2010,48.2459709265313
MNE,2009,48.7735626597112
MNE,2008,49.1361993739349
MNE,2007,49.4878516468846
MNE,2006,49.7613655733314
MNE,2005,49.789189017833
MNE,2004,49.5975629387174
MNE,2003,49.3651091817044
MNE,2002,49.2426856576484
MNE,2001,49.2334265342526
MNE,2000,49.3198597017799
MNE,1999,49.4980967394173
MNE,1998,49.7447005653059
MNE,1997,50.0198132874551
MNE,1996,50.246762092818
MNE,1995,50.3994099207081
MNE,1994,50.5005698643895
MNE,1993,50.5618587481679
MNE,1992,50.6026422210893
MNE,1991,50.6254713985153
MNE,1990,50.5306300782229
MAR,2025,50.7154014206338
MAR,2024,50.9925352190748
MAR,2023,51.1965827591372
MAR,2022,51.3182365864151
MAR,2021,51.3907036633908
MAR,2020,51.445532015848
MAR,2019,51.4045655561766
MAR,2018,51.2665088515347
MAR,2017,51.1556180708406
MAR,2016,51.1432000019679
MAR,2015,51.215660270365
MAR,2014,51.3322745978475
MAR,2013,51.5336269622414
MAR,2012,51.7973785639985
MAR,2011,52.0610436194687
MAR,2010,52.3621899992693
MAR,2009,52.795415581033
MAR,2008,53.400034148467
MAR,2007,54.1573061144755
MAR,2006,55.0741290970672
MAR,2005,56.1916489979919
MAR,2004,57.4496732210295
MAR,2003,58.6812379549291
MAR,2002,59.8593006334937
MAR,2001,61.0419023199319
MAR,2000,62.2276807795302
MAR,1999,63.4476580981654
MAR,1998,64.7216537020207
MAR,1997,66.0457666328352
MAR,1996,67.4266056352243
MAR,1995,68.8413993723825
MAR,1994,70.3621549030513
MAR,1993,71.9382564205696
MAR,1992,73.4008262589948
MAR,1991,74.7894601998106
MAR,1990,76.195771151489
MOZ,2025,88.3324550531064
MOZ,2024,89.5117827853714
MOZ,2023,90.5547175254326
MOZ,2022,91.3012310999481
MOZ,2021,91.8281932595934
MOZ,2020,92.291028024715
MOZ,2019,92.6621562736864
MOZ,2018,92.9253199854508
MOZ,2017,93.2423544063081
MOZ,2016,93.607198247634
MOZ,2015,93.9293110832597
MOZ,2014,94.2161364066836
MOZ,2013,94.3878820252348
MOZ,2012,94.4104058552586
MOZ,2011,94.332148584921
MOZ,2010,94.0261658892848
MOZ,2009,93.5010159523487
MOZ,2008,92.9953654301209
MOZ,2007,92.6490302179457
MOZ,2006,92.4680735069968
MOZ,2005,92.3546289579785
MOZ,2004,92.224142603261
MOZ,2003,92.0740306774078
MOZ,2002,91.9062034965013
MOZ,2001,91.6817606110248
MOZ,2000,91.41800590567
MOZ,1999,91.1412533869643
MOZ,1998,90.9637154421639
MOZ,1997,90.8761449061074
MOZ,1996,91.1433393086102
MOZ,1995,91.9204648361317
MOZ,1994,92.7913859853629
MOZ,1993,93.5875999819242
MOZ,1992,94.1521114210069
MOZ,1991,94.5219537203457
MOZ,1990,94.8830779250313
MMR,2025,46.2006615921466
MMR,2024,46.2094250408467
MMR,2023,46.2092542209052
MMR,2022,46.2100569537985
MMR,2021,46.2474842232341
MMR,2020,46.3134094770448
MMR,2019,46.396472048483
MMR,2018,46.5323258218492
MMR,2017,46.756347215943
MMR,2016,47.0384089285758
MMR,2015,47.3459615010681
MMR,2014,47.7168930939888
MMR,2013,48.2399603707655
MMR,2012,48.9034909828251
MMR,2011,49.6180713857605
MMR,2010,50.3522749835262
MMR,2009,51.0971909384398
MMR,2008,51.9331393368263
MMR,2007,52.7788438336245
MMR,2006,53.5569485953781
MMR,2005,54.3329324573011
MMR,2004,55.0806514558901
MMR,2003,55.7675617214783
MMR,2002,56.4403415340296
MMR,2001,57.2352074018873
MMR,2000,58.2217539588067
MMR,1999,59.3810136784612
MMR,1998,60.6153398492122
MMR,1997,61.8050027662346
MMR,1996,62.886662220846
MMR,1995,63.8951960758404
MMR,1994,64.8819797218011
MMR,1993,65.8302412465037
MMR,1992,66.7352277282887
MMR,1991,67.6272739657965
MMR,1990,68.5640819743697
NAM,2025,67.9083284336799
NAM,2024,68.4996560642518
NAM,2023,69.1003275178326
NAM,2022,69.4803500031965
NAM,2021,69.2049280206522
NAM,2020,68.6758501750883
NAM,2019,68.1991512920047
NAM,2018,67.7544912713027
NAM,2017,67.2764239848555
NAM,2016,66.9127141567747
NAM,2015,66.7829222941766
NAM,2014,66.8472385988561
NAM,2013,66.9670951831369
NAM,2012,67.0273861674891
NAM,2011,67.071490510433
NAM,2010,67.3402115495657
NAM,2009,68.0053052757571
NAM,2008,69.0611791172725
NAM,2007,70.4594873717606
NAM,2006,72.1750510200995
NAM,2005,74.1613552573432
NAM,2004,76.026430041059
NAM,2003,77.5660733798826
NAM,2002,78.8936247547273
NAM,2001,79.9444192509389
NAM,2000,80.7235309023517
NAM,1999,81.2772089093169
NAM,1998,81.6835410122091
NAM,1997,82.056104177152
NAM,1996,82.5210950580461
NAM,1995,83.0253341116611
NAM,1994,83.357014269826
NAM,1993,83.5761835984508
NAM,1992,83.7777948254244
NAM,1991,83.9733335066049
NAM,1990,84.3884953118625
NRU,2025,67.1299513551077
NRU,2024,68.4336669956295
NRU,2023,69.0872846361954
NRU,2022,68.8027463882134
NRU,2021,68.0637290081814
NRU,2020,66.9582676036139
NRU,2019,65.6562768086932
NRU,2018,65.4223119054483
NRU,2017,65.9680492452
NRU,2016,66.1549925484352
NRU,2015,65.9445538554764
NRU,2014,65.4142285186326
NRU,2013,64.8072704481354
NRU,2012,63.8946528332003
NRU,2011,62.2168674698795
NRU,2010,60.380070265091
NRU,2009,59.2463030688504
NRU,2008,58.8823622797269
NRU,2007,59.2751549833095
NRU,2006,60.1851851851852
NRU,2005,61.4136546184739
NRU,2004,62.8724093264249
NRU,2003,64.4059486844256
NRU,2002,65.7405885253986
NRU,2001,66.8863261943987
NRU,2000,68.1216931216931
NRU,1999,69.6419650291424
NRU,1998,71.5102589976455
NRU,1997,73.430855587685
NRU,1996,75.249569707401
NRU,1995,76.8441196938065
NRU,1994,78.0920590302179
NRU,1993,78.9865343727853
NRU,1992,79.2986222937914
NRU,1991,78.9932763946938
NRU,1990,77.8887040118321
NPL,2025,53.0834685604877
NPL,2024,53.6868554776039
NPL,2023,54.0220133747515
NPL,2022,54.1657821006166
NPL,2021,54.9709890210653
NPL,2020,56.652683071554
NPL,2019,58.7001840122581
NPL,2018,60.1789003710396
NPL,2017,60.8935676824888
NPL,2016,61.6232358975145
NPL,2015,62.6773848232675
NPL,2014,63.8731073448067
NPL,2013,64.8884391194323
NPL,2012,65.8847037805744
NPL,2011,67.1104103276562
NPL,2010,68.7230673269311
NPL,2009,70.5131590457199
NPL,2008,72.2103147648034
NPL,2007,73.7412792890358
NPL,2006,75.0965421342507
NPL,2005,76.3566959043179
NPL,2004,77.5292988288111
NPL,2003,78.6140023049205
NPL,2002,79.5878346721543
NPL,2001,80.4071397893568
NPL,2000,81.0445699996489
NPL,1999,81.5529364487184
NPL,1998,81.9808345109139
NPL,1997,82.2646727822246
NPL,1996,82.3282875131383
NPL,1995,82.1310872499135
NPL,1994,81.9369587333842
NPL,1993,81.8258370514492
NPL,1992,81.9837250719137
NPL,1991,82.3146467000289
NPL,1990,82.4138121433919
NLD,2025,55.7701131647018
NLD,2024,55.0909942337838
NLD,2023,54.6264908553262
NLD,2022,54.4455963721084
NLD,2021,54.1991252368432
NLD,2020,53.8223735345247
NLD,2019,53.5125012921873
NLD,2018,53.2595764421941
NLD,2017,52.9840892509348
NLD,2016,52.6972672445206
NLD,2015,52.4272622166642
NLD,2014,52.0149611855016
NLD,2013,51.4289591698403
NLD,2012,50.6460351411108
NLD,2011,49.6322091919466
NLD,2010,48.9390840593512
NLD,2009,48.6378733180059
NLD,2008,48.3834903176158
NLD,2007,48.2541352334204
NLD,2006,48.2136628287853
NLD,2005,48.1687259592709
NLD,2004,48.0486896030983
NLD,2003,47.8837208072943
NLD,2002,47.778007873293
NLD,2001,47.7234584540489
NLD,2000,47.5997257745678
NLD,1999,47.3984900222728
NLD,1998,47.1611679571244
NLD,1997,46.9014218637429
NLD,1996,46.678356484411
NLD,1995,46.4793379314632
NLD,1994,46.2126735776954
NLD,1993,45.9411627880563
NLD,1992,45.6926157372403
NLD,1991,45.4275168201686
NLD,1990,45.1820967673494
NCL,2025,48.9582124933801
NCL,2024,48.6593989393047
NCL,2023,48.4047019311503
NCL,2022,48.2687928283355
NCL,2021,48.2319006288654
NCL,2020,48.2739909003632
NCL,2019,48.341135549337
NCL,2018,48.4570034346988
NCL,2017,48.6885022391425
NCL,2016,48.9630198040617
NCL,2015,49.2486652014189
NCL,2014,49.4340885903758
NCL,2013,49.5462108606867
NCL,2012,49.7087207411776
NCL,2011,49.9783368313255
NCL,2010,50.3745264525475
NCL,2009,50.7975122074176
NCL,2008,51.1138893850092
NCL,2007,51.4231877230808
NCL,2006,51.8997594619803
NCL,2005,52.52997459727
NCL,2004,53.0939532045537
NCL,2003,53.6052231928454
NCL,2002,54.0210369938056
NCL,2001,54.1880527078452
NCL,2000,54.1519837486008
NCL,1999,54.0549876630243
NCL,1998,54.0778278458416
NCL,1997,54.1305658934114
NCL,1996,54.4046991490323
NCL,1995,55.0532758660714
NCL,1994,55.8478600337805
NCL,1993,56.6893256489828
NCL,1992,57.5652880804796
NCL,1991,58.4968692062826
NCL,1990,59.5976954315639
NZL,2025,55.0071729412436
NZL,2024,54.593968731105
NZL,2023,54.2574461849167
NZL,2022,54.0514723670098
NZL,2021,53.6270312994757
NZL,2020,52.9981292985865
NZL,2019,52.5965951829053
NZL,2018,52.3710857473679
NZL,2017,52.257834938067
NZL,2016,52.307552633679
NZL,2015,52.5174780979885
NZL,2014,52.7543470643702
NZL,2013,52.7030093022296
NZL,2012,52.2425741120968
NZL,2011,51.638047175897
NZL,2010,51.1623907332559
NZL,2009,50.8301336353722
NZL,2008,50.6047098354443
NZL,2007,50.4429979608737
NZL,2006,50.3686450148658
NZL,2005,50.5037483038793
NZL,2004,50.847736601215
NZL,2003,51.3493361554743
NZL,2002,51.9651555848397
NZL,2001,52.4848880657864
NZL,2000,52.7172966382163
NZL,1999,52.7802897451444
NZL,1998,52.7780169453447
NZL,1997,52.7498651779348
NZL,1996,52.7893263636509
NZL,1995,52.831992610945
NZL,1994,52.7771904435731
NZL,1993,52.6104451985299
NZL,1992,52.37793628577
NZL,1991,52.3123800492615
NZL,1990,52.2165060145131
NIC,2025,51.538589293453
NIC,2024,52.1895509332864
NIC,2023,52.8658369386387
NIC,2022,53.5775290251537
NIC,2021,54.3648388491391
NIC,2020,55.2388559468015
NIC,2019,56.0113131029246
NIC,2018,56.6166527426414
NIC,2017,57.1888758345376
NIC,2016,57.7782531320644
NIC,2015,58.4227991763294
NIC,2014,59.1180966549615
NIC,2013,59.8943184475099
NIC,2012,60.7923863166663
NIC,2011,61.8063368356308
NIC,2010,62.8894902643049
NIC,2009,64.0300059503856
NIC,2008,65.2625486607333
NIC,2007,66.5780733917154
NIC,2006,67.9597654389063
NIC,2005,69.4687250377982
NIC,2004,71.0839597269489
NIC,2003,72.7501380751168
NIC,2002,74.4910277838672
NIC,2001,76.2627403429759
NIC,2000,78.045426702172
NIC,1999,79.8669555758554
NIC,1998,81.7739025051142
NIC,1997,83.723867161581
NIC,1996,85.6579431812919
NIC,1995,87.5609238817577
NIC,1994,89.4053609359947
NIC,1993,91.1481985537271
NIC,1992,92.7689723886751
NIC,1991,94.2620307954433
NIC,1990,95.6059422010843
NER,2025,95.4818820710142
NER,2024,96.8325672256489
NER,2023,98.164041724651
NER,2022,99.5107362854154
NER,2021,100.876178117822
NER,2020,102.206558256442
NER,2019,103.388518016932
NER,2018,104.411348645466
NER,2017,105.292342759729
NER,2016,106.063782914591
NER,2015,106.76550873684
NER,2014,107.29012934659
NER,2013,107.587243447039
NER,2012,107.77930818857
NER,2011,107.748947211758
NER,2010,107.358330771975
NER,2009,106.753966582566
NER,2008,105.99092009742
NER,2007,105.116178985624
NER,2006,104.162685909184
NER,2005,103.161797729245
NER,2004,102.126021479622
NER,2003,101.088806817637
NER,2002,100.09783599039
NER,2001,99.1648395565348
NER,2000,98.3020935757532
NER,1999,97.4996264930728
NER,1998,96.7954591299157
NER,1997,96.2081490491038
NER,1996,95.7627316835882
NER,1995,95.585433805969
NER,1994,95.5892281117979
NER,1993,95.6401607979707
NER,1992,95.7190176529565
NER,1991,95.8191083859086
NER,1990,95.9533300477606
NGA,2025,77.2712069555623
NGA,2024,78.7709744526654
NGA,2023,80.2464063402127
NGA,2022,81.687287853566
NGA,2021,83.1000083234404
NGA,2020,84.5258373117038
NGA,2019,85.8794318634782
NGA,2018,87.0562828519935
NGA,2017,88.1255756898501
NGA,2016,89.0622854601106
NGA,2015,89.7206263682148
NGA,2014,90.092940117399
NGA,2013,90.2972750019224
NGA,2012,90.3779963318547
NGA,2011,90.3493899125583
NGA,2010,90.2349884259357
NGA,2009,90.01512867819
NGA,2008,89.7010850655611
NGA,2007,89.3717479065226
NGA,2006,89.0370331032741
NGA,2005,88.7013602682499
NGA,2004,88.4323064270027
NGA,2003,88.2016466613452
NGA,2002,87.9887566173429
NGA,2001,87.8660990232171
NGA,2000,87.8803537652729
NGA,1999,88.1093885201792
NGA,1998,88.6082412306977
NGA,1997,89.2308944527818
NGA,1996,89.835314313018
NGA,1995,90.4546627570498
NGA,1994,91.1719085372769
NGA,1993,91.9754648058757
NGA,1992,92.775318527314
NGA,1991,93.4621238269268
NGA,1990,94.0547521701476
MKD,2025,53.9728415877668
MKD,2024,53.4859870639466
MKD,2023,52.8340697087164
MKD,2022,52.0830012221691
MKD,2021,51.3921943501335
MKD,2020,50.5073201188734
MKD,2019,49.2556155977468
MKD,2018,48.0106840670598
MKD,2017,47.0672255043133
MKD,2016,46.3865862414523
MKD,2015,45.8787830708818
MKD,2014,45.4776570410231
MKD,2013,45.0133457627298
MKD,2012,44.6285736126547
MKD,2011,44.6211175116841
MKD,2010,44.8337754824883
MKD,2009,45.1209438129325
MKD,2008,45.465110015989
MKD,2007,45.8026442433186
MKD,2006,46.2205163172983
MKD,2005,46.8173694803374
MKD,2004,47.4705214167274
MKD,2003,48.0257861874555
MKD,2002,48.4950971023654
MKD,2001,49.0253833872834
MKD,2000,49.6535888870754
MKD,1999,50.2993481029117
MKD,1998,50.7755742734507
MKD,1997,51.108262459676
MKD,1996,51.4505753838652
MKD,1995,51.6387863943968
MKD,1994,51.4097600820622
MKD,1993,51.0931907467276
MKD,1992,51.0749427296796
MKD,1991,51.2881606367072
MKD,1990,51.5043329134034
MNP,2025,47.0914127423823
MNP,2024,46.5285591369382
MNP,2023,45.6023222060958
MNP,2022,44.3591591215264
MNP,2021,43.1749611434492
MNP,2020,42.222754204321
MNP,2019,42.0908124704771
MNP,2018,42.4449991292738
MNP,2017,42.5770547945205
MNP,2016,42.5419017939864
MNP,2015,42.3825317855169
MNP,2014,42.1937593677613
MNP,2013,42.0298828913716
MNP,2012,41.9535479053892
MNP,2011,41.9740988903308
MNP,2010,41.933875623196
MNP,2009,41.5287406308357
MNP,2008,40.9023668639053
MNP,2007,40.2798933739528
MNP,2006,39.5919118492788
MNP,2005,38.7657453153514
MNP,2004,37.752881611548
MNP,2003,36.5811394809913
MNP,2002,35.2602795219769
MNP,2001,33.7583126746154
MNP,2000,32.639953429708
MNP,1999,33.6713173264114
MNP,1998,36.6141030780881
MNP,1997,39.8709932530954
MNP,1996,43.5081876214266
MNP,1995,45.4369811320755
MNP,1994,44.2581959622152
MNP,1993,42.1417303349933
MNP,1992,39.9702593017132
MNP,1991,37.6057778742134
MNP,1990,35.4860894029384
NOR,2025,53.8559621457851
NOR,2024,53.7846035980815
NOR,2023,53.9423382909882
NOR,2022,54.121894369811
NOR,2021,53.9942602946959
NOR,2020,53.7024036773317
NOR,2019,53.4506846449634
NOR,2018,53.1960276841597
NOR,2017,52.8187217825194
NOR,2016,52.4161859607572
NOR,2015,52.1044566844697
NOR,2014,51.8888567930458
NOR,2013,51.6716018336905
NOR,2012,51.4440615689539
NOR,2011,51.2230746496865
NOR,2010,51.0382769236853
NOR,2009,50.8957069938457
NOR,2008,50.9217590461968
NOR,2007,51.2684421687637
NOR,2006,51.7958323440353
NOR,2005,52.3220986245749
NOR,2004,52.7570832006829
NOR,2003,53.1550102414156
NOR,2002,53.5644614689625
NOR,2001,53.9426008662733
NOR,2000,54.2490224128071
NOR,1999,54.5029199266599
NOR,1998,54.7290587762079
NOR,1997,54.8767200635376
NOR,1996,54.8878006841267
NOR,1995,54.8412385210465
NOR,1994,54.798595729719
NOR,1993,54.7703797876354
NOR,1992,54.6927870679401
NOR,1991,54.5478809435049
NOR,1990,54.4470022925958
OMN,2025,37.0001396258028
OMN,2024,37.6631602323536
OMN,2023,38.6735887164327
OMN,2022,40.6042782083888
OMN,2021,41.4961719450782
OMN,2020,39.2044242565832
OMN,2019,36.2325820015673
OMN,2018,34.1666301915092
OMN,2017,33.0322459964072
OMN,2016,32.769904557786
OMN,2015,33.02053908217
OMN,2014,32.812648804734
OMN,2013,32.4945734382025
OMN,2012,34.0090633813326
OMN,2011,39.102486722755
OMN,2010,43.920261133618
OMN,2009,45.0385630222864
OMN,2008,46.3687424803325
OMN,2007,48.1710758509604
OMN,2006,50.3918280645057
OMN,2005,52.9309144264007
OMN,2004,55.6231374794941
OMN,2003,58.0410313668988
OMN,2002,60.1302890531434
OMN,2001,62.2100767230744
OMN,2000,64.2577157828065
OMN,1999,66.2432813749827
OMN,1998,68.1584488632881
OMN,1997,69.9666074953139
OMN,1996,71.5309322950465
OMN,1995,72.7095618178856
OMN,1994,73.4428059651754
OMN,1993,75.1895375448551
OMN,1992,78.3253642662555
OMN,1991,81.5194522277757
OMN,1990,84.7114802644668
PAK,2025,68.3670728422197
PAK,2024,69.3926431439163
PAK,2023,70.1673862519405
PAK,2022,70.7109794452284
PAK,2021,71.3439501303533
PAK,2020,72.0651682830605
PAK,2019,72.6314584931864
PAK,2018,73.1024168008764
PAK,2017,73.5768238017572
PAK,2016,73.9138783908976
PAK,2015,74.161810917677
PAK,2014,74.4256172449709
PAK,2013,74.6202486526627
PAK,2012,74.7398435909083
PAK,2011,75.0100380395422
PAK,2010,75.5364234270318
PAK,2009,76.3243708555709
PAK,2008,77.3059146807243
PAK,2007,78.616390172067
PAK,2006,80.100024981889
PAK,2005,81.4989219399268
PAK,2004,83.0037628777389
PAK,2003,84.4400864362812
PAK,2002,85.5449528888916
PAK,2001,86.5773622162083
PAK,2000,87.8265663645158
PAK,1999,88.9480257631773
PAK,1998,89.8748985312392
PAK,1997,90.7652198383735
PAK,1996,91.5013917796717
PAK,1995,92.0050933998263
PAK,1994,92.1153641235323
PAK,1993,91.9353108787057
PAK,1992,91.3237120318044
PAK,1991,90.6055379024562
PAK,1990,90.3524722641165
PLW,2025,42.3861346231358
PLW,2024,42.0144462279294
PLW,2023,41.6233921866262
PLW,2022,41.2358835692699
PLW,2021,40.8252158073968
PLW,2020,40.3739940034717
PLW,2019,39.9512501965718
PLW,2018,39.5456325891109
PLW,2017,39.16712243144
PLW,2016,38.8546461730514
PLW,2015,38.6223574381777
PLW,2014,38.0855873411801
PLW,2013,37.2452947581272
PLW,2012,36.8538633387258
PLW,2011,36.9310005301825
PLW,2010,37.1812080536913
PLW,2009,37.7180714022819
PLW,2008,38.4385696598937
PLW,2007,39.3316009816659
PLW,2006,40.5422853453841
PLW,2005,41.8276799771003
PLW,2004,42.2930576495082
PLW,2003,42.0273101654505
PLW,2002,41.6515360592636
PLW,2001,41.327685678814
PLW,2000,41.5141676505313
PLW,1999,42.9079086647512
PLW,1998,45.0814536340852
PLW,1997,47.2075441021055
PLW,1996,49.2349311015301
PLW,1995,50.5955508845682
PLW,1994,51.2173128944995
PLW,1993,51.9443155452436
PLW,1992,53.0340735068913
PLW,1991,54.5076694705591
PLW,1990,56.3422131147541
PAN,2025,51.9369077414487
PAN,2024,52.086689450372
PAN,2023,52.2832629253976
PAN,2022,52.5235087553911
PAN,2021,52.7929130402984
PAN,2020,53.1002058685187
PAN,2019,53.4020908356858
PAN,2018,53.624280829378
PAN,2017,53.7889222787002
PAN,2016,53.9493724089181
PAN,2015,54.1048939156735
PAN,2014,54.2499473891337
PAN,2013,54.4075216838135
PAN,2012,54.5835697778655
PAN,2011,54.7645056657503
PAN,2010,54.9787704410051
PAN,2009,55.234464280737
PAN,2008,55.5206266587647
PAN,2007,55.8490841487759
PAN,2006,56.228327813305
PAN,2005,56.667292448204
PAN,2004,57.1455777301836
PAN,2003,57.6552429718081
PAN,2002,58.2235606348269
PAN,2001,58.8544709788102
PAN,2000,59.5451982251845
PAN,1999,60.2913330455299
PAN,1998,61.0790501953712
PAN,1997,61.8743954736491
PAN,1996,62.6593331628865
PAN,1995,63.439321181873
PAN,1994,64.2224528426081
PAN,1993,65.01743818075
PAN,1992,65.8482400125357
PAN,1991,66.7417856105342
PAN,1990,67.6882408455763
PNG,2025,58.0619655147954
PNG,2024,58.5895021011812
PNG,2023,59.1154128064381
PNG,2022,59.6478729772873
PNG,2021,60.2004502555026
PNG,2020,60.7966355025057
PNG,2019,61.4277597667137
PNG,2018,62.0835728625426
PNG,2017,62.747368992176
PNG,2016,63.4039488403005
PNG,2015,64.0395867812166
PNG,2014,64.6770936798606
PNG,2013,65.3208940914198
PNG,2012,65.9603271074004
PNG,2011,66.5940389141745
PNG,2010,67.2323873619272
PNG,2009,67.9026023134093
PNG,2008,68.5909294678462
PNG,2007,69.2716381875149
PNG,2006,69.9319740225988
PNG,2005,70.5944059046986
PNG,2004,71.3086839526359
PNG,2003,72.0371751055006
PNG,2002,72.7073792134938
PNG,2001,73.327844631617
PNG,2000,73.8931516348343
PNG,1999,74.4163821857913
PNG,1998,74.9612919743328
PNG,1997,75.517018477224
PNG,1996,76.0752754056323
PNG,1995,76.6746756403692
PNG,1994,77.298110161124
PNG,1993,77.9170127180845
PNG,1992,78.5408554725847
PNG,1991,79.1234353900257
PNG,1990,79.4887964633648
PRY,2025,54.0589789034059
PRY,2024,54.1439537929832
PRY,2023,54.2026658651783
PRY,2022,54.219471606521
PRY,2021,54.3435648184816
PRY,2020,54.5220192083825
PRY,2019,54.6312782944239
PRY,2018,54.73685224195
PRY,2017,54.889974325347
PRY,2016,55.1509755644003
PRY,2015,55.5597734558191
PRY,2014,56.1352116443968
PRY,2013,56.8858508247695
PRY,2012,57.8075986249322
PRY,2011,58.8837421038049
PRY,2010,60.0854500313449
PRY,2009,61.3466407240638
PRY,2008,62.6578348407997
PRY,2007,64.0858464459094
PRY,2006,65.6362593147206
PRY,2005,67.2726814974197
PRY,2004,68.9951357452936
PRY,2003,70.7961250474172
PRY,2002,72.4154451799927
PRY,2001,73.8518323898482
PRY,2000,75.3709927233408
PRY,1999,76.920193570859
PRY,1998,78.4083002399761
PRY,1997,79.7754612209207
PRY,1996,80.963298856361
PRY,1995,81.8875244099029
PRY,1994,82.4989949410331
PRY,1993,82.8274044751613
PRY,1992,82.9290582224109
PRY,1991,82.8781271111986
PRY,1990,82.7567936942236
PER,2025,49.4335606299582
PER,2024,49.6973010705299
PER,2023,50.0391504388028
PER,2022,50.5475609612953
PER,2021,51.2732345713394
PER,2020,52.0259679366878
PER,2019,52.7058864277693
PER,2018,53.5702959648924
PER,2017,54.4342798477223
PER,2016,55.0315226387303
PER,2015,55.5249961792269
PER,2014,55.9260526415525
PER,2013,56.2690728263129
PER,2012,56.6078305489283
PER,2011,56.9732555404503
PER,2010,57.4065110598485
PER,2009,57.915054074934
PER,2008,58.4861812206581
PER,2007,58.9908779480438
PER,2006,59.4213281709725
PER,2005,59.9218464564285
PER,2004,60.519573375419
PER,2003,61.2360977253486
PER,2002,62.0588640528885
PER,2001,62.9840392352179
PER,2000,64.0029073497459
PER,1999,65.1180385872912
PER,1998,66.3373279866207
PER,1997,67.572845929944
PER,1996,68.7533140333823
PER,1995,69.8855109203906
PER,1994,71.0046208460218
PER,1993,72.1226891613753
PER,1992,73.2367592598115
PER,1991,74.3176180487689
PER,1990,75.4157192605356
PHL,2025,48.9488685879186
PHL,2024,50.0600272907847
PHL,2023,51.2166581870048
PHL,2022,52.3747406896807
PHL,2021,53.59656857012
PHL,2020,54.8178657691752
PHL,2019,55.745826525598
PHL,2018,56.4951142171875
PHL,2017,57.3664779049531
PHL,2016,58.4031241305213
PHL,2015,59.5211985547012
PHL,2014,60.4579386236435
PHL,2013,61.1835246269493
PHL,2012,62.0255491999165
PHL,2011,62.9060289047957
PHL,2010,63.7943677675165
PHL,2009,64.7322063281476
PHL,2008,65.4578959893668
PHL,2007,66.2081132680944
PHL,2006,67.0134961718752
PHL,2005,67.8557797530439
PHL,2004,68.8601701921728
PHL,2003,69.8842742816374
PHL,2002,70.8905082045512
PHL,2001,71.8430200888632
PHL,2000,72.936876606391
PHL,1999,74.1825986663884
PHL,1998,75.5384346968209
PHL,1997,76.7544156910898
PHL,1996,77.6409765550621
PHL,1995,78.3513792566435
PHL,1994,78.8922732700555
PHL,1993,79.4132075654664
PHL,1992,80.0698044356479
PHL,1991,80.4295485629981
PHL,1990,80.6376867539352
POL,2025,54.3548387096774
POL,2024,53.7259735061021
POL,2023,53.040171083641
POL,2022,52.306617945756
POL,2021,51.5090347483071
POL,2020,50.5227064080951
POL,2019,49.2108489415536
POL,2018,47.7612534407976
POL,2017,46.3552256954314
POL,2016,45.0280416831877
POL,2015,43.8362521585049
POL,2014,42.8060356896606
POL,2013,41.9187994358197
POL,2012,41.1812976961914
POL,2011,40.6038867481198
POL,2010,40.1427258410617
POL,2009,40.2461435125724
POL,2008,40.7089419389074
POL,2007,41.1182419857251
POL,2006,41.6701569210444
POL,2005,42.282987328555
POL,2004,42.9286318913617
POL,2003,43.6609246648372
POL,2002,44.4836130007559
POL,2001,45.35587779018
POL,2000,46.3835221191094
POL,1999,47.4582116617726
POL,1998,48.5986708188556
POL,1997,49.7461925000558
POL,1996,50.6519973757847
POL,1995,51.4084299288673
POL,1994,52.0799767263411
POL,1993,52.6595648829808
POL,1992,53.1887384775525
POL,1991,53.6751792573387
POL,1990,54.0315528240809
PRT,2025,60.4019255586633
PRT,2024,59.5712560251323
PRT,2023,58.7431554582857
PRT,2022,57.9534940611134
PRT,2021,57.3226204831259
PRT,2020,56.7408062962516
PRT,2019,56.0597690902446
PRT,2018,55.4000956836287
PRT,2017,54.7787059554707
PRT,2016,54.1064166804349
PRT,2015,53.5461746188761
PRT,2014,53.0684518514169
PRT,2013,52.4520220427443
PRT,2012,51.847563868264
PRT,2011,51.3181626645034
PRT,2010,50.8405935299935
PRT,2009,50.4568268189575
PRT,2008,50.1334939963251
PRT,2007,49.9501563011353
PRT,2006,49.8485818819196
PRT,2005,49.6803556531447
PRT,2004,49.373496396338
PRT,2003,49.0173222956897
PRT,2002,48.7003669975105
PRT,2001,48.3793384190982
PRT,2000,48.187116261373
PRT,1999,48.1636201837127
PRT,1998,48.1872210239773
PRT,1997,48.2512501440866
PRT,1996,48.3981421229632
PRT,1995,48.6487816825691
PRT,1994,48.9785715329449
PRT,1993,49.3315230137625
PRT,1992,49.7881968786243
PRT,1991,50.5349229002801
PRT,1990,51.49836395052
PRI,2025,57.5113305228757
PRI,2024,57.1026873336084
PRI,2023,56.8593409036051
PRI,2022,56.6985045226365
PRI,2021,56.3281465609764
PRI,2020,55.8410147549781
PRI,2019,55.5573505958644
PRI,2018,55.496940093307
PRI,2017,54.357888467815
PRI,2016,53.0953758178919
PRI,2015,52.8564868623137
PRI,2014,52.830179831457
PRI,2013,53.0622119883651
PRI,2012,53.5909036370517
PRI,2011,54.399541499749
PRI,2010,55.2535122555344
PRI,2009,55.5577089110657
PRI,2008,55.3968338574703
PRI,2007,55.2275607041916
PRI,2006,55.0610001340662
PRI,2005,54.9320163666705
PRI,2004,54.8311530049206
PRI,2003,54.722311412047
PRI,2002,54.5935114989907
PRI,2001,54.4795240826755
PRI,2000,54.4369863557776
PRI,1999,54.5297394277479
PRI,1998,54.7067483236799
PRI,1997,54.9063519173598
PRI,1996,55.1647773002751
PRI,1995,55.5050543006944
PRI,1994,55.9446344897728
PRI,1993,56.3849039889754
PRI,1992,56.800568215614
PRI,1991,57.2212509605339
PRI,1990,57.6564328905997
QAT,2025,20.049623922883
QAT,2024,20.1151630671203
QAT,2023,20.0951254427778
QAT,2022,19.960355294568
QAT,2021,20.2600013826796
QAT,2020,19.968510996034
QAT,2019,18.6630569940031
QAT,2018,17.784456417313
QAT,2017,17.4530719656234
QAT,2016,17.3550598474027
QAT,2015,17.6464950526448
QAT,2014,18.2924831391245
QAT,2013,18.6697215040946
QAT,2012,18.3782591274813
QAT,2011,17.7762458572907
QAT,2010,17.3027574453637
QAT,2009,17.5524670701733
QAT,2008,18.435488034342
QAT,2007,21.1224568538297
QAT,2006,27.0842232733857
QAT,2005,31.0339900844394
QAT,2004,30.4796485142167
QAT,2003,30.4649162302839
QAT,2002,31.1259755560185
QAT,2001,31.8920233463035
QAT,2000,32.8367830295541
QAT,1999,33.9802299866348
QAT,1998,35.2744210756877
QAT,1997,36.5307969891246
QAT,1996,37.2823737320002
QAT,1995,37.5633553812289
QAT,1994,37.8057427911609
QAT,1993,38.0584150827276
QAT,1992,38.3415171536212
QAT,1991,38.6606266423602
QAT,1990,38.9875624011291
ROU,2025,55.5057277535752
ROU,2024,55.5131705543589
ROU,2023,55.3509300976065
ROU,2022,55.1136103150113
ROU,2021,54.8586318110313
ROU,2020,54.1194231232454
ROU,2019,53.0183319640266
ROU,2018,51.9746076994291
ROU,2017,50.9128670248701
ROU,2016,49.8906722812143
ROU,2015,48.9572601796888
ROU,2014,48.0460231839618
ROU,2013,47.3962302449571
ROU,2012,47.0859211857548
ROU,2011,46.6849893722241
ROU,2010,46.1712166992167
ROU,2009,45.6558486393944
ROU,2008,45.1708039916349
ROU,2007,44.8659733655323
ROU,2006,44.6924990146748
ROU,2005,44.7235013938328
ROU,2004,45.0713374974319
ROU,2003,45.5990821741001
ROU,2002,46.2023543760568
ROU,2001,46.8137486101034
ROU,2000,47.3028700041796
ROU,1999,47.6479847716283
ROU,1998,47.6885523271894
ROU,1997,47.5790604516588
ROU,1996,47.7772912629072
ROU,1995,48.1985280018648
ROU,1994,48.6728374369512
ROU,1993,49.1939574929274
ROU,1992,49.809172157925
ROU,1991,50.5500429373324
ROU,1990,51.2177047842213
RUS,2025,53.4195812682232
RUS,2024,52.5688394110737
RUS,2023,51.7902694468508
RUS,2022,50.9772520257906
RUS,2021,50.271723309629
RUS,2020,49.5678005245706
RUS,2019,48.5943754955694
RUS,2018,47.5290734735912
RUS,2017,46.4109081650047
RUS,2016,45.0865219275749
RUS,2015,43.6560400391556
RUS,2014,42.1236258137655
RUS,2013,40.7840417932466
RUS,2012,39.7122076623378
RUS,2011,38.8324315097642
RUS,2010,38.642521135056
RUS,2009,39.060138267231
RUS,2008,39.6340464969755
RUS,2007,40.2034276919991
RUS,2006,40.542928781967
RUS,2005,40.7583002208105
RUS,2004,40.933146045048
RUS,2003,41.1118911605145
RUS,2002,41.5231777036921
RUS,2001,42.3668405184076
RUS,2000,43.5652823296039
RUS,1999,45.0653585397066
RUS,1998,46.8046745891395
RUS,1997,48.1911076034732
RUS,1996,48.929552191967
RUS,1995,49.3617913978232
RUS,1994,49.6730171908853
RUS,1993,49.8018237528378
RUS,1992,49.7222620342946
RUS,1991,49.4146959612107
RUS,1990,49.0447864912524
RWA,2025,69.6169080663881
RWA,2024,70.3196484501421
RWA,2023,71.0958025684348
RWA,2022,72.0525122623854
RWA,2021,73.147975044359
RWA,2020,74.3140418599029
RWA,2019,75.4998497905928
RWA,2018,76.5839285100698
RWA,2017,77.4819533507808
RWA,2016,78.2448735010216
RWA,2015,78.9223819506378
RWA,2014,79.5357562621641
RWA,2013,80.1580788750867
RWA,2012,80.8360311488319
RWA,2011,81.5730315854728
RWA,2010,82.3172684092226
RWA,2009,82.9429082669906
RWA,2008,83.3333364498896
RWA,2007,83.5241260971409
RWA,2006,83.7018005421421
RWA,2005,84.0730589597124
RWA,2004,84.8000186123761
RWA,2003,85.9880720700817
RWA,2002,87.757384184102
RWA,2001,90.5238507314175
RWA,2000,94.4536679586952
RWA,1999,99.2180096177262
RWA,1998,104.607444288348
RWA,1997,109.716570834576
RWA,1996,113.974193980509
RWA,1995,118.450901928596
RWA,1994,109.354280830309
RWA,1993,103.027685181793
RWA,1992,104.213406918138
RWA,1991,105.117747711388
RWA,1990,105.194644406223
WSM,2025,78.9865008243148
WSM,2024,79.6782541330828
WSM,2023,79.9646155890757
WSM,2022,79.6694766713964
WSM,2021,78.9865871833085
WSM,2020,78.2420022202039
WSM,2019,77.3941500291737
WSM,2018,76.633963291667
WSM,2017,75.9352838398027
WSM,2016,75.389349030829
WSM,2015,75.2501302761855
WSM,2014,75.2920248516873
WSM,2013,75.4335669285765
WSM,2012,75.9851687325356
WSM,2011,76.3880459103715
WSM,2010,76.4346172830478
WSM,2009,76.7302794285925
WSM,2008,77.3353109083786
WSM,2007,78.2269182104885
WSM,2006,79.1245598465546
WSM,2005,79.8288050012022
WSM,2004,80.4625655236563
WSM,2003,81.1352824530385
WSM,2002,82.0623155650741
WSM,2001,82.2666029812725
WSM,2000,81.6577513372994
WSM,1999,81.0153527929231
WSM,1998,80.3605093101328
WSM,1997,79.7598436756472
WSM,1996,79.1360172552371
WSM,1995,78.8838906024245
WSM,1994,79.1720127478167
WSM,1993,79.8793641485329
WSM,1992,81.0298650228505
WSM,1991,82.0339201650867
WSM,1990,82.5557787425214
SMR,2025,53.8451129854314
SMR,2024,53.0633390395531
SMR,2023,52.3897389738974
SMR,2022,51.6646448308397
SMR,2021,50.6178268325931
SMR,2020,50.0323624595469
SMR,2019,49.9913457377759
SMR,2018,49.9913103927702
SMR,2017,50.0332667997339
SMR,2016,50.179211469534
SMR,2015,50.1734684561307
SMR,2014,49.9196547449612
SMR,2013,49.4594472339078
SMR,2012,48.9232001423868
SMR,2011,48.5495696525343
SMR,2010,48.2224004276931
SMR,2009,47.7897465695258
SMR,2008,47.3610723261659
SMR,2007,46.8683826643452
SMR,2006,46.4034534607363
SMR,2005,45.9758305200842
SMR,2004,45.5888894380468
SMR,2003,45.1592721964444
SMR,2002,44.6590191538623
SMR,2001,44.2089044734885
SMR,2000,43.7791727023982
SMR,1999,43.494766527469
SMR,1998,43.2739237729641
SMR,1997,42.9861996342072
SMR,1996,42.7722994173017
SMR,1995,42.3285811269518
SMR,1994,41.9812399908488
SMR,1993,41.9901363504497
SMR,1992,42.1542631547935
SMR,1991,42.2754992227669
SMR,1990,42.3503729306895
STP,2025,70.6482750783087
STP,2024,71.6102003642987
STP,2023,72.8534635081309
STP,2022,74.3221383454013
STP,2021,76.007866273353
STP,2020,77.8559392739706
STP,2019,79.51862975208
STP,2018,80.8091322001239
STP,2017,81.9116677653263
STP,2016,82.8209846070996
STP,2015,83.4586672773071
STP,2014,83.7810322604749
STP,2013,83.8271264192784
STP,2012,83.6717083575722
STP,2011,83.8218111967048
STP,2010,84.3254149303971
STP,2009,84.6653030287298
STP,2008,84.8173552400702
STP,2007,84.9017749158304
STP,2006,85.0589352550137
STP,2005,85.3615742758194
STP,2004,85.7516401455813
STP,2003,86.2234705860988
STP,2002,86.8326603858232
STP,2001,87.4703825612521
STP,2000,88.7894081405257
STP,1999,90.841249212878
STP,1998,92.7831803862485
STP,1997,94.4433558211796
STP,1996,95.724309415951
STP,1995,96.6671526461583
STP,1994,97.300591610429
STP,1993,97.6114022598528
STP,1992,97.6045410374666
STP,1991,97.3265306122449
STP,1990,97.1449182430266
SAU,2025,36.3844574144974
SAU,2024,36.5549841438871
SAU,2023,36.8306261402051
SAU,2022,37.6406020466918
SAU,2021,38.552207752274
SAU,2020,38.9149758727624
SAU,2019,39.2782204735528
SAU,2018,38.9722820162999
SAU,2017,37.8285364491946
SAU,2016,37.2291095685902
SAU,2015,37.5454186766442
SAU,2014,38.2815919272348
SAU,2013,39.1407285565451
SAU,2012,40.1703328400109
SAU,2011,41.4089493877037
SAU,2010,42.9005614534727
SAU,2009,44.6825678374265
SAU,2008,46.7802589341483
SAU,2007,49.2042186155406
SAU,2006,51.9448835829891
SAU,2005,54.94563722827
SAU,2004,58.0839366721672
SAU,2003,61.1899443751802
SAU,2002,64.0534792635866
SAU,2001,66.4398035897849
SAU,2000,68.1130198702666
SAU,1999,69.6530999313474
SAU,1998,71.4489752023652
SAU,1997,73.1628344224265
SAU,1996,74.7919489346494
SAU,1995,76.3045787533882
SAU,1994,77.68461094439
SAU,1993,78.9060013716869
SAU,1992,79.9698075992884
SAU,1991,80.8955287745728
SAU,1990,81.659956725403
SEN,2025,70.6163540376813
SEN,2024,71.8215628365833
SEN,2023,73.0702280774448
SEN,2022,74.5922709423436
SEN,2021,76.3835914170458
SEN,2020,78.1214558387831
SEN,2019,79.7592228578564
SEN,2018,81.285092700946
SEN,2017,82.6634749255329
SEN,2016,83.8342155048284
SEN,2015,84.8018050977194
SEN,2014,85.5824022152232
SEN,2013,86.0806462338988
SEN,2012,86.1926954188229
SEN,2011,86.1119512712844
SEN,2010,86.0160131954431
SEN,2009,85.9160488245931
SEN,2008,85.8979802483688
SEN,2007,85.9870662969999
SEN,2006,86.1729960381091
SEN,2005,86.4483699936111
SEN,2004,86.7778117747401
SEN,2003,87.1442837620044
SEN,2002,87.8104255095416
SEN,2001,88.6170704144299
SEN,2000,89.3044099670112
SEN,1999,90.0185685700444
SEN,1998,90.7765323829859
SEN,1997,91.5860987287436
SEN,1996,92.4537937557362
SEN,1995,93.3990215186766
SEN,1994,94.4120565043252
SEN,1993,95.4827707032692
SEN,1992,96.561447515716
SEN,1991,97.5816100577241
SEN,1990,98.476334585809
SRB,2025,59.5107663170447
SRB,2024,58.7227716497179
SRB,2023,57.94954577942
SRB,2022,57.3125583332035
SRB,2021,56.7307892970407
SRB,2020,55.8406068162926
SRB,2019,54.6017908714794
SRB,2018,53.2665314122019
SRB,2017,51.9843219838154
SRB,2016,50.8721349656193
SRB,2015,49.7570563003371
SRB,2014,48.6099080245693
SRB,2013,47.6152988175827
SRB,2012,46.8453076064932
SRB,2011,46.5325545822968
SRB,2010,46.707163814053
SRB,2009,47.0426888973918
SRB,2008,47.4020422688159
SRB,2007,47.7509427617515
SRB,2006,48.0190814295974
SRB,2005,48.196334272477
SRB,2004,48.2786292134742
SRB,2003,48.2837315864194
SRB,2002,48.2192030424731
SRB,2001,48.1518125880113
SRB,2000,48.0799058920134
SRB,1999,47.9311822978536
SRB,1998,47.680664148257
SRB,1997,47.329954821108
SRB,1996,46.8995069484556
SRB,1995,46.425371329415
SRB,1994,45.9366963292739
SRB,1993,45.4380008885585
SRB,1992,44.9373833377141
SRB,1991,44.4669511257588
SRB,1990,44.1116036311743
SYC,2025,39.8823770772071
SYC,2024,39.8409771836829
SYC,2023,39.8025048731806
SYC,2022,39.7782260415331
SYC,2021,39.5484197503093
SYC,2020,39.2121931908155
SYC,2019,39.0862076334573
SYC,2018,39.0878121002171
SYC,2017,39.1919367956315
SYC,2016,39.4016137581719
SYC,2015,39.7253922433779
SYC,2014,40.0932329443516
SYC,2013,40.4487539816376
SYC,2012,40.8880592252218
SYC,2011,41.4948703841548
SYC,2010,42.2594805318289
SYC,2009,43.2201860449855
SYC,2008,44.3372894016101
SYC,2007,45.4766303975912
SYC,2006,46.6153686180722
SYC,2005,47.7865372953305
SYC,2004,48.9480052735186
SYC,2003,50.1296722827763
SYC,2002,51.3412870571222
SYC,2001,52.5951817190965
SYC,2000,53.9272975639372
SYC,1999,55.3156146179402
SYC,1998,56.7016455998092
SYC,1997,57.8873210675706
SYC,1996,58.8182725081054
SYC,1995,59.6438414246343
SYC,1994,60.4050928427833
SYC,1993,61.3006206188329
SYC,1992,62.384689522236
SYC,1991,63.5453912235895
SYC,1990,64.8687113071942
SLE,2025,69.3031935896705
SLE,2024,70.4490063510929
SLE,2023,71.6396127509545
SLE,2022,72.8656793787969
SLE,2021,74.0851904590161
SLE,2020,75.2912582751821
SLE,2019,76.4806176920907
SLE,2018,77.7298523709784
SLE,2017,79.0717330500269
SLE,2016,80.429374818765
SLE,2015,81.7770077231895
SLE,2014,83.1094211925305
SLE,2013,84.3471895637314
SLE,2012,85.3632166963529
SLE,2011,86.1791802899757
SLE,2010,86.8705890973432
SLE,2009,87.4650765460197
SLE,2008,88.015316236263
SLE,2007,88.5252545788116
SLE,2006,88.9771015244595
SLE,2005,89.3721615922689
SLE,2004,89.710799774432
SLE,2003,89.939041949425
SLE,2002,90.0452307064201
SLE,2001,90.069608650817
SLE,2000,90.0438978243554
SLE,1999,89.8548271362193
SLE,1998,89.595011671534
SLE,1997,89.432741542871
SLE,1996,89.2788113942012
SLE,1995,89.1067160552372
SLE,1994,88.929116483409
SLE,1993,88.7467871605378
SLE,1992,88.5616580020104
SLE,1991,88.3773288928895
SLE,1990,88.2147252140095
SGP,2025,34.9531221844161
SGP,2024,33.9448002385635
SGP,2023,33.1253772353762
SGP,2022,32.7954085061744
SGP,2021,32.3224926548392
SGP,2020,31.1638429496119
SGP,2019,30.1882050728381
SGP,2018,29.5555499902006
SGP,2017,28.8474686470753
SGP,2016,28.1544000884945
SGP,2015,27.6825611982179
SGP,2014,27.3124316272141
SGP,2013,27.0192311085442
SGP,2012,26.8734686937048
SGP,2011,26.9496478674041
SGP,2010,27.3410335609054
SGP,2009,27.87340474654
SGP,2008,28.6303332765411
SGP,2007,29.8728951478371
SGP,2006,31.1695382893287
SGP,2005,32.0662807862252
SGP,2004,32.6647872830213
SGP,2003,33.040255189436
SGP,2002,33.1413664813315
SGP,2001,33.1856643975603
SGP,2000,33.4053702798412
SGP,1999,33.5431357077727
SGP,1998,33.6131560449939
SGP,1997,34.0437770728819
SGP,1996,34.8076329822397
SGP,1995,35.5898525306159
SGP,1994,36.1419982535519
SGP,1993,36.4179105706588
SGP,1992,36.5663395700654
SGP,1991,36.7071413745528
SGP,1990,36.984660810193
SXM,2025,41.413393432067
SXM,2024,40.9985363473736
SXM,2023,40.8626598128377
SXM,2022,40.8765712757422
SXM,2021,40.7325908121467
SXM,2020,40.3806654799398
SXM,2019,39.8663157165616
SXM,2018,39.2586618038996
SXM,2017,38.6672356162435
SXM,2016,38.073063316728
SXM,2015,37.5853712271425
SXM,2014,37.3483146067416
SXM,2013,37.2808025116778
SXM,2012,37.3975128476717
SXM,2011,37.6697468862997
SXM,2010,37.8896686796148
SXM,2009,38.0047799571452
SXM,2008,38.0581472842386
SXM,2007,38.0499305350903
SXM,2006,38.0443574134775
SXM,2005,38.2303479798198
SXM,2004,38.7174436419348
SXM,2003,39.3363874927723
SXM,2002,40.00814000814
SXM,2001,40.5838213762811
SXM,2000,40.7731015553522
SXM,1999,40.7661546850859
SXM,1998,40.8089563019141
SXM,1997,40.8548618586293
SXM,1996,40.7608695652174
SXM,1995,40.5840707964602
SXM,1994,40.343857180547
SXM,1993,40.0516004897674
SXM,1992,39.6584524178206
SXM,1991,39.2953175707
SXM,1990,39.1845642577253
SVK,2025,52.9201296617676
SVK,2024,52.2037685532826
SVK,2023,51.4188207516504
SVK,2022,50.4641276809572
SVK,2021,49.4568271263227
SVK,2020,48.4093813779099
SVK,2019,47.1743766979644
SVK,2018,45.8020130464426
SVK,2017,44.3936163689056
SVK,2016,42.9974711861622
SVK,2015,41.8080986794682
SVK,2014,40.8909492177303
SVK,2013,40.1143714089078
SVK,2012,39.4612066242009
SVK,2011,38.9901403319512
SVK,2010,38.7142612720511
SVK,2009,38.5436675449526
SVK,2008,38.6006960396032
SVK,2007,38.9500326393961
SVK,2006,39.4503846591065
SVK,2005,40.0609481106868
SVK,2004,40.750523791546
SVK,2003,41.6006959112054
SVK,2002,42.6108368504795
SVK,2001,43.7473693099929
SVK,2000,44.9704945905628
SVK,1999,46.1695907700042
SVK,1998,47.330968246246
SVK,1997,48.4218725013923
SVK,1996,49.4405602768456
SVK,1995,50.466341918971
SVK,1994,51.5375030682602
SVK,1993,52.5462740164265
SVK,1992,53.4482509266164
SVK,1991,54.2702386649077
SVK,1990,55.0559355008797
SVN,2025,57.9614307507335
SVN,2024,57.4487296195149
SVN,2023,56.8926761847261
SVN,2022,56.1949556465181
SVN,2021,55.2631346363753
SVN,2020,54.463108894626
SVN,2019,53.749455202959
SVN,2018,52.7824926183278
SVN,2017,51.5486078260965
SVN,2016,50.2163362216959
SVN,2015,48.9026039344045
SVN,2014,47.6055386258521
SVN,2013,46.4464612484058
SVN,2012,45.3740424569636
SVN,2011,44.4503082732056
SVN,2010,43.8963622404648
SVN,2009,43.571395387797
SVN,2008,43.0052297347777
SVN,2007,42.4652205925435
SVN,2006,42.2209182675545
SVN,2005,42.0451213026428
SVN,2004,41.9313915084785
SVN,2003,42.0162458149059
SVN,2002,42.2556869323588
SVN,2001,42.424459078888
SVN,2000,42.5645686629814
SVN,1999,42.8866335938091
SVN,1998,43.1950469228618
SVN,1997,43.4011651416424
SVN,1996,43.7657329664657
SVN,1995,43.9872414756241
SVN,1994,44.229006991628
SVN,1993,44.6468047280555
SVN,1992,45.0071468622079
SVN,1991,45.4498302115735
SVN,1990,45.8920602563054
SLB,2025,67.2975070268847
SLB,2024,68.3761263483294
SLB,2023,69.461496422262
SLB,2022,70.5656141699441
SLB,2021,71.6603938376208
SLB,2020,72.7954880412204
SLB,2019,73.7821002386635
SLB,2018,74.6188605833754
SLB,2017,75.459072438253
SLB,2016,76.2096173491104
SLB,2015,76.9089027717064
SLB,2014,77.5836955583062
SLB,2013,78.2467882651838
SLB,2012,78.9013401865719
SLB,2011,79.5345922568412
SLB,2010,80.1212596402766
SLB,2009,80.4797085244748
SLB,2008,80.6221777285507
SLB,2007,80.8006246520674
SLB,2006,81.0959459210551
SLB,2005,81.5414563752588
SLB,2004,82.1608551305916
SLB,2003,82.9532877540288
SLB,2002,83.9052008534816
SLB,2001,84.9819188283071
SLB,2000,86.1464342313788
SLB,1999,87.245554820975
SLB,1998,88.185818851318
SLB,1997,89.0532352204293
SLB,1996,89.9105138976808
SLB,1995,90.779216915265
SLB,1994,91.6773531674788
SLB,1993,92.6382908687411
SLB,1992,93.7022900763359
SLB,1991,94.9235393767932
SLB,1990,96.3372805952289
SOM,2025,96.7394370384369
SOM,2024,96.7915743356176
SOM,2023,97.0182430549318
SOM,2022,97.4850737162065
SOM,2021,97.9709487089111
SOM,2020,98.2939485015647
SOM,2019,98.6327632765507
SOM,2018,99.0066337746835
SOM,2017,99.5044564281167
SOM,2016,99.8839178350572
SOM,2015,100.055871482839
SOM,2014,100.2653241472
SOM,2013,100.550307457839
SOM,2012,101.042597706327
SOM,2011,102.788082814341
SOM,2010,104.573720079122
SOM,2009,105.21015029448
SOM,2008,105.681770285997
SOM,2007,105.596730086905
SOM,2006,104.449702457792
SOM,2005,102.889222455719
SOM,2004,101.736848446365
SOM,2003,101.05239899656
SOM,2002,100.582862649323
SOM,2001,100.187445320287
SOM,2000,99.832943368729
SOM,1999,99.477514422204
SOM,1998,99.1012945440483
SOM,1997,98.7168586147031
SOM,1996,98.2970725849318
SOM,1995,97.8020775578893
SOM,1994,97.2262624164634
SOM,1993,96.5793817284183
SOM,1992,97.3811189427473
SOM,1991,99.7398658641223
SOM,1990,100.284585364723
ZAF,2025,48.3864805816276
ZAF,2024,48.3114173367099
ZAF,2023,48.3679344695214
ZAF,2022,48.5504660443153
ZAF,2021,48.9162852048925
ZAF,2020,49.49614178865
ZAF,2019,50.0943393660016
ZAF,2018,50.6774275844496
ZAF,2017,51.2667885388625
ZAF,2016,51.0589576961171
ZAF,2015,50.7798142238484
ZAF,2014,51.1390115950153
ZAF,2013,51.4600302732864
ZAF,2012,51.8655072353767
ZAF,2011,52.3610042890342
ZAF,2010,53.0235183096566
ZAF,2009,53.6669938632738
ZAF,2008,54.1990604628856
ZAF,2007,54.8477910510607
ZAF,2006,55.685311279064
ZAF,2005,56.6510379746355
ZAF,2004,57.8587721482822
ZAF,2003,59.455252163521
ZAF,2002,61.4067784144942
ZAF,2001,63.5438609146193
ZAF,2000,65.7027052287315
ZAF,1999,67.8184635976063
ZAF,1998,69.8400738297717
ZAF,1997,71.6231806476523
ZAF,1996,72.0279171344506
ZAF,1995,71.4735617319473
ZAF,1994,70.1807253727468
ZAF,1993,70.1966820630749
ZAF,1992,71.1025612589463
ZAF,1991,70.85162085667
ZAF,1990,71.4822188640895
SSD,2025,69.6686858180737
SSD,2024,72.1441308683101
SSD,2023,74.7150000182575
SSD,2022,77.5880127024722
SSD,2021,79.8436920442961
SSD,2020,82.2145234543695
SSD,2019,85.8298504519708
SSD,2018,90.3713218078454
SSD,2017,90.731383102336
SSD,2016,86.0953541551969
SSD,2015,83.8812631029683
SSD,2014,81.8933067907365
SSD,2013,79.9449606897753
SSD,2012,80.0948406892743
SSD,2011,80.8904152822664
SSD,2010,82.8788642165735
SSD,2009,84.9057713415494
SSD,2008,86.2943729163057
SSD,2007,88.0326278139764
SSD,2006,89.9068408380396
SSD,2005,91.6844373372986
SSD,2004,93.2405990450502
SSD,2003,93.7423467848427
SSD,2002,92.9681135459292
SSD,2001,92.1734388779814
SSD,2000,91.9949724496863
SSD,1999,92.2507174891477
SSD,1998,93.2429068332891
SSD,1997,94.1104157432352
SSD,1996,93.8462278884831
SSD,1995,93.2743161217881
SSD,1994,92.9921024910339
SSD,1993,92.6385366318199
SSD,1992,92.0004067019794
SSD,1991,91.6105272790875
SSD,1990,91.4566057255549
ESP,2025,52.1171983566767
ESP,2024,51.6695519755033
ESP,2023,51.3142228402432
ESP,2022,51.0206958838906
ESP,2021,50.8789437442103
ESP,2020,50.9641870731648
ESP,2019,51.1273134809275
ESP,2018,51.21278722932
ESP,2017,51.0879864250854
ESP,2016,50.7968795026243
ESP,2015,50.463152001926
ESP,2014,49.9405636720981
ESP,2013,49.0823130564992
ESP,2012,48.1844300113021
ESP,2011,47.4440422369686
ESP,2010,46.6577070829496
ESP,2009,45.8498278241454
ESP,2008,45.1988178744217
ESP,2007,44.9846416971974
ESP,2006,45.0937823233074
ESP,2005,45.0360312903004
ESP,2004,45.2206844125812
ESP,2003,45.6859025843891
ESP,2002,45.9697413251327
ESP,2001,45.9226479881846
ESP,2000,45.6955141735045
ESP,1999,45.641773652292
ESP,1998,45.6744280848841
ESP,1997,45.7646000804341
ESP,1996,45.9755642805361
ESP,1995,46.372558076106
ESP,1994,46.9278531933622
ESP,1993,47.5721965199723
ESP,1992,48.2956748236508
ESP,1991,49.1087370118976
ESP,1990,50.0017482756329
LKA,2025,51.9191842450952
LKA,2024,51.8239202756772
LKA,2023,51.745033375023
LKA,2022,51.6823190565539
LKA,2021,51.6567798164786
LKA,2020,51.6372974759332
LKA,2019,51.5839384848559
LKA,2018,51.4899106111657
LKA,2017,51.3380576186543
LKA,2016,51.1118501999851
LKA,2015,50.7918658678604
LKA,2014,50.3938229236869
LKA,2013,49.9684545344603
LKA,2012,49.5860029146344
LKA,2011,49.2394940686867
LKA,2010,48.9131539493344
LKA,2009,48.6396740021296
LKA,2008,48.4097270797358
LKA,2007,48.2279449537223
LKA,2006,48.1068618331041
LKA,2005,48.0577770685276
LKA,2004,48.1075839018165
LKA,2003,48.2669692915326
LKA,2002,48.5448184836898
LKA,2001,49.0198514345139
LKA,2000,49.7157015968699
LKA,1999,50.516430835705
LKA,1998,51.3193407177854
LKA,1997,52.1685236254304
LKA,1996,53.226647871568
LKA,1995,54.4998614133516
LKA,1994,55.9734011116907
LKA,1993,57.6031777754184
LKA,1992,59.2808419294588
LKA,1991,60.8171698875124
LKA,1990,61.7337347023874
KNA,2025,42.9751058837868
KNA,2024,41.6706992499395
KNA,2023,40.908269045323
KNA,2022,40.4781954887218
KNA,2021,40.2188905547226
KNA,2020,39.8645220972218
KNA,2019,39.4185942928408
KNA,2018,39.0810379005296
KNA,2017,38.9187433565608
KNA,2016,38.9914080722785
KNA,2015,39.3725025899068
KNA,2014,40.1166423661737
KNA,2013,41.06875262243
KNA,2012,42.0550303542843
KNA,2011,43.0759841318279
KNA,2010,44.359187698376
KNA,2009,45.6023834647135
KNA,2008,46.4692269201901
KNA,2007,47.3189502901842
KNA,2006,48.4066284257489
KNA,2005,49.838668043366
KNA,2004,51.5444015444015
KNA,2003,53.4137346755706
KNA,2002,55.4257151541761
KNA,2001,57.3658872077029
KNA,2000,58.8931418337606
KNA,1999,60.2277626095703
KNA,1998,61.7573529411765
KNA,1997,63.5004894209773
KNA,1996,65.4269069022725
KNA,1995,67.5679955659369
KNA,1994,69.90401822027
KNA,1993,72.4494062552266
KNA,1992,75.1408783929109
KNA,1991,77.3666168585743
KNA,1990,78.0483508741028
LCA,2025,37.3788443793706
LCA,2024,37.2759418651718
LCA,2023,37.3031797573827
LCA,2022,37.3336918113381
LCA,2021,37.5256143594484
LCA,2020,37.8225201611344
LCA,2019,38.129966256667
LCA,2018,38.5420905988793
LCA,2017,39.0542202876609
LCA,2016,39.7253953606771
LCA,2015,40.5807934670782
LCA,2014,41.5425756738303
LCA,2013,42.5435350994031
LCA,2012,43.6369689151513
LCA,2011,44.9243331702462
LCA,2010,46.3211246382767
LCA,2009,47.5697370364257
LCA,2008,48.8108041397063
LCA,2007,50.3558176636134
LCA,2006,52.1127531971994
LCA,2005,53.945642161287
LCA,2004,55.8170864759736
LCA,2003,57.6810696801409
LCA,2002,59.5014900041444
LCA,2001,61.3048380277437
LCA,2000,63.1130261304156
LCA,1999,65.0502411998905
LCA,1998,67.4011623502419
LCA,1997,69.6191132654423
LCA,1996,71.3901610955408
LCA,1995,72.8534440530895
LCA,1994,73.9311857698085
LCA,1993,74.9768687606526
LCA,1992,76.106447802027
LCA,1991,77.2132605106059
LCA,1990,79.4802692392819
MAF,2025,68.6684249678772
MAF,2024,65.9510955859003
MAF,2023,62.1677373725467
MAF,2022,59.5115752251506
MAF,2021,58.6130227633669
MAF,2020,60.0584118032126
MAF,2019,57.1061800843572
MAF,2018,51.4127144298688
MAF,2017,50.3428291568035
MAF,2016,50.5609331335304
MAF,2015,50.4166163506823
MAF,2014,50.4438998915358
MAF,2013,50.4140204196479
MAF,2012,49.9316225565119
MAF,2011,49.1770292567105
MAF,2010,48.5230707233528
MAF,2009,48.7630924725924
MAF,2008,49.5570436301626
MAF,2007,50.0127356087621
MAF,2006,50.1581387288246
MAF,2005,50.070771408351
MAF,2004,49.8170814326363
MAF,2003,49.5130844140859
MAF,2002,49.2914501653283
MAF,2001,49.1622276029056
MAF,2000,49.1077198389422
MAF,1999,49.1469314998727
MAF,1998,49.7915701713756
MAF,1997,50.6834532374101
MAF,1996,51.0335983585535
MAF,1995,50.8806061847225
MAF,1994,50.21194014606
MAF,1993,49.0936863543788
MAF,1992,47.5318350159809
MAF,1991,45.5501086571992
MAF,1990,43.3345183078564
VCT,2025,49.5241515532412
VCT,2024,49.6601169138318
VCT,2023,49.7221975943494
VCT,2022,49.5822339489886
VCT,2021,49.3515735052789
VCT,2020,49.2905142329767
VCT,2019,49.2641896055139
VCT,2018,49.1817729437691
VCT,2017,49.2745638200184
VCT,2016,49.489752888589
VCT,2015,49.7577777155498
VCT,2014,50.0830414090522
VCT,2013,50.4912739722214
VCT,2012,51.001249826413
VCT,2011,51.4193530519552
VCT,2010,51.7973991551396
VCT,2009,52.3932979383576
VCT,2008,53.2244931756393
VCT,2007,54.2067058416868
VCT,2006,55.2507934747959
VCT,2005,56.3325455303768
VCT,2004,57.4997906256107
VCT,2003,58.7765584215106
VCT,2002,60.2077738515901
VCT,2001,61.62477750089
VCT,2000,62.4522498032763
VCT,1999,62.7956402487184
VCT,1998,63.4273832558408
VCT,1997,64.5462478184991
VCT,1996,65.9731494387793
VCT,1995,67.5624397835915
VCT,1994,69.317738791423
VCT,1993,71.3428072041948
VCT,1992,73.7203736586119
VCT,1991,76.1560920478448
VCT,1990,77.9170976211314
SDN,2025,77.3060775636206
SDN,2024,77.8507021774661
SDN,2023,78.129580689837
SDN,2022,78.6892450691913
SDN,2021,79.3162930043441
SDN,2020,79.9333278187227
SDN,2019,80.4985049329979
SDN,2018,81.3342577442889
SDN,2017,82.9096453636308
SDN,2016,84.6398651758502
SDN,2015,85.9877638060761
SDN,2014,87.4735853605784
SDN,2013,88.6212641998145
SDN,2012,89.1843321717158
SDN,2011,89.4248468701466
SDN,2010,89.3924674265098
SDN,2009,89.7634302379454
SDN,2008,90.6222785895462
SDN,2007,91.4461428178601
SDN,2006,92.1484245869754
SDN,2005,92.7382924648302
SDN,2004,93.2628651590167
SDN,2003,93.6700179262459
SDN,2002,94.0589737929295
SDN,2001,94.5892398518607
SDN,2000,95.1517633344521
SDN,1999,95.6801393690024
SDN,1998,96.1765697444099
SDN,1997,96.6649734050703
SDN,1996,96.9570841438229
SDN,1995,97.1487668684596
SDN,1994,97.3393923978864
SDN,1993,97.320564643219
SDN,1992,97.032966825205
SDN,1991,96.5633070979791
SDN,1990,96.0705022788768
SUR,2025,50.4407300907323
SUR,2024,50.4628213246437
SUR,2023,50.5295811461931
SUR,2022,50.6267614825701
SUR,2021,50.8451694489066
SUR,2020,51.0956145805573
SUR,2019,51.3678297634159
SUR,2018,51.7426585604147
SUR,2017,52.1853252162768
SUR,2016,52.7446939555142
SUR,2015,53.4028748516418
SUR,2014,54.1140452613281
SUR,2013,54.8395874717679
SUR,2012,55.5258858749285
SUR,2011,56.1253673199606
SUR,2010,56.6089695395621
SUR,2009,56.9543460873231
SUR,2008,57.1847790469057
SUR,2007,57.328284758578
SUR,2006,57.4221057460787
SUR,2005,57.5504297411845
SUR,2004,57.7430117527172
SUR,2003,57.9833348411631
SUR,2002,58.362701042567
SUR,2001,58.9808854762294
SUR,2000,59.8666447538328
SUR,1999,61.034392373805
SUR,1998,62.4357226057558
SUR,1997,63.9147914967094
SUR,1996,65.2995573971184
SUR,1995,66.5113719167145
SUR,1994,67.1554194171376
SUR,1993,67.3264995870225
SUR,1992,67.5489700442155
SUR,1991,67.8522461162634
SUR,1990,68.2038379670029
SWE,2025,60.3059613354841
SWE,2024,60.5975578774891
SWE,2023,60.7360556550349
SWE,2022,60.8510659836657
SWE,2021,60.893031225029
SWE,2020,60.7610678252936
SWE,2019,60.5841239468728
SWE,2018,60.3159015203771
SWE,2017,59.9437746878275
SWE,2016,59.4873080659899
SWE,2015,58.8360981487734
SWE,2014,57.9349102431268
SWE,2013,56.8428650266998
SWE,2012,55.6781619872381
SWE,2011,54.5597028804313
SWE,2010,53.5668026337551
SWE,2009,52.8220133028977
SWE,2008,52.3737693928873
SWE,2007,52.2802354294016
SWE,2006,52.5660416287233
SWE,2005,53.1107024197386
SWE,2004,53.6233711040416
SWE,2003,54.0506658678293
SWE,2002,54.5213243917717
SWE,2001,55.0111554168069
SWE,2000,55.5104209281643
SWE,1999,55.981027732018
SWE,1998,56.384788632554
SWE,1997,56.6883925805387
SWE,1996,56.9020872898277
SWE,1995,57.0179793657014
SWE,1994,56.9701152828011
SWE,1993,56.7288490338822
SWE,1992,56.3587348172387
SWE,1991,55.9416861019786
SWE,1990,55.5560987835711
CHE,2025,54.5966931972385
CHE,2024,53.7748649242138
CHE,2023,52.9575219043034
CHE,2022,52.1817146235677
CHE,2021,51.5313032476218
CHE,2020,51.065235905893
CHE,2019,50.6327775355631
CHE,2018,50.0937300468879
CHE,2017,49.5416264215968
CHE,2016,49.0641186682788
CHE,2015,48.6938829442498
CHE,2014,48.352481328327
CHE,2013,47.9964075495613
CHE,2012,47.6553103474253
CHE,2011,47.3210679942274
CHE,2010,47.0257982982014
CHE,2009,46.8040975616414
CHE,2008,46.7146643011247
CHE,2007,46.7847522727374
CHE,2006,46.8901179998901
CHE,2005,47.0425562749948
CHE,2004,47.2553419635852
CHE,2003,47.5052146372425
CHE,2002,47.7998877615904
CHE,2001,48.271524930836
CHE,2000,48.6031705319246
CHE,1999,48.5694451867612
CHE,1998,48.4866685740898
CHE,1997,48.3626836062002
CHE,1996,48.1558376041821
CHE,1995,47.8956647482017
CHE,1994,47.6193933750003
CHE,1993,47.2851884692287
CHE,1992,46.8675922573368
CHE,1991,46.5639164074309
CHE,1990,46.3560699839598
SYR,2025,49.8799108691544
SYR,2024,51.2977156907185
SYR,2023,53.8991071034884
SYR,2022,57.7320812518306
SYR,2021,61.2276125344165
SYR,2020,64.3008702952672
SYR,2019,68.3491350011588
SYR,2018,73.6166493104807
SYR,2017,77.6378005722762
SYR,2016,80.1246656652147
SYR,2015,80.9126541140768
SYR,2014,77.7771171894011
SYR,2013,71.6990633976703
SYR,2012,66.9195396903742
SYR,2011,65.4332716281491
SYR,2010,65.4955827080745
SYR,2009,65.8946920115445
SYR,2008,65.6405173888153
SYR,2007,66.9388746305668
SYR,2006,70.868267735144
SYR,2005,73.8691559143367
SYR,2004,75.5789443245206
SYR,2003,77.2933484925607
SYR,2002,78.9725217648601
SYR,2001,80.6814451431658
SYR,2000,82.3779981231534
SYR,1999,84.0374637537264
SYR,1998,85.6569102706671
SYR,1997,87.19485076237
SYR,1996,88.6549540111197
SYR,1995,90.1140387683428
SYR,1994,91.6468189257483
SYR,1993,93.2850548694904
SYR,1992,94.989742535679
SYR,1991,96.6152505330466
SYR,1990,98.0612239756694
TJK,2025,66.4860952051687
TJK,2024,66.9813440301354
TJK,2023,67.1019442904471
TJK,2022,66.8418998393555
TJK,2021,66.3779272694554
TJK,2020,65.849974933617
TJK,2019,65.3067752248518
TJK,2018,64.8775137072655
TJK,2017,64.645778430695
TJK,2016,64.6316867686227
TJK,2015,64.6546579324183
TJK,2014,64.7981575112711
TJK,2013,65.215142797166
TJK,2012,65.7413184753698
TJK,2011,66.1456733097743
TJK,2010,66.671879604656
TJK,2009,67.5572053751767
TJK,2008,68.5822066610905
TJK,2007,69.7592546755616
TJK,2006,71.2602403323497
TJK,2005,73.0961466114903
TJK,2004,75.0763673677751
TJK,2003,77.2114992826189
TJK,2002,79.6141838620057
TJK,2001,82.1958494099529
TJK,2000,84.8141091599029
TJK,1999,87.5243339703586
TJK,1998,90.1370893660617
TJK,1997,92.3026087479438
TJK,1996,93.8707792959
TJK,1995,94.3929280326475
TJK,1994,94.0557079587795
TJK,1993,93.069878903726
TJK,1992,91.5701536589716
TJK,1991,90.4215752274854
TJK,1990,89.4998415209496
TZA,2025,83.0906817860939
TZA,2024,83.7597146713438
TZA,2023,84.3899011707131
TZA,2022,85.0182361204846
TZA,2021,85.737762820315
TZA,2020,86.5379845130098
TZA,2019,87.2431978937846
TZA,2018,87.7810296358629
TZA,2017,88.4175088164829
TZA,2016,89.3048051417289
TZA,2015,90.382069839357
TZA,2014,91.2304392041999
TZA,2013,91.7543640263095
TZA,2012,92.233280830003
TZA,2011,92.60622527949
TZA,2010,92.8167061072576
TZA,2009,92.4557016271145
TZA,2008,91.8198503154903
TZA,2007,91.4270477925087
TZA,2006,91.0767350765245
TZA,2005,90.6762965909488
TZA,2004,90.3097721850774
TZA,2003,90.0505133577548
TZA,2002,89.8883631341803
TZA,2001,89.7620220724384
TZA,2000,89.9082784429868
TZA,1999,90.3820403709978
TZA,1998,90.7124970219975
TZA,1997,91.0810748337651
TZA,1996,90.6227731964554
TZA,1995,89.959281618922
TZA,1994,91.3681355833495
TZA,1993,94.0525829108998
TZA,1992,95.8148635390732
TZA,1991,96.5367023394313
TZA,1990,97.2456014617362
THA,2025,43.7434423954487
THA,2024,43.0865648827834
THA,2023,42.4662473757894
THA,2022,41.9038541372374
THA,2021,41.4084358543198
THA,2020,40.974368915158
THA,2019,40.607794056073
THA,2018,40.3013405116213
THA,2017,40.0618541912691
THA,2016,39.8914360247636
THA,2015,39.72661984392
THA,2014,39.5565144682596
THA,2013,39.4940129315302
THA,2012,39.6234784277851
THA,2011,39.9223743100647
THA,2010,40.2890456323974
THA,2009,40.6382297866718
THA,2008,40.9922627538581
THA,2007,41.3866114142164
THA,2006,41.773454802002
THA,2005,42.0963439239568
THA,2004,42.3578746279834
THA,2003,42.6269343596548
THA,2002,42.9588444120937
THA,2001,43.3792360174805
THA,2000,43.8829877665989
THA,1999,44.3675535728877
THA,1998,44.8016090932276
THA,1997,45.2831507258956
THA,1996,45.8485006159732
THA,1995,46.4677380280416
THA,1994,47.1281429207993
THA,1993,47.859628001212
THA,1992,48.7588328530172
THA,1991,49.8954078377684
THA,1990,51.2977536711141
TLS,2025,62.1911145260212
TLS,2024,63.7629138391458
TLS,2023,65.4641122246022
TLS,2022,67.3349252593194
TLS,2021,69.2591979701031
TLS,2020,71.0611048617633
TLS,2019,72.8233434295127
TLS,2018,74.5703324878166
TLS,2017,76.3036466329563
TLS,2016,78.0492613122434
TLS,2015,79.8035950871916
TLS,2014,81.5588924305849
TLS,2013,83.1870928982483
TLS,2012,84.3909683058831
TLS,2011,85.0594830302091
TLS,2010,85.1582077526578
TLS,2009,84.8682521917227
TLS,2008,84.4121975964905
TLS,2007,83.6567633362332
TLS,2006,82.5124980143342
TLS,2005,81.1793813645135
TLS,2004,80.6605543834404
TLS,2003,80.9919362002428
TLS,2002,81.3080276676744
TLS,2001,81.5625237501285
TLS,2000,81.7305534688143
TLS,1999,82.0002878174714
TLS,1998,82.3440305206463
TLS,1997,82.5968544694406
TLS,1996,82.6358385288952
TLS,1995,82.4813713228725
TLS,1994,82.1046661822008
TLS,1993,81.5615267809977
TLS,1992,80.9607251849638
TLS,1991,80.4142017320995
TLS,1990,79.8598675791202
TGO,2025,78.2600188932176
TGO,2024,79.6685903999703
TGO,2023,80.9338235472068
TGO,2022,81.5261521238603
TGO,2021,80.9184085204748
TGO,2020,79.4547087615551
TGO,2019,77.7215660472544
TGO,2018,77.0933927079324
TGO,2017,78.6857378452951
TGO,2016,81.2783338536055
TGO,2015,83.6930737203699
TGO,2014,85.846201652556
TGO,2013,87.604841905195
TGO,2012,88.8798870192819
TGO,2011,89.6538162832207
TGO,2010,89.1314883786151
TGO,2009,87.2832599487662
TGO,2008,85.248789560653
TGO,2007,83.399763334149
TGO,2006,81.8580760853133
TGO,2005,81.2474553071578
TGO,2004,81.9044834086429
TGO,2003,83.1365328337993
TGO,2002,84.4711022259994
TGO,2001,85.8764736761314
TGO,2000,87.3367609918932
TGO,1999,88.7834687309578
TGO,1998,89.32557723584
TGO,1997,88.093029562756
TGO,1996,88.7023031009828
TGO,1995,92.4952923474479
TGO,1994,98.1085689059384
TGO,1993,96.3200865267945
TGO,1992,91.7738164032117
TGO,1991,92.8085632661626
TGO,1990,93.8233160594722
TON,2025,71.7338763077738
TON,2024,72.7669242760954
TON,2023,73.0878702631144
TON,2022,72.8403593642018
TON,2021,72.6332498731733
TON,2020,72.7347005474303
TON,2019,73.0916655746298
TON,2018,73.47015906402
TON,2017,73.7503504460973
TON,2016,74.0343701553584
TON,2015,74.6407466543761
TON,2014,75.2630367593871
TON,2013,75.664413675438
TON,2012,75.9850643608136
TON,2011,76.1796354226379
TON,2010,76.5331448577393
TON,2009,77.1820510701595
TON,2008,77.8952442693529
TON,2007,78.5402412299045
TON,2006,78.6905923110558
TON,2005,78.3807964347811
TON,2004,77.9748293443095
TON,2003,77.5377712819293
TON,2002,77.2805625245337
TON,2001,77.3306321464135
TON,2000,77.7002820996521
TON,1999,78.3816382896899
TON,1998,79.317663288587
TON,1997,80.4276138929711
TON,1996,81.2111464507735
TON,1995,81.5440071005488
TON,1994,81.8191719155579
TON,1993,82.0436814635654
TON,1992,82.1728440032784
TON,1991,82.2901459854015
TON,1990,82.4837558341722
TTO,2025,43.7148071756324
TTO,2024,43.1406495832357
TTO,2023,42.614599248085
TTO,2022,42.1590638234979
TTO,2021,41.7652156605823
TTO,2020,41.2232789405813
TTO,2019,40.2210664936843
TTO,2018,39.6459929683535
TTO,2017,39.3960473561017
TTO,2016,38.7665220813723
TTO,2015,38.1403751183439
TTO,2014,37.5589461070007
TTO,2013,37.0441855092139
TTO,2012,36.6101684510362
TTO,2011,36.2905286621654
TTO,2010,36.1101843464105
TTO,2009,36.0950095570514
TTO,2008,36.2472799208704
TTO,2007,36.5640086809904
TTO,2006,37.0547376735169
TTO,2005,37.7387962350157
TTO,2004,38.6619847504478
TTO,2003,39.8258012224622
TTO,2002,41.2193523899994
TTO,2001,42.8508616425469
TTO,2000,44.6860432992313
TTO,1999,46.6396967952922
TTO,1998,48.6762718422805
TTO,1997,50.7750998173383
TTO,1996,52.858829819109
TTO,1995,54.8591324476627
TTO,1994,56.6785401133187
TTO,1993,58.2726120948055
TTO,1992,59.6455262057771
TTO,1991,60.7771803582734
TTO,1990,61.7018748878154
TUN,2025,50.3725896202428
TUN,2024,50.531188748014
TUN,2023,50.6050838772721
TUN,2022,50.5514810011478
TUN,2021,50.4189303353303
TUN,2020,50.0715512342682
TUN,2019,49.3812826199351
TUN,2018,48.605731168883
TUN,2017,47.8580034971682
TUN,2016,47.1066362415689
TUN,2015,46.3571118128582
TUN,2014,45.6850530876263
TUN,2013,45.0647236444453
TUN,2012,44.5723999969535
TUN,2011,44.330555449489
TUN,2010,44.2865187934696
TUN,2009,44.4685451077198
TUN,2008,44.8953248719495
TUN,2007,45.5415647182237
TUN,2006,46.3887240167153
TUN,2005,47.4404054705282
TUN,2004,48.7389360170876
TUN,2003,50.2584264600528
TUN,2002,51.9112777835838
TUN,2001,53.660525234157
TUN,2000,55.4608438213728
TUN,1999,57.2417547504502
TUN,1998,58.9643202481143
TUN,1997,60.6115577340321
TUN,1996,62.2115877985696
TUN,1995,63.8340853286694
TUN,1994,65.502244390858
TUN,1993,67.2033916701352
TUN,1992,68.8582456192213
TUN,1991,70.4138904362038
TUN,1990,71.9024808485234
TUR,2025,46.1856736686322
TUR,2024,46.483848695231
TUR,2023,46.7152423180544
TUR,2022,46.8629054112918
TUR,2021,46.8236862996519
TUR,2020,46.4852950931551
TUR,2019,45.9523014817405
TUR,2018,45.5464015844488
TUR,2017,45.4922047348395
TUR,2016,45.5909695430664
TUR,2015,45.9452643498497
TUR,2014,46.6296994569191
TUR,2013,47.3558028630143
TUR,2012,48.0371465077245
TUR,2011,48.7243135492246
TUR,2010,49.4548531901584
TUR,2009,50.2459919396016
TUR,2008,51.0570512318991
TUR,2007,51.7039880562328
TUR,2006,52.2002887151974
TUR,2005,52.7174114645273
TUR,2004,53.2784264879328
TUR,2003,53.9106325504308
TUR,2002,54.6201100107839
TUR,2001,55.4197844017726
TUR,2000,56.3172082445777
TUR,1999,57.3100413594485
TUR,1998,58.3947836154959
TUR,1997,59.56187620375
TUR,1996,60.8090209430509
TUR,1995,62.0979741665925
TUR,1994,63.3480515860618
TUR,1993,64.5681550773813
TUR,1992,65.7903098491365
TUR,1991,66.9994975358517
TUR,1990,68.2237810347092
TKM,2025,56.3142778182528
TKM,2024,56.3406372282943
TKM,2023,56.11056820952
TKM,2022,55.6044069090817
TKM,2021,54.8331023876948
TKM,2020,53.9054052049039
TKM,2019,52.9006878790807
TKM,2018,51.9153750883916
TKM,2017,51.0505542299452
TKM,2016,50.362522707908
TKM,2015,49.8828092786115
TKM,2014,49.6360012127956
TKM,2013,49.6527243219463
TKM,2012,49.9899680397498
TKM,2011,50.66872067968
TKM,2010,51.6877450217362
TKM,2009,53.0188969464663
TKM,2008,54.5793253554075
TKM,2007,56.2962342587438
TKM,2006,58.0961095389874
TKM,2005,59.9336113140604
TKM,2004,61.8357532074403
TKM,2003,63.7820708168489
TKM,2002,65.8206662149256
TKM,2001,68.0355363171198
TKM,2000,70.3890407943669
TKM,1999,72.8179102134905
TKM,1998,75.186516402282
TKM,1997,77.2715325561024
TKM,1996,78.8962341256455
TKM,1995,79.9615963121468
TKM,1994,80.5567409932442
TKM,1993,80.9949769088622
TKM,1992,81.1573676700683
TKM,1991,81.1081530969594
TKM,1990,81.0873827923354
TCA,2025,38.2234940114461
TCA,2024,37.5960969840331
TCA,2023,37.2081972081972
TCA,2022,36.9395740613519
TCA,2021,36.7105819786064
TCA,2020,36.5260988588478
TCA,2019,36.4371957772299
TCA,2018,36.4457139105026
TCA,2017,36.5328042690018
TCA,2016,36.7269742711344
TCA,2015,37.1398598778615
TCA,2014,37.7441540577717
TCA,2013,38.5125123477116
TCA,2012,39.5370048644892
TCA,2011,40.6245726008662
TCA,2010,41.3920981315076
TCA,2009,41.8125899102138
TCA,2008,42.0425708218965
TCA,2007,42.1052631578947
TCA,2006,42.2351808865991
TCA,2005,42.6498572787821
TCA,2004,43.3220466516178
TCA,2003,44.183422921229
TCA,2002,45.2129159616469
TCA,2001,45.9914982474457
TCA,2000,46.3738668333854
TCA,1999,46.6639444671294
TCA,1998,47.0105910488555
TCA,1997,47.3976032910034
TCA,1996,47.8338334583646
TCA,1995,48.3979098885931
TCA,1994,49.0595448404863
TCA,1993,50.0769738288982
TCA,1992,51.3772175536881
TCA,1991,52.6485547698797
TCA,1990,53.8633671185994
TUV,2025,66.8483037440675
TUV,2024,65.5965665236051
TUV,2023,63.6
TUV,2022,60.9536082474227
TUV,2021,59.7555242125059
TUV,2020,59.7143295960682
TUV,2019,59.4724943481537
TUV,2018,58.9826999852137
TUV,2017,58.8106370543542
TUV,2016,59.1815931265472
TUV,2015,59.6156645799971
TUV,2014,60.0466268395745
TUV,2013,60.6454439252336
TUV,2012,60.9361201059759
TUV,2011,61.1842105263158
TUV,2010,61.9127516778523
TUV,2009,62.9693098613491
TUV,2008,64.3368890304092
TUV,2007,65.8306188925081
TUV,2006,67.2654690618762
TUV,2005,68.7033265444671
TUV,2004,70.003463803256
TUV,2003,71.2594947889066
TUV,2002,72.177491501163
TUV,2001,72.6715907043776
TUV,2000,73.1180845274805
TUV,1999,73.379587365346
TUV,1998,73.7635594778452
TUV,1997,74.0418441029439
TUV,1996,73.8183848157797
TUV,1995,73.328352633545
TUV,1994,72.6744186046512
TUV,1993,71.6892400300978
TUV,1992,70.1110483719179
TUV,1991,68.4716981132076
TUV,1990,66.8183541903678
UGA,2025,82.9480166289537
UGA,2024,84.2692386918341
UGA,2023,85.4896724288882
UGA,2022,86.6448141858633
UGA,2021,88.0347218678354
UGA,2020,89.7016309112795
UGA,2019,91.5697078154151
UGA,2018,93.5640775343582
UGA,2017,95.640435867303
UGA,2016,97.947403817142
UGA,2015,100.031967639667
UGA,2014,101.659121068481
UGA,2013,102.960950754645
UGA,2012,104.015180479864
UGA,2011,104.991946480974
UGA,2010,105.957237112969
UGA,2009,106.955953092401
UGA,2008,107.885150146124
UGA,2007,108.692196658918
UGA,2006,109.306445131681
UGA,2005,109.760305775951
UGA,2004,110.087749464791
UGA,2003,110.402331085896
UGA,2002,110.905017009275
UGA,2001,111.209538199074
UGA,2000,111.202172904865
UGA,1999,111.132887554241
UGA,1998,111.093630244514
UGA,1997,110.437093155186
UGA,1996,109.501248775079
UGA,1995,108.022933827083
UGA,1994,106.44291205141
UGA,1993,105.965110891878
UGA,1992,105.738816304519
UGA,1991,105.561804062619
UGA,1990,105.27250875451
UKR,2025,48.5136547806343
UKR,2024,48.9225090613665
UKR,2023,48.927142092575
UKR,2022,48.5413219822399
UKR,2021,48.2195987327939
UKR,2020,47.8846379680524
UKR,2019,47.2491268952806
UKR,2018,46.557661136037
UKR,2017,45.6557777135064
UKR,2016,44.485957567843
UKR,2015,43.3341607506951
UKR,2014,42.0954905825425
UKR,2013,41.3166740567217
UKR,2012,40.8345526687369
UKR,2011,40.5166354406486
UKR,2010,40.8671467578984
UKR,2009,41.2449127726442
UKR,2008,41.7453667037233
UKR,2007,42.2913224989539
UKR,2006,42.5377338231405
UKR,2005,42.9263643308974
UKR,2004,43.2844447040593
UKR,2003,43.4992725559268
UKR,2002,43.7827952677339
UKR,2001,44.4619703115316
UKR,2000,45.5082031520681
UKR,1999,46.9112274706498
UKR,1998,48.6410746163886
UKR,1997,49.9232950219756
UKR,1996,50.6065689738015
UKR,1995,51.3330009207008
UKR,1994,51.6317226416987
UKR,1993,51.3893809875295
UKR,1992,51.2131504133231
UKR,1991,50.9845912314443
UKR,1990,50.7409137088706
ARE,2025,21.609697214495
ARE,2024,21.769960468876
ARE,2023,22.0026623838262
ARE,2022,22.1229936023157
ARE,2021,22.1412793084987
ARE,2020,22.1652541679088
ARE,2019,22.2156206400823
ARE,2018,22.2647153045603
ARE,2017,22.3131514262999
ARE,2016,22.3933808829188
ARE,2015,22.4526561983721
ARE,2014,22.4573333412344
ARE,2013,22.4163226622205
ARE,2012,22.3511283233596
ARE,2011,22.3254188260817
ARE,2010,22.3929290494442
ARE,2009,22.4572001454064
ARE,2008,22.5722525422506
ARE,2007,22.9934856247938
ARE,2006,23.501200223279
ARE,2005,23.8508434184053
ARE,2004,24.2034056488981
ARE,2003,24.7137727030423
ARE,2002,25.5807133564786
ARE,2001,26.8321411139091
ARE,2000,28.3894784230497
ARE,1999,30.1512914467431
ARE,1998,32.0313687412118
ARE,1997,33.9063010927674
ARE,1996,35.4838440474638
ARE,1995,36.8700363669481
ARE,1994,38.272105724528
ARE,1993,39.6473016268041
ARE,1992,41.066545883166
ARE,1991,42.5639437112041
ARE,1990,44.1092156907403
GBR,2025,57.8967293083298
GBR,2024,57.9399925143725
GBR,2023,57.8463970694922
GBR,2022,57.6281944435899
GBR,2021,57.6129616035077
GBR,2020,57.6593804283998
GBR,2019,57.4310228571992
GBR,2018,57.0044441682182
GBR,2017,56.4799614488644
GBR,2016,55.9245937781273
GBR,2015,55.4015634705211
GBR,2014,54.8438602428906
GBR,2013,54.1548132724174
GBR,2012,53.2297920891233
GBR,2011,52.2814445132043
GBR,2010,51.738023164778
GBR,2009,51.4406852551869
GBR,2008,51.1947226586789
GBR,2007,51.156186206586
GBR,2006,51.4008482871775
GBR,2005,51.8275715627106
GBR,2004,52.2157863407455
GBR,2003,52.357292952779
GBR,2002,52.4964301559527
GBR,2001,52.8823327842176
GBR,2000,53.4314858659264
GBR,1999,53.9767159095951
GBR,1998,54.3483866479715
GBR,1997,54.6142994891761
GBR,1996,54.8196264730694
GBR,1995,55.006767566485
GBR,1994,55.1221344895478
GBR,1993,55.0512100356111
GBR,1992,54.777193763915
GBR,1991,54.3376013009481
GBR,1990,53.8910623613847
USA,2025,55.0057553311598
USA,2024,54.4480426095951
USA,2023,53.9087998260781
USA,2022,53.3776337538716
USA,2021,52.9517092916063
USA,2020,52.5896813958199
USA,2019,52.1637515215282
USA,2018,51.6943264101797
USA,2017,51.2357568878998
USA,2016,50.7885326899222
USA,2015,50.3802792773562
USA,2014,49.9593733626838
USA,2013,49.5000916066393
USA,2012,48.9935347408379
USA,2011,48.5112483606419
USA,2010,48.2461171051273
USA,2009,48.0979715941135
USA,2008,47.9187424830396
USA,2007,47.7735820707482
USA,2006,47.8032811357291
USA,2005,48.0956829396105
USA,2004,48.4979199966309
USA,2003,48.87487974038
USA,2002,49.2523674393258
USA,2001,49.6385027806598
USA,2000,50.0358331385231
USA,1999,50.4451370434482
USA,1998,50.8653430749568
USA,1997,51.2932387708189
USA,1996,51.6754019155487
USA,1995,51.9691102485906
USA,1994,52.1445550097576
USA,1993,52.1602619489498
USA,1992,51.9977277550372
USA,1991,51.6541373756373
USA,1990,51.238482086274
URY,2025,51.9270485228497
URY,2024,52.2955026226606
URY,2023,52.6676318563048
URY,2022,53.0930916288326
URY,2021,53.6466642752878
URY,2020,54.1627509533779
URY,2019,54.5633225323007
URY,2018,54.9160760110058
URY,2017,55.2221042886245
URY,2016,55.467903558164
URY,2015,55.655253084089
URY,2014,55.8914702038185
URY,2013,56.1887709485469
URY,2012,56.5267544018137
URY,2011,56.9523598346889
URY,2010,57.4226662302485
URY,2009,57.8823079373983
URY,2008,58.3029599925215
URY,2007,58.6708765063403
URY,2006,58.9850686251671
URY,2005,59.214030422378
URY,2004,59.4505495039191
URY,2003,59.703312305219
URY,2002,59.8358581980962
URY,2001,59.8489216395122
URY,2000,59.8113405108553
URY,1999,59.7460863862008
URY,1998,59.6483800712565
URY,1997,59.4958631026161
URY,1996,59.2603832889857
URY,1995,58.9881196578214
URY,1994,58.7993083135012
URY,1993,58.7725047749787
URY,1992,58.8598045535363
URY,1991,59.0412762608654
URY,1990,59.2889168018702
UZB,2025,59.6418459559503
UZB,2024,58.6494292141216
UZB,2023,57.6444238962333
UZB,2022,56.5268870521244
UZB,2021,55.2497682839009
UZB,2020,53.9511270861508
UZB,2019,52.7698563917884
UZB,2018,51.7097466682868
UZB,2017,50.8221131406473
UZB,2016,50.0611692979578
UZB,2015,49.3359508232811
UZB,2014,48.8305476003008
UZB,2013,48.7263222498675
UZB,2012,49.0804585754969
UZB,2011,49.8601391184231
UZB,2010,50.9135971391737
UZB,2009,52.0994530058547
UZB,2008,53.4488462806641
UZB,2007,55.1243231431766
UZB,2006,57.1652563080568
UZB,2005,59.3766906615768
UZB,2004,61.5072809151456
UZB,2003,63.6048706178502
UZB,2002,65.8327687506574
UZB,2001,68.206878584831
UZB,2000,70.5343533403284
UZB,1999,72.6291482627593
UZB,1998,74.4279490840898
UZB,1997,75.8326662845938
UZB,1996,76.7869581513787
UZB,1995,77.3436588329064
UZB,1994,77.6190343652758
UZB,1993,77.5811998724592
UZB,1992,77.2832853868679
UZB,1991,76.9292635236091
UZB,1990,76.6016505407828
VUT,2025,73.4322689475672
VUT,2024,74.2451305605171
VUT,2023,74.9220682087426
VUT,2022,75.3935971134344
VUT,2021,75.6146293850835
VUT,2020,75.6376501563271
VUT,2019,75.4675368380568
VUT,2018,75.0882318641321
VUT,2017,74.5534427215864
VUT,2016,73.907040957202
VUT,2015,73.1993387052682
VUT,2014,72.4631534301771
VUT,2013,71.7476986205221
VUT,2012,71.178315473816
VUT,2011,70.8488586685753
VUT,2010,70.7821997935543
VUT,2009,71.0980576671421
VUT,2008,71.8050065876153
VUT,2007,72.8043732916829
VUT,2006,74.079508533744
VUT,2005,75.5484848989655
VUT,2004,77.1400769833547
VUT,2003,78.8287485746864
VUT,2002,80.6061947310668
VUT,2001,82.427709232591
VUT,2000,84.3007667573584
VUT,1999,86.2212174838122
VUT,1998,88.1216635368092
VUT,1997,89.9481143876519
VUT,1996,91.5849297716598
VUT,1995,92.9386911701894
VUT,1994,93.9872665938138
VUT,1993,92.9750465909916
VUT,1992,90.7101012329338
VUT,1991,90.1691305437234
VUT,1990,90.7733340205123
VEN,2025,53.6906919485552
VEN,2024,54.3357993626306
VEN,2023,55.0083324049546
VEN,2022,55.6970242477288
VEN,2021,56.2700924770689
VEN,2020,56.4854585659602
VEN,2019,55.9638284576163
VEN,2018,54.5900649107737
VEN,2017,53.3639666664058
VEN,2016,53.0083098007427
VEN,2015,53.2199829831147
VEN,2014,53.6012010654475
VEN,2013,54.0187230989071
VEN,2012,54.4459843494093
VEN,2011,54.878041791136
VEN,2010,55.3598306657652
VEN,2009,55.8991914356006
VEN,2008,56.4767365652723
VEN,2007,57.1009620481937
VEN,2006,57.7736601935159
VEN,2005,58.5122487499449
VEN,2004,59.3548547902397
VEN,2003,60.2656616560146
VEN,2002,61.1981775928077
VEN,2001,62.1505961811793
VEN,2000,63.1073480179797
VEN,1999,64.0561526392205
VEN,1998,64.9991649138246
VEN,1997,65.943565076166
VEN,1996,66.8993883479444
VEN,1995,67.863724482244
VEN,1994,68.8185739387096
VEN,1993,69.7410278800045
VEN,1992,70.6185222514839
VEN,1991,71.4407394592324
VEN,1990,72.1990591285084
VNM,2025,47.8208691230641
VNM,2024,47.6476510341859
VNM,2023,47.5514131558407
VNM,2022,47.4163647594031
VNM,2021,47.2392982614886
VNM,2020,46.9641361395404
VNM,2019,46.6054316189935
VNM,2018,46.123352133928
VNM,2017,45.3221818606231
VNM,2016,44.38523018963
VNM,2015,43.7681325303024
VNM,2014,43.3734893031827
VNM,2013,43.0653799174176
VNM,2012,43.0574599485855
VNM,2011,43.429509513285
VNM,2010,44.1553936894184
VNM,2009,45.1710967600072
VNM,2008,46.4294210539472
VNM,2007,47.8798783604028
VNM,2006,49.5460786338393
VNM,2005,51.3412154712425
VNM,2004,53.0547414323825
VNM,2003,54.6563872611096
VNM,2002,56.2346454755768
VNM,2001,57.9648902578706
VNM,2000,59.9498221104256
VNM,1999,62.261940609126
VNM,1998,64.8052526056802
VNM,1997,67.2698496428235
VNM,1996,69.4481556458288
VNM,1995,71.3536222057356
VNM,1994,73.0807619791337
VNM,1993,74.6398709319425
VNM,1992,76.0376881780341
VNM,1991,77.2792802328883
VNM,1990,78.4115751269167
VIR,2025,65.5137221132533
VIR,2024,64.4379677038204
VIR,2023,63.2984684348151
VIR,2022,62.1299044865189
VIR,2021,61.1513638577691
VIR,2020,60.3989979778469
VIR,2019,59.8956693798624
VIR,2018,59.5838926174497
VIR,2017,59.2580496711845
VIR,2016,58.8405625812552
VIR,2015,58.2595025051057
VIR,2014,57.2669757135777
VIR,2013,55.9880455654534
VIR,2012,54.7613257613687
VIR,2011,53.5875870480945
VIR,2010,52.5703665113136
VIR,2009,51.7476937721349
VIR,2008,51.1644446923635
VIR,2007,50.9166132672109
VIR,2006,50.9226376993246
VIR,2005,51.1455807341751
VIR,2004,51.3746615680911
VIR,2003,51.6117763773806
VIR,2002,51.9648759173156
VIR,2001,52.3494736842105
VIR,2000,52.7558280138354
VIR,1999,53.1454035226263
VIR,1998,53.4012692041327
VIR,1997,53.4562603560352
VIR,1996,53.3610464786334
VIR,1995,53.1679736333674
VIR,1994,52.9560160770788
VIR,1993,52.8175274583465
VIR,1992,52.8712527656867
VIR,1991,53.1840570601733
VIR,1990,53.8232770100317
PSE,2025,70.7725051521058
PSE,2024,72.0721491548406
PSE,2023,72.928715183441
PSE,2022,73.58927215619
PSE,2021,74.3888286268739
PSE,2020,75.0766806037347
PSE,2019,75.5232104451405
PSE,2018,75.6773580843112
PSE,2017,75.6896464008083
PSE,2016,75.9242787531905
PSE,2015,76.4598535621394
PSE,2014,77.1079372691143
PSE,2013,77.9372989223921
PSE,2012,78.8657836325142
PSE,2011,79.9072985267286
PSE,2010,81.1510015511531
PSE,2009,82.6809354359812
PSE,2008,84.5417587368882
PSE,2007,86.607797966723
PSE,2006,88.7273345792031
PSE,2005,90.8092101558127
PSE,2004,92.7882776900855
PSE,2003,94.6180636947076
PSE,2002,96.2675398821517
PSE,2001,97.685306998021
PSE,2000,98.9265882484286
PSE,1999,100.082676150424
PSE,1998,101.1508750374
PSE,1997,102.10595015674
PSE,1996,102.913792116618
PSE,1995,103.540352900245
PSE,1994,104.029198540418
PSE,1993,104.389170068371
PSE,1992,104.61801812026
PSE,1991,104.785958285449
PSE,1990,104.934171337882
YEM,2025,77.1973485559311
YEM,2024,77.466898203994
YEM,2023,77.7260933249256
YEM,2022,77.9743636556573
YEM,2021,78.1681766734297
YEM,2020,78.2490319341492
YEM,2019,78.450785085874
YEM,2018,78.7888852602687
YEM,2017,79.1640984847763
YEM,2016,79.6670299659825
YEM,2015,80.3078546004591
YEM,2014,81.1275756454274
YEM,2013,82.0892761335314
YEM,2012,83.1892317875726
YEM,2011,84.5141646239343
YEM,2010,86.1362761650777
YEM,2009,88.0489445959759
YEM,2008,90.1589412017358
YEM,2007,92.4209901964376
YEM,2006,94.7572731364546
YEM,2005,97.1784979519556
YEM,2004,99.4364822396363
YEM,2003,101.435512483599
YEM,2002,103.441759651263
YEM,2001,105.463286580092
YEM,2000,107.460544298809
YEM,1999,109.383931478426
YEM,1998,111.233185869489
YEM,1997,112.969449843632
YEM,1996,114.544713955078
YEM,1995,115.858365423994
YEM,1994,116.788025151424
YEM,1993,117.284608670547
YEM,1992,117.403450899535
YEM,1991,117.274660857499
YEM,1990,116.923106960805
ZMB,2025,75.3495969672683
ZMB,2024,76.6912407389232
ZMB,2023,78.1069920863262
ZMB,2022,79.5164700824871
ZMB,2021,80.8978170758265
ZMB,2020,82.2910754691753
ZMB,2019,83.6337137132054
ZMB,2018,84.8848438316168
ZMB,2017,86.0880279127988
ZMB,2016,87.2726425233368
ZMB,2015,88.3819983200907
ZMB,2014,89.4276668789517
ZMB,2013,90.4153625250029
ZMB,2012,91.2480121650816
ZMB,2011,91.9437657216159
ZMB,2010,92.6272354636416
ZMB,2009,93.4137284231271
ZMB,2008,94.2483279485375
ZMB,2007,95.0937476176288
ZMB,2006,95.925978930964
ZMB,2005,96.7715302677538
ZMB,2004,97.6030631602521
ZMB,2003,98.4754018940788
ZMB,2002,99.4309410870537
ZMB,2001,100.496328798022
ZMB,2000,101.54753502566
ZMB,1999,102.247164180592
ZMB,1998,102.735507397432
ZMB,1997,103.148952229642
ZMB,1996,103.447538794104
ZMB,1995,103.554185310665
ZMB,1994,103.671433338043
ZMB,1993,103.900814734371
ZMB,1992,104.265792247289
ZMB,1991,104.71091714615
ZMB,1990,105.212755386982
ZWE,2025,78.0787184480585
ZWE,2024,80.1004117942445
ZWE,2023,81.6253517563755
ZWE,2022,82.5476054640719
ZWE,2021,83.3849533226054
ZWE,2020,84.3843806399623
ZWE,2019,85.4479058285901
ZWE,2018,86.5168398539074
ZWE,2017,87.5123520945076
ZWE,2016,88.3275279751021
ZWE,2015,88.8363578945822
ZWE,2014,88.9275709065542
ZWE,2013,88.6378275042674
ZWE,2012,87.8594210543489
ZWE,2011,86.7989538485636
ZWE,2010,85.6706799596368
ZWE,2009,84.4783865020806
ZWE,2008,83.4642158994641
ZWE,2007,82.7732704031285
ZWE,2006,82.5129279048771
ZWE,2005,82.2028188716048
ZWE,2004,81.6091651856766
ZWE,2003,81.1534991009947
ZWE,2002,81.0078961121419
ZWE,2001,81.5563751508938
ZWE,2000,82.7828202158217
ZWE,1999,84.5592005826474
ZWE,1998,87.2275306881219
ZWE,1997,90.5308736769466
ZWE,1996,94.1348732788006
ZWE,1995,97.5727814511355
ZWE,1994,99.9268005304341
ZWE,1993,101.121844938429
ZWE,1992,99.5506581645971
ZWE,1991,98.687095231139
ZWE,1990,100.830202031148
