iso,year,exports
AFG,2024,15.7027518479481
AFG,2023,16.2352784419391
AFG,2022,18.3800424016375
AFG,2021,14.342152797537
AFG,2020,10.4208171386207
ALB,2025,37.0141194079686
ALB,2024,36.2848685351465
ALB,2023,38.4188212901288
ALB,2022,37.1970755614977
ALB,2021,31.1330562572669
ALB,2020,22.5407585558933
ALB,2019,30.9361224858484
ALB,2018,31.1140135421951
ALB,2017,31.0017957888583
ALB,2016,28.6697931741608
ALB,2015,27.0693224620319
ALB,2014,28.0683434875498
ALB,2013,28.8694020076469
ALB,2012,29.1107709360814
ALB,2011,29.0544738022633
ALB,2010,27.6099296701047
ALB,2009,24.644624460972
ALB,2008,24.5826619203536
ALB,2007,27.1308199124046
ALB,2006,24.5085919324007
ALB,2005,22.4427818397267
ALB,2004,21.5517522222215
ALB,2003,20.1638803786461
ALB,2002,20.1711859333135
ALB,2001,20.6135666190169
ALB,2000,19.5304708980011
ALB,1999,16.4734334387411
ALB,1998,11.2273038242118
ALB,1997,10.0408492363618
ALB,1996,11.4951450178899
ALB,1995,12.2696512257008
ALB,1994,11.983694347693
ALB,1993,15.9788298133865
ALB,1992,12.4995914932505
ALB,1991,7.48481872467814
ALB,1990,15.4050638293415
DZA,2025,16.8347751595565
DZA,2024,19.8523800653814
DZA,2023,23.7900604738163
DZA,2022,30.7915561763341
DZA,2021,23.4443672905951
DZA,2020,15.5352011116191
DZA,2019,20.407941949491
DZA,2018,23.423105738908
DZA,2017,20.3336795171675
DZA,2016,18.4866879717888
DZA,2015,20.5281416810455
DZA,2014,27.6194863705878
DZA,2013,30.7993649290893
DZA,2012,34.3827920015035
DZA,2011,35.9880864093259
DZA,2010,34.988229614912
DZA,2009,32.5860062711518
DZA,2008,45.6471818058054
DZA,2007,44.720155665402
DZA,2006,45.7641342682087
DZA,2005,44.371282898314
DZA,2004,38.3929594593676
DZA,2003,35.6690635287432
DZA,2002,33.1371640975005
DZA,2001,34.1212313958018
DZA,2000,42.0697177213416
DZA,1999,28.150113118469
DZA,1998,22.5783540098039
DZA,1997,30.9063113798645
DZA,1996,29.7604483251847
DZA,1995,26.1947759790559
DZA,1994,22.5307252452381
DZA,1993,21.7838769961664
DZA,1992,25.3195942793437
DZA,1991,29.11782217052
DZA,1990,23.4436850828471
ASM,2022,46.9575200918485
ASM,2021,44.2666666666667
ASM,2020,59.2233009708738
ASM,2019,61.6692426584235
ASM,2018,68.2316118935837
ASM,2017,59.1503267973856
ASM,2016,63.9344262295082
ASM,2015,63.5958395245171
ASM,2014,66.7185069984448
ASM,2013,71.7868338557994
ASM,2012,75.46875
ASM,2011,58.7719298245614
ASM,2010,63.5253054101222
ASM,2009,78.5185185185185
ASM,2008,114.464285714286
ASM,2007,97.4903474903475
ASM,2006,100.405679513185
ASM,2005,99.6
ASM,2004,90.3732809430255
ASM,2003,97.9007633587786
ASM,2002,101.171875
AGO,2025,22.9777500640377
AGO,2024,30.8795219046294
AGO,2023,32.6693723720411
AGO,2022,36.0134857147868
AGO,2021,40.092305214066
AGO,2020,31.7595359781269
AGO,2019,36.9500822651989
AGO,2018,35.848110999411
AGO,2017,25.0848249879727
AGO,2016,24.2972921889814
AGO,2015,26.1489317126281
AGO,2014,37.014326749248
AGO,2013,45.232320919781
AGO,2012,50.0270607126239
AGO,2011,54.1205324820007
AGO,2010,53.8925161324003
AGO,2009,50.899386395701
AGO,2008,65.0305321879704
AGO,2007,61.2105085582818
AGO,2006,56.8533385675726
AGO,2005,58.7232661862792
AGO,2004,51.0441768859082
AGO,2003,47.5644609673603
AGO,2002,49.4975384821664
ATG,2022,55.0022835102638
ATG,2021,46.9612135727066
ATG,2020,41.8859637615377
ATG,2019,69.1646948026456
ATG,2018,62.470548111624
ATG,2017,64.4160024709769
ATG,2016,70.0240929106175
ATG,2015,70.7044967935257
ATG,2014,74.5107467810698
ARG,2025,15.5556611218587
ARG,2024,15.2497485928824
ARG,2023,12.8223120961047
ARG,2022,16.2816677253254
ARG,2021,18.0667091690365
ARG,2020,16.6054144372484
ARG,2019,17.9248783778462
ARG,2018,14.4366857499034
ARG,2017,11.3202833596733
ARG,2016,12.5270951690009
ARG,2015,10.7056520504538
ARG,2014,14.4054785893756
ARG,2013,14.6171733884386
ARG,2012,16.2378594620246
ARG,2011,18.4492091453155
ARG,2010,18.9338234053709
ARG,2009,19.5609850560818
ARG,2008,22.0609003826242
ARG,2007,22.6627503115066
ARG,2006,23.0266946038115
ARG,2005,23.2458767338576
ARG,2004,23.8476194239892
ARG,2003,25.9309429264224
ARG,2002,28.3825969991682
ARG,2001,11.5790080825317
ARG,2000,10.9863752325576
ARG,1999,9.82717451494235
ARG,1998,10.4155819610919
ARG,1997,10.5608501019262
ARG,1996,10.4285967560139
ARG,1995,9.68041025959015
ARG,1994,7.52994872591672
ARG,1993,6.90935153370832
ARG,1992,6.5981874720374
ARG,1991,7.67504334832217
ARG,1990,10.3595365925264
ARM,2025,48.0989027205254
ARM,2024,73.6253540067184
ARM,2023,61.008329479156
ARM,2022,51.5709203656497
ARM,2021,35.6688923952932
ARM,2020,30.0766482474182
ARM,2019,42.2626073502911
ARM,2018,39.3928940286073
ARM,2017,38.2160456550464
ARM,2016,33.7442798606396
ARM,2015,29.7253912120334
ARM,2014,28.5603816555446
ARM,2013,28.3534851384818
ARM,2012,27.5618114828439
ARM,2011,22.5231882640131
ARM,2010,19.7484153168252
ARM,2009,14.6709007461363
ARM,2008,14.2657295739767
ARM,2007,18.1893569819725
ARM,2006,22.1459814355134
ARM,2005,27.3131979500115
ARM,2004,28.1907438231723
ARM,2003,30.4829978923981
ARM,2002,27.832108365994
ARM,2001,24.1458543956306
ARM,2000,22.1614188089398
ARM,1999,20.7582469526567
ARM,1998,19.0030199716737
ARM,1997,20.2732693887542
ARM,1996,23.2400035043381
ARM,1995,23.9279208283617
ARM,1994,39.3280393523261
ARM,1993,47.2189758700553
ARM,1992,39.8207550211161
ARM,1991,40.7453883799724
ARM,1990,35.0029815146094
ABW,2024,85.9688151817883
ABW,2023,79.8588933716615
ABW,2022,80.7428143791554
ABW,2021,67.3235487070639
ABW,2020,53.802537849084
ABW,2019,66.7030809219838
ABW,2018,68.4088639609739
ABW,2017,69.6369362107407
ABW,2016,68.9666600570598
ABW,2015,70.3217227986333
ABW,2014,75.4546231589626
ABW,2013,73.5764358929723
ABW,2012,73.1035458041627
ABW,2011,69.7510127562388
ABW,2010,60.2181860904717
ABW,2009,62.9185634689552
ABW,2008,65.5292950658025
ABW,2007,65.0612625386555
ABW,2006,64.5941526531523
ABW,2005,68.0752981880873
ABW,2004,64.6655585140977
ABW,2003,62.7312132409209
ABW,2002,64.5643135803172
ABW,2001,70.9967837702649
ABW,2000,74.3860109498193
ABW,1999,79.928664072633
ABW,1998,79.6377054679638
ABW,1997,82.5309992706054
ABW,1996,86.6396761133603
ABW,1995,84.8984771573604
AUS,2025,23.2444383508997
AUS,2024,24.6215240529473
AUS,2023,26.701068252275
AUS,2022,25.4615298373659
AUS,2021,22.0018144228925
AUS,2020,23.9380373915413
AUS,2019,24.0624800210722
AUS,2018,21.8125736575066
AUS,2017,21.1718412211076
AUS,2016,19.2031438783351
AUS,2015,19.9846454503255
AUS,2014,20.9959179912807
AUS,2013,19.8931411047873
AUS,2012,21.4212330245448
AUS,2011,21.3710952598475
AUS,2010,19.7322237124156
AUS,2009,22.9369071089635
AUS,2008,20.1044121403643
AUS,2007,20.1458953527592
AUS,2006,19.8193564623907
AUS,2005,18.1951172148922
AUS,2004,17.1350628732794
AUS,2003,19.0255629975486
AUS,2002,20.6927681028396
AUS,2001,22.1097572675813
AUS,2000,19.356082688226
AUS,1999,18.2621440737691
AUS,1998,19.5240007251128
AUS,1997,19.0977036336863
AUS,1996,18.8609762036441
AUS,1995,17.8435719765847
AUS,1994,17.946396853319
AUS,1993,17.5151962018487
AUS,1992,16.6348569743439
AUS,1991,16.0067228668844
AUS,1990,15.0947214126902
AUT,2025,54.7019473752362
AUT,2024,55.6782850851641
AUT,2023,58.4867595713944
AUT,2022,61.4273121186873
AUT,2021,55.9539450675875
AUT,2020,51.6630899700616
AUT,2019,55.8958073929339
AUT,2018,55.7022394735073
AUT,2017,54.3260296753968
AUT,2016,52.6634020833052
AUT,2015,53.3960122723239
AUT,2014,53.8561570961341
AUT,2013,53.8898209853854
AUT,2012,54.325492441456
AUT,2011,54.2920768831722
AUT,2010,51.5839821122491
AUT,2009,45.4869106822459
AUT,2008,53.5983913417575
AUT,2007,52.8904832388178
AUT,2006,51.2031559330564
AUT,2005,48.9511516701756
AUT,2004,47.2191991038628
AUT,2003,44.8257225915126
AUT,2002,45.6510533943756
AUT,2001,44.8518101806208
AUT,2000,43.591091462861
AUT,1999,39.5093125883092
AUT,1998,38.5615906228388
AUT,1997,37.2144335874111
AUT,1996,34.4377355805807
AUT,1995,33.6650009227647
AUT,1994,32.2849892247045
AUT,1993,31.5876218892673
AUT,1992,33.2856424443417
AUT,1991,34.7265065316097
AUT,1990,35.8377852549483
AZE,2025,43.0222163694672
AZE,2024,45.8346308453245
AZE,2023,48.9964135000536
AZE,2022,59.9868480668076
AZE,2021,46.4887471674792
AZE,2020,35.6235558660257
AZE,2019,49.0506275016423
AZE,2018,54.0922938620586
AZE,2017,48.547864732761
AZE,2016,46.4276493913136
AZE,2015,37.7947774917249
AZE,2014,43.2735566584935
AZE,2013,48.4158330755216
AZE,2012,52.9746801915106
AZE,2011,56.4269805307016
AZE,2010,54.3047215353821
AZE,2009,51.6357456848728
AZE,2008,65.7761378471842
AZE,2007,68.1289116905555
AZE,2006,66.5041448400209
AZE,2005,62.9411060091835
AZE,2004,48.7890084640454
AZE,2003,42.0065766459106
AZE,2002,42.7678350515464
AZE,2001,41.4986078711716
AZE,2000,40.1708314787732
AZE,1999,27.9701199968213
AZE,1998,22.6995291518921
AZE,1997,29.0346072254061
AZE,1996,24.9286393910561
AZE,1995,32.4866435467242
AZE,1994,24.7211102215105
AZE,1993,57.4624203821656
AZE,1992,86.2036057343209
AZE,1991,45.6586826347305
AZE,1990,43.8608458390177
BHS,2024,37.7835884998232
BHS,2023,37.8114502367185
BHS,2022,37.1589142824247
BHS,2021,27.9712552961701
BHS,2020,23.2736992434769
BHS,2019,34.9807938540333
BHS,2018,35.251809785322
BHS,2017,31.7259719287533
BHS,2016,32.8518883249585
BHS,2015,35.8315874839494
BHS,2014,37.3629826467129
BHS,2013,39.8566150850095
BHS,2012,38.1273086825118
BHS,2011,37.4352685331837
BHS,2010,34.9532873206178
BHS,2009,34.190679986696
BHS,2008,39.4936348090443
BHS,2007,40.0919541095878
BHS,2006,38.3092773365463
BHS,2005,38.7598869482117
BHS,2004,38.215231096961
BHS,2003,35.8102341689881
BHS,2002,36.175454557738
BHS,2001,34.0725886439131
BHS,2000,38.0475628585261
BHS,1999,36.4568895621607
BHS,1998,34.6571601675345
BHS,1997,36.8804047779975
BHS,1996,48.0376835688556
BHS,1995,49.549139690872
BHS,1994,51.0214789812826
BHS,1993,51.9666882276843
BHS,1992,50.247024766806
BHS,1991,50.9510921971226
BHS,1990,54.160770688566
BHR,2024,87.4874315086406
BHR,2023,87.351143952571
BHR,2022,95.9613654006004
BHR,2021,86.2742186726683
BHR,2020,70.4544358235096
BHR,2019,73.0944239873751
BHR,2018,75.7153726820796
BHR,2017,72.2538621389219
BHR,2016,70.5882906981125
BHR,2015,79.3441035722346
BHR,2014,92.2255357196123
BHR,2013,100.826651632348
BHR,2012,98.265636232926
BHR,2011,95.6363487649272
BHR,2010,66.7027150376276
BHR,2009,68.4655938651118
BHR,2008,82.5773483806233
BHR,2007,79.6795292320647
BHR,2006,84.6389442624741
BHR,2005,83.8940482059345
BHR,2004,78.6051459613386
BHR,2003,72.0630719982325
BHR,2002,72.5085662959225
BHR,2001,73.6107613220545
BHR,2000,79.1806670285974
BHR,1999,69.3608276441722
BHR,1998,56.8165441788063
BHR,1997,69.5451087757575
BHR,1996,77.3166979888113
BHR,1995,72.1076564551807
BHR,1994,71.4064825255772
BHR,1993,73.7646092157904
BHR,1992,74.2108438818191
BHR,1991,74.7571406146746
BHR,1990,101.627081964958
BGD,2025,11.1161085689856
BGD,2024,10.4611878291715
BGD,2023,13.1571638341204
BGD,2022,12.8822264348985
BGD,2021,10.6627789004134
BGD,2020,10.4427880616037
BGD,2019,13.0947573353039
BGD,2018,12.6747879443391
BGD,2017,12.8197468906003
BGD,2016,13.9212044814459
BGD,2015,17.3366737865485
BGD,2014,18.9896599950107
BGD,2013,19.5378741098798
BGD,2012,20.1615888640625
BGD,2011,19.9220749554939
BGD,2010,16.0241126856916
BGD,2009,16.9401329056133
BGD,2008,17.6588584820757
BGD,2007,16.9953348464905
BGD,2006,16.3534635652888
BGD,2005,14.3928418979283
BGD,2004,11.1465089461353
BGD,2003,11.4311486959413
BGD,2002,12.4099689322019
BGD,2001,13.3865592080649
BGD,2000,12.3442012279919
BGD,1999,11.7586423857313
BGD,1998,11.7573312287186
BGD,1997,10.5203705573506
BGD,1996,9.70650764952346
BGD,1995,10.864634213863
BGD,1994,9.00154364628231
BGD,1993,9.01726903574974
BGD,1992,7.58667691037111
BGD,1991,6.66261196863293
BGD,1990,5.90831648660892
BLR,2025,55.0805784287869
BLR,2024,63.1561020083551
BLR,2023,66.0267285714941
BLR,2022,63.0511868938428
BLR,2021,70.8317550415821
BLR,2020,61.0120971835577
BLR,2019,65.0945839929757
BLR,2018,70.4550452625374
BLR,2017,66.7896002012327
BLR,2016,62.5093471231924
BLR,2015,58.0107665670743
BLR,2014,54.941004057247
BLR,2013,58.3335781066769
BLR,2012,78.7769072783938
BLR,2011,78.4653615193087
BLR,2010,51.3728853529564
BLR,2009,48.8764618241933
BLR,2008,60.9377552183976
BLR,2007,60.9430527153212
BLR,2006,60.0613117690842
BLR,2005,59.7978087236099
BLR,2004,67.8863333586708
BLR,2003,65.156379906358
BLR,2002,63.6275159440361
BLR,2001,66.7476067360771
BLR,2000,69.2108213448948
BLR,1999,59.2033413701759
BLR,1998,59.0511292994057
BLR,1997,59.8598805986424
BLR,1996,46.3498037416792
BLR,1995,49.6651647817599
BLR,1994,71.2696004046535
BLR,1993,67.6142131979695
BLR,1992,59.7826086956522
BLR,1991,33.3333333333333
BLR,1990,45.9584295612009
BEL,2025,75.4500710497086
BEL,2024,79.3187864838737
BEL,2023,82.8132982978783
BEL,2022,94.3593146395926
BEL,2021,89.625374866218
BEL,2020,79.1968705613294
BEL,2019,82.9674275396401
BEL,2018,83.4830567161373
BEL,2017,83.4444050525116
BEL,2016,79.6181317071952
BEL,2015,77.8777392199991
BEL,2014,79.3965205800202
BEL,2013,78.9114134413606
BEL,2012,80.0489721342421
BEL,2011,80.2713643518839
BEL,2010,75.8282898692443
BEL,2009,68.5960770690546
BEL,2008,80.8806199752035
BEL,2007,78.3018047028263
BEL,2006,76.8049970552189
BEL,2005,74.2828289213953
BEL,2004,70.906277447218
BEL,2003,69.0365085088844
BEL,2002,70.8312976956765
BEL,2001,71.6119589202939
BEL,2000,72.5473951580567
BEL,1999,64.5630595160862
BEL,1998,64.1743450154283
BEL,1997,64.7865810804479
BEL,1996,61.1923909558718
BEL,1995,60.1143717180605
BEL,1994,58.4249593454229
BEL,1993,56.1077411574797
BEL,1992,58.8089303317393
BEL,1991,60.2296548828746
BEL,1990,61.6136909555393
BLZ,2024,55.2233936496697
BLZ,2023,54.9308418513115
BLZ,2022,52.5787874243921
BLZ,2021,47.5814821772776
BLZ,2020,37.6373221387979
BLZ,2019,52.0189198848801
BLZ,2018,51.7351399388179
BLZ,2017,49.8095974752301
BLZ,2016,47.3072672928322
BLZ,2015,51.5667685462712
BLZ,2014,55.4922660304805
BLZ,2013,56.023852203192
BLZ,2012,59.326479519541
BLZ,2011,56.7220499146992
BLZ,2010,50.6252185549087
BLZ,2009,45.4443249910287
BLZ,2008,53.8397113388589
BLZ,2007,50.5800129170809
BLZ,2006,51.802408996474
BLZ,2005,45.729283841046
BLZ,2004,42.2851095770467
BLZ,2003,44.5690554451158
BLZ,2002,43.6216330567744
BLZ,2001,41.8864239146419
BLZ,2000,42.870421436555
BLZ,1999,44.0742971195585
BLZ,1998,43.1671002651104
BLZ,1997,43.7946352343963
BLZ,1996,41.751196669658
BLZ,1995,40.2212156814719
BLZ,1994,41.5144175332129
BLZ,1993,38.4887561088814
BLZ,1992,41.0241941273705
BLZ,1991,35.9772984642911
BLZ,1990,40.8415406762032
BEN,2025,17.0524416091327
BEN,2024,18.84015691814
BEN,2023,20.003519091069
BEN,2022,20.8153300474458
BEN,2021,20.9188061754733
BEN,2020,19.8724704276524
BEN,2019,29.6305271935478
BEN,2018,27.2742306189085
BEN,2017,27.2055947818832
BEN,2016,27.6067880711982
BEN,2015,24.7204512110389
BEN,2014,31.4308411236325
BEN,2013,27.570565319312
BEN,2012,23.8967368670133
BEN,2011,20.8496515031216
BEN,2010,23.0720480670551
BEN,2009,19.9279668393882
BEN,2008,22.14072026628
BEN,2007,22.0428531154363
BEN,2006,18.057925712964
BEN,2005,18.483639980467
BEN,2004,18.5135475659125
BEN,2003,18.6442972500831
BEN,2002,19.726610778332
BEN,2001,19.8685788115524
BEN,2000,20.6053025489554
BEN,1999,23.0095307947819
BEN,1998,27.0929395510065
BEN,1997,27.1761345944549
BEN,1996,26.4988115545834
BEN,1995,27.3689425027528
BEN,1994,28.3270186172953
BEN,1993,22.4643830367555
BEN,1992,23.2391480496458
BEN,1991,21.0024860627473
BEN,1990,19.181303010653
BMU,2024,55.146561003487
BMU,2023,52.7605680301685
BMU,2022,50.9884416399627
BMU,2021,47.9001272558699
BMU,2020,47.134651225055
BMU,2019,51.7434243981752
BMU,2018,51.4791563825902
BMU,2017,48.5381492501872
BMU,2016,49.3300565760921
BMU,2015,49.9708394613543
BMU,2014,51.1612432078139
BMU,2013,51.6131910947459
BMU,2012,50.5125436879565
BMU,2011,52.5392419809555
BMU,2010,50.7949927394964
BTN,2024,31.4948602422141
BTN,2023,28.3881078975658
BTN,2022,25.4988399587876
BTN,2021,29.1987406924537
BTN,2020,28.0656355144502
BTN,2019,31.4575032617598
BTN,2018,29.1897191930732
BTN,2017,28.4464080232377
BTN,2016,27.1228339132394
BTN,2015,31.5360910045004
BTN,2014,34.1893414068432
BTN,2013,37.4343659431634
BTN,2012,35.7881097866179
BTN,2011,37.9232018736818
BTN,2010,39.3870452376357
BTN,2009,42.46629308784
BTN,2008,46.598977305103
BTN,2007,52.3571269654224
BTN,2006,51.8129303116649
BTN,2005,36.4043942963452
BTN,2004,29.6518401624113
BTN,2003,24.3568394131845
BTN,2002,22.9202319620156
BTN,2001,25.2417137581544
BTN,2000,28.0014111590781
BTN,1999,32.6549090148802
BTN,1998,34.3296793518192
BTN,1997,37.3014697549024
BTN,1996,37.0068223521095
BTN,1995,39.4058307240615
BTN,1994,30.875962913691
BTN,1993,32.859302834155
BTN,1992,33.3950994352653
BTN,1991,33.4596753116132
BTN,1990,27.9616719301099
BOL,2024,21.4350624296
BOL,2023,22.4028095381649
BOL,2022,27.7939915042015
BOL,2021,23.5525156265644
BOL,2020,16.8717531697786
BOL,2019,20.0474399352249
BOL,2018,20.3550589285544
BOL,2017,19.5388666685088
BOL,2016,24.4880055394464
BOL,2015,30.8682960291245
BOL,2014,43.2930879909317
BOL,2013,44.0924795250944
BOL,2012,47.1661966249317
BOL,2011,44.0917018533308
BOL,2010,41.1874561416131
BOL,2009,35.7226248254274
BOL,2008,44.9065559925589
BOL,2007,41.7956567530236
BOL,2006,41.771714268103
BOL,2005,35.5481429306567
BOL,2004,31.1383905185998
BOL,2003,25.6007344519017
BOL,2002,21.6344550841802
BOL,2001,19.972149230267
BOL,2000,18.2747449737713
BOL,1999,16.8808993524959
BOL,1998,19.6986848946719
BOL,1997,21.1106028890051
BOL,1996,22.5818705788073
BOL,1995,22.5514216225024
BOL,1994,21.6633117424271
BOL,1993,19.0807651898888
BOL,1992,20.0457617754806
BOL,1991,21.4793468638824
BOL,1990,22.7769821388572
BIH,2025,41.0015226327566
BIH,2024,40.7026955014872
BIH,2023,43.9317398178138
BIH,2022,48.3071264641554
BIH,2021,42.8225929673139
BIH,2020,34.5918555020937
BIH,2019,40.040069270151
BIH,2018,41.9845538493301
BIH,2017,40.3244116811041
BIH,2016,35.9087089120132
BIH,2015,35.1148767232101
BIH,2014,33.9891191143676
BIH,2013,33.7430455598104
BIH,2012,32.3505414379409
BIH,2011,32.0359718110398
BIH,2010,29.6955421868204
BIH,2009,25.0093787853569
BIH,2008,26.8480689241931
BIH,2007,27.1015554443826
BIH,2006,26.2583452015481
BIH,2005,24.3164228910803
BIH,2004,22.5362431036544
BIH,2003,20.5879852303156
BIH,2002,19.1260118891002
BIH,2001,22.0687199961698
BIH,2000,21.883818745472
BIH,1999,27.6439467786027
BIH,1998,27.3031972254601
BIH,1997,27.8336349003353
BIH,1996,23.617706247983
BIH,1995,20.4117390235021
BIH,1994,15.4482894219426
BWA,2025,32.0337480184486
BWA,2024,27.0767041570041
BWA,2023,32.8968928794687
BWA,2022,43.4790657146074
BWA,2021,41.7739949800303
BWA,2020,31.2509978367083
BWA,2019,37.0878176552067
BWA,2018,44.2281439237392
BWA,2017,42.9200424885539
BWA,2016,54.6113547604529
BWA,2015,53.0908973428197
BWA,2014,61.2829678934065
BWA,2013,61.3797617461963
BWA,2012,48.11502383229
BWA,2011,44.2363979167201
BWA,2010,42.1443315144427
BWA,2009,35.8336618587618
BWA,2008,46.946904660995
BWA,2007,56.479962927168
BWA,2006,51.7808267603935
BWA,2005,52.9235535447696
BWA,2004,49.6137877815052
BWA,2003,48.8268578340104
BWA,2002,52.1574267782427
BWA,2001,48.6576082380348
BWA,2000,51.8318100701299
BWA,1999,55.1972682896055
BWA,1998,49.2891721003754
BWA,1997,60.8807385501806
BWA,1996,53.828444483056
BWA,1995,50.8364978420338
BWA,1994,47.8223986846938
BWA,1993,47.0957972005807
BWA,1992,48.1795630951428
BWA,1991,53.0295141611517
BWA,1990,55.0554070628939
BRA,2025,17.8207228961707
BRA,2024,17.9385794398559
BRA,2023,17.9693243032741
BRA,2022,19.6307650034371
BRA,2021,19.1094303688709
BRA,2020,16.4535520094071
BRA,2019,14.1229191913178
BRA,2018,14.6349994955075
BRA,2017,12.5189678698768
BRA,2016,12.4666790429968
BRA,2015,12.900191418386
BRA,2014,11.0119428190539
BRA,2013,11.7422306460189
BRA,2012,11.8775390704316
BRA,2011,11.5825126785455
BRA,2010,10.8655847752557
BRA,2009,10.8513711347491
BRA,2008,13.5340005128387
BRA,2007,13.3276751040789
BRA,2006,14.3743163038801
BRA,2005,15.2438292665623
BRA,2004,16.5457615119353
BRA,2003,15.1807837086861
BRA,2002,14.2305902713775
BRA,2001,12.37171066993
BRA,2000,10.1880480043795
BRA,1999,9.5648982609794
BRA,1998,7.03050033871807
BRA,1997,6.98364957530895
BRA,1996,6.73020968312685
BRA,1995,7.52887503847073
BRA,1994,9.51307642702004
BRA,1993,10.5032716554144
BRA,1992,10.8683116605935
BRA,1991,8.67763659887868
BRA,1990,8.1972364845005
BRN,2025,71.5712945703066
BRN,2024,74.2707418045022
BRN,2023,76.7032024805205
BRN,2022,86.3893568836847
BRN,2021,80.1689108084537
BRN,2020,57.3561114159878
BRN,2019,57.946040538108
BRN,2018,51.9332397866186
BRN,2017,49.5733065230099
BRN,2016,49.5777773794133
BRN,2015,52.2130112286937
BRN,2014,68.1771018484597
BRN,2013,68.0441177780807
BRN,2012,70.1597309927892
BRN,2011,69.5063427645584
BRN,2010,67.4082522381788
BRN,2009,59.7036049151399
BRN,2008,65.9431408022612
BRN,2007,56.9641140757782
BRN,2006,60.1605718986421
BRN,2005,58.5718065403264
BRN,2004,57.7661851193269
BRN,2003,58.4208886316465
BRN,2002,56.6559739607844
BRN,2001,57.9295714010074
BRN,2000,56.970296136284
BRN,1999,40.6972280530706
BRN,1998,36.8356755347497
BRN,1997,38.1379742895262
BRN,1996,40.0067512665242
BRN,1995,36.7143398139106
BRN,1994,32.2800214220304
BRN,1993,36.2455449805517
BRN,1992,38.2613644085978
BRN,1991,39.2749848843349
BRN,1990,36.026543425045
BGR,2025,50.738480678418
BGR,2024,56.3699636895975
BGR,2023,62.0049746360507
BGR,2022,69.9794718032462
BGR,2021,61.8496078917309
BGR,2020,56.4751259038113
BGR,2019,64.300587723502
BGR,2018,65.9187137701145
BGR,2017,66.9905235648426
BGR,2016,63.860933447808
BGR,2015,63.7864222949735
BGR,2014,64.5508065016037
BGR,2013,64.5649783748892
BGR,2012,60.3462746841439
BGR,2011,58.7882035798738
BGR,2010,50.0980440473078
BGR,2009,42.2188508571578
BGR,2008,52.4776647091195
BGR,2007,52.355044143842
BGR,2006,46.9778773164501
BGR,2005,42.5295693164729
BGR,2004,40.9566423668749
BGR,2003,34.4169484471671
BGR,2002,33.6473094348292
BGR,2001,34.8813225778741
BGR,2000,36.2188521925379
BGR,1999,42.7498045960997
BGR,1998,41.9413442477275
BGR,1997,49.5761831408403
BGR,1996,48.4969586842486
BGR,1995,32.3397333194325
BGR,1994,45.0474655869843
BGR,1993,38.207136640557
BGR,1992,47.1118817089088
BGR,1991,43.4785742083339
BGR,1990,33.1193174473219
BFA,2025,34.9899001231927
BFA,2024,28.56446679662
BFA,2023,28.9494254778906
BFA,2022,31.2180734191588
BFA,2021,32.797073516181
BFA,2020,31.7768656908663
BFA,2019,29.2576956572794
BFA,2018,28.0789061419219
BFA,2017,26.4523856350501
BFA,2016,25.915964804251
BFA,2015,26.1076455357024
BFA,2014,26.932004154154
BFA,2013,27.0769854530325
BFA,2012,26.5980854179657
BFA,2011,26.1955005196271
BFA,2010,20.5158488554008
BFA,2009,13.7889708614234
BFA,2008,10.1493270523848
BFA,2007,10.3485422167992
BFA,2006,10.9568635027021
BFA,2005,9.84184747809064
BFA,2004,10.8815873012951
BFA,2003,9.22043165840572
BFA,2002,8.86536563219181
BFA,2001,9.0440827674193
BFA,2000,8.8447174852677
BFA,1999,8.35400550573099
BFA,1998,12.8081030220056
BFA,1997,10.8125309984677
BFA,1996,10.5636052055707
BFA,1995,14.1405565399915
BFA,1994,14.2016211454196
BFA,1993,8.95154328138584
BFA,1992,8.8464803686211
BFA,1991,10.4475484424359
BFA,1990,10.9666914119517
CPV,2025,41.9760625876389
CPV,2024,42.6792709353695
CPV,2023,39.2805048495495
CPV,2022,38.6842542170134
CPV,2021,23.8497983576563
CPV,2020,25.2933707721998
CPV,2019,46.7050331370949
CPV,2018,45.865993464408
CPV,2017,42.0688035837608
CPV,2016,41.4729487181747
CPV,2015,41.1352016327173
CPV,2014,37.2482924821867
CPV,2013,37.5168385673901
CPV,2012,37.4634532272165
CPV,2011,32.8742610267506
CPV,2010,30.2838226775205
CPV,2009,29.037829627441
CPV,2008,34.3404537542843
CPV,2007,33.7458980966483
CPV,2006,45.1322052608015
CPV,2005,37.7773604608664
CPV,2004,32.004173065871
CPV,2003,31.3643511669509
CPV,2002,32.5449567130458
CPV,2001,29.80941288281
CPV,2000,27.0072185431265
CPV,1999,20.9759456250155
CPV,1998,22.7961528751425
CPV,1997,27.4417263018333
CPV,1996,20.1991575607735
CPV,1995,17.1369526898222
CPV,1994,15.0462995430568
CPV,1993,13.2608310757983
CPV,1992,17.2830075872658
CPV,1991,16.5640735443608
CPV,1990,17.131969468504
KHM,2025,68.6465213655928
KHM,2024,71.3635841655888
KHM,2023,66.8926660552171
KHM,2022,72.2070606780988
KHM,2021,72.3610346435508
KHM,2020,59.9217979409609
KHM,2019,55.4468679729119
KHM,2018,55.4713973566208
KHM,2017,56.3000536720904
KHM,2016,56.4318377218234
KHM,2015,55.9812203124044
KHM,2014,56.629548029687
KHM,2013,56.6205657745424
KHM,2012,53.285002586552
KHM,2011,49.9211772643531
KHM,2010,50.2265428540514
KHM,2009,46.2109950081593
KHM,2008,61.7787856845594
KHM,2007,61.1365869942825
KHM,2006,64.672329331268
KHM,2005,61.0399163553182
KHM,2004,60.8183573699975
KHM,2003,54.2286240176407
KHM,2002,54.188950476339
KHM,2001,51.1797752012962
KHM,2000,49.3049002706901
KHM,1999,40.5441861780561
KHM,1998,31.238145793248
KHM,1997,33.6169355760717
KHM,1996,25.3640067394433
KHM,1995,31.1841815310837
KHM,1994,25.7919593880254
KHM,1993,16.0570736263817
CMR,2025,13.0891506194146
CMR,2024,15.6732536622499
CMR,2023,16.8527562193087
CMR,2022,19.321813317909
CMR,2021,16.5088840367781
CMR,2020,15.2357369814791
CMR,2019,19.8500907473186
CMR,2018,18.7362534690181
CMR,2017,18.3510985830022
CMR,2016,18.9499787559649
CMR,2015,20.9891496295315
CMR,2014,23.6099755336855
CMR,2013,23.6391086680292
CMR,2012,23.8767238437792
CMR,2011,24.229686622931
CMR,2010,22.368890297982
CMR,2009,19.5824152849101
CMR,2008,27.0083654696037
CMR,2007,26.9786418047148
CMR,2006,24.1790940584351
CMR,2005,22.2454563981154
CMR,2004,20.5475737052101
CMR,2003,19.4369114585916
CMR,2002,22.9861583659013
CMR,2001,25.2612172490423
CMR,2000,24.8568127317047
CMR,1999,19.4286005669288
CMR,1998,21.9791850036291
CMR,1997,26.6506553314661
CMR,1996,24.262491972799
CMR,1995,21.6184879665971
CMR,1994,21.4810205130997
CMR,1993,16.390717236618
CMR,1992,20.5470222485463
CMR,1991,19.9988804610672
CMR,1990,20.1829143997954
CAN,2025,31.3323868147182
CAN,2024,32.4691150314085
CAN,2023,33.3416520498948
CAN,2022,33.7212083293036
CAN,2021,31.1750905922479
CAN,2020,29.47360741517
CAN,2019,32.3526259007732
CAN,2018,32.3253748086707
CAN,2017,31.4543366815438
CAN,2016,31.5025413039024
CAN,2015,31.8499289605736
CAN,2014,31.7365440556138
CAN,2013,30.3321619042863
CAN,2012,30.3531418051027
CAN,2011,30.678236283533
CAN,2010,29.1672768917177
CAN,2009,28.5157798740818
CAN,2008,34.3949225246885
CAN,2007,34.229555163977
CAN,2006,35.4017495610061
CAN,2005,36.8563962056437
CAN,2004,37.3277433603474
CAN,2003,36.8659264359901
CAN,2002,40.0585914756691
CAN,2001,42.0399550909321
CAN,2000,44.209235821106
CAN,1999,41.8610604016192
CAN,1998,40.0292173202997
CAN,1997,38.1329281417053
CAN,1996,37.0984399314286
CAN,1995,36.0980542819385
CAN,1994,32.781588237968
CAN,1993,29.1425993625483
CAN,1992,26.1991325601724
CAN,1991,24.3533165282791
CAN,1990,25.0742989585924
CYM,2020,59.6335987813842
CYM,2019,69.4710255697764
CYM,2018,71.587849798792
CYM,2017,74.021817064189
CAF,2025,19.3448050350028
CAF,2024,15.007027885938
CAF,2023,14.4408262093734
CAF,2022,12.3004999986493
CAF,2021,13.2274599967551
CAF,2020,15.1724799997493
CAF,2019,15.7553800018083
CAF,2018,15.9400300007701
CAF,2017,17.2597737600181
CAF,2016,14.8218796578137
CAF,2015,17.0676606236635
CAF,2014,16.6757875879937
CAF,2013,14.9729547921906
CAF,2012,11.5501330018626
CAF,2011,13.127820098599
CAF,2010,11.6258010719319
CAF,2009,9.84164990187971
CAF,2008,11.0036647020449
CAF,2007,14.1153274204234
CAF,2006,14.3160051485309
CAF,2005,13.3627533256972
CAF,2004,13.997917508823
CAF,2003,18.2360038377682
CAF,2002,15.96270493648
CAF,2001,17.1572538375263
CAF,2000,20.3722135905975
CAF,1999,19.2236502785935
CAF,1998,22.6568865727558
CAF,1997,26.8842802618525
CAF,1996,21.4703862760844
CAF,1995,22.2209449568474
CAF,1994,23.3994108884074
CAF,1993,17.0995545466345
CAF,1992,16.8656999970566
CAF,1991,17.5866710245595
CAF,1990,17.0674688659163
TCD,2025,29.4140577724768
TCD,2024,27.6855627406623
TCD,2023,29.1015893607964
TCD,2022,31.7353441144244
TCD,2021,26.2833492963398
TCD,2020,21.286846433583
TCD,2019,24.968456965958
TCD,2018,25.8447812653289
TCD,2017,23.1856157702325
TCD,2016,22.6079863534137
TCD,2015,27.9084800637597
TCD,2014,23.1390359613993
TCD,2013,30.1515041957742
TCD,2012,33.3980005442342
TCD,2011,32.6626669076152
TCD,2010,34.4383534129809
TCD,2009,32.8771516408689
TCD,2008,40.071386894678
TCD,2007,43.4687945404915
TCD,2006,44.7758222138389
TCD,2005,44.5923490073183
TCD,2004,51.0088580567156
TCD,2003,24.6329669069481
TCD,2002,12.6899405964434
TCD,2001,14.6657875448771
TCD,2000,16.8900964319303
TCD,1999,18.3181207710371
TCD,1998,18.4916260621633
TCD,1997,18.5438360838388
TCD,1996,17.54350924621
TCD,1995,21.9290175473215
TCD,1994,16.10560200014
TCD,1993,13.323446113405
TCD,1992,11.0907463892736
TCD,1991,11.9516330624513
TCD,1990,13.4802082509051
CHL,2025,34.5635609348334
CHL,2024,33.7320704435058
CHL,2023,30.7750617433637
CHL,2022,35.6216861605322
CHL,2021,31.974345622206
CHL,2020,31.3228006627665
CHL,2019,27.8723266080413
CHL,2018,28.5290452274717
CHL,2017,28.3313768888156
CHL,2016,27.9231577302995
CHL,2015,29.1910790733686
CHL,2014,33.0039028305543
CHL,2013,32.0874628670083
CHL,2012,33.845591494963
CHL,2011,37.6897797617714
CHL,2010,37.903993986295
CHL,2009,37.1156346662754
CHL,2008,41.1625609327669
CHL,2007,45.1298514125536
CHL,2006,43.8656741327676
CHL,2005,40.1755713149739
CHL,2004,39.6857497510041
CHL,2003,35.0609735492762
CHL,2002,32.2572216653296
CHL,2001,31.8473112100134
CHL,2000,30.1237545610247
CHL,1999,28.3091122404956
CHL,1998,25.1435824160666
CHL,1997,25.8780061517668
CHL,1996,25.9504471585508
CHL,1995,28.4806033041148
CHL,1994,27.2530179794726
CHL,1993,25.5450555023598
CHL,1992,28.5950704800945
CHL,1991,30.9848794845346
CHL,1990,32.2119449244153
CHN,2025,21.0711983566772
CHN,2024,20.4428283665891
CHN,2023,19.4023091648376
CHN,2022,20.227756033041
CHN,2021,19.4350556514909
CHN,2020,18.2696013805051
CHN,2019,18.1398222864053
CHN,2018,18.770519802938
CHN,2017,19.3356301657728
CHN,2016,19.2036507365412
CHN,2015,20.9390642234326
CHN,2014,23.0719766947263
CHN,2013,24.1633430905854
CHN,2012,25.07670432956
CHN,2011,26.1518828948759
CHN,2010,26.7227451502469
CHN,2009,24.3307718125403
CHN,2008,32.092513602143
CHN,2007,34.9066956194649
CHN,2006,35.5268468681701
CHN,2005,33.3687977498922
CHN,2004,30.6097162464404
CHN,2003,26.6023738514511
CHN,2002,22.3518233715808
CHN,2001,20.0776873829946
CHN,2000,20.681599363293
CHN,1999,18.0006905864312
CHN,1998,18.1992267514817
CHN,1997,19.3692945938508
CHN,1996,17.8247104643429
CHN,1995,17.8624291729756
CHN,1994,18.4515778259707
CHN,1993,16.6339975209836
CHN,1992,15.6002410213269
CHN,1991,14.4450323111337
CHN,1990,13.5882641172526
COL,2025,14.9840475310756
COL,2024,16.0804545104347
COL,2023,17.8077746975806
COL,2022,20.3883679938331
COL,2021,16.1970059548864
COL,2020,13.5222755593302
COL,2019,15.8680386541241
COL,2018,15.8997196775431
COL,2017,15.1452897484005
COL,2016,14.7171392781975
COL,2015,15.6502115094968
COL,2014,16.6347491096509
COL,2013,18.0864397214368
COL,2012,18.8112052836654
COL,2011,19.2765050733171
COL,2010,16.3408447597691
COL,2009,16.4244956875755
COL,2008,18.1095951350739
COL,2007,16.4331421263646
COL,2006,17.7285877506525
COL,2005,16.9710437391629
COL,2004,16.7707514248023
COL,2003,16.5752997117627
COL,2002,14.8155696775272
COL,2001,15.3871357665009
COL,2000,15.915139715438
COL,1999,18.3465787501541
COL,1998,15.0073508369912
COL,1997,14.8415437434707
COL,1996,15.199461701397
COL,1995,14.5337428892103
COL,1994,14.9983618345688
COL,1993,15.1844952854784
COL,1992,16.5185546953654
COL,1991,19.0945389024404
COL,1990,18.8626690286416
COM,2025,9.2978020237782
COM,2024,9.23135575502753
COM,2023,10.3108363180596
COM,2022,12.9470275117016
COM,2021,9.91703418014113
COM,2020,5.67175210840519
COM,2019,12.7734606325226
COM,2018,12.909022989086
COM,2017,11.9013164484663
COM,2016,10.6728955768962
COM,2015,10.1361983069761
COM,2014,9.67647301007213
COM,2013,9.04839531847644
COM,2012,8.94587438315301
COM,2011,9.95640374806739
COM,2010,9.63889703893025
COM,2009,9.31193867197775
COM,2008,8.22134722875202
COM,2007,8.97534196697091
COM,2006,8.83617933253511
COM,2005,8.83628108070565
COM,2004,8.83602719757017
COM,2003,8.83612986641663
COM,2002,8.83617673117486
COM,2001,8.83626078759847
COM,2000,8.83631406942087
COM,1999,8.83595304639463
COM,1998,8.83626349945661
COM,1997,8.83630548664543
COM,1996,8.83645933776945
COM,1995,8.83640480692066
COM,1994,8.83605448664154
COM,1993,8.8359144498935
COM,1992,8.83650241019117
COM,1991,8.83628799476148
COM,1990,8.83645379157049
COD,2025,43.4174837745438
COD,2024,45.6969577635665
COD,2023,42.0539835211192
COD,2022,40.8203246110598
COD,2021,37.829511069311
COD,2020,29.8455118333319
COD,2019,28.4657291929772
COD,2018,34.4656241504362
COD,2017,31.0840226026107
COD,2016,31.1223783108872
COD,2015,26.0071219054555
COD,2014,32.9467178753709
COD,2013,34.1359763766297
COD,2012,30.0613074272917
COD,2011,38.6881773805013
COD,2010,36.6940248162745
COD,2009,26.8725722352707
COD,2008,33.9875035809117
COD,2007,35.5890633546039
COD,2006,20.2535145998247
COD,2005,23.1598967085384
COD,2004,22.7295135131027
COD,2003,24.0004430362555
COD,2002,15.6713428067886
COD,2001,11.987684833486
COD,2000,11.4496120313427
COD,1999,23.6356699193136
COD,1998,29.7900882870708
COD,1997,18.750000234375
COD,1996,30.0027630853046
COD,1995,28.4822883100778
COD,1994,22.6252944147172
COG,2025,48.022613302008
COG,2024,52.7796430530581
COG,2023,56.8959278033859
COG,2022,63.8121468562925
COG,2021,52.8365708586233
COG,2020,40.7190432792988
COG,2019,56.1988143702835
COG,2018,62.2105922950548
COG,2017,47.9627316588394
COG,2016,42.068526050081
COG,2015,40.8570487934502
COG,2014,53.1336383710482
COG,2013,52.9343405840282
COG,2012,58.0820278199554
COG,2011,73.6117327393895
COG,2010,68.5280915300939
COG,2009,64.479912106445
COG,2008,73.4029185288145
COG,2007,68.4853907202658
COG,2006,77.4641294571561
COG,2005,75.0050837514178
COG,2004,80.5297928332926
COG,2003,80.8123655970076
COG,2002,81.5164254833959
COG,2001,77.4200268515354
COG,2000,80.297147219193
COG,1999,72.2900710687918
COG,1998,76.2776297713242
COG,1997,75.5966393744929
COG,1996,68.4582134338693
COG,1995,64.7045701571672
COG,1994,58.5170212549371
COG,1993,42.8363705696619
COG,1992,40.6920969216899
COG,1991,41.634588526083
COG,1990,51.7773595800525
CRI,2025,38.8499059117269
CRI,2024,37.5298397915012
CRI,2023,38.0957487081207
CRI,2022,40.5888104743828
CRI,2021,35.8298587276824
CRI,2020,31.6977144131717
CRI,2019,34.1472985859666
CRI,2018,33.6589195458941
CRI,2017,32.7626831133763
CRI,2016,31.2600961080703
CRI,2015,29.9956579824958
CRI,2014,31.362915449766
CRI,2013,30.5916494074101
CRI,2012,31.6513172644756
CRI,2011,32.4724707460503
CRI,2010,32.8294112720049
CRI,2009,34.6323048229081
CRI,2008,38.8064601026245
CRI,2007,40.5821371736585
CRI,2006,43.3140350907406
CRI,2005,43.464522824224
CRI,2004,42.2076544521738
CRI,2003,40.6717129761414
CRI,2002,39.2245350275681
CRI,2001,40.5085719500705
CRI,2000,42.9303224591994
CRI,1999,42.5578652733022
CRI,1998,43.962841620481
CRI,1997,41.6090689095827
CRI,1996,40.0119906390072
CRI,1995,38.1292151516333
CRI,1994,35.8846600988984
CRI,1993,36.0372233840502
CRI,1992,35.2817505483681
CRI,1991,33.4061071681073
CRI,1990,34.1902683361643
CIV,2025,29.785395705048
CIV,2024,26.028011108531
CIV,2023,22.4353390507141
CIV,2022,24.2673603262295
CIV,2021,22.2962678369402
CIV,2020,20.9934684842997
CIV,2019,22.6604887650452
CIV,2018,22.6941999168587
CIV,2017,25.4987866021143
CIV,2016,24.9418624533151
CIV,2015,27.3553887828515
CIV,2014,28.1569587645537
CIV,2013,29.1604026575655
CIV,2012,34.9824903983423
CIV,2011,35.2813763519634
CIV,2010,33.4995745908321
CIV,2009,35.4127413048103
CIV,2008,31.0136690713744
CIV,2007,30.4909527241434
CIV,2006,32.8409302334209
CIV,2005,31.8789802252367
CIV,2004,30.1412888678631
CIV,2003,28.741013407249
CIV,2002,31.361161437556
CIV,2001,27.4698146295241
CIV,2000,27.7900585635603
CIV,1999,28.7375016337359
CIV,1998,27.1844537490724
CIV,1997,28.1619510423631
CIV,1996,28.0548089119745
CIV,1995,41.7592996636706
CIV,1994,40.5274018640381
CIV,1993,29.4424528741736
CIV,1992,31.9094869275422
CIV,1991,30.0117263444518
CIV,1990,31.6898746701998
HRV,2025,47.9720354934122
HRV,2024,50.1414353064432
HRV,2023,52.5673730204834
HRV,2022,59.5122239805954
HRV,2021,49.7866067908747
HRV,2020,41.2797572126754
HRV,2019,50.4917495355699
HRV,2018,49.1104429591895
HRV,2017,48.9161907825947
HRV,2016,46.6194340495312
HRV,2015,45.4314058216943
HRV,2014,42.4177587590265
HRV,2013,39.4700634681106
HRV,2012,38.7042039695475
HRV,2011,38.0508643396268
HRV,2010,35.5033044103763
HRV,2009,32.1015287508114
HRV,2008,35.9746536354849
HRV,2007,37.4647496648329
HRV,2006,37.546214231451
HRV,2005,36.4030844918604
HRV,2004,36.5623048791366
HRV,2003,35.5457842539397
HRV,2002,35.8907304661272
HRV,2001,37.1330952011182
HRV,2000,35.0886709785103
HRV,1999,30.1358196243668
HRV,1998,29.135995583364
HRV,1997,31.0432569974555
HRV,1996,30.3072303072303
HRV,1995,27.3097480274879
CUB,2024,42.4701633021061
CUB,2023,45.6267674849104
CUB,2022,40.4896279061686
CUB,2021,34.893565509576
CUB,2020,8.16845517549743
CUB,2019,12.2133743797594
CUB,2018,14.5227333905979
CUB,2017,14.5512704805325
CUB,2016,14.9825313409813
CUB,2015,17.1473888133975
CUB,2014,22.0838845419007
CUB,2013,24.1004303416809
CUB,2012,25.5109993027167
CUB,2011,25.103638208436
CUB,2010,22.5702648924263
CUB,2009,17.4597293814433
CUB,2008,20.567605659282
CUB,2007,20.3363598668348
CUB,2006,18.7134547274699
CUB,2005,21.018043449426
CUB,2004,16.0217783943669
CUB,2003,12.9519347542701
CUB,2002,11.5270686652476
CUB,2001,13.2344771860718
CUB,2000,14.1300293796253
CUB,1999,14.5374790771003
CUB,1998,14.2526142187663
CUB,1997,14.9239679694337
CUB,1996,15.3133610730212
CUB,1995,13.4015118655048
CUB,1994,13.2397137421534
CUB,1993,13.1942099528868
CUB,1992,16.9182669666124
CUB,1991,21.931179713084
CUB,1990,30.2390452142262
CUW,2018,63.2460008659465
CUW,2017,59.6296892793727
CUW,2016,62.995509914548
CUW,2015,68.4941164317425
CUW,2014,75.9321214347871
CUW,2013,74.2989827899284
CUW,2012,80.7958216917265
CUW,2011,72.9856712615926
CUW,2010,55.5395332218441
CUW,2009,60.6840139427977
CUW,2008,69.4667581954085
CUW,2007,60.8534420640082
CUW,2006,63.3906524770353
CUW,2005,59.4962849609475
CYP,2025,97.5738320583018
CYP,2024,97.0202359384563
CYP,2023,96.3899707005315
CYP,2022,104.666076513256
CYP,2021,90.7578331633624
CYP,2020,79.647252717685
CYP,2019,75.7588643662806
CYP,2018,74.511134620546
CYP,2017,73.8364791392389
CYP,2016,70.4840522281272
CYP,2015,70.0173031293258
CYP,2014,65.9517048728868
CYP,2013,61.2965904312478
CYP,2012,55.2783809408715
CYP,2011,53.4540858842518
CYP,2010,50.3345258473469
CYP,2009,48.7222504024133
CYP,2008,50.081695822203
CYP,2007,53.2589801292313
CYP,2006,53.4358108781673
CYP,2005,55.6921064986712
CYP,2004,56.8898030886863
CYP,2003,57.7621279453982
CYP,2002,62.4053067776663
CYP,2001,68.2088550711651
CYP,2000,69.9628239174311
CYP,1999,66.9264639996054
CYP,1998,68.6974814727821
CYP,1997,69.185609012311
CYP,1996,70.2076672511647
CYP,1995,66.7632937695315
CYP,1994,47.6894839198586
CYP,1993,47.4913742815193
CYP,1992,49.4569602638771
CYP,1991,47.0856508133278
CYP,1990,51.5005647205938
CZE,2025,66.9450959346234
CZE,2024,68.8585282145125
CZE,2023,68.4031069284452
CZE,2022,72.4094281428088
CZE,2021,70.550045142844
CZE,2020,67.7609732344735
CZE,2019,72.1248511386482
CZE,2018,75.6097814865591
CZE,2017,77.6844326231276
CZE,2016,78.108333006403
CZE,2015,80.0125671431762
CZE,2014,81.3510352122697
CZE,2013,75.5803954463061
CZE,2012,75.1048104767256
CZE,2011,70.2506376126123
CZE,2010,64.8915980155479
CZE,2009,58.4757844686548
CZE,2008,63.0342206340259
CZE,2007,66.150542351883
CZE,2006,64.8869825723489
CZE,2005,61.7588664473362
CZE,2004,56.8994781682745
CZE,2003,46.5673230629568
CZE,2002,44.7797457982463
CZE,2001,48.6218413983162
CZE,2000,47.8222277784723
CZE,1999,42.4907873989701
CZE,1998,41.8138083917812
CZE,1997,40.0180990636206
CZE,1996,37.8990370301148
CZE,1995,39.9284395098007
CZE,1994,36.8371357206842
CZE,1993,39.6576592858123
CZE,1992,39.5789086824477
CZE,1991,38.1579113682169
CZE,1990,32.6915126475747
DNK,2025,70.117072547021
DNK,2024,71.0020132043046
DNK,2023,69.3143620591443
DNK,2022,70.7552148776405
DNK,2021,59.2073478715957
DNK,2020,55.0368973244514
DNK,2019,58.9506079167167
DNK,2018,56.9833683807386
DNK,2017,55.3459515613736
DNK,2016,53.7439528985173
DNK,2015,55.8143215733858
DNK,2014,54.8334037514843
DNK,2013,54.9209092360852
DNK,2012,55.0808426058575
DNK,2011,54.0836272472402
DNK,2010,50.5907805356338
DNK,2009,46.9989097546293
DNK,2008,53.9709187280921
DNK,2007,51.3974872348582
DNK,2006,50.6843661293202
DNK,2005,47.3751212346545
DNK,2004,43.821544808921
DNK,2003,43.7731471646248
DNK,2002,45.6653553506862
DNK,2001,45.5295862400865
DNK,2000,44.8786835833686
DNK,1999,39.3655724189585
DNK,1998,37.2107081900933
DNK,1997,37.8274440412224
DNK,1996,37.0972755027358
DNK,1995,36.6433305842217
DNK,1994,36.8859843352178
DNK,1993,36.5877579558777
DNK,1992,36.9421011016129
DNK,1991,37.6944386994211
DNK,1990,36.4309412098196
DJI,2025,110.493588636595
DJI,2024,126.415267144255
DJI,2023,150.741322598259
DJI,2022,159.250735528808
DJI,2021,142.728193974095
DJI,2020,117.134854035476
DJI,2019,166.717864481384
DJI,2018,156.619986522272
DJI,2017,150.098361470494
DJI,2016,103.764025112093
DJI,2015,145.421307480105
DJI,2014,157.949327841603
DJI,2013,156.414102493532
DOM,2025,23.6399210081098
DOM,2024,22.7679273981921
DOM,2023,21.3233165320401
DOM,2022,22.0261866198241
DOM,2021,21.5282997986043
DOM,2020,18.7972072415048
DOM,2019,23.325332586795
DOM,2018,23.993089643769
DOM,2017,24.1797519638034
DOM,2016,24.1938670386292
DOM,2015,24.0368347236543
DOM,2014,25.4069026925032
DOM,2013,25.3838177066263
DOM,2012,24.7666213993906
DOM,2011,24.3269602141381
DOM,2010,22.7751186165488
DOM,2009,21.0931826103163
DOM,2008,23.9483515015273
DOM,2007,26.7620220119612
DOM,2006,28.2249162691947
DOM,2005,28.3311381514539
DOM,2004,41.1474766418853
DOM,2003,42.1529981602708
DOM,2002,30.724010155589
DOM,2001,31.8906200886267
DOM,2000,35.4978251417642
DOM,1999,34.9811021074665
DOM,1998,34.3098842791
DOM,1997,35.2222875438087
DOM,1996,34.8867097256752
DOM,1995,35.2267216224166
DOM,1994,36.2085399180065
DOM,1993,36.3893323975465
DOM,1992,36.8037503160956
DOM,1991,40.0779731552293
DOM,1990,30.610707909123
ECU,2025,31.438582119541
ECU,2024,30.4978780132278
ECU,2023,28.649536821321
ECU,2022,30.9252456928287
ECU,2021,27.0659755840025
ECU,2020,23.2835621642424
ECU,2019,24.0486345985713
ECU,2018,23.5438701347327
ECU,2017,21.4855873912769
ECU,2016,20.53929115589
ECU,2015,22.754485726599
ECU,2014,31.3550366940318
ECU,2013,32.3752665078284
ECU,2012,34.8314108177156
ECU,2011,36.1133694393513
ECU,2010,32.4856951799135
ECU,2009,29.3096288345425
ECU,2008,40.2763008714604
ECU,2007,37.4824331013481
ECU,2006,35.7016851677807
ECU,2005,32.6271488045748
ECU,2004,29.0996886570109
ECU,2003,26.8417735156179
ECU,2002,25.7144168795696
ECU,2001,27.6071337228194
ECU,2000,37.5510597560791
ECU,1999,26.3775416402476
ECU,1998,17.8919508668257
ECU,1997,21.5349262106698
ECU,1996,22.2732846879762
ECU,1995,21.2869033721764
ECU,1994,20.279818070143
ECU,1993,20.0358408321345
ECU,1992,24.1337401413123
ECU,1991,23.6745835890502
ECU,1990,22.7643720219304
EGY,2025,19.8200284513845
EGY,2024,16.3762422101126
EGY,2023,19.1060913405676
EGY,2022,15.0870258208479
EGY,2021,10.5611502153652
EGY,2020,12.4727757370868
EGY,2019,16.6440314510365
EGY,2018,17.984655608418
EGY,2017,15.0140868185672
EGY,2016,10.3454639403558
EGY,2015,13.1838454928598
EGY,2014,14.2441314553991
EGY,2013,17.0178456245969
EGY,2012,16.3969666208873
EGY,2011,20.5674276128656
EGY,2010,21.3492458146859
EGY,2009,24.9568221070812
EGY,2008,33.0429927414852
EGY,2007,30.249731471536
EGY,2006,29.9498138254816
EGY,2005,30.3435468895079
EGY,2004,28.2299608489594
EGY,2003,21.7964071856287
EGY,2002,18.3161784111903
EGY,2001,17.4797881237803
EGY,2000,16.2011173184358
EGY,1999,15.0520156046814
EGY,1998,16.214335421016
EGY,1997,18.8416698006769
EGY,1996,20.7497820401046
EGY,1995,22.5490196078431
EGY,1994,22.5714285714286
EGY,1993,25.8376288659794
EGY,1992,28.3968368080518
EGY,1991,27.4666666666667
EGY,1990,20.3549060542798
SLV,2025,32.0465695455309
SLV,2024,32.6598571720595
SLV,2023,28.7918551914872
SLV,2022,32.4334933265056
SLV,2021,28.7814953892726
SLV,2020,24.5267982788944
SLV,2019,29.9559096080003
SLV,2018,28.9343737810256
SLV,2017,29.0297643758665
SLV,2016,28.4585905008509
SLV,2015,29.4861730232304
SLV,2014,29.5528752334192
SLV,2013,29.7248960481943
SLV,2012,28.5710611774443
SLV,2011,28.9817775582263
SLV,2010,26.9466693264064
SLV,2009,23.9512044914048
SLV,2008,26.7405871721015
SLV,2007,25.5670345496495
SLV,2006,25.9396783352886
SLV,2005,25.2665668798476
SLV,2004,25.9062104819237
SLV,2003,25.9234207599485
SLV,2002,25.5130894550755
SLV,2001,25.0092920568115
SLV,2000,26.8272702258496
SLV,1999,24.3964014453133
SLV,1998,24.3865859021675
SLV,1997,26.0218365312193
SLV,1996,21.1409878973678
SLV,1995,21.5545012590357
SLV,1994,19.9227229684048
SLV,1993,19.372303140119
SLV,1992,16.132915555964
SLV,1991,17.2257733996931
SLV,1990,18.4969874111351
GNQ,2025,46.5199788593141
GNQ,2024,44.9766162904941
GNQ,2023,37.8045825137903
GNQ,2022,52.9670852025114
GNQ,2021,45.1275510492817
GNQ,2020,40.8454498501516
GNQ,2019,51.1307495482003
GNQ,2018,59.6145347244398
GNQ,2017,58.8631052137026
GNQ,2016,51.4128299447575
GNQ,2015,56.6584738218082
GNQ,2014,65.9632885983728
GNQ,2013,67.6533166625479
GNQ,2012,71.9049918240751
GNQ,2011,75.0953126579793
GNQ,2010,85.7584331985967
GNQ,2009,74.342209937853
GNQ,2008,89.2243501802952
GNQ,2007,88.621293972478
GNQ,2006,82.3256504465367
GNQ,2005,87.4173831312055
ERI,2011,18.1548372567671
ERI,2010,6.37837659786896
ERI,2009,4.52862385911089
ERI,2008,4.42875664923759
ERI,2007,5.77185258376616
ERI,2006,6.8995093921478
ERI,2005,6.16571332006919
ERI,2004,5.77539898239118
ERI,2003,6.44232783354792
ERI,2002,11.7811808402808
ERI,2001,10.8070403599802
ERI,2000,9.67062059350866
ERI,1999,9.53440754918544
ERI,1998,14.8344835891991
ERI,1997,29.6148227877297
ERI,1996,29.2337703579368
ERI,1995,22.3880193550131
ERI,1994,28.0196629213483
ERI,1993,30.5566909180087
ERI,1992,11.4236063474642
EST,2025,78.3623550209044
EST,2024,75.6694833213142
EST,2023,77.7746597010983
EST,2022,87.4299380839503
EST,2021,79.6159088233408
EST,2020,68.1545534058676
EST,2019,72.0191543549198
EST,2018,72.9004951572088
EST,2017,74.3055583828982
EST,2016,75.4768621637455
EST,2015,76.0344602333505
EST,2014,80.5897352297357
EST,2013,83.4541106351012
EST,2012,85.3980903719718
EST,2011,86.2696175221184
EST,2010,75.0459409001608
EST,2009,60.8614218164008
EST,2008,66.3888247384518
EST,2007,62.595408910398
EST,2006,63.2563546690877
EST,2005,65.4224930152567
EST,2004,61.065845203172
EST,2003,57.1473420929668
EST,2002,57.939021497648
EST,2001,61.2953889786181
EST,2000,61.6273943170743
EST,1999,69.866107922999
EST,1998,73.6343458033252
EST,1997,70.3823658944387
EST,1996,61.2792495590997
EST,1995,65.9013474101197
EST,1994,69.0973048198066
EST,1993,64.1267812766853
SWZ,2024,53.7558918717287
SWZ,2023,48.5010223337944
SWZ,2022,44.4953937213873
SWZ,2021,44.6125701755824
SWZ,2020,43.6031936174524
SWZ,2019,44.7614845159035
SWZ,2018,40.8721195899369
SWZ,2017,43.1562990169596
SWZ,2016,45.2869306032883
SWZ,2015,44.8587759692711
SWZ,2014,45.3206693578619
SWZ,2013,41.8070769260621
ETH,2025,13.2837545839474
ETH,2024,5.53927082166771
ETH,2023,6.59591829052029
ETH,2022,8.24396037766464
ETH,2021,7.63170919167145
ETH,2020,7.12719989764702
ETH,2019,7.93996502525176
ETH,2018,8.37267815589761
ETH,2017,7.62937471525016
ETH,2016,7.8120625822914
ETH,2015,9.36331359735926
ETH,2014,11.6416199095703
ETH,2013,12.484073558977
ETH,2012,13.7672981990263
ETH,2011,16.6868531997337
FRO,2024,54.5562557930637
FRO,2023,57.1947583465234
FRO,2022,61.3744038777265
FRO,2021,51.9804810937466
FRO,2020,47.4283685358823
FRO,2019,55.7697162765718
FRO,2018,52.8180066352782
FRO,2017,56.3652995883519
FRO,2016,54.5363339704935
FRO,2015,53.2164924640527
FRO,2014,53.4142881600509
FRO,2013,55.4429625707383
FRO,2012,52.5587680927487
FRO,2011,52.4344736333497
FRO,2010,46.7226365313935
FRO,2009,43.6586534946258
FRO,2008,45.9747748883304
FRO,2007,42.1294441957449
FRO,2006,41.7995282822306
FRO,2005,42.0458637354307
FRO,2004,43.7018542174738
FRO,2003,46.7723840999363
FRO,2002,49.0637262206328
FRO,2001,51.563163399505
FRO,2000,51.3355592654424
FRO,1999,48.7619168679293
FRO,1998,46.6505464222513
FRO,1997,48.7433111723691
FRO,1996,49.8431509236668
FRO,1995,40.7326732673267
FRO,1994,43.5764608371322
FRO,1993,43.7981353871099
FRO,1992,48.3935378471592
FRO,1991,48.3665749656121
FRO,1990,43.8277833837874
FJI,2024,54.4059095106187
FJI,2023,57.5069787068294
FJI,2022,49.9803801684568
FJI,2021,34.210067932416
FJI,2020,31.405481454014
FJI,2019,50.6482147032588
FJI,2018,47.7487957741689
FJI,2017,46.015565038712
FJI,2016,46.6472413870702
FJI,2015,48.8367555799083
FJI,2014,52.3342755939207
FJI,2013,56.8734283161838
FJI,2012,61.1111436965945
FJI,2011,59.2805929796761
FJI,2010,57.4344020565171
FJI,2009,49.4364117251897
FJI,2008,57.124778718287
FJI,2007,48.6020477564751
FJI,2006,50.0816794036465
FJI,2005,54.0674603174603
FJI,2004,54.2008480535254
FJI,2003,60.2701091442722
FJI,2002,61.8003591739
FJI,2001,60.9542796384902
FJI,2000,65.3864457072474
FJI,1999,61.2018562701555
FJI,1998,60.9377378596438
FJI,1997,61.1512460233298
FJI,1996,62.8648901981789
FJI,1995,55.2961131762243
FJI,1994,56.4064195129251
FJI,1993,52.3567888999009
FJI,1992,51.897360194512
FJI,1991,57.3114593535749
FJI,1990,62.3434343434343
FIN,2025,42.3266920911003
FIN,2024,41.9032366762925
FIN,2023,42.7684474643322
FIN,2022,46.2847802806846
FIN,2021,39.9217732469328
FIN,2020,36.2143434283611
FIN,2019,40.6183181143561
FIN,2018,39.1492205860158
FIN,2017,38.1663150961701
FIN,2016,35.3333302428645
FIN,2015,35.7815711349623
FIN,2014,36.8060042262758
FIN,2013,38.250195334575
FIN,2012,38.9349130144028
FIN,2011,38.9673926791632
FIN,2010,38.4130493709706
FIN,2009,36.0833081134619
FIN,2008,44.9027814242251
FIN,2007,43.8289523626236
FIN,2006,43.0831708713938
FIN,2005,40.2785031518346
FIN,2004,38.6195122873108
FIN,2003,37.3294488313537
FIN,2002,39.1471301535974
FIN,2001,39.7682089438709
FIN,2000,42.0483040781312
FIN,1999,37.6126978122439
FIN,1998,37.4521510242379
FIN,1997,37.7920624029468
FIN,1996,36.3572178040146
FIN,1995,35.7994596461292
FIN,1994,34.0743110561966
FIN,1993,31.4168905501694
FIN,1992,25.543132120869
FIN,1991,21.2660936798868
FIN,1990,22.1450244052592
FRA,2025,33.3928225145364
FRA,2024,33.8897542343832
FRA,2023,34.4562568778842
FRA,2022,36.6160484268785
FRA,2021,31.2880499332105
FRA,2020,28.5572228192655
FRA,2019,32.8895429451147
FRA,2018,32.9179818922164
FRA,2017,32.311834044929
FRA,2016,31.498210070063
FRA,2015,31.6934947262689
FRA,2014,30.741812901515
FRA,2013,30.5912853427773
FRA,2012,30.3556786527444
FRA,2011,29.538847336075
FRA,2010,27.8264880915553
FRA,2009,25.8809482311608
FRA,2008,29.1990596782502
FRA,2007,28.8585344688926
FRA,2006,28.9278484836141
FRA,2005,28.1635565257399
FRA,2004,27.5381038597962
FRA,2003,27.1369676673944
FRA,2002,28.7307017592768
FRA,2001,29.4306035099419
FRA,2000,29.7580489893129
FRA,1999,27.2069773242695
FRA,1998,27.2527671033937
FRA,1997,26.6303250476944
FRA,1996,24.123002754589
FRA,1995,23.6896549224157
FRA,1994,22.7505122935097
FRA,1993,21.816309385317
FRA,1992,22.445403889811
FRA,1991,22.4142688669444
FRA,1990,21.9887012598388
PYF,2024,18.3213723539379
PYF,2023,24.0679217423403
PYF,2022,21.8171217385989
PYF,2021,13.443127139243
PYF,2020,9.49972847640143
PYF,2019,20.5923590296429
PYF,2018,20.9791687502218
PYF,2017,19.556958430367
PYF,2016,19.6126341083126
PYF,2015,19.613765074754
PYF,2014,19.704885459438
PYF,2013,18.5160924863597
PYF,2012,19.2775482028539
PYF,2011,18.2322072872423
PYF,2010,16.3781286675659
PYF,2009,16.712434787085
PYF,2008,18.9325946508845
PYF,2007,20.3798093159795
PYF,2006,20.2542589811382
PYF,2005,20.4602519635541
PYF,2000,4.69809149754936
PYF,1999,4.8674567543193
PYF,1998,3.95418178610471
PYF,1997,4.12726148355374
PYF,1996,3.98906841572789
PYF,1995,2.78930561143279
PYF,1994,3.51208008235095
PYF,1993,2.35053813712899
PYF,1992,1.36352455278962
PYF,1991,1.26465406101387
GAB,2025,55.4925877518666
GAB,2024,64.5782984798737
GAB,2023,63.7282777796674
GAB,2022,67.5787331931406
GAB,2021,60.9391204926094
GAB,2020,47.5994828157319
GAB,2019,51.4310732271996
GAB,2018,54.2990764910062
GAB,2017,50.2267539725926
GAB,2016,44.0353472921111
GAB,2015,46.0320085043705
GAB,2014,44.5208923945675
GAB,2013,57.3574058813271
GAB,2012,60.9503414381301
GAB,2011,61.7443721274506
GAB,2010,57.6634923763037
GAB,2009,52.1717321839785
GAB,2008,62.1997120113374
GAB,2007,58.528604586134
GAB,2006,60.5718165208079
GAB,2005,60.0086727573886
GAB,2004,55.0391552768837
GAB,2003,51.9294344950898
GAB,2002,52.6088996947807
GAB,2001,54.2752324798833
GAB,2000,69.0321767086082
GAB,1999,59.6125043538837
GAB,1998,47.4063516068053
GAB,1997,61.3040108069859
GAB,1996,62.6632449876408
GAB,1995,59.3869990303814
GAB,1994,61.6756399787038
GAB,1993,48.7946135128426
GAB,1992,46.0755528555794
GAB,1991,47.2634592944107
GAB,1990,46.0385042576823
GMB,2025,12.7304316126942
GMB,2024,8.74884228082436
GMB,2023,7.05322372905498
GMB,2022,8.56985063226593
GMB,2021,6.61733476020691
GMB,2020,9.60764388834478
GMB,2019,20.1658912380486
GMB,2018,22.2881797710858
GMB,2017,18.4807348225843
GMB,2016,12.7556347921577
GMB,2015,15.5708485829147
GMB,2014,21.8368954439609
GMB,2013,18.9791643659006
GMB,2012,19.8416822348377
GMB,2011,16.8594044684804
GMB,2010,14.6678148782972
GMB,2009,15.7461075261153
GMB,2008,14.4752001750388
GMB,2007,18.0329574603162
GMB,2006,21.0347123388331
GMB,2005,19.9032907784291
GMB,2004,20.5947828682591
GMB,2003,31.0937864451292
GMB,2002,27.1573845831505
GMB,2001,21.8207981338634
GMB,2000,25.7986743189831
GMB,1999,24.3973610833853
GMB,1998,25.3055746540899
GMB,1997,22.9322025464249
GMB,1996,21.7986715984453
GMB,1995,23.7756490416755
GMB,1994,21.239618008448
GMB,1993,28.1920156527405
GMB,1992,30.5927066695166
GMB,1991,29.4389196534377
GMB,1990,59.9027362567641
GEO,2025,47.4056403368221
GEO,2024,47.8150660758993
GEO,2023,49.2670598313658
GEO,2022,52.4788792204227
GEO,2021,42.6743612080891
GEO,2020,36.9003241679889
GEO,2019,54.3043084100873
GEO,2018,49.6955410587561
GEO,2017,45.8765524915336
GEO,2016,39.9992925341285
GEO,2015,40.1372493342596
GEO,2014,39.1818857575184
GEO,2013,40.9414942686526
GEO,2012,35.6395798831416
GEO,2011,33.8634422774819
GEO,2010,32.4674667027857
GEO,2009,29.5452018236406
GEO,2008,28.2633198601303
GEO,2007,30.818298438254
GEO,2006,32.4708663587118
GEO,2005,33.2590418986481
GEO,2004,31.1289353948882
GEO,2003,31.4557279807569
GEO,2002,29.229275751073
GEO,2001,24.4613664968535
GEO,2000,22.9944664162433
GEO,1999,19.0555929931025
GEO,1998,16.4587343939786
GEO,1997,15.6102241542076
GEO,1996,13.3262039550213
GEO,1995,25.5018957089734
GEO,1994,57.7721046215228
GEO,1993,46.8887411644884
GEO,1992,35.656836461126
GEO,1991,27.7486910994764
GEO,1990,40.0908726446612
DEU,2025,40.4347738545071
DEU,2024,41.4340593720908
DEU,2023,42.9672624196847
DEU,2022,45.6284043425185
DEU,2021,42.5198379291429
DEU,2020,39.1198068808828
DEU,2019,42.3402444816356
DEU,2018,42.4968914074717
DEU,2017,42.2029575981591
DEU,2016,41.6355419518592
DEU,2015,42.5853976151835
DEU,2014,41.6936675523627
DEU,2013,41.6802838324356
DEU,2012,42.6855834357406
DEU,2011,41.6436286591115
DEU,2010,39.4953465429823
DEU,2009,35.4545162932994
DEU,2008,40.9488738182043
DEU,2007,40.6368056265783
DEU,2006,38.9694499171537
DEU,2005,35.9531497908166
DEU,2004,33.9352126434777
DEU,2003,31.2678451095809
DEU,2002,31.1904504893495
DEU,2001,30.5604113813066
DEU,2000,29.6806532498145
DEU,1999,26.0298761818567
DEU,1998,25.6601609051036
DEU,1997,24.7013999735662
DEU,1996,22.2821690795205
DEU,1995,21.4815282668309
DEU,1994,20.6057061403032
DEU,1993,19.8790217032561
DEU,1992,22.089549620151
DEU,1991,23.5660117742412
DEU,1990,22.7404117768503
GHA,2024,35.0557831990043
GHA,2023,31.7708164943996
GHA,2022,34.6640435523209
GHA,2021,30.0551194696231
GHA,2020,31.5254204867115
GHA,2019,37.4495998625311
GHA,2018,33.4548954489265
GHA,2017,33.8768747799681
GHA,2016,31.193239148362
GHA,2015,33.8317048233696
GHA,2014,28.2319021605976
GHA,2013,25.4407833967285
GHA,2012,40.3592181740371
GHA,2011,36.9366085502594
GHA,2010,29.4767179831573
GHA,2009,29.2918659785048
GHA,2008,25.0294572995074
GHA,2007,24.5250906044049
GHA,2006,24.6561904908957
GHA,2005,36.449216950714
GHA,2004,39.3033251214107
GHA,2003,40.67904265112
GHA,2002,42.6162518930867
GHA,2001,45.2330164667316
GHA,2000,48.8022576190038
GHA,1999,32.0783389537313
GHA,1998,33.8713517576318
GHA,1997,32.4102909291879
GHA,1996,32.1121821725595
GHA,1995,24.4964459408904
GHA,1994,25.2586359269933
GHA,1993,20.2539190620077
GHA,1992,17.2259554921286
GHA,1991,16.9635460585641
GHA,1990,16.8778904107735
GRC,2025,39.4617692969977
GRC,2024,42.1116783220502
GRC,2023,43.8388384656123
GRC,2022,49.2316205589503
GRC,2021,40.260408549747
GRC,2020,31.4504324884115
GRC,2019,39.5602885530263
GRC,2018,38.6308100555801
GRC,2017,34.7793593671863
GRC,2016,31.179360220916
GRC,2015,32.1863593046186
GRC,2014,32.5150455771625
GRC,2013,30.3271984442629
GRC,2012,28.9658220302701
GRC,2011,25.3075993531569
GRC,2010,21.7288294018439
GRC,2009,18.7298820095072
GRC,2008,22.7847919983615
GRC,2007,21.7481874684459
GRC,2006,20.7749728037536
GRC,2005,20.9925302883149
GRC,2004,20.6093109136223
GRC,2003,18.8734923843085
GRC,2002,20.3831024226226
GRC,2001,23.1597595757815
GRC,2000,24.0112579525333
GRC,1999,19.4159179149726
GRC,1998,16.4859160819922
GRC,1997,16.3703291341876
GRC,1996,14.3133826805479
GRC,1995,14.3698138940673
GRC,1994,14.3900606608583
GRC,1993,13.993749701303
GRC,1992,14.8216253119647
GRC,1991,14.1450368627979
GRC,1990,14.7217614280493
GRL,2023,40.7986421686905
GRL,2022,40.7900871498763
GRL,2021,34.0554688971416
GRL,2020,35.9658236365076
GRL,2019,41.0427004962382
GRL,2018,44.4545789045455
GRL,2017,40.692233747059
GRL,2016,40.765047712594
GRL,2015,37.5798451272169
GRL,2014,38.4728230205003
GRL,2013,37.7008521502702
GRL,2012,37.5119902093739
GRL,2011,37.9979322930038
GRL,2010,34.0559738599233
GRL,2009,30.7311174683694
GRL,2008,36.9791298751246
GRL,2007,36.202264989018
GRL,2006,37.8031157331997
GRL,2005,41.0606593287719
GRL,2004,39.2867282735124
GRL,2003,37.7958046861305
GUM,2022,7.88712011577424
GUM,2021,3.09592556945781
GUM,2020,6.40635564570656
GUM,2019,22.2501966955153
GUM,2018,19.2530160304082
GUM,2017,18.9755529685681
GUM,2016,18.9628876461617
GUM,2015,18.0720813933437
GUM,2014,18.8413547237077
GUM,2013,19.5036117799593
GUM,2012,19.0693257359924
GUM,2011,18.6195826645265
GUM,2010,17.0943624974742
GUM,2009,17.3570836785418
GUM,2008,20.8887934735938
GUM,2007,22.8564930634524
GUM,2006,23.7140160453044
GUM,2005,22.6916686446713
GUM,2004,21.8661152752649
GUM,2003,17.6800224152424
GUM,2002,21.2728344136712
GTM,2025,15.5591718853697
GTM,2024,15.8834632887959
GTM,2023,16.6174908714024
GTM,2022,18.9517853338562
GTM,2021,17.6296569856584
GTM,2020,16.3436118075967
GTM,2019,17.6119727745274
GTM,2018,18.1693258488802
GTM,2017,18.4950394164293
GTM,2016,18.753087949948
GTM,2015,19.8299071093932
GTM,2014,21.7443606885213
GTM,2013,21.9981664670011
GTM,2012,25.267092636425
GTM,2011,27.0677057848772
GTM,2010,26.2254643341594
GTM,2009,24.3678264820599
GTM,2008,25.1243459208619
GTM,2007,25.9805176037841
GTM,2006,25.3398334344627
GTM,2005,25.454901513817
GTM,2004,27.4194097089723
GTM,2003,26.1810997164793
GTM,2002,26.7262767971618
GTM,2001,28.6635482851857
GTM,2000,20.1950343956927
GTM,1999,19.0049241253611
GTM,1998,18.1716066211
GTM,1997,17.9561080230154
GTM,1996,17.8101172991418
GTM,1995,19.2590440307493
GTM,1994,17.5199449479992
GTM,1993,17.703031106822
GTM,1992,18.0659894300903
GTM,1991,17.9526059616575
GTM,1990,21.0275209423808
GIN,2025,41.4119356368784
GIN,2024,41.3930067703478
GIN,2023,44.1320630492989
GIN,2022,45.4186514317354
GIN,2021,56.2186332783709
GIN,2020,46.969818134712
GIN,2019,35.0420493356329
GIN,2018,40.2070955328741
GIN,2017,44.6602984531211
GIN,2016,29.3715126043271
GIN,2015,21.4968719824351
GIN,2014,26.6885109662704
GIN,2013,26.4706217253735
GIN,2012,33.137394501583
GIN,2011,32.6022412863238
GIN,2010,30.341207018784
GIN,2009,22.5157883196913
GIN,2008,21.6404621100491
GIN,2007,23.5509559790113
GIN,2006,23.8243077612927
GIN,2005,23.8572578868436
GIN,2004,16.8893836527306
GIN,2003,17.8020725505263
GIN,2002,18.1594392886496
GIN,2001,19.6002796228163
GIN,2000,16.8193583183757
GIN,1999,14.8411635808342
GIN,1998,14.5991910581531
GIN,1997,13.415700645078
GIN,1996,13.1646939867137
GIN,1995,14.4840415033157
GIN,1994,15.604368268496
GIN,1993,18.1873276749985
GIN,1992,17.0599088238557
GIN,1991,20.8020127872002
GIN,1990,21.312519631137
GNB,2025,13.8662930962048
GNB,2024,12.6982986406255
GNB,2023,13.7413098032507
GNB,2022,14.7515086024106
GNB,2021,17.5423365338781
GNB,2020,15.467909830974
GNB,2019,18.2810341557162
GNB,2018,25.4768673297515
GNB,2017,26.5343804075435
GNB,2016,23.7747310385206
GNB,2015,25.0467119622253
GNB,2014,16.6941209486516
GNB,2013,13.2144211714798
GNB,2012,14.1167775647259
GNB,2011,19.2980958159564
GNB,2010,12.6394156999785
GNB,2009,11.128308041919
GNB,2008,11.7665758206639
GNB,2007,11.1203023648924
GNB,2006,10.3775627660013
GNB,2005,13.5628027893561
GNB,2004,12.9332446603251
GNB,2003,11.9317538468321
GNB,2002,11.4555665661405
GNB,2001,10.0791893849037
GNB,2000,13.0927844637276
GNB,1999,8.32895324919587
GNB,1998,4.1058776188739
GNB,1997,4.90299103846216
GNB,1996,10.52440404948
GNB,1995,11.6671695917697
GNB,1994,16.4544077402239
GNB,1993,8.86943637990046
GNB,1992,4.90248990313934
GNB,1991,9.98248723425552
GNB,1990,9.93598936591921
GUY,2005,84.6228685715672
GUY,2004,95.5626731827216
GUY,2003,89.6766919563527
GUY,2002,92.3031854232478
GUY,2001,92.8742833412542
GUY,2000,96.0799732120736
GUY,1999,96.5084717132055
GUY,1998,95.9327548902846
GUY,1997,99.6600655297052
GUY,1996,102.621309314357
GUY,1995,101.210568427252
GUY,1994,104.104425290405
GUY,1993,114.322592517421
GUY,1992,125.748453374417
GUY,1991,102.314529076631
GUY,1990,62.706670770763
HTI,2025,1.55997335042545
HTI,2024,2.19043620968954
HTI,2023,3.19960218811037
HTI,2022,3.91430894905528
HTI,2021,4.35213301018327
HTI,2020,7.65100448067923
HTI,2019,10.5576734334849
HTI,2018,10.7808225917355
HTI,2017,11.0034703442067
HTI,2016,11.6019709432331
HTI,2015,11.767746984448
HTI,2014,10.9748356235428
HTI,2013,10.5162857583955
HTI,2012,9.65509365703807
HTI,2011,10.0831141670054
HTI,2010,8.57028815816493
HTI,2009,8.91611581819929
HTI,2008,8.79139007136153
HTI,2007,8.4436893222519
HTI,2006,9.02116806690294
HTI,2005,8.60730926012051
HTI,2004,8.37501274392717
HTI,2003,9.27243551684809
HTI,2002,6.28442947052392
HTI,2001,7.0257750983534
HTI,2000,7.35798043194839
HTI,1999,12.2491119646519
HTI,1998,9.90047145102148
HTI,1997,10.4525423101137
HTI,1996,11.3276309301777
HTI,1995,9.13356386088413
HTI,1994,6.42072655589975
HTI,1993,10.8453501424747
HTI,1992,7.5715114031697
HTI,1991,10.3114454832107
HTI,1990,11.9101836010311
HND,2025,34.9917417691344
HND,2024,33.9216124364928
HND,2023,37.3686804713719
HND,2022,42.4391817948962
HND,2021,39.3653983599255
HND,2020,35.8751401030378
HND,2019,40.2185209903792
HND,2018,41.4548165613247
HND,2017,43.0938548370178
HND,2016,42.7141047814182
HND,2015,45.1667574562581
HND,2014,47.5626547300206
HND,2013,47.9414903194725
HND,2012,50.9027988216362
HND,2011,51.2576866755535
HND,2010,45.7589061967483
HND,2009,39.5302508197518
HND,2008,51.3252766875914
HND,2007,53.5090115392915
HND,2006,56.0546420538277
HND,2005,59.0058417153113
HND,2004,58.4229834527808
HND,2003,54.0940274951722
HND,2002,52.730582054494
HND,2001,51.3817002306282
HND,2000,53.972182998888
HND,1999,53.8257232287652
HND,1998,59.1772250487079
HND,1997,59.7252395380878
HND,1996,60.6949885776037
HND,1995,56.8767045023411
HND,1994,53.1481089911626
HND,1993,45.4607708504989
HND,1992,41.5679181188512
HND,1991,44.7319317690724
HND,1990,47.3629372041078
HKG,2025,199.757696650493
HKG,2024,181.62493830097
HKG,2023,176.854196785869
HKG,2022,194.488098993137
HKG,2021,204.014263732608
HKG,2020,176.304482446886
HKG,2019,177.651315174364
HKG,2018,188.339507002291
HKG,2017,188.902399636639
HKG,2016,187.005128888725
HKG,2015,195.89760161449
HKG,2014,213.090413516784
HKG,2013,221.610060304774
HKG,2012,215.849565476503
HKG,2011,212.852416474103
HKG,2010,205.322597352297
HKG,2009,178.135055401704
HKG,2008,193.415176806617
HKG,2007,186.412407406061
HKG,2006,185.185163012497
HKG,2005,177.45291670355
HKG,2004,167.775897168379
HKG,2003,150.775979991549
HKG,2002,132.076763164041
HKG,2001,122.769694703522
HKG,2000,126.031457172742
HKG,1999,112.718574496907
HKG,1998,110.834708128133
HKG,1997,115.041479648353
HKG,1996,121.684512519621
HKG,1995,126.208617290703
HKG,1994,119.292594392203
HKG,1993,120.357676072223
HKG,1992,122.666484952858
HKG,1991,119.332352605078
HKG,1990,117.269080326271
HUN,2025,72.6304321068483
HUN,2024,76.1979120113902
HUN,2023,81.3874893501556
HUN,2022,89.810135261602
HUN,2021,79.4114343821378
HUN,2020,78.0879317443048
HUN,2019,81.065700696964
HUN,2018,83.3967795001256
HUN,2017,85.7461533449483
HUN,2016,86.1114634598119
HUN,2015,87.4348841373907
HUN,2014,87.0271641102673
HUN,2013,85.3937852070622
HUN,2012,86.0876097061215
HUN,2011,86.1931503181868
HUN,2010,81.2535035455015
HUN,2009,74.3529496218046
HUN,2008,79.2039448630126
HUN,2007,77.8221656386034
HUN,2006,73.8064864785301
HUN,2005,62.5215212771297
HUN,2004,59.5641177697341
HUN,2003,56.3436633595853
HUN,2002,58.0673383688733
HUN,2001,64.7946703854209
HUN,2000,66.7818415655251
HUN,1999,55.5729749592902
HUN,1998,52.884895311527
HUN,1997,47.8429419192775
HUN,1996,41.7711238743212
HUN,1995,39.1102749102395
HUN,1994,25.350032297858
HUN,1993,23.1454729965833
HUN,1992,27.5595708401719
HUN,1991,28.710600330961
ISL,2025,40.113798877848
ISL,2024,42.457252735894
ISL,2023,43.9745925950012
ISL,2022,46.7254010467249
ISL,2021,37.3649519241173
ISL,2020,34.1387322744214
ISL,2019,44.7138622775299
ISL,2018,46.4719173832948
ISL,2017,45.671087862199
ISL,2016,47.4890230949667
ISL,2015,51.3347744437234
ISL,2014,50.913700514178
ISL,2013,52.8240993487182
ISL,2012,54.1844944218018
ISL,2011,53.9573436152604
ISL,2010,51.1491601324862
ISL,2009,48.5054584912388
ISL,2008,39.9176741920411
ISL,2007,32.3800963432929
ISL,2006,30.0505516067517
ISL,2005,29.8388266002361
ISL,2004,32.088197176866
ISL,2003,32.2403289586041
ISL,2002,35.1463090802713
ISL,2001,36.5477872856168
ISL,2000,31.7273810393269
ISL,1999,32.009369169014
ISL,1998,33.2441330480477
ISL,1997,34.8568838729156
ISL,1996,34.5857707971579
ISL,1995,33.8169553716253
ISL,1994,34.0463854374484
ISL,1993,31.1967224913304
ISL,1992,28.8420019880728
ISL,1991,29.7957377288007
ISL,1990,32.0269019765554
IND,2025,22.2630410669804
IND,2024,22.0639816354399
IND,2023,22.354801966733
IND,2022,24.0401716365956
IND,2021,21.3991583305515
IND,2020,18.6824769296756
IND,2019,18.664264897257
IND,2018,19.9278285988562
IND,2017,18.7917648392982
IND,2016,19.1582349105946
IND,2015,19.8131891564045
IND,2014,22.9679630081172
IND,2013,25.430861300519
IND,2012,24.534430661418
IND,2011,24.5404113195713
IND,2010,22.4009332487945
IND,2009,20.4005193743564
IND,2008,24.0973572601391
IND,2007,20.7996997489032
IND,2006,21.2679414221966
IND,2005,19.6052466948335
IND,2004,17.8591249630479
IND,2003,14.9479138581734
IND,2002,14.2643839243147
IND,2001,12.5583796339108
IND,2000,12.9972363113479
IND,1999,11.4520646128009
IND,1998,11.0184691793102
IND,1997,10.690717318379
IND,1996,10.3851692716063
IND,1995,10.8439680350622
IND,1994,9.8880849164454
IND,1993,9.83421745486326
IND,1992,8.84292692502088
IND,1991,8.49424077053547
IND,1990,7.05335023414457
IDN,2025,22.8465482987858
IDN,2024,22.3096487702606
IDN,2023,21.8085632197562
IDN,2022,24.5029116862832
IDN,2021,21.4165556390653
IDN,2020,17.3311682848923
IDN,2019,18.5915277970883
IDN,2018,21.0027464972455
IDN,2017,20.1773044351106
IDN,2016,19.0889938536664
IDN,2015,21.1601792598059
IDN,2014,23.6659845969367
IDN,2013,23.9235763793605
IDN,2012,24.5943787881769
IDN,2011,26.3273530888836
IDN,2010,24.2990309366408
IDN,2009,24.1591196686279
IDN,2008,29.8082841673732
IDN,2007,29.4357184851264
IDN,2006,31.0347163143166
IDN,2005,34.0672676279992
IDN,2004,32.2166946182599
IDN,2003,30.4776547809661
IDN,2002,32.6876208878375
IDN,2001,39.0321390955111
IDN,2000,40.9773084738704
IDN,1999,35.5141290838601
IDN,1998,52.968134566078
IDN,1997,27.8592432831317
IDN,1996,25.8245519820943
IDN,1995,26.3121650131426
IDN,1994,26.5114278515733
IDN,1993,26.7548134217247
IDN,1992,30.3074635078275
IDN,1991,28.3512610672578
IDN,1990,27.3057589781449
IRN,2025,25.754375261588
IRN,2024,23.5514720983508
IRN,2023,23.9216475542357
IRN,2022,25.5666185174995
IRN,2021,22.0192078360416
IRN,2020,18.3903748639131
IRN,2019,22.3147082096412
IRN,2018,29.639694129412
IRN,2017,21.8329309946109
IRN,2016,20.3097816144481
IRN,2015,18.7208345068656
IRN,2014,22.8306723891643
IRN,2013,25.1829067419072
IRN,2012,22.4753001992586
IRN,2011,24.9333131264674
IRN,2010,24.399653282909
IRN,2009,22.7114891378215
IRN,2008,26.5771274521598
IRN,2007,28.8436124054165
IRN,2006,29.8690352505831
IRN,2005,30.3308191865397
IRN,2004,25.266928255823
IRN,2003,24.6274728309232
IRN,2002,24.4139021536457
IRN,2001,19.3033203562353
IRN,2000,21.4670575678483
IRN,1999,19.292023195998
IRN,1998,12.6833809123619
IRN,1997,17.2779308650647
IRN,1996,20.1951302398727
IRN,1995,21.6762407043299
IRN,1994,28.2861924143561
IRN,1993,25.4101116466448
IRN,1992,13.1645906691731
IRN,1991,13.8243202860364
IRN,1990,13.2787418004901
IRQ,2024,39.7635173537006
IRQ,2023,39.6312322400043
IRQ,2022,44.5259462145341
IRQ,2021,37.3216528340457
IRQ,2020,27.750277551257
IRQ,2019,38.0518681988838
IRQ,2018,40.8026420265318
IRQ,2017,33.9160634134979
IRQ,2016,28.1085236792986
IRQ,2015,34.5141464410956
IRQ,2014,38.9417264514779
IRQ,2013,39.6635365352026
IRQ,2012,44.5084353612381
IRQ,2011,44.4175230392819
IRQ,2010,39.41682921428
IRQ,2009,39.4001102563314
IRQ,2008,50.3283072215829
IRQ,2007,45.8998391733957
IRQ,2006,51.0319429912104
IRQ,2005,54.3478705800752
IRQ,2004,56.2709085305741
IRQ,2003,77.3927188812537
IRQ,2002,70.5700515170938
IRQ,2001,65.2733913946118
IRQ,2000,75.7037742203896
IRQ,1999,77.634883408788
IRQ,1998,77.898988648591
IRQ,1997,63.8470089465787
IRQ,1996,0.00916177369600626
IRQ,1995,0.00537675930738319
IRQ,1994,0.0355659907118372
IRQ,1993,0.0755486839761241
IRQ,1992,0.582407539328146
IRQ,1991,1.29041072656861
IRQ,1990,7.69831832852047
IRL,2025,140.066665278394
IRL,2024,143.984601661031
IRL,2023,136.52636667411
IRL,2022,139.505980538698
IRL,2021,136.397670222851
IRL,2020,139.811889906845
IRL,2019,131.224509342169
IRL,2018,125.968715436882
IRL,2017,128.496270792904
IRL,2016,129.178433843871
IRL,2015,126.687521960845
IRL,2014,115.097265448513
IRL,2013,109.746480737327
IRL,2012,103.821695189581
IRL,2011,102.41088550995
IRL,2010,103.327078355769
IRL,2009,93.5561576841509
IRL,2008,84.3332733545791
IRL,2007,80.8367880723601
IRL,2006,79.0346632772547
IRL,2005,79.5276864075247
IRL,2004,80.4755660009134
IRL,2003,80.8405847264703
IRL,2002,90.449466813067
IRL,2001,95.2243726376591
IRL,2000,94.3894347338897
IRL,1999,86.4600758221796
IRL,1998,84.3240502327877
IRL,1997,77.1247806345089
IRL,1996,74.9070020586701
IRL,1995,73.5199805547023
IRL,1994,67.9600321066691
IRL,1993,63.366966997161
IRL,1992,58.4054636243813
IRL,1991,55.5818364574401
IRL,1990,54.7062192383618
ISR,2025,27.5583636636004
ISR,2024,28.399007008222
ISR,2023,30.3284744013966
ISR,2022,31.3653023276254
ISR,2021,28.8185860359887
ISR,2020,27.1546338087038
ISR,2019,29.0853955837603
ISR,2018,29.7580333991368
ISR,2017,29.0661275196759
ISR,2016,29.7752716268816
ISR,2015,30.9258891134922
ISR,2014,31.5531969734526
ISR,2013,32.8527519137225
ISR,2012,34.7734390454533
ISR,2011,34.2274243361125
ISR,2010,33.5712633456599
ISR,2009,31.8649485499961
ISR,2008,37.2205421816282
ISR,2007,38.7797286303679
ISR,2006,39.0843910214757
ISR,2005,38.8657857206152
ISR,2004,37.2360027137934
ISR,2003,32.7214753895497
ISR,2002,30.9012956280575
ISR,2001,29.5305900350616
ISR,2000,33.7964289795154
ISR,1999,30.8228504637641
ISR,1998,26.9224529258371
ISR,1997,26.298197397007
ISR,1996,25.4522868987815
ISR,1995,25.8641498674036
ISR,1994,26.1259890481269
ISR,1993,26.1206430283442
ISR,1992,24.4982807682646
ISR,1991,23.994147782301
ISR,1990,27.9637780156731
ITA,2025,32.2270197272539
ITA,2024,32.3350686402627
ITA,2023,33.3293695692309
ITA,2022,35.0991400412578
ITA,2021,31.1716088630092
ITA,2020,28.7258551870199
ITA,2019,30.9498739181942
ITA,2018,30.8135072735991
ITA,2017,30.1398859152774
ITA,2016,28.7987488919157
ITA,2015,29.144111052532
ITA,2014,28.6224027363532
ITA,2013,28.177442406394
ITA,2012,27.9851870768453
ITA,2011,26.5629866543354
ITA,2010,24.9186514223879
ITA,2009,22.2771595955525
ITA,2008,26.7427615964483
ITA,2007,27.2450545395013
ITA,2006,26.0530628243151
ITA,2005,24.5118533579183
ITA,2004,23.9268409466402
ITA,2003,23.2240496903642
ITA,2002,24.3126948188163
ITA,2001,25.5610801918444
ITA,2000,25.5611956255751
ITA,1999,23.1534516122759
ITA,1998,24.0123257096913
ITA,1997,24.0894916918366
ITA,1996,23.662303838318
ITA,1995,24.6157552051653
ITA,1994,21.8207959673733
ITA,1993,20.352188422684
ITA,1992,17.4389965997097
ITA,1991,16.9968351087223
ITA,1990,18.2174499918647
JPN,2024,21.9799093698461
JPN,2023,21.0593101343597
JPN,2022,20.647867347033
JPN,2021,17.4619853799579
JPN,2020,15.1286902986314
JPN,2019,17.0377974181499
JPN,2018,17.9111434788682
JPN,2017,17.2158253394418
JPN,2016,15.7223961123124
JPN,2015,17.0921099786159
JPN,2014,17.1078627742157
JPN,2013,15.6037090812555
JPN,2012,14.2739154583775
JPN,2011,14.6645262221087
JPN,2010,14.7827379015469
JPN,2009,12.3084729966275
JPN,2008,17.0550818459886
JPN,2007,17.1190869291448
JPN,2006,15.4991989877277
JPN,2005,13.6893610021266
JPN,2004,12.6608085791759
JPN,2003,11.3307927134025
JPN,2002,10.6941179299116
JPN,2001,9.9313252815504
JPN,2000,10.3098888690138
JPN,1999,9.69470355290166
JPN,1998,10.2438413853018
JPN,1997,10.18568815896
JPN,1996,9.13384321818787
JPN,1995,8.66938554832833
JPN,1994,8.65751499352758
JPN,1993,8.73007389886112
JPN,1992,9.32198041178664
JPN,1991,9.41785122890222
JPN,1990,9.84282326180712
JOR,2007,54.234912993661
JOR,2006,53.8743278940368
JOR,2005,52.704580084252
JOR,2004,52.1894968421313
JOR,2003,47.3722799396849
JOR,2002,47.4212540476891
JOR,2001,42.1342929427849
JOR,2000,41.8273959357861
JOR,1999,43.3107851790319
JOR,1998,44.7951049948305
JOR,1997,49.2475989332918
JOR,1996,52.8788989331379
JOR,1995,51.7212123783061
JOR,1994,47.8622449682143
JOR,1993,50.3351276902482
JOR,1992,50.2326639707512
JOR,1991,57.3901284651792
JOR,1990,59.8348484299736
KAZ,2024,31.5871636865516
KAZ,2023,34.650577449538
KAZ,2022,41.5690089041544
KAZ,2021,33.6448621241624
KAZ,2020,30.5289067989681
KAZ,2019,36.4389870990994
KAZ,2018,37.6252184252873
KAZ,2017,32.3977529369879
KAZ,2016,31.8438886422836
KAZ,2015,28.5167080072354
KAZ,2014,39.3417580907293
KAZ,2013,38.6170377152797
KAZ,2012,44.1096630384291
KAZ,2011,46.4646627947552
KAZ,2010,44.2441794984735
KAZ,2009,41.8384224460915
KAZ,2008,57.1463849391331
KAZ,2007,49.3128208903582
KAZ,2006,50.9752978421833
KAZ,2005,53.194358254068
KAZ,2004,52.5004104250221
KAZ,2003,48.4170220946326
KAZ,2002,46.9906407561754
KAZ,2001,45.8950186109102
KAZ,2000,56.6024267995373
KAZ,1999,42.4620955088389
KAZ,1998,30.344203290498
KAZ,1997,34.9168566674192
KAZ,1996,35.2688049307021
KAZ,1995,38.9738609136355
KAZ,1994,37.0647377091299
KAZ,1993,37.8953951147228
KAZ,1992,74.0049709784411
KEN,2025,15.7640677825707
KEN,2024,16.8549548908518
KEN,2023,16.7133442998721
KEN,2022,15.9570283629469
KEN,2021,13.1097382018218
KEN,2020,11.4410451821593
KEN,2019,11.4279956869332
KEN,2018,12.541975333359
KEN,2017,12.7366599413725
KEN,2016,13.2497448006759
KEN,2015,15.1287339034504
KEN,2014,16.4728044658123
KEN,2013,17.7921805531655
KEN,2012,19.8649477228834
KEN,2011,21.5494770708279
KEN,2010,20.1243596478793
KEN,2009,18.7749454916013
KEN,2008,22.6740575532267
KEN,2007,21.9189912933699
KEN,2006,22.9849396441861
KEN,2005,28.5090302142012
KEN,2004,26.6102585752973
KEN,2003,24.086815305421
KEN,2002,24.8979726147002
KEN,2001,22.9315763643367
KEN,2000,21.5875711417625
KEN,1999,20.8327351985075
KEN,1998,20.1692608275285
KEN,1997,22.686387351635
KEN,1996,25.2006019494243
KEN,1995,32.5917012190029
KEN,1994,37.0402808384151
KEN,1993,38.9036301698042
KEN,1992,26.2603741906351
KEN,1991,27.0416323240194
KEN,1990,25.6926059649364
KIR,2024,4.51592634986162
KIR,2023,5.85831693667442
KIR,2022,7.57185988301685
KIR,2021,3.7676885945066
KIR,2020,10.4194482628141
KIR,2019,14.9888877146964
KIR,2018,9.0373482428115
KIR,2017,13.247147766323
KIR,2016,16.6172805546414
KIR,2015,13.957451247692
KIR,2014,12.0327393556813
KIR,2013,10.9650820844988
KIR,2012,12.7658595364299
KIR,2011,13.1677735915
KIR,2010,11.5662837628066
KIR,2009,14.1365652222536
KIR,2008,14.1122772384558
KIR,2007,15.4500756429652
KIR,2006,10.2017464538353
KIR,2005,14.1424002467431
KIR,2004,12.1418629134253
KIR,2003,16.3335281327731
KIR,2002,19.0714163179977
KIR,2001,15.5794876451318
KIR,2000,10.8521396170662
KIR,1999,16.6072443247005
KIR,1998,15.0033127301089
KIR,1997,16.6365158136983
KIR,1996,11.2822759381962
KIR,1995,16.7980349864057
KIR,1994,15.7681949517527
KIR,1993,16.1375307400213
KIR,1992,16.2095602988668
KIR,1991,24.934044164443
KIR,1990,22.4002859745394
KOR,2025,45.7630385215931
KOR,2024,44.3582383593234
KOR,2023,41.3214807367697
KOR,2022,45.294860984133
KOR,2021,39.3388192669479
KOR,2020,34.6152001987888
KOR,2019,37.0413266370488
KOR,2018,39.4523497931837
KOR,2017,38.8488899920532
KOR,2016,38.1129875583911
KOR,2015,40.9681314540182
KOR,2014,45.7876203673052
KOR,2013,49.2338591040691
KOR,2012,52.0235312085188
KOR,2011,51.2813207677942
KOR,2010,45.2718606886955
KOR,2009,43.5106195264818
KOR,2008,45.8471508377288
KOR,2007,36.0414909532161
KOR,2006,34.4457182771661
KOR,2005,34.1271966602876
KOR,2004,35.6099304973786
KOR,2003,30.4447497818826
KOR,2002,28.869081069037
KOR,2001,30.8628730280238
KOR,2000,32.8643016483147
KOR,1999,31.5122613381554
KOR,1998,38.2368909900718
KOR,1997,27.4728903732725
KOR,1996,24.1509711908027
KOR,1995,25.0908528792617
KOR,1994,23.5069868149485
KOR,1993,22.8587756465728
KOR,1992,23.2612780314303
KOR,1991,22.9875474516622
KOR,1990,24.1685799511012
XKX,2025,43.9520877225768
XKX,2024,41.7483529574305
XKX,2023,39.64047566608
XKX,2022,38.6256570148792
XKX,2021,33.4091827278011
XKX,2020,21.6951468795715
XKX,2019,29.3126074591152
XKX,2018,29.0534647196644
XKX,2017,27.328844878341
XKX,2016,23.8274047992876
XKX,2015,22.4513928552736
XKX,2014,23.5268854358467
XKX,2013,23.0038577636014
XKX,2012,24.5219681010507
XKX,2011,24.9520402537016
XKX,2010,21.6691681199904
XKX,2009,19.2277619271441
XKX,2008,17.190699115417
KWT,2024,55.7559768271522
KWT,2023,57.702062317436
KWT,2022,60.4485945316523
KWT,2021,51.725692658617
KWT,2020,43.7131472290911
KWT,2019,52.0582560763879
KWT,2018,57.311462753412
KWT,2017,51.1963155925274
KWT,2016,47.632285262531
KWT,2015,53.7653724505163
KWT,2014,68.5055251263225
KWT,2013,70.8610179890485
KWT,2012,74.7318371141504
KWT,2011,73.2176749998524
KWT,2010,66.6735112696735
KWT,2009,59.4336343544442
KWT,2008,66.7595495181702
KWT,2007,63.4150383970829
KWT,2006,65.5457337246984
KWT,2005,63.9760608989031
KWT,2004,56.9171133832286
KWT,2003,52.0915105977347
KWT,2002,44.6160483175151
KWT,2001,51.3084112149533
KWT,2000,56.4721744466436
KWT,1999,45.9338909669891
KWT,1998,43.8626446594574
KWT,1997,52.8528137117534
KWT,1996,52.284947662025
KWT,1995,52.354601363093
KWT,1994,50.8536592487937
KWT,1993,47.7711852130289
KWT,1992,40.4702661894745
KWT,1991,16.9020390089475
KWT,1990,44.9389489749774
KGZ,2025,26.8114572968262
KGZ,2024,46.7710472091149
KGZ,2023,36.8882232535821
KGZ,2022,46.3372718307792
KGZ,2021,35.8055898779632
KGZ,2020,29.5818778074207
KGZ,2019,33.4764696600324
KGZ,2018,31.6017300051143
KGZ,2017,34.2528413648354
KGZ,2016,35.8254088751692
KGZ,2015,35.1896004872594
KGZ,2014,37.4486515894922
KGZ,2013,42.250153956658
KGZ,2012,44.4042009680122
KGZ,2011,54.5384771657381
KGZ,2010,51.5543226756177
KGZ,2009,54.6983469575282
KGZ,2008,53.5489560986404
KGZ,2007,52.9129788573035
KGZ,2006,41.7206136022728
KGZ,2005,38.3055564365228
KGZ,2004,42.5559110849204
KGZ,2003,38.6811237203624
KGZ,2002,39.5813541240971
KGZ,2001,36.7245731455602
KGZ,2000,41.8478618433635
KGZ,1999,42.2029377974725
KGZ,1998,36.4832920828287
KGZ,1997,38.2868893328163
KGZ,1996,30.7380990029616
KGZ,1995,29.46714483032
KGZ,1994,33.7618144302449
KGZ,1993,33.5312902683624
KGZ,1992,35.5861324699852
KGZ,1991,35.3513513513514
KGZ,1990,29.2056074766355
LAO,2016,33.209427456122
LAO,2015,33.9522573081909
LAO,2014,40.7545466511497
LAO,2013,38.1731033983004
LAO,2012,37.8767283501759
LAO,2011,40.3431560976816
LAO,2010,35.384026037956
LAO,2009,30.0830696746432
LAO,2008,33.1540804750868
LAO,2007,33.6143130828635
LAO,2006,38.1550775230179
LAO,2005,28.9637357220067
LAO,2004,24.9121225651615
LAO,2003,23.5004331627788
LAO,2002,28.7525146642775
LAO,2001,27.8731588735049
LAO,2000,30.6620036016085
LAO,1999,35.8758415241476
LAO,1998,36.4558727549249
LAO,1997,23.8922247910231
LAO,1996,22.6987496249058
LAO,1995,23.2203889147564
LAO,1994,24.9869407176856
LAO,1993,21.4616192640886
LAO,1992,17.0257554269191
LAO,1991,12.9537264801421
LAO,1990,11.3287632936327
LVA,2025,62.573000305163
LVA,2024,64.8634107408094
LVA,2023,65.9896551482715
LVA,2022,77.5014838423287
LVA,2021,66.8112769573847
LVA,2020,62.6592422617585
LVA,2019,62.5368430163073
LVA,2018,63.8698186932234
LVA,2017,64.1399542639756
LVA,2016,61.9284196446641
LVA,2015,62.5955625575744
LVA,2014,63.5721016274102
LVA,2013,62.5759802712611
LVA,2012,63.8315149225803
LVA,2011,61.8017435553003
LVA,2010,54.3654555058681
LVA,2009,43.396059199176
LVA,2008,41.2345321413157
LVA,2007,40.3864425883711
LVA,2006,41.9530774436297
LVA,2005,44.80522716711
LVA,2004,40.6251502394093
LVA,2003,37.7379680624178
LVA,2002,37.7563642169877
LVA,2001,38.7964180197711
LVA,2000,37.7213901364908
LVA,1999,36.0307753713725
LVA,1998,40.3175570735027
LVA,1997,40.8165714994491
LVA,1996,41.6403177406518
LVA,1995,35.677496823884
LBN,2024,23.3165495276514
LBN,2023,30.5514119674735
LBN,2022,34.8287792460469
LBN,2021,26.0256276927137
LBN,2020,16.3725868676481
LBN,2019,20.6977589567577
LBN,2018,20.7545211587566
LBN,2017,21.9269331860238
LBN,2016,21.7261558874138
LBN,2015,23.1396677268024
LBN,2014,23.7561644984684
LBN,2013,26.6467547466619
LBN,2012,28.8092128781151
LBN,2011,36.3630972315613
LBN,2010,35.023122866407
LBN,2009,33.1957016986538
LBN,2008,38.5456544402878
LBN,2007,37.1415170042625
LBN,2006,35.5896575058264
LBN,2005,36.6235387082596
LBN,2004,35.0549045511842
LBN,2003,16.7365813377374
LBN,2002,16.0986422831809
LBN,2001,15.604915999549
LBN,2000,14.1775557263643
LBN,1999,14.0639896274263
LBN,1998,13.7634326360473
LBN,1997,14.5319587628866
LBN,1996,12.8463200007143
LBN,1995,10.8064548760331
LBN,1994,7.87060873504597
LBN,1993,9.17439885733869
LBN,1992,10.8507051639318
LBN,1991,12.528835709228
LBN,1990,17.9927860456218
LSO,2025,49.530822364134
LSO,2024,49.4056446644915
LSO,2023,42.6829787081486
LSO,2022,46.5063822153721
LSO,2021,46.1460898214545
LSO,2020,44.449012410388
LSO,2019,46.2093281781161
LSO,2018,49.8331114219045
LSO,2017,47.4769340332662
LSO,2016,45.7796652454104
LSO,2015,42.8918037123102
LSO,2014,38.1496953255837
LSO,2013,38.2496647077566
LSO,2012,41.7959336745045
LSO,2011,47.7228451203639
LSO,2010,42.1262589311215
LSO,2009,44.7633289777901
LSO,2008,52.9184829037571
LSO,2007,53.2487600192534
LBY,2025,71.7134746269549
LBY,2024,71.7293179684166
LBY,2023,85.6010032090609
LBY,2022,91.9809235078212
LBY,2021,92.0546075514658
LBY,2020,20.3637900560977
LBY,2019,42.35532240076
LBY,2018,39.6135044170514
LBY,2017,27.1972557138798
LBY,2016,14.5778875500388
LBY,2015,22.2273741215145
LBY,2014,32.2383210024013
LBY,2013,59.8886075843687
LBY,2012,66.8678568492024
LBY,2011,38.1458963988027
LBY,2010,66.2720071713114
LBY,2009,63.2368915429987
LBY,2008,74.1157065299352
LBY,2007,73.4324778961951
LBY,2006,71.8393272703549
LBY,2005,63.7168431505522
LBY,2004,63.7559608908707
LBY,2003,57.3170731707317
LBY,2002,44.7677994771644
LBY,2001,26.5406976744186
LBY,2000,31.558004285277
LBY,1999,20.2205441687642
LBY,1998,19.3690158530843
LBY,1997,26.7863453247579
LBY,1996,28.6535303776683
LBY,1995,29.1760299625468
LBY,1994,27.0352162135046
LBY,1993,28.2447492498928
LBY,1992,30.5890367885966
LBY,1991,33.8314218906581
LBY,1990,39.6762370189371
LTU,2025,72.9839535290335
LTU,2024,73.9407258792654
LTU,2023,75.933513171116
LTU,2022,87.264114905646
LTU,2021,79.5885699025887
LTU,2020,72.4346855034597
LTU,2019,76.8187229886379
LTU,2018,74.5295191317116
LTU,2017,73.6063406090345
LTU,2016,67.7094248902699
LTU,2015,68.6043807818409
LTU,2014,72.6102123944686
LTU,2013,79.0419385750891
LTU,2012,78.6260683563339
LTU,2011,73.4692169559065
LTU,2010,64.7985134455831
LTU,2009,51.6425313966986
LTU,2008,57.5807261343907
LTU,2007,51.6005785480117
LTU,2006,57.1650712091213
LTU,2005,55.1137769337009
LTU,2004,48.5233385442616
LTU,2003,46.1534641761834
LTU,2002,47.3290677050394
LTU,2001,44.0129576744504
LTU,2000,38.5073296446036
LTU,1999,32.2965725535194
LTU,1998,38.9812389713984
LTU,1997,44.7817616774546
LTU,1996,41.7452908673057
LTU,1995,36.9386970561821
LUX,2025,190.522135684017
LUX,2024,191.532970187611
LUX,2023,217.379822583978
LUX,2022,222.308456163103
LUX,2021,215.618162988769
LUX,2020,204.436962289215
LUX,2019,206.580145839872
LUX,2018,197.218199953374
LUX,2017,192.747503540731
LUX,2016,191.098633740622
LUX,2015,191.835428725013
LUX,2014,182.782585361208
LUX,2013,176.383330927429
LUX,2012,171.211788066768
LUX,2011,169.489123436331
LUX,2010,162.709857140044
LUX,2009,147.925083013145
LUX,2008,161.494761789301
LUX,2007,169.576705513534
LUX,2006,167.740282231035
LUX,2005,153.824282815392
LUX,2004,143.73436357449
LUX,2003,132.848052488235
LUX,2002,136.361725575128
LUX,2001,146.200789383276
LUX,2000,147.644762391931
LUX,1999,129.936451950794
LUX,1998,127.697112462509
LUX,1997,116.220951847375
LUX,1996,107.981098142476
LUX,1995,104.478825699709
LUX,1994,102.139638596495
LUX,1993,98.8648330721503
LUX,1992,98.5986148902292
LUX,1991,99.6055988954344
LUX,1990,99.7128836405077
MAC,2025,92.2861448665199
MAC,2024,92.1896066002616
MAC,2023,92.4170435765852
MAC,2022,84.7916044961703
MAC,2021,91.8949115359993
MAC,2020,61.6649501891426
MAC,2019,82.646781315937
MAC,2018,82.8517062374608
MAC,2017,80.6469912109472
MAC,2016,76.8087077221785
MAC,2015,78.704970614381
MAC,2014,85.6066390571117
MAC,2013,90.6246130914087
MAC,2012,90.7733498691718
MAC,2011,90.339874501628
MAC,2010,87.4238991929775
MAC,2009,78.5122145065757
MAC,2008,79.6944953421213
MAC,2007,78.8825827872669
MAC,2006,78.5453812156553
MAC,2005,84.3863881332444
MAC,2004,94.7705605396922
MAC,2003,92.8613542564289
MAC,2002,93.2640999662276
MAC,2001,91.2251415299753
MAC,2000,89.2655471149778
MAC,1999,76.1963917131718
MAC,1998,74.1752871973594
MAC,1997,73.9307465364642
MAC,1996,74.0126630986113
MAC,1995,73.9856079227673
MAC,1994,73.5603813770179
MAC,1993,76.1591457876432
MAC,1992,82.0898950968631
MAC,1991,91.6351449996682
MAC,1990,98.252688172043
MDG,2025,21.3332640704507
MDG,2024,24.0079179466347
MDG,2023,26.7228861237427
MDG,2022,30.510296623757
MDG,2021,23.091632100144
MDG,2020,20.1420748831987
MDG,2019,28.4244012431975
MDG,2018,31.5360236539412
MDG,2017,30.9026308764808
MDG,2016,29.0925694335543
MDG,2015,28.3906461296836
MDG,2014,28.2819119746319
MDG,2013,23.2721660778614
MDG,2012,21.7806921029485
MDG,2011,22.7196386760737
MDG,2010,21.8743805186609
MDG,2009,20.3758298355971
MDG,2008,27.7071993998824
MDG,2007,27.7962071422596
MDG,2006,27.4869137812158
MDG,2005,24.3193861068762
MDG,2004,19.4573064554058
MDG,2003,13.6941628175957
MDG,2002,21.8155744053565
MDG,2001,20.070249419803
MDG,2000,19.1196684495627
MDG,1999,18.3466200690167
MDG,1998,16.4123755851733
MDG,1997,16.142942543952
MDG,1996,17.024861564074
MDG,1995,20.9868976053949
MDG,1994,20.0198021726596
MDG,1993,13.8096925419606
MDG,1992,14.4961539980932
MDG,1991,15.9724482649834
MDG,1990,12.8702707847278
MWI,2025,10.6488595679017
MWI,2024,11.2855606151277
MWI,2023,11.2450363894528
MWI,2022,11.342380846457
MWI,2021,12.7119564156437
MWI,2020,11.0047537224484
MWI,2019,12.9894565946906
MWI,2018,11.6727813510859
MWI,2017,12.6751278049282
MYS,2025,70.9677892986947
MYS,2024,71.3410849829908
MYS,2023,68.6789535653168
MYS,2022,76.8077974825844
MYS,2021,70.6330555493337
MYS,2020,61.5779359054349
MYS,2019,65.2777668428576
MYS,2018,68.554971419686
MYS,2017,70.011742508597
MYS,2016,66.7754454542508
MYS,2015,69.4486908970754
MYS,2014,73.7934986257765
MYS,2013,75.6290410302627
MYS,2012,79.2999139255312
MYS,2011,85.2554421085998
MYS,2010,86.9302950693543
MYS,2009,91.4167918670926
MYS,2008,99.4995772447266
MYS,2007,106.168274866985
MYS,2006,112.18548084399
MYS,2005,112.898976779781
MYS,2004,115.373337721075
MYS,2003,106.943446148115
MYS,2002,108.305302795051
MYS,2001,110.402491356547
MYS,2000,119.809708726968
MYS,1999,121.311393650836
MYS,1998,115.743725352436
MYS,1997,93.2894480029809
MYS,1996,91.5761512146674
MYS,1995,94.0891703712361
MYS,1994,89.1507768813216
MYS,1993,78.9202875826103
MYS,1992,75.983860049641
MYS,1991,77.8255528255528
MYS,1990,74.4661197000361
MDV,2024,78.214216540835
MDV,2023,74.0437692661116
MDV,2022,82.6708555603035
MDV,2021,76.0989851624572
MDV,2020,48.2411996300086
MDV,2019,65.5134179400092
MDV,2018,66.4483006480268
MDV,2017,69.0594484485378
MDV,2016,71.6136331301194
MDV,2015,76.4277887724561
MDV,2014,91.2941274036136
MLI,2025,22.0767726182095
MLI,2024,22.325419474237
MLI,2023,24.7863775029858
MLI,2022,26.025652624667
MLI,2021,23.4347727463223
MLI,2020,25.1422593727846
MLI,2019,21.7272254994959
MLI,2018,20.5990590578805
MLI,2017,18.9065075928847
MLI,2016,19.658879222387
MLI,2015,20.2239475938187
MLI,2014,18.9721569838761
MLI,2013,20.9783045590306
MLI,2012,22.6196890203447
MLI,2011,18.1515218842836
MLI,2010,19.2136392168452
MLI,2009,17.4090644475988
MLI,2008,20.6676082350038
MLI,2007,19.7731935958803
MLI,2006,22.7184401678144
MLI,2005,19.0305416437851
MLI,2004,18.8107813475157
MLI,2003,20.598732738647
MLI,2002,22.5824977513143
MLI,2001,21.2675280915361
MLI,2000,18.3082871608931
MLI,1999,16.6447857153142
MLI,1998,16.4235218800091
MLI,1997,18.8184537976566
MLI,1996,14.0179595846258
MLI,1995,15.693774087895
MLI,1994,15.2092727912801
MLI,1993,12.2983623117825
MLI,1992,12.0182170230674
MLI,1991,12.3481990786943
MLI,1990,12.9224504246966
MLT,2025,119.109581237895
MLT,2024,118.481460190952
MLT,2023,119.748336901667
MLT,2022,128.299452871314
MLT,2021,118.784056780784
MLT,2020,129.954117426949
MLT,2019,124.520039315181
MLT,2018,123.349303772613
MLT,2017,116.626497475998
MLT,2016,113.166261070801
MLT,2015,108.732584061859
MLT,2014,96.9298164447423
MLT,2013,97.6696264852064
MLT,2012,100.799142826277
MLT,2011,97.441170956521
MLT,2010,89.6241280016126
MLT,2009,81.0328794776996
MLT,2008,91.4724030900233
MLT,2007,90.8534937241383
MLT,2006,89.1792181327592
MLT,2005,74.2235628621221
MLT,2004,75.0974303915811
MLT,2003,75.4562627383458
MLT,2002,82.5178193655691
MLT,2001,78.4583106690861
MLT,2000,90.2692253155718
MLT,1999,80.2753047084641
MLT,1998,75.3105376738916
MLT,1997,74.7808368272432
MLT,1996,77.1133395036722
MLT,1995,85.3207449373729
MLT,1994,85.9618426185406
MLT,1993,84.8121839900987
MLT,1992,81.7595778593911
MLT,1991,77.3719647445128
MLT,1990,75.8336262449983
MHL,2025,36.038961038961
MHL,2024,37.1929824561403
MHL,2023,38.2575757575758
MHL,2022,39.9778528042486
MHL,2021,45.9784379061075
MHL,2020,35.4884615384615
MHL,2019,37.0618720480893
MHL,2018,39.7257727272727
MHL,2017,39.112915301825
MHL,2016,36.4933102081269
MHL,2015,44.2421883505716
MHL,2014,49.6209139784946
MHL,2013,51.1454399141631
MHL,2012,54.7745987825124
MHL,2011,51.2517701683111
MHL,2010,36.0926753569212
MHL,2009,27.8561507936508
MHL,2008,29.3780354706685
MHL,2007,26.0987375415282
MHL,2006,25.1569134078212
MHL,2005,32.7365217391304
MHL,2004,30.2890142964635
MHL,2003,30.2150180929394
MHL,2002,27.33047893301
MHL,2001,25.4496303697283
MHL,2000,28.8235217283402
MHL,1999,22.3064239656786
MHL,1998,24.7552201702327
MHL,1997,25.8550098421345
MHL,1996,23.3003481931841
MHL,1995,22.3185561008068
MRT,2025,39.8529382759178
MRT,2024,41.4108312054046
MRT,2023,38.4070908149798
MRT,2022,39.737807822992
MRT,2021,39.8560232643025
MRT,2020,41.406104283545
MRT,2019,42.3975240406607
MRT,2018,36.5862504012937
MRT,2017,34.5056775300947
MRT,2016,33.9251405488546
MRT,2015,30.1951447553349
MRT,2014,37.3892007219428
MRT,2013,45.5485992122422
MRT,2012,48.2613552096143
MRT,2011,50.1828096997874
MRT,2010,45.7393481127116
MRT,2009,37.2457483029123
MRT,2008,41.6028504784511
MRT,2007,40.5231617982886
MRT,2006,42.3641033273967
MRT,2005,26.7532470536875
MRT,2004,23.2692575686957
MRT,2003,19.1247721754728
MRT,2002,24.7736084028423
MRT,2001,25.536995080516
MRT,2000,25.5171157140843
MRT,1999,22.5691860382982
MRT,1998,24.4591685594583
MRT,1997,33.3920540663832
MRT,1996,39.1634134688576
MRT,1995,41.4864632067243
MRT,1994,34.6996283091059
MRT,1993,25.3609346029927
MRT,1992,22.3719635407048
MRT,1991,27.5406319159128
MRT,1990,36.1799681205032
MUS,2025,65.0363961733561
MUS,2024,67.1108899609862
MUS,2023,69.0411453509364
MUS,2022,67.0292948520561
MUS,2021,60.7673543178385
MUS,2020,55.3610157089461
MUS,2019,60.3459360407147
MUS,2018,58.5675023395557
MUS,2017,60.344208720622
MUS,2016,61.0475220099155
MUS,2015,64.5652688880706
MUS,2014,64.816272933487
MUS,2013,64.2358136939797
MUS,2012,52.7836292506771
MUS,2011,51.4751506473361
MUS,2010,50.28130093276
MUS,2009,46.6863227859003
MUS,2008,50.1358606066705
MUS,2007,54.7866881688902
MUS,2006,57.3596143564728
MUS,2005,58.2403213454801
MUS,2004,52.6147202557885
MUS,2003,55.2631863215924
MUS,2002,60.7898676078676
MUS,2001,67.0837948469199
MUS,2000,60.2825628484701
MUS,1999,62.9550301414524
MUS,1998,64.811113439
MUS,1997,60.6455660412332
MUS,1996,62.7408194898385
MUS,1995,57.8783069273876
MUS,1994,55.9691838666991
MUS,1993,57.4687726189169
MUS,1992,58.516720972605
MUS,1991,61.4775475516451
MUS,1990,64.0939278515127
MEX,2025,39.6453397926899
MEX,2024,37.2836162309013
MEX,2023,36.1479343675069
MEX,2022,42.9322902148243
MEX,2021,40.5691931964594
MEX,2020,39.2353720952982
MEX,2019,38.5296507889335
MEX,2018,39.0439304387032
MEX,2017,37.514088621552
MEX,2016,36.8156772514808
MEX,2015,34.1627726891004
MEX,2014,31.4629921982533
MEX,2013,30.7558005807208
MEX,2012,31.5394503933211
MEX,2011,30.4429662274867
MEX,2010,29.0174601175767
MEX,2009,26.5132697253683
MEX,2008,27.02006122825
MEX,2007,26.7810613301488
MEX,2006,26.5547481705759
MEX,2005,25.4870738310602
MEX,2004,25.1033560080055
MEX,2003,23.6555935033272
MEX,2002,21.8517619236376
MEX,2001,21.5412102050357
MEX,2000,24.2311734681303
MEX,1999,23.4168592490374
MEX,1998,23.221749395164
MEX,1997,23.2555721469271
MEX,1996,24.7231319521416
MEX,1995,22.8659269211958
MEX,1994,12.7545957125272
MEX,1993,11.59598468968
MEX,1992,15.256744442975
MEX,1991,16.4333900336044
MEX,1990,18.7044710491717
FSM,2025,22.1204724773494
FSM,2024,22.4475615608787
FSM,2023,22.1231146817116
FSM,2022,28.8994441432748
FSM,2021,19.6628259464523
FSM,2020,22.7941497875987
FSM,2019,35.4430379746835
FSM,2018,38.0710659898477
FSM,2017,31.3019390581717
FSM,2016,28.1345565749235
FSM,2015,28.525641025641
FSM,2014,32.5949367088608
FSM,2013,30.5732484076433
FSM,2012,30.2469135802469
FSM,2011,25.0
FSM,2010,23.972602739726
FSM,2009,22.0216606498195
FSM,2008,23.3716475095785
FSM,2007,22.9249011857708
FSM,2006,18.4
FSM,2005,17.0040485829959
FSM,2004,15.7087112445927
FSM,2003,19.0911056613844
FSM,2002,18.5142873493137
FSM,2001,19.4595573289135
FSM,2000,18.2913445357657
FSM,1999,16.5746695770559
FSM,1998,18.935842594192
FSM,1997,18.1020092251753
FSM,1996,18.4718258476259
FSM,1995,18.1876051470923
MDA,2025,31.7519320468579
MDA,2024,31.5677994316927
MDA,2023,35.1125857861262
MDA,2022,41.2264594544499
MDA,2021,30.6487877126898
MDA,2020,27.9143362637536
MDA,2019,31.1910849579769
MDA,2018,30.6963699430194
MDA,2017,32.5328465977446
MDA,2016,32.8664989349745
MDA,2015,31.8069217883307
MDA,2014,31.5279635595633
MDA,2013,32.0926131660285
MDA,2012,31.1328505372467
MDA,2011,32.5404575697943
MDA,2010,27.8296130640861
MDA,2009,36.8721225187512
MDA,2008,40.8187486093894
MDA,2007,45.5804735167509
MDA,2006,45.256336863744
MDA,2005,51.1635849357272
MDA,2004,51.1939123376623
MDA,2003,53.3131901951555
MDA,2002,52.4638965185895
MDA,2001,50.0550428204431
MDA,2000,49.6001138108804
MDA,1999,52.3183763996002
MDA,1998,45.0195365920155
MDA,1997,53.2001155100244
MDA,1996,55.3282551648836
MDA,1995,60.1260240612434
MNG,2025,68.0690875802365
MNG,2024,68.7165627140568
MNG,2023,76.2571171270924
MNG,2022,65.0613511558615
MNG,2021,58.5488639540916
MNG,2020,57.6603497340995
MNG,2019,59.2172331806539
MNG,2018,58.1647822769264
MNG,2017,59.1666792670253
MNG,2016,50.872194055814
MNG,2015,44.1840502346828
MNG,2014,52.2489986942277
MNG,2013,38.8902374819196
MNG,2012,43.572151194252
MNG,2011,52.5535550456296
MNG,2010,46.6789825837072
MNG,2009,50.2779993278591
MNG,2008,54.0170359170312
MNG,2007,59.6144484321482
MNG,2006,59.443265077556
MNG,2005,58.7693837934602
MNG,2004,60.7877749189501
MNG,2003,52.3520495329451
MNG,2002,50.7266159784407
MNG,2001,50.3183409920047
MNG,2000,53.9967514658612
MNG,1999,50.1584406154075
MNG,1998,47.8435145126418
MNG,1997,52.6663450827481
MNG,1996,35.5243256394436
MNG,1995,40.5413721251054
MNG,1994,44.6306935081674
MNG,1993,59.3321899354297
MNG,1992,28.9329932510884
MNG,1991,54.0684598429743
MNG,1990,18.274701678859
MNE,2025,40.0626882380633
MNE,2024,43.7470829634338
MNE,2023,49.229023063194
MNE,2022,51.3449416638117
MNE,2021,43.1193682105877
MNE,2020,26.2522009723037
MNE,2019,44.3238379207013
MNE,2018,43.4585672370744
MNE,2017,41.5011019410718
MNE,2016,40.781995907006
MNE,2015,42.7283879053238
MNE,2014,40.2683210854472
MNE,2013,41.7506908645144
MNE,2012,42.2205079066417
MNE,2011,42.4416792045641
MNE,2010,36.7147715569435
MNE,2009,34.4691900810648
MNE,2008,39.5616381600494
MNE,2007,43.035769995382
MNE,2006,40.6242634265822
MNE,2005,43.549124680302
MNE,2004,42.02204717619
MNE,2003,30.6112461989977
MNE,2002,35.3561171254814
MNE,2001,38.4234543783926
MNE,2000,36.8149918504193
MAR,2025,41.9692139163022
MAR,2024,41.9985232956684
MAR,2023,42.4176033594569
MAR,2022,44.7116282313453
MAR,2021,33.1360849405787
MAR,2020,30.7941069539783
MAR,2019,34.093057468891
MAR,2018,33.8284373726717
MAR,2017,32.6064609907781
MAR,2016,30.7345951424219
MAR,2015,29.9958538899695
MAR,2014,30.1329866374292
MAR,2013,30.2532656391617
MAR,2012,32.0970961451136
MAR,2011,31.9544842646976
MAR,2010,29.7889486802284
MAR,2009,25.7171775388093
MAR,2008,32.4722234084439
MAR,2007,31.4277738089785
MAR,2006,29.6289667970785
MAR,2005,27.9958996339897
MAR,2004,25.3492055058078
MAR,2003,24.676486583266
MAR,2002,25.9443798115524
MAR,2001,25.3955453600676
MAR,2000,24.1968278897887
MAR,1999,22.6346692831278
MAR,1998,21.0424357067532
MAR,1997,23.9241178671875
MAR,1996,21.8359749586865
MAR,1995,22.6732200383806
MAR,1994,20.9385014625219
MAR,1993,22.06075149691
MAR,1992,22.1721546193877
MAR,1991,22.3187677496636
MAR,1990,24.5593205075626
MOZ,2025,41.3814750416072
MOZ,2024,42.822299687441
MOZ,2023,45.6002906309861
MOZ,2022,49.8250852205079
MOZ,2021,40.3504985242732
MOZ,2020,32.7898734687844
MOZ,2019,37.1420563608323
MOZ,2018,45.5310358403147
MOZ,2017,41.043463320554
MOZ,2016,35.3819373953665
MOZ,2015,32.5722935328402
MOZ,2014,32.7890372970921
MOZ,2013,27.9938072708211
MOZ,2012,30.0174391521977
MOZ,2011,31.3789002672832
MOZ,2010,29.3682327373567
MOZ,2009,27.9834214693156
MOZ,2008,27.3462655617765
MOZ,2007,28.3208398689763
MOZ,2006,28.0396818491761
MOZ,2005,27.8677637269046
MOZ,2004,26.3746134140712
MOZ,2003,22.8118539424611
MOZ,2002,21.4699466720227
MOZ,2001,18.7397822798285
MOZ,2000,11.2856851913847
MOZ,1999,8.88401717701669
MOZ,1998,9.93770455696389
MOZ,1997,10.7290915518166
MOZ,1996,11.8530098126603
MOZ,1995,11.3629850955478
MOZ,1994,10.5130414490251
MOZ,1993,8.24062733814367
MOZ,1992,9.15149242640735
MOZ,1991,7.99942390756827
NAM,2025,44.6767598538623
NAM,2024,41.0651913141848
NAM,2023,43.2846167726677
NAM,2022,40.4584718299625
NAM,2021,31.9564108832988
NAM,2020,33.6778689517423
NAM,2019,36.4008818615818
NAM,2018,35.8825645595703
NAM,2017,33.6208040771432
NAM,2016,35.0094674181023
NAM,2015,35.3708484097637
NAM,2014,39.017085209178
NAM,2013,37.5019849152538
NAM,2012,40.058338011922
NAM,2011,45.5397819208328
NAM,2010,48.2819544785637
NAM,2009,51.5631748119652
NAM,2008,53.6534356342124
NAM,2007,49.8552010266907
NAM,2006,45.3668335484121
NAM,2005,40.4085763351911
NAM,2004,39.797940206821
NAM,2003,43.4294440838332
NAM,2002,46.1689000685777
NAM,2001,41.0559430255954
NAM,2000,40.736150559887
NAM,1999,41.4303745101477
NAM,1998,41.3699484261637
NAM,1997,42.6459852331416
NAM,1996,45.404651214968
NAM,1995,44.6887659984029
NAM,1994,44.1055786915466
NAM,1993,46.6036118460817
NAM,1992,43.014892306127
NAM,1991,43.9971077302683
NAM,1990,43.5604724156247
NRU,2025,61.7647058823529
NRU,2024,53.515625
NRU,2023,40.8333333333333
NRU,2022,45.3823293172691
NRU,2021,36.21115
NRU,2020,43.5836021505376
NRU,2019,60.3950285714286
NRU,2018,54.7115976331361
NRU,2017,60.0
NRU,2016,72.3880597014925
NRU,2015,71.5686274509804
NRU,2014,99.0740740740741
NRU,2013,101.086956521739
NRU,2012,68.3673469387755
NRU,2011,62.1212121212121
NRU,2010,51.8518518518518
NRU,2009,83.3333333333333
NRU,2008,90.4761904761905
NPL,2025,8.82763359925247
NPL,2024,7.55423347172655
NPL,2023,7.00596728086136
NPL,2022,6.7023908652401
NPL,2021,5.11917148482606
NPL,2020,6.80529835537229
NPL,2019,7.77993647445109
NPL,2018,7.81564102219889
NPL,2017,7.8121886555374
NPL,2016,8.17957803966234
NPL,2015,10.2145885930146
NPL,2014,10.124042118155
NPL,2013,9.2946586776145
NPL,2012,8.75029128721577
NPL,2011,7.80613567968357
NPL,2010,9.58253617198229
NPL,2009,12.4193541858921
NPL,2008,12.7758202580003
NPL,2007,12.8556648764061
NPL,2006,13.4465909577363
NPL,2005,14.5836867929394
NPL,2004,16.6826952635217
NPL,2003,15.6998644945158
NPL,2002,17.7371295242283
NPL,2001,22.5607737189466
NPL,2000,23.2840037102623
NPL,1999,22.8484720906571
NPL,1998,22.8220512223903
NPL,1997,26.3278350735973
NPL,1996,22.8175751366943
NPL,1995,24.9731589825482
NPL,1994,18.9939379340801
NPL,1993,18.4329641055999
NPL,1992,15.9597261292976
NPL,1991,11.4907512863386
NPL,1990,10.5273091204456
NLD,2025,80.6693413415314
NLD,2024,82.4976839942829
NLD,2023,87.4860612893795
NLD,2022,96.4436215813729
NLD,2021,86.4500028041052
NLD,2020,81.2415259478997
NLD,2019,85.3209394926528
NLD,2018,87.0564594492635
NLD,2017,85.1795472131327
NLD,2016,80.9095011629118
NLD,2015,83.9918475345943
NLD,2014,81.3822615368973
NLD,2013,80.3711722486241
NLD,2012,79.5755903693531
NLD,2011,75.1751870770854
NLD,2010,69.2873649735157
NLD,2009,61.6018141050156
NLD,2008,69.6056649864348
NLD,2007,68.7100477700614
NLD,2006,68.1457296355057
NLD,2005,65.5858924432585
NLD,2004,62.5959181523516
NLD,2003,59.2393489233853
NLD,2002,60.1048715353519
NLD,2001,63.3725444723061
NLD,2000,66.4429411465509
NLD,1999,60.2958992533494
NLD,1998,59.6772355314445
NLD,1997,60.7658388789699
NLD,1996,57.7981465392412
NLD,1995,57.6919813836234
NLD,1994,55.1862017827787
NLD,1993,53.0451530789049
NLD,1992,53.8154295005776
NLD,1991,55.5626380153824
NLD,1990,54.8626549304423
NCL,2024,11.6947134994698
NCL,2023,16.9373546011132
NCL,2022,15.3819770238095
NCL,2021,14.154621023622
NCL,2020,18.0451658989899
NCL,2019,18.3293636039604
NCL,2018,20.9894073
NCL,2017,21.0077980936617
NCL,2016,19.2654863869492
NCL,2015,18.0691662889356
NCL,2014,18.5861810873195
NCL,2013,15.7230973660898
NCL,2012,17.758536514681
NCL,2011,20.0908245767248
NCL,2010,20.1994749161539
NCL,2009,15.4006566270318
NCL,2008,18.5542331555049
NCL,2007,27.3847247877213
NCL,2006,23.8931284444354
NCL,2005,21.4671958558995
NCL,2004,21.9936875370641
NCL,2003,20.612272324034
NCL,2002,18.0560436990616
NCL,2001,18.7087954532429
NCL,2000,22.7808806145383
NCL,1999,18.433917555011
NCL,1998,15.7019100011629
NCL,1997,16.4920122012602
NCL,1996,15.3462781971239
NCL,1995,15.5638092688604
NCL,1994,13.5961768763712
NCL,1993,13.1111497172908
NCL,1992,13.7104833425977
NCL,1991,16.9089199921216
NCL,1990,18.4876237919829
NZL,2024,24.7052588214056
NZL,2023,23.6303100710205
NZL,2022,24.0471843984776
NZL,2021,22.3336966551166
NZL,2020,21.6681005262214
NZL,2019,27.320284070356
NZL,2018,27.9040127582116
NZL,2017,27.5921256754851
NZL,2016,26.6311815084262
NZL,2015,27.9457760345104
NZL,2014,27.9659167191753
NZL,2013,28.8080124378323
NZL,2012,28.8101128701328
NZL,2011,30.3648053574192
NZL,2010,30.197296130602
NZL,2009,28.6654584101329
NZL,2008,32.0052043552236
NZL,2007,29.2731139479196
NZL,2006,29.6086137531685
NZL,2005,28.2851654320382
NZL,2004,29.5434106069527
NZL,2003,29.8397254017245
NZL,2002,32.8470717038637
NZL,2001,35.4310398408851
NZL,2000,35.7454584901409
NZL,1999,30.9505515371504
NZL,1998,29.6173216258214
NZL,1997,28.3203739922721
NZL,1996,28.3488788439284
NZL,1995,29.3933663078266
NZL,1994,30.7781456953642
NZL,1993,30.6024238841265
NZL,1992,31.1916767728346
NZL,1991,29.1613463740835
NZL,1990,26.7618584733406
NIC,2025,41.5934723818613
NIC,2024,40.986351560247
NIC,2023,45.8658095323572
NIC,2022,49.895771373158
NIC,2021,46.4042462306705
NIC,2020,41.7461005411755
NIC,2019,44.8044297851925
NIC,2018,42.2771474372665
NIC,2017,41.338969262606
NIC,2016,38.8820263906579
NIC,2015,40.0837782888412
NIC,2014,45.008072249634
NIC,2013,45.2142694902064
NIC,2012,47.4691755587782
NIC,2011,45.0169781525763
NIC,2010,40.4671151559929
NIC,2009,33.9814942096139
NIC,2008,34.4704620011048
NIC,2007,33.0635730423674
NIC,2006,31.2666288650856
NIC,2005,24.3821308946094
NIC,2004,23.0598557398256
NIC,2003,20.704998914845
NIC,2002,18.8471358845682
NIC,2001,19.0419108824493
NIC,2000,20.1081658866931
NIC,1999,18.5302795190448
NIC,1998,19.3344405147071
NIC,1997,19.4195451837514
NIC,1996,16.8473581081537
NIC,1995,16.0950862533839
NIC,1994,13.1398768688125
NIC,1993,20.42792688032
NIC,1992,17.2512271307452
NIC,1991,21.82198401817
NIC,1990,24.9483592559642
NER,2025,15.7618372545511
NER,2024,8.99782940205197
NER,2023,8.25116486718739
NER,2022,10.1455281678398
NER,2021,11.0621894157621
NER,2020,10.3814142666001
NER,2019,11.9560620288967
NER,2018,11.9781964521768
NER,2017,13.1677111332678
NER,2016,12.2341330494238
NER,2015,14.2683699619368
NER,2014,15.945862927875
NER,2013,16.9790336020885
NER,2012,16.1005770719535
NER,2011,15.2895554371407
NER,2010,16.1844145982019
NER,2009,14.977850620897
NER,2008,13.1805095968022
NER,2007,13.0665385476229
NER,2006,13.8704426231817
NER,2005,14.411416011146
NER,2004,14.2585696095611
NER,2003,13.2742280973529
NER,2002,11.9188080478994
NER,2001,13.4558135151968
NER,2000,14.3397037015635
NER,1999,12.6556555877235
NER,1998,13.9700549614385
NER,1997,13.5378881783139
NER,1996,15.2959244617616
NER,1995,14.5380524628733
NER,1994,13.1410318962769
NER,1993,10.9092633875634
NER,1992,11.7816643385979
NER,1991,12.017960053768
NER,1990,15.0686349657165
MKD,2025,59.6492997278415
MKD,2024,61.6792037479617
MKD,2023,67.3969980458635
MKD,2022,72.785399542204
MKD,2021,65.4438648561578
MKD,2020,57.771485775759
MKD,2019,62.4080567878813
MKD,2018,60.3751373173263
MKD,2017,55.145719342637
MKD,2016,50.663842164107
MKD,2015,48.7379999069691
MKD,2014,47.6628552909135
MKD,2013,43.396474533315
MKD,2012,45.3742530045875
MKD,2011,47.1242131386987
MKD,2010,39.7897533935824
MKD,2009,32.8055433623879
MKD,2008,43.2244691363976
MKD,2007,44.1166137912355
MKD,2006,37.791482499104
MKD,2005,34.8076006574873
MKD,2004,30.7041661621306
MKD,2003,27.6563674663372
MKD,2002,26.3008496370576
MKD,2001,29.1989080521251
MKD,2000,32.9468400859053
MKD,1999,23.0418595204847
MKD,1998,23.2667286885206
MKD,1997,23.4909339016574
MKD,1996,21.3048439326914
MKD,1995,31.3839303239845
MKD,1994,36.3116883116883
MKD,1993,44.4450307714557
MKD,1992,51.6639045623086
MKD,1991,21.7757231404959
MKD,1990,24.5678571428571
MNP,2022,22.2627737226277
MNP,2021,6.01750547045952
MNP,2020,14.7806004618938
MNP,2019,42.4936386768448
MNP,2018,50.7302075326672
MNP,2017,69.2948717948718
MNP,2016,71.7073170731707
MNP,2015,52.967032967033
MNP,2014,52.5240384615385
MNP,2013,52.0725388601036
MNP,2012,50.8042895442359
MNP,2011,43.4842249657064
MNP,2010,41.927409261577
MNP,2009,39.2452830188679
MNP,2008,51.9701810436635
MNP,2007,66.8443496801706
MNP,2006,83.7373737373737
MNP,2005,95.8529688972667
MNP,2004,100.661157024793
MNP,2003,90.2340597255851
MNP,2002,91.0436137071651
NOR,2025,45.3729560131418
NOR,2024,46.3794958458439
NOR,2023,46.4049617701132
NOR,2022,53.5795492360197
NOR,2021,41.7846805150434
NOR,2020,31.3463505764851
NOR,2019,35.6950517697888
NOR,2018,37.3017822287814
NOR,2017,35.7799907512702
NOR,2016,35.0792306836966
NOR,2015,37.7795790425628
NOR,2014,39.0079819454092
NOR,2013,39.1524912574603
NOR,2012,40.6221948688402
NOR,2011,41.0021893059034
NOR,2010,39.5703457442809
NOR,2009,39.2490204203521
NOR,2008,45.6676256939176
NOR,2007,42.4957811855517
NOR,2006,44.1733932893218
NOR,2005,43.2413599919454
NOR,2004,41.0491288437838
NOR,2003,39.7056811669224
NOR,2002,40.5838246089831
NOR,2001,45.1531766095749
NOR,2000,45.8365018251845
NOR,1999,38.6433893169333
NOR,1998,37.0608144407435
NOR,1997,40.3720490528697
NOR,1996,39.6976971721752
NOR,1995,36.8480219820403
NOR,1994,36.9787571490903
NOR,1993,36.9193654438118
NOR,1992,36.8322939849829
NOR,1991,38.8200137764372
NOR,1990,38.8731828768774
OMN,2024,66.072566156431
OMN,2023,61.5843427989208
OMN,2022,63.2505019129513
OMN,2021,53.329759351918
OMN,2020,47.0548733691481
OMN,2019,49.4929030047786
OMN,2018,50.6224420190996
OMN,2017,45.7165464756476
OMN,2016,41.3196247446948
OMN,2015,49.652560938135
OMN,2014,61.4401786616091
OMN,2013,66.0316248510717
OMN,2012,62.7218547578454
OMN,2011,63.9174704172791
OMN,2010,59.0956382553021
OMN,2009,52.7902973909699
OMN,2008,56.6730874556165
OMN,2007,54.6159437848316
OMN,2006,53.783801943669
OMN,2005,55.2943072280332
OMN,2004,49.7630983256505
OMN,2003,49.8417471950873
OMN,2002,51.0785120705402
OMN,2001,52.0607629332053
OMN,2000,52.8812450343506
OMN,1999,42.8923534644946
OMN,1998,36.8293078294699
OMN,1997,43.9139022245289
OMN,1996,43.7147853118321
OMN,1995,38.6422285449613
OMN,1994,37.734181689643
OMN,1993,37.7951604649463
OMN,1992,39.2401349567258
OMN,1991,37.7886493124761
OMN,1990,41.4435890421666
PAK,2025,9.98520671042165
PAK,2024,10.3855031331012
PAK,2023,10.4939587511564
PAK,2022,10.5405902721041
PAK,2021,9.05159988878188
PAK,2020,9.29855944234725
PAK,2019,9.3908635386027
PAK,2018,8.58179960556073
PAK,2017,8.22161134395559
PAK,2016,8.73671639116568
PAK,2015,9.97457095124036
PAK,2014,11.1949717426146
PAK,2013,12.1774992040696
PAK,2012,11.8739641473238
PAK,2011,13.4825548617217
PAK,2010,12.6372245592948
PAK,2009,12.3909882054304
PAK,2008,11.87581528062
PAK,2007,11.6250765592664
PAK,2006,12.5489466265472
PAK,2005,12.2518417522088
PAK,2004,11.422970350187
PAK,2003,12.1646439105383
PAK,2002,11.2629668954049
PAK,2001,10.6261723730627
PAK,2000,9.62962571560589
PAK,1999,15.3534993273502
PAK,1998,16.4847911755655
PAK,1997,16.081953225121
PAK,1996,16.9031017751853
PAK,1995,16.709969655752
PAK,1994,16.1583805703018
PAK,1993,16.2020946178116
PAK,1992,17.2707273079987
PAK,1991,16.9323927101705
PAK,1990,14.788718407651
PLW,2024,32.6986673415734
PLW,2023,26.1410304075549
PLW,2022,15.4378951933852
PLW,2021,6.58256757890493
PLW,2020,23.322084126818
PLW,2019,38.3226341885556
PLW,2018,42.7750090070731
PLW,2017,45.6266748654046
PLW,2016,48.2044202424041
PLW,2015,53.640192108917
PLW,2014,55.3068814438355
PLW,2013,54.4571655359162
PLW,2012,55.8365286213549
PLW,2011,52.328667562443
PLW,2010,46.3645995844408
PLW,2009,43.0541162228117
PLW,2008,46.703952311301
PLW,2007,43.6339542379823
PLW,2006,46.1060324306262
PLW,2005,44.0349590725496
PAN,2024,44.3578422661429
PAN,2023,45.6292440025453
PAN,2022,48.0265978360198
PAN,2021,41.6067039493249
PAN,2020,36.269088105591
PAN,2019,40.2141745207689
PAN,2018,42.3471044929045
PAN,2017,41.4710106917443
PAN,2016,41.7407554754564
PAN,2015,47.3866198943049
PAN,2014,54.8890820412486
PAN,2013,64.5610772417975
PAN,2012,74.5443157318036
PAN,2011,77.7456721038553
PAN,2010,70.025242127624
PAN,2009,69.9648088440032
PAN,2008,78.2985921255699
PAN,2007,71.9791727879009
PAN,2006,69.1942342226276
PAN,2005,68.2355959083914
PAN,2004,60.576824415491
PAN,2003,58.1335706161728
PAN,2002,62.8290573143366
PAN,2001,68.7000854646216
PAN,2000,68.9601167325743
PAN,1999,63.7846916423096
PAN,1998,76.9210392173907
PAN,1997,88.9202561675413
PAN,1996,83.4318450312489
PAN,1995,66.8471008580416
PAN,1994,66.0420556339858
PAN,1993,64.0586586268777
PAN,1992,66.3566950191609
PAN,1991,64.3522561564838
PAN,1990,57.4932945723843
PNG,2004,72.1640496028947
PNG,2003,69.4179663237905
PNG,2002,60.9158105615375
PNG,2001,65.3299673922453
PNG,2000,66.1783592514226
PNG,1999,63.1183638793865
PNG,1998,54.0414898252089
PNG,1997,49.1575230238997
PNG,1996,59.4045079252947
PNG,1995,61.0389865530211
PNG,1994,53.5346075258123
PNG,1993,52.643259846726
PNG,1992,47.8498697608335
PNG,1991,42.2648102950965
PNG,1990,40.6247968272544
PRY,2025,37.1780127232973
PRY,2024,37.7135431058066
PRY,2023,42.257662716231
PRY,2022,34.4000035331202
PRY,2021,35.4652163043306
PRY,2020,33.2706269850168
PRY,2019,36.0872909434467
PRY,2018,36.8532235364332
PRY,2017,38.1692845403814
PRY,2016,37.1432329052059
PRY,2015,34.734658699956
PRY,2014,35.4644118987732
PRY,2013,38.7136655822512
PRY,2012,37.995519198228
PRY,2011,40.238859668619
PRY,2010,42.1398416256059
PRY,2009,38.0972540491829
PRY,2008,42.4383687094115
PRY,2007,43.374929155941
PRY,2006,46.2930851780555
PRY,2005,47.5935921119847
PRY,2004,45.6878246718486
PRY,2003,47.1446575963153
PRY,2002,47.4750765387374
PRY,2001,40.6425889608269
PRY,2000,43.3309260294934
PRY,1999,42.7929400088689
PRY,1998,54.6398352009449
PRY,1997,48.4697528692641
PRY,1996,52.74050158026
PRY,1995,61.7750273749308
PRY,1994,60.8203573533219
PRY,1993,59.9203075195212
PRY,1992,49.8340111967107
PRY,1991,50.8420685695162
PRY,1990,52.2235305170331
PER,2025,29.9698270665613
PER,2024,28.8839339520309
PER,2023,27.1701618135233
PER,2022,28.8196452516984
PER,2021,29.225876726221
PER,2020,23.0114431429931
PER,2019,24.0390874349068
PER,2018,25.1921846722472
PER,2017,24.7198719746973
PER,2016,22.6003137409908
PER,2015,21.2873252858958
PER,2014,22.6069703758151
PER,2013,24.8082994208508
PER,2012,27.4496143710972
PER,2011,30.5027597563889
PER,2010,27.8261641521747
PER,2009,26.4420527390278
PER,2008,29.7276302098838
PER,2007,31.5221165305465
PER,2006,30.536636453521
PER,2005,26.8487611117093
PER,2004,22.91223375085
PER,2003,19.0146669472489
PER,2002,17.2748078529874
PER,2001,16.6013795219337
PER,2000,16.7683737208169
PER,1999,15.3968880071118
PER,1998,13.7029018488677
PER,1997,14.4772602562861
PER,1996,13.3165199179977
PER,1995,12.5998852514905
PER,1994,12.771482770164
PER,1993,12.4506751041035
PER,1992,12.51350576868
PER,1991,12.2023866654061
PER,1990,15.697191461944
PHL,2025,26.5503358170748
PHL,2024,25.7369806583516
PHL,2023,26.6368493470585
PHL,2022,28.3874015457939
PHL,2021,25.7520349160187
PHL,2020,25.2028393102032
PHL,2019,28.3829200126393
PHL,2018,30.2136053733275
PHL,2017,29.5522908546692
PHL,2016,26.6730033435157
PHL,2015,27.2080572390451
PHL,2014,27.3545041909285
PHL,2013,26.1774198090007
PHL,2012,27.4670738577233
PHL,2011,29.1054288781405
PHL,2010,32.8748297195678
PHL,2009,30.2195255995892
PHL,2008,33.3568332437392
PHL,2007,38.0141863378076
PHL,2006,41.2454593705084
PHL,2005,41.2300392158954
PHL,2004,41.8268409907999
PHL,2003,42.3050183712712
PHL,2002,40.0056799440289
PHL,2001,41.1555015074547
PHL,2000,43.3442192240219
PHL,1999,38.4111587355426
PHL,1998,37.8068683988215
PHL,1997,35.0861457359116
PHL,1996,28.8867213731659
PHL,1995,25.9460416626648
PHL,1994,24.075665857016
PHL,1993,22.3031303689154
PHL,1992,20.7796645414886
PHL,1991,20.9651411756089
PHL,1990,19.3932131437876
POL,2025,49.9505650987029
POL,2024,52.1798133919011
POL,2023,57.8812710195434
POL,2022,62.3525162455456
POL,2021,57.0379760723016
POL,2020,52.4338855199248
POL,2019,52.6128934811742
POL,2018,52.232575443975
POL,2017,51.6925275786294
POL,2016,49.906428862355
POL,2015,47.1616367257527
POL,2014,46.2206720325579
POL,2013,45.7672881629144
POL,2012,44.0229016385965
POL,2011,42.31819097341
POL,2010,39.8922068463219
POL,2009,37.0040504665451
POL,2008,37.6687727009599
POL,2007,38.4711164171074
POL,2006,37.6580412251077
POL,2005,34.5254622754817
POL,2004,34.0621696099277
POL,2003,33.2386667780391
POL,2002,28.6233983013403
POL,2001,27.0572580080351
POL,2000,27.0732197283645
POL,1999,23.996792689932
POL,1998,25.8603424954365
POL,1997,23.2551841461345
POL,1996,21.9840947671415
POL,1995,22.8537362037756
PRT,2025,43.6580888492067
PRT,2024,45.8196856112127
PRT,2023,47.1554769314882
PRT,2022,49.4816822004506
PRT,2021,41.5484271843512
PRT,2020,37.2560151344529
PRT,2019,43.6531259432991
PRT,2018,43.677580570852
PRT,2017,42.9426786480198
PRT,2016,40.3550889260564
PRT,2015,40.6876664090066
PRT,2014,40.1850905816292
PRT,2013,39.5639503324812
PRT,2012,37.7235057219779
PRT,2011,34.4115130933228
PRT,2010,30.0275851235273
PRT,2009,27.2937427180784
PRT,2008,31.2610790783868
PRT,2007,31.1941845713373
PRT,2006,30.3574044411002
PRT,2005,27.0841675459537
PRT,2004,27.6670515552519
PRT,2003,27.3671918978917
PRT,2002,27.0733622325977
PRT,2001,27.4373261135265
PRT,2000,28.2046205938904
PRT,1999,26.4819747246951
PRT,1998,27.3316272273762
PRT,1997,27.1541447475915
PRT,1996,26.5484648796224
PRT,1995,26.7697318737852
PRT,1994,25.1335659295225
PRT,1993,23.6001482902129
PRT,1992,24.4586706502227
PRT,1991,26.547558876519
PRT,1990,29.1691775307804
PRI,2025,46.8831342261072
PRI,2024,51.8769700552116
PRI,2023,53.6448077849649
PRI,2022,52.4462925923876
PRI,2021,54.4123367654327
PRI,2020,60.3479655466984
PRI,2019,60.5788840862048
PRI,2018,59.9539809089117
PRI,2017,68.7237240865963
PRI,2016,68.7581646726416
PRI,2015,67.1949349700848
PRI,2014,60.8216247030137
PRI,2013,60.8699853587116
PRI,2012,57.4525819969123
PRI,2011,64.0527265606861
PRI,2010,62.6716662617794
PRI,2009,63.0868096479142
PRI,2008,68.297819398479
PRI,2007,67.0330992632605
PRI,2006,68.8832975340974
PRI,2005,67.3819013968444
PRI,2004,68.5739714691732
PRI,2003,73.7367595292633
PRI,2002,65.8614840101363
PRI,2001,67.7674964310691
PRI,2000,62.341293122729
PRI,1999,60.340934631144
PRI,1998,55.9713717311561
PRI,1997,49.6955208225183
PRI,1996,50.604273167885
PRI,1995,55.833036773157
PRI,1994,54.8053784986532
PRI,1993,53.6007138853385
PRI,1992,60.7881565432482
PRI,1991,66.0419968624554
PRI,1990,63.0814635210608
QAT,2022,68.5984131738821
QAT,2021,58.7260170336864
QAT,2020,49.118878259958
QAT,2019,52.1888599262863
QAT,2018,55.9418631716143
QAT,2017,52.889422628417
QAT,2016,47.7138414909054
QAT,2015,57.061477766584
QAT,2014,67.9981181320016
QAT,2013,72.7178350242963
QAT,2012,76.4724190759864
QAT,2011,72.619706501698
QAT,2010,62.3197092953046
QAT,2009,51.1348760906328
QAT,2008,61.3627372003565
QAT,2007,60.2775796051022
QAT,2006,62.8177301668238
QAT,2005,65.0850448205021
QAT,2004,64.1682249463259
QAT,2003,61.6975823867948
QAT,2002,60.3427728278758
QAT,2001,65.8928571428571
QAT,2000,67.2833585991399
QAT,1999,60.0407882778036
QAT,1998,51.0956335387088
QAT,1997,48.2808092597996
QAT,1996,43.7257399320718
QAT,1995,44.3386675443927
QAT,1994,44.875759043326
QAT,1993,46.1074856046065
QAT,1992,51.0311871227364
QAT,1991,47.4377394636015
QAT,1990,53.4599880561362
ROU,2025,35.4843123183415
ROU,2024,35.6030266999465
ROU,2023,39.2445975462886
ROU,2022,43.5131053942163
ROU,2021,40.6943872735548
ROU,2020,36.9711409958175
ROU,2019,40.3352034270657
ROU,2018,41.7841912043995
ROU,2017,42.334274206143
ROU,2016,42.4163351743737
ROU,2015,41.3491935848306
ROU,2014,41.4767119396626
ROU,2013,40.2453636124718
ROU,2012,35.708362986259
ROU,2011,35.2366088533551
ROU,2010,31.6415933092484
ROU,2009,26.022377022811
ROU,2008,26.155499661561
ROU,2007,24.710829049515
ROU,2006,24.7712264990404
ROU,2005,24.5352206061523
ROU,2004,25.743936265036
ROU,2003,24.2127350487918
ROU,2002,24.0130293587441
ROU,2001,22.105963469215
ROU,2000,21.58888431382
ROU,1999,26.6618172055494
ROU,1998,23.0154805621533
ROU,1997,28.1971443249242
ROU,1996,26.4574936115282
ROU,1995,25.6300423094106
ROU,1994,24.9013530353956
ROU,1993,23.0163008215295
ROU,1992,27.7914151131162
ROU,1991,17.6006170878896
ROU,1990,16.726891246066
RUS,2025,18.2030774281844
RUS,2024,21.8563659146375
RUS,2023,22.7699393140297
RUS,2022,27.7096266135186
RUS,2021,30.0024195364041
RUS,2020,25.5221855113549
RUS,2019,28.4334306799759
RUS,2018,30.7932568020743
RUS,2017,26.0908809797568
RUS,2016,25.8544829769167
RUS,2015,28.703389442924
RUS,2014,27.1110970517525
RUS,2013,25.845336826255
RUS,2012,26.9073203393663
RUS,2011,28.0553614798549
RUS,2010,29.2155607849758
RUS,2009,27.9381012041521
RUS,2008,31.3095603335689
RUS,2007,30.164060484537
RUS,2006,33.7304754439762
RUS,2005,35.2030659651181
RUS,2004,34.4178910554597
RUS,2003,35.2499817757806
RUS,2002,35.2125940630626
RUS,2001,36.8934935960337
RUS,2000,44.0604413055146
RUS,1999,43.2199685128244
RUS,1998,31.22120547318
RUS,1997,24.7298415292289
RUS,1996,26.0729881302908
RUS,1995,29.2890113495619
RUS,1994,27.7583790421613
RUS,1993,38.2045944842866
RUS,1992,62.3224618621778
RUS,1991,13.2713621737576
RUS,1990,18.1620614715927
RWA,2025,21.5547314535693
RWA,2024,28.4212300769621
RWA,2023,23.7006060278177
RWA,2022,21.7992420465265
RWA,2021,19.2857935398644
RWA,2020,18.6683229570341
RWA,2019,22.0304453174238
RWA,2018,21.6356120150164
RWA,2017,20.7331362244343
RWA,2016,15.6179503112336
RWA,2015,13.3866171186652
RWA,2014,14.0585915987458
RWA,2013,13.6719130623219
RWA,2012,12.1714052257156
RWA,2011,12.7825549476213
RWA,2010,10.8521050310467
RWA,2009,10.4889388163214
RWA,2008,11.3919468648675
RWA,2007,13.8784428510216
RWA,2006,11.1270158683034
RWA,2005,10.1809499101749
RWA,2004,9.85050318804524
RWA,2003,7.35688386400553
RWA,2002,6.05806431767301
RWA,2001,7.27465439836442
RWA,2000,5.25870559594685
RWA,1999,5.26002863158943
RWA,1998,5.4273748487722
RWA,1997,7.57718922919643
RWA,1996,5.86108026843615
RWA,1995,5.00536441544905
RWA,1994,6.12463866594115
RWA,1993,5.02912803746945
RWA,1992,5.41118970840115
RWA,1991,7.11002736152883
RWA,1990,5.45608623745604
WSM,2025,27.6189873403951
WSM,2024,30.6578702799178
WSM,2023,26.2085799096029
WSM,2022,11.4857742403183
WSM,2021,11.470913137998
WSM,2020,29.1964119871974
WSM,2019,35.033330142378
WSM,2018,31.9656782036393
WSM,2017,29.6622754715207
WSM,2016,28.7780203174489
WSM,2015,27.1409467284846
WSM,2014,27.5922586728551
WSM,2013,28.100653623888
WSM,2012,26.2446900294783
WSM,2011,28.3934220554301
WSM,2010,27.7154274859941
WSM,2009,27.9967668033599
WSM,2008,27.86241523118
WSM,2007,29.2106150610739
WSM,2006,29.6137697677932
WSM,2005,28.535554984814
WSM,2004,29.0656121898961
WSM,2003,31.0961805509509
WSM,2002,34.1788114529593
SMR,2023,185.992797278666
SMR,2022,197.412354460676
SMR,2021,184.314279955291
SMR,2020,164.47869827333
SMR,2019,163.997236624232
SMR,2018,166.597498710146
SMR,2017,168.778679045148
SMR,2016,173.068173251757
SMR,2015,174.452679413476
STP,2025,13.2636548253815
STP,2024,15.5622080265962
STP,2023,14.2438021824642
STP,2022,19.6722950802103
STP,2021,15.1022711580538
STP,2020,10.610048877793
STP,2019,16.7195626461315
STP,2018,21.0337871477503
STP,2017,27.105612590318
STP,2016,31.9245428866483
STP,2015,33.708137548603
STP,2014,29.0266992027627
STP,2013,16.1171051601637
STP,2012,10.8608509089641
STP,2011,11.0491685963007
STP,2010,10.7876562076821
STP,2009,8.64674505945193
STP,2008,9.32411005537803
SAU,2025,29.7448740074211
SAU,2024,29.3880027930942
SAU,2023,30.7559610678442
SAU,2022,35.9850098955522
SAU,2021,29.1556614026837
SAU,2020,23.8098115262185
SAU,2019,32.159204977113
SAU,2018,35.5209831625769
SAU,2017,32.3625378991189
SAU,2016,29.1430897114591
SAU,2015,31.4401316153804
SAU,2014,45.0958458227862
SAU,2013,50.3725164415794
SAU,2012,53.1198476436365
SAU,2011,55.2733461365779
SAU,2010,49.5697145263124
SAU,2009,47.0886206534391
SAU,2008,62.1115020331022
SAU,2007,59.9374401392842
SAU,2006,59.8319082445442
SAU,2005,57.050742989557
SAU,2004,50.9853310838178
SAU,2003,45.8541491871159
SAU,2002,40.94880327191
SAU,2001,39.633694222871
SAU,2000,43.4052690306903
SAU,1999,34.6664709888381
SAU,1998,29.6323817967762
SAU,1997,39.1585979206286
SAU,1996,40.0228209447804
SAU,1995,37.3378413620953
SAU,1994,34.0009481856073
SAU,1993,34.3528159609611
SAU,1992,39.1068068578908
SAU,1991,38.3083994377757
SAU,1990,40.334827762329
SEN,2025,32.4878683497667
SEN,2024,25.4821491435337
SEN,2023,23.1064628813737
SEN,2022,26.6991642240508
SEN,2021,24.6396021156771
SEN,2020,20.7005528555706
SEN,2019,24.9831341973865
SEN,2018,22.9490914783308
SEN,2017,21.9630261455747
SEN,2016,21.5608580962682
SEN,2015,22.6771945016724
SEN,2014,21.7782967413225
SEN,2013,22.3497423099059
SEN,2012,22.4743744215738
SEN,2011,21.303548885652
SEN,2010,19.9812388274952
SEN,2009,19.3938665528849
SEN,2008,20.8463012615706
SEN,2007,20.5543882272223
SEN,2006,19.252084644369
SEN,2005,19.8066375707013
SEN,2004,19.10166287579
SEN,2003,18.2180266837333
SEN,2002,19.6168800518197
SEN,2001,17.7006801043602
SEN,2000,17.7641495981977
SEN,1999,19.0042574130823
SEN,1998,18.5849659047911
SEN,1997,18.3329326136605
SEN,1996,18.0841653941018
SEN,1995,20.6568594195014
SEN,1994,21.2214390843733
SEN,1993,13.554006603149
SEN,1992,14.9890712558826
SEN,1991,15.5157293530238
SEN,1990,17.0561016455994
SRB,2025,54.3130854032047
SRB,2024,53.5837667090226
SRB,2023,55.0746098125196
SRB,2022,60.7381674989747
SRB,2021,52.3404005216526
SRB,2020,46.1050875935238
SRB,2019,48.9609956559925
SRB,2018,48.6702102411693
SRB,2017,48.1324550415002
SRB,2016,46.4536704388373
SRB,2015,43.3851219752155
SRB,2014,40.3231673794274
SRB,2013,38.2272721623621
SRB,2012,34.424574209399
SRB,2011,31.7235768364519
SRB,2010,30.9882261641014
SRB,2009,25.3445735712978
SRB,2008,27.3844107292074
SRB,2007,26.2493566735817
SRB,2006,28.9667655966051
SRB,2005,27.6041047547358
SRB,2004,24.480209605703
SRB,2003,22.0592973034522
SRB,2002,19.1900123590639
SRB,2001,19.7188478657102
SRB,2000,8.24293342149675
SRB,1999,9.97556647057688
SRB,1998,17.3469072945407
SRB,1997,12.7892831092239
SRB,1996,10.5136168217869
SRB,1995,4.85171845815568
SYC,2025,79.6187766714083
SYC,2024,80.5778845619345
SYC,2023,85.5061413882593
SYC,2022,90.9533814461883
SYC,2021,80.2638714731898
SYC,2020,66.5466895183828
SYC,2019,82.3562686214226
SYC,2018,87.0444044109968
SYC,2017,93.9095722862406
SYC,2016,85.3502574058314
SYC,2015,90.0846282601248
SYC,2014,99.180749158294
SYC,2013,94.7030316815297
SYC,2012,103.047226902883
SYC,2011,97.960756878163
SYC,2010,91.3669510520251
SYC,2009,105.386908585995
SYC,2008,98.1354103896525
SYC,2007,86.8437263258592
SYC,2006,83.0810386236547
SYC,2005,77.107535101306
SYC,2004,72.881704642054
SYC,2003,87.528383299959
SYC,2002,76.6793001313966
SYC,2001,82.5137647126717
SYC,2000,74.3224695850101
SYC,1999,22.9336832471045
SYC,1998,19.7999560140923
SYC,1997,19.8102552473618
SYC,1996,27.3117170080515
SYC,1995,10.3150676680143
SYC,1994,10.2375227225331
SYC,1993,10.6279219911328
SYC,1992,10.8911599950713
SYC,1991,12.8444106338554
SYC,1990,15.0939406745115
SLE,2025,20.8910645571601
SLE,2024,17.2656483673859
SLE,2023,20.9636585435779
SLE,2022,16.7804780634169
SLE,2021,15.5476394983086
SLE,2020,9.89046920898169
SLE,2019,9.6941408328194
SLE,2018,11.2388259485764
SLE,2017,13.8506449181287
SLE,2016,14.1122493760391
SLE,2015,10.4849570007466
SLE,2014,20.2143907149836
SLE,2013,18.9386089631519
SLE,2012,20.5918333350969
SLE,2011,9.5936417794357
SLE,2010,9.89230981613018
SLE,2009,8.00861843749307
SLE,2008,7.76348967742327
SLE,2007,9.04770766383076
SLE,2006,9.51102626792313
SLE,2005,17.8261820142691
SLE,2004,16.6816648084656
SLE,2003,14.0852358008596
SLE,2002,8.66771541641686
SLE,2001,7.95364542581068
SLE,2000,18.1348435554968
SLE,1999,13.8278916025781
SLE,1998,14.061562197109
SLE,1997,13.1996946634407
SLE,1996,17.4452345968339
SLE,1995,18.5884363827694
SLE,1994,29.5115463670498
SLE,1993,24.2825480574191
SLE,1992,31.5909432228769
SLE,1991,31.2493759848587
SLE,1990,34.6898949037465
SGP,2025,177.851484150301
SGP,2024,174.655854525978
SGP,2023,180.430012907963
SGP,2022,185.010656108821
SGP,2021,181.159299725796
SGP,2020,181.179978621632
SGP,2019,176.819042272174
SGP,2018,177.713039473519
SGP,2017,170.973515561304
SGP,2016,163.796317942987
SGP,2015,178.384608499682
SGP,2014,191.953535787505
SGP,2013,195.077796338143
SGP,2012,196.719612875759
SGP,2011,203.327708649538
SGP,2010,197.998960793027
SGP,2009,190.844935011128
SGP,2008,228.993770935119
SGP,2007,212.779393731371
SGP,2006,228.037617061062
SGP,2005,225.159667736916
SGP,2004,213.951695442646
SGP,2003,202.586206389804
SGP,2002,184.086118066532
SGP,2001,182.894180709771
SGP,2000,188.350890284751
SGP,1999,176.745012905762
SGP,1998,166.787570508849
SGP,1997,169.296886140865
SGP,1996,175.64311239295
SGP,1995,181.120940871727
SGP,1994,166.193359003655
SGP,1993,161.650519642454
SGP,1992,161.725949774023
SGP,1991,168.546193922295
SGP,1990,177.192544433931
SVK,2025,85.0946294110273
SVK,2024,85.4834989561279
SVK,2023,91.4935561325084
SVK,2022,99.0674933921507
SVK,2021,90.7618617591412
SVK,2020,84.2983434485345
SVK,2019,91.8440865121276
SVK,2018,94.9268326476368
SVK,2017,93.9524168738907
SVK,2016,92.3116870095116
SVK,2015,90.6938496191421
SVK,2014,90.4400089861459
SVK,2013,92.8790222418488
SVK,2012,90.908862673381
SVK,2011,84.6330521239054
SVK,2010,77.0810820862371
SVK,2009,68.0960564898296
SVK,2008,80.2044674152301
SVK,2007,83.3772425819148
SVK,2006,81.2803496633307
SVK,2005,72.6301406940614
SVK,2004,69.3444966416003
SVK,2003,62.7757965063135
SVK,2002,57.0983859090013
SVK,2001,57.2605092112671
SVK,2000,53.305266831721
SVK,1999,46.4024984014894
SVK,1998,45.4890316114522
SVK,1997,53.520673025244
SVK,1996,48.8972317897244
SVK,1995,53.3188330951551
SVK,1994,54.7010987184473
SVK,1993,51.8632020053066
SVK,1992,62.5268316080175
SVK,1991,41.1121815996108
SVK,1990,23.5452287091948
SVN,2025,78.6394707763247
SVN,2024,80.9173894920357
SVN,2023,83.4382737313632
SVN,2022,94.3162594247263
SVN,2021,83.6999417881902
SVN,2020,78.2717999916943
SVN,2019,84.3570583498527
SVN,2018,85.5686370516669
SVN,2017,83.8819801621931
SVN,2016,78.4365866675597
SVN,2015,77.6641701406595
SVN,2014,76.6524478122161
SVN,2013,74.9589463655648
SVN,2012,73.5453480307472
SVN,2011,70.7829460940809
SVN,2010,64.8408281230436
SVN,2009,57.962823638698
SVN,2008,66.6359175894349
SVN,2007,68.1644475188117
SVN,2006,65.2348404381098
SVN,2005,60.2413029718392
SVN,2004,55.4710149538959
SVN,2003,51.4798131882271
SVN,2002,52.9416529201899
SVN,2001,52.2659847153184
SVN,2000,50.4595684798996
SVN,1999,44.3045583895072
SVN,1998,47.684756163836
SVN,1997,47.6449263820488
SVN,1996,46.2093944981182
SVN,1995,45.4053607538828
SVN,1994,49.137724392499
SVN,1993,48.136380973
SVN,1992,51.7338032917879
SVN,1991,68.4411738122975
SVN,1990,74.3604304864706
SLB,2024,40.5685062735727
SLB,2023,36.2593066478577
SLB,2022,28.1319766413802
SLB,2021,26.5555182506775
SLB,2020,27.9385390818234
SLB,2019,36.4970023039809
SLB,2018,42.1263727198079
SLB,2017,38.679143145876
SLB,2016,39.7286917063647
SLB,2015,40.3605536351233
SLB,2014,42.3363300557948
SLB,2013,45.9325325964163
SLB,2012,49.9110050416539
SLB,2011,50.1517733779646
SLB,2010,35.1513813705907
SLB,2009,29.1564024386767
SLB,2008,34.730865083713
SLB,2007,32.1480463646089
SLB,2006,27.0632453555888
SLB,2005,27.2985778188239
SLB,2004,24.8806925287446
SLB,2003,21.9997088340911
SLB,2002,21.5157701826586
SLB,2001,17.5350933200085
SLB,2000,27.0997585640854
SLB,1999,36.4655612843992
SLB,1998,40.5256278306958
SLB,1997,45.3205231408788
SLB,1996,45.1416690555506
SLB,1995,45.0316178246651
SLB,1994,49.627387318679
SLB,1993,58.9340284141291
SLB,1992,53.5696015107135
SLB,1991,52.7751043967652
SLB,1990,46.3764709666517
SOM,2025,29.2484917491797
SOM,2024,31.2108297819002
SOM,2023,21.9383099105676
SOM,2022,17.6810741938645
SOM,2021,16.1552251397237
SOM,2020,13.6532220676866
SOM,2019,13.0660813308688
SOM,2018,14.2131334942208
SOM,2017,13.0465010418362
SOM,2016,16.1359579394828
SOM,2015,16.8715688310983
SOM,2014,19.1628937165159
SOM,2013,18.6178689226979
SOM,2012,19.5524000374862
SOM,1990,8.70264322585809
ZAF,2025,31.4101947337253
ZAF,2024,31.7919070646303
ZAF,2023,33.2538127556816
ZAF,2022,33.5394403164272
ZAF,2021,31.1916105051608
ZAF,2020,27.5759141603963
ZAF,2019,27.2021294051151
ZAF,2018,27.4970371508423
ZAF,2017,27.3400757812216
ZAF,2016,28.1560881698955
ZAF,2015,27.7136384124829
ZAF,2014,29.0006193033471
ZAF,2013,28.379280320361
ZAF,2012,27.1391491937679
ZAF,2011,27.6981484703752
ZAF,2010,25.7834176267221
ZAF,2009,24.9827464883237
ZAF,2008,32.2546736710677
ZAF,2007,27.958964394702
ZAF,2006,26.098249881712
ZAF,2005,23.5997644915436
ZAF,2004,22.7575187856654
ZAF,2003,23.9152733614034
ZAF,2002,28.4311672176802
ZAF,2001,26.3566606345688
ZAF,2000,24.4043033106919
ZAF,1999,22.2692159746602
ZAF,1998,22.5192718175416
ZAF,1997,21.6605918552042
ZAF,1996,21.7747432189724
ZAF,1995,20.0378606077754
ZAF,1994,19.549337805111
ZAF,1993,19.914366630953
ZAF,1992,18.9551466044412
ZAF,1991,19.3408153425832
ZAF,1990,21.5385417337418
SSD,2015,36.6513492804707
SSD,2014,38.3916172930278
SSD,2013,9.74075785850552
SSD,2012,42.8320523585268
SSD,2011,66.0761203752424
SSD,2010,61.4344828173072
SSD,2009,60.3143141293906
SSD,2008,66.0270601078604
ESP,2025,36.6374813887545
ESP,2024,37.0558792721708
ESP,2023,37.8166476493913
ESP,2022,39.6716824276836
ESP,2021,33.7570843255301
ESP,2020,30.4810248544563
ESP,2019,34.6755629292261
ESP,2018,34.874813986254
ESP,2017,34.9003952055684
ESP,2016,33.5770329849408
ESP,2015,33.2986849561039
ESP,2014,33.2193399291014
ESP,2013,32.7554570166099
ESP,2012,31.2997362842724
ESP,2011,29.3884101095734
ESP,2010,25.8278133398939
ESP,2009,22.9853959496361
ESP,2008,25.5478087649402
ESP,2007,25.9230971257706
ESP,2006,25.183486968843
ESP,2005,24.940578932511
ESP,2004,25.3882582473993
ESP,2003,25.6155917093049
ESP,2002,26.5642672698948
ESP,2001,27.8768485415674
ESP,2000,28.5889225704133
ESP,1999,26.389770883103
ESP,1998,26.1498778707572
ESP,1997,25.7160804746315
ESP,1996,23.0731000969432
ESP,1995,21.866166658338
ESP,1994,20.3474893800026
ESP,1993,17.7405839827945
ESP,1992,16.2165223074424
ESP,1991,15.7889291507891
ESP,1990,15.7529433364548
LKA,2025,18.9673796128721
LKA,2024,19.7559774138192
LKA,2023,20.5995283672112
LKA,2022,21.5595624612904
LKA,2021,16.9214215897796
LKA,2020,15.4576399170356
LKA,2019,21.8235309246323
LKA,2018,21.4462486145463
LKA,2017,20.2242000359935
LKA,2016,19.824036042668
LKA,2015,19.893383820467
LKA,2009,21.328366243783
LKA,2008,24.8414870988205
LKA,2007,29.1149996870361
LKA,2006,30.1285270937972
LKA,2005,32.3368729874893
LKA,2004,35.3309027324412
LKA,2003,34.6535028324228
LKA,2002,34.9133301978336
LKA,2001,37.3311884768914
LKA,2000,39.015700886425
LKA,1999,35.4837047170656
LKA,1998,36.2438186772706
LKA,1997,36.5381180807663
LKA,1996,34.9733377770372
LKA,1995,35.597629130901
LKA,1994,33.8128837957878
LKA,1993,33.8010068759821
LKA,1992,31.7703740803183
LKA,1991,28.7410868952181
LKA,1990,30.1808045148298
SDN,2025,1.1030420269355
SDN,2024,0.720930190156301
SDN,2023,1.10810859308483
SDN,2022,1.57116183055586
SDN,2021,2.2498704277993
SDN,2020,5.12531269468598
SDN,2019,8.45298341762853
SDN,2018,7.65020198466392
SDN,2017,6.11214425821293
SDN,2016,5.00449100738247
SDN,2015,6.42291092918573
SDN,2014,7.60891112283276
SDN,2013,9.50689116839014
SDN,2012,6.85645263673087
SDN,2011,12.4787060282521
SDN,2010,17.4756063457453
SDN,2009,14.5541979940253
SDN,2008,20.2654316259622
SDN,2007,16.9005341241689
SDN,2006,15.0949253001601
SDN,2005,14.458821843369
SDN,2004,14.300391937677
SDN,2003,12.2525341182648
SDN,2002,11.4095829536873
SDN,2001,9.5605178619468
SDN,2000,15.9845570577283
SDN,1999,7.77940723822228
SDN,1998,6.70210650697895
SDN,1997,5.34364674504041
SDN,1996,6.16027363926995
SDN,1995,4.96944197111298
SDN,1994,4.69043746945676
SDN,1993,4.23007509178415
SDN,1992,5.24569682090922
SDN,1991,3.33616500509375
SDN,1990,4.02284234619564
SUR,2010,52.5473192695739
SUR,2009,44.1248354953939
SUR,2008,56.9086409568983
SUR,2007,54.1247984121077
SUR,2006,52.7477102414654
SWE,2025,53.2286033614108
SWE,2024,54.4971396815443
SWE,2023,55.1958779701806
SWE,2022,54.3120633586152
SWE,2021,47.4842370278491
SWE,2020,44.2873771533388
SWE,2019,48.2886583812982
SWE,2018,45.9408514773526
SWE,2017,43.9177471861903
SWE,2016,42.9375471367813
SWE,2015,43.7114624281719
SWE,2014,43.4587323957165
SWE,2013,42.736274814874
SWE,2012,44.8335680407679
SWE,2011,45.4141189699788
SWE,2010,44.8770299089346
SWE,2009,43.4591254566978
SWE,2008,49.0140992896845
SWE,2007,47.7240209109834
SWE,2006,47.5983472649069
SWE,2005,45.3316169745966
SWE,2004,42.7189306670309
SWE,2003,40.3360837488571
SWE,2002,41.1616688311214
SWE,2001,42.8995075024433
SWE,2000,43.245425579392
SWE,1999,40.1768255234438
SWE,1998,40.1302607304204
SWE,1997,39.2316334636844
SWE,1996,36.1265676923344
SWE,1995,37.3398580855886
SWE,1994,33.8120706636247
SWE,1993,30.6029612748006
SWE,1992,26.1221000092743
SWE,1991,26.260096114182
SWE,1990,28.0991330492269
CHE,2025,78.0527434720482
CHE,2024,71.202289539209
CHE,2023,70.3187381654557
CHE,2022,74.9648944789973
CHE,2021,69.9421328454497
CHE,2020,63.5682266863333
CHE,2019,66.1484505764437
CHE,2018,66.7444127590223
CHE,2017,65.6423588005133
CHE,2016,66.2372910110226
CHE,2015,63.254588058839
CHE,2014,64.7317061911352
CHE,2013,71.5387969810933
CHE,2012,67.4290703358076
CHE,2011,66.2018319881441
CHE,2010,64.3662982851714
CHE,2009,57.6099783739418
CHE,2008,62.7755226114318
CHE,2007,61.0846070566273
CHE,2006,56.1815905395898
CHE,2005,53.3710182552627
CHE,2004,50.8466167037044
CHE,2003,47.1639744765375
CHE,2002,47.8008974246151
CHE,2001,49.4335424078329
CHE,2000,50.8536330810172
CHE,1999,46.1684854176937
CHE,1998,45.3746246784868
CHE,1997,45.8616805097285
CHE,1996,40.31388424433
CHE,1995,39.1992056580806
CHE,1994,39.2431748501674
CHE,1993,39.9773272214609
CHE,1992,39.8971086128056
CHE,1991,39.0002956142302
CHE,1990,40.5102531770047
SYR,2022,6.7771895571266
SYR,2021,14.9508204374067
SYR,2020,13.1892633653515
SYR,2019,13.0100655511925
SYR,2018,14.9170302242434
SYR,2017,19.3396763257828
SYR,2016,21.6801002606147
SYR,2015,14.2911061178655
SYR,2014,7.01577957143612
SYR,2013,7.77801797227006
SYR,2012,7.71461782136059
SYR,2011,19.3693262797983
SYR,2010,32.1667841253209
SYR,2009,29.0594177991279
SYR,2008,37.5620696796799
SYR,2007,38.5943730477159
SYR,2006,39.0114086305371
SYR,2005,41.0424192872822
SYR,2004,40.4490850461999
SYR,2003,32.2077747976797
SYR,2002,39.5285551068958
SYR,2001,37.1775993576046
SYR,2000,36.116189966638
SYR,1999,32.3167605104189
SYR,1998,30.5291709469615
SYR,1997,32.420741742213
SYR,1996,31.8259784586391
SYR,1995,31.0397127720128
SYR,1994,33.0619777475247
SYR,1993,27.8652825947723
SYR,1992,26.2564916718241
SYR,1991,24.4052586306505
SYR,1990,28.3391968039116
TJK,2024,11.2126477768242
TJK,2023,17.1918374601415
TJK,2022,16.3531240454317
TJK,2021,24.1819298886089
TJK,2020,17.3243145704475
TJK,2019,14.9799392742745
TJK,2018,14.3754784742862
TJK,2017,14.9285396132184
TJK,2016,13.2003292553609
TJK,2015,9.80269842951246
TJK,2014,9.17009118973376
TJK,2013,11.088143661398
TJK,2012,17.2772798792139
TJK,2011,16.4476856516722
TJK,2010,14.9390256242133
TJK,2009,24.4709988607994
TJK,2008,34.0147964082001
TJK,2007,45.8592358876636
TJK,2006,58.1562258976776
TJK,2005,54.2419448838565
TJK,2004,58.7453180484166
TJK,2003,63.9307766623262
TJK,2002,62.8092317719906
TJK,2001,68.1410406427958
TJK,2000,86.7521128337158
TJK,1999,66.0966542750929
TJK,1998,48.8637471959427
TJK,1997,87.4179853338479
TJK,1996,76.605804150454
TJK,1995,65.5830945558739
TJK,1994,38.0613861386139
TJK,1993,28.554860973609
TZA,2025,18.9846818575722
TZA,2024,19.7325494051531
TZA,2023,17.1954298762755
TZA,2022,15.4137105201683
TZA,2021,14.1200223265815
TZA,2020,13.5038738462361
TZA,2019,16.0367461484986
TZA,2018,14.7391433931711
TZA,2017,15.6634915658043
TZA,2016,16.349975063904
TZA,2015,17.1049115530965
TZA,2014,18.0692092760813
TZA,2013,19.0127876013666
TZA,2012,22.372111684507
TZA,2011,21.6342823266739
TZA,2010,19.6075287366869
TZA,2009,18.1942658314265
TZA,2008,19.4646113550857
TZA,2007,19.8306255869655
TZA,2006,18.4149914479089
TZA,2005,16.9833670564514
TZA,2004,16.0455833088341
TZA,2003,15.0931227613293
TZA,2002,14.2816416273557
TZA,2001,13.837039970742
TZA,2000,10.8128051973219
TZA,1999,10.1668469916001
TZA,1998,10.1054639176195
TZA,1997,11.1682496079147
TZA,1996,13.7292988906544
TZA,1995,16.5785388739363
TZA,1994,14.1953734821442
TZA,1993,12.3836795987773
TZA,1992,8.56780347564227
TZA,1991,7.06674724228411
TZA,1990,8.69128210429253
THA,2025,71.1480976123329
THA,2024,69.6726291658353
THA,2023,65.5135882745017
THA,2022,65.3338320015535
THA,2021,58.4211124446229
THA,2020,51.3388189664423
THA,2019,59.5188906218859
THA,2018,64.838096899332
THA,2017,66.6728324663767
THA,2016,67.0708839693011
THA,2015,67.6366902705865
THA,2014,68.3941351612178
THA,2013,67.1711410731483
THA,2012,68.9512356297981
THA,2011,70.8549093801611
THA,2010,66.4861731592239
THA,2009,64.4386124917652
THA,2008,71.4164181071068
THA,2007,68.8722751702483
THA,2006,68.6753420333013
THA,2005,68.402716900887
THA,2004,65.9718573391185
THA,2003,61.522551633189
THA,2002,60.6457526009701
THA,2001,63.250689756653
THA,2000,64.840250738685
THA,1999,56.4385428614735
THA,1998,57.9373028444006
THA,1997,48.2370587073887
THA,1996,39.018420197111
THA,1995,41.532345065243
THA,1994,38.2421139088502
THA,1993,36.8172895601126
THA,1992,36.9724756680199
THA,1991,35.9643095170182
THA,1990,34.1319282448808
TLS,2024,10.5575525825886
TLS,2023,22.9230944694195
TLS,2022,55.6119352867897
TLS,2021,63.512788038414
TLS,2020,36.6662147455271
TLS,2019,21.2143177359833
TLS,2018,2.93153176057974
TLS,2017,2.40901131594702
TLS,2016,3.15642288166413
TLS,2015,3.05030729133392
TLS,2014,4.57179901393762
TLS,2013,5.58459338120037
TLS,2012,7.12282485534938
TLS,2011,6.40579219145341
TLS,2010,8.56463357399678
TLS,2009,9.16632757300556
TLS,2008,9.3464139161628
TLS,2007,9.99695281131712
TLS,2006,9.22930837977895
TLS,2005,7.13646629228067
TLS,2004,7.47443122521394
TLS,2003,6.86607164885508
TLS,2002,7.80444578879148
TLS,2001,8.97204684186524
TLS,2000,10.6180757175254
TGO,2023,24.5820517950579
TGO,2022,25.0092104865492
TGO,2021,23.134296059825
TGO,2020,23.0702588042531
TGO,2019,23.9067157858872
TGO,2018,24.3300490503804
TGO,2017,25.3020773539116
TGO,2016,26.7314987347852
TGO,2015,26.7106298715077
TGO,2014,29.138898093163
TGO,2013,34.1111182093587
TGO,2012,32.9891841943212
TGO,2011,31.4946443044053
TGO,2010,27.725448533842
TGO,2009,25.861394271016
TGO,2008,25.3265405456755
TGO,2007,24.6220782432091
TGO,2006,25.0476964469213
TGO,2005,25.1826385889901
TGO,2004,23.5743613846765
TGO,2003,23.2296007315538
TGO,2002,21.4381414951577
TGO,2001,20.5095258930009
TGO,2000,20.1566604038007
TGO,1999,21.3398045064219
TGO,1998,23.0714679668889
TGO,1997,22.4803455277269
TGO,1996,24.9487642090534
TGO,1995,22.757328411858
TGO,1994,25.8206173525239
TGO,1993,17.4744220687562
TGO,1992,20.9734692071733
TGO,1991,25.2755212204384
TGO,1990,26.2431662207092
TON,2024,16.8991227673575
TON,2023,14.7440210892371
TON,2022,10.7634055427571
TON,2021,11.0814138080371
TON,2020,19.7051222870647
TON,2019,22.2333008455097
TON,2018,21.2114178638051
TON,2017,22.1761359825348
TON,2016,24.5055613432264
TON,2015,16.9581444477641
TON,2014,16.9270405834471
TON,2013,20.3036338500243
TON,2012,17.0563243514826
TON,2011,16.2529188382085
TON,2010,12.5005634416983
TON,2009,13.6211689503155
TON,2008,15.9897857656292
TON,2007,12.2199248588783
TON,2006,14.5601745075368
TON,2005,17.8418396894625
TON,2004,19.5645378976463
TON,2003,19.3878295586907
TON,2002,18.256309233981
TON,2001,13.3668244461427
TON,2000,15.214150204456
TON,1999,15.7526078586222
TON,1998,19.5879748835682
TON,1997,20.8601992992976
TON,1996,20.1195735322766
TON,1995,16.9589949332279
TON,1994,17.1849136203547
TON,1993,19.8940887984557
TON,1992,23.6419666164795
TON,1991,22.9032973187408
TON,1990,33.8701785859904
TUN,2025,46.6517326028796
TUN,2024,50.0016900287054
TUN,2023,53.0393939110608
TUN,2022,51.325939710781
TUN,2021,41.7802023040094
TUN,2020,37.9918009809033
TUN,2019,45.9503306922947
TUN,2018,45.4857481712255
TUN,2017,41.7207863819275
TUN,2016,38.2952955757822
TUN,2015,38.3998387567342
TUN,2014,42.947465118132
TUN,2013,44.889705324588
TUN,2012,45.9128477724564
TUN,2011,46.0546537716688
TUN,2010,47.9597286942428
TUN,2009,45.039811033928
TUN,2008,55.6528299429018
TUN,2007,51.0782219815701
TUN,2006,46.0285163540679
TUN,2005,44.9322920398366
TUN,2004,42.198076650746
TUN,2003,39.4835638279828
TUN,2002,40.7848345956986
TUN,2001,42.8168233248494
TUN,2000,39.7300345865581
TUN,1999,37.9790415861375
TUN,1998,38.5197865270366
TUN,1997,39.1140807378157
TUN,1996,42.1093762292631
TUN,1995,44.9043502738714
TUN,1994,44.9322743426627
TUN,1993,40.4453392893678
TUN,1992,39.5350873352887
TUN,1991,40.3656225059856
TUN,1990,43.5570513235389
TUR,2025,24.8497719904256
TUR,2024,27.5682232095509
TUR,2023,31.9135926809724
TUR,2022,38.1412107474416
TUR,2021,35.0536332850518
TUR,2020,28.7400043468285
TUR,2019,33.0298811646869
TUR,2018,31.7278536539697
TUR,2017,26.5394989930636
TUR,2016,23.6322024334399
TUR,2015,25.280784580735
TUR,2014,25.8173246854016
TUR,2013,24.403259811358
TUR,2012,24.9658181147838
TUR,2011,23.4903574412774
TUR,2010,21.5899457839207
TUR,2009,23.7578595278795
TUR,2008,23.9213779600098
TUR,2007,22.1875803331528
TUR,2006,22.6756853295786
TUR,2005,22.118798245903
TUR,2004,23.8544386839448
TUR,2003,23.1946607252779
TUR,2002,25.2651261294128
TUR,2001,27.2970601933763
TUR,2000,19.9334162657424
TUR,1999,18.8307575753475
TUR,1998,20.6544822015948
TUR,1997,21.4390354082889
TUR,1996,19.5581113911938
TUR,1995,18.3238507569896
TUR,1994,21.3621312072128
TUR,1993,13.673802849848
TUR,1992,14.3922357339889
TUR,1991,13.8411301141106
TUR,1990,13.3651028519296
TKM,2025,14.4706421310531
TKM,2024,17.5725615007301
TKM,2023,21.6753202584741
TKM,2022,25.1758780467474
TKM,2021,20.7809265461685
TKM,2020,16.9174857943831
TKM,2019,24.6892177117083
TKM,2018,28.5804543766076
TKM,2017,20.5342779225867
TKM,2016,21.8624382074838
TKM,2015,33.9780175420394
TKM,2014,55.8162630195737
TKM,2013,59.0707460188161
TKM,2012,69.801042627073
TKM,2011,70.3698712116666
TKM,2010,52.6355697461235
TKM,2009,47.0830223394838
TKM,2008,57.3741661613099
TKM,2007,36.7777777777778
TKM,2006,35.1161849970785
TKM,2005,30.6869716141313
TKM,2004,29.6938499051748
TKM,2003,32.6066829391465
TKM,2002,35.4111405835544
TKM,2001,41.4921647483012
TKM,2000,55.2364541451273
TKM,1999,35.6768885564697
TKM,1998,29.7249017506252
TKM,1997,39.018901890189
TKM,1996,74.5806451612903
TKM,1995,83.9729294478528
TKM,1994,84.9552752293578
TKM,1993,84.6956087824351
TKM,1992,67.125
TKM,1991,38.9830508474576
UGA,2025,21.4395980877865
UGA,2024,16.7575931152554
UGA,2023,11.6017089255499
UGA,2022,12.0219954333331
UGA,2021,15.7810081695276
UGA,2020,15.4147985397289
UGA,2019,17.1090580167383
UGA,2018,15.0870530611511
UGA,2017,16.6611294211705
UGA,2016,12.4271644156806
UGA,2015,12.8773253147369
UGA,2014,14.9482109075764
UGA,2013,16.5130356713113
UGA,2012,15.4917287700064
UGA,2011,12.8557239406741
UGA,2010,13.8244828747602
UGA,2009,18.6135663082242
UGA,2008,24.2801423442251
UGA,2007,16.7250685273524
UGA,2006,15.2754133833713
UGA,2005,14.1796999798574
UGA,2004,12.6968807487592
UGA,2003,11.3867248339712
UGA,2002,11.2132791661446
UGA,2001,11.5180826373161
UGA,2000,10.651409293254
UGA,1999,12.2515738969733
UGA,1998,9.63904758759618
UGA,1997,13.359513678728
UGA,1996,11.9611132735901
UGA,1995,11.7919923330531
UGA,1994,8.74053183100128
UGA,1993,7.06252297728641
UGA,1992,8.76108880471829
UGA,1991,7.46443030843186
UGA,1990,7.2407208592859
UKR,2025,25.3335332319508
UKR,2024,29.6719973021423
UKR,2023,28.300468273727
UKR,2022,35.4451153382041
UKR,2021,40.6883404768688
UKR,2020,38.8216462901934
UKR,2019,41.2316912560049
UKR,2018,45.2352356625927
UKR,2017,48.1249163515559
UKR,2016,49.2986194577187
UKR,2015,52.5976795082231
UKR,2014,48.5929618158503
UKR,2013,42.8973826672717
UKR,2012,47.38283156146
UKR,2011,49.4061569340739
UKR,2010,46.4565383259637
UKR,2009,42.9288246983766
UKR,2008,43.2598688559666
UKR,2007,41.2899111443658
UKR,2006,43.2186231235111
UKR,2005,47.7297326846335
UKR,2004,58.6968317186137
UKR,2003,52.5431306448415
UKR,2002,50.1187333965439
UKR,2001,50.6489878063218
UKR,2000,60.2970566860465
UKR,1999,53.7037907269131
UKR,1998,41.8878472215453
UKR,1997,40.5912261554116
UKR,1996,45.6519320649174
UKR,1995,47.0732494907039
UKR,1994,35.3888495217936
UKR,1993,25.8779413649147
UKR,1992,23.9797337572025
UKR,1991,26.1538461538462
UKR,1990,27.6646706586826
ARE,2023,106.846123390953
ARE,2022,102.051988781325
ARE,2021,100.642599583908
ARE,2020,98.0724956970145
ARE,2019,93.3023068879995
ARE,2018,90.8429799324319
ARE,2017,94.737385589121
ARE,2016,94.4747232332881
ARE,2015,93.8625203312699
ARE,2014,94.7738651442525
ARE,2013,95.755207057533
ARE,2012,95.6008433485867
ARE,2011,85.6286738245297
ARE,2010,77.4455521760851
ARE,2009,79.6533178623883
ARE,2008,78.8678887008838
ARE,2007,72.3840931942051
ARE,2006,68.6278004220408
ARE,2005,67.5853113937653
ARE,2004,63.5677815721966
ARE,2003,55.9231460950632
ARE,2002,49.5033971592168
ARE,2001,49.1592295028153
GBR,2025,30.5969582161816
GBR,2024,31.0561435739375
GBR,2023,31.9122697629938
GBR,2022,34.0619283837069
GBR,2021,29.2894071087705
GBR,2020,29.9486520576829
GBR,2019,31.9028602803155
GBR,2018,31.854534000688
GBR,2017,30.9738310965649
GBR,2016,29.0615561502528
GBR,2015,27.8790736176463
GBR,2014,28.5320090066163
GBR,2013,30.2076160154538
GBR,2012,30.4995388300455
GBR,2011,31.2649218986254
GBR,2010,28.7463664387355
GBR,2009,26.7073659504747
GBR,2008,27.3794373670982
GBR,2007,25.4079803883281
GBR,2006,27.412859926391
GBR,2005,25.2070017509366
GBR,2004,23.9845291728171
GBR,2003,23.9686749011091
GBR,2002,24.4315052325124
GBR,2001,25.4493099773846
GBR,2000,25.5563430576261
GBR,1999,24.2105152537386
GBR,1998,24.3214027865864
GBR,1997,25.6189888987303
GBR,1996,26.2671449164796
GBR,1995,25.6967602854533
GBR,1994,26.0778732038283
GBR,1993,24.831931347088
GBR,1992,22.923527381466
GBR,1991,22.5955537790563
GBR,1990,23.3296356994703
USA,2024,10.97469647515
USA,2023,11.0506737190927
USA,2022,11.6540970440015
USA,2021,10.8266687797107
USA,2020,10.1230809550527
USA,2019,11.7891974097286
USA,2018,12.2871107596266
USA,2017,12.177481026766
USA,2016,11.8881592273253
USA,2015,12.4111486301271
USA,2014,13.5082142132235
USA,2013,13.5534918818154
USA,2012,13.6440512687054
USA,2011,13.5634637825829
USA,2010,12.3413554322086
USA,2009,10.9322190593537
USA,2008,12.4258439246081
USA,2007,11.4637892950146
USA,2006,10.641389509223
USA,2005,9.98205641037558
USA,2004,9.62874787307988
USA,2003,9.03565240541354
USA,2002,9.13138565379718
USA,2001,9.70344820873397
USA,2000,10.6927727297913
USA,1999,10.3093372229257
USA,1998,10.5152625281963
USA,1997,11.1197577117574
USA,1996,10.7466355642836
USA,1995,10.639223880261
USA,1994,9.89314741556332
USA,1993,9.54718039168286
USA,1992,9.70891490564814
USA,1991,9.66090512231881
USA,1990,9.25473206751338
URY,2025,27.0714370867375
URY,2024,28.2349014551456
URY,2023,27.9812486565884
URY,2022,32.8913380602583
URY,2021,32.9446025347538
URY,2020,26.1882518426767
URY,2019,27.9053781710424
URY,2018,26.4215937509495
URY,2017,25.9311643679828
URY,2016,26.9316806727536
URY,2015,22.4778512515741
URY,2014,23.5426616139817
URY,2013,23.3531364247538
URY,2012,25.9196294244279
URY,2011,26.4221494211811
URY,2010,26.3429945409681
URY,2009,27.0992157546178
URY,2008,30.2030239718046
URY,2007,29.0904872479399
URY,2006,30.2975044020751
URY,2005,30.4040198202399
URY,2004,32.1122956028892
URY,2003,27.4324201365808
URY,2002,20.6216724821799
URY,2001,16.8046592733471
URY,2000,16.6980989454195
URY,1999,15.0976530821748
URY,1998,16.4199105812284
URY,1997,17.457847722398
URY,1996,19.6699797975865
URY,1995,18.9968128121984
URY,1994,19.7668103889187
URY,1993,19.1260158469537
URY,1992,20.4475748164263
URY,1991,20.6936682982543
URY,1990,23.5321233746953
UZB,2025,22.0359976818514
UZB,2024,21.5670052817339
UZB,2023,23.3152321915222
UZB,2022,22.2329593873839
UZB,2021,20.3020010917247
UZB,2020,20.7641734938368
UZB,2019,24.3107685844352
UZB,2018,23.1429879161057
UZB,2017,17.8214088937599
UZB,2016,10.8545454664346
UZB,2015,12.1686103143078
UZB,2014,14.2075529776278
UZB,2013,16.5044788500077
UZB,2012,17.2861568343701
UZB,2011,21.14783078074
UZB,2010,21.7681099099648
UZB,2009,34.6626309351177
UZB,2008,41.1685228048386
UZB,2007,39.6709294075913
UZB,2006,36.5136876387581
UZB,2005,37.8090294786289
UZB,2004,41.7898866324117
UZB,2003,38.2375863470134
UZB,2002,30.9204450887224
UZB,2001,29.6751060849085
UZB,2000,24.662704263423
UZB,1999,18.1790891922618
UZB,1998,22.5642195291768
UZB,1997,27.1091182703234
VUT,2024,25.3486432492193
VUT,2023,28.3701473975778
VUT,2022,15.3546270094527
VUT,2021,7.94507275187518
VUT,2020,13.7015708590316
VUT,2019,30.9251687275235
VUT,2018,37.9035584221842
VUT,2017,37.6591772475224
VUT,2016,38.0972670278167
VUT,2015,34.7621346205417
VUT,2014,43.153590176228
VUT,2013,45.3940678485231
VUT,2012,51.3106613932273
VUT,2011,45.6062695014876
VUT,2010,48.7183826697028
VUT,2009,50.5556697282514
VUT,2008,46.4777909560162
VUT,2007,41.5875836515558
VUT,2006,41.2725514801177
VUT,2005,45.3833317882637
VUT,2004,45.5995882655687
VUT,2003,43.2765126870527
VUT,2002,42.3111646102919
VUT,2001,37.9562433297759
VUT,2000,39.1789749205417
VUT,1999,37.3775041193305
VUT,1998,42.2907884115167
VUT,1997,48.911599063469
VUT,1996,43.1130136986301
VUT,1995,41.8845919937037
VUT,1994,42.5158064990443
VUT,1993,43.1531014112242
VUT,1992,42.7854401282214
VUT,1991,40.0133422281521
VUT,1990,44.1600485608781
VEN,2025,14.9031673538596
VEN,2024,16.7350337150912
VEN,2023,18.0663666874328
VEN,2022,16.3490943080464
VEN,2021,15.3500529409223
VEN,2020,13.0054444362771
VEN,2019,47.195725949267
VEN,2018,42.5471249801996
VEN,2017,33.3333333333333
VEN,2016,31.1977715877437
VEN,2015,40.7547169811321
VEN,2014,43.4511434511435
VEN,2013,30.2459016393443
VEN,2012,29.5953757225434
VEN,2011,0.0
VEN,2010,0.0
VEN,2009,0.0
VEN,2008,0.0
VEN,2007,0.0
VEN,2006,0.0
VEN,2005,0.0
VEN,2004,0.0
VEN,2003,0.0
VEN,2002,0.0
VEN,2001,0.0
VEN,2000,0.0
VEN,1999,0.0
VEN,1998,0.0
VEN,1997,0.0
VEN,1996,0.0
VEN,1995,0.0
VEN,1994,0.0
VEN,1993,0.0
VEN,1992,0.0
VEN,1991,0.0
VEN,1990,38.1753164731902
VNM,2025,98.2444078637672
VNM,2024,90.1662693374998
VNM,2023,86.7366640875238
VNM,2022,93.420129043511
VNM,2021,93.8502071275575
VNM,2020,84.381598008957
VNM,2019,85.1575874073411
VNM,2018,84.4234560833365
VNM,2017,81.7625218355655
VNM,2016,74.1072862556183
VNM,2015,72.9228518369495
VNM,2014,69.5985759502054
VNM,2013,66.8004459919109
VNM,2012,63.4739249038633
VNM,2011,61.1801557211956
VNM,2010,54.1758459668515
VNM,2009,62.6088840664865
VNM,2008,70.3366919402715
VNM,2007,70.517874602272
VNM,2006,67.7168143260187
VNM,2005,63.6994926701393
VNM,2004,59.7310414143857
VNM,2003,56.6732579147533
VNM,2002,54.7391336880928
VNM,2001,55.0619332820827
VNM,2000,53.9214970089166
VNM,1999,49.9662459731661
VNM,1998,44.8483033762953
VNM,1997,43.1027067530124
VNM,1996,40.8684874244585
VNM,1995,32.8128553339566
VNM,1994,34.0131286444039
VNM,1993,28.7227826669423
VNM,1992,34.7455958184055
VNM,1991,30.9150393380004
VNM,1990,36.0386136391372
VIR,2022,97.3672945205479
VIR,2021,90.281783891724
VIR,2020,38.3069283518562
VIR,2019,54.9623877699587
VIR,2018,53.1226102472598
VIR,2017,63.3368476541908
VIR,2016,47.0247498683518
VIR,2015,41.6325416325416
VIR,2014,78.3730715287518
VIR,2013,67.5494917067951
VIR,2012,80.166299828809
VIR,2011,340.303102060147
VIR,2010,299.375578168363
VIR,2009,255.1059271602
VIR,2008,433.836003770028
VIR,2007,295.589464882943
VIR,2006,283.898305084746
VIR,2005,262.691960252936
VIR,2004,226.599947326837
VIR,2003,189.369735695614
VIR,2002,147.424892703863
PSE,2025,21.2278136668395
PSE,2024,21.8525432511909
PSE,2023,16.9958841111666
PSE,2022,18.4362526414651
PSE,2021,17.3411011099453
PSE,2020,15.3576234410914
PSE,2019,15.5210552426533
PSE,2018,15.961564454493
PSE,2017,15.7242063492063
PSE,2016,14.3267945006296
PSE,2015,16.0623801208096
PSE,2014,15.8230698299463
PSE,2013,15.6198438829492
PSE,2012,15.3263326889683
PSE,2011,16.0860353474401
PSE,2010,14.1228115477973
PSE,2009,14.0161025019479
PSE,2008,15.9362004815058
PSE,2007,18.334852210396
PSE,2006,13.7669913804386
PSE,2005,14.1112433423727
PSE,2004,12.9651756425018
PSE,2003,12.9813508064516
PSE,2002,13.437201192418
PSE,2001,15.3832704748108
PSE,2000,20.5165059347181
PSE,1999,17.5969282637198
PSE,1998,18.0539849550125
PSE,1997,17.2961327730198
PSE,1996,16.0136086344439
PSE,1995,17.1225782868283
PSE,1994,14.5429606443217
YEM,2018,8.75610238271449
YEM,2017,9.68824758544873
YEM,2016,4.80920276121921
YEM,2015,9.05157754562319
YEM,2014,21.4840870786547
YEM,2013,22.3595984891919
YEM,2012,24.8637169658953
YEM,2011,30.3404241701511
YEM,2010,29.9950775630093
YEM,2009,28.3251581185683
YEM,2008,37.8369534951831
YEM,2007,35.9034235366601
YEM,2006,41.2585503221131
YEM,2005,40.8968195397165
YEM,2004,36.3824952506154
YEM,2003,36.4390068675114
YEM,2002,37.0011733396095
YEM,2001,35.896925638093
YEM,2000,41.4089049391351
YEM,1999,34.8393536870397
YEM,1998,26.5435324011994
YEM,1997,36.2842007165864
YEM,1996,38.5060950534404
YEM,1995,45.4863396764508
YEM,1994,39.7771416939563
YEM,1993,19.9268303333729
YEM,1992,16.2118280232925
YEM,1991,17.6735906025027
YEM,1990,11.1683287149056
ZMB,2024,34.9818727491304
ZMB,2023,40.8461239686718
ZMB,2022,40.1939977114306
ZMB,2021,52.2160900183192
ZMB,2020,46.7201864691576
ZMB,2019,34.6361926031881
ZMB,2018,37.9574045480394
ZMB,2017,34.9928577635918
ZMB,2016,35.3246757489657
ZMB,2015,37.1385258014734
ZMB,2014,38.8222899319378
ZMB,2013,40.4827166938697
ZMB,2012,40.0829109943526
ZMB,2011,40.4712226732921
ZMB,2010,37.0259333072124
ZMB,2009,29.2509976693348
ZMB,2008,28.9193597052566
ZMB,2007,33.5911932050133
ZMB,2006,32.5929586871888
ZMB,2005,30.6107123143813
ZMB,2004,33.5399822510719
ZMB,2003,25.6839640308427
ZMB,2002,27.1336783308698
ZMB,2001,25.109699098695
ZMB,2000,23.9238608307712
ZMB,1999,25.037219399921
ZMB,1998,24.6177635661228
ZMB,1997,27.371257557966
ZMB,1996,28.4789092185853
ZMB,1995,32.9010267147932
ZMB,1994,32.9503954636075
ZWE,2024,18.0564211017017
ZWE,2023,17.1170760050918
ZWE,2022,18.770523992324
ZWE,2021,15.6502359339218
ZWE,2020,14.9941260976543
ZWE,2019,18.0339064047572
ZWE,2018,26.1640511708711
ZWE,2017,24.6581758711002
ZWE,2016,19.9435777083308
ZWE,2015,19.160627339066
ZWE,2014,20.929994104227
ZWE,2013,21.9873565174142
ZWE,2012,25.162787981429
ZWE,2011,34.8004819618683
ZWE,2010,29.6403892843062
ZWE,2009,19.4762557195667
ZWE,2008,41.4667270258035
ZWE,2007,37.7827092875018
ZWE,2006,35.9572221967228
ZWE,2005,33.5475187774063
ZWE,2004,34.4710338297323
ZWE,2003,32.3968240118663
ZWE,2002,31.8348370828573
ZWE,2001,34.9592596689157
ZWE,2000,38.1615806969708
ZWE,1999,37.4080011659258
ZWE,1998,43.394090784903
ZWE,1997,37.5937426763534
ZWE,1996,36.1291264972247
ZWE,1995,38.2361208713985
ZWE,1994,34.6012981832687
ZWE,1993,30.7206212646085
ZWE,1992,27.2279792746114
ZWE,1991,23.8838769373121
ZWE,1990,22.8668455706732
