iso,year,fuel_exports
AFG,2019,8.0512789669382
AFG,2018,10.2131805125
AFG,2017,5.23442813305688
AFG,2015,3.45045583056684
ALB,2024,3.25771222753826
ALB,2023,6.34538423879421
ALB,2022,0.408202316704775
ALB,2021,0.0239145120005926
ALB,2020,0.905736426979895
ALB,2019,0.602741338715028
ALB,2018,1.66266621721824
ALB,2017,0.824085099956457
ALB,2016,11.1750623184928
ALB,2015,8.80663865038583
ALB,2014,1.56752332146237
ALB,2013,30.9941380486986
ALB,2012,26.5886649344812
ALB,2011,21.1844242109543
ALB,2010,17.9566359019427
ALB,2009,11.5960780358903
ALB,2008,21.7778133829324
ALB,2007,7.45160846335455
ALB,2006,13.6870930880734
ALB,2005,8.62320052650774
ALB,2004,2.62772601236456
ALB,2003,1.02973846823218
ALB,2002,2.00964296137502
ALB,2001,1.44835925490073
ALB,2000,1.85161317101105
ALB,1999,2.15548929178211
ALB,1998,1.16927644792172
ALB,1997,1.7207253450672
ALB,1996,2.988651627069
DZA,2017,96.1115601990579
DZA,2016,95.3110605757096
DZA,2015,95.839787593179
DZA,2014,97.228399822397
DZA,2013,98.3397689163232
DZA,2012,98.4004104735679
DZA,2011,98.3333229077681
DZA,2010,98.3108761995675
DZA,2009,98.33852819805
DZA,2008,98.1397675706731
DZA,2007,98.3784356732768
DZA,2006,98.053114107359
DZA,2005,98.3968237779365
DZA,2004,98.1581027723641
DZA,2003,98.0418496791982
DZA,2002,96.8525631108902
DZA,2001,97.6220771184034
DZA,2000,98.0870247131707
DZA,1999,97.1411466547161
DZA,1998,97.0055149898064
DZA,1997,97.1926995507234
DZA,1996,92.9136262805971
DZA,1995,95.2155009809702
DZA,1994,97.0698867747908
DZA,1993,95.85586696523
DZA,1992,96.6081246747935
DZA,1987,97.4047722323739
DZA,1986,97.5108625555306
DZA,1985,97.5224560995324
AND,2023,0.0101475994472374
AND,2022,0.00558704941523787
AND,2021,0.0330618847275828
AND,2020,0.0290968240410038
AND,2019,0.0906269065381471
AND,2018,0.0136381879282452
AND,2017,0.00858196988222723
AND,2016,0.0106675178543429
AND,2015,0.0444906582187301
AND,2014,0.113812116132643
AND,2013,0.126266414497508
AND,2012,0.0954824010290095
AND,2011,0.00296782977763237
AND,2010,0.00171578894223204
AND,2009,0.0674187377593231
AND,2008,0.00639829246971588
AND,2007,0.0164949512104574
AND,2006,0.000877373640358075
AND,2005,0.00139066416530204
AND,2004,0.0020915587513253
AND,2003,0.00718421522431373
AND,2002,0.00340850271314777
AND,2001,0.201277203740919
AND,2000,0.133470719864966
AND,1999,0.0978477340993332
AND,1998,0.01444721655249
AND,1997,0.0061291176337256
AND,1996,0.00801851368415153
AND,1995,0.169823572259061
AGO,2024,94.1347736309318
AGO,2023,94.1710862801417
AGO,2022,94.9233435630702
AGO,2021,94.1637464395459
AGO,2020,93.0512900749378
AGO,2019,95.2492483273439
AGO,2018,95.6723202169276
AGO,2017,94.6912550619684
AGO,2016,92.7010547736293
AGO,2015,94.0159079753161
AGO,2014,97.7227216005661
AGO,2013,98.2172596289667
AGO,2012,98.3701689632146
AGO,2011,98.1409863974632
AGO,2010,97.9075489248038
AGO,2009,97.9163484511435
AGO,2008,97.6960413340041
AGO,2007,97.2265175257191
AGO,1991,94.8315360921689
AGO,1990,93.4776803422701
ATG,2024,0.0
ATG,2023,0.0
ATG,2022,0.0
ATG,2021,0.0
ATG,2020,0.0
ATG,2019,0.0
ATG,2018,0.0
ATG,2017,0.0
ATG,2016,0.0
ATG,2015,0.0
ATG,2014,0.0
ATG,2013,0.0
ATG,2012,0.0
ATG,2011,0.0
ATG,2010,0.0
ATG,2009,0.0
ATG,2007,0.0
ATG,2005,0.724794167438721
ATG,2000,0.0
ATG,1999,0.0
ARG,2024,8.77014211533671
ARG,2023,8.81364245499018
ARG,2022,6.17703046770052
ARG,2021,2.64279316542856
ARG,2020,2.67898842404181
ARG,2019,3.59772172153483
ARG,2018,4.11930419519493
ARG,2017,2.78500093366595
ARG,2016,2.4962680453126
ARG,2015,2.5385946406222
ARG,2014,4.67799000825185
ARG,2013,4.68210789818476
ARG,2012,6.22846935291873
ARG,2011,5.97246544174461
ARG,2010,7.90317746658418
ARG,2009,10.1652445466661
ARG,2008,9.37098213409865
ARG,2007,10.9263085486107
ARG,2006,15.2633165831813
ARG,2005,16.3961455637403
ARG,2004,16.0002898523067
ARG,2003,17.0830633855413
ARG,2002,17.0062379055992
ARG,2001,17.0272143366815
ARG,2000,17.6241830605225
ARG,1999,12.1168238278399
ARG,1998,8.61176447846474
ARG,1997,11.6985744022358
ARG,1996,12.9690098612611
ARG,1995,10.33985004541
ARG,1994,10.4211813944822
ARG,1993,9.41596460129187
ARG,1992,8.83930605509692
ARG,1987,1.34305051014403
ARG,1986,2.24126011836166
ARG,1985,7.30702352807232
ARM,2024,0.679482108248347
ARM,2023,0.893985811730312
ARM,2022,1.90126435030844
ARM,2021,1.84437960576672
ARM,2020,3.0020518152451
ARM,2019,2.85017379117155
ARM,2018,3.7309961281298
ARM,2017,3.58398830414633
ARM,2016,3.48883009523153
ARM,2015,5.9197338745284
ARM,2014,5.94447107873547
ARM,2013,5.74395895307294
ARM,2012,7.4451684844257
ARM,2011,7.83107688026681
ARM,2010,3.02154436932198
ARM,2009,0.0903876860458172
ARM,2008,0.259782913208907
ARM,2007,1.19645999429122
ARM,2006,2.03225317294973
ARM,2005,2.21920980265978
ARM,2004,3.05202767195407
ARM,2003,1.96269179078979
ARM,2002,3.17595536456295
ARM,2001,7.86912485968109
ARM,2000,10.1236750243125
ARM,1999,8.26798770854123
ARM,1997,0.733173669192767
ABW,2023,0.0602540892919389
ABW,2022,0.0231820084331402
ABW,2021,0.028564634582758
ABW,2020,0.0453619365164954
ABW,2019,0.0108719232886248
ABW,2018,0.0596714795288132
ABW,2017,0.115122321702268
ABW,2016,0.104981848860667
ABW,2015,0.197299260830369
ABW,2014,0.24352175025681
ABW,2013,0.00338457142104372
ABW,2012,0.0469829005505492
ABW,2011,0.0107756603770306
ABW,2010,0.106446012341249
ABW,2009,0.00955674346080584
AUS,2025,26.8943988141127
AUS,2024,33.1901228403116
AUS,2023,34.9834475509909
AUS,2022,42.6954661318656
AUS,2021,27.706071696529
AUS,2020,21.3125228177134
AUS,2019,32.4480251523319
AUS,2018,35.535320392044
AUS,2017,30.3161990720307
AUS,2016,25.5970925023236
AUS,2015,25.2908141411795
AUS,2014,26.5990592811953
AUS,2013,25.8653275837181
AUS,2012,28.4455055361525
AUS,2011,28.1410909707876
AUS,2010,28.8807033400941
AUS,2009,29.5069766889764
AUS,2008,32.0401854111947
AUS,2007,22.753481991862
AUS,2006,24.0426378728198
AUS,2005,25.5954420135177
AUS,2004,20.2580997989942
AUS,2003,19.7891403177955
AUS,2002,20.6885878896859
AUS,2001,20.7632634392125
AUS,2000,20.8946525176662
AUS,1999,18.2537981353932
AUS,1998,17.9197050426655
AUS,1997,18.5455847448969
AUS,1996,17.7443594842727
AUS,1995,17.6093714518551
AUS,1994,17.3291132309473
AUS,1993,20.4247986391247
AUS,1992,21.1705850872818
AUS,1991,21.5918131377711
AUS,1990,19.96695021361
AUS,1989,16.4115198707654
AUS,1988,16.1889646633392
AUS,1987,20.9376950663451
AUS,1986,22.8288802886391
AUS,1985,26.9110893271408
AUT,2024,2.77111216210029
AUT,2023,3.56336364584427
AUT,2022,3.8671447462232
AUT,2021,2.47004433673372
AUT,2020,1.94118859387382
AUT,2019,2.2180900828378
AUT,2018,2.09499489553737
AUT,2017,1.8985454600636
AUT,2016,1.69166556589744
AUT,2015,1.96118695545097
AUT,2014,2.39395279884492
AUT,2013,2.70144215235651
AUT,2012,3.66210720141734
AUT,2011,3.37634985098465
AUT,2010,3.21014269226814
AUT,2009,3.44074449282016
AUT,2008,3.35651236700774
AUT,2007,2.66455677761046
AUT,2006,5.2681877115794
AUT,2005,4.60333218495356
AUT,2004,3.17656995734426
AUT,2003,2.5489056418814
AUT,2002,2.24906607244156
AUT,2001,1.85573418671951
AUT,2000,1.26073330039353
AUT,1999,1.17797007361119
AUT,1998,1.0277006335131
AUT,1997,1.23907157982057
AUT,1996,1.2288834649407
AUT,1995,1.00206815505793
AUT,1994,1.29878534650872
AUT,1993,1.12030982997843
AUT,1992,1.05699132648485
AUT,1991,0.929813141436079
AUT,1990,1.00922871698733
AUT,1989,1.27332463315812
AUT,1988,1.28438282405698
AUT,1987,1.76383075660928
AUT,1986,1.21354688986033
AUT,1985,2.02224543796549
AZE,2025,85.9240304942722
AZE,2024,87.9785269977749
AZE,2023,91.499871108591
AZE,2022,92.537559408706
AZE,2021,88.4074490811342
AZE,2020,87.2469415054118
AZE,2019,90.654373992013
AZE,2018,91.7363919755309
AZE,2017,90.5986895127131
AZE,2016,91.6996216529
AZE,2015,88.4616496005164
AZE,2014,92.7612993182849
AZE,2013,92.9958063644981
AZE,2012,93.4193317126618
AZE,2011,94.7473907889811
AZE,2010,94.5094608476658
AZE,2009,92.8567081297116
AZE,2008,97.082781910105
AZE,2007,81.3989395177286
AZE,2006,84.5911224641435
AZE,2005,76.7637229555425
AZE,2004,82.2163751465054
AZE,2003,86.0089729413218
AZE,2002,88.9208300128298
AZE,2001,91.3282886838079
AZE,2000,85.0824923536999
AZE,1999,78.6030408029994
AZE,1998,68.9329891981753
AZE,1997,61.4496099387014
AZE,1996,66.3947992137644
BHS,2024,0.0
BHS,2023,0.0
BHS,2022,0.0
BHS,2021,0.000940273276775171
BHS,2020,28.392511561772
BHS,2019,14.7790875758671
BHS,2018,19.3742198220677
BHS,2017,15.357742606313
BHS,2016,11.3008284606627
BHS,2015,0.0
BHS,2014,0.0
BHS,2013,0.0
BHS,2012,0.00201845003165779
BHS,2011,0.0
BHS,2010,0.0
BHS,2009,0.0
BHS,2008,0.0
BHS,2007,0.0
BHS,2006,0.0
BHS,2004,0.0
BHS,2003,0.0
BHS,2002,0.0101345653262008
BHS,2001,0.0
BHS,2000,0.0
BHS,1999,0.0
BHS,1998,0.000476775767624902
BHS,1987,37.454281861318
BHS,1986,49.662184445548
BHS,1985,65.6922920107703
BHR,2024,0.000371894251415909
BHR,2023,0.252930709797225
BHR,2022,0.0426131887253156
BHR,2021,0.0520982100390362
BHR,2020,29.8191901321903
BHR,2019,42.1282144838203
BHR,2018,53.3203933261076
BHR,2017,50.1771114184211
BHR,2016,45.0173153136849
BHR,2015,50.3566602372733
BHR,2014,66.8346508823664
BHR,2013,59.0027891704387
BHR,2012,64.1472033708371
BHR,2011,71.8441684413074
BHR,2010,74.3474756294398
BHR,2009,68.6020433823247
BHR,2008,69.062284938086
BHR,2007,80.8287980658625
BHR,2006,80.5878626999227
BHR,2005,78.1592802795663
BHR,2004,75.5437259663915
BHR,2003,72.5185966870439
BHR,2002,69.3664039673791
BHR,2001,66.9335197582833
BHR,2000,0.0395462453040678
BHR,1996,0.0176370779265561
BHR,1995,53.129216983074
BHR,1994,55.549088026789
BHR,1987,0.0042457299925219
BHR,1986,0.0342913107314618
BHR,1985,0.0726136762584211
BGD,2018,1.09687826106508
BGD,2017,0.682738569544682
BGD,2016,0.799979316816806
BGD,2015,0.561290711404927
BGD,2013,1.13549487669373
BGD,2012,1.82373354611352
BGD,2011,1.15197562004724
BGD,2010,1.87340450699641
BGD,2009,1.72665865195063
BGD,2008,1.41061914831305
BGD,2007,1.62282630256016
BGD,2006,0.761449863704974
BGD,2005,0.579319820624958
BGD,2004,0.468507399136077
BGD,2003,0.32333946274161
BGD,2002,0.305510455605223
BGD,2001,0.156029792883551
BGD,2000,0.229218459463864
BGD,1998,0.222245801291027
BGD,1997,0.382926321294796
BGD,1996,0.268252187280066
BGD,1995,0.449813471615389
BGD,1994,0.475689231187251
BGD,1993,0.855248611345771
BGD,1992,0.893245569229378
BGD,1991,2.06224747232831
BGD,1990,1.27883273822501
BGD,1989,1.22717686391693
BGD,1987,0.866375700174676
BGD,1986,1.73434360868439
BGD,1985,2.5458909217735
BRB,2024,8.01009522603034
BRB,2023,8.61083535758761
BRB,2022,9.75673125996316
BRB,2021,4.66497674571382
BRB,2020,4.77621164002592
BRB,2019,28.6991817107129
BRB,2018,4.63274425971415
BRB,2017,5.19912675338697
BRB,2016,3.52972091368079
BRB,2015,5.52690134911485
BRB,2014,9.33818103701665
BRB,2013,9.10293159403012
BRB,2012,10.7950394747413
BRB,2011,7.36580750644772
BRB,2010,0.0215007876587993
BRB,2009,5.18456879487088
BRB,2008,8.50996783072109
BRB,2007,22.9869568801375
BRB,2006,9.42184797011257
BRB,2005,7.98236011070781
BRB,2004,8.82521057867061
BRB,2003,7.46599553600199
BRB,2002,3.73760032054702
BRB,2001,5.13271383662999
BRB,2000,8.62440510021674
BRB,1999,5.72964224260609
BRB,1998,2.96093021697946
BRB,1997,0.00825035966322568
BRB,1996,0.00687612850316812
BRB,1995,0.0244195814079128
BRB,1994,0.0102807624944939
BRB,1993,0.121524456830182
BRB,1992,0.0421039036654247
BRB,1987,18.0574817884294
BRB,1986,0.0140146172821673
BRB,1985,0.00115030811877791
BLR,2020,12.612946389206
BLR,2019,20.6985181763427
BLR,2018,25.1356889584766
BLR,2017,23.5673852175462
BLR,2016,20.5995665315743
BLR,2015,29.1387059964971
BLR,2014,33.4920515927579
BLR,2013,32.372417741947
BLR,2012,35.5859989815444
BLR,2011,35.0487528909667
BLR,2010,27.7492513357239
BLR,2009,37.44466887987
BLR,2008,37.1188986398407
BLR,2007,35.0680059075822
BLR,2006,38.31545746177
BLR,2005,34.7813440418958
BLR,2004,26.8898936681252
BLR,2003,22.0611954944767
BLR,2002,20.2522119679159
BLR,2001,17.7781531368295
BLR,2000,19.8121417383218
BLR,1999,9.06345784556698
BLR,1998,7.78247560370978
BEL,2024,11.6008457411399
BEL,2023,13.169192837343
BEL,2022,20.0905155012378
BEL,2021,8.81647347599391
BEL,2020,5.01820736696729
BEL,2019,7.37737113355612
BEL,2018,8.57049718783793
BEL,2017,7.24844554179977
BEL,2016,6.4322902040803
BEL,2015,8.79106425780424
BEL,2014,11.412711291998
BEL,2013,13.3095614294528
BEL,2012,13.0325708988809
BEL,2011,12.1931618935507
BEL,2010,10.3739901023143
BEL,2009,7.51109808223464
BEL,2008,9.30589462902827
BEL,2007,7.08101586489845
BEL,2006,7.94534285062889
BEL,2005,7.07173210089715
BEL,2004,5.76918485611779
BEL,2003,5.34845991089838
BEL,2002,4.34668748676423
BEL,2001,4.01544181292639
BEL,2000,4.57326410348979
BEL,1999,2.9046796708585
BEL,1987,3.68685749408099
BEL,1986,4.80183056055634
BEL,1985,6.45104880598908
BLZ,2025,0.00968208800627305
BLZ,2024,0.00484169297304625
BLZ,2023,0.358392074557063
BLZ,2022,0.490776969983607
BLZ,2021,1.9752485159619
BLZ,2020,1.33446382524292
BLZ,2019,4.92119659816311
BLZ,2018,6.265705329514
BLZ,2017,5.15055462425894
BLZ,2016,5.65364617406328
BLZ,2015,6.83236378761448
BLZ,2014,16.6705063912502
BLZ,2013,20.9670865539507
BLZ,2012,27.4551312552667
BLZ,2011,44.5580996301928
BLZ,2010,37.1944862769906
BLZ,2009,25.8085704366833
BLZ,2008,40.2623125180607
BLZ,2007,28.2080349952341
BLZ,2006,16.5478630134207
BLZ,2005,9.66092252654547e-05
BLZ,2004,0.0
BLZ,2003,0.0
BLZ,2000,0.0
BLZ,1999,45.6164120436762
BLZ,1998,0.0
BLZ,1997,0.0
BLZ,1996,0.000346465743974554
BLZ,1995,0.0
BLZ,1994,0.0
BLZ,1993,0.0
BLZ,1992,0.0
BEN,2024,5.14745189857092e-06
BEN,2023,0.00158718126210844
BEN,2022,0.00331545034449681
BEN,2021,0.0043567532119519
BEN,2020,0.0148050014116978
BEN,2019,0.0242825113208234
BEN,2018,0.00438671659822245
BEN,2017,0.0293425152703835
BEN,2016,0.046990129189722
BEN,2015,0.0143291813305386
BEN,2014,0.254303969330284
BEN,2013,0.00237065230925798
BEN,2012,0.00511876177575908
BEN,2011,0.105567023678659
BEN,2010,0.0107280032335427
BEN,2009,0.00831790015687306
BEN,2008,0.266725846929541
BEN,2007,3.06388129136822
BEN,2006,0.381017075307626
BEN,2005,0.0
BEN,2004,0.0
BEN,2003,0.0
BEN,2002,0.232344230707454
BEN,2001,0.00951042807393338
BEN,1999,0.654429029519205
BEN,1998,1.19741565547244
BMU,2024,0.000411203555491298
BMU,2023,0.00539830469000942
BMU,2022,0.0247682569255673
BMU,2021,0.0238260476397317
BMU,2020,0.0420551207893841
BMU,2019,0.0105468909554335
BMU,2018,0.05428059229872
BMU,2017,0.151351973732955
BMU,2016,0.188436539399564
BMU,2015,0.0476663771117887
BMU,2012,6.32006619145502
BMU,1985,0.00294202603960502
BTN,2025,0.000136608692237691
BTN,2023,0.000126714234700656
BTN,2022,0.000849772301445061
BTN,2020,0.031781268967114
BTN,2019,0.564427068374655
BTN,2018,0.923853378618622
BTN,2017,0.837284350231017
BTN,2016,0.359959674945716
BTN,2012,32.9166462100962
BTN,2011,1.32603384643971
BTN,2010,1.17938116636528
BTN,2009,42.4687234160254
BTN,2008,48.9175130454485
BTN,2007,36.5144600023802
BTN,2006,27.1858253436532
BTN,2005,30.9371095810558
BTN,1999,41.9416767488815
BTN,1998,30.9944017021552
BTN,1994,25.6183926884785
BTN,1993,28.0710468174997
BOL,2024,18.9433899156143
BOL,2023,19.7390284484517
BOL,2022,22.7288338190063
BOL,2021,21.4767656503189
BOL,2020,29.4701072049889
BOL,2019,32.0714901886577
BOL,2018,34.8526923233055
BOL,2017,33.2474626156162
BOL,2016,31.1663267980126
BOL,2015,46.1471961581206
BOL,2014,51.740358250386
BOL,2013,54.5398474110676
BOL,2012,50.0146584363154
BOL,2011,45.3581817460597
BOL,2010,43.2688115125649
BOL,2009,39.5433516744626
BOL,2008,51.1866049934702
BOL,2007,47.5095338694939
BOL,2006,48.8382325972114
BOL,2005,47.8301459653094
BOL,2004,37.5739969111581
BOL,2003,30.1389419296459
BOL,2002,24.9742676784933
BOL,2001,22.4397697760694
BOL,2000,12.1942402416879
BOL,1999,5.26722651510801
BOL,1998,7.28497112896233
BOL,1997,8.41558907225538
BOL,1996,13.0738735089195
BOL,1995,12.9404641892439
BOL,1994,9.52179302499781
BOL,1993,12.7383036713833
BOL,1992,16.4779970409837
BOL,1987,44.9388892139974
BOL,1986,52.2680366540488
BOL,1985,55.6587844747595
BIH,2025,6.50959880314454
BIH,2024,6.49177086548884
BIH,2023,9.51399957988492
BIH,2022,9.97765857658221
BIH,2021,8.53532677271493
BIH,2020,6.74416697954237
BIH,2019,8.09164661465603
BIH,2018,9.78065848601169
BIH,2017,8.36280425942988
BIH,2016,6.79971818242652
BIH,2015,7.01000092060972
BIH,2014,9.57797851169659
BIH,2013,11.384896219285
BIH,2012,8.96086345617272
BIH,2011,13.9727649944684
BIH,2010,15.0867195793133
BIH,2009,13.1911783291495
BIH,2008,9.80567590825645
BIH,2007,7.91883942765507
BIH,2006,8.17226318795492
BIH,2005,8.88360780875633
BIH,2004,7.81576837018185
BIH,2003,4.48109797542237
BWA,2023,0.667839081647159
BWA,2022,0.69397347454585
BWA,2021,0.389826717239094
BWA,2020,0.386274236787643
BWA,2019,0.293031074710632
BWA,2018,0.189801103867325
BWA,2017,0.150108239700374
BWA,2016,0.170072931434849
BWA,2015,0.499566774779798
BWA,2014,0.721388991597743
BWA,2013,0.683199567864681
BWA,2012,0.983536494063304
BWA,2011,0.671535557865948
BWA,2010,0.183842399501106
BWA,2009,0.31937447565658
BWA,2008,0.340599661785936
BWA,2007,0.248985732334312
BWA,2006,0.139035466262334
BWA,2005,0.0896670943319664
BWA,2004,0.0353663109506885
BWA,2003,0.0387045498035168
BWA,2002,0.0150951291427821
BWA,2001,0.0699314638176989
BWA,2000,0.0812633784679619
BRA,2025,16.1168674307759
BRA,2024,16.958206628778
BRA,2023,16.2396336722963
BRA,2022,16.9977876592036
BRA,2021,13.6578322774084
BRA,2020,11.8904796185398
BRA,2019,13.7087051192779
BRA,2018,12.7686622344956
BRA,2017,8.70889192124879
BRA,2016,6.45092898767891
BRA,2015,7.36062490155865
BRA,2014,9.34729459467066
BRA,2013,7.66385116284542
BRA,2012,11.0241509437928
BRA,2011,10.5615058710782
BRA,2010,9.90018294064999
BRA,2009,8.99747965310975
BRA,2008,9.54679022247767
BRA,2007,8.3200987153992
BRA,2006,7.6849024441964
BRA,2005,5.99044785506381
BRA,2004,4.57386755418818
BRA,2003,5.18581641390888
BRA,2002,4.88298916852666
BRA,2001,3.58999518895038
BRA,2000,1.64799481860444
BRA,1999,0.841946049642259
BRA,1998,0.690670677236703
BRA,1997,0.601043144053385
BRA,1996,0.881497348161001
BRA,1995,0.883010356694704
BRA,1994,1.81740799878882
BRA,1993,1.66641390246461
BRA,1992,1.60640672826572
BRA,1991,1.37841746275907
BRA,1990,2.17274623720328
BRA,1989,2.47846260917892
BRA,1987,3.60793733843234
BRA,1986,3.12467488216838
BRA,1985,6.35625773629529
BRN,2024,75.4723137925849
BRN,2023,77.4198163214987
BRN,2022,80.2755776083309
BRN,2021,78.6688728146059
BRN,2020,81.5128636159474
BRN,2019,91.0923897567417
BRN,2018,95.5632275089728
BRN,2017,89.5672584666047
BRN,2016,87.8814732122865
BRN,2015,92.979494935208
BRN,2014,92.5398767886258
BRN,2013,96.5248430612585
BRN,2012,95.7471803171174
BRN,2011,95.4421676477545
BRN,2010,95.1502725943191
BRN,2009,96.062176157783
BRN,2008,97.8151707911214
BRN,2007,96.1451798351386
BRN,2006,96.3258016729359
BRN,2004,91.4092795877882
BRN,2003,94.3811600976529
BRN,2002,93.2257316553347
BRN,2001,95.306024184405
BRN,1998,88.5755438380849
BRN,1997,91.1104636632408
BRN,1994,98.6937362530117
BRN,1993,99.7090402546274
BRN,1992,99.2590721197392
BRN,1987,99.9546508746204
BRN,1986,99.9462323877222
BRN,1985,99.9334302670162
BGR,2024,7.7644781218312
BGR,2023,7.89104918636913
BGR,2022,12.1946716545187
BGR,2021,6.00494091479774
BGR,2020,4.63757162036019
BGR,2019,9.52834880232102
BGR,2018,8.89258278500621
BGR,2017,9.90937160148424
BGR,2016,9.01291878207578
BGR,2015,10.6156211238459
BGR,2014,12.6042116928393
BGR,2013,14.7266669664733
BGR,2012,16.170538450708
BGR,2011,13.1295451738625
BGR,2010,13.2946322521776
BGR,2009,12.5832487308852
BGR,2008,16.0612007530944
BGR,2007,14.6037717311894
BGR,2006,13.2830276754215
BGR,2005,10.3773641394536
BGR,2004,7.99389645248731
BGR,2003,5.81062664539214
BGR,2002,6.00638403640999
BGR,2001,8.96915499892763
BGR,2000,11.6856232779917
BGR,1999,7.00079503808986
BGR,1998,6.23805886907848
BGR,1997,7.5928837840656
BGR,1996,6.50524222323851
BFA,2024,0.0208396744836875
BFA,2023,0.0160865926865482
BFA,2022,0.0103313189085969
BFA,2021,0.251332306917002
BFA,2020,0.288204092292022
BFA,2019,0.61215287637241
BFA,2018,0.828034728125843
BFA,2017,0.469899649942029
BFA,2016,0.423215904111974
BFA,2015,1.52651159000758
BFA,2014,5.31459733428775
BFA,2013,4.62626483089881
BFA,2012,3.1238196970916
BFA,2011,2.34162617994846
BFA,2010,2.81555837145725
BFA,2009,9.91899952305688
BFA,2008,13.9650548951695
BFA,2007,11.5064923076897
BFA,2005,0.0190765863294542
BFA,2004,0.0416741597040804
BFA,2003,0.0392168571814168
BFA,2002,0.000863672953402487
BFA,2001,2.91257051548022
BFA,2000,3.15566795031426
BFA,1999,1.0802573806444
BFA,1998,1.10394621343436
BFA,1997,1.58223155221651
BFA,1996,0.142014873449478
BFA,1995,0.101120098213443
BDI,2023,1.88698422568729
BDI,2022,0.0480615319376726
BDI,2021,0.00674665519421405
BDI,2020,0.000278971607149758
BDI,2019,0.000608940185484599
BDI,2018,0.0120976852104859
BDI,2017,0.00100690518773408
BDI,2016,0.0
BDI,2015,0.00472582866856188
BDI,2014,0.0327702577800271
BDI,2013,0.000195383873247424
BDI,2012,9.34357775887626e-05
BDI,2011,0.0
BDI,2010,2.0684971085204
BDI,2009,1.39652274278431
BDI,2008,0.795630709133161
BDI,2007,3.78278962010338
BDI,2006,0.0
BDI,2005,0.0334083588515563
BDI,2004,0.00597765777574388
BDI,2003,0.321407693409308
BDI,1993,0.00872661903014842
CPV,2023,0.0
CPV,2022,0.0
CPV,2021,0.0
CPV,2019,0.0
CPV,2012,0.0
CPV,2011,0.000586435277576983
CPV,2010,0.0
CPV,2009,0.0
CPV,2007,0.0
CPV,2006,0.0
CPV,2005,0.0
CPV,2000,0.0
CPV,1999,0.0
CPV,1998,0.0
CPV,1997,0.0
KHM,2024,0.00124288090530598
KHM,2023,3.68599221364749e-06
KHM,2022,3.39233917665731e-06
KHM,2021,0.000112840266428058
KHM,2020,2.05458542426352e-06
KHM,2019,6.86016223373177e-06
KHM,2018,0.000711771727128381
KHM,2017,5.14269745698374e-06
KHM,2016,0.00771430550339896
KHM,2015,2.94178463210652e-05
KHM,2014,3.21354629705442e-07
KHM,2013,0.00090773896774651
KHM,2012,0.0146952518008779
KHM,2010,0.000103593777569394
KHM,2008,1.23445790961278e-05
KHM,2005,7.95067134763237e-07
KHM,2004,0.00117347334534206
KHM,2003,0.000946547702946242
KHM,2002,0.000663861490453446
KHM,2001,0.0031830064842495
KHM,2000,0.00103234740919474
CMR,2023,54.0712041809673
CMR,2022,62.1174175971395
CMR,2021,51.8663592754246
CMR,2020,45.6083100375046
CMR,2019,54.0894133743251
CMR,2018,50.2692747814106
CMR,2017,43.4494115764582
CMR,2016,7.69262542590537
CMR,2015,45.3849961218768
CMR,2014,56.3232193165714
CMR,2013,55.9326563524093
CMR,2012,55.5396293908856
CMR,2011,0.551609714806202
CMR,2010,49.5472804943068
CMR,2009,0.945267159471339
CMR,2008,1.24518390839419
CMR,2007,58.6794429285353
CMR,2006,61.6106111571056
CMR,2005,56.8647779866486
CMR,2004,46.6846802011435
CMR,2003,48.803399799567
CMR,2002,49.1868871430921
CMR,2001,51.9025487650772
CMR,2000,54.1507311617527
CMR,1997,33.1458606165961
CMR,1996,36.151468280413
CMR,1995,29.1641558322289
CMR,1990,49.8637031849569
CMR,1987,17.5068235530873
CMR,1986,9.90466433373616
CAN,2024,27.6974112165315
CAN,2023,25.1997448504993
CAN,2022,30.1749905885513
CAN,2021,23.8688657837555
CAN,2020,17.7117312023626
CAN,2019,22.1408507825001
CAN,2018,24.0190349725915
CAN,2017,21.9517954420132
CAN,2016,17.6256219682134
CAN,2015,20.6034302087075
CAN,2014,28.8930710605179
CAN,2013,26.361569817347
CAN,2012,25.624190392384
CAN,2011,27.4324660090794
CAN,2010,25.3243673228047
CAN,2009,24.4206443987166
CAN,2008,29.1358336622959
CAN,2007,22.1140329189937
CAN,2006,21.1379598727868
CAN,2005,21.4038513666457
CAN,2004,17.7567638842642
CAN,2003,16.1206014067341
CAN,2002,12.6185161385063
CAN,2001,15.3001928011191
CAN,2000,14.097379549686
CAN,1999,8.48546537418759
CAN,1998,8.23662529510941
CAN,1997,10.1852291084557
CAN,1996,10.4794606794617
CAN,1995,9.11003445292849
CAN,1994,9.68688124373483
CAN,1993,10.5027688679219
CAN,1992,10.3028321839473
CAN,1991,10.783301440987
CAN,1990,9.98614938509996
CAN,1989,9.1855853787745
CAN,1988,9.00305383476602
CAN,1987,10.1008578319833
CAN,1986,9.65404705252112
CAN,1985,14.0507464018535
CYM,2024,52.3114359976797
CYM,2023,34.987450988698
CYM,2022,32.0119926704132
CYM,2021,1.61638438846005
CYM,2020,11.7959511435598
CAF,2024,0.0317291209436773
CAF,2023,0.00634066374558888
CAF,2020,0.0394378095226582
CAF,2019,0.0113438958450479
CAF,2018,0.0234095847313264
CAF,2017,0.00690133272476388
CAF,2016,0.0462492040248339
CAF,2015,0.0112891940575805
CAF,2013,0.0930612129794418
CAF,2012,0.046403868360573
CAF,2011,0.544915903295515
CAF,2008,0.0243624066926479
CAF,2006,0.0134845615699792
CAF,2005,0.399435923020329
CAF,2004,0.183133391819856
CAF,2003,0.0
CAF,2002,0.0778653069442277
CAF,2001,0.0754312068227033
CAF,2000,0.454669197024921
CAF,1999,0.155459162551245
CAF,1998,0.196795627435537
CAF,1997,0.10827000406398
CAF,1996,0.189909402032848
CAF,1995,0.778185068720725
CAF,1994,0.392976755337262
CAF,1993,0.171283046215448
CHL,2025,0.891246166699904
CHL,2024,1.32012360616343
CHL,2023,1.80543071190217
CHL,2022,1.69325787359142
CHL,2021,0.815333310737599
CHL,2020,0.680307468385457
CHL,2019,0.996195388244754
CHL,2018,1.17911727055873
CHL,2017,1.06104376398313
CHL,2016,0.899956656800068
CHL,2015,0.898599873952062
CHL,2014,1.27302532739729
CHL,2013,1.3775568746199
CHL,2012,1.2828817129094
CHL,2011,1.29992761409464
CHL,2010,1.10225699027131
CHL,2009,1.44690090747168
CHL,2008,2.35498882562469
CHL,2007,1.83161893626896
CHL,2006,2.43371733531432
CHL,2005,2.80898772504072
CHL,2004,2.2540658481005
CHL,2003,2.86320450578717
CHL,2002,1.18807795624873
CHL,2001,1.45351058459507
CHL,2000,1.11401872751948
CHL,1999,0.430605640211425
CHL,1998,0.385831102331361
CHL,1997,0.296581936047817
CHL,1996,0.179531971498549
CHL,1995,0.242583031969892
CHL,1994,0.19967958632729
CHL,1993,0.172904124654129
CHL,1992,0.333449382813415
CHL,1991,0.501583244319668
CHL,1990,0.508645743376612
CHL,1987,0.140397222231175
CHL,1986,0.0618128231824088
CHL,1985,0.473205281265727
CHN,2024,1.49786393169736
CHN,2023,1.8075643209073
CHN,2022,1.79009011301844
CHN,2021,1.29170537075172
CHN,2020,1.2143685449396
CHN,2019,1.87465304454538
CHN,2018,1.86764407076313
CHN,2017,1.5635573554021
CHN,2016,1.28100094525523
CHN,2015,1.2272664163092
CHN,2014,1.47061074195033
CHN,2013,1.5294698347956
CHN,2012,1.51374985096957
CHN,2011,1.70007725545848
CHN,2010,1.69056311409029
CHN,2009,1.69623692345059
CHN,2008,2.2208063178118
CHN,2007,1.71119843888368
CHN,2006,1.83393570516165
CHN,2005,2.31272376664692
CHN,2004,2.44053050133123
CHN,2003,2.5361753489702
CHN,2002,2.59070421728136
CHN,2001,3.15850304161569
CHN,2000,3.15222106435306
CHN,1999,2.38996498851833
CHN,1998,2.81568382698343
CHN,1997,3.82213885487598
CHN,1996,3.92677839358166
CHN,1995,3.58384721631842
CHN,1994,3.36262340846476
CHN,1993,4.4783689356894
CHN,1992,5.52424102009769
CHN,1987,11.4550504352848
CHN,1986,11.6427404345573
CHN,1985,25.7589527332764
COL,2024,45.3036922636334
COL,2023,50.7229439143258
COL,2022,54.5165586087032
COL,2021,46.303559002575
COL,2020,41.5564453985501
COL,2019,54.6948856458005
COL,2018,57.8787906155164
COL,2017,54.1370602858504
COL,2016,47.4972851001361
COL,2015,52.7863528817984
COL,2014,65.573054598972
COL,2013,66.7714032360418
COL,2012,65.7196385483131
COL,2011,64.8290275394886
COL,2010,57.1597814442562
COL,2009,48.3004439860279
COL,2008,45.9657263851576
COL,2007,36.2508073999514
COL,2006,38.4317055772282
COL,2005,39.2456236749078
COL,2004,36.9076955307127
COL,2003,37.1903540205232
COL,2002,35.9187562462727
COL,2001,36.2987158428522
COL,2000,43.079504613909
COL,1999,40.4790768527767
COL,1998,30.2541163556531
COL,1997,31.3668639504452
COL,1996,35.9490615649947
COL,1995,27.2317543704497
COL,1994,21.8458297373462
COL,1993,26.4990782698671
COL,1992,28.5097083217105
COL,1991,28.7654741799276
COL,1987,32.5249245387978
COL,1986,13.0194028266415
COL,1985,16.2812150709342
COM,2023,0.00485457345334166
COM,2022,0.0130202623394348
COM,2021,0.0512060681375277
COM,2020,5.36366319081788e-05
COM,2019,0.0252436299290411
COM,2018,4.1336953696259e-05
COM,2017,0.00887808919349842
COM,2015,5.64070725443839e-05
COM,2014,1.60903288612314
COM,2013,3.01260153144996e-05
COM,2012,0.017388494580408
COM,2011,0.0700598923083429
COM,2010,0.054577510381983
COM,2009,0.0236698103289717
COM,2001,0.00469844262895696
COM,1997,0.0977202748249474
COD,2023,0.000486337353062221
COD,2022,0.0110464409915681
COD,2021,0.00244527725898267
COD,2020,0.00155296296283328
COD,2019,0.0116944289280577
COD,2018,0.00123417667085146
COD,2017,0.0011906538651633
COD,2016,3.93165005120999
COD,2015,0.0127066390198457
COG,2023,85.8630872035881
COG,2022,87.4554561831864
COG,2021,55.0904298609538
COG,2020,75.1121966274822
COG,2019,83.9394174364415
COG,2018,82.217408245137
COG,2017,44.5565160708106
COG,2016,19.4906127882401
COG,2015,31.2584482176902
COG,2014,46.1725866962141
COG,2013,75.7095794999008
COG,2012,78.8976775256033
COG,2011,77.6661370595561
COG,2010,67.7204549838107
COG,2009,70.659307853439
COG,2008,84.0961243972581
COG,2007,87.0246170425558
COG,1995,87.6407695320827
COG,1994,83.3777756517366
COG,1993,94.3894815890217
COG,1986,89.0953182583525
COG,1985,93.2550411108633
CRI,2024,0.018380373927685
CRI,2023,0.0548257166859753
CRI,2022,0.0216194838414378
CRI,2021,0.021567003753793
CRI,2020,0.01611262540893
CRI,2019,0.0187875593840616
CRI,2018,0.0326713597930168
CRI,2017,0.0388898631200294
CRI,2016,0.0337693844457477
CRI,2015,0.0382753572012209
CRI,2014,0.0297900558114709
CRI,2013,0.0362385371324239
CRI,2012,0.0421607473129209
CRI,2011,0.325379365626922
CRI,2010,0.563620740553993
CRI,2009,0.564266128388826
CRI,2008,0.843425730823885
CRI,2007,0.575984099270679
CRI,2006,0.609434003968108
CRI,2005,0.487124253138593
CRI,2004,0.074454462175117
CRI,2003,0.486551525474643
CRI,2002,1.01663698993828
CRI,2001,0.845937654798046
CRI,2000,0.616778935676235
CRI,1999,0.365682344031691
CRI,1998,0.387011217942347
CRI,1997,0.453160487759183
CRI,1996,0.863741704236126
CRI,1995,0.774151131794269
CRI,1994,0.578190174550702
CRI,1987,1.05951003779184
CRI,1986,1.35372563978274
CRI,1985,1.80879818198834
CIV,2024,15.1221609102397
CIV,2023,15.7704493008516
CIV,2022,18.5182878304062
CIV,2021,11.2111608527105
CIV,2020,10.2772547090229
CIV,2019,16.7946232292025
CIV,2018,15.9261119900858
CIV,2017,12.6226345622712
CIV,2016,12.2606024304154
CIV,2015,12.9487994169276
CIV,2014,20.838190360683
CIV,2013,21.0645605725917
CIV,2012,29.094062518183
CIV,2011,24.3289042874042
CIV,2010,23.6570135075535
CIV,2009,29.4292929780665
CIV,2008,37.1531402941758
CIV,2007,32.5902768433819
CIV,2006,36.8733515134456
CIV,2005,27.7287907875803
CIV,2004,18.5197551226334
CIV,2003,9.29965934074346
CIV,2002,11.359930059128
CIV,2001,14.8393342397597
CIV,2000,20.3284493525677
CIV,1999,12.6147458242686
CIV,1998,9.81237327522455
CIV,1997,13.1133032049887
CIV,1996,16.2201172362689
CIV,1995,9.52233322968931
CIV,1985,9.70766235009469
HRV,2024,13.0917820766944
HRV,2023,11.9933049772166
HRV,2022,19.3892953687712
HRV,2021,11.8747173830894
HRV,2020,9.04277575351903
HRV,2019,9.47847332414296
HRV,2018,10.5649748380568
HRV,2017,10.6786816516462
HRV,2016,9.49404939744756
HRV,2015,10.9049883399332
HRV,2014,13.507536869033
HRV,2013,13.9912729854429
HRV,2012,13.6718561971398
HRV,2011,12.0765969396262
HRV,2010,12.4673216838203
HRV,2009,13.0144815987687
HRV,2008,12.8972693206912
HRV,2007,12.9343181003839
HRV,2006,15.1071995455938
HRV,2005,13.8929040520858
HRV,2004,11.3262188190272
HRV,2003,9.62307738195106
HRV,2002,9.34895999478269
HRV,2001,10.2151778121735
HRV,2000,10.9626983421509
HRV,1999,7.75035371501183
HRV,1998,5.80485922125235
HRV,1997,9.82433696400253
HRV,1996,9.22114785670538
HRV,1995,8.43263671625467
HRV,1994,9.0683373606827
HRV,1993,9.66542635438291
HRV,1992,8.67267812622606
CUB,2021,5.73613117163468
CUB,2020,10.295499776988
CUB,2019,4.41313592514728
CUB,2018,3.22102076823463
CUB,2017,2.50525444623505
CUB,2016,4.16853497390377
CUB,2006,0.000278319364383238
CUB,2005,0.847512024990472
CUB,2004,0.500193591079981
CUB,2003,1.49855667171442
CUB,2002,0.401734776982459
CUB,2001,1.48599419229552
CUB,2000,3.12565065656758
CUB,1999,1.26579686555557
CYP,2024,49.0689211198229
CYP,2023,48.7219908590275
CYP,2022,27.4863879712593
CYP,2021,26.2512977210872
CYP,2020,20.0416896354461
CYP,2019,26.3058906698995
CYP,2018,40.9673800485684
CYP,2017,30.9936030304856
CYP,2016,19.4642761267531
CYP,2015,11.7142450504551
CYP,2014,0.0
CYP,2013,2.30321642764847e-05
CYP,2012,0.0
CYP,2011,0.0136695432866564
CYP,2010,0.00235021753249288
CYP,2009,0.0
CYP,2008,0.0
CYP,2007,0.00758022597991503
CYP,2006,0.052638153306894
CYP,2005,0.0386433074214067
CYP,2004,0.969512303635874
CYP,2003,3.58841955792731
CYP,2002,3.88475971601288
CYP,2001,5.08966076885184
CYP,2000,5.91527040462518
CYP,1999,3.01711657886608
CYP,1998,2.60505864529173
CYP,1997,1.92610860821147
CYP,1996,2.58764777829738
CYP,1995,1.62194500454233
CYP,1994,2.60610659966537
CYP,1993,2.37160711664016
CYP,1992,2.20377384508877
CYP,1991,1.72168252333049
CYP,1990,1.90820262605224
CYP,1989,1.79241399940673
CYP,1987,5.1958700862288
CYP,1986,5.87566875208787
CYP,1985,8.10719760820746
CZE,2024,1.65042225091075
CZE,2023,1.91907988386955
CZE,2022,3.53919514728163
CZE,2021,2.22174838363033
CZE,2020,1.2001749503011
CZE,2019,1.72411289625088
CZE,2018,1.93349422036721
CZE,2017,1.79182139156991
CZE,2016,1.87099322261971
CZE,2015,2.94062234866954
CZE,2014,2.65099353687188
CZE,2013,2.95781400958343
CZE,2012,3.77861262452304
CZE,2011,3.78387115646777
CZE,2010,3.68041612517435
CZE,2009,3.5789370057009
CZE,2008,3.01206721644122
CZE,2007,2.63056083754343
CZE,2006,2.76577181735436
CZE,2005,2.95424919653861
CZE,2004,2.76580424713664
CZE,2003,2.87675595801679
CZE,2002,4.03844529892403
CZE,2001,3.00433152308771
CZE,2000,3.05448448687027
CZE,1999,2.84989501856792
CZE,1998,2.97129270150384
CZE,1997,3.75639607682378
CZE,1996,4.52900423382999
CZE,1995,4.26623500576797
CZE,1994,5.57450972300295
CZE,1993,6.08108817860597
DNK,2025,3.95080056852683
DNK,2024,3.77818245342826
DNK,2023,3.93398583708542
DNK,2022,5.97125968264802
DNK,2021,4.12965844002045
DNK,2020,2.08131278754721
DNK,2019,3.99130782895772
DNK,2018,4.31161076936038
DNK,2017,4.02329225342572
DNK,2016,3.52193023259605
DNK,2015,4.82598352011379
DNK,2014,6.55193063562233
DNK,2013,8.57392151061066
DNK,2012,9.36040400147185
DNK,2011,8.90717292190029
DNK,2010,8.07066918425641
DNK,2009,7.63371922050744
DNK,2008,9.58907657996195
DNK,2007,8.36362331224985
DNK,2006,10.0941238028224
DNK,2005,9.64491757214053
DNK,2004,7.84721688725071
DNK,2003,6.55280343105257
DNK,2002,6.18038916103507
DNK,2001,5.72402380469714
DNK,2000,7.01146142066434
DNK,1999,3.76646604633445
DNK,1998,2.74678447626865
DNK,1997,3.74552775107754
DNK,1996,4.29019604635323
DNK,1995,2.58347842883058
DNK,1994,2.48436199766305
DNK,1993,2.94666497574807
DNK,1992,3.428490835364
DNK,1991,3.60627679777332
DNK,1990,3.34034602427167
DNK,1989,3.00914771419508
DNK,1988,2.21596768696466
DNK,1987,2.97323486168388
DNK,1986,3.12953981634673
DNK,1985,5.47945775312831
DJI,2023,0.995238487819515
DJI,2022,1.24359395878011
DJI,2021,0.442789095210204
DJI,2009,6.47331941297147
DJI,1987,0.0136856237394985
DJI,1986,0.265437438586763
DMA,2023,0.00752646170555339
DMA,2022,0.129024431220386
DMA,2021,0.000303990218018957
DMA,2020,0.0428312278450149
DMA,2019,0.000386000094456494
DMA,2018,0.000126027499782118
DMA,2017,0.223367956944298
DMA,2016,7.33421155815325e-05
DMA,2013,0.00531517299232305
DMA,2012,0.0
DMA,2010,0.0528019163483777
DMA,2009,0.0
DMA,2008,0.0
DMA,2007,0.0
DMA,2006,0.0
DMA,2005,0.0
DMA,2004,0.0
DMA,2003,0.0
DMA,2002,0.0
DMA,2001,0.0
DMA,2000,0.0
DMA,1999,0.0
DMA,1997,3.92247456525302e-06
DMA,1995,0.000107610830970608
DMA,1994,0.000879249036117579
DMA,1993,0.000238925101567167
DMA,1987,0.0
DMA,1986,0.0
DOM,2024,0.435451263861145
DOM,2023,0.30547693742132
DOM,2022,1.09092148161125
DOM,2021,0.771514244911985
DOM,2020,0.324398828760202
DOM,2019,4.36862169290227
DOM,2018,5.08445416179815
DOM,2017,4.70047640907006
DOM,2016,3.83103177400536
DOM,2015,4.40638828054659
DOM,2014,5.69909161592124
DOM,2013,1.96443334758797
DOM,2012,6.3417919456367
DOM,2011,2.93053082718266
DOM,2010,0.099717507251035
DOM,2009,5.84510534150755
DOM,2008,7.74372386578028
DOM,2007,5.52179161382597
DOM,2006,0.00912935198268182
DOM,2005,5.2442182706843
DOM,2004,3.72611529328814
DOM,2003,2.5885470393514
DOM,2002,1.97124170560477
DOM,2001,15.8079645538506
DOM,1997,0.0241570020379593
DOM,1996,0.0201465131348334
DOM,1987,0.000890378709655097
DOM,1986,0.0120084878964438
ECU,2024,27.4813880702454
ECU,2023,28.8613429479255
ECU,2022,35.4829696314727
ECU,2021,32.2853645441255
ECU,2020,26.0572897017572
ECU,2019,39.1701538590398
ECU,2018,40.7852721644812
ECU,2017,36.2561114099386
ECU,2016,32.7169914569429
ECU,2015,36.3427967688568
ECU,2014,51.6086837081626
ECU,2013,56.5210833601088
ECU,2012,57.846148412909
ECU,2011,57.7787990802791
ECU,2010,55.3030204823096
ECU,2009,50.2337945782196
ECU,2008,62.2801482982578
ECU,2007,59.9917457565675
ECU,2006,59.273668541052
ECU,2005,59.4704452779803
ECU,2004,55.6625239238104
ECU,2003,43.1626885974467
ECU,2002,40.9750775445068
ECU,2001,40.8783929169536
ECU,2000,50.6508422802778
ECU,1999,33.242154001429
ECU,1998,21.9572375032799
ECU,1997,29.7250489696057
ECU,1996,36.3213789589622
ECU,1995,35.0771093762565
ECU,1994,33.9521101790798
ECU,1993,41.3865217830625
ECU,1992,43.9377813725473
ECU,1991,40.401842187814
ECU,1990,51.8951517373859
ECU,1987,40.4310403585421
ECU,1986,41.7745047513885
ECU,1985,62.8576604021713
EGY,2024,12.4540426829027
EGY,2023,18.1531616111814
EGY,2022,35.9532117277136
EGY,2021,31.6971100561669
EGY,2020,20.6229583667758
EGY,2019,26.465801966271
EGY,2018,24.5436332078061
EGY,2017,19.3528393471568
EGY,2016,13.7657934284608
EGY,2015,17.8713832773737
EGY,2014,23.3551757931695
EGY,2013,26.0844601901547
EGY,2012,30.1290625343441
EGY,2011,29.2504485443273
EGY,2010,28.675015261694
EGY,2009,28.5311081758902
EGY,2008,43.9609378227177
EGY,2007,52.2178046042278
EGY,2006,55.4576130325556
EGY,2005,51.2725247920002
EGY,2004,43.1044662663056
EGY,2003,43.0771531636003
EGY,2002,33.5758472614446
EGY,2001,40.4973736835231
EGY,2000,41.9128863608293
EGY,1999,36.9130338926473
EGY,1998,29.5257393353993
EGY,1997,45.3508405837127
EGY,1996,47.5909842920212
EGY,1995,37.2504079560839
EGY,1994,39.1675776151717
EGY,1987,35.7339384317835
EGY,1986,51.2347844967019
EGY,1985,68.142632022779
SLV,2024,5.00115993975647
SLV,2023,5.29654060272418
SLV,2022,4.79090726433674
SLV,2021,3.88664003808006
SLV,2020,3.20991367903261
SLV,2019,3.37096131973082
SLV,2018,3.53674673172561
SLV,2017,3.1700621689001
SLV,2016,2.85703125629467
SLV,2015,1.9602368517525
SLV,2014,2.57051935028685
SLV,2013,2.310418912892
SLV,2012,3.18128162520571
SLV,2011,3.17562525140071
SLV,2010,2.92291722483646
SLV,2009,2.75552281120897
SLV,2008,3.44085217496394
SLV,2007,2.84937473805287
SLV,2006,2.2630253508994
SLV,2005,1.86278033146763
SLV,2004,1.85819761530743
SLV,2003,2.00487312073414
SLV,2002,2.15866523854517
SLV,2001,2.86889555601653
SLV,2000,2.64228351172831
SLV,1999,4.6829748256665
SLV,1998,3.77818300040852
SLV,1997,3.28093904664212
SLV,1996,3.23067591345229
SLV,1995,0.0565357655124746
SLV,1994,0.540126703213827
SLV,1987,1.28411444406028
SLV,1986,1.08999617927698
SLV,1985,2.51404092758215
ERI,2002,0.0
ERI,2001,0.0
EST,2024,7.77072769925022
EST,2023,8.40546041427357
EST,2022,14.6886476101958
EST,2021,6.84172899377223
EST,2020,4.86060996210624
EST,2019,5.15338494755635
EST,2018,6.25245637056531
EST,2017,9.90908638679396
EST,2016,8.25731127628323
EST,2015,10.9620111254271
EST,2014,11.0752147148655
EST,2013,10.2328124082169
EST,2012,16.1288814928579
EST,2011,16.759429812844
EST,2010,15.7557378331267
EST,2009,7.55377119463788
EST,2008,5.68918091433344
EST,2007,4.33060211149002
EST,2006,15.5473654441927
EST,2005,7.24164619557619
EST,2004,4.57624631517245
EST,2003,4.23761126864072
EST,2002,5.31993030472275
EST,2001,3.91045831328318
EST,2000,4.49531276691932
EST,1999,4.52333105711365
EST,1998,3.71615331373643
EST,1997,6.33594123744046
EST,1996,6.39286243147543
EST,1995,7.07357374536226
SWZ,2023,3.59794524294311
SWZ,2022,2.79813710826975
SWZ,2021,1.18486980833579
SWZ,2020,1.13422475123481
SWZ,2019,0.8345161150458
SWZ,2018,0.999438298059724
SWZ,2017,1.18577885671476
SWZ,2016,0.878224883829489
SWZ,2015,0.774679896667241
SWZ,2014,0.957817323760654
SWZ,2013,1.27806869478273
SWZ,2012,0.966255611612647
SWZ,2011,0.508342693376851
SWZ,2010,1.17852252583884
SWZ,2009,0.789199615676906
SWZ,2008,1.7857614869689
SWZ,2007,1.26022040911437
SWZ,2006,0.920284908992837
SWZ,2005,0.586971596349744
SWZ,2004,0.657054524354526
SWZ,2003,0.653258092351942
SWZ,2002,0.705024745662401
SWZ,2001,0.818204089718946
SWZ,2000,0.698798009114149
ETH,2023,0.0317976469871324
ETH,2022,0.0081728528551792
ETH,2021,6.92693626282324e-05
ETH,2020,0.00466762968720468
ETH,2019,0.000100158271942029
ETH,2018,8.76209733929005e-06
ETH,2017,0.00174724528051893
ETH,2016,0.00792917271878003
ETH,2015,8.43578426363285e-07
ETH,2014,0.0463693412234373
ETH,2013,0.00120079987025877
ETH,2012,0.00477153174932123
ETH,2011,1.44284633759849e-05
ETH,2010,0.00597790062470827
ETH,2009,0.00140983458174667
ETH,2008,0.00882169997172354
ETH,2007,0.0103730569103196
ETH,2005,0.00427410506095752
ETH,2004,0.0041466902140579
ETH,2002,0.00102779352734005
ETH,2001,0.00266192229379073
ETH,1997,0.691310648660058
ETH,1995,2.85781220860446
FRO,2009,2.79966443731964
FRO,2008,2.12412708103002
FRO,2007,1.7296457127819
FRO,2006,1.95138438103865
FRO,2000,5.55871303274651e-05
FRO,1999,0.000619611091566705
FRO,1998,0.000148692130045245
FRO,1997,0.00101848048613286
FJI,2024,0.038792893748014
FJI,2023,0.0304205173711805
FJI,2022,0.00896119294518203
FJI,2021,0.0243939323785786
FJI,2020,0.0139017823943205
FJI,2019,0.0196300015245936
FJI,2018,0.0363052019446146
FJI,2017,0.0491211110085218
FJI,2016,0.0182944447660437
FJI,2015,0.00420082497701858
FJI,2014,0.00884780764239431
FJI,2013,0.0271306692408987
FJI,2012,0.0387534750988617
FJI,2011,0.121808650065764
FJI,2010,0.0856275797751915
FJI,2009,0.178329937343879
FJI,2008,0.0480732391458322
FJI,2007,0.0751415823719438
FJI,2006,0.0832784183467419
FJI,2005,0.0511364147089981
FJI,2002,0.0
FJI,2001,0.00531870411286507
FJI,1994,0.00118696525775721
FJI,1993,0.00107480677549235
FJI,1992,0.00230723151840757
FJI,1991,0.00251338197044364
FJI,1990,0.00207754956640084
FJI,1989,0.000284622171263755
FJI,1987,0.0
FJI,1986,0.0
FJI,1985,0.00132187066567176
FIN,2024,7.5318060893789
FIN,2023,9.50214792822571
FIN,2022,10.4171336225174
FIN,2021,6.9991011506182
FIN,2020,7.01061120576107
FIN,2019,8.93949294379424
FIN,2018,8.47941929187425
FIN,2017,7.87281740072405
FIN,2016,7.66983539583826
FIN,2015,6.76312112992402
FIN,2014,10.7696389893942
FIN,2013,12.2157940645822
FIN,2012,10.9192398514449
FIN,2011,9.48992983167928
FIN,2010,8.00778829788298
FIN,2009,6.39187425472818
FIN,2008,6.8450443496946
FIN,2007,5.35882266984155
FIN,2006,5.19187760108048
FIN,2005,4.36052436203863
FIN,2004,4.27022224955802
FIN,2003,3.94683112007066
FIN,2002,3.30941211057328
FIN,2001,3.14944005672872
FIN,2000,3.43832095697989
FIN,1999,2.41364998483592
FIN,1998,1.86172552011242
FIN,1997,2.31870996142584
FIN,1996,3.06513350837629
FIN,1995,1.89048150235136
FIN,1994,2.25659363339798
FIN,1993,2.7283280526662
FIN,1992,3.26012589148374
FIN,1991,3.04488236801492
FIN,1990,1.46818689583015
FIN,1989,0.93760584570379
FIN,1988,1.70506613674952
FIN,1987,2.21784047681389
FIN,1986,2.42190477477832
FIN,1985,4.29102712393183
FRA,2024,4.40931574185064
FRA,2023,5.1259997747409
FRA,2022,5.90288840625744
FRA,2021,3.67766725739694
FRA,2020,2.17631318472775
FRA,2019,2.77533644087224
FRA,2018,3.29246555293983
FRA,2017,2.80075972124448
FRA,2016,2.30761310498294
FRA,2015,2.95528102932916
FRA,2014,3.879573777375
FRA,2013,3.91482105973503
FRA,2012,4.44640256167696
FRA,2011,4.54318211381377
FRA,2010,3.65811274413341
FRA,2009,3.53134251252507
FRA,2008,5.06960349418849
FRA,2007,3.84287489236502
FRA,2006,4.32619285530699
FRA,2005,4.1253866202006
FRA,2004,2.8665533683138
FRA,2003,2.62366263490054
FRA,2002,2.41044026064874
FRA,2001,2.53812299131057
FRA,2000,2.77063410483004
FRA,1999,2.14940327736275
FRA,1998,2.09088137588917
FRA,1997,2.47582545615126
FRA,1996,2.55269678693745
FRA,1995,2.35406225947074
FRA,1994,2.41465931986656
FRA,1993,2.6946055689062
FRA,1992,2.31694444846694
FRA,1991,2.52711378850424
FRA,1990,2.3399395500774
FRA,1989,2.17989698720131
FRA,1988,2.03491968669167
FRA,1987,2.21232867261153
FRA,1986,2.67893207320131
FRA,1985,3.84852701091855
PYF,2022,0.0345127528179326
PYF,2021,0.057664844915583
PYF,2020,0.217449814572096
PYF,2019,0.030038461120385
PYF,2018,0.0141893928796097
PYF,2017,0.0332785339045213
PYF,2016,0.0144275858087006
PYF,2015,0.00499563085842658
PYF,2014,0.00704890982201503
PYF,2013,0.0181855927369479
PYF,2012,0.0106824065439393
PYF,2011,0.0334599624273103
PYF,2010,0.0382118030297716
PYF,2009,0.0577591067695771
PYF,2008,0.068026533719118
PYF,2007,0.0517430310634784
PYF,2006,0.0236426764920299
PYF,2005,0.00800621780108058
PYF,2004,0.00338294129752867
PYF,2003,0.0214943925019233
PYF,2002,0.00645300448843245
PYF,2001,0.00705329487951924
PYF,2000,0.00142678268924962
PYF,1999,0.00132747032866767
PYF,1998,0.00547838129978147
PYF,1997,0.0130218635202586
PYF,1996,0.0113073545942444
GAB,2023,53.9865618745688
GAB,2022,67.2482428452105
GAB,2021,52.3128650846528
GAB,2020,52.9194386591688
GAB,2019,54.8656896318362
GAB,2018,53.4577795641384
GAB,2017,62.2945642697917
GAB,2016,30.8820467592108
GAB,2015,41.9546334620749
GAB,2014,57.3466183308981
GAB,2013,65.7772359485275
GAB,2012,71.2999874587435
GAB,2011,85.8523172012879
GAB,2010,90.0238109825846
GAB,2009,83.1348290725266
GAB,2008,89.172106484587
GAB,2007,83.4131671985386
GAB,2006,85.6108217616136
GAB,2005,84.0432355614467
GAB,2004,76.1833932062393
GAB,2003,88.3710263827654
GAB,2002,83.8178488029703
GAB,2001,82.9503630155978
GAB,2000,83.3255028286385
GAB,1999,78.4741238249897
GAB,1998,83.0952184048873
GAB,1997,77.6019022617933
GAB,1996,82.7384813734857
GAB,1994,86.6007005145186
GAB,1993,89.3201011644081
GMB,2024,0.0
GMB,2023,0.0
GMB,2022,0.0
GMB,2021,45.6650541295822
GMB,2020,0.0
GMB,2019,0.0
GMB,2018,0.0
GMB,2017,0.0
GMB,2016,0.0
GMB,2015,0.0
GMB,2014,0.0
GMB,2013,0.0
GMB,2012,0.0
GMB,2011,0.0
GMB,2010,0.000103524226526354
GMB,2009,0.0
GMB,2008,0.0
GMB,2003,0.0
GMB,2002,0.00692766205053044
GMB,2001,0.0
GMB,2000,0.0
GMB,1999,0.13276386635332
GMB,1998,0.017383370126219
GMB,1997,0.366525644574004
GMB,1996,0.235338521770452
GMB,1995,0.169161581477016
GEO,2024,2.33702072065557
GEO,2023,4.09034025162347
GEO,2022,2.60573425303883
GEO,2021,0.790798155963414
GEO,2020,0.379604277824326
GEO,2019,0.719734166289668
GEO,2018,1.97412219775379
GEO,2017,4.10234077225929
GEO,2016,3.43276010987525
GEO,2015,8.13945677108545
GEO,2014,3.7699143071261
GEO,2013,3.26925426936962
GEO,2012,2.9506292384286
GEO,2011,4.13445051636053
GEO,2010,5.03344278022283
GEO,2009,4.37767893286602
GEO,2008,2.95013231247938
GEO,2007,3.72470307672767
GEO,2006,3.14940175095062
GEO,2005,3.23319790144088
GEO,2004,3.52462707764719
GEO,2003,5.05169366048303
GEO,2002,5.45310800002804
GEO,2001,9.12813885756339
GEO,2000,8.12839637330198
GEO,1999,9.7064859650609
GEO,1998,11.1696648388203
GEO,1997,16.7800120640784
GEO,1996,18.8418675432238
DEU,2024,2.07454936630529
DEU,2023,2.0446709964022
DEU,2022,3.55065871383029
DEU,2021,2.60156267352484
DEU,2020,1.81843784726771
DEU,2019,2.21694997936172
DEU,2018,2.06424587714665
DEU,2017,1.79687015135703
DEU,2016,1.64382508639625
DEU,2015,2.13441977383123
DEU,2014,2.25199429341006
DEU,2013,2.41594718104658
DEU,2012,2.43490930670804
DEU,2011,2.29646861136678
DEU,2010,1.96777437205077
DEU,2009,2.02575854491354
DEU,2008,2.61473020571424
DEU,2007,2.28098048790857
DEU,2006,2.52514172512018
DEU,2005,2.15737726367222
DEU,2004,1.86646970395014
DEU,2003,1.51275631349144
DEU,2002,1.42402064167184
DEU,2001,1.44738768953611
DEU,2000,1.41134713629722
DEU,1999,1.04056973044895
DEU,1998,1.03291080248421
DEU,1997,1.17031174424987
DEU,1996,1.26915581573352
DEU,1995,0.955770515368349
DEU,1994,1.12190298003613
DEU,1993,1.1833131208212
DEU,1992,1.22839085722654
DEU,1991,1.25261429856783
DEU,1990,1.27613059628131
DEU,1989,1.23031731861715
DEU,1988,1.21944872523885
DEU,1987,1.3171086087133
DEU,1986,1.59037010019311
DEU,1985,2.74404117980175
GHA,2023,24.5298166225955
GHA,2022,31.0014653616144
GHA,2021,26.6641837008799
GHA,2019,31.7022617995334
GHA,2018,30.6056138754779
GHA,2017,25.3456087168229
GHA,2016,12.9823297234949
GHA,2015,21.7019621780148
GHA,2014,29.7421554112913
GHA,2013,24.7444175029272
GHA,2012,28.9638835969169
GHA,2011,40.4219396496718
GHA,2010,0.114294159518324
GHA,2009,1.75329081764514
GHA,2008,1.32905143391096
GHA,2007,0.758742699996961
GHA,2006,0.449413904187484
GHA,2005,2.42026667222042
GHA,2004,2.25891488923827
GHA,2003,0.0481803318787904
GHA,2001,7.98184140719209
GHA,2000,4.89527474500612
GHA,1999,4.41563742023779
GHA,1998,3.26768196765273
GHA,1997,3.06636500725372
GHA,1996,3.35776840095481
GHA,1992,5.39579860302098
GRC,2024,30.247817424431
GRC,2023,32.3610109003756
GRC,2022,36.7819392981899
GRC,2021,28.2003382348404
GRC,2020,21.8705262171051
GRC,2019,31.5508351157215
GRC,2018,34.3275993994739
GRC,2017,31.5206091430482
GRC,2016,27.486746822351
GRC,2015,29.8025044841914
GRC,2014,38.4497921134743
GRC,2013,39.8794687368643
GRC,2012,38.9473786760151
GRC,2011,30.8480811435532
GRC,2010,26.0765746817089
GRC,2009,20.3161042422237
GRC,2008,21.6364957928643
GRC,2007,12.1528824805951
GRC,2006,13.0348086377202
GRC,2005,9.41657727800125
GRC,2004,6.88338928268689
GRC,2003,6.87847827377467
GRC,2002,8.44684246026498
GRC,2001,11.1353394304396
GRC,2000,14.6891493739015
GRC,1999,9.09725343365046
GRC,1998,6.76625665467794
GRC,1997,8.28880112749229
GRC,1996,8.41490523452556
GRC,1995,6.50924492359274
GRC,1994,10.3401891507972
GRC,1993,7.83497834769088
GRC,1992,5.26749945824568
GRC,1991,8.92706473884366
GRC,1990,7.29401555277056
GRC,1989,5.43880422822459
GRC,1988,5.18418649579532
GRC,1987,6.72279580016105
GRC,1986,6.56149095395421
GRC,1985,12.0448757496871
GRL,2018,5.96039293306854e-05
GRL,2017,0.000236138331680841
GRL,2016,5.35341984663745e-05
GRL,2015,0.000214372729150418
GRL,2014,3.18053570797951e-05
GRL,2013,6.20130868764201e-05
GRL,2012,0.000123280752578384
GRL,2011,0.000257661457602088
GRL,2010,0.000455948998286097
GRL,2009,6.18824327431985e-05
GRL,2008,0.000333159559238594
GRL,2007,1.67003405452262e-05
GRL,2006,0.00772824321901131
GRL,2005,0.0221659742013441
GRL,2004,0.0226810623140826
GRL,2003,0.0281728408231424
GRL,2002,0.0249555907424717
GRL,2001,0.038249697802587
GRL,2000,0.0270892300056736
GRL,1999,1.40724447461464
GRL,1998,1.75078524218507
GRL,1997,1.0631080893982
GRL,1996,1.14929534547133
GRL,1995,0.793410015653171
GRL,1994,1.08115193043366
GRL,1993,1.21759582237691
GRL,1992,1.0125281504999
GRL,1991,0.879836580211108
GRL,1990,0.894483671624846
GRL,1989,0.929320965425197
GRL,1988,1.38093197937703
GRL,1987,0.836270152232196
GRL,1986,1.25472379712087
GRL,1985,1.60583336380234
GRD,2024,0.000280506569057113
GRD,2023,0.00600336706493187
GRD,2022,0.000112442719931046
GRD,2021,0.0345900608543745
GRD,2020,0.0304281169101189
GRD,2019,0.0206872351411753
GRD,2018,0.0167886799713183
GRD,2017,0.927466088837773
GRD,2016,0.0114947152175975
GRD,2015,0.184799628962762
GRD,2014,0.194185696350986
GRD,2013,1.10989463844751
GRD,2012,0.123575653560857
GRD,2011,0.0
GRD,2010,0.0
GRD,2008,0.0490860787754612
GRD,2007,0.282854061652811
GRD,2006,0.0
GRD,2005,0.0
GRD,2004,0.0
GRD,2003,0.00343941143140668
GRD,2002,0.0
GRD,2001,0.0
GRD,2000,0.0
GRD,1999,0.0
GRD,1998,0.0
GRD,1997,0.0
GRD,1996,0.0279110092024674
GRD,1995,0.0
GRD,1994,0.00849068005675349
GRD,1993,0.000501657647762571
GRD,1987,0.000348994553403079
GRD,1986,0.0
GRD,1985,0.0
GTM,2024,2.87685268224686
GTM,2023,1.91720908388626
GTM,2022,2.88982472719425
GTM,2021,2.71077430779677
GTM,2020,2.36062512977755
GTM,2019,4.5514849831038
GTM,2018,4.18284694557494
GTM,2017,3.46205566813166
GTM,2016,3.19119223769435
GTM,2015,4.11851881622466
GTM,2014,6.54261244833977
GTM,2013,4.60521260126621
GTM,2012,3.95922978414064
GTM,2011,5.07864763153542
GTM,2010,4.51771285671813
GTM,2009,4.05012640218242
GTM,2008,6.98086379688782
GTM,2007,5.06236157782731
GTM,2006,8.78466264407755
GTM,2005,5.65421306924021
GTM,2004,8.27519812587276
GTM,2003,8.19705664111192
GTM,2002,7.15402228818343
GTM,2001,5.3650298997809
GTM,2000,5.98784939396314
GTM,1999,3.47613307176171
GTM,1998,2.36022050399979
GTM,1997,4.19868584337978
GTM,1996,3.20964272479908
GTM,1995,2.01328659272228
GTM,1994,1.80745378285567
GTM,1993,2.02382857119081
GTM,1987,1.81796809590318
GTM,1986,2.75346705481944
GTM,1985,1.68672294498637
GIN,2016,0.466113470861431
GIN,2015,0.213868655725313
GIN,2014,0.289042432328907
GIN,2013,0.289553832489308
GIN,2008,1.02831082278776
GIN,2007,0.864102683278354
GIN,2006,0.307662074415899
GIN,2005,3.40567100019241e-05
GIN,2004,0.267168896482423
GIN,2002,0.0557014661652494
GIN,2001,0.763842770128623
GIN,2000,0.0326893650491384
GIN,1999,0.0187122399861323
GIN,1998,0.0117933686403362
GIN,1997,0.0060625301669842
GIN,1996,0.0166063234639848
GIN,1995,0.0
GNB,2015,0.00207808733428507
GNB,2004,0.809891939704249
GUY,2025,75.8885276423796
GUY,2024,91.8941169807687
GUY,2023,86.1240111243749
GUY,2022,87.7912624605874
GUY,2021,68.9458186383787
GUY,2020,41.4530016432103
GUY,2019,5.52225782843934e-05
GUY,2018,0.00197253431649032
GUY,2017,0.00152946241564808
GUY,2016,0.0002846192827259
GUY,2015,4.94357193637663e-05
GUY,2014,0.000383814291986893
GUY,2013,2.64255922135971e-06
GUY,2012,4.32445899138433e-05
GUY,2011,0.0
GUY,2010,0.0
GUY,2009,0.000176657587114305
GUY,2008,0.000751225693066862
GUY,2007,0.000918260812129859
GUY,2006,0.000463444283185543
GUY,2005,0.000182487313548842
GUY,2004,0.0178910056472955
GUY,2003,0.00118430580053243
GUY,2002,1.10729463309816e-05
GUY,2001,0.00637604522429496
GUY,2000,1.29251571035002e-05
GUY,1999,0.000103239099996704
GUY,1998,0.0422657639337464
GUY,1997,0.00428925225278988
HTI,2016,0.0001049773608441
HTI,2014,0.0043249718857523
HTI,1996,1.15759498066816e-05
HTI,1991,0.0110878667688324
HTI,1990,0.0443565482416531
HND,2024,0.02883145069384
HND,2023,0.0650199693590328
HND,2021,0.013241011947448
HND,2020,0.009890520380133
HND,2019,0.0140768372959928
HND,2018,0.308822578147583
HND,2017,0.817041694657436
HND,2016,0.0219779608215723
HND,2015,0.0186038308259842
HND,2014,0.0260914911819797
HND,2012,3.90978374073776
HND,2011,4.10902012802959
HND,2010,8.0723038762939
HND,2009,6.17707347229059
HND,2007,5.38467318598085
HND,2006,0.337626779048706
HND,2005,0.608115568618842
HND,2004,0.10107453163439
HND,2003,0.194978895207617
HND,2002,0.0558140378246492
HND,2001,0.0268104516056491
HND,2000,0.1020976911118
HND,1999,0.527798327516472
HND,1998,0.256088397843228
HND,1997,0.281186235664396
HND,1996,0.109277198888382
HND,1995,0.0193108153077716
HND,1994,0.0525050542014049
HND,1993,0.010580540818699
HND,1987,0.216816979530867
HND,1986,0.0555052676677728
HND,1985,0.850484212273093
HKG,2024,0.111838199290455
HKG,2023,0.134003723009074
HKG,2022,0.124056862630244
HKG,2021,0.0950705144024559
HKG,2020,0.0860309283828553
HKG,2019,0.116930486380584
HKG,2018,0.119866004746752
HKG,2017,0.106953953113915
HKG,2016,0.882539406722337
HKG,2015,1.80642355129519
HKG,2014,1.44114492800792
HKG,2013,1.08391438680499
HKG,2012,1.08377769821115
HKG,2011,2.04710597899413
HKG,2010,1.97471247684696
HKG,2009,1.9405981440719
HKG,2008,1.89987009504121
HKG,2007,1.51790817690035
HKG,2006,1.2664099639829
HKG,2005,1.33685218489817
HKG,2004,0.992647981806573
HKG,2003,0.896646250430637
HKG,2002,0.727912959261127
HKG,2001,0.583712895671654
HKG,2000,0.461977335829639
HKG,1999,0.34198868361486
HKG,1998,0.321966232668042
HKG,1997,0.413002737273904
HKG,1996,0.154325913154053
HKG,1995,0.315467447937326
HKG,1994,0.375656190659725
HKG,1993,0.870348086757599
HKG,1992,0.892923907079889
HKG,1987,0.25713374570655
HKG,1986,0.300701013238288
HKG,1985,0.34136785000864
HUN,2025,4.13195933028604
HUN,2024,3.35037243793325
HUN,2023,3.01091871227433
HUN,2022,4.26893640063781
HUN,2021,3.1975322289865
HUN,2020,2.1936775401752
HUN,2019,2.62395420067476
HUN,2018,2.80671616706979
HUN,2017,2.49621747922648
HUN,2016,1.82120979027414
HUN,2015,2.29528126899766
HUN,2014,3.33738014007523
HUN,2013,3.59652575011648
HUN,2012,4.03999139914224
HUN,2011,3.48647939393779
HUN,2010,2.65553407851758
HUN,2009,2.46413041965744
HUN,2008,3.09137506197835
HUN,2007,2.79402124116207
HUN,2006,2.33860712342864
HUN,2005,2.61978452250302
HUN,2004,1.8029750084607
HUN,2003,1.55166807212857
HUN,2002,1.48652240672871
HUN,2001,1.58611534193754
HUN,2000,1.61330662038295
HUN,1999,1.58938127199278
HUN,1998,1.84511891430555
HUN,1997,2.26606428975684
HUN,1996,3.380550495906
HUN,1995,3.08222205240564
HUN,1994,3.43543343579901
HUN,1993,3.73384477563345
HUN,1992,3.24622380620964
HUN,1987,4.19736938181736
HUN,1986,4.01423548701177
HUN,1985,5.10894749828779
ISL,2025,1.46008715611827
ISL,2024,1.9525495830387
ISL,2023,2.4467295757755
ISL,2022,2.31523717434142
ISL,2021,1.14914806381892
ISL,2020,0.719497610466775
ISL,2019,1.59354192827939
ISL,2018,2.01382640511231
ISL,2017,1.18088468244248
ISL,2016,1.30876952578186
ISL,2015,1.61071182711898
ISL,2014,1.990960030038
ISL,2013,1.59881587921523
ISL,2012,2.01347115859458
ISL,2011,1.93291585931758
ISL,2010,1.02822593882239
ISL,2009,0.991646978305986
ISL,2008,1.48265540558041
ISL,2007,1.45343457291812
ISL,2006,2.33075048398321
ISL,2005,1.39645565158794
ISL,2004,0.518432513761317
ISL,2003,0.234564340543303
ISL,2002,0.40654344367881
ISL,2001,0.233396686298538
ISL,2000,0.359889067918245
ISL,1999,0.14465487817422
ISL,1998,0.161376703299821
ISL,1997,0.05923283605147
ISL,1996,0.0607516384916808
ISL,1995,0.0476905070943385
ISL,1994,0.0738151573203357
ISL,1993,0.0511202246618021
ISL,1992,0.069056258657072
ISL,1991,0.0492355392684912
ISL,1990,0.00111271609839224
ISL,1989,0.000573713876079744
ISL,1988,0.00204323066727163
IND,2024,17.094437885147
IND,2023,20.7059082080863
IND,2022,21.7524651912837
IND,2021,14.2846592727887
IND,2020,10.0306929080613
IND,2019,13.7763501701928
IND,2018,15.06745126951
IND,2017,12.1859467424678
IND,2016,10.6421920620902
IND,2015,11.8719127202525
IND,2014,19.6340746160473
IND,2013,20.6668895706043
IND,2012,18.7788936146643
IND,2011,18.7585466086377
IND,2010,17.2296552495647
IND,2009,13.5864051496825
IND,2008,18.0648893231602
IND,2007,16.1895676050457
IND,2006,14.8542991106596
IND,2005,10.4601583493885
IND,2004,8.06795716494028
IND,2003,6.10097544845508
IND,2002,4.64597767742237
IND,2001,4.89451361807116
IND,2000,3.40561977719471
IND,1999,0.247356545431809
IND,1998,0.425308277813696
IND,1997,1.1362364569023
IND,1996,1.54523205670197
IND,1995,1.65773868244334
IND,1994,1.94844601896859
IND,1993,2.23046474720315
IND,1992,2.83397327674653
IND,1991,2.36654649183465
IND,1990,2.92531077746134
IND,1989,2.6419027373897
IND,1988,2.57070791194394
IND,1987,4.21041049336382
IND,1986,3.36251414593716
IND,1985,6.03817907394276
IDN,2025,16.0120291720516
IDN,2024,20.8482942182543
IDN,2023,22.988404985231
IDN,2022,24.2968093578513
IDN,2021,19.4540368706185
IDN,2020,15.6268808662289
IDN,2019,20.3380217373565
IDN,2018,23.3100286060793
IDN,2017,21.8451876585303
IDN,2016,19.2890340293455
IDN,2015,23.0427750818147
IDN,2014,29.0428546208956
IDN,2013,31.4408284894275
IDN,2012,33.3477843794198
IDN,2011,33.8640790574272
IDN,2010,29.6394103981532
IDN,2009,28.2773498619135
IDN,2008,29.0318557788815
IDN,2007,25.6005070622317
IDN,2006,27.4003143914625
IDN,2005,27.6871048909906
IDN,2004,25.9296959534362
IDN,2003,25.7292623898005
IDN,2002,24.334811208024
IDN,2001,25.344427407571
IDN,2000,25.2438359749654
IDN,1999,22.9950502252818
IDN,1998,19.3030132326385
IDN,1997,24.6125212862387
IDN,1996,25.817044545495
IDN,1995,25.3386025177731
IDN,1994,26.2730647513679
IDN,1993,28.2176112605994
IDN,1992,33.1893666975371
IDN,1991,38.3272294195479
IDN,1990,43.7744774794227
IDN,1989,39.7626310290907
IDN,1987,48.9829556006783
IDN,1986,54.7587810372711
IDN,1985,66.5968159257045
IRN,2022,56.361512409332
IRN,2021,47.9119531286438
IRN,2020,29.1637868954392
IRN,2019,38.5316504652718
IRN,2018,68.6777337315966
IRN,2017,71.0578843095261
IRN,2016,67.5862230701503
IRN,2015,57.7930861182423
IRN,2014,67.7953155547417
IRN,2013,71.7172687320017
IRN,2011,70.5041242804763
IRN,2010,70.8018189413379
IRN,2006,83.2838200199219
IRN,2005,83.0809475304939
IRN,2004,78.9586877543246
IRN,2003,79.4780554871552
IRN,2002,70.3079897892571
IRN,2001,85.2051131777108
IRN,2000,88.8675310777915
IRN,1999,86.0700264270086
IRN,1998,81.2977718272111
IRN,1997,85.8003950430061
IRQ,2016,99.9864810010682
IRQ,2015,99.7872777592791
IRQ,2014,99.8860619088129
IRQ,2013,99.7968723357044
IRQ,2012,99.749740585093
IRQ,2011,99.7790725268102
IRQ,2010,99.7045850237878
IRQ,2009,99.6937150677908
IRQ,2008,99.7568096571184
IRQ,2007,99.6294248203056
IRQ,2006,99.459181622694
IRQ,2005,96.3555657715066
IRQ,2004,96.0061358572201
IRQ,2002,95.0954914415094
IRQ,2001,95.0066887098728
IRQ,2000,97.0120267860648
IRL,2024,0.35300599772993
IRL,2023,0.484641350208567
IRL,2022,0.86266788917085
IRL,2021,0.573629367116036
IRL,2020,0.48076376071733
IRL,2019,0.580882302920306
IRL,2018,0.726723345000767
IRL,2017,0.808444693249705
IRL,2016,0.579429251892252
IRL,2015,0.687610499497789
IRL,2014,0.91411475748385
IRL,2013,0.92254666819731
IRL,2012,1.76087251684561
IRL,2011,1.4526452638135
IRL,2010,1.13011667576576
IRL,2009,0.679163091127457
IRL,2008,0.940161474923173
IRL,2007,0.757906206164022
IRL,2006,0.647972504993839
IRL,2005,0.698321635168599
IRL,2004,0.474636791778296
IRL,2003,0.242554154325918
IRL,2002,0.38490927404738
IRL,2001,0.320556204111496
IRL,2000,0.344013748161195
IRL,1999,0.264334274650076
IRL,1998,0.264724263315951
IRL,1997,0.416004173228241
IRL,1996,0.408782620377327
IRL,1995,0.434674660725616
IRL,1994,0.478382742210036
IRL,1993,0.58713880957981
IRL,1992,0.580686296007581
IRL,1991,0.594795085386149
IRL,1990,0.631911042979365
IRL,1989,0.470350603653938
IRL,1988,0.543555725359362
IRL,1987,0.720086427547044
IRL,1986,0.781484343707625
IRL,1985,1.26947022591434
ISR,2022,5.31969619319333
ISR,2019,2.05400326279715
ISR,2018,2.26461032824839
ISR,2017,1.43726242593619
ISR,2016,1.38774761271954
ISR,2015,0.791842717525683
ISR,2014,1.14301444001863
ISR,2013,1.57983966956452
ISR,2012,1.70032816426379
ISR,2011,0.971529018503775
ISR,2010,0.86528471011638
ISR,2009,0.0458749912954342
ISR,2008,0.911525798620534
ISR,2007,0.151946534194579
ISR,2006,0.0988995683933675
ISR,2005,0.058722498086305
ISR,2004,0.0260227295207333
ISR,2003,0.0370735767811615
ISR,2002,0.0399913280963511
ISR,2001,0.0256556981904406
ISR,2000,0.0238160661016825
ISR,1999,0.522021436973429
ISR,1998,0.503369637188807
ISR,1997,0.525828240194722
ISR,1996,0.512173463381318
ISR,1995,0.0236934951689151
ISR,1994,0.544419085195486
ISR,1993,0.602703768485312
ISR,1992,0.597431121704977
ISR,1991,0.575536912670057
ISR,1990,0.663368895684619
ISR,1989,0.567005131334757
ISR,1988,0.561978757436005
ISR,1987,0.0138382322736053
ISR,1986,0.0171873838442179
ISR,1985,0.0105028844920792
ITA,2024,3.05293641850331
ITA,2023,3.62874175899833
ITA,2022,4.97853512208366
ITA,2021,3.09783025955749
ITA,2020,2.14179213063523
ITA,2019,3.04947553200783
ITA,2018,3.47059391265364
ITA,2017,3.27256247837187
ITA,2016,2.66359462149532
ITA,2015,3.2944073725625
ITA,2014,3.73903759474597
ITA,2013,4.27731648308039
ITA,2012,4.69948477906981
ITA,2011,4.76073239440413
ITA,2010,4.63889398875227
ITA,2009,3.447934596545
ITA,2008,4.69330962737191
ITA,2007,3.92041828636441
ITA,2006,3.60007386240689
ITA,2005,3.43872028627477
ITA,2004,2.34086220980734
ITA,2003,2.13590429760863
ITA,2002,1.74600962390738
ITA,2001,1.91041364323619
ITA,2000,2.02151286901693
ITA,1999,1.19363479156694
ITA,1998,1.10087498289542
ITA,1997,1.42417578637476
ITA,1996,1.22530273526608
ITA,1995,1.24769934757347
ITA,1994,1.57976112828564
ITA,1993,2.17010961921241
ITA,1992,2.20925317836692
ITA,1991,2.33080775609031
ITA,1990,2.30560792310022
ITA,1989,1.99103845878464
ITA,1988,1.92865800074488
ITA,1987,2.4381572605681
ITA,1986,2.78926181772774
ITA,1985,4.66983127945462
JAM,2023,28.7976547528445
JAM,2022,40.3851242137235
JAM,2021,27.0688967873524
JAM,2020,18.9033420448084
JAM,2019,19.628162448872
JAM,2018,14.6465520335904
JAM,2017,18.8089818871207
JAM,2016,15.8992712670727
JAM,2015,16.0277563138799
JAM,2014,21.8088405769211
JAM,2013,23.8316795122739
JAM,2012,23.6002811643404
JAM,2011,24.2170027316131
JAM,2010,22.6130787526814
JAM,2009,17.2367914033147
JAM,2008,18.2762892220308
JAM,2007,15.0885821931643
JAM,2006,13.7321281176911
JAM,2005,7.44355134298701
JAM,2004,2.41870813664498
JAM,2003,2.35339242140386
JAM,2002,2.64190745289582
JAM,2001,1.20473914566683
JAM,2000,0.292569095461062
JAM,1999,0.295989204507115
JAM,1998,0.224612318231084
JAM,1997,0.241875230075815
JAM,1996,0.440233672443895
JAM,1995,0.552588680339595
JAM,1994,0.507223428698586
JAM,1993,0.617553349030216
JAM,1992,0.979387820049748
JAM,1991,1.02359008215076
JAM,1987,1.96028777433188
JAM,1986,3.12130808231608
JAM,1985,5.21550106317916
JPN,2025,1.18502310670015
JPN,2024,1.39430977776367
JPN,2023,1.77262134601493
JPN,2022,2.4439279415333
JPN,2021,1.35105888659274
JPN,2020,1.18928797948461
JPN,2019,1.98546863293334
JPN,2018,1.81010139690813
JPN,2017,1.62989701847048
JPN,2016,1.45314833400369
JPN,2015,1.82112089122004
JPN,2014,2.29264163422113
JPN,2013,2.33284299920258
JPN,2012,1.68214490249087
JPN,2011,1.97930812274285
JPN,2010,1.69502618164654
JPN,2009,1.81331656588565
JPN,2008,2.40280339631499
JPN,2007,1.29910132558477
JPN,2006,0.911800481133708
JPN,2005,0.748696218083002
JPN,2004,0.40443333428467
JPN,2003,0.330277857113262
JPN,2002,0.336838530943305
JPN,2001,0.37414264059477
JPN,2000,0.31713063235683
JPN,1999,0.293460615995519
JPN,1998,0.318688278151706
JPN,1997,0.453849667485478
JPN,1996,0.474366187977455
JPN,1995,0.562941676915821
JPN,1994,0.58221079333948
JPN,1993,0.54683720055062
JPN,1992,0.469528600301781
JPN,1991,0.412574231240896
JPN,1990,0.439040701042179
JPN,1989,0.350659281606807
JPN,1988,0.217675969595964
JPN,1987,0.341508276430957
JPN,1986,0.281277448714273
JPN,1985,0.306495770781985
JOR,2024,0.264858580668078
JOR,2023,0.498739629336105
JOR,2022,0.917109884625019
JOR,2021,0.706962713297216
JOR,2020,1.33182496918067
JOR,2019,2.03314518398133
JOR,2018,1.71392273426769
JOR,2017,0.123590689364973
JOR,2016,0.104709249071117
JOR,2015,0.120929763386295
JOR,2014,0.167919629735253
JOR,2013,0.173899859349714
JOR,2012,0.282058142253294
JOR,2011,0.184803898952021
JOR,2010,1.07702929489453
JOR,2009,0.561906843612745
JOR,2008,0.150133122256453
JOR,2007,0.827504244451735
JOR,2006,1.02627219723761
JOR,2005,0.972445920300149
JOR,2004,0.681552349591884
JOR,2003,0.275406105524519
JOR,2002,0.00638352187104476
JOR,2001,0.0109858651165525
JOR,2000,0.0134095616213473
JOR,1999,0.00361283657224328
JOR,1998,0.0708536535849433
JOR,1997,0.00418402413654111
JOR,1995,0.00162134177741617
JOR,1994,0.00898874921233926
JOR,1993,0.00556317455359135
JOR,1992,0.000743513321288203
JOR,1991,0.00375233915302043
JOR,1990,0.000852695213785748
JOR,1989,0.000522054970030677
JOR,1987,0.00533588226631352
JOR,1986,0.0378078933492854
JOR,1985,0.00313225493448798
KAZ,2024,56.7199106286709
KAZ,2023,58.9305033328289
KAZ,2022,68.0182146754446
KAZ,2021,65.6108725080086
KAZ,2020,65.3889791619589
KAZ,2019,66.2407564398188
KAZ,2018,70.0337201158019
KAZ,2017,63.3269144379605
KAZ,2016,60.7328771938903
KAZ,2015,67.7181648737463
KAZ,2014,76.3925592249518
KAZ,2013,76.2956655965256
KAZ,2012,69.8792646239037
KAZ,2011,72.0210784152868
KAZ,2010,71.6806270855298
KAZ,2009,69.514157362947
KAZ,2008,68.7221352878897
KAZ,2007,66.0104725340561
KAZ,2006,68.714090971935
KAZ,2005,70.1188445046683
KAZ,2004,64.2555866804038
KAZ,2003,61.2210355625118
KAZ,2002,58.2968412422144
KAZ,2001,56.0681629309164
KAZ,2000,50.123791354162
KAZ,1999,43.6437785324875
KAZ,1998,36.7043819848245
KAZ,1997,34.1560510401668
KAZ,1996,32.9430392621694
KAZ,1995,24.9891959336264
KEN,2024,1.63087288958127
KEN,2023,1.8648287478394
KEN,2022,1.37369379382007
KEN,2021,0.924149796237318
KEN,2020,6.74832493327525
KEN,2019,7.73708033046599
KEN,2018,0.834754874486309
KEN,2017,1.00602573407941
KEN,2016,7.46355756592411
KEN,2015,10.4002054705089
KEN,2013,0.93827196300241
KEN,2010,4.19535073962597
KEN,2009,4.20130504014462
KEN,2008,2.09821677072516
KEN,2007,4.26371122113361
KEN,2006,7.27291530118403
KEN,2005,18.3199226649607
KEN,2004,0.901139664414074
KEN,2003,19.1551044918056
KEN,2002,16.6165342326688
KEN,2001,0.137453897922522
KEN,2000,8.07794915983307
KEN,1999,8.35068204587101
KEN,1998,8.56909851126398
KEN,1997,9.30589154536411
KEN,1996,6.99579226673001
KEN,1995,6.14049176641365
KEN,1994,4.12278110456955
KEN,1993,9.37527958674352
KEN,1992,11.3155114258507
KEN,1991,16.7874038002834
KEN,1990,13.1013578287153
KEN,1987,13.561258800925
KEN,1986,11.4197512757557
KEN,1985,16.2682632813043
KIR,2021,0.0166411164417841
KIR,2020,3.39645842254512
KIR,2018,15.1631521771927
KIR,2017,7.23596248463997
KIR,2016,8.28238200390099
KIR,2015,9.66602186156077
KIR,2014,8.28238106938328
KIR,2013,32.4586507967065
KIR,2012,0.000171954230598533
KIR,2011,0.000116311163533845
KIR,2008,0.0629045096507676
KIR,2007,0.000246463252329078
KIR,2005,0.0170988965474781
KOR,2024,7.70232630112563
KOR,2023,8.55361920375165
KOR,2022,9.47277423929597
KOR,2021,6.20942713728516
KOR,2020,4.96538608506398
KOR,2019,7.7796164250441
KOR,2018,7.93460902634461
KOR,2017,6.34576276711752
KOR,2016,5.5492872250197
KOR,2015,6.28827621295043
KOR,2014,9.19087254809735
KOR,2013,9.66955779780818
KOR,2012,10.4940639270131
KOR,2011,9.56161116916152
KOR,2010,6.98564233302644
KOR,2009,6.54303370361556
KOR,2008,9.11241113109065
KOR,2007,6.63053786115898
KOR,2006,6.42800081719723
KOR,2005,5.52335288427246
KOR,2004,4.14877491088135
KOR,2003,3.56106107839375
KOR,2002,4.03256692073535
KOR,2001,5.32448416449694
KOR,2000,5.44240824095879
KOR,1999,4.04415508340684
KOR,1998,3.47342864967623
KOR,1997,3.92875987409866
KOR,1996,2.98076101150615
KOR,1995,1.9766194905828
KOR,1994,1.81838316210008
KOR,1993,2.25183939814307
KOR,1992,2.27365441355294
KOR,1991,2.09911911734718
KOR,1990,1.07211640519506
KOR,1989,1.10112394136407
KOR,1988,0.964805941168216
KOR,1987,1.52586370117555
KOR,1986,1.78079030149807
KOR,1985,3.06779920057902
KWT,2024,90.7321487415169
KWT,2023,95.5164366055485
KWT,2022,96.0382613795238
KWT,2021,94.6305212160108
KWT,2020,92.8791686402667
KWT,2019,94.3677444960455
KWT,2018,90.8951500827978
KWT,2017,93.5741930367838
KWT,2016,92.7391106201563
KWT,2015,92.4993007083526
KWT,2014,95.2169457886681
KWT,2013,94.2171787337716
KWT,2011,94.8418724155951
KWT,2010,92.7518711482029
KWT,2009,93.2082155716075
KWT,2008,96.4909871739516
KWT,2007,96.3029607314663
KWT,2006,96.4752875038565
KWT,2004,94.598596572397
KWT,2003,93.4376463361072
KWT,2002,92.4986204166316
KWT,2001,93.2304331284878
KWT,2000,94.3054880797806
KWT,1999,90.6372558943007
KWT,1998,89.1260952465855
KWT,1997,95.050838611466
KWT,1996,95.2216095839115
KWT,1995,94.6750412960582
KWT,1994,93.8684682039987
KWT,1993,95.0670898289958
KWT,1992,94.5276416498152
KWT,1991,80.3551324145307
KWT,1990,92.3064909934966
KWT,1989,2.95462643101169
KWT,1988,0.187913081536473
KWT,1987,0.235079666696909
KWT,1986,0.278945998733128
KGZ,2025,9.40463737109047
KGZ,2024,7.31721333967097
KGZ,2023,5.93991117441845
KGZ,2022,8.81937517612303
KGZ,2021,3.63308306570475
KGZ,2020,4.384725562171
KGZ,2019,6.0392466709208
KGZ,2018,7.58951017001161
KGZ,2017,4.95863467834871
KGZ,2016,3.43976515656774
KGZ,2015,5.2179957360277
KGZ,2014,7.60556472633859
KGZ,2013,10.7827888923468
KGZ,2012,12.2201146937536
KGZ,2011,10.0198366401676
KGZ,2010,7.42229646661121
KGZ,2009,3.40065461229958
KGZ,2008,3.80008942757725
KGZ,2007,11.7161195680667
KGZ,2006,12.9258426825477
KGZ,2005,7.53021666575875
KGZ,2004,3.13861104105455
KGZ,2003,3.34268565099241
KGZ,2002,12.6345861548401
KGZ,2001,11.4432666212377
KGZ,2000,16.3595281000071
KGZ,1999,11.8191038717159
KGZ,1998,5.63715555970328
KGZ,1996,15.3126538643143
KGZ,1995,11.0567543135484
LAO,2023,1.82681289929622
LAO,2022,24.9508670533214
LAO,2021,27.4177584302158
LAO,2020,16.8657167141044
LAO,2019,27.0504530988954
LAO,2018,24.2519769448921
LAO,2017,26.3264153582686
LAO,2016,0.240806629071139
LAO,2015,0.176088512136599
LAO,2014,0.0421233410444505
LAO,2013,0.616634276575787
LAO,2012,0.673677614506647
LAO,2011,0.770085009604707
LAO,2010,0.870340616162543
LVA,2025,8.23196552918001
LVA,2024,7.00435280229489
LVA,2023,7.19706147644703
LVA,2022,12.3436383153413
LVA,2021,5.8995850568737
LVA,2020,3.57235217180195
LVA,2019,4.50961883437534
LVA,2018,5.3963542900298
LVA,2017,5.31242487702386
LVA,2016,5.68606068331057
LVA,2015,7.45689836614869
LVA,2014,8.65082249449374
LVA,2013,7.69649141673201
LVA,2012,7.83977671803602
LVA,2011,8.25566913336159
LVA,2010,5.30562593988955
LVA,2009,5.05888376986903
LVA,2008,3.43291102396638
LVA,2007,3.6584237794238
LVA,2006,5.17629395531379
LVA,2005,8.89393859080471
LVA,2004,4.61661637596288
LVA,2003,1.37720878864708
LVA,2002,1.47360238005683
LVA,2001,1.37853759635479
LVA,2000,2.4689005832647
LVA,1999,2.94565294258538
LVA,1998,1.7125269392325
LVA,1997,1.04821910340229
LVA,1996,2.01828921418558
LVA,1995,1.74777814455668
LVA,1994,1.7769970365175
LBN,2024,7.70940000965568
LBN,2023,9.88237160097366
LBN,2022,0.433020096745865
LBN,2021,0.241436727400156
LBN,2020,0.340577463595891
LBN,2019,1.45409543694151
LBN,2018,0.704025606732419
LBN,2017,1.51877124152991
LBN,2016,0.476668921652208
LBN,2015,0.812714035495173
LBN,2014,0.975199707169866
LBN,2013,8.55737748124045
LBN,2012,2.01796275219873
LBN,2011,0.098238163773614
LBN,2010,0.132265054585668
LBN,2009,0.338561740289721
LBN,2008,0.33284833912779
LBN,2007,0.217321452649323
LBN,2006,0.299487266437649
LBN,2005,0.34821472762562
LBN,2004,0.26287180715628
LBN,2003,0.231199844950283
LBN,2002,0.44816388749621
LBN,2001,0.155463709966929
LBN,2000,0.178629678109887
LBN,1999,0.0437096519469908
LBN,1998,0.0576542639644782
LBN,1997,0.075798634446496
LSO,2024,0.0200440072118683
LSO,2023,0.0242983712046877
LSO,2022,0.0246048491285881
LSO,2021,0.033559777615051
LSO,2020,0.014452161241193
LSO,2019,0.0343344578962748
LSO,2018,0.0379892296059272
LSO,2017,0.07923485972243
LSO,2016,0.080583696996223
LSO,2015,0.0530542243747911
LSO,2014,0.0376734422723571
LSO,2013,0.0815062744684557
LSO,2012,0.12209171884117
LSO,2011,0.14791613707775
LSO,2010,0.0769376796124365
LSO,2009,0.0168129994467445
LSO,2008,0.0417391701900564
LSO,2007,0.122346649228984
LSO,2004,0.0175765760189479
LSO,2003,0.0624084448535018
LSO,2002,0.00340130170595996
LSO,2001,0.0170708075774557
LBR,2023,1.8414552089698
LBR,2022,4.88453332769609
LBR,2021,2.6015195105444
LBR,2020,0.000844383013972209
LBR,2018,0.0234035467882422
LBR,2017,0.775447041377955
LBY,2019,94.4050188673453
LBY,2018,95.3967472853869
LBY,2017,89.0527915280661
LBY,2016,89.0527915280661
LBY,2010,97.7181660474755
LBY,2009,97.8939049801398
LBY,2008,96.7377076938414
LBY,2007,96.6247227091457
LBY,1987,96.8448360109296
LBY,1986,98.6434070226413
LBY,1985,98.5351655240006
LTU,2025,13.5992487753918
LTU,2024,14.0701332953485
LTU,2023,14.3006675662309
LTU,2022,16.6723674962133
LTU,2021,9.86311783561991
LTU,2020,6.90948542694294
LTU,2019,13.1348449849943
LTU,2018,14.6035767557735
LTU,2017,14.5163890708749
LTU,2016,13.7741952160399
LTU,2015,16.3053888986238
LTU,2014,17.549203568535
LTU,2013,23.0352983143341
LTU,2012,24.5019872706115
LTU,2011,25.2868447389065
LTU,2010,23.3502789739783
LTU,2009,21.3157018262962
LTU,2008,24.8328249799445
LTU,2007,13.32657182512
LTU,2006,23.5040961235158
LTU,2005,26.630710134146
LTU,2004,25.0656944009742
LTU,2003,19.4332920697522
LTU,2002,18.617772431732
LTU,2001,23.1440094567078
LTU,2000,20.8549209883702
LTU,1999,14.4169947187608
LTU,1998,18.6301025626343
LTU,1997,17.2321962295555
LTU,1996,14.8716279801281
LTU,1995,11.3884194076011
LTU,1994,15.8644481700749
LTU,1992,7.67174835149838
LUX,2024,0.123247093741778
LUX,2023,0.153930719722596
LUX,2022,0.226212692957831
LUX,2021,0.159643807540975
LUX,2020,0.0826630989449791
LUX,2019,0.0974079283313646
LUX,2018,0.0980118110705392
LUX,2017,0.0944590084151069
LUX,2016,0.0630612554097925
LUX,2015,0.482115060084286
LUX,2014,0.792755481602913
LUX,2013,0.9124571972713
LUX,2012,0.906015716616703
LUX,2011,0.823809485060464
LUX,2010,0.950253839201478
LUX,2009,1.24434505311501
LUX,2008,0.866779918350193
LUX,2007,0.772267080770856
LUX,2006,0.755468291334598
LUX,2005,0.484746205652523
LUX,2004,0.56940493730028
LUX,2003,0.479403294690643
LUX,2002,0.564341586554429
LUX,2001,0.174150039664466
LUX,2000,0.0947141236673684
LUX,1999,0.0657951610065989
MAC,2023,0.0
MAC,2022,0.0
MAC,2020,0.0
MAC,2019,0.0
MAC,2018,0.0
MAC,2017,0.0
MAC,2015,0.0
MAC,2014,0.0
MAC,2013,0.0
MAC,2012,0.0
MAC,2011,0.0
MAC,2010,0.0
MAC,2009,0.0
MAC,2008,0.0
MAC,2007,0.0
MAC,2006,0.0
MAC,2005,0.0
MAC,2004,0.0
MAC,2003,0.0
MAC,2002,3.48400332375004e-05
MAC,2001,0.00110190574508336
MAC,2000,0.0
MAC,1999,0.0
MAC,1998,1.48205789779031e-05
MAC,1997,0.423261803066598
MAC,1996,0.39451135314299
MAC,1995,0.00477241588794387
MAC,1994,0.0107598304665631
MAC,1993,0.017727571768995
MAC,1992,0.0173031661482616
MAC,1991,0.017405916533475
MAC,1990,0.00932806454379963
MAC,1989,0.0132651834487974
MAC,1987,0.00689014780515723
MAC,1986,0.0100336625717221
MAC,1985,0.0304452442991848
MDG,2024,2.55012561538512
MDG,2023,2.33410330754239
MDG,2022,2.24692128137179
MDG,2021,1.17584586276708
MDG,2020,1.7001839819329
MDG,2019,2.9314013074363
MDG,2018,2.32534103909142
MDG,2017,1.83435774159362
MDG,2016,2.55520071174556
MDG,2015,2.97134413180539
MDG,2014,3.75711607521926
MDG,2013,4.4367725808305
MDG,2012,6.85539091439205
MDG,2011,6.39082701978839
MDG,2010,5.90511790300301
MDG,2009,4.51286687984066
MDG,2008,5.84769983081265
MDG,2007,7.22250240687378
MDG,2006,5.51020605465603
MDG,2005,1.05388767197136
MDG,2004,1.78555239202322
MDG,2003,4.28006818205514
MDG,2002,1.95967332286693
MDG,2001,1.16599282715189
MDG,2000,3.79939840462356
MDG,1999,2.38490799496475
MDG,1998,4.22165688111657
MDG,1997,2.86795587473388
MDG,1996,3.24222477644898
MDG,1995,1.48533985297989
MDG,1994,0.62126126323842
MDG,1993,3.26333816686632
MDG,1992,3.48402528900685
MDG,1991,0.457299443825486
MDG,1990,0.514116989248159
MDG,1985,3.9476027591793
MWI,2024,0.00487544410740339
MWI,2023,0.000145544242795096
MWI,2022,0.00474239695206218
MWI,2021,0.0231170831782384
MWI,2020,0.155298013539324
MWI,2019,0.151161717691401
MWI,2018,0.0658028178635877
MWI,2017,0.186801735338877
MWI,2016,0.0979420401476056
MWI,2015,0.104381619365554
MWI,2014,0.042371121340196
MWI,2013,0.0365527439299261
MWI,2012,0.0920461716617677
MWI,2011,0.0985652602278643
MWI,2010,0.194092632314477
MWI,2009,0.113743766090584
MWI,2008,0.0272527561129214
MWI,2007,0.0380878763509734
MWI,2006,0.147388673915268
MWI,2005,0.0204440152807278
MWI,2004,0.299259342979992
MWI,2003,0.113642390702768
MWI,2002,0.0177546819487274
MWI,2001,0.136570604940105
MWI,2000,0.175344633661665
MWI,1999,0.274353250710265
MWI,1998,0.1161342253101
MWI,1997,0.688816989367323
MWI,1996,0.371911248811619
MWI,1995,0.079504643346318
MWI,1994,0.0203903138247864
MWI,1991,0.00251148776517675
MWI,1990,0.00263595058736833
MWI,1987,0.000431258598011844
MWI,1986,0.0247383189680903
MWI,1985,0.0201292640601528
MYS,2025,11.1592255377572
MYS,2024,14.4033158188559
MYS,2023,16.512163379367
MYS,2022,17.0810793062688
MYS,2021,12.447410329578
MYS,2020,11.3856806445869
MYS,2019,14.4392776477319
MYS,2018,15.6707664196549
MYS,2017,15.4036825994082
MYS,2016,14.0025952445656
MYS,2015,16.4637462888258
MYS,2014,22.0894873095308
MYS,2013,22.272387421079
MYS,2012,20.4071462425974
MYS,2011,17.7387093045849
MYS,2010,15.8464170995942
MYS,2009,14.7636800620585
MYS,2008,18.3497201239377
MYS,2007,14.3947328217767
MYS,2006,13.7316107502249
MYS,2005,13.4060044181637
MYS,2004,11.5989903056011
MYS,2003,10.0750778982487
MYS,2002,8.39065728551289
MYS,2001,9.71984242561603
MYS,2000,9.6183788648881
MYS,1999,6.79583089381515
MYS,1998,6.16330540050364
MYS,1997,8.12358325897909
MYS,1996,8.06254897399257
MYS,1995,6.99098624246929
MYS,1994,7.36711656369119
MYS,1993,10.2872071723321
MYS,1992,12.9456083975017
MYS,1991,15.5136567596019
MYS,1990,18.3246786659203
MYS,1989,16.2531767685105
MYS,1988,15.8004651707948
MYS,1987,19.946254510236
MYS,1986,22.8510979672511
MYS,1985,31.5379413291354
MDV,2024,0.10188003814864
MDV,2023,0.158725024282173
MDV,2022,0.143887093054331
MDV,2021,0.0597032520931897
MDV,2020,0.0176015951474777
MDV,2019,0.0463733052783601
MDV,2018,0.0144801040854888
MDV,2017,0.0014758312886858
MDV,2016,0.00895963179760215
MDV,2015,0.0254986476186502
MDV,2014,0.0466777384759983
MDV,2013,0.0463037212773749
MDV,2012,0.0343073532681685
MDV,2011,0.0454484866151526
MDV,2010,0.0232160593731683
MDV,2009,0.0723389608650904
MDV,2008,0.0127117497924993
MDV,2005,0.0
MDV,2004,0.0
MLI,2023,1.57868932302188
MLI,2022,0.442931031853676
MLI,2021,0.626444628424313
MLI,2020,0.470219345881592
MLI,2019,0.731289909733974
MLI,2018,1.22657222099501
MLI,2017,0.0217351376250624
MLI,2016,0.0140747275186598
MLI,2012,0.0867953325221218
MLI,2011,0.0326582678800252
MLI,2010,0.00864582465838409
MLI,2008,1.49126725513355
MLI,2007,0.471951893295053
MLI,2006,0.581808556013265
MLI,2005,0.558612748270356
MLI,2004,0.372089212769545
MLI,2003,0.572565493254135
MLI,2002,1.017796835267
MLI,2001,1.36396977973646
MLI,2000,2.86321023108914e-05
MLI,1999,0.00266405782726133
MLI,1998,0.0148755365576962
MLI,1997,0.00258023280717023
MLI,1996,0.0
MLT,2024,10.0847170807725
MLT,2023,5.37807454562032
MLT,2022,4.92130098012205
MLT,2021,7.27457607208956
MLT,2020,3.15924987147968
MLT,2019,28.8435966465491
MLT,2018,31.0009793297692
MLT,2017,37.7911895860483
MLT,2016,25.3681683821948
MLT,2015,38.4493264489492
MLT,2014,43.0419496539175
MLT,2013,42.4419896280075
MLT,2012,45.0780056700361
MLT,2011,42.4802360914303
MLT,2010,25.5753710573871
MLT,2009,1.53748328082834
MLT,2008,2.12654589178083
MLT,2007,2.27499371281887
MLT,2006,1.33168820016767
MLT,2005,1.07958812749337
MLT,2004,3.20639228107414
MLT,2003,0.0267497578529142
MLT,2002,0.0291609209400477
MLT,2001,0.00235613527236566
MLT,2000,3.14383404873875e-07
MLT,1999,0.0
MLT,1998,0.00134234735672218
MLT,1997,0.00441005009709815
MLT,1996,0.00942384407866298
MLT,1995,0.000507107079955665
MLT,1994,0.00639836177010726
MLT,1993,0.0
MLT,1992,0.00661862246156529
MLT,1991,0.0080364865291624
MLT,1990,0.0343638122397555
MLT,1987,0.0102110924651311
MLT,1986,0.00886699032937201
MLT,1985,0.363986439921719
MRT,2024,0.520317315307166
MRT,2023,0.479637265150761
MRT,2022,0.623249770541956
MRT,2021,0.314621738979646
MRT,2020,0.336546338455087
MRT,2015,4.36087402426154
MRT,2014,2.78774056131248
MRT,2013,2.54249598571643
MRT,2012,13.153296159352
MRT,2011,4.38706517156351
MRT,2010,14.4296063553899
MRT,2009,15.7158937808407
MRT,2008,20.0629304074443
MRT,2007,25.0244060870066
MUS,2024,0.000627714235244367
MUS,2023,0.0019451184109659
MUS,2022,0.00265203187452514
MUS,2021,0.000286817521553408
MUS,2020,0.290320929028787
MUS,2019,0.934537095576486
MUS,2018,1.10012600197178
MUS,2017,1.55680273942026
MUS,2016,0.000369375190893628
MUS,2015,0.000507291574020001
MUS,2014,0.00089030997636197
MUS,2013,0.000538922695063748
MUS,2012,0.000161439325038509
MUS,2011,0.000141832407252276
MUS,2010,0.000490474417017497
MUS,2009,0.0257222239793185
MUS,2008,0.028596488416849
MUS,2007,0.131813370424682
MUS,2006,0.0939486512849547
MUS,2005,0.000652755918896807
MUS,2004,0.0849911900389667
MUS,2003,0.0401834991377736
MUS,2002,0.0401835330744191
MUS,2001,0.00493768634250879
MUS,2000,0.00818211310058302
MUS,1999,0.00137640560582419
MUS,1998,0.0501675946065454
MUS,1997,0.0327907773068372
MUS,1996,7.54398361351665e-05
MUS,1995,0.00738023345525476
MUS,1994,0.0123795866027861
MUS,1993,0.0035119229385013
MUS,1992,1.91801198590027
MUS,1991,1.72344947580554
MUS,1990,1.37347534645395
MEX,2025,2.99248712882047
MEX,2024,4.49492353677104
MEX,2023,5.44687500653683
MEX,2022,6.4977788316006
MEX,2021,5.5701378045074
MEX,2020,3.84267437174223
MEX,2019,5.32160515060597
MEX,2018,6.5678211804808
MEX,2017,5.50774530391262
MEX,2016,4.82276713809655
MEX,2015,5.89078579129835
MEX,2014,10.4122287602677
MEX,2013,12.8121829522689
MEX,2012,14.0716102135622
MEX,2011,15.9452394736811
MEX,2010,13.768244466265
MEX,2009,13.2781279220113
MEX,2008,17.2231627311777
MEX,2007,15.6710828967322
MEX,2006,15.4567464150127
MEX,2005,14.8856175708843
MEX,2004,12.3851888996988
MEX,2003,11.2326729646685
MEX,2002,8.89924432899715
MEX,2001,7.97372448127892
MEX,2000,9.66529118455076
MEX,1999,7.13956980803485
MEX,1998,5.94667652263918
MEX,1997,10.0272314429789
MEX,1996,11.9579717263851
MEX,1995,10.2531586675514
MEX,1994,11.8490766642125
MEX,1993,14.0348755982002
MEX,1992,17.5795281683497
MEX,1991,30.0129083072199
MEX,1990,37.458271809631
MEX,1989,33.7840151349
MEX,1987,41.6665702427568
MEX,1986,32.4748555076834
MEX,1985,60.0866137311032
MDA,2024,2.38321762869108
MDA,2023,1.63810410209545
MDA,2022,0.838479793482883
MDA,2021,0.084563556459401
MDA,2020,0.0658157051824005
MDA,2019,0.0159962974276266
MDA,2018,0.0472646433145928
MDA,2017,0.0589373532158867
MDA,2016,0.0593215893309068
MDA,2015,0.132510817158309
MDA,2014,0.253826139073276
MDA,2013,0.19312870034219
MDA,2012,0.310258427322649
MDA,2011,0.68502128700707
MDA,2010,0.335665843311511
MDA,2009,0.353821508158087
MDA,2008,0.284927103422403
MDA,2007,0.238023798249035
MDA,2006,0.324050217151906
MDA,2005,0.193435475448262
MDA,2004,1.60356015061864
MDA,2003,0.595899462731542
MDA,2002,0.0237840533804297
MDA,2001,0.0186294281859855
MDA,2000,0.0904257523649786
MDA,1999,0.0273905978435647
MDA,1998,0.00202821521793324
MDA,1996,0.00555187219967975
MDA,1995,0.874796691513729
MDA,1994,2.52679088845481
MNG,2023,61.1123302589933
MNG,2022,53.8808530762002
MNG,2021,33.0756927527797
MNG,2020,30.1134721065071
MNG,2019,45.7377501391482
MNG,2018,45.785866315202
MNG,2017,42.8047609310714
MNG,2016,26.7728424510213
MNG,2015,20.6125684700568
MNG,2014,25.9095084252338
MNG,2013,38.6504020917416
MNG,2007,9.01491232499679
MNG,2006,4.56321775978835
MNG,2005,3.77821429287134
MNG,2004,2.99444650595482
MNG,2003,2.25359678877231
MNG,2002,0.714758877370137
MNG,2001,0.73354422821076
MNG,2000,0.421898129953086
MNG,1999,0.369019202445975
MNG,1998,0.216073577358136
MNG,1997,0.0564053520173504
MNG,1996,0.0294277036190051
MNE,2024,25.2784229867546
MNE,2023,36.6525202900443
MNE,2022,29.9739700654918
MNE,2021,18.5244981131668
MNE,2020,16.6484633068611
MNE,2019,21.409146823304
MNE,2018,20.8065874914252
MNE,2017,12.379382961741
MNE,2016,16.0949312242881
MNE,2015,14.8138663452101
MNE,2014,14.5401879138033
MNE,2013,29.0084899472738
MNE,2012,13.8295391998569
MNE,2011,14.982587258449
MNE,2010,10.7555335190838
MNE,2009,3.56507572855157
MNE,2008,3.96298508922763
MNE,2007,1.99543215701857
MNE,2006,0.92548123185062
MAR,2024,0.759031246462188
MAR,2023,1.21428847268287
MAR,2022,1.00965161630831
MAR,2021,0.690786590320233
MAR,2020,0.515055497762877
MAR,2019,1.5096725010458
MAR,2018,1.16507270206512
MAR,2017,0.915717103285065
MAR,2016,0.851631730088442
MAR,2015,1.93131182632741
MAR,2014,5.06512046366423
MAR,2013,7.21783053567622
MAR,2012,5.76450248609948
MAR,2011,4.34145432822333
MAR,2010,3.31051983251718
MAR,2009,3.58160008168939
MAR,2008,4.18663978615364
MAR,2007,3.71752760896919
MAR,2006,3.76178277627632
MAR,2005,5.0537343655877
MAR,2004,4.49350581169632
MAR,2003,2.61513516503521
MAR,2002,3.66191427532414
MAR,2001,4.22420824882811
MAR,2000,3.65699503641464
MAR,1999,2.70323984603658
MAR,1998,1.46034979475327
MAR,1997,1.94386329121883
MAR,1996,1.62676520975914
MAR,1995,2.20174647376455
MAR,1994,2.08116706472868
MAR,1993,2.66060217520122
MAR,1987,2.74342633527212
MAR,1986,2.55117742771983
MAR,1985,3.88772722833283
MOZ,2024,58.9003236000415
MOZ,2023,57.6135156555006
MOZ,2022,50.7186898345651
MOZ,2021,41.1381955498654
MOZ,2020,36.8617331036982
MOZ,2019,41.7750444782821
MOZ,2018,39.4919610313499
MOZ,2017,51.1579324800007
MOZ,2016,27.8780163383368
MOZ,2015,31.0071856421793
MOZ,2014,30.0376104079026
MOZ,2013,33.4629142605243
MOZ,2012,27.8069556417501
MOZ,2011,16.2781018823468
MOZ,2010,19.6535941900502
MOZ,2009,17.4275034733367
MOZ,2008,10.8435592127921
MOZ,2007,15.4818802550736
MOZ,2006,14.6620455439789
MOZ,2005,14.9128661991674
MOZ,2004,12.4214437884527
MOZ,2003,13.0197593239368
MOZ,2002,13.3385853092917
MOZ,2001,8.24417224300499
MOZ,2000,20.9936116957265
MOZ,1999,25.1558681048893
MOZ,1997,0.574072201050605
MOZ,1996,1.19335648096955
MOZ,1995,2.0367767291087
MOZ,1994,9.00553126353086
MMR,2024,21.9570193842403
MMR,2023,24.2241759769846
MMR,2022,23.4942446170029
MMR,2021,21.220208753714
MMR,2020,20.299108694666
MMR,2019,24.6715993904913
MMR,2018,21.6446810949072
MMR,2017,26.6678823089386
MMR,2016,28.1623538928698
MMR,2015,44.5178108638091
MMR,2014,42.7838695243051
MMR,2013,33.6174411817329
MMR,2012,24.3583262702265
MMR,2011,35.9097187513172
MMR,2010,35.1816309091515
MMR,1992,0.297097379381239
NAM,2024,1.28285602218848
NAM,2023,1.6576098963801
NAM,2022,3.60034377014636
NAM,2021,1.45482887043634
NAM,2020,1.14674893543043
NAM,2019,1.31156036060222
NAM,2018,0.578722935645166
NAM,2017,0.438934632215075
NAM,2016,1.32229917356492
NAM,2015,2.64040078009281
NAM,2014,1.45563559780561
NAM,2013,1.23502010241051
NAM,2012,0.953398782486897
NAM,2011,1.29061847758195
NAM,2010,1.27056274952211
NAM,2009,0.817470145591871
NAM,2008,0.444634545115881
NAM,2007,0.410976169146749
NAM,2006,0.458348069521536
NAM,2005,0.413471474512171
NAM,2004,0.50311393659037
NAM,2003,0.993442611073116
NAM,2002,0.664641934763584
NAM,2001,0.668613648345601
NAM,2000,2.07032021565297
NPL,2022,0.000422001355639369
NPL,2021,6.66375384580768e-06
NPL,2018,0.015293107300744
NPL,2017,0.00266232718899826
NPL,2015,0.00156426563766798
NPL,2014,0.00427691971404587
NPL,2013,0.00317309696043804
NPL,2012,0.0127445401569673
NPL,2011,5.17830048737702e-06
NPL,2010,4.5184108995034e-05
NPL,2009,0.00168747349552898
NPL,2003,0.00357579146798016
NPL,1999,0.00216214322500584
NPL,1994,0.0155636587344661
NPL,1986,3.330786435512e-05
NPL,1985,0.00345612747281175
NLD,2024,12.6812336694305
NLD,2023,14.5347760829432
NLD,2022,13.6080383440618
NLD,2021,9.01362412065194
NLD,2020,7.458285978711
NLD,2019,10.6520866544886
NLD,2018,10.7424825487341
NLD,2017,10.2776722948672
NLD,2016,9.14899567222457
NLD,2015,10.2507452834652
NLD,2014,12.5669371261896
NLD,2013,14.4300357273789
NLD,2012,14.4575331430104
NLD,2011,12.7907635823148
NLD,2010,10.1638647320306
NLD,2009,8.24328756332864
NLD,2008,10.7064144762756
NLD,2007,8.87017479681396
NLD,2006,8.62717139534594
NLD,2005,7.50882922214862
NLD,2004,5.86902375832662
NLD,2003,5.65504410523909
NLD,2002,5.58955834121391
NLD,2001,6.19108728360142
NLD,2000,8.35783406616944
NLD,1999,6.67491743715364
NLD,1998,6.40444727500702
NLD,1997,7.22293748665819
NLD,1996,8.19872943253443
NLD,1995,7.0933971440154
NLD,1994,7.56605849425378
NLD,1993,8.93855874475238
NLD,1992,8.57961197928558
NLD,1991,9.88706909771208
NLD,1990,9.73935030216802
NLD,1989,9.04413798372211
NLD,1988,8.47563696037293
NLD,1987,10.8625501651873
NLD,1986,15.1616911805384
NLD,1985,22.6934599685621
NCL,2015,0.0110083934387515
NCL,2014,0.00205288658451224
NCL,2013,0.0140711061210529
NCL,2012,0.016512784417616
NCL,2011,0.0102142658700865
NCL,2010,0.07563388867766
NCL,2009,0.0040061643914139
NCL,2008,0.0108140183008771
NCL,2007,0.00500788056337396
NCL,2006,0.442806999361754
NCL,2005,1.36678618953362
NCL,2004,1.06246162894908
NCL,2003,1.20968299198208
NCL,2002,1.21515188304097
NCL,2001,1.12012583347969
NCL,2000,0.883089926954797
NCL,1999,0.802057428162315
NZL,2025,0.920901173181989
NZL,2024,1.11148609161885
NZL,2023,1.37017086236698
NZL,2022,1.6450179073457
NZL,2021,1.18782807702254
NZL,2020,1.09750251450979
NZL,2019,1.45188930086342
NZL,2018,1.8139755676727
NZL,2017,1.67396977687253
NZL,2016,1.4594492857246
NZL,2015,1.89509750758523
NZL,2014,3.22930808775386
NZL,2013,3.7199909439371
NZL,2012,4.93027343608697
NZL,2011,5.48842765692453
NZL,2010,4.94449168586533
NZL,2009,5.00698247660389
NZL,2008,7.11229653620869
NZL,2007,4.55786219081734
NZL,2006,2.81028262416811
NZL,2005,2.51999137539208
NZL,2004,1.94341918955725
NZL,2003,1.916169844061
NZL,2002,2.36516692704215
NZL,2001,2.68194164437148
NZL,2000,2.97081313473213
NZL,1999,2.16070390202244
NZL,1998,2.06311936462798
NZL,1997,2.14176639024502
NZL,1996,2.30480479832692
NZL,1995,1.63501793498201
NZL,1994,2.06419444721941
NZL,1993,2.58316433044823
NZL,1992,2.56738336378306
NZL,1991,3.29920167862314
NZL,1990,3.92816239803037
NZL,1989,2.07825463627868
NZL,1988,1.3928131358968
NZL,1987,0.919619780369287
NZL,1986,0.838593395829045
NZL,1985,1.65188977946963
NIC,2024,0.738619250103537
NIC,2023,0.63621248699764
NIC,2022,0.8168503728216
NIC,2021,0.599657917570942
NIC,2020,0.437239912588308
NIC,2019,0.302230563340018
NIC,2018,0.258275782295684
NIC,2017,0.234758388546043
NIC,2016,0.163477050427033
NIC,2015,0.279987065397259
NIC,2014,0.314075268911258
NIC,2013,0.431637900273764
NIC,2012,1.10190700694356
NIC,2011,0.681368284394506
NIC,2010,1.22921221370131
NIC,2009,0.816210626975069
NIC,2008,0.388425165510719
NIC,2007,0.846082875283833
NIC,2006,0.538810471712675
NIC,2005,1.43527628331175
NIC,2004,1.05198721073589
NIC,2003,1.27347438687548
NIC,2002,1.64675180288481
NIC,2001,1.75784983853868
NIC,2000,1.71816232105889
NIC,1999,0.935347900228946
NIC,1998,0.578691644386838
NIC,1997,0.983707955095649
NIC,1996,0.688775102153587
NIC,1995,0.616572998050128
NIC,1994,1.01017562541799
NIC,1993,1.70174944992764
NIC,1986,0.000244904563603017
NIC,1985,0.0567823580934807
NER,2024,87.9926998279359
NER,2023,18.4030980615375
NER,2022,28.80943031356
NER,2021,32.8874566845561
NER,2020,25.9228946625832
NER,2019,31.4828722853421
NER,2018,26.184088451235
NER,2017,30.1595141410696
NER,2016,23.1922765559026
NER,2015,18.7837682118598
NER,2014,27.0318711888367
NER,2013,30.2015688488722
NER,2012,18.2797186370485
NER,2011,1.1073911463664
NER,2010,1.56427774932404
NER,2009,1.15100863832224
NER,2008,1.52450199726818
NER,2007,2.33481800303613
NER,2006,1.990173881654
NER,2005,2.12115926909511
NER,2004,2.26423521417612
NER,2003,1.45476090691616
NER,2002,1.38278877027936
NER,2001,2.08210495232434
NER,2000,1.63998403949572
NER,1999,0.0143156323381326
NER,1998,0.0267499871715256
NER,1997,0.000972122061994855
NER,1996,0.00015434614730999
NER,1995,0.0193376871184809
NGA,2024,88.6153186443478
NGA,2023,91.6092141524306
NGA,2022,90.7270761068365
NGA,2021,89.147069602161
NGA,2020,88.7002181697857
NGA,2019,87.0392917835315
NGA,2018,94.1137913236198
NGA,2017,96.031736150959
NGA,2016,96.4782414446309
NGA,2015,87.8732996915055
NGA,2014,90.854209832539
NGA,2013,87.6233751860233
NGA,2012,84.0389730913749
NGA,2011,89.1265273360995
NGA,2010,87.1326358652018
NGA,2009,90.3621937439891
NGA,2008,91.7432857907592
NGA,2007,93.6663052169763
NGA,2006,98.238856362994
NGA,2003,97.8966781049368
NGA,2002,94.0374634853667
NGA,2001,99.6564978061324
NGA,2000,99.6350330189836
NGA,1999,98.9420606087704
NGA,1998,96.9791654088273
NGA,1997,96.2170542738149
NGA,1996,95.528583053931
NGA,1987,95.370306862254
NGA,1986,93.1116136816721
NGA,1985,96.7155028347416
MKD,2024,3.46090673198231
MKD,2023,4.11524026538845
MKD,2022,4.38877249744942
MKD,2021,1.83319937769536
MKD,2020,1.41186953928734
MKD,2019,2.03944820565787
MKD,2018,1.6979899541839
MKD,2017,1.50422782175584
MKD,2016,1.18237950206005
MKD,2015,1.359114992885
MKD,2014,1.75457940767403
MKD,2013,2.47587519177111
MKD,2012,6.43808603826413
MKD,2011,8.7114019281988
MKD,2010,7.67955676929367
MKD,2009,7.49274471536935
MKD,2008,7.8765298629422
MKD,2007,4.86411659943398
MKD,2006,9.37664642247707
MKD,2005,8.01509431727616
MKD,2004,4.68116805411458
MKD,2003,5.41118476069355
MKD,2002,2.24805571882993
MKD,2001,3.7567875343007
MKD,2000,4.76462481642627
MKD,1999,1.8924711923553
MKD,1998,0.798017079828494
MKD,1997,0.449480505386375
MKD,1996,0.874757121236578
MKD,1995,0.401984788426301
MKD,1994,0.129041649046658
NOR,2025,62.3076651968246
NOR,2024,65.5240372734242
NOR,2023,68.3629762990575
NOR,2022,79.2652360834588
NOR,2021,68.9331407034111
NOR,2020,49.3175349328281
NOR,2019,55.9876673683571
NOR,2018,62.1231169933481
NOR,2017,57.1858991050078
NOR,2016,52.9734980784027
NOR,2015,57.6867194348074
NOR,2014,64.878121273836
NOR,2013,67.6247146158353
NOR,2012,69.815656349232
NOR,2011,68.0283731997345
NOR,2010,63.6983768325339
NOR,2009,63.662873718534
NOR,2008,68.6853998054327
NOR,2007,64.2968133456296
NOR,2006,67.8034646421845
NOR,2005,67.6843283288731
NOR,2004,63.6222202285939
NOR,2003,61.1728639129257
NOR,2002,60.6325152586474
NOR,2001,61.7533969227667
NOR,2000,63.8968667082269
NOR,1999,49.946709786378
NOR,1998,43.2753937911926
NOR,1997,53.7879689070806
NOR,1996,54.6572823807438
NOR,1995,47.2802190038024
NOR,1994,49.6081490566187
NOR,1993,51.2582316950657
NOR,1992,49.6759949621632
NOR,1991,48.7779927770665
NOR,1990,47.8019321297455
NOR,1989,42.5679672406371
NOR,1988,36.5491013201011
NOR,1985,53.751681152741
OMN,2024,77.1995042110729
OMN,2023,74.1913838927866
OMN,2022,74.0383980013691
OMN,2021,65.2855836380628
OMN,2020,63.6348897569431
OMN,2019,76.3087021288282
OMN,2018,75.1858802471844
OMN,2017,73.6831825643426
OMN,2016,76.052172528574
OMN,2015,76.1568860871844
OMN,2014,81.6727512854849
OMN,2013,82.6128731508305
OMN,2012,83.5370778993057
OMN,2011,74.3678691335376
OMN,2010,77.7587802690782
OMN,2009,74.9705083996091
OMN,2008,86.3796075991984
OMN,2007,89.0570672014474
OMN,2006,91.390046872855
OMN,2005,91.8263316844317
OMN,2004,91.0888368510134
OMN,2003,76.8245303964233
OMN,2002,77.4715518284881
OMN,2001,80.5557004195495
OMN,2000,83.21327323399
OMN,1999,76.927008344319
OMN,1998,68.0522459876131
OMN,1997,76.3920677359402
OMN,1996,80.4217929400865
OMN,1995,78.5896654956997
OMN,1994,76.4821577130485
OMN,1993,78.9024719905289
OMN,1992,83.7409019577345
OMN,1991,87.4025076668562
OMN,1990,91.8682373750537
OMN,1989,89.1434205958607
OMN,1988,87.9534284275738
OMN,1987,91.6538352439905
OMN,1986,89.9949612528645
OMN,1985,93.0038470758306
PAK,2024,1.71807476906982
PAK,2023,0.583319121620756
PAK,2022,1.19408655456312
PAK,2021,0.708780532335282
PAK,2020,0.873349137853699
PAK,2019,1.59922046539897
PAK,2018,2.13426606062679
PAK,2017,1.2032443709099
PAK,2016,0.761514396551207
PAK,2015,1.21065579156664
PAK,2014,2.64194644110697
PAK,2013,2.10463441086617
PAK,2012,1.35053487428845
PAK,2011,5.21587114782379
PAK,2010,5.71119451483388
PAK,2009,4.11602958270657
PAK,2008,6.18163514554564
PAK,2007,5.77365206239681
PAK,2006,5.00286798660188
PAK,2005,4.23292058651293
PAK,2004,2.41400103063988
PAK,2003,2.30724345077015
PAK,2002,1.93553718386706
PAK,2001,2.14415468253663
PAK,2000,1.4399631383441
PAK,1999,0.923317839082078
PAK,1998,0.317589556734145
PAK,1997,0.868591964414218
PAK,1996,0.760898572228527
PAK,1995,0.981747319429997
PAK,1993,0.987440581622179
PAK,1992,1.22487212845368
PAK,1991,1.48048958191067
PAK,1990,1.28365396966855
PAK,1987,0.677906073058943
PAK,1986,0.719297732465817
PAK,1985,1.42679637905635
PLW,2017,0.45891123655713
PLW,2016,0.0519903035025715
PLW,2012,0.114750596836599
PAN,2024,1.00720752711517
PAN,2023,0.299834578646736
PAN,2022,0.234048810950767
PAN,2021,0.183026429643391
PAN,2020,0.376491754246236
PAN,2019,0.16669467833959
PAN,2018,0.117134615486909
PAN,2017,0.0902071411253174
PAN,2016,0.0986954470520712
PAN,2015,0.0973531063398489
PAN,2014,0.162765893534913
PAN,2013,0.426786972917861
PAN,2012,0.0753639120297613
PAN,2011,0.0983907574718079
PAN,2010,0.281711491723828
PAN,2009,0.875574400423514
PAN,2008,0.64056451768571
PAN,2007,0.674192440397585
PAN,2006,0.765380955226691
PAN,2005,0.733227944121935
PAN,2004,0.542242410267676
PAN,2003,0.48738090896957
PAN,2002,6.14508383119904
PAN,2001,7.06820084877332
PAN,2000,6.92997905558577
PAN,1999,9.03722733731366
PAN,1998,3.51926572661786
PAN,1997,3.87302911441908
PAN,1996,4.923946187166
PAN,1995,3.14973180147998
PAN,1987,0.0642316004849724
PAN,1986,0.0895312375296545
PAN,1985,7.24118329233379
PNG,2023,42.6494855424319
PNG,2022,42.5611072343605
PNG,2021,45.4766421102089
PNG,2020,42.416684834596
PNG,2019,42.0580648896277
PNG,2012,2.92438620097063
PNG,2011,3.80250711386152
PNG,2004,19.9507275539953
PNG,2003,20.3214983745957
PNG,2002,22.6338959885869
PNG,2001,31.0921628226371
PNG,2000,28.7528694150569
PNG,1998,15.8001752721629
PNG,1987,0.36239112293731
PNG,1986,0.332980258948125
PNG,1985,0.615648725900905
PRY,2025,11.0219071227801
PRY,2024,10.8893279718454
PRY,2023,13.0535954016273
PRY,2022,16.7893199279441
PRY,2021,15.4139049713163
PRY,2020,20.3980852968341
PRY,2019,23.6534512064987
PRY,2018,23.3215570806625
PRY,2017,24.7742524407046
PRY,2016,25.3997644221531
PRY,2015,25.0543143453299
PRY,2014,22.6879704306262
PRY,2013,23.9672247141492
PRY,2012,31.0190031322725
PRY,2011,29.3273063330687
PRY,2010,30.4900254347954
PRY,2009,37.7862941235128
PRY,2008,30.3488335905218
PRY,2007,40.3640612058908
PRY,2006,46.917218626047
PRY,2005,47.5006800377429
PRY,2004,45.9700928635756
PRY,2003,49.5247503484133
PRY,2002,59.3070147771271
PRY,2001,57.9957265146302
PRY,2000,60.5334880926042
PRY,1999,0.148068451774793
PRY,1998,0.00836355170733327
PRY,1997,0.0582417722028777
PRY,1996,0.618053247243105
PRY,1995,0.202307739070813
PRY,1994,0.255108621737808
PRY,1993,0.218942780708833
PRY,1992,0.461366406639229
PRY,1991,0.0959894235185228
PRY,1987,0.00233404953111186
PER,2024,5.71895551475461
PER,2023,6.83058695991324
PER,2022,10.6830217836129
PER,2021,6.99027941163955
PER,2020,3.77608731917897
PER,2019,6.86905379549647
PER,2018,8.8875264253518
PER,2017,7.9436016945509
PER,2016,6.41464787287933
PER,2015,7.824398915481
PER,2014,12.2992414025362
PER,2013,14.5603158131284
PER,2012,13.3370389113402
PER,2011,10.5341949963562
PER,2010,10.4702501879076
PER,2009,7.73522159130539
PER,2008,9.14246326039836
PER,2007,8.57977598074378
PER,2006,8.00259770587774
PER,2005,9.32481163862732
PER,2004,5.45456110464244
PER,2003,7.37984678551164
PER,2002,6.25870095624976
PER,2001,6.06507631090828
PER,2000,6.38432974974618
PER,1999,4.21587853607109
PER,1998,4.44307011076806
PER,1997,5.94383220353478
PER,1996,6.59278003963146
PER,1995,4.93017760621467
PER,1994,4.03423280769551
PER,1993,5.96920987995007
PER,1992,6.10050013164367
PER,1987,13.0641227891447
PER,1986,12.6515275884578
PER,1985,23.8954661584246
PHL,2024,1.25811696364744
PHL,2023,1.13912732345338
PHL,2022,1.56831669342497
PHL,2021,1.18141567992806
PHL,2020,1.08970257001447
PHL,2019,1.47588152909606
PHL,2018,1.69571571942116
PHL,2017,1.50884665872113
PHL,2016,1.3324937999703
PHL,2015,1.32069608642356
PHL,2014,2.97281997503875
PHL,2013,3.76691271607425
PHL,2012,2.4289829487911
PHL,2011,2.92009931957312
PHL,2010,2.0532774893495
PHL,2009,1.90873424213089
PHL,2008,3.27690782996833
PHL,2007,2.80484257220501
PHL,2006,2.30498008929838
PHL,2005,1.87758618141393
PHL,2004,1.26222116928397
PHL,2003,1.55885386665635
PHL,2002,1.18455225576668
PHL,2001,0.844877173705867
PHL,2000,1.32698174084571
PHL,1999,0.728936758834481
PHL,1998,0.532909443822639
PHL,1997,1.38471542920728
PHL,1996,1.85833383845916
PHL,1995,1.52976864222382
PHL,1994,1.61973914010873
PHL,1993,2.01137439929522
PHL,1992,2.42241194569426
PHL,1991,2.62671827140317
PHL,1987,1.69008759182984
PHL,1986,1.30010525922744
PHL,1985,0.750785019146547
POL,2024,2.58269731161847
POL,2023,3.05116286755385
POL,2022,3.73795572839486
POL,2021,2.21476888193242
POL,2020,1.58025447472635
POL,2019,2.23921588032246
POL,2018,2.59802361348933
POL,2017,2.54767073398979
POL,2016,2.55309338877162
POL,2015,3.30871603888815
POL,2014,4.1379157284687
POL,2013,4.69900703686589
POL,2012,4.99907074685297
POL,2011,4.90163237623958
POL,2010,4.15472424869973
POL,2009,3.08375092897727
POL,2008,4.25109702767544
POL,2007,3.80069037569469
POL,2006,4.48052463399187
POL,2005,5.11885167926726
POL,2004,5.46211818637387
POL,2003,4.37491050696475
POL,2002,5.05911451764353
POL,2001,5.76866532694854
POL,2000,5.18695811433877
POL,1999,4.97804143150805
POL,1998,5.48218363305934
POL,1997,6.68656750730652
POL,1996,6.86770808616661
POL,1995,8.17709872782338
POL,1994,9.10334047152297
POL,1993,8.97510414334727
POL,1992,10.0750328515012
POL,1987,12.6873083131273
PRT,2025,5.07554801427069
PRT,2024,6.97069976539579
PRT,2023,6.4728964004123
PRT,2022,8.42233208891241
PRT,2021,5.7682700665625
PRT,2020,4.60416397341643
PRT,2019,6.09256453662211
PRT,2018,6.89396581089387
PRT,2017,7.16639153411767
PRT,2016,6.2474425889393
PRT,2015,7.65643933312187
PRT,2014,8.35936140737731
PRT,2013,10.406916246067
PRT,2012,8.31755836830232
PRT,2011,7.17046947947273
PRT,2010,6.40958476127026
PRT,2009,4.85933046059872
PRT,2008,5.55294244731062
PRT,2007,4.50288798565585
PRT,2006,5.29460541224119
PRT,2005,4.06601200793367
PRT,2004,2.39441970699357
PRT,2003,2.43742039737605
PRT,2002,1.96287146335663
PRT,2001,1.8764147374143
PRT,2000,2.55282526083357
PRT,1999,1.82905338289175
PRT,1998,1.60252505870759
PRT,1997,2.30365324943041
PRT,1996,2.41517761103506
PRT,1995,3.19455818573621
PRT,1994,4.09129864727031
PRT,1993,3.37939517802085
PRT,1992,3.01640046814432
PRT,1991,2.74518922852255
PRT,1990,3.64115885697443
PRT,1989,3.41932893089773
PRT,1988,2.9335219036687
PRT,1987,1.62804987236775
PRT,1986,3.03026683536722
PRT,1985,4.14518891156285
QAT,2024,83.7597865976017
QAT,2023,86.5414333242433
QAT,2022,87.2912521641352
QAT,2021,84.4038969131069
QAT,2020,81.8145904890777
QAT,2019,88.8105651715138
QAT,2018,86.1296391093726
QAT,2017,87.5565130224043
QAT,2016,85.0429975482696
QAT,2015,83.6583736058125
QAT,2014,87.8136789876161
QAT,2013,89.9813548660954
QAT,2012,88.0489136744168
QAT,2011,92.9962018469401
QAT,2010,92.5548513080755
QAT,2009,73.9077903042904
QAT,2008,92.0990432261148
QAT,2007,90.657961505625
QAT,2006,90.8536097539166
QAT,2005,85.0601617861359
QAT,2004,87.601550193793
QAT,2003,92.3240924687122
QAT,2002,89.3048817670036
QAT,2001,92.4309598570321
QAT,2000,91.2266807875303
QAT,1999,90.1336527805415
QAT,1998,86.1414442304704
QAT,1996,84.8048319599443
QAT,1995,81.958845691478
QAT,1994,75.4118487776111
QAT,1993,83.0494453661314
QAT,1992,85.6584799433828
QAT,1991,85.2293691635675
ROU,2024,4.87639833165149
ROU,2023,5.30806019443117
ROU,2022,7.6342305168134
ROU,2021,3.52321676540238
ROU,2020,2.41690733716218
ROU,2019,3.78369321514142
ROU,2018,4.09581018076912
ROU,2017,3.76905997733512
ROU,2016,3.59956212321768
ROU,2015,4.46156773088773
ROU,2014,5.99419923728229
ROU,2013,5.21153593145803
ROU,2012,5.52974013515212
ROU,2011,5.49644320283291
ROU,2010,5.30027024365568
ROU,2009,5.89456207294194
ROU,2008,8.93544041712786
ROU,2007,7.53962745671053
ROU,2006,9.98308648469886
ROU,2005,10.6421419156508
ROU,2004,6.72753084722976
ROU,2003,6.47394621001543
ROU,2002,7.90898665930851
ROU,2001,6.206081416544
ROU,2000,7.16272020298794
ROU,1999,4.8647455837225
ROU,1998,4.69599080551255
ROU,1997,6.11054330283464
ROU,1996,7.34452350382924
ROU,1995,7.91292202922913
ROU,1994,9.97686869509133
ROU,1993,9.97015222734651
ROU,1992,11.2235997105512
ROU,1991,12.4839536819391
ROU,1990,17.726048159749
ROU,1989,17.7168844617951
RUS,2021,43.1468587746174
RUS,2020,42.0988979009334
RUS,2019,51.9517105308961
RUS,2018,52.6808355618333
RUS,2017,49.1248783758441
RUS,2016,48.291548108568
RUS,2015,62.8369478990481
RUS,2014,69.5250946236846
RUS,2013,70.5594810320243
RUS,2012,70.2890584289155
RUS,2011,67.028076569532
RUS,2010,65.6482925992393
RUS,2009,63.0130269894952
RUS,2008,65.6784005422627
RUS,2007,61.4635425789649
RUS,2006,62.8821173688846
RUS,2005,61.7805796867657
RUS,2004,54.6966789645053
RUS,2003,54.5075199017182
RUS,2002,52.4883815852667
RUS,2001,51.8103660490427
RUS,2000,50.6010783794118
RUS,1999,41.7695730347058
RUS,1998,38.9882468378703
RUS,1997,46.5695638916281
RUS,1996,43.1222213192119
RWA,2022,0.06254493579927
RWA,2021,0.0491650847321846
RWA,2020,0.0438835362111073
RWA,2019,1.91424345145403
RWA,2018,0.315761583690096
RWA,2017,0.0762331071262711
RWA,2016,0.0716792615878137
RWA,2015,0.134400288536825
RWA,2014,0.200175871031657
RWA,2013,0.106275401403098
RWA,2012,0.0183622895975197
RWA,2011,0.0358053478768208
RWA,2010,0.0684734450545245
RWA,2009,0.0536388840609877
RWA,2008,0.239934257663276
RWA,2007,0.0107732293468366
RWA,2006,0.00416015534860654
RWA,2005,0.0126880307428849
RWA,2004,0.0207021893929761
RWA,2003,0.0
RWA,2002,0.0
RWA,2001,0.00711314011479816
RWA,1999,0.00185901774874223
RWA,1997,0.129846470802165
RWA,1996,0.177545914537735
WSM,2024,33.2644249125196
WSM,2023,41.6559873310463
WSM,2022,27.8451229232458
WSM,2021,10.8841841015502
WSM,2019,24.7229883812226
WSM,2018,25.7175192762981
WSM,2017,29.0627630663918
WSM,2016,21.4866855365958
WSM,2015,25.2875140647282
WSM,2014,0.0182051517534925
WSM,2013,0.517216883804058
WSM,2012,0.0127897540235653
WSM,2011,0.00393270330163956
WSM,2010,0.0035772967375037
WSM,2009,0.0711542909915566
WSM,2008,0.15989845885989
WSM,2007,0.33309207155733
WSM,2006,0.772258106267942
WSM,2005,0.488165345312677
WSM,2004,0.28703178042822
WSM,2003,0.486557905447871
WSM,2002,0.730761730849719
WSM,2001,0.175210561062137
STP,2022,0.00914873174701748
STP,2021,0.0213091672287746
STP,2018,0.003813919764725
STP,2017,0.000757389924498639
STP,2012,0.746417733973855
STP,2011,0.0
STP,2009,0.0
STP,2008,0.0
STP,2007,0.0
STP,2003,0.0053100808112838
SAU,2024,79.3976376511523
SAU,2023,81.3099851483006
SAU,2022,82.1937028956426
SAU,2021,76.6076971781348
SAU,2020,72.5938015741335
SAU,2019,80.0531128894226
SAU,2018,80.9954096508223
SAU,2017,79.8468152028451
SAU,2016,77.5498175972453
SAU,2015,78.4307733758804
SAU,2014,85.1657914409074
SAU,2013,87.5705430575713
SAU,2012,88.6274591343223
SAU,2011,88.7250786188123
SAU,2010,87.6208624921467
SAU,2009,87.8041747949147
SAU,2008,91.3714832745092
SAU,2007,90.171950238549
SAU,2006,90.9813789166803
SAU,2005,91.041350268177
SAU,2004,89.8201774712183
SAU,2003,89.6778492659469
SAU,2002,89.632681945671
SAU,2001,89.4709695418731
SAU,2000,92.2645074235409
SAU,1999,89.4049029004601
SAU,1998,85.2961392971962
SAU,1996,89.5496566032559
SAU,1995,87.6013886956304
SAU,1994,90.7690216075904
SAU,1993,91.9613234978468
SAU,1992,88.0815540285819
SAU,1991,94.0935051023018
SAU,1985,96.3761379679789
SEN,2024,32.7114577390774
SEN,2023,21.4769186750925
SEN,2022,18.2530882668501
SEN,2021,15.5262597724139
SEN,2020,15.9872308197167
SEN,2019,19.9087625078162
SEN,2018,15.7717618687425
SEN,2017,14.7788676948201
SEN,2016,10.6879023669804
SEN,2015,13.8780481897626
SEN,2014,16.7618632956865
SEN,2013,16.5051008208846
SEN,2012,14.2516041589205
SEN,2011,14.7310775200693
SEN,2010,20.9065266421233
SEN,2009,21.8492344378644
SEN,2008,33.9702380175562
SEN,2007,19.2664367194943
SEN,2006,0.0256212638117457
SEN,2005,21.0595789242314
SEN,2004,19.4159848839727
SEN,2003,20.1132767842961
SEN,2002,22.9536344852393
SEN,2001,17.8327877831001
SEN,2000,14.0224652111931
SEN,1999,17.177511201926
SEN,1998,18.0209779500385
SEN,1997,26.5687990619779
SEN,1996,22.461950591686
SEN,1987,18.877366250352
SEN,1986,19.4936139471374
SRB,2007,2.62105665377349
SRB,2006,3.50689025126194
SRB,2005,3.65981095135982
SRB,2004,2.40451085264827
SRB,2002,3.40802673811775
SRB,2001,2.63905877065734
SRB,2000,0.255219813841744
SRB,1999,2.38372375310051
SRB,1998,2.73035224557089
SRB,1997,1.95727599776042
SRB,1996,2.12200808262573
SRB,1992,5.82902436651589
SYC,2024,0.0
SYC,2023,0.0
SYC,2022,0.022545363592114
SYC,2021,0.00229167892575641
SYC,2020,11.4058627211284
SYC,2019,0.00303471337037221
SYC,2018,0.00456395366876338
SYC,2017,0.00647778733484981
SYC,2016,0.00188380561331842
SYC,2015,0.00220439189802751
SYC,2014,0.00217217284401373
SYC,2013,0.00216450373450432
SYC,2012,0.00150958117338773
SYC,2011,2.17181210393764
SYC,2010,0.00559864131435949
SYC,2009,0.0564994412706798
SYC,2008,0.00387831635301445
SYC,2007,0.0
SYC,2006,0.0
SYC,2005,0.0
SYC,2004,0.0
SYC,2003,0.0
SYC,2002,0.000511482906087217
SYC,2001,0.0
SYC,2000,0.0
SYC,1999,0.0
SYC,1998,0.0
SYC,1997,0.0
SYC,1996,0.0
SYC,1995,0.00290752284248818
SYC,1994,0.0
SYC,1993,0.0
SYC,1992,0.0
SYC,1987,0.0
SYC,1986,0.0
SYC,1985,82.1878497291674
SLE,2018,0.143317650742994
SLE,2017,0.0564669332343084
SLE,2015,0.0
SLE,2014,0.0128489031725622
SGP,2024,11.1356295723316
SGP,2023,12.3816136808707
SGP,2022,12.7477293277122
SGP,2021,10.0411260925957
SGP,2020,8.08880118903498
SGP,2019,12.2634428523157
SGP,2018,13.1200446541319
SGP,2017,12.8070800638533
SGP,2016,11.0718628236027
SGP,2015,12.1908650025812
SGP,2014,16.5313373923587
SGP,2013,16.9980670047224
SGP,2012,18.1822013277449
SGP,2011,19.4524947487215
SGP,2010,16.058408945022
SGP,2009,15.1717738189152
SGP,2008,18.3182362913508
SGP,2007,13.704672783184
SGP,2006,13.0404528247468
SGP,2005,12.1549708258777
SGP,2004,10.0011141121373
SGP,2003,8.48131703942424
SGP,2002,7.78467758368727
SGP,2001,7.57471078650487
SGP,2000,7.35946744148839
SGP,1999,7.93350282594033
SGP,1998,7.47074556895319
SGP,1997,8.80208798615066
SGP,1996,9.55449625376899
SGP,1995,6.84447285523953
SGP,1994,9.46664565037676
SGP,1993,12.2302512953749
SGP,1992,13.0740863692171
SGP,1991,17.0374918909665
SGP,1990,18.1466102298733
SGP,1989,15.4284105185218
SGP,1987,15.8205967018809
SGP,1986,20.4532577050029
SGP,1985,26.980729007662
SVK,2024,3.9692718459897
SVK,2023,3.49514675824369
SVK,2022,5.17128070125546
SVK,2021,3.20008877955479
SVK,2020,2.40048974080195
SVK,2019,2.91237113875992
SVK,2018,3.01754578371017
SVK,2017,3.34003905555557
SVK,2016,2.73717751869443
SVK,2015,3.56775283331613
SVK,2014,4.49660509450053
SVK,2013,5.49862698466683
SVK,2012,5.93405507461835
SVK,2011,6.3427617336085
SVK,2010,5.32107029549182
SVK,2009,4.59005046152452
SVK,2008,5.03913291432862
SVK,2007,4.46472981907327
SVK,2006,5.45263721046917
SVK,2005,5.87429697719751
SVK,2004,6.40910906998355
SVK,2003,5.19410482746844
SVK,2002,6.05883962338184
SVK,2001,6.59093219754202
SVK,2000,6.99870721943942
SVK,1999,4.75307873489487
SVK,1998,3.5038502056392
SVK,1997,4.61413292280796
SVK,1996,5.54946402505757
SVK,1995,4.24663247452724
SVK,1994,4.63931341524545
SVN,2024,4.65788147025927
SVN,2023,5.56004798300167
SVN,2022,7.89672737373254
SVN,2021,4.10788382179874
SVN,2020,3.055900555541
SVN,2019,5.29699863123313
SVN,2018,5.20932753188527
SVN,2017,4.90399470047748
SVN,2016,4.51020963826692
SVN,2015,5.30512694060918
SVN,2014,6.13707236135344
SVN,2013,6.64007469250151
SVN,2012,6.44555755032785
SVN,2011,5.73633703059595
SVN,2010,4.23077929584745
SVN,2009,3.24574769598826
SVN,2008,3.00499594144832
SVN,2007,1.93255674677519
SVN,2006,2.68558003854683
SVN,2005,2.08257850226108
SVN,2004,1.59552100048804
SVN,2003,1.35327299535994
SVN,2002,1.08354752383758
SVN,2001,0.952504549462177
SVN,2000,0.652972324932338
SVN,1999,0.600335670975655
SVN,1998,0.977533869099429
SVN,1997,1.20790528370415
SVN,1996,0.930158495927621
SVN,1995,1.18893176139091
SVN,1993,5.1524760339822
SVN,1992,2.58811447897112
SLB,2017,5.00466251375634e-06
SLB,2016,4.37407361149661e-05
SLB,2015,0.000461049174268891
SLB,2014,0.000758573980473933
SLB,2013,0.00744121369103079
SLB,2012,0.00286407112644014
SLB,2011,0.00377501229815091
SLB,2010,0.00230553770936948
SLB,2009,0.00012908280404646
SLB,2006,0.0
SLB,2005,0.0190138586134433
SLB,2004,0.0
SLB,2003,0.000383394351125216
ZAF,2025,8.21099773633968
ZAF,2024,9.60851603889865
ZAF,2023,10.7279305896972
ZAF,2022,14.3272920099043
ZAF,2021,8.68304384294431
ZAF,2020,8.10609432073402
ZAF,2019,10.050875262098
ZAF,2018,10.9922042428029
ZAF,2017,12.0071561154403
ZAF,2016,9.83410485960525
ZAF,2015,9.75395048126192
ZAF,2014,10.1834786043196
ZAF,2013,10.704185952183
ZAF,2012,11.4220012610139
ZAF,2011,10.535512006307
ZAF,2010,10.7102338605923
ZAF,2009,11.1812947177261
ZAF,2008,9.62652463034354
ZAF,2007,10.5565719826577
ZAF,2006,9.50001852429468
ZAF,2005,10.3556169994696
ZAF,2004,9.10044404774694
ZAF,2003,9.8173484464874
ZAF,2002,12.0727131541814
ZAF,2001,11.723492255329
ZAF,2000,10.1307911708615
ZAF,1999,9.83345736326208
ZAF,1998,7.65629290407284
ZAF,1997,7.31132440656591
ZAF,1996,10.8549963972705
ZAF,1995,8.9184206316124
ZAF,1994,5.43043006612616
ZAF,1993,6.81488853261277
ZAF,1992,6.92522148927818
ESP,2024,5.79530570621524
ESP,2023,6.80944454760639
ESP,2022,8.748152923734
ESP,2021,6.00550281136412
ESP,2020,4.04918305116398
ESP,2019,6.17053042090891
ESP,2018,6.55643130447885
ESP,2017,5.82886221239074
ESP,2016,4.06976370711053
ESP,2015,5.17263082839127
ESP,2014,7.49300278485712
ESP,2013,7.07385916029595
ESP,2012,7.66160598985677
ESP,2011,6.34959376901464
ESP,2010,5.21853657306203
ESP,2009,4.60706504658886
ESP,2008,6.61111921226571
ESP,2007,4.8114865843448
ESP,2006,4.60264900576493
ESP,2005,4.34620832186207
ESP,2004,3.78571549652604
ESP,2003,3.05533457844303
ESP,2002,2.60672035617192
ESP,2001,2.89993091324509
ESP,2000,3.68059055780505
ESP,1999,2.19212737841003
ESP,1998,2.06351957889155
ESP,1997,2.50584213038411
ESP,1996,2.47270283652583
ESP,1995,1.74529195796685
ESP,1994,2.16843886720348
ESP,1993,2.86373323281972
ESP,1992,3.00824044694494
ESP,1991,4.35149692556268
ESP,1990,4.72842787341886
ESP,1989,5.28371518483247
ESP,1988,4.6735481666833
ESP,1987,5.86793845363076
ESP,1986,6.17292254769386
ESP,1985,8.83618939161341
LKA,2024,3.43981418083681
LKA,2023,3.22549312462179
LKA,2022,2.25446590051031
LKA,2021,1.92719188762874
LKA,2020,2.73757863569001
LKA,2019,2.85971752760838
LKA,2017,2.5584319412636
LKA,2016,1.60024589595184
LKA,2015,1.80834526900714
LKA,2014,2.6384817081413
LKA,2013,0.316453474817973
LKA,2012,0.359491962840932
LKA,2011,0.440288017795888
LKA,2010,0.15783503417986
LKA,2009,0.0294628619921436
LKA,2008,0.0214090522245665
LKA,2007,0.0283395744133274
LKA,2006,0.11625628378638
LKA,2005,0.00821077727954495
LKA,2004,0.150369711535244
LKA,2003,0.0186247651649952
LKA,2002,0.304586211573665
LKA,2001,0.42870794782658
LKA,2000,0.501162220025128
LKA,1999,0.432362605125832
LKA,1994,0.701524663801205
LKA,1993,0.630861225835345
LKA,1992,0.53450775402542
LKA,1991,1.39654409956802
LKA,1990,1.47156678440324
LKA,1987,4.90218134814597
LKA,1986,5.82203939069284
LKA,1985,8.99847179450423
KNA,2017,0.0268583062948506
KNA,2016,0.000382770768561946
KNA,2015,0.000655443099748196
KNA,2014,0.00157014128585019
KNA,2013,0.000574331406451465
KNA,2012,0.00891954955625865
KNA,2011,0.00659375773280658
KNA,2010,0.00330405564570371
KNA,2009,0.000106885636857759
KNA,2008,6.97416001647576e-06
KNA,2007,0.0
KNA,2006,0.110972709836761
KNA,2005,0.0
KNA,2004,0.0
KNA,2003,0.00599353607026028
KNA,2002,0.0137734167481874
KNA,2001,0.0981121195869003
KNA,2000,0.00209716735122969
KNA,1999,0.0
KNA,1997,0.0010820812295051
KNA,1996,0.00654152966716817
KNA,1995,0.00547824248744767
KNA,1994,0.000452401780488898
KNA,1993,0.0015143848387059
KNA,1987,0.0
KNA,1986,0.000369518574212157
LCA,2020,3.40129879745195
LCA,2019,3.50822670156863
LCA,2018,3.45461978250823
LCA,2017,5.61684465419438
LCA,2016,2.23779823283694
LCA,2015,0.333602934278503
LCA,2014,0.217435779830686
LCA,2013,0.015304192223615
LCA,2012,0.00748242101936943
LCA,2011,0.0119591230817601
LCA,2010,0.0148817020539109
LCA,2009,0.043728191256287
LCA,2008,0.0244756326544062
LCA,2007,0.00988460952761213
LCA,2006,0.00131823671963586
LCA,2005,0.00100535863731771
LCA,2004,0.0
LCA,2003,0.0
LCA,2002,4.65779722708289e-06
LCA,2001,0.000576927269876012
LCA,2000,0.00530763351270797
LCA,1999,0.0
LCA,1998,0.00114779707596956
LCA,1997,0.000815660785958375
LCA,1996,0.00014383174640053
LCA,1995,0.0
LCA,1994,0.0
LCA,1993,0.0
LCA,1992,0.0
LCA,1991,0.0
LCA,1987,0.0
LCA,1986,0.0
LCA,1985,0.0
VCT,2023,0.0296524826098655
VCT,2022,0.127187932824762
VCT,2021,0.00896749106470206
VCT,2020,0.000566106728655353
VCT,2019,0.0355111551676567
VCT,2018,0.000156746171494033
VCT,2017,4.936099721061e-05
VCT,2016,0.0075001228049118
VCT,2015,0.000885660871928843
VCT,2014,0.000481629370627451
VCT,2013,0.00117666872751556
VCT,2012,0.00213569092699155
VCT,2011,0.000406347277908394
VCT,2010,0.000984389652510453
VCT,2009,0.0
VCT,2008,0.00922107011131294
VCT,2007,0.0
VCT,2006,0.0
VCT,2005,0.000330114442424327
VCT,2004,0.0
VCT,2003,0.0
VCT,2002,0.00178779058218407
VCT,2001,0.0
VCT,2000,0.0
VCT,1999,0.0
VCT,1998,0.0
VCT,1997,4.24255707588636e-05
VCT,1996,0.0
VCT,1995,0.0
VCT,1994,0.0
VCT,1993,0.0
SDN,2018,14.3046984999341
SDN,2017,12.9417898676253
SDN,2016,10.625447909553
SDN,2015,53.7125503293282
SDN,2014,50.1544816247277
SDN,2013,5.0106381194167
SDN,2012,0.00542955620642858
SDN,2011,82.485132408608
SDN,2010,84.9525613268194
SDN,2009,91.2006730418623
SDN,2008,94.4501109296076
SDN,2007,94.5522940026881
SDN,2006,89.8084265113846
SDN,2005,85.9564188906075
SDN,2004,82.4299602575403
SDN,2003,79.3941833513699
SDN,2002,69.154548147896
SDN,2001,81.6761559902472
SDN,2000,66.686198997444
SDN,1999,0.000108977670565365
SDN,1997,0.000113168879237632
SDN,1996,0.000422813183356645
SDN,1995,0.250503251297163
SDN,1985,0.0
SUR,2024,3.1404327843252
SUR,2023,0.0169201822896738
SUR,2022,7.16006554262453
SUR,2021,3.32497522013282
SUR,2020,0.000914915962686836
SUR,2019,0.00152713645779294
SUR,2018,0.0125714234070272
SUR,2017,6.82415992288861
SUR,2015,0.000786774138635102
SUR,2014,10.6347481949111
SUR,2013,8.01445757640754
SUR,2012,5.31565595692279
SUR,2011,8.96836701330816
SUR,2010,13.0155883378502
SUR,2009,4.49743857000698
SUR,2008,10.9907802662005
SUR,2007,4.50358008606127
SUR,2006,4.73431803965722
SUR,2005,2.87744571746287
SUR,2004,2.11062852087501
SUR,2003,1.47668364193191
SUR,2002,2.3515328254537
SUR,2001,0.806963862987819
SUR,2000,0.528036150969712
SUR,1998,4.45956726458997
SUR,1997,4.9464562866896
SUR,1996,3.19949279906926
SUR,1995,2.23158972801277
SUR,1994,1.7892274536869
SWE,2024,7.12163407305459
SWE,2023,7.47686102725083
SWE,2022,10.1622003847406
SWE,2021,6.95473124929989
SWE,2020,4.5414669608976
SWE,2019,6.36260198244691
SWE,2018,7.4346745116462
SWE,2017,6.43406589912351
SWE,2016,5.64525345959308
SWE,2015,6.17712163770696
SWE,2014,8.08175321120022
SWE,2013,7.84874568644373
SWE,2012,9.38407844374559
SWE,2011,7.30520174490473
SWE,2010,6.98170290674573
SWE,2009,6.14691587571342
SWE,2008,7.36848254501507
SWE,2007,4.97189729555259
SWE,2006,5.57557405608037
SWE,2005,4.97850612726257
SWE,2004,3.84503652460961
SWE,2003,3.12791621451129
SWE,2002,2.89073046611425
SWE,2001,3.33532324710113
SWE,2000,3.31858715765176
SWE,1999,2.13463141544205
SWE,1998,1.82634559158328
SWE,1997,2.17679298733637
SWE,1996,2.1758397938844
SWE,1995,1.87513121284386
SWE,1994,2.53423570979634
SWE,1993,3.400693234578
SWE,1992,3.18292058616615
SWE,1991,3.229380575703
SWE,1990,3.04581086959941
SWE,1989,2.77250536220616
SWE,1988,2.1840402895461
SWE,1987,2.86064474365662
SWE,1986,2.79870728306988
SWE,1985,4.78786391681994
CHE,2024,1.20770479250597
CHE,2023,1.46216131906984
CHE,2022,2.46227430117859
CHE,2021,1.12619429120116
CHE,2020,0.610244776322465
CHE,2019,0.812850763704472
CHE,2018,0.936365801100422
CHE,2017,0.691126392932899
CHE,2016,0.61728947027059
CHE,2015,0.949399913937568
CHE,2014,1.11392904766745
CHE,2013,1.01914238115344
CHE,2012,2.34454491424553
CHE,2011,3.11448555253805
CHE,2010,2.81909988892528
CHE,2009,2.39168704251515
CHE,2008,2.55296088355365
CHE,2007,2.10764465051033
CHE,2006,2.53655172319853
CHE,2005,2.13026998220451
CHE,2004,1.85628442811306
CHE,2003,2.01154346324827
CHE,2002,2.01166143611286
CHE,2001,0.323285806119116
CHE,2000,0.359210741124484
CHE,1999,0.219329699351279
CHE,1998,0.202739377477747
CHE,1997,0.237382048453701
CHE,1996,0.119050012386532
CHE,1995,0.100227817143182
CHE,1994,0.130740537062792
CHE,1993,0.133320756352767
CHE,1992,0.107529360739843
CHE,1991,0.149607999397433
CHE,1990,0.0710629979241922
CHE,1989,0.0426405588076751
CHE,1988,0.0677951335392197
CHE,1987,0.134924516910598
CHE,1986,0.170748204231054
CHE,1985,0.329586098475086
SYR,2010,49.8858724288123
SYR,2009,37.8241187413365
SYR,2008,38.5735492232992
SYR,2007,41.1071680586458
SYR,2006,40.3468565868188
SYR,2005,67.8265560151955
SYR,2004,67.6287275526281
SYR,2003,71.3450037704146
SYR,2002,72.166474936787
SYR,2001,77.4366457103699
SYR,2000,76.3427907452439
SYR,1987,51.8130001362117
SYR,1986,42.0314090453433
SYR,1985,74.0529433617227
TJK,2023,8.01704211635926
TJK,2022,7.0095165575397
TJK,2021,6.50457125272094
TJK,2020,7.8481141362019
TJK,2019,3.98604005919133
TJK,2018,7.36617456242305
TJK,2017,5.25467690168705
TJK,2016,5.81923896321381
TJK,2015,5.49192101578871
TJK,2014,5.51644345733579
TJK,2000,13.306930349854
TZA,2024,2.24873032924646
TZA,2023,3.5711825305577
TZA,2022,3.08582937747335
TZA,2021,0.912020513109267
TZA,2020,0.824710521238149
TZA,2019,0.824331183688424
TZA,2018,0.886836468069654
TZA,2017,1.13284838395326
TZA,2016,0.872530009193527
TZA,2015,2.19577000835359
TZA,2014,1.67367486325445
TZA,2013,2.25065372364093
TZA,2012,1.25025665065363
TZA,2011,0.757162545025763
TZA,2010,1.90135698578723
TZA,2009,0.710369569143214
TZA,2008,2.21753896919901
TZA,2007,0.644600677919283
TZA,2006,0.145882226834011
TZA,2005,0.129026854555102
TZA,2004,0.12217167726015
TZA,2003,0.0582492548746596
TZA,2002,0.0812585603414405
TZA,2001,0.122563598729357
TZA,2000,0.102821315130766
TZA,1999,0.324892268252249
TZA,1998,1.54079143166946
TZA,1997,0.346825306985033
THA,2024,3.42247697644995
THA,2023,3.86700213725135
THA,2022,3.88472768383787
THA,2021,3.58403042035946
THA,2020,2.65541449875509
THA,2019,3.44094593348334
THA,2018,4.22547410116581
THA,2017,3.48826255211954
THA,2016,2.90326663511656
THA,2015,3.93607403286042
THA,2014,5.26621612167818
THA,2013,6.26560639926067
THA,2012,6.50877994657611
THA,2011,5.62505333864812
THA,2010,4.9376917798405
THA,2009,5.10728746220298
THA,2008,6.42325899751744
THA,2007,4.45405635204966
THA,2006,4.98295530009268
THA,2005,4.3299915080277
THA,2004,3.54811625679733
THA,2003,2.64684449404633
THA,2002,2.6712090250728
THA,2001,2.78708983762126
THA,2000,3.20587080220916
THA,1999,1.81982875296307
THA,1998,1.54998056285062
THA,1997,2.35021505110974
THA,1996,1.64432746355133
THA,1995,0.712209611067757
THA,1994,0.771732921335807
THA,1993,1.05736082258548
THA,1992,0.984360024320964
THA,1991,0.99633759846298
THA,1990,0.831940210292347
THA,1989,0.725670833540772
THA,1987,0.702101752965096
THA,1986,0.789407568618253
THA,1985,1.27804470202855
TLS,2023,67.3710544691603
TLS,2022,68.6133661101721
TLS,2021,93.1332287570022
TLS,2020,93.5117422163185
TLS,2019,83.1835532250999
TLS,2018,0.00850496745962208
TLS,2017,2.00942216935424
TLS,2005,0.0
TLS,2004,0.0
TGO,2024,1.82642001645616
TGO,2023,1.94652343603962
TGO,2022,1.70661010633555
TGO,2021,2.54671881262005
TGO,2020,2.34573498901327
TGO,2019,15.2883516784544
TGO,2018,13.029113502464
TGO,2017,8.28761016730883
TGO,2016,1.90111905444501
TGO,2015,4.63562887731634
TGO,2014,1.39324210617526
TGO,2013,0.995085721621672
TGO,2012,1.8449525964001
TGO,2011,0.717613946994863
TGO,2010,0.0996200817549501
TGO,2009,0.0360564758677565
TGO,2008,7.3944656246369
TGO,2007,0.00463204022037913
TGO,2005,1.24822513505645
TGO,2004,0.366559632933694
TGO,2003,0.346442128078205
TGO,2002,0.533479697726589
TGO,2001,0.409219102211552
TGO,2000,0.646721411165284
TGO,1999,0.0
TGO,1998,0.00415459077180286
TGO,1997,0.00265822940682513
TGO,1996,0.0191129096658626
TGO,1995,0.000210312372761015
TGO,1994,0.577533278969365
TGO,1991,2.34615771254024
TGO,1988,0.00797341947090553
TGO,1987,0.0103734927010087
TGO,1986,0.0112541620962177
TON,2023,0.00849687157590321
TON,2022,0.00819857054237116
TON,2021,0.00110217653287937
TON,2020,0.00308319758126392
TON,2019,0.00463581123447533
TON,2018,0.00438876910332535
TON,2017,0.00224189500111809
TON,2014,0.000136818670385216
TON,2013,0.163251711013709
TON,2012,0.000627710156638937
TON,2009,0.0577899536538936
TON,2008,0.0
TON,2005,0.00015220791276173
TON,2001,0.0
TON,2000,0.0
TON,1985,0.0
TTO,2024,31.3102540191418
TTO,2023,27.8972629571135
TTO,2022,28.8193289128539
TTO,2021,23.7683810299102
TTO,2020,29.2295729004686
TTO,2019,43.1589413099804
TTO,2018,54.8147436915782
TTO,2017,52.8728277639535
TTO,2016,37.9854222651475
TTO,2015,49.3249076151988
TTO,2014,59.6473978210789
TTO,2013,63.7733597433398
TTO,2012,57.7826792923969
TTO,2011,59.0819297966593
TTO,2010,66.1219789511805
TTO,2009,78.9953016332006
TTO,2008,69.9704650947023
TTO,2007,66.0755016748446
TTO,2006,76.4552383952739
TTO,2005,70.197056162298
TTO,2004,60.2063701255845
TTO,2003,68.2654581398313
TTO,2002,60.0829711319212
TTO,2001,51.8908191008227
TTO,2000,65.2767623958138
TTO,1999,54.0829141608523
TTO,1998,44.5407151488861
TTO,1997,48.2283799457016
TTO,1996,52.5689064358333
TTO,1995,47.8634353599253
TTO,1994,49.1603864002122
TTO,1993,56.4877480289832
TTO,1992,65.3557272071965
TTO,1991,66.0853479556096
TTO,1987,71.2137046632963
TTO,1986,70.7487887861422
TTO,1985,79.1298239486927
TUN,2024,6.23208030817829
TUN,2023,6.20798342748048
TUN,2022,8.02677004326783
TUN,2021,6.55409542266409
TUN,2020,5.66992261834971
TUN,2019,5.52195852371031
TUN,2018,5.68962559679174
TUN,2017,5.96058193974094
TUN,2016,5.6449759317471
TUN,2015,7.20969744410097
TUN,2014,13.186068132323
TUN,2013,15.2132858501248
TUN,2012,16.7803635249074
TUN,2011,14.5522463732087
TUN,2010,14.1724455435595
TUN,2009,13.6321769184984
TUN,2008,17.3145503371259
TUN,2007,16.1951851598677
TUN,2006,12.9823968293614
TUN,2005,12.9344851365638
TUN,2004,9.57818211201145
TUN,2003,10.0082146574565
TUN,2002,9.35398364910013
TUN,2001,9.23624419584617
TUN,2000,12.0878012010152
TUN,1999,7.16274487264385
TUN,1998,6.43503899084677
TUN,1997,9.07238272997987
TUN,1996,10.5068542518327
TUN,1995,8.46757485226644
TUN,1994,9.47779972637927
TUN,1993,11.464691497188
TUN,1992,15.1006878334975
TUN,1991,14.318603127346
TUN,1990,17.2759492166608
TUN,1987,23.6203459858783
TUN,1986,24.2689657545322
TUN,1985,42.1831888667166
TUR,2024,6.16442555598186
TUR,2023,6.36477511937887
TUR,2022,6.32564856668837
TUR,2021,3.69000155336288
TUR,2020,2.69239035084596
TUR,2019,4.49416367984142
TUR,2018,3.12270042185464
TUR,2017,2.75372472293348
TUR,2016,2.13742856858285
TUR,2015,3.26418101924191
TUR,2014,4.36813821626103
TUR,2013,6.11133521147795
TUR,2012,4.90475359189769
TUR,2011,4.75328243521876
TUR,2010,3.83635976512141
TUR,2009,3.83892447047593
TUR,2008,5.70452546862763
TUR,2007,4.79888088392976
TUR,2006,4.16931750474639
TUR,2005,3.59438376037657
TUR,2004,2.26412471797319
TUR,2003,2.07422147897293
TUR,2002,1.91007933015807
TUR,2001,1.41871774710539
TUR,2000,1.06880006174656
TUR,1999,1.26662402852161
TUR,1998,0.963152688359028
TUR,1997,0.733053541974595
TUR,1996,1.15433351411723
TUR,1995,1.3351202005954
TUR,1994,1.34672958634563
TUR,1993,1.14999600461613
TUR,1992,1.58431168593657
TUR,1991,2.1360114238579
TUR,1990,2.28672641443985
TUR,1989,2.22285210001153
TUR,1987,2.29095453375161
TUR,1986,2.42342757663285
TUR,1985,4.68159841868101
TKM,2000,81.0096342435514
TKM,1999,64.1385878655064
TKM,1998,58.5146934818278
TKM,1997,76.5301378305115
TCA,2012,0.0104815937297078
TCA,2011,0.0217987202276068
TCA,2009,0.171452697169157
TCA,2008,1.93235129326059
TCA,2007,0.0189464937483337
TCA,2006,0.00156157219542911
TCA,2005,0.0717247314212899
TCA,2000,0.254008583589767
TCA,1999,0.0426853921073602
TUV,2005,7.16310807131073
TUV,2004,3.09877920075449
TUV,2003,0.172228202368138
TUV,2002,0.138592595817551
UGA,2024,2.32497095855221
UGA,2023,2.96068890680383
UGA,2022,4.24312411159032
UGA,2021,3.44411222230529
UGA,2020,2.37578872053309
UGA,2019,4.97635328996552
UGA,2018,5.40337893135784
UGA,2017,2.45925296695196
UGA,2016,1.14300324387532
UGA,2015,1.05985415174367
UGA,2014,2.11407660369841
UGA,2013,1.07267010214049
UGA,2012,6.61880937018064
UGA,2011,5.74523774419087
UGA,2010,1.20826334740248
UGA,2009,1.37508672939007
UGA,2008,1.2724566456655
UGA,2007,1.29891752827692
UGA,2006,4.38781819523582
UGA,2005,1.66663556012777
UGA,2004,2.15744861584744
UGA,2003,2.9815736307981
UGA,2002,3.63329549166036
UGA,2001,2.55881071072934
UGA,2000,5.0240653767444
UGA,1999,0.226241146857721
UGA,1998,2.31970782168828
UGA,1997,0.00758368720725879
UGA,1996,0.00819367379602146
UGA,1995,0.0847361579136495
UGA,1994,0.0171159470848101
UKR,2024,0.482782438375426
UKR,2023,1.08400725933861
UKR,2022,2.35030271456421
UKR,2021,1.12823233886
UKR,2020,1.12836959729539
UKR,2019,1.72417464016213
UKR,2018,1.81962240086264
UKR,2017,1.81994769039643
UKR,2016,1.22784536008362
UKR,2015,1.27997250942501
UKR,2014,3.73321431712067
UKR,2013,4.52519470348902
UKR,2012,5.29842708103909
UKR,2011,8.32111642019338
UKR,2010,7.11920021246899
UKR,2009,5.36779503400886
UKR,2008,6.13750401903014
UKR,2007,5.33567920429434
UKR,2006,6.65543968377137
UKR,2005,9.76678612675717
UKR,2004,10.4198172781886
UKR,2003,11.9347721509607
UKR,2002,9.17967636907921
UKR,2001,7.2943003260882
UKR,2000,5.5427931435479
UKR,1999,6.0525862481321
UKR,1998,4.11637172083702
UKR,1997,4.24247076886311
UKR,1996,4.34658941214644
ARE,2023,68.202872587783
ARE,2022,73.1440771980313
ARE,2021,70.3219846270872
ARE,2020,71.434331985329
ARE,2019,77.8387271988389
ARE,2018,68.5381737167988
ARE,2017,35.9982377334342
ARE,2016,31.5589751074458
ARE,2015,37.6515533891839
ARE,2014,50.7904126785472
ARE,2013,55.8450474819963
ARE,2012,47.2314196497577
ARE,2011,53.5351069475687
ARE,2010,49.9895856498744
ARE,2009,43.5246022231876
ARE,2008,62.304908634584
ARE,2007,63.7197610075105
ARE,2006,62.2532759092846
ARE,2005,57.7303108639363
ARE,2004,54.0586347867889
ARE,2003,48.2728267331956
ARE,2002,55.7261089954946
ARE,2001,91.783197076844
ARE,2000,93.843835816671
ARE,1999,91.2876718951178
ARE,1993,9.11330268720246
ARE,1992,10.3042686746707
ARE,1991,7.29751110467935
GBR,2025,7.10156229531189
GBR,2024,8.57390412775903
GBR,2023,8.96373321933615
GBR,2022,12.3109041508633
GBR,2021,8.32935578799489
GBR,2020,7.06424366401815
GBR,2019,8.59897730540144
GBR,2018,9.45873392804059
GBR,2017,7.96909103032825
GBR,2016,6.25609635660007
GBR,2015,7.02213106641059
GBR,2014,10.8953001970876
GBR,2013,11.4223263327095
GBR,2012,13.8690044776246
GBR,2011,12.6153872741119
GBR,2010,12.3740599458975
GBR,2009,11.0096977437667
GBR,2008,12.907975568673
GBR,2007,10.283154066959
GBR,2006,9.51966616894902
GBR,2005,9.34667587729113
GBR,2004,8.74180115519692
GBR,2003,8.18486315684614
GBR,2002,8.09048122385878
GBR,2001,8.02728595472992
GBR,2000,8.31363399667227
GBR,1999,5.54940163815323
GBR,1998,4.14103276192785
GBR,1997,6.02927111333643
GBR,1996,6.72122587769505
GBR,1995,6.19592254258388
GBR,1994,6.69346243627761
GBR,1993,7.0752395344982
GBR,1992,6.42108908908923
GBR,1991,7.23366919113139
GBR,1990,7.59199949902804
GBR,1989,6.58780836259733
GBR,1988,7.1285341638942
GBR,1987,10.9552626905996
GBR,1986,11.8735333261188
GBR,1985,21.4347865507821
USA,2024,18.3113039630256
USA,2023,18.6774872527635
USA,2022,21.4101656084375
USA,2021,15.9220948098952
USA,2020,12.7159907896534
USA,2019,14.1993655796366
USA,2018,13.5299938279588
USA,2017,10.510450824598
USA,2016,7.57865354567164
USA,2015,8.0034184342575
USA,2014,10.9856792186563
USA,2013,10.7639934435291
USA,2012,10.0636570136531
USA,2011,9.92432604469065
USA,2010,7.18456843300661
USA,2009,5.80419155097004
USA,2008,6.48428941235738
USA,2007,3.96254132636237
USA,2006,3.7372185207955
USA,2005,3.31136445717427
USA,2004,2.5706533002655
USA,2003,2.10931027144065
USA,2002,1.83394389932985
USA,2001,1.88077482714846
USA,2000,1.84678858931191
USA,1999,1.52518599921472
USA,1998,1.56887699110576
USA,1997,1.91675770574592
USA,1996,2.07124626296476
USA,1995,1.89191251927575
USA,1994,1.84602214970637
USA,1993,2.21655716454674
USA,1992,2.61777454492857
USA,1991,3.012912024288
USA,1990,3.25140191503474
USA,1989,2.8238903031564
USA,1987,3.17126748849486
USA,1986,3.97392020545445
USA,1985,4.85418230686114
URY,2024,1.30632945581964
URY,2023,0.248858467560678
URY,2022,1.47390184229824
URY,2021,5.65375733833479
URY,2020,1.24084050774374
URY,2019,1.08564402005782
URY,2018,1.19423274285302
URY,2017,1.99960987465139
URY,2016,0.4822512401636
URY,2015,0.285686399278086
URY,2014,1.11127050427265
URY,2013,0.491961483180946
URY,2012,1.09385511085502
URY,2011,0.739500301482631
URY,2010,3.09950322555501
URY,2009,1.46614251404475
URY,2008,3.29761276550623
URY,2007,4.25463973756081
URY,2006,3.49958264014888
URY,2005,4.73090812106706
URY,2004,4.36951736745661
URY,2003,1.55435490637551
URY,2002,0.792127333951963
URY,2001,1.94499804550468
URY,2000,1.52303122084986
URY,1999,0.575112781078327
URY,1998,0.8160925165737
URY,1997,0.648663078282303
URY,1996,1.11078860301007
URY,1995,1.04603955623649
URY,1994,0.396439307437981
URY,1993,0.0133236087654646
URY,1987,0.17506790700411
URY,1986,0.458784681385407
URY,1985,0.00357692411331782
UZB,2024,6.52845706509898
UZB,2023,4.46396721405799
UZB,2022,7.46412599396005
UZB,2021,6.53139390408132
UZB,2020,5.95874581011308
UZB,2019,16.5598854216671
UZB,2018,24.9394912096299
UZB,2017,16.1883074086756
VUT,2011,0.068762290574745
VUT,2010,0.222817847925324
VUT,2009,4.13564904274566
VUT,2007,0.4619863953749
VUT,2006,0.00186384167853004
VUT,2000,0.0204389916461194
VEN,2013,97.6778068113493
VEN,2012,98.7637309978349
VEN,2011,67.1966073193092
VEN,2010,93.3969113313162
VEN,2009,95.8996773647734
VEN,2008,93.7428917187714
VEN,2006,92.5603892681709
VEN,2005,87.8247886816393
VEN,2004,83.4198338154401
VEN,2003,82.2427109948815
VEN,2002,80.1191539247763
VEN,2001,83.0445636085282
VEN,2000,86.0857594456901
VEN,1999,81.403534775883
VEN,1998,70.6379310406942
VEN,1997,78.9184411868888
VEN,1996,80.7622668694753
VEN,1995,76.2539922437174
VEN,1994,75.9427778042581
VEN,1993,77.6086498419481
VEN,1992,79.9198010311707
VEN,1991,80.8505449922492
VEN,1990,80.0617955414958
VEN,1987,87.1351581271011
VEN,1986,84.0617359322362
VEN,1985,79.9671112777283
VNM,2023,0.952923330798285
VNM,2022,1.16704384704007
VNM,2021,0.979644882422729
VNM,2020,0.94849894404578
VNM,2019,1.37705086993892
VNM,2018,1.6139127032886
VNM,2017,2.25277351299626
VNM,2016,2.02635621812933
VNM,2015,3.08352977817506
VNM,2014,6.14993473897265
VNM,2013,7.33546515638199
VNM,2012,9.91288499039707
VNM,2011,11.3593523993831
VNM,2010,11.0465855531952
VNM,2009,14.8994835142997
VNM,2008,20.1729533963251
VNM,2007,20.7181172099468
VNM,2006,24.3794368857707
VNM,2005,25.7588869664945
VNM,2004,23.5351549250109
VNM,2003,20.6017912786283
VNM,2002,21.2354911123902
VNM,2001,22.9046197135305
VNM,2000,26.4090649126343
VNM,1999,20.48745051064
VNM,1998,15.4073486360175
VNM,1997,17.960909117159
PSE,2023,0.0859853021575194
PSE,2022,0.0524805007753271
PSE,2021,0.0685655976632964
PSE,2020,0.107838092378914
PSE,2019,0.0862921552942219
PSE,2018,0.0718070742204247
PSE,2017,0.0951480976091428
PSE,2016,0.163523332201154
PSE,2015,0.164371699319662
PSE,2014,0.191229879607219
PSE,2013,0.232120460276173
PSE,2012,0.239558505403332
PSE,2011,0.0865829589723565
PSE,2010,0.265654761783648
PSE,2009,0.471025789209267
PSE,2008,0.494543763671543
PSE,2007,0.232426668538088
PSE,2006,0.666981017605001
PSE,2005,0.849675033573036
PSE,2004,1.12385659559811
PSE,2003,1.35597857111999
PSE,2002,1.29639661721514
PSE,2001,0.804329991519607
PSE,2000,0.66106047911043
YEM,2019,0.145219187999619
YEM,2015,0.191164987703412
YEM,2014,69.6394754134209
YEM,2013,84.9361805839103
YEM,2012,92.1393209494491
YEM,2011,90.737252598481
YEM,2010,91.4220414145968
YEM,2009,92.6942841646448
YEM,2008,93.7148311827874
YEM,2007,93.3320541179736
YEM,2006,94.9954827270536
YEM,2005,94.897638723333
YEM,2004,94.0273532608415
YEM,2003,93.7927848102152
YEM,2002,93.2586484850577
YEM,2001,94.7388599829907
ZMB,2024,2.72110717813148
ZMB,2023,4.09782634161287
ZMB,2022,2.81611636018103
ZMB,2021,1.67696240024655
ZMB,2020,1.73850401929445
ZMB,2019,1.36783558895875
ZMB,2018,1.01571316093364
ZMB,2017,0.918961664308822
ZMB,2016,0.87637995732854
ZMB,2015,1.55535306091139
ZMB,2014,1.19101690281408
ZMB,2013,2.05442423414307
ZMB,2012,1.31390015743446
ZMB,2011,0.562369702840533
ZMB,2010,0.473192561204892
ZMB,2009,0.486768260911491
ZMB,2008,0.421744083665289
ZMB,2007,0.475593312463412
ZMB,2006,0.838501559249603
ZMB,2005,0.844028120274815
ZMB,2004,1.98338581633262
ZMB,2003,2.52218765663852
ZMB,2002,1.79506605084816
ZMB,2001,1.15597239860319
ZMB,2000,1.29289752455278
ZMB,1999,0.977858760915913
ZMB,1998,1.48959857824548
ZMB,1997,0.783547830813075
ZMB,1996,3.72686574479687
ZMB,1995,3.25976744039326
ZMB,1993,1.71235362608718
ZWE,2024,2.9112150677223
ZWE,2023,2.83650249873133
ZWE,2022,2.8942495074987
ZWE,2021,1.56615109785809
ZWE,2020,1.10293713757941
ZWE,2019,1.12609686820738
ZWE,2018,1.01057156468968
ZWE,2017,0.729202885483256
ZWE,2016,0.584993179560043
ZWE,2015,1.91889022375092
ZWE,2014,1.20678646794349
ZWE,2013,1.50053655263801
ZWE,2012,0.950966638573246
ZWE,2011,0.95621448571552
ZWE,2010,1.78082009073593
ZWE,2009,1.96805479388772
ZWE,2008,1.14466784020454
ZWE,2007,0.664027620284846
ZWE,2006,42.4295272236349
ZWE,2005,1.12418120251908
ZWE,2004,1.04965693349096
ZWE,2003,1.55282575675323
ZWE,2002,1.19632577514898
ZWE,2001,0.66369832201846
ZWE,2000,0.925189465250276
ZWE,1999,1.83158199534957
ZWE,1997,1.46448479709661
ZWE,1996,1.50052270696608
ZWE,1995,1.27110842285065
ZWE,1994,0.693157330863669
ZWE,1993,0.576475063919073
ZWE,1992,0.38171848725272
ZWE,1991,0.476342859230736
ZWE,1990,0.74196146733379
ZWE,1986,1.10661552708515
ZWE,1985,1.03002643950258
