iso,year,gdp_per_worker
AFG,2024,10613.4873373336
AFG,2023,10810.3819482136
AFG,2022,10863.2517874778
AFG,2021,10677.6454225309
AFG,2020,13526.9396374728
AFG,2019,13572.9111378508
AFG,2018,13031.1958220999
AFG,2017,12864.5667033688
AFG,2016,12858.0910458783
AFG,2015,12870.5695458653
AFG,2014,13059.3295876974
AFG,2013,13315.675411887
AFG,2012,13171.5544233137
AFG,2011,12278.9092819703
AFG,2010,12807.8232930622
AFG,2009,11642.2789865582
AFG,2008,10041.75092247
AFG,2007,9950.45147219382
AFG,2006,8972.00033241794
AFG,2005,8911.52928371096
AFG,2004,8317.10025498383
AFG,2003,8516.673357151
AFG,2002,8321.85652905659
AFG,2001,6815.20536174976
AFG,2000,7548.71678163597
ALB,2025,47603.8258423298
ALB,2024,45524.3566782545
ALB,2023,43306.5146614877
ALB,2022,42235.9333529497
ALB,2021,41715.2925817591
ALB,2020,38038.1499062976
ALB,2019,38164.6148500654
ALB,2018,37926.7381820097
ALB,2017,37477.9209867853
ALB,2016,37112.1544396315
ALB,2015,37276.5970291615
ALB,2014,37877.7428005922
ALB,2013,36394.8668305241
ALB,2012,31671.3968293197
ALB,2011,29637.8602339223
ALB,2010,31852.8309983457
ALB,2009,31080.6155090538
ALB,2008,31196.8357600301
ALB,2007,29682.2507189932
ALB,2006,27314.2477411247
ALB,2005,25501.8408196518
ALB,2004,24049.8213992983
ALB,2003,22770.3937252182
ALB,2002,21624.4607421976
ALB,2001,20816.0390088926
ALB,2000,18881.5202770917
ALB,1999,17708.8456315779
ALB,1998,15207.0638091099
ALB,1997,13232.6052351948
ALB,1996,14787.582814161
ALB,1995,13580.5234317436
ALB,1994,12533.5197891999
ALB,1993,11999.8432835395
ALB,1992,11419.7514010951
ALB,1991,9726.82708901346
DZA,2025,62891.4997286465
DZA,2024,61189.0573634739
DZA,2023,59596.4261123466
DZA,2022,58367.7906366039
DZA,2021,63250.6748129477
DZA,2020,62792.5714798184
DZA,2019,59207.3848011386
DZA,2018,59274.744358701
DZA,2017,59126.9092060989
DZA,2016,57878.2947740375
DZA,2015,56965.309923349
DZA,2014,55151.9523389244
DZA,2013,53144.8214051745
DZA,2012,52977.9463697316
DZA,2011,51791.9054943547
DZA,2010,51012.2777661653
DZA,2009,50172.5648703329
DZA,2008,51343.7485239826
DZA,2007,52653.2291269338
DZA,2006,51258.9498263726
DZA,2005,52676.9334897005
DZA,2004,52531.2720128319
DZA,2003,55504.0834264906
DZA,2002,54884.3163874252
DZA,2001,54368.0315812364
DZA,2000,56070.7861055488
DZA,1999,54561.4161291819
DZA,1998,53061.7878037213
DZA,1997,50831.1383883896
DZA,1996,53640.8167599385
DZA,1995,55922.6481062015
DZA,1994,52373.9482449079
DZA,1993,53469.4797311134
DZA,1992,54989.7475881062
DZA,1991,53078.2010817177
AGO,2025,24395.5987857102
AGO,2024,24429.6930547025
AGO,2023,24097.4033095684
AGO,2022,24514.7114327344
AGO,2021,24614.7634324856
AGO,2020,26517.8518098112
AGO,2019,28248.9053546782
AGO,2018,29500.4076518343
AGO,2017,30608.9302475339
AGO,2016,31644.3130601665
AGO,2015,32704.4424910514
AGO,2014,33453.3717771686
AGO,2013,33069.1657460913
AGO,2012,32664.454969667
AGO,2011,31262.7813848764
AGO,2010,31326.4262894742
AGO,2009,30833.2407309344
AGO,2008,31307.4701171897
AGO,2007,29318.95703424
AGO,2006,26964.5195389183
AGO,2005,25083.6850553322
AGO,2004,22817.5208009819
AGO,2003,21290.1421552387
AGO,2002,21331.8316852937
AGO,2001,19501.2404882443
AGO,2000,19375.6502650182
AGO,1999,19435.5263714047
AGO,1998,19619.6358117155
AGO,1997,19345.3334450823
AGO,1996,18692.0734080954
AGO,1995,17192.1191076839
AGO,1994,15529.5659842754
AGO,1993,15796.0815771695
AGO,1992,21280.4487590553
AGO,1991,23252.20793592
ARG,2025,61326.2908270487
ARG,2024,59453.738230398
ARG,2023,59860.6086847392
ARG,2022,62861.7846363111
ARG,2021,62199.2099349718
ARG,2020,63088.8422580423
ARG,2019,64545.6690918665
ARG,2018,66888.049287424
ARG,2017,69702.6851895696
ARG,2016,68105.4026359412
ARG,2015,69721.4339259464
ARG,2014,68225.6445237006
ARG,2013,70098.6605034767
ARG,2012,68916.9082638847
ARG,2011,70153.5331640959
ARG,2010,67965.7783189913
ARG,2009,62578.8318819811
ARG,2008,67241.6105325519
ARG,2007,65213.8451434454
ARG,2006,61047.783669524
ARG,2005,58492.0948828661
ARG,2004,55372.0006494235
ARG,2003,53386.931436742
ARG,2002,53119.3070799212
ARG,2001,57358.6164893946
ARG,2000,58560.1529462859
ARG,1999,58999.3864674556
ARG,1998,60451.118088869
ARG,1997,60898.2739160256
ARG,1996,59535.7181778436
ARG,1995,58986.5631454268
ARG,1994,56342.6298445891
ARG,1993,53578.2758730771
ARG,1992,48964.2425148305
ARG,1991,46257.9327425384
ARM,2025,50462.6587481723
ARM,2024,47368.5514514897
ARM,2023,45895.7380076628
ARM,2022,43845.172745608
ARM,2021,38030.4789416765
ARM,2020,37618.0497887388
ARM,2019,42384.9927249539
ARM,2018,38036.521992698
ARM,2017,35409.4291849734
ARM,2016,32604.8214753052
ARM,2015,32632.9687261425
ARM,2014,31148.8779500717
ARM,2013,29561.2106384967
ARM,2012,28848.227698867
ARM,2011,27178.8265046972
ARM,2010,25943.1483958497
ARM,2009,25161.9459807109
ARM,2008,29043.1710395226
ARM,2007,24968.8739185529
ARM,2006,22043.9774034138
ARM,2005,19540.0857586516
ARM,2004,17201.5117629684
ARM,2003,15597.0578682552
ARM,2002,13713.0164449867
ARM,2001,12188.6154964019
ARM,2000,11266.1356947621
ARM,1999,11050.0939656165
ARM,1998,10564.214370351
ARM,1997,9992.58654039984
ARM,1996,9420.61709354686
ARM,1995,8562.55848658977
ARM,1994,7814.65613683881
ARM,1993,7034.78444849682
ARM,1992,7059.64315527495
ARM,1991,11837.2187417621
AUS,2025,114582.067481371
AUS,2024,114538.681128867
AUS,2023,114664.901751543
AUS,2022,114008.86076002
AUS,2021,113808.531840373
AUS,2020,115508.041684851
AUS,2019,113842.022293434
AUS,2018,113928.526316708
AUS,2017,113779.721959186
AUS,2016,113799.961412796
AUS,2015,112709.976728508
AUS,2014,112466.037854652
AUS,2013,110388.989633403
AUS,2012,108545.678831436
AUS,2011,105710.900867903
AUS,2010,104994.038984984
AUS,2009,104839.230069699
AUS,2008,103583.336379261
AUS,2007,102753.570397263
AUS,2006,102100.723142835
AUS,2005,101717.777934815
AUS,2004,101911.527786002
AUS,2003,99431.9466392099
AUS,2002,98604.2719764182
AUS,2001,96669.2379459584
AUS,2000,95965.5326805011
AUS,1999,94759.6503149734
AUS,1998,91869.7134397237
AUS,1997,89302.3862609561
AUS,1996,86646.7688028924
AUS,1995,84522.1675448929
AUS,1994,84328.4822686431
AUS,1993,83686.8956312306
AUS,1992,80588.6982635245
AUS,1991,79848.7174706176
AUT,2025,131258.980837864
AUT,2024,129651.221286113
AUT,2023,130630.393707183
AUT,2022,132596.191173777
AUT,2021,129644.635311475
AUT,2020,123043.907448674
AUT,2019,129898.46313085
AUT,2018,128696.031693405
AUT,2017,127537.782511183
AUT,2016,126110.971123846
AUT,2015,125375.115152195
AUT,2014,125091.186433395
AUT,2013,124435.265028173
AUT,2012,125370.724185252
AUT,2011,125651.307496919
AUT,2010,123127.219184417
AUT,2009,122043.563091172
AUT,2008,126260.397279809
AUT,2007,126651.056170302
AUT,2006,125170.524497835
AUT,2005,123690.077540015
AUT,2004,123286.177222214
AUT,2003,117517.882878901
AUT,2002,117176.932443915
AUT,2001,116885.738312705
AUT,2000,115874.926951568
AUT,1999,112552.599917991
AUT,1998,110134.926983483
AUT,1997,106957.44989755
AUT,1996,104617.559477231
AUT,1995,100743.693913353
AUT,1994,97786.7001003984
AUT,1993,99065.9202664108
AUT,1992,98999.7020333313
AUT,1991,99217.1351082876
AZE,2025,47327.1100737975
AZE,2024,46860.2152267393
AZE,2023,45198.3740288539
AZE,2022,44616.1419540263
AZE,2021,43720.5413265585
AZE,2020,40037.0853073336
AZE,2019,42430.5814120378
AZE,2018,41719.5305735389
AZE,2017,41818.2118162947
AZE,2016,42334.6643504857
AZE,2015,44736.2428913683
AZE,2014,45113.7596529751
AZE,2013,44838.5150863565
AZE,2012,43015.9290585193
AZE,2011,42973.5694768648
AZE,2010,44653.7030936631
AZE,2009,43290.4508040273
AZE,2008,40838.7841614325
AZE,2007,37588.1465708046
AZE,2006,29224.5114973046
AZE,2005,21763.4169613255
AZE,2004,17147.9696973938
AZE,2003,15661.68808341
AZE,2002,14287.2176290012
AZE,2001,13113.3990647763
AZE,2000,11984.9490316389
AZE,1999,10743.4191791742
AZE,1998,10016.1600278166
AZE,1997,9062.15919074807
AZE,1996,8551.1445333962
AZE,1995,8490.97141127153
AZE,1994,9924.37572111624
AZE,1993,12819.3199184384
AZE,1992,17199.0934390493
AZE,1991,23155.6273923702
BHS,2024,65603.5991515248
BHS,2023,63680.1142732023
BHS,2022,62815.1386389344
BHS,2021,62022.1795518443
BHS,2020,54848.9063472729
BHS,2019,61411.8942733304
BHS,2018,63072.1931240663
BHS,2017,62204.9806331438
BHS,2016,62953.5640089948
BHS,2015,63990.8768571922
BHS,2014,65547.0045705021
BHS,2013,67119.8965787308
BHS,2012,68357.7382270102
BHS,2011,66820.5310009147
BHS,2010,67509.1211482521
BHS,2009,67554.4851092347
BHS,2008,67071.5010168796
BHS,2007,69836.3419441812
BHS,2006,70000.3308823002
BHS,2005,71600.396219696
BHS,2004,70453.5803703942
BHS,2003,71590.7382329619
BHS,2002,72303.2437418135
BHS,2001,69862.1599509036
BHS,2000,69393.8259876495
BHS,1999,68016.1705848367
BHS,1998,64700.4877312818
BHS,1997,64354.4481393821
BHS,1996,65950.0638306569
BHS,1995,64038.6620237351
BHS,1994,64765.6546609585
BHS,1993,63472.5783239869
BHS,1992,66469.1021649717
BHS,1991,68815.570218113
BHR,2025,106771.723681886
BHR,2024,104091.035647972
BHR,2023,102026.195221448
BHR,2022,102524.952914439
BHR,2021,100319.737847296
BHR,2020,98787.3118286194
BHR,2019,100682.749637121
BHR,2018,96163.9931989062
BHR,2017,93856.9330082414
BHR,2016,95203.2935588568
BHR,2015,96586.6849388049
BHR,2014,98241.5684015549
BHR,2013,97611.2506945298
BHR,2012,96197.8485402904
BHR,2011,94885.2830739072
BHR,2010,89780.576759568
BHR,2009,91204.6204249589
BHR,2008,97683.4958584864
BHR,2007,100471.684652159
BHR,2006,103340.350622266
BHR,2005,107850.57316059
BHR,2004,112014.509981005
BHR,2003,114740.844702985
BHR,2002,118005.332311035
BHR,2001,124409.304009883
BHR,2000,127347.67427747
BHR,1999,125443.813238878
BHR,1998,124578.884711435
BHR,1997,122989.260040932
BHR,1996,123252.533161714
BHR,1995,121870.707201486
BHR,1994,120693.125611921
BHR,1993,124329.864156574
BHR,1992,113279.145412159
BHR,1991,109280.102203983
BGD,2025,21197.0977134847
BGD,2024,20762.8156602916
BGD,2023,19552.1168625483
BGD,2022,18760.0240013094
BGD,2021,18166.5905913176
BGD,2020,17564.3547619746
BGD,2019,17073.9635892892
BGD,2018,16161.7576549562
BGD,2017,15398.4454288001
BGD,2016,15254.5907780982
BGD,2015,14411.3748460929
BGD,2014,13686.2163029019
BGD,2013,13059.1819300564
BGD,2012,12398.762504854
BGD,2011,11714.3089003566
BGD,2010,11052.6727957211
BGD,2009,10830.1441845046
BGD,2008,10428.3678690467
BGD,2007,9955.25899947675
BGD,2006,9423.83857718543
BGD,2005,9036.65249454425
BGD,2004,8633.208162672
BGD,2003,8350.04263251885
BGD,2002,8092.2862868691
BGD,2001,7921.58829158145
BGD,2000,7693.45719070106
BGD,1999,7501.60459395938
BGD,1998,7368.03371279223
BGD,1997,7207.41028375052
BGD,1996,7101.88629790327
BGD,1995,7004.67079061176
BGD,1994,6868.11840681373
BGD,1993,6810.43641217491
BGD,1992,6695.01075467019
BGD,1991,6538.30662446966
BRB,2025,44124.6684213303
BRB,2024,42853.052200162
BRB,2023,41613.298780412
BRB,2022,41104.6728388032
BRB,2021,38805.7372584942
BRB,2020,35471.9723053683
BRB,2019,40911.47749377
BRB,2018,40453.5701793185
BRB,2017,40597.3054176255
BRB,2016,40438.3250383729
BRB,2015,41182.1591787115
BRB,2014,42272.8773899034
BRB,2013,40664.0746455723
BRB,2012,41247.3376523864
BRB,2011,41816.6975639879
BRB,2010,41655.8791139759
BRB,2009,45041.4248736511
BRB,2008,46551.2269941381
BRB,2007,46097.8799783391
BRB,2006,46069.230222751
BRB,2005,43861.1831494364
BRB,2004,42671.8078482937
BRB,2003,43482.5392030436
BRB,2002,42588.378657898
BRB,2001,42404.4849333
BRB,2000,43413.285113203
BRB,1999,42256.7721876537
BRB,1998,43179.9320626872
BRB,1997,42934.178945902
BRB,1996,41254.489564703
BRB,1995,41783.0137918438
BRB,1994,43491.8123014633
BRB,1993,44056.6561431586
BRB,1992,43392.1086236108
BRB,1991,45718.0582663978
BLR,2025,58176.7560432288
BLR,2024,56999.1555930935
BLR,2023,54328.3165592204
BLR,2022,51749.5967172341
BLR,2021,54118.3900627957
BLR,2020,52451.7625882816
BLR,2019,52419.6600118763
BLR,2018,51697.3427214836
BLR,2017,50333.7948387585
BLR,2016,49068.3885492891
BLR,2015,50312.5902125254
BLR,2014,52322.3528239625
BLR,2013,51496.5458489895
BLR,2012,51014.371039388
BLR,2011,50246.7149675821
BLR,2010,47776.7369329832
BLR,2009,44580.8028013956
BLR,2008,45066.2244018816
BLR,2007,41421.4025430214
BLR,2006,38548.648760351
BLR,2005,35405.318363183
BLR,2004,32692.7292713725
BLR,2003,29671.5454763433
BLR,2002,28070.3119328325
BLR,2001,27127.9885174882
BLR,2000,26390.277029727
BLR,1999,25452.3138016278
BLR,1998,25121.4480699511
BLR,1997,24069.8558851037
BLR,1996,23547.5453557715
BLR,1995,21002.7427320862
BLR,1994,22283.0828328498
BLR,1993,24218.0521605043
BLR,1992,24874.2434413509
BLR,1991,26963.4259361029
BEL,2025,147481.623509228
BEL,2024,146545.886445007
BEL,2023,146547.319672296
BEL,2022,145529.767303213
BEL,2021,143705.694905106
BEL,2020,136668.184090266
BEL,2019,142675.533329534
BEL,2018,141579.484604144
BEL,2017,142256.691741814
BEL,2016,142336.271962494
BEL,2015,141849.976580332
BEL,2014,140133.916152028
BEL,2013,138039.889862369
BEL,2012,137680.675797569
BEL,2011,137715.185938845
BEL,2010,136320.845200416
BEL,2009,134917.35906172
BEL,2008,136794.240199476
BEL,2007,138169.630126298
BEL,2006,136950.71294408
BEL,2005,134405.121993855
BEL,2004,134093.442258323
BEL,2003,132418.080924439
BEL,2002,131088.350827
BEL,2001,129382.431850536
BEL,2000,125481.220080964
BEL,1999,124974.260756848
BEL,1998,124657.329129899
BEL,1997,122740.032290163
BEL,1996,119578.527131617
BEL,1995,118125.755431389
BEL,1994,116648.376292915
BEL,1993,112868.860940378
BEL,1992,112987.132517384
BEL,1991,112809.201208887
BLZ,2025,32201.4013102409
BLZ,2024,33118.8088836397
BLZ,2023,32062.1592324642
BLZ,2022,32593.0001003991
BLZ,2021,30188.1080821141
BLZ,2020,28952.1104495311
BLZ,2019,26287.2729603767
BLZ,2018,26775.9767965938
BLZ,2017,27807.1108059449
BLZ,2016,29301.9828625125
BLZ,2015,30689.870830426
BLZ,2014,31227.1563133102
BLZ,2013,31490.4611137867
BLZ,2012,31380.8138565704
BLZ,2011,31337.258564888
BLZ,2010,32587.3230747695
BLZ,2009,33350.490166063
BLZ,2008,34741.3292552432
BLZ,2007,36826.4453094491
BLZ,2006,37404.2394653839
BLZ,2005,37854.0996177464
BLZ,2004,38384.9053261426
BLZ,2003,38021.9271647067
BLZ,2002,35969.4274193724
BLZ,2001,35157.5722967019
BLZ,2000,35619.0780960703
BLZ,1999,33950.4106955554
BLZ,1998,33293.9312478898
BLZ,1997,32782.6581838816
BLZ,1996,33833.0520202592
BLZ,1995,34845.3041087955
BLZ,1994,35806.8974989287
BLZ,1993,36242.5392733428
BLZ,1992,35057.2005857815
BLZ,1991,32101.6473881939
BEN,2025,9325.5020877331
BEN,2024,8897.28685841584
BEN,2023,8527.81491564848
BEN,2022,8266.76711018813
BEN,2021,8053.28260450002
BEN,2020,7856.06988927314
BEN,2019,7742.91718776449
BEN,2018,7525.9204301087
BEN,2017,7331.16260097152
BEN,2016,7202.37122961299
BEN,2015,7230.29669221025
BEN,2014,7373.41806535482
BEN,2013,7209.35647400423
BEN,2012,6995.92155740843
BEN,2011,6942.29266405707
BEN,2010,6851.41688441011
BEN,2009,6930.95895014121
BEN,2008,6999.4845473194
BEN,2007,6892.97366452184
BEN,2006,6707.14369508323
BEN,2005,6672.6045425755
BEN,2004,6794.66253450318
BEN,2003,6725.92816837663
BEN,2002,6721.68135988294
BEN,2001,6644.44578741943
BEN,2000,6527.36063193077
BEN,1999,6380.24996920549
BEN,1998,6267.09822879013
BEN,1997,6231.94770222454
BEN,1996,6084.38727685489
BEN,1995,5977.63830790669
BEN,1994,5723.79765087125
BEN,1993,5841.98232091884
BEN,1992,5819.23515212921
BEN,1991,5836.91031213045
BTN,2025,33516.7693806647
BTN,2024,31430.8610866056
BTN,2023,29545.9263262774
BTN,2022,30393.8934192437
BTN,2021,26460.1763886693
BTN,2020,26297.0195518952
BTN,2019,29729.1179836934
BTN,2018,30532.0460441175
BTN,2017,29852.9188964499
BTN,2016,29571.651518722
BTN,2015,27561.85031641
BTN,2014,26542.8408297862
BTN,2013,24501.6091884012
BTN,2012,24638.8694634079
BTN,2011,23075.6570215691
BTN,2010,21472.8667270838
BTN,2009,19272.1184557054
BTN,2008,18276.2422662996
BTN,2007,17869.5715209031
BTN,2006,15673.9836630418
BTN,2005,15240.2432924544
BTN,2004,14650.0724917978
BTN,2003,14363.3257309895
BTN,2002,13837.1333232219
BTN,2001,13003.2318337366
BTN,2000,12530.1545152555
BTN,1999,12529.3285621189
BTN,1998,11996.6054430004
BTN,1997,11658.3694512824
BTN,1996,11357.1607727949
BTN,1995,10850.652078538
BTN,1994,10072.1679003184
BTN,1993,9636.59381795061
BTN,1992,9097.93199338181
BTN,1991,8393.18278055499
BOL,2025,20434.6300260779
BOL,2024,21296.2352266882
BOL,2023,21876.5124597865
BOL,2022,21896.1346897363
BOL,2021,21923.1635801049
BOL,2020,22404.8868583745
BOL,2019,24312.5373260295
BOL,2018,25166.0167148725
BOL,2017,26123.0417704279
BOL,2016,26005.3207186847
BOL,2015,25276.3274525126
BOL,2014,24267.7298527673
BOL,2013,23534.9475257615
BOL,2012,22363.9288477534
BOL,2011,21722.5131592822
BOL,2010,21126.9107563079
BOL,2009,20768.3229604223
BOL,2008,20419.0067898142
BOL,2007,19631.7767831408
BOL,2006,19158.4703773898
BOL,2005,18668.397333346
BOL,2004,18250.3745257641
BOL,2003,17881.3834629244
BOL,2002,17742.6494646093
BOL,2001,17653.3664875449
BOL,2000,17666.7058347295
BOL,1999,17544.2965903459
BOL,1998,17779.3825534373
BOL,1997,17255.0671217533
BOL,1996,16937.414465444
BOL,1995,16710.6576652283
BOL,1994,16472.6056845913
BOL,1993,16171.7416422555
BOL,1992,15925.0607020844
BOL,1991,16001.9511771813
BIH,2025,55755.4947906812
BIH,2024,53809.3249824253
BIH,2023,51686.0284549849
BIH,2022,52227.4896196346
BIH,2021,52049.4577831621
BIH,2020,48514.9137451371
BIH,2019,47957.0193343261
BIH,2018,47320.9375584896
BIH,2017,46042.207775802
BIH,2016,46786.942710029
BIH,2015,46010.9980845508
BIH,2014,43371.5396571788
BIH,2013,42208.3611650685
BIH,2012,40776.6425141707
BIH,2011,40042.5568826364
BIH,2010,38681.8511867519
BIH,2009,35998.5425105628
BIH,2008,36175.5511938377
BIH,2007,36465.1505251672
BIH,2006,35160.6860708198
BIH,2005,32731.1692012637
BIH,2004,30751.1528299716
BIH,2003,28368.5089622328
BIH,2002,26959.0648039174
BIH,2001,25506.9616320718
BIH,2000,24818.2576727933
BIH,1999,23537.0443125945
BIH,1998,21609.6778364595
BIH,1997,18764.0699911254
BIH,1996,14246.554834633
BIH,1995,9658.42692682921
BIH,1994,8232.70713744054
BIH,1993,6947.6777962842
BIH,1992,6362.09087402433
BIH,1991,6375.0016880806
BWA,2025,50028.8968393332
BWA,2024,51068.4950596999
BWA,2023,53442.7715864958
BWA,2022,55903.1010343748
BWA,2021,54141.6906888199
BWA,2020,50122.8696928949
BWA,2019,53491.7375710746
BWA,2018,52975.4488296902
BWA,2017,52098.7715225486
BWA,2016,50976.7623642583
BWA,2015,48314.6328651432
BWA,2014,51511.5777784505
BWA,2013,49477.1329024214
BWA,2012,45249.7489622939
BWA,2011,46526.6422480046
BWA,2010,44870.032464452
BWA,2009,39041.0603909881
BWA,2008,47341.3314962439
BWA,2007,48095.3234155176
BWA,2006,47794.61022308
BWA,2005,46546.1256359324
BWA,2004,46944.6464153708
BWA,2003,48351.8434611232
BWA,2002,46112.005296973
BWA,2001,43390.5990676441
BWA,2000,43412.2092036906
BWA,1999,44659.9194401716
BWA,1998,42995.5527605677
BWA,1997,44186.2901637245
BWA,1996,42318.6437326405
BWA,1995,41166.8693675272
BWA,1994,39669.4234529598
BWA,1993,38455.9560026608
BWA,1992,37968.3281917746
BWA,1991,37038.6903090841
BRA,2025,41840.0096326778
BRA,2024,41441.0405993757
BRA,2023,41147.6933819408
BRA,2022,40322.9212545869
BRA,2021,41904.8315182294
BRA,2020,41893.3237282763
BRA,2019,39945.5086419838
BRA,2018,40287.8207414582
BRA,2017,40207.0253818843
BRA,2016,39749.3215058047
BRA,2015,40241.3603240311
BRA,2014,41620.5007869547
BRA,2013,41958.2643779378
BRA,2012,41343.559149847
BRA,2011,41005.3449068097
BRA,2010,39602.8066779964
BRA,2009,37086.5015871274
BRA,2008,37362.2574758628
BRA,2007,36462.8085263444
BRA,2006,34900.0057032547
BRA,2005,34309.3040987948
BRA,2004,34011.5553213707
BRA,2003,33405.5022232838
BRA,2002,33447.2981383004
BRA,2001,33602.5508591608
BRA,2000,34062.0258846128
BRA,1999,33554.6102501098
BRA,1998,34155.0446247849
BRA,1997,34480.5509646589
BRA,1996,34226.8314603134
BRA,1995,33062.2091571686
BRA,1994,32420.1547955488
BRA,1993,31300.6459432924
BRA,1992,31036.249010528
BRA,1991,32042.3758920787
BRN,2025,163544.352382261
BRN,2024,163274.360932634
BRN,2023,158246.477493507
BRN,2022,159454.946960478
BRN,2021,163716.818760828
BRN,2020,172926.261115206
BRN,2019,169846.447864511
BRN,2018,165771.589776663
BRN,2017,172851.524715367
BRN,2016,171508.775303403
BRN,2015,176798.039061445
BRN,2014,178557.022911652
BRN,2013,185717.563131088
BRN,2012,192560.031246208
BRN,2011,194086.989101633
BRN,2010,190650.107586153
BRN,2009,188901.84600346
BRN,2008,195364.744776275
BRN,2007,205952.709302223
BRN,2006,217512.723130395
BRN,2005,213478.449125842
BRN,2004,218363.382308554
BRN,2003,223485.528344013
BRN,2002,221397.266364465
BRN,2001,218828.962658078
BRN,2000,222779.910827878
BRN,1999,222360.183049458
BRN,1998,220380.298273803
BRN,1997,243766.103840196
BRN,1996,237068.108729344
BRN,1995,245294.665619726
BRN,1994,250498.894936898
BRN,1993,256602.31222537
BRN,1992,267135.986374633
BRN,1991,284932.756595958
BGR,2025,76237.302065829
BGR,2024,74220.5977530845
BGR,2023,71089.9608686679
BGR,2022,69786.9250672246
BGR,2021,68917.2850596136
BGR,2020,62815.0064722228
BGR,2019,62693.9855864739
BGR,2018,61623.8433618006
BGR,2017,59816.9623302987
BGR,2016,60518.7585613856
BGR,2015,57927.555847289
BGR,2014,56927.691075534
BGR,2013,56624.3895379792
BGR,2012,56091.6906067694
BGR,2011,55345.4684369057
BGR,2010,52293.1316569148
BGR,2009,48659.7404326656
BGR,2008,48670.947423487
BGR,2007,47310.1311180757
BGR,2006,46419.7371611094
BGR,2005,45429.3422094663
BGR,2004,42547.0326983843
BGR,2003,41210.0492573794
BGR,2002,40477.1439064647
BGR,2001,38080.8255027654
BGR,2000,35600.5868767203
BGR,1999,33040.6424780744
BGR,1998,35556.1461720299
BGR,1997,34664.5887081133
BGR,1996,40243.2559176817
BGR,1995,37496.9693152785
BGR,1994,37091.4560368515
BGR,1993,37990.2075720018
BGR,1992,37870.7070687818
BGR,1991,38690.6544354953
BFA,2025,6603.09708438809
BFA,2024,6472.96074064089
BFA,2023,6289.32152884011
BFA,2022,6223.52903326961
BFA,2021,6231.15161967864
BFA,2020,5931.60538294204
BFA,2019,5813.15200948724
BFA,2018,5659.92445204996
BFA,2017,5461.63061566933
BFA,2016,5290.99754769334
BFA,2015,5133.18409225747
BFA,2014,5069.59080582463
BFA,2013,4983.86944877486
BFA,2012,4830.59929565181
BFA,2011,4661.55686944861
BFA,2010,4481.47880145293
BFA,2009,4237.07535310264
BFA,2008,4208.86402617185
BFA,2007,4071.8736622482
BFA,2006,4035.84904213498
BFA,2005,3927.63143061949
BFA,2004,3710.50389930763
BFA,2003,3641.58730836784
BFA,2002,3493.21273798505
BFA,2001,3455.60431626933
BFA,2000,3346.44981511142
BFA,1999,3385.66044992994
BFA,1998,3247.67688245229
BFA,1997,3111.03763565987
BFA,1996,2999.65956987989
BFA,1995,2770.06608507652
BFA,1994,2685.32543416304
BFA,1993,2707.6777302949
BFA,1992,2675.55865611963
BFA,1991,2721.08784466887
BDI,2025,2455.53531101369
BDI,2024,2436.77860494748
BDI,2023,2421.4768158441
BDI,2022,2428.42189694822
BDI,2021,2468.19798832288
BDI,2020,2492.17384394031
BDI,2019,2538.5955119159
BDI,2018,2524.30724694334
BDI,2017,2479.69473679107
BDI,2016,2441.80567623368
BDI,2015,2391.95881551704
BDI,2014,2447.53704392541
BDI,2013,2416.70509041393
BDI,2012,2376.82005815305
BDI,2011,2348.9356377921
BDI,2010,2332.38127668712
BDI,2009,2331.23367993557
BDI,2008,2380.56825307597
BDI,2007,2398.25771132475
BDI,2006,2437.70830710429
BDI,2005,2375.65601115457
BDI,2004,2433.29305984428
BDI,2003,2408.20141037582
BDI,2002,2514.49293307905
BDI,2001,2475.05584050341
BDI,2000,2487.36909253343
BDI,1999,2559.9170562816
BDI,1998,2660.72874421151
BDI,1997,2587.82952187018
BDI,1996,2584.00872557428
BDI,1995,2755.85753317338
BDI,1994,3283.20942759041
BDI,1993,3396.89478855345
BDI,1992,3341.56774565852
BDI,1991,3381.22293055754
CPV,2025,27490.4082710249
CPV,2024,26259.5757603229
CPV,2023,24900.6156411164
CPV,2022,24209.5353748199
CPV,2021,22885.8042493684
CPV,2020,22084.2748412221
CPV,2019,25206.7704557971
CPV,2018,24408.2403372433
CPV,2017,22146.9640100607
CPV,2016,21195.4244944538
CPV,2015,20368.4232599548
CPV,2014,20251.306404878
CPV,2013,20213.4865258101
CPV,2012,20241.6375015224
CPV,2011,20243.7323100586
CPV,2010,19747.5687709882
CPV,2009,21659.7372198561
CPV,2008,22354.3190974403
CPV,2007,21302.406043821
CPV,2006,18908.0512511502
CPV,2005,17912.7216790817
CPV,2004,17149.2453618178
CPV,2003,15970.986914199
CPV,2002,15682.0898127944
CPV,2001,15270.9328640435
CPV,2000,15289.6836029824
CPV,1999,13705.2162349672
CPV,1998,12590.2729404605
CPV,1997,11423.1877056503
CPV,1996,10476.8497000946
CPV,1995,9610.68948183788
CPV,1994,8597.60297231992
CPV,1993,7396.67374841838
CPV,1992,6962.44264164132
CPV,1991,6419.09441574021
KHM,2025,12600.3386742362
KHM,2024,12154.8499765339
KHM,2023,11663.2362656994
KHM,2022,11306.1407777986
KHM,2021,11356.7801844852
KHM,2020,10831.4792987836
KHM,2019,11406.4617876745
KHM,2018,10802.0277078006
KHM,2017,10144.0531843308
KHM,2016,9550.82782631716
KHM,2015,9205.66598106831
KHM,2014,8679.51453828623
KHM,2013,8162.27643385526
KHM,2012,7454.69162850917
KHM,2011,6867.96824936853
KHM,2010,6614.05591770746
KHM,2009,6655.46290198844
KHM,2008,6845.83077597746
KHM,2007,6403.25805063202
KHM,2006,5989.14880818297
KHM,2005,5573.75587079857
KHM,2004,5079.5101629248
KHM,2003,4793.50809185858
KHM,2002,4482.84883274474
KHM,2001,4353.64144405836
KHM,2000,4190.72197536524
KHM,1999,3941.25648820126
KHM,1998,3612.60381055568
KHM,1997,3652.77570867054
KHM,1996,3826.94325511714
KHM,1995,3916.51146919797
KHM,1994,3833.30353798674
KHM,1993,6254.51029643636
KHM,1992,6348.25985990946
KHM,1991,6199.57023258751
CMR,2025,13370.4075869386
CMR,2024,13292.6834844114
CMR,2023,13247.8419301564
CMR,2022,13230.2122394146
CMR,2021,13249.7844554751
CMR,2020,13085.3670912701
CMR,2019,13118.161243185
CMR,2018,12888.618864514
CMR,2017,12591.0295281773
CMR,2016,12354.6966618624
CMR,2015,12041.3861903607
CMR,2014,11647.8987160613
CMR,2013,11241.9271865694
CMR,2012,10887.8586222804
CMR,2011,10584.2469627371
CMR,2010,10416.3765835342
CMR,2009,10127.4316501036
CMR,2008,9901.93066363864
CMR,2007,9681.92644431034
CMR,2006,9623.12505690674
CMR,2005,9607.27806863955
CMR,2004,9745.64377672431
CMR,2003,9459.26618988592
CMR,2002,9323.66965289923
CMR,2001,9270.62632692102
CMR,2000,9157.12252028295
CMR,1999,9084.64656583562
CMR,1998,8961.14830147359
CMR,1997,8832.48818528139
CMR,1996,8727.70571999767
CMR,1995,8678.95786492501
CMR,1994,8714.05049613884
CMR,1993,8837.11892600379
CMR,1992,9873.52819686244
CMR,1991,10479.5200419168
CAN,2025,113563.261899119
CAN,2024,111791.661192221
CAN,2023,110939.467997818
CAN,2022,112243.095642687
CAN,2021,112202.121182965
CAN,2020,111042.827306137
CAN,2019,110430.462400771
CAN,2018,110704.655978461
CAN,2017,109696.853516876
CAN,2016,108776.011629586
CAN,2015,108376.912020257
CAN,2014,108378.704892694
CAN,2013,105756.255104241
CAN,2012,104771.258500082
CAN,2011,104421.694335739
CAN,2010,102803.320398814
CAN,2009,101022.827884885
CAN,2008,102559.178963516
CAN,2007,103018.26375008
CAN,2006,103045.488038609
CAN,2005,102252.121218911
CAN,2004,100383.720309186
CAN,2003,98984.6336901037
CAN,2002,99619.6102384781
CAN,2001,99103.3878506846
CAN,2000,98476.4418876639
CAN,1999,95982.4625395719
CAN,1998,93623.6931618729
CAN,1997,92320.3867729697
CAN,1996,90444.7582619097
CAN,1995,89704.6378087043
CAN,1994,88856.5444946108
CAN,1993,86790.8455231704
CAN,1992,84867.0165107193
CAN,1991,83102.2141255704
CAF,2025,3179.96146786343
CAF,2024,3165.77793079017
CAF,2023,3234.62801565145
CAF,2022,3253.1182600278
CAF,2021,3265.9248751727
CAF,2020,3272.29934868034
CAF,2019,3251.55169660674
CAF,2018,3194.82203404028
CAF,2017,3132.06445748769
CAF,2016,3044.48095930443
CAF,2015,2959.15038871047
CAF,2014,2809.95238597425
CAF,2013,2755.20444532999
CAF,2012,4315.72208041007
CAF,2011,4112.75050066976
CAF,2010,3988.55712620076
CAF,2009,3759.0331361594
CAF,2008,3423.08401972537
CAF,2007,3423.52418494633
CAF,2006,3330.88797113952
CAF,2005,3244.74291986793
CAF,2004,3293.45921294853
CAF,2003,3180.83032701127
CAF,2002,3451.54186758534
CAF,2001,3407.85302702896
CAF,2000,3335.69413760739
CAF,1999,3524.74220316438
CAF,1998,3501.6169848816
CAF,1997,3439.4782551519
CAF,1996,3358.50683098597
CAF,1995,3585.6464762825
CAF,1994,3432.48021057292
CAF,1993,3369.85369164182
CAF,1992,3455.54972140041
CAF,1991,3790.88247864206
TCD,2025,7804.99463961369
TCD,2024,7642.70634743364
TCD,2023,7734.746840005
TCD,2022,7874.76969223555
TCD,2021,7965.47291681218
TCD,2020,8274.3661213661
TCD,2019,8466.42075552831
TCD,2018,8317.9112819878
TCD,2017,8086.93703337269
TCD,2016,8437.56987361681
TCD,2015,9000.38745621064
TCD,2014,8910.883394531
TCD,2013,8988.53065099732
TCD,2012,8992.35693912815
TCD,2011,8481.54835695171
TCD,2010,8342.51518618582
TCD,2009,7530.10544718736
TCD,2008,7853.96570924744
TCD,2007,7824.07331116463
TCD,2006,7691.19018111797
TCD,2005,7942.62339028215
TCD,2004,7013.08390679885
TCD,2003,5484.5908646488
TCD,2002,4956.41401178586
TCD,2001,4686.34823627353
TCD,2000,4291.1576736924
TCD,1999,4434.33345432761
TCD,1998,4581.39504094829
TCD,1997,4382.33392996385
TCD,1996,4232.88203441316
TCD,1995,4310.88247914095
TCD,1994,4440.23252990094
TCD,1993,4051.54682884138
TCD,1992,4872.48663098689
TCD,1991,4719.48666539619
CHL,2025,65210.7996385107
CHL,2024,64104.1483966222
CHL,2023,64007.9045880781
CHL,2022,65141.384129718
CHL,2021,68065.6464782789
CHL,2020,64117.6021579912
CHL,2019,59510.5274620498
CHL,2018,60264.8352897173
CHL,2017,59242.2894825317
CHL,2016,60006.3501507094
CHL,2015,59753.5014934899
CHL,2014,59524.5143009569
CHL,2013,59308.8060158672
CHL,2012,58575.0733913698
CHL,2011,56359.7644296301
CHL,2010,55690.3797343864
CHL,2009,57009.6396848963
CHL,2008,57072.4089558567
CHL,2007,56535.6112499221
CHL,2006,55503.7406797669
CHL,2005,54552.5901059194
CHL,2004,53277.5656564277
CHL,2003,50959.5962963379
CHL,2002,50236.2091086274
CHL,2001,49227.8967667631
CHL,2000,47861.4551996137
CHL,1999,46161.2200497622
CHL,1998,45092.399209727
CHL,1997,44087.4987352764
CHL,1996,41904.323603961
CHL,1995,39109.2417295413
CHL,1994,37459.8205598513
CHL,1993,36051.4194512095
CHL,1992,34743.9027095415
CHL,1991,32690.3451502718
CHN,2025,48125.7905914578
CHN,2024,45833.8320616544
CHN,2023,43341.7549241021
CHN,2022,41490.0973232747
CHN,2021,39480.6030794518
CHN,2020,37511.2538690742
CHN,2019,35777.3561083629
CHN,2018,33601.881230496
CHN,2017,31434.3081942008
CHN,2016,29369.0509234877
CHN,2015,27526.5523497609
CHN,2014,25748.3249782549
CHN,2013,23987.5447401034
CHN,2012,22258.1660487874
CHN,2011,20649.7871815335
CHN,2010,18968.032610629
CHN,2009,17224.2686833564
CHN,2008,15770.3192462437
CHN,2007,14405.4028216472
CHN,2006,12705.2330280599
CHN,2005,11398.7566686598
CHN,2004,10354.9769503391
CHN,2003,9528.69435407477
CHN,2002,8738.57740414972
CHN,2001,8074.43825873511
CHN,2000,7507.66531361923
CHN,1999,6977.45425465032
CHN,1998,6535.30979224146
CHN,1997,6121.34862718866
CHN,1996,5661.13318103282
CHN,1995,5195.94897974154
CHN,1994,4722.47290814613
CHN,1993,4206.5980210436
CHN,1992,3712.92029362584
CHN,1991,3280.17721670101
COL,2025,40368.8099915794
COL,2024,40372.6103426888
COL,2023,40229.6266119942
COL,2022,41331.834908291
COL,2021,39876.7885971864
COL,2020,38004.1223580052
COL,2019,38575.7202575428
COL,2018,37412.4444096565
COL,2017,36903.5625254914
COL,2016,36943.6403776327
COL,2015,36355.5637432912
COL,2014,35996.4595285993
COL,2013,35058.5651371068
COL,2012,33807.7059868675
COL,2011,33527.118877721
COL,2010,32468.6223280651
COL,2009,32082.2171363365
COL,2008,33476.9968635704
COL,2007,33197.4444827689
COL,2006,31356.1861554516
COL,2005,29660.7179451544
COL,2004,29179.166439611
COL,2003,27816.1210490088
COL,2002,28088.6251305347
COL,2001,27740.0672440748
COL,2000,29797.6990191525
COL,1999,29485.0303761739
COL,1998,29333.8936792316
COL,1997,28844.1802898625
COL,1996,28527.5945413051
COL,1995,27664.178952454
COL,1994,26933.703978635
COL,1993,26103.373635945
COL,1992,25978.5282533073
COL,1991,25863.1671317576
COM,2025,10694.9733250909
COM,2024,10615.4927503787
COM,2023,10514.8437104115
COM,2022,10437.2207267844
COM,2021,10542.6041870862
COM,2020,10932.561188178
COM,2019,11405.1306318175
COM,2018,11843.2671160989
COM,2017,12099.1721202018
COM,2016,12350.9029351234
COM,2015,12657.6032476965
COM,2014,13278.1625211194
COM,2013,13424.8340370181
COM,2012,13310.9668019539
COM,2011,13380.8391533744
COM,2010,13344.0070875266
COM,2009,13372.2243267258
COM,2008,13481.8019773834
COM,2007,13496.7472228265
COM,2006,13933.6328397363
COM,2005,14772.9272857038
COM,2004,14571.0093617447
COM,2003,14495.8022187559
COM,2002,14515.3569779436
COM,2001,14208.1754631666
COM,2000,13805.9362377303
COM,1999,14306.2447256888
COM,1998,14252.002166375
COM,1997,14518.6123906258
COM,1996,14185.8341589355
COM,1995,14478.4578143875
COM,1994,13902.0994173779
COM,1993,14691.1649193147
COM,1992,14519.8161444755
COM,1991,13817.7828143467
COD,2025,4939.08188963063
COD,2024,4820.90241222612
COD,2023,4701.6239708407
COD,2022,4483.15260988407
COD,2021,4317.43026021784
COD,2020,4201.78726800031
COD,2019,4209.39366167638
COD,2018,4298.48712497744
COD,2017,4170.70756694107
COD,2016,4136.28680166316
COD,2015,4253.16815783092
COD,2014,4116.01981225344
COD,2013,3953.81064974782
COD,2012,3468.31896139371
COD,2011,3247.79385459453
COD,2010,3318.80112238388
COD,2009,3105.29418669692
COD,2008,3131.62589188841
COD,2007,2954.2268939796
COD,2006,2759.06655683521
COD,2005,2666.57103135433
COD,2004,2591.23011500891
COD,2003,2500.45668823119
COD,2002,2439.03366862207
COD,2001,2442.87885114215
COD,2000,2574.08473144879
COD,1999,2853.18859724566
COD,1998,3081.79330738309
COD,1997,3207.01072584837
COD,1996,3417.06491223578
COD,1995,3489.85070505246
COD,1994,3621.88225382161
COD,1993,3974.01336171242
COD,1992,4755.27403477405
COD,1991,5486.05029985902
COG,2025,18978.5352711115
COG,2024,19008.6895299546
COG,2023,19202.4014720953
COG,2022,19464.936072741
COG,2021,20957.553893758
COG,2020,21607.6987225482
COG,2019,22069.2879812779
COG,2018,22486.3883836695
COG,2017,23566.2991831936
COG,2016,25424.1927167189
COG,2015,28368.9124321135
COG,2014,28728.8684227933
COG,2013,27530.2700187015
COG,2012,28143.079192487
COG,2011,26195.7514421448
COG,2010,26360.1778364394
COG,2009,25194.6685831816
COG,2008,23566.0934280411
COG,2007,22895.7560842326
COG,2006,25387.0890599043
COG,2005,24567.9173074408
COG,2004,23758.7148474134
COG,2003,23847.3577918156
COG,2002,24301.2866637295
COG,2001,23871.8230053951
COG,2000,24056.4651989179
COG,1999,23514.6929986855
COG,1998,24796.4870728373
COG,1997,24420.9986064922
COG,1996,25128.2466190357
COG,1995,24868.3640635722
COG,1994,24650.944238772
COG,1993,26841.5977818517
COG,1992,27979.8135294934
COG,1991,28120.3647178683
CRI,2025,64822.5228282531
CRI,2024,62681.5919400063
CRI,2023,62763.389553521
CRI,2022,57859.8964693541
CRI,2021,57647.9358503058
CRI,2020,55697.9100124466
CRI,2019,51975.9928662886
CRI,2018,51883.1416306924
CRI,2017,52384.2487701236
CRI,2016,51342.8998742927
CRI,2015,47719.4785085939
CRI,2014,45827.5042604433
CRI,2013,45240.5809956916
CRI,2012,44870.7377932898
CRI,2011,46421.8017224157
CRI,2010,45197.4334489446
CRI,2009,43125.7779414283
CRI,2008,42750.6266414518
CRI,2007,41171.2118799792
CRI,2006,39962.2329561822
CRI,2005,38014.4564270622
CRI,2004,38862.7218181211
CRI,2003,37477.4940107454
CRI,2002,36920.3774954815
CRI,2001,36234.2608844594
CRI,2000,36440.8800869784
CRI,1999,35944.5459895123
CRI,1998,35350.3480659629
CRI,1997,35086.7131556418
CRI,1996,35829.2959274272
CRI,1995,34823.0065902779
CRI,1994,34701.0668007093
CRI,1993,34510.5559205576
CRI,1992,33750.9261988016
CRI,1991,31857.6204016882
CIV,2025,17977.2107566768
CIV,2024,17398.9878584636
CIV,2023,16924.8539357085
CIV,2022,16390.3109715802
CIV,2021,16154.729364062
CIV,2020,15835.4765949959
CIV,2019,16182.419345582
CIV,2018,15487.9334752251
CIV,2017,15083.746711333
CIV,2016,14077.2315594654
CIV,2015,13563.928383598
CIV,2014,13052.5024714574
CIV,2013,12359.0897252987
CIV,2012,11835.9068602165
CIV,2011,11364.8798057036
CIV,2010,12386.9622370339
CIV,2009,12056.4808499834
CIV,2008,12114.9195427088
CIV,2007,11958.2827881154
CIV,2006,12098.8109256169
CIV,2005,12071.0699199273
CIV,2004,12245.6764654198
CIV,2003,12164.9454371357
CIV,2002,13057.7099904722
CIV,2001,13745.5135407463
CIV,2000,14390.2671963201
CIV,1999,14791.8371674243
CIV,1998,15107.3989047259
CIV,1997,15062.6345070375
CIV,1996,14329.6977125343
CIV,1995,13881.5522808728
CIV,1994,13656.3098431888
CIV,1993,14263.2373014753
CIV,1992,15054.9213492997
CIV,1991,15742.2870155756
HRV,2025,103332.499187361
HRV,2024,100035.163859507
HRV,2023,98096.8568814153
HRV,2022,95064.7818545466
HRV,2021,89588.8596245138
HRV,2020,80464.68959985
HRV,2019,86452.6493890375
HRV,2018,84548.0168013349
HRV,2017,82866.7479957164
HRV,2016,81080.3893470557
HRV,2015,78270.0768705634
HRV,2014,77216.2850168284
HRV,2013,79345.7005214717
HRV,2012,77115.2671531962
HRV,2011,75881.7879946343
HRV,2010,72978.542007366
HRV,2009,71195.7433015974
HRV,2008,75781.0472472998
HRV,2007,75828.5190680648
HRV,2006,74357.3560411519
HRV,2005,71365.2616126067
HRV,2004,69146.575671843
HRV,2003,68261.7162553908
HRV,2002,65749.1339832431
HRV,2001,62351.9649699814
HRV,2000,58038.6606262481
HRV,1999,53921.0148286458
HRV,1998,52515.1585374674
HRV,1997,50030.863995999
HRV,1996,46567.2871533775
HRV,1995,43164.1299357116
HRV,1994,40067.0535559552
HRV,1993,38226.1953343563
HRV,1992,41640.0999122037
HRV,1991,45859.8725734835
CYP,2025,72891.6704117481
CYP,2024,70620.4551521125
CYP,2023,68511.1700228132
CYP,2022,67792.7916410264
CYP,2021,64553.8366636181
CYP,2020,59408.6751010881
CYP,2019,61358.5928603865
CYP,2018,60209.8632971373
CYP,2017,60039.962480714
CYP,2016,59361.153393272
CYP,2015,57514.2190993869
CYP,2014,56916.9467909139
CYP,2013,59370.2793505667
CYP,2012,61736.5855391429
CYP,2011,62431.2870531757
CYP,2010,62054.8797260677
CYP,2009,62020.0349190668
CYP,2008,63589.0037546757
CYP,2007,62851.5749794991
CYP,2006,62246.6717424309
CYP,2005,61537.4522492869
CYP,2004,59730.0810327976
CYP,2003,58077.9972434598
CYP,2002,58573.7028012727
CYP,2001,58135.1901069771
CYP,2000,59211.9337488124
CYP,1999,57632.2852828863
CYP,1998,54861.4289174119
CYP,1997,52977.3170169882
CYP,1996,52704.6912216047
CYP,1995,53068.3404244503
CYP,1994,50229.0148535477
CYP,1993,48556.5680233481
CYP,1992,48921.1769413755
CYP,1991,45600.497519076
CZE,2025,98998.3783984582
CZE,2024,96029.1779110534
CZE,2023,95792.8354094171
CZE,2022,98358.3388438324
CZE,2021,98551.0843875464
CZE,2020,92703.3335731518
CZE,2019,96427.3835750095
CZE,2018,93149.9384930324
CZE,2017,91774.5906092001
CZE,2016,88651.4149977514
CZE,2015,88070.7859617511
CZE,2014,84994.1419292027
CZE,2013,83822.8873473162
CZE,2012,84622.7646773904
CZE,2011,85536.0630628329
CZE,2010,84436.5147629874
CZE,2009,81450.1029693046
CZE,2008,84177.9381012323
CZE,2007,83070.9511347583
CZE,2006,80245.8745507953
CZE,2005,76155.0014313861
CZE,2004,72465.0487271228
CZE,2003,68774.7460166684
CZE,2002,66131.196554862
CZE,2001,65690.4986677197
CZE,2000,63908.0562173036
CZE,1999,60895.4828379232
CZE,1998,58849.7947626336
CZE,1997,58135.2741242614
CZE,1996,58111.3291752407
CZE,1995,55958.8530175593
CZE,1994,53006.8443919206
CZE,1993,52137.952284449
CZE,1992,51586.5605357081
CZE,1991,52104.9806365497
DNK,2025,140396.506147097
DNK,2024,136875.264824123
DNK,2023,135535.43152893
DNK,2022,135586.818671405
DNK,2021,139015.668698768
DNK,2020,133222.19639743
DNK,2019,134683.603959107
DNK,2018,134405.582271263
DNK,2017,133955.657721516
DNK,2016,131381.689471592
DNK,2015,129772.004340135
DNK,2014,129351.923518982
DNK,2013,129024.422568685
DNK,2012,126804.63070931
DNK,2011,126082.226824329
DNK,2010,124390.40800293
DNK,2009,119833.541085516
DNK,2008,122130.190571034
DNK,2007,122493.095427824
DNK,2006,121322.670025152
DNK,2005,119275.049032015
DNK,2004,117043.171518797
DNK,2003,115053.615441231
DNK,2002,113051.308072032
DNK,2001,113580.587952245
DNK,2000,112486.418591142
DNK,1999,108766.766161627
DNK,1998,106847.690239678
DNK,1997,104305.138488166
DNK,1996,103274.627559708
DNK,1995,101022.582196189
DNK,1994,100580.268772982
DNK,1993,95718.3058670963
DNK,1992,93338.0785943643
DNK,1991,91645.5344802514
DJI,2025,43193.6885939005
DJI,2024,41264.4546568382
DJI,2023,39356.2022795424
DJI,2022,37686.2129965431
DJI,2021,37279.4933517092
DJI,2020,36783.9893260954
DJI,2019,36028.1984185206
DJI,2018,34780.2619605126
DJI,2017,33826.0113996112
DJI,2016,32714.9835040235
DJI,2015,31225.1508907609
DJI,2014,29766.2583698152
DJI,2013,28374.6675357155
DOM,2025,54042.5263715383
DOM,2024,53911.1123091322
DOM,2023,52472.0258578576
DOM,2022,52845.4779231741
DOM,2021,52122.1489242308
DOM,2020,47694.874174832
DOM,2019,48767.7871166431
DOM,2018,47946.2853253124
DOM,2017,46447.9330254985
DOM,2016,46036.8088726596
DOM,2015,44304.0352599853
DOM,2014,43427.4430910586
DOM,2013,41670.3363834668
DOM,2012,39991.6333846568
DOM,2011,40190.7260628552
DOM,2010,40301.0416018812
DOM,2009,38823.1847142179
DOM,2008,37457.7808376334
DOM,2007,37379.6964146781
DOM,2006,35620.2739197053
DOM,2005,34032.3770695378
DOM,2004,31522.0653681619
DOM,2003,31708.1951609984
DOM,2002,32225.7851469485
DOM,2001,31814.0647847752
DOM,2000,30768.929108084
DOM,1999,30082.3318661584
DOM,1998,29129.7933728025
DOM,1997,28037.154446674
DOM,1996,26522.2212547096
DOM,1995,25693.8682509187
DOM,1994,24931.0667486017
DOM,1993,24930.3827193436
DOM,1992,23979.5536413705
DOM,1991,22291.4760166624
ECU,2025,30171.4017909595
ECU,2024,29576.665576959
ECU,2023,30688.7604326757
ECU,2022,30047.8783723953
ECU,2021,29089.9519944508
ECU,2020,29987.4179618235
ECU,2019,29791.5177746738
ECU,2018,30166.4745111348
ECU,2017,30027.8899742913
ECU,2016,29435.046009244
ECU,2015,30915.7821775165
ECU,2014,33040.1245131613
ECU,2013,32438.7733167125
ECU,2012,30867.3675639499
ECU,2011,30218.4714144992
ECU,2010,28257.101557202
ECU,2009,27356.3365979101
ECU,2008,26444.9469168906
ECU,2007,25121.2696729719
ECU,2006,24911.3635033127
ECU,2005,24862.6945912657
ECU,2004,24287.2533728742
ECU,2003,24204.7738759472
ECU,2002,24101.143599706
ECU,2001,23593.0971472557
ECU,2000,23529.5894437997
ECU,1999,23238.1348473721
ECU,1998,24356.5964937546
ECU,1997,24955.5899976469
ECU,1996,24788.3044157606
ECU,1995,24946.1874684762
ECU,1994,25008.0150435292
ECU,1993,24671.802854616
ECU,1992,24797.662257421
ECU,1991,24942.0799666188
EGY,2025,60716.5920598621
EGY,2024,59440.8082143157
EGY,2023,59309.6192444445
EGY,2022,60860.8730493124
EGY,2021,58608.2012342448
EGY,2020,60089.4567810438
EGY,2019,58323.0268031645
EGY,2018,56226.1822781065
EGY,2017,53638.5056045683
EGY,2016,51041.0895751255
EGY,2015,49849.1403737471
EGY,2014,47573.4472261953
EGY,2013,46967.4794957479
EGY,2012,46662.0675208339
EGY,2011,46010.9370151902
EGY,2010,44085.9841017133
EGY,2009,44207.4527751834
EGY,2008,43124.100854353
EGY,2007,40881.437709794
EGY,2006,40578.2123281624
EGY,2005,39964.9021210574
EGY,2004,39772.2642277945
EGY,2003,40387.0758413701
EGY,2002,40732.7851331359
EGY,2001,39033.7562088174
EGY,2000,37623.067553333
EGY,1999,35052.9837446742
EGY,1998,35236.242053151
EGY,1997,34037.4189858841
EGY,1996,32954.8814066446
EGY,1995,32569.984200561
EGY,1994,31333.085441078
EGY,1993,31611.5611175382
EGY,1992,31371.4470147608
EGY,1991,31355.8215501873
SLV,2025,26535.038582666
SLV,2024,25859.0720467004
SLV,2023,25534.2725160679
SLV,2022,25572.5660078767
SLV,2021,25801.768687886
SLV,2020,24506.2702255048
SLV,2019,25056.0973682155
SLV,2018,25035.7747508201
SLV,2017,24599.7497125621
SLV,2016,24185.4775824593
SLV,2015,23971.0095057868
SLV,2014,23451.4386494451
SLV,2013,22827.2142679795
SLV,2012,22805.9527769672
SLV,2011,22837.0063965549
SLV,2010,22331.2672082715
SLV,2009,22540.6754236838
SLV,2008,22776.6454893734
SLV,2007,22522.9219962536
SLV,2006,22524.5606680614
SLV,2005,22005.4621913946
SLV,2004,21622.0611757733
SLV,2003,21097.1382116111
SLV,2002,21288.6045413429
SLV,2001,21121.589100266
SLV,2000,20949.6175531812
SLV,1999,20832.5204973606
SLV,1998,20452.2636176409
SLV,1997,21133.4692512568
SLV,1996,20664.5489549012
SLV,1995,20348.7374472943
SLV,1994,19500.3474735789
SLV,1993,19756.9448290482
SLV,1992,18881.7219833364
SLV,1991,17937.7235927777
GNQ,2025,39505.4454391975
GNQ,2024,42814.2515977551
GNQ,2023,43618.319085962
GNQ,2022,48486.4005083109
GNQ,2021,51454.7137110205
GNQ,2020,52830.2373578031
GNQ,2019,52784.1850252366
GNQ,2018,57701.2978986851
GNQ,2017,63789.4909383476
GNQ,2016,70187.9842782095
GNQ,2015,80101.4996361621
GNQ,2014,91831.4241261442
GNQ,2013,95615.3191728679
GNQ,2012,104538.950072351
GNQ,2011,101255.311664286
GNQ,2010,99942.2170140956
GNQ,2009,115463.335624127
GNQ,2008,119790.663911688
GNQ,2007,106956.134788685
GNQ,2006,97452.3884894913
GNQ,2005,94947.3781929266
GNQ,2004,85806.8023676538
GNQ,2003,66158.8806841744
GNQ,2002,61793.0875074919
GNQ,2001,55109.5443576046
GNQ,2000,35981.4921349472
GNQ,1999,32129.7518806284
GNQ,1998,26622.8058559303
GNQ,1997,22384.5840187407
GNQ,1996,9314.55803011815
GNQ,1995,5810.62384220659
GNQ,1994,5136.02221348081
GNQ,1993,4563.56319562782
GNQ,1992,4255.53683358445
GNQ,1991,3268.4267404446
EST,2025,82213.2244053931
EST,2024,80727.8081251074
EST,2023,79990.1995479705
EST,2022,83729.2426240694
EST,2021,89259.7903468416
EST,2020,83482.5930478753
EST,2019,83763.1943090794
EST,2018,81319.8468955067
EST,2017,79256.9044225147
EST,2016,76607.3312146464
EST,2015,74817.3604587795
EST,2014,75043.6622007311
EST,2013,73095.1307062962
EST,2012,72577.0875395073
EST,2011,71458.8041232453
EST,2010,70382.3707927721
EST,2009,65609.7531985405
EST,2008,69562.135201062
EST,2007,73203.4273131357
EST,2006,68797.251644782
EST,2005,65992.0851535705
EST,2004,61348.2791955224
EST,2003,58292.2341051158
EST,2002,55102.2610406458
EST,2001,52409.6807209234
EST,2000,48829.0354415869
EST,1999,44016.6591590963
EST,1998,42857.6254543796
EST,1997,40507.0240496292
EST,1996,35627.8629466621
EST,1995,33200.6988317622
EST,1994,30042.6556889577
EST,1993,29662.8339704196
EST,1992,29202.7167458107
EST,1991,34571.8822195069
SWZ,2025,47440.1808157542
SWZ,2024,46568.6196196084
SWZ,2023,45827.624637044
SWZ,2022,46911.9105274611
SWZ,2021,46468.6608438366
SWZ,2020,44752.8390501502
SWZ,2019,43177.5960029879
SWZ,2018,40000.284275499
SWZ,2017,39336.2486927859
SWZ,2016,37396.3274233881
SWZ,2015,37028.0144250415
SWZ,2014,37021.886378978
SWZ,2013,36931.8713202941
SWZ,2012,36125.7577247263
SWZ,2011,35450.1188860935
SWZ,2010,35532.4376592442
SWZ,2009,34916.1663462267
SWZ,2008,35049.1117359778
SWZ,2007,35160.0489512994
SWZ,2006,33786.1783055465
SWZ,2005,31712.895701794
SWZ,2004,29993.4418049834
SWZ,2003,29078.2424802068
SWZ,2002,27984.1602974117
SWZ,2001,27099.2476783081
SWZ,2000,26952.5910908284
SWZ,1999,26792.6599778885
SWZ,1998,26383.7506572802
SWZ,1997,26099.2919408851
SWZ,1996,25845.7853949647
SWZ,1995,25442.3726425545
SWZ,1994,24133.891916631
SWZ,1993,23370.5676388613
SWZ,1992,23177.0833093859
SWZ,1991,23355.691500584
ETH,2025,7638.13461614258
ETH,2024,7172.66580796411
ETH,2023,6876.15638941182
ETH,2022,6657.88703220487
ETH,2021,6586.67546464402
ETH,2020,6343.7210707889
ETH,2019,5933.42359348927
ETH,2018,5536.30597099319
ETH,2017,5245.9974716387
ETH,2016,4855.52489653312
ETH,2015,4502.1036829068
ETH,2014,4141.9056863237
ETH,2013,3816.97958670888
ETH,2012,3580.24730761166
ETH,2011,3420.8142959244
ETH,2010,3193.56283087648
ETH,2009,2942.47781387888
ETH,2008,2800.44876497201
ETH,2007,2616.13462599958
ETH,2006,2426.9857381458
ETH,2005,2264.93639573509
ETH,2004,2098.0973871178
ETH,2003,1912.07317520813
ETH,2002,2018.12999258294
ETH,2001,2052.39463996285
ETH,2000,1957.94895198711
ETH,1999,1902.64459984261
ETH,1998,1855.27087687308
ETH,1997,1969.50172590186
ETH,1996,1961.9560578753
ETH,1995,1795.6429509784
ETH,1994,1747.30521281978
ETH,1993,1751.17626626163
ETH,1992,1601.49387071822
ETH,1991,1826.12425761237
FJI,2025,35266.1320864182
FJI,2024,34428.3497317922
FJI,2023,33550.5472354996
FJI,2022,31023.0000483558
FJI,2021,27779.3758787253
FJI,2020,29414.1978600318
FJI,2019,33442.8689531785
FJI,2018,33661.6228367852
FJI,2017,32409.2888415827
FJI,2016,30749.4603460655
FJI,2015,29762.3895868829
FJI,2014,28272.3318214379
FJI,2013,26261.4744600916
FJI,2012,24627.9832181136
FJI,2011,23905.8298684451
FJI,2010,23813.9328274063
FJI,2009,23689.8491104213
FJI,2008,24608.8138712741
FJI,2007,25035.3635452462
FJI,2006,26016.1496996174
FJI,2005,26377.7243505873
FJI,2004,26126.4843853062
FJI,2003,25129.0750154946
FJI,2002,25212.6157563486
FJI,2001,24750.3234370112
FJI,2000,24633.7967836116
FJI,1999,25483.9823348889
FJI,1998,23866.3278209501
FJI,1997,24005.3100583604
FJI,1996,24917.5039264521
FJI,1995,24076.835619029
FJI,1994,23742.9981838337
FJI,1993,22843.1194993876
FJI,1992,22599.9509773202
FJI,1991,21494.7368559807
FIN,2025,120399.986883398
FIN,2024,119439.061670625
FIN,2023,117737.331828836
FIN,2022,119431.792658216
FIN,2021,121651.790149241
FIN,2020,121064.530593063
FIN,2019,122535.018382253
FIN,2018,121926.512803932
FIN,2017,123870.374877457
FIN,2016,120803.467844865
FIN,2015,118499.405266495
FIN,2014,117525.765772897
FIN,2013,117255.673169734
FIN,2012,117397.218120769
FIN,2011,119496.929633524
FIN,2010,118343.767133862
FIN,2009,113925.62975309
FIN,2008,120158.208944671
FIN,2007,121253.874485691
FIN,2006,116343.726492944
FIN,2005,113493.503526491
FIN,2004,112653.364780771
FIN,2003,108479.304504697
FIN,2002,106726.840641899
FIN,2001,105601.475648997
FIN,2000,105161.538093163
FIN,1999,101060.172605787
FIN,1998,100485.083419304
FIN,1997,97869.5204719006
FIN,1996,94472.6805590121
FIN,1995,92374.4039327353
FIN,1994,87247.9084933463
FIN,1993,83052.6347709607
FIN,1992,78746.2674522968
FIN,1991,75870.7094704908
FRA,2025,128587.127837241
FRA,2024,127331.963264779
FRA,2023,125877.393888068
FRA,2022,124988.856698658
FRA,2021,123998.870932207
FRA,2020,119633.985563165
FRA,2019,128928.445413505
FRA,2018,127060.863354141
FRA,2017,126319.192445818
FRA,2016,124907.32987333
FRA,2015,124330.364039763
FRA,2014,123181.733488365
FRA,2013,121102.542388199
FRA,2012,120917.696040329
FRA,2011,120919.272904966
FRA,2010,118246.591713229
FRA,2009,116073.22490969
FRA,2008,118113.340267968
FRA,2007,119244.035824042
FRA,2006,118414.913863891
FRA,2005,116068.699855343
FRA,2004,115221.089981375
FRA,2003,111944.494702587
FRA,2002,113477.058780925
FRA,2001,113668.312593653
FRA,2000,114079.539458326
FRA,1999,112443.256907393
FRA,1998,110118.75734761
FRA,1997,107767.786904362
FRA,1996,104743.827813621
FRA,1995,103861.106716702
FRA,1994,102997.280896988
FRA,1993,99504.0511789286
FRA,1992,99254.2174946185
FRA,1991,97447.8749877421
GAB,2025,73045.8962700857
GAB,2024,72658.8844618332
GAB,2023,71810.8520419056
GAB,2022,71821.1190788308
GAB,2021,76713.2017596449
GAB,2020,78445.561386227
GAB,2019,75293.5546195906
GAB,2018,74470.597551852
GAB,2017,75864.4185354028
GAB,2016,77719.08527178
GAB,2015,78618.366141525
GAB,2014,78540.381024549
GAB,2013,78357.6773170714
GAB,2012,77410.511263828
GAB,2011,77114.2036640353
GAB,2010,75688.5964424093
GAB,2009,73179.0228963552
GAB,2008,75785.5054485976
GAB,2007,80843.611763214
GAB,2006,78865.2405124106
GAB,2005,83502.9584112383
GAB,2004,84530.4764207508
GAB,2003,86967.4311246537
GAB,2002,88202.146726019
GAB,2001,91864.0186014868
GAB,2000,92810.7792351309
GAB,1999,97285.8133666294
GAB,1998,109724.125651411
GAB,1997,109118.919867043
GAB,1996,106271.39175317
GAB,1995,105482.925568677
GAB,1994,103713.707285731
GAB,1993,102650.203729591
GAB,1992,101294.843438344
GAB,1991,106823.104315927
GMB,2025,11842.2741226417
GMB,2024,11518.1758532579
GMB,2023,11244.3200994966
GMB,2022,10888.0877895931
GMB,2021,10650.7960442423
GMB,2020,10386.7480722501
GMB,2019,10474.5856942241
GMB,2018,10107.474296546
GMB,2017,9813.8238117406
GMB,2016,9759.86100370905
GMB,2015,9963.51770014856
GMB,2014,9974.35095765904
GMB,2013,10571.4231006596
GMB,2012,10712.1087622469
GMB,2011,10507.5681679689
GMB,2010,11710.775400281
GMB,2009,11449.8248571467
GMB,2008,11142.0597670403
GMB,2007,10892.2043898147
GMB,2006,10904.4870902716
GMB,2005,11280.280830177
GMB,2004,11914.4300841167
GMB,2003,11492.5097485822
GMB,2002,11095.1412344086
GMB,2001,11742.0009760089
GMB,2000,11440.9016822479
GMB,1999,11165.8975529025
GMB,1998,10818.5959361596
GMB,1997,10754.4681778385
GMB,1996,10553.8539629638
GMB,1995,10588.10956395
GMB,1994,10751.3721597181
GMB,1993,11024.1443752438
GMB,1992,11070.9242123515
GMB,1991,11121.2950190422
GEO,2025,55919.8000956364
GEO,2024,53573.6362051653
GEO,2023,50507.3180135074
GEO,2022,47270.7160288955
GEO,2021,44589.9495168103
GEO,2020,38524.8467094044
GEO,2019,41265.3226378976
GEO,2018,38834.7766424621
GEO,2017,35926.437812329
GEO,2016,34990.9806931287
GEO,2015,33558.0620161256
GEO,2014,32650.2358233609
GEO,2013,31964.6719927591
GEO,2012,30257.4311287033
GEO,2011,27984.6479523666
GEO,2010,25669.7251511853
GEO,2009,23930.3890198038
GEO,2008,23815.0976651399
GEO,2007,21924.0439707928
GEO,2006,19248.986065425
GEO,2005,17447.9936437687
GEO,2004,15520.7990835093
GEO,2003,14369.9468597661
GEO,2002,12892.4444997991
GEO,2001,11911.295408659
GEO,2000,11141.1248263096
GEO,1999,11128.1765219839
GEO,1998,10685.6966283414
GEO,1997,9742.27045291982
GEO,1996,8405.49546764477
GEO,1995,6855.36449219867
GEO,1994,6450.05653091261
GEO,1993,6989.59346792054
GEO,1992,10119.4405196202
GEO,1991,18235.4755357724
DEU,2025,125086.345177807
DEU,2024,123669.324150945
DEU,2023,123949.005178566
DEU,2022,125725.542138246
DEU,2021,124873.256541338
DEU,2020,120283.600429596
DEU,2019,122812.78891255
DEU,2018,122933.390129318
DEU,2017,122675.463922475
DEU,2016,120498.989392395
DEU,2015,119687.830046722
DEU,2014,118858.135696295
DEU,2013,117488.157333218
DEU,2012,118256.041015651
DEU,2011,119143.913954058
DEU,2010,115222.610294161
DEU,2009,111750.681549055
DEU,2008,117899.54521622
DEU,2007,118445.344222795
DEU,2006,117386.643508566
DEU,2005,115734.753754298
DEU,2004,116145.83715892
DEU,2003,113160.314971747
DEU,2002,112654.123272339
DEU,2001,112309.925803794
DEU,2000,110915.70072916
DEU,1999,108576.55547963
DEU,1998,107988.433920254
DEU,1997,105948.624458848
DEU,1996,103469.791871292
DEU,1995,101655.535099356
DEU,1994,100421.98293896
DEU,1993,97342.4931159422
DEU,1992,96623.2003265755
DEU,1991,93524.8646103653
GHA,2025,20068.4551502142
GHA,2024,19201.4996276128
GHA,2023,18586.6221639567
GHA,2022,18467.0999306213
GHA,2021,17906.6141746011
GHA,2020,17123.6101345562
GHA,2019,16875.1360967053
GHA,2018,15873.6738596473
GHA,2017,14996.7190933965
GHA,2016,14263.4281419668
GHA,2015,14151.7393506149
GHA,2014,13620.2269494037
GHA,2013,13052.7861098408
GHA,2012,12586.837167743
GHA,2011,11936.074900831
GHA,2010,10861.1235732789
GHA,2009,10330.4624803284
GHA,2008,10109.464504199
GHA,2007,9532.09116858005
GHA,2006,9391.34573108056
GHA,2005,9185.23155349131
GHA,2004,9035.56751020132
GHA,2003,8924.52817035619
GHA,2002,8859.15778159682
GHA,2001,8855.613477335
GHA,2000,8879.69089694909
GHA,1999,8796.4794669565
GHA,1998,8512.14837093766
GHA,1997,8338.63259508069
GHA,1996,8192.40699985302
GHA,1995,7996.15065037853
GHA,1994,7851.49535340165
GHA,1993,7769.83672524448
GHA,1992,7580.69604758339
GHA,1991,7399.52922177477
GRC,2025,92284.8711224609
GRC,2024,91704.636120514
GRC,2023,92145.8897479429
GRC,2022,91630.2040096918
GRC,2021,90786.8946661802
GRC,2020,84377.6707609109
GRC,2019,92661.4517378883
GRC,2018,93072.9758937248
GRC,2017,93242.6073349121
GRC,2016,94012.204187455
GRC,2015,95437.6735019442
GRC,2014,97329.1412009683
GRC,2013,96671.9000500723
GRC,2012,93763.3974035961
GRC,2011,92857.2278966765
GRC,2010,95319.8058500397
GRC,2009,97953.3507641896
GRC,2008,101121.598619461
GRC,2007,102267.807871358
GRC,2006,99525.4703988672
GRC,2005,95676.6386879378
GRC,2004,95881.9417245416
GRC,2003,91760.9967476496
GRC,2002,88312.2014362977
GRC,2001,85677.8489497405
GRC,2000,81759.3560043562
GRC,1999,79474.5872601028
GRC,1998,77755.7061902602
GRC,1997,76003.6683257467
GRC,1996,73635.2490862959
GRC,1995,73898.7650464606
GRC,1994,73239.8395726542
GRC,1993,73585.6736758765
GRC,1992,74451.1394884352
GRC,1991,74704.6921755497
GTM,2025,32425.4026249315
GTM,2024,31781.7451819247
GTM,2023,31351.9484343788
GTM,2022,30904.3229190951
GTM,2021,28780.5548674922
GTM,2020,29401.6801908606
GTM,2019,30181.042053978
GTM,2018,29064.2023433347
GTM,2017,28646.2855202951
GTM,2016,28684.2800094531
GTM,2015,28712.1944978653
GTM,2014,28327.9161478929
GTM,2013,28213.8411051664
GTM,2012,25831.5158764944
GTM,2011,27515.4181150278
GTM,2010,27733.3781069953
GTM,2009,27487.2696297493
GTM,2008,27884.3237029887
GTM,2007,27604.2439885655
GTM,2006,26594.7290599843
GTM,2005,25851.8993138095
GTM,2004,25586.8903413036
GTM,2003,23757.419168896
GTM,2002,24001.476295567
GTM,2001,23791.5438231982
GTM,2000,23857.3868533664
GTM,1999,23679.9738021642
GTM,1998,23511.9034548882
GTM,1997,23098.6583693711
GTM,1996,22803.7769680358
GTM,1995,22781.3944150758
GTM,1994,22359.6372831454
GTM,1993,22140.0876518463
GTM,1992,21960.0613231267
GTM,1991,21595.5421145774
GIN,2025,14215.9893219014
GIN,2024,13569.422868267
GIN,2023,13265.9479811216
GIN,2022,12957.0653299539
GIN,2021,12976.6801918916
GIN,2020,12748.3064979265
GIN,2019,12298.2424655841
GIN,2018,11816.5002217636
GIN,2017,11294.482945034
GIN,2016,10424.77355871
GIN,2015,9585.15420516172
GIN,2014,9381.73343742869
GIN,2013,9189.66450290658
GIN,2012,8982.35380862744
GIN,2011,8641.50880003286
GIN,2010,8324.6482939895
GIN,2009,8068.99517468947
GIN,2008,8290.48041170283
GIN,2007,8095.24244195087
GIN,2006,7700.9713723374
GIN,2005,7692.76986601872
GIN,2004,7533.75884060272
GIN,2003,7446.89685981339
GIN,2002,7452.76788608182
GIN,2001,7179.818929985
GIN,2000,6981.93732038189
GIN,1999,6922.54617068619
GIN,1998,6805.54719693094
GIN,1997,6660.37182166216
GIN,1996,6438.99303427741
GIN,1995,6332.92382569846
GIN,1994,6219.57678509742
GIN,1993,6157.01405752504
GIN,1992,6035.34483819574
GIN,1991,6024.2180242657
GNB,2025,7233.20015417591
GNB,2024,7042.53429318009
GNB,2023,6941.38640241724
GNB,2022,6834.8034559228
GNB,2021,6813.3635633952
GNB,2020,6805.32252286138
GNB,2019,6814.97802334358
GNB,2018,6637.20316422005
GNB,2017,6577.56654991315
GNB,2016,6468.67644580197
GNB,2015,6314.85950184572
GNB,2014,6130.66669951353
GNB,2013,6242.68162852223
GNB,2012,6220.90063692905
GNB,2011,6509.96919990886
GNB,2010,6199.89111052689
GNB,2009,6040.53209558791
GNB,2008,6060.36959942533
GNB,2007,5954.84453432935
GNB,2006,5963.18153576642
GNB,2005,5961.76267618474
GNB,2004,5740.74808840285
GNB,2003,5815.56848617846
GNB,2002,5976.80532700213
GNB,2001,5896.10478030717
GNB,2000,5785.16871850095
GNB,1999,5846.08661099884
GNB,1998,5114.64806800574
GNB,1997,6704.71727189314
GNB,1996,6432.25291053795
GNB,1995,5902.16475441612
GNB,1994,5805.71167888848
GNB,1993,5802.00807932381
GNB,1992,5872.49481695324
GNB,1991,5984.03422622648
GUY,2025,243174.536481354
GUY,2024,204862.098049655
GUY,2023,144808.554628665
GUY,2022,110338.421456629
GUY,2021,74112.9812154443
GUY,2020,63456.087459788
GUY,2019,41904.2622573113
GUY,2018,38213.0249691388
GUY,2017,38033.6819029705
GUY,2016,36811.6064202804
GUY,2015,35592.3992881644
GUY,2014,35437.3510284017
GUY,2013,34953.776174082
GUY,2012,33853.2091868594
GUY,2011,32239.0598294787
GUY,2010,30700.4495306938
GUY,2009,29513.4076996231
GUY,2008,28549.250642663
GUY,2007,28171.6724045472
GUY,2006,26414.1285596471
GUY,2005,25398.6384359585
GUY,2004,26120.2793217175
GUY,2003,25949.5618140793
GUY,2002,26342.2007071285
GUY,2001,25849.3085193819
GUY,2000,25117.1400445518
GUY,1999,25241.4223851283
GUY,1998,24328.0300776035
GUY,1997,24555.7010917621
GUY,1996,22994.3452897488
GUY,1995,21211.4568076018
GUY,1994,20122.7506964096
GUY,1993,18520.0442879117
GUY,1992,17334.2273952884
GUY,1991,16261.0129141947
HTI,2025,7115.25980580896
HTI,2024,7406.29470528163
HTI,2023,7786.41196471493
HTI,2022,8038.02621266887
HTI,2021,8268.33173937044
HTI,2020,8653.62950296851
HTI,2019,8864.27973001187
HTI,2018,9150.78019525529
HTI,2017,9168.41884015478
HTI,2016,9115.9833352394
HTI,2015,9120.25547953882
HTI,2014,9180.07766278829
HTI,2013,9103.49290029013
HTI,2012,8966.28701037015
HTI,2011,9152.80089019323
HTI,2010,8958.46385997066
HTI,2009,9737.46329527632
HTI,2008,9552.11816850666
HTI,2007,9647.82604844227
HTI,2006,9386.48442868078
HTI,2005,9361.0606467044
HTI,2004,9215.10048157781
HTI,2003,9462.35817262522
HTI,2002,9280.50322006903
HTI,2001,9305.42694796587
HTI,2000,9459.12142906662
HTI,1999,9400.26890431668
HTI,1998,9292.18352107489
HTI,1997,9217.43108727081
HTI,1996,9140.09491308531
HTI,1995,8926.28838270806
HTI,1994,8285.09703768393
HTI,1993,9525.80993694127
HTI,1992,10214.3662828531
HTI,1991,10946.3748609803
HND,2025,17936.5090376281
HND,2024,17652.6910729405
HND,2023,17666.3142608133
HND,2022,17308.1811804944
HND,2021,16374.2883552297
HND,2020,15600.1871760064
HND,2019,15608.471636207
HND,2018,14827.1977558437
HND,2017,15128.780369451
HND,2016,15268.9256531317
HND,2015,14846.1792969156
HND,2014,14850.2849423673
HND,2013,14959.6551427375
HND,2012,15769.259712682
HND,2011,15376.4878689691
HND,2010,14677.3330210834
HND,2009,14738.2911090051
HND,2008,15893.0222595678
HND,2007,15919.5316709537
HND,2006,15309.476167719
HND,2005,14606.5334895947
HND,2004,14266.121944854
HND,2003,13655.8923834863
HND,2002,13207.9788246234
HND,2001,13047.0556336294
HND,2000,13005.1407485121
HND,1999,11983.0884203889
HND,1998,11095.6236014933
HND,1997,10208.9354169664
HND,1996,8729.55686672212
HND,1995,7254.73430739704
HND,1994,6024.25959243371
HND,1993,4819.33987695448
HND,1992,4391.85557461079
HND,1991,4236.7730216917
HKG,2025,139884.087567602
HKG,2024,134128.934364926
HKG,2023,129847.766781419
HKG,2022,129854.626076979
HKG,2021,133018.795978632
HKG,2020,124435.160528921
HKG,2019,126827.894663683
HKG,2018,128537.319413854
HKG,2017,126739.220423746
HKG,2016,123445.315715297
HKG,2015,121397.983667787
HKG,2014,119930.356468086
HKG,2013,117371.359001218
HKG,2012,115636.239124063
HKG,2011,116156.190098598
HKG,2010,114094.30214199
HKG,2009,107165.531712815
HKG,2008,108476.203722047
HKG,2007,106931.545052529
HKG,2006,102678.650464985
HKG,2005,98033.4291863815
HKG,2004,93355.5454979167
HKG,2003,88089.8255568342
HKG,2002,84532.589076328
HKG,2001,82355.9739221516
HKG,2000,83159.3161444191
HKG,1999,79207.0002462464
HKG,1998,76768.2777879926
HKG,1997,80560.6147256893
HKG,1996,77812.8924586906
HKG,1995,78409.7030170174
HKG,1994,77378.8210268144
HKG,1993,74893.3706113959
HKG,1992,71638.4281273399
HKG,1991,67118.4214071005
HUN,2025,83089.5669514207
HUN,2024,82171.2788591083
HUN,2023,81141.9316476317
HUN,2022,82350.8735999866
HUN,2021,80222.8495391912
HUN,2020,75538.4125594148
HUN,2019,78041.4882076721
HUN,2018,74593.7527824983
HUN,2017,71409.3834324741
HUN,2016,69667.143503561
HUN,2015,70294.0129747085
HUN,2014,69703.99471236
HUN,2013,70239.3010309016
HUN,2012,70028.049347327
HUN,2011,71567.1478167296
HUN,2010,70577.4869131584
HUN,2009,69476.1719293908
HUN,2008,71859.2359839734
HUN,2007,70666.9590524309
HUN,2006,70418.6963193368
HUN,2005,67716.0921329329
HUN,2004,64206.7065214367
HUN,2003,61431.9812194368
HUN,2002,59204.4177836675
HUN,2001,56904.9970925793
HUN,2000,55641.195885917
HUN,1999,53807.1051023013
HUN,1998,53444.5009217216
HUN,1997,51520.7558605115
HUN,1996,50631.5915383399
HUN,1995,50700.2519354331
HUN,1994,50388.9928508504
HUN,1993,49732.0813330092
HUN,1992,48950.0950233659
HUN,1991,49838.4775345201
ISL,2025,114279.102976934
ISL,2024,114521.51657129
ISL,2023,117212.058061812
ISL,2022,113855.745649003
ISL,2021,111724.100042822
ISL,2020,107276.925178962
ISL,2019,111367.562017606
ISL,2018,111643.636181554
ISL,2017,108812.653170202
ISL,2016,107621.581654987
ISL,2015,105210.347701392
ISL,2014,104735.960309404
ISL,2013,106134.134311407
ISL,2012,105126.787077828
ISL,2011,105923.241558316
ISL,2010,104832.86466351
ISL,2009,106416.293223701
ISL,2008,109019.894329821
ISL,2007,107679.588234083
ISL,2006,103093.429792449
ISL,2005,101794.187059823
ISL,2004,97899.8642004791
ISL,2003,90997.1756729115
ISL,2002,89523.2715441008
ISL,2001,87788.511151791
ISL,2000,85749.0118999496
ISL,1999,84933.3635351506
ISL,1998,85121.1627720752
ISL,1997,82868.9462971483
ISL,1996,79492.2980176767
ISL,1995,76736.5847265864
ISL,1994,80102.3672085997
ISL,1993,78352.9702949725
ISL,1992,76953.8633964507
ISL,1991,79767.8206077839
IND,2025,24842.1119490755
IND,2024,23429.8477381713
IND,2023,22582.0964727472
IND,2022,21964.7753232287
IND,2021,21460.2691959796
IND,2020,20543.8762833094
IND,2019,21535.8985611436
IND,2018,21272.9779279124
IND,2017,20270.3642359311
IND,2016,19277.2075746302
IND,2015,18096.8340610048
IND,2014,17032.7180590912
IND,2013,16130.0556077293
IND,2012,15422.8605300688
IND,2011,14749.5621404144
IND,2010,14148.3261806979
IND,2009,13113.9684209335
IND,2008,12220.5930034592
IND,2007,11905.6191102788
IND,2006,11120.5715324184
IND,2005,10353.6695989055
IND,2004,9792.37058100238
IND,2003,9265.45112010584
IND,2002,8773.84842406032
IND,2001,8628.70238972673
IND,2000,8413.48091553913
IND,1999,8351.80683416669
IND,1998,7913.24807118474
IND,1997,7683.44516012234
IND,1996,7612.55497254728
IND,1995,7302.26244339283
IND,1994,6999.51780286867
IND,1993,6734.76092916178
IND,1992,6593.39957644893
IND,1991,6411.35454454662
IDN,2025,30291.797766006
IDN,2024,29217.2839080348
IDN,2023,28184.2519612783
IDN,2022,27580.8021477977
IDN,2021,27058.2834906026
IDN,2020,25884.2787740597
IDN,2019,26237.972652883
IDN,2018,25734.2242950276
IDN,2017,24981.5489612606
IDN,2016,24358.5988130577
IDN,2015,23462.490158459
IDN,2014,22556.1121472951
IDN,2013,21813.8602585321
IDN,2012,20802.9309394067
IDN,2011,20220.2222998771
IDN,2010,19533.7825833436
IDN,2009,18928.1391156703
IDN,2008,18504.4882656508
IDN,2007,17939.3788308348
IDN,2006,17590.1869014914
IDN,2005,16978.0996165071
IDN,2004,15910.66312492
IDN,2003,15311.7258542114
IDN,2002,14805.778453663
IDN,2001,14109.4896187141
IDN,2000,13753.383889271
IDN,1999,13532.0739695312
IDN,1998,13654.6518186482
IDN,1997,16093.8517604167
IDN,1996,15640.6849869155
IDN,1995,14827.4878731667
IDN,1994,14013.3389678388
IDN,1993,13378.9864507769
IDN,1992,12744.1885696456
IDN,1991,12329.328367347
IRN,2025,57467.82205714
IRN,2024,59472.0591150453
IRN,2023,57914.8342054861
IRN,2022,57844.6432790764
IRN,2021,55804.3809392183
IRN,2020,54023.7829453068
IRN,2019,49633.3778759749
IRN,2018,51842.6869217936
IRN,2017,54719.853791695
IRN,2016,55368.1302689612
IRN,2015,52134.5790743996
IRN,2014,54566.0534636034
IRN,2013,52219.1224215965
IRN,2012,53925.4218006163
IRN,2011,58520.943584328
IRN,2010,56277.6260694263
IRN,2009,52146.7576833343
IRN,2008,52577.9939477055
IRN,2007,50950.4995632981
IRN,2006,47841.9460594064
IRN,2005,46459.2528585346
IRN,2004,46579.0837649841
IRN,2003,47669.6931176584
IRN,2002,46338.5420164925
IRN,2001,44268.4515635255
IRN,2000,44963.7300685936
IRN,1999,44217.2674215978
IRN,1998,44929.4192695813
IRN,1997,45626.4473127866
IRN,1996,46506.7905934013
IRN,1995,44955.8967228855
IRN,1994,44897.4848474525
IRN,1993,45582.8416230674
IRN,1992,46006.3663440809
IRN,1991,45392.1200890519
IRQ,2025,54291.3372915172
IRQ,2024,57001.6289941687
IRQ,2023,59477.1555427672
IRQ,2022,61342.9867503955
IRQ,2021,61825.4249898297
IRQ,2020,61428.305346283
IRQ,2019,70116.1202390856
IRQ,2018,66758.1584831379
IRQ,2017,65649.7372063451
IRQ,2016,65120.4726845087
IRQ,2015,59089.0943067556
IRQ,2014,59391.8244475041
IRQ,2013,60824.1128720211
IRQ,2012,59966.7100695708
IRQ,2011,55136.6449121694
IRQ,2010,53113.2418749781
IRQ,2009,51673.1244453241
IRQ,2008,51961.5783206503
IRQ,2007,49163.2915357772
IRQ,2006,47921.2269567514
IRQ,2005,45940.5838657756
IRQ,2004,46768.1051686061
IRQ,2003,31540.1960183109
IRQ,2002,51243.1251392819
IRQ,2001,57498.3705567669
IRQ,2000,58255.62863833
IRQ,1999,51583.3329012962
IRQ,1998,45413.5487637539
IRQ,1997,34834.3144848456
IRQ,1996,29753.9600306032
IRQ,1995,27710.1200579538
IRQ,1994,28053.6414473336
IRQ,1993,28443.3995521058
IRQ,1992,22959.0806795073
IRQ,1991,17915.1224767788
IRL,2025,259304.408373325
IRL,2024,234509.403219874
IRL,2023,229250.018431297
IRL,2022,248055.707191765
IRL,2021,244556.553641149
IRL,2020,220974.944666443
IRL,2019,204097.394157554
IRL,2018,200462.751157372
IRL,2017,192115.518489783
IRL,2016,179957.907602875
IRL,2015,184540.719749263
IRL,2014,153202.978668941
IRL,2013,143810.847287672
IRL,2012,145055.10042283
IRL,2011,145052.970544476
IRL,2010,140005.935137074
IRL,2009,131686.634821814
IRL,2008,127221.865314917
IRL,2007,131766.33847415
IRL,2006,129117.755856954
IRL,2005,127349.536725987
IRL,2004,126230.306479662
IRL,2003,120706.836305559
IRL,2002,118810.124068283
IRL,2001,113833.989305236
IRL,2000,111245.025674488
IRL,1999,106182.971221232
IRL,1998,100272.284178818
IRL,1997,97779.2679922288
IRL,1996,90368.5440366415
IRL,1995,87495.8886405358
IRL,1994,83951.4774140419
IRL,1993,82024.952707484
IRL,1992,81150.460826471
IRL,1991,79353.8834377466
ISR,2025,104694.935795989
ISR,2024,103392.533937885
ISR,2023,104765.310119311
ISR,2022,106933.210194561
ISR,2021,106265.957071624
ISR,2020,98166.22145384
ISR,2019,98930.2179058941
ISR,2018,96997.4041628571
ISR,2017,95227.5902433789
ISR,2016,93418.1280814176
ISR,2015,91676.608936646
ISR,2014,91934.9436639188
ISR,2013,91361.7907847779
ISR,2012,89754.0123972354
ISR,2011,92703.854376527
ISR,2010,90376.2913308271
ISR,2009,88636.0846273163
ISR,2008,87934.5348832829
ISR,2007,88367.5040568659
ISR,2006,86640.6753754663
ISR,2005,84732.9737910155
ISR,2004,84886.8176818265
ISR,2003,83718.9423291112
ISR,2002,83944.8166005428
ISR,2001,83822.0257818193
ISR,2000,85102.3950258434
ISR,1999,81576.2271905648
ISR,1998,81330.331333447
ISR,1997,78556.7874138841
ISR,1996,76397.4834544339
ISR,1995,73843.2632412362
ISR,1994,72804.5859033171
ISR,1993,72997.0490279336
ISR,1992,75128.0411841457
ISR,1991,72582.8317199052
ITA,2025,131480.575156627
ITA,2024,130436.708912725
ITA,2023,130749.014313351
ITA,2022,132513.138774295
ITA,2021,130053.456175498
ITA,2020,119219.509149299
ITA,2019,127844.962730741
ITA,2018,128115.583688426
ITA,2017,128328.067500085
ITA,2016,127855.903439134
ITA,2015,127989.523015079
ITA,2014,127704.332531807
ITA,2013,127703.119582524
ITA,2012,127403.878180522
ITA,2011,131113.625450201
ITA,2010,130400.840172424
ITA,2009,127384.927121217
ITA,2008,132053.366724573
ITA,2007,134494.832108608
ITA,2006,133599.823357692
ITA,2005,133079.562274572
ITA,2004,131557.776852993
ITA,2003,134507.141386962
ITA,2002,136760.136332236
ITA,2001,138281.531746285
ITA,2000,137760.013534422
ITA,1999,134044.734688578
ITA,1998,133217.63946026
ITA,1997,131544.341349698
ITA,1996,129167.047375735
ITA,1995,128417.199705904
ITA,1994,123263.841556152
ITA,1993,118028.437141828
ITA,1992,116924.617528551
ITA,1991,113547.427049917
JAM,2025,20658.7568914387
JAM,2024,20740.567765908
JAM,2023,20923.4896626158
JAM,2022,21263.5245942192
JAM,2021,20945.6315066331
JAM,2020,20543.4637462456
JAM,2019,21553.0824321545
JAM,2018,21942.2496452146
JAM,2017,21980.900132104
JAM,2016,22239.5125178542
JAM,2015,21713.9170194518
JAM,2014,22836.7907314979
JAM,2013,23396.0209424798
JAM,2012,23764.8206040033
JAM,2011,24054.7462460855
JAM,2010,24023.3133802102
JAM,2009,23992.6875318524
JAM,2008,24413.8539953228
JAM,2007,24859.0401516834
JAM,2006,24770.2103875956
JAM,2005,24321.5261652193
JAM,2004,24359.0526554961
JAM,2003,24352.0542929427
JAM,2002,23703.9720069918
JAM,2001,23443.1565471052
JAM,2000,23294.4562289784
JAM,1999,23249.9971405796
JAM,1998,23107.8012251236
JAM,1997,23791.1461819091
JAM,1996,24206.048176993
JAM,1995,24314.8745238455
JAM,1994,23905.4885743605
JAM,1993,23696.3094688909
JAM,1992,21821.0937568231
JAM,1991,21520.2466409252
JPN,2025,87888.272953476
JPN,2024,86865.5866268669
JPN,2023,87546.4872756228
JPN,2022,87268.6309096929
JPN,2021,86719.9475102575
JPN,2020,83657.855836864
JPN,2019,86795.2728642712
JPN,2018,87964.7690820667
JPN,2017,89014.6724930407
JPN,2016,88588.3724043036
JPN,2015,88998.1001873436
JPN,2014,87727.1296226017
JPN,2013,87640.8295871417
JPN,2012,86534.2000660858
JPN,2011,84916.1426567803
JPN,2010,85030.0471450201
JPN,2009,81329.4499483417
JPN,2008,85151.3670061626
JPN,2007,85815.2063177684
JPN,2006,84756.1639921984
JPN,2005,83830.0698411506
JPN,2004,82648.2209238543
JPN,2003,81042.4908114099
JPN,2002,79729.9342659718
JPN,2001,78696.0929236892
JPN,2000,78020.5703247232
JPN,1999,75523.545493033
JPN,1998,75082.9363897638
JPN,1997,75895.8956054712
JPN,1996,75519.4351513307
JPN,1995,73602.0226123427
JPN,1994,71977.9788382774
JPN,1993,71337.0697752013
JPN,1992,71864.4029487932
JPN,1991,72128.7245661587
JOR,2025,46256.9274179682
JOR,2024,45303.7949932539
JOR,2023,44804.6992059082
JOR,2022,47265.9132710171
JOR,2021,47984.2906913096
JOR,2020,45550.3751488711
JOR,2019,46681.1137849509
JOR,2018,47968.5554656158
JOR,2017,47092.1968143069
JOR,2016,47167.1603419307
JOR,2015,49060.6084135089
JOR,2014,53142.976557437
JOR,2013,55892.223838626
JOR,2012,55870.7007498277
JOR,2011,54729.8268737603
JOR,2010,53985.1420031079
JOR,2009,53594.0801354472
JOR,2008,53170.0721096381
JOR,2007,51019.0919636727
JOR,2006,53866.5916731125
JOR,2005,53179.4085982335
JOR,2004,51247.2721113702
JOR,2003,49161.6028375284
JOR,2002,47685.8191286031
JOR,2001,45459.1585052395
JOR,2000,43080.4946339072
JOR,1999,42312.3565597599
JOR,1998,41906.0941905171
JOR,1997,41593.4988594672
JOR,1996,41344.9721401537
JOR,1995,42436.3068699368
JOR,1994,43011.1980228317
JOR,1993,44957.0687819047
JOR,1992,46111.6196298925
JOR,1991,43843.7909190722
KAZ,2025,82764.9896413739
KAZ,2024,75823.7292373124
KAZ,2023,73513.3692247536
KAZ,2022,71292.6151577871
KAZ,2021,71330.2255758295
KAZ,2020,68707.8849610004
KAZ,2019,70309.8634276871
KAZ,2018,68057.4563237596
KAZ,2017,66043.9551373836
KAZ,2016,64036.0030587928
KAZ,2015,63793.7982430552
KAZ,2014,63538.8940759052
KAZ,2013,61455.9155997443
KAZ,2012,58402.7841472711
KAZ,2011,56152.9286815541
KAZ,2010,52882.2010454705
KAZ,2009,50101.6601860528
KAZ,2008,49898.2640232676
KAZ,2007,49521.6148658562
KAZ,2006,46635.607274804
KAZ,2005,42872.8048423343
KAZ,2004,39414.7672391986
KAZ,2003,36487.9638083489
KAZ,2002,34022.5979008069
KAZ,2001,31696.5763563363
KAZ,2000,28873.98686145
KAZ,1999,26676.6945256565
KAZ,1998,25719.6210154901
KAZ,1997,25732.0954390996
KAZ,1996,24805.1756527054
KAZ,1995,23771.2585466494
KAZ,1994,24735.2653013391
KAZ,1993,26455.1247104571
KAZ,1992,29281.919026806
KAZ,1991,31177.2607831509
KEN,2025,14762.6096143747
KEN,2024,14514.2144691477
KEN,2023,14258.9761768064
KEN,2022,13910.8677902376
KEN,2021,13686.6818425967
KEN,2020,13155.640166127
KEN,2019,13354.3367171728
KEN,2018,12558.1478333887
KEN,2017,11781.3676926947
KEN,2016,11274.6646119327
KEN,2015,11169.0208589185
KEN,2014,10981.7123733191
KEN,2013,10794.7889758456
KEN,2012,10729.964420883
KEN,2011,10599.7963479513
KEN,2010,10427.1879827864
KEN,2009,9976.01937051705
KEN,2008,9983.35313490023
KEN,2007,10293.836795971
KEN,2006,9976.26577656333
KEN,2005,9719.20501497156
KEN,2004,9535.34581330373
KEN,2003,9430.69745289817
KEN,2002,9527.75681023973
KEN,2001,9859.41431809551
KEN,2000,9893.01567436724
KEN,1999,10224.222184595
KEN,1998,10337.4153746017
KEN,1997,10335.1750839994
KEN,1996,10618.3448877104
KEN,1995,10539.5400442956
KEN,1994,10451.3730174773
KEN,1993,10541.5305233776
KEN,1992,10864.5788021882
KEN,1991,11330.0769481347
KOR,2025,99045.9987724777
KOR,2024,98258.5741422485
KOR,2023,97026.6007247124
KOR,2022,96960.0305578976
KOR,2021,97284.8428897318
KOR,2020,93905.8652726407
KOR,2019,93750.5460589006
KOR,2018,92692.6222352801
KOR,2017,90163.5046416164
KOR,2016,88154.2542653821
KOR,2015,86160.4465540407
KOR,2014,84589.8305306042
KOR,2013,84089.4847842006
KOR,2012,82709.1064199138
KOR,2011,82206.9322488938
KOR,2010,81146.2680327721
KOR,2009,76906.3217081867
KOR,2008,76144.1719171651
KOR,2007,74452.2643040518
KOR,2006,71215.7179912572
KOR,2005,68541.3421461482
KOR,2004,65896.0255172525
KOR,2003,63891.9158959107
KOR,2002,61870.66863541
KOR,2001,58844.0810452867
KOR,2000,57329.615825664
KOR,1999,54909.9271148399
KOR,1998,50063.6118199093
KOR,1997,49477.7154305634
KOR,1996,47316.3042890432
KOR,1995,44736.8515990235
KOR,1994,41891.5025413435
KOR,1993,39566.2902342099
KOR,1992,37461.8547486957
KOR,1991,35977.9382182175
KWT,2025,81971.704958459
KWT,2024,79275.0967625109
KWT,2023,81058.606844324
KWT,2022,87405.5010062305
KWT,2021,92549.1637757358
KWT,2020,93131.3236027878
KWT,2019,90447.3939760071
KWT,2018,90914.2152549254
KWT,2017,92692.2429401863
KWT,2016,102106.764714257
KWT,2015,104439.477823006
KWT,2014,110294.599264279
KWT,2013,115085.566343634
KWT,2012,120431.175932975
KWT,2011,122515.127530219
KWT,2010,121215.243725464
KWT,2009,131971.363754928
KWT,2008,151301.124960313
KWT,2007,156580.418721788
KWT,2006,156675.9928297
KWT,2005,154717.223726312
KWT,2004,147509.632181906
KWT,2003,139467.748278052
KWT,2002,124212.205483851
KWT,2001,125793.932227662
KWT,2000,131160.337810322
KWT,1999,130491.503864108
KWT,1998,138214.233188215
KWT,1997,138399.548207171
KWT,1996,139936.622738832
KWT,1995,144019.846280525
KWT,1994,141722.887820485
KWT,1993,135225.060750603
KWT,1992,105329.237416234
KWT,1991,69464.0434007446
KGZ,2025,20906.5950330746
KGZ,2024,19213.4585107417
KGZ,2023,17780.3156253024
KGZ,2022,16240.3111983941
KGZ,2021,15294.6337361625
KGZ,2020,15305.2179510286
KGZ,2019,16229.0879298983
KGZ,2018,15763.7175147817
KGZ,2017,15900.7135630798
KGZ,2016,14841.1748955409
KGZ,2015,14394.2018013212
KGZ,2014,14165.4812461089
KGZ,2013,13993.0293239723
KGZ,2012,12186.8630014107
KGZ,2011,11999.3852454641
KGZ,2010,11622.1544371662
KGZ,2009,11893.0153127238
KGZ,2008,11714.6507492096
KGZ,2007,10787.3792377419
KGZ,2006,9914.23572337947
KGZ,2005,9728.8192393761
KGZ,2004,9950.58340522753
KGZ,2003,9347.88102850769
KGZ,2002,8771.44714758757
KGZ,2001,8952.50790259695
KGZ,2000,8563.10465296972
KGZ,1999,8197.42164180245
KGZ,1998,8053.37426012267
KGZ,1997,8068.40293609935
KGZ,1996,7355.89573574079
KGZ,1995,6915.59317522928
KGZ,1994,7520.71692548277
KGZ,1993,9893.50575642206
KGZ,1992,12120.2307899658
KGZ,1991,14753.199953205
LAO,2025,19365.8899548394
LAO,2024,18893.0512079567
LAO,2023,18488.9436626731
LAO,2022,18166.6589931202
LAO,2021,18580.8683183627
LAO,2020,19029.649145638
LAO,2019,19562.9249785157
LAO,2018,19370.0974411486
LAO,2017,19048.4186088203
LAO,2016,18038.8198154253
LAO,2015,17072.3989851881
LAO,2014,16188.6769443906
LAO,2013,15313.6289504653
LAO,2012,14439.4174855704
LAO,2011,13631.4528723388
LAO,2010,12885.078920744
LAO,2009,12190.5048584741
LAO,2008,11668.1660930328
LAO,2007,11155.6041730207
LAO,2006,10706.327259089
LAO,2005,10156.5150554451
LAO,2004,9723.90548670549
LAO,2003,9355.30554520347
LAO,2002,9028.49793908434
LAO,2001,8721.58009769849
LAO,2000,8438.62875243699
LAO,1999,8147.61397424062
LAO,1998,7749.2778245975
LAO,1997,7607.84084911496
LAO,1996,7277.08577765973
LAO,1995,6976.66422985222
LAO,1994,6677.29724551186
LAO,1993,6331.05754393452
LAO,1992,6131.46496673721
LAO,1991,5951.79577707064
LVA,2025,80906.3266735576
LVA,2024,78512.1284556071
LVA,2023,77515.0483226478
LVA,2022,79009.0000615562
LVA,2021,79090.3958274739
LVA,2020,72011.4661965091
LVA,2019,73185.2969753186
LVA,2018,72655.9084876075
LVA,2017,70601.6923990441
LVA,2016,68654.1104344662
LVA,2015,66624.5652524446
LVA,2014,65031.1683479796
LVA,2013,63542.6000780547
LVA,2012,63333.8898604543
LVA,2011,60206.4646637746
LVA,2010,59342.7942967396
LVA,2009,57620.2773414247
LVA,2008,58887.4263329171
LVA,2007,60569.8539835968
LVA,2006,56318.1580024776
LVA,2005,52908.9020444188
LVA,2004,48058.0757793165
LVA,2003,44413.3122859232
LVA,2002,41077.7925793352
LVA,2001,38913.430568602
LVA,2000,36696.7316936879
LVA,1999,33522.945230961
LVA,1998,32140.8308595873
LVA,1997,30075.3895173779
LVA,1996,29156.9631250426
LVA,1995,27570.8595314893
LVA,1994,27321.7586960918
LVA,1993,25501.4331167228
LVA,1992,23423.0591877233
LVA,1991,33214.6531571895
LBN,2023,39997.742091277
LBN,2022,40846.1506829782
LBN,2021,40326.4663521251
LBN,2020,42173.370796247
LBN,2019,50086.979540284
LBN,2018,51955.6644368251
LBN,2017,51281.5945653046
LBN,2016,49360.6024660653
LBN,2015,47309.9948164064
LBN,2014,48098.1451567084
LBN,2013,52285.0535263088
LBN,2012,55615.3081918059
LBN,2011,56079.0161534201
LBN,2010,56625.0088093119
LBN,2009,53522.0397274433
LBN,2008,50740.1787700477
LBN,2007,48835.8564168298
LBN,2006,45546.6511753425
LBN,2005,45585.9367581484
LBN,2004,45092.128168242
LBN,2003,43348.8510056999
LBN,2002,43006.3635241546
LBN,2001,42598.0955049409
LBN,2000,42085.7263378059
LBN,1999,42701.7091641331
LBN,1998,44038.2582870542
LBN,1997,43615.4404877855
LBN,1996,44268.3570928542
LBN,1995,40705.8276997799
LBN,1994,39138.9594835228
LBN,1993,36996.3915332285
LBN,1992,34154.6799104135
LBN,1991,30081.5846274399
LSO,2025,8638.54447545799
LSO,2024,8575.79123454205
LSO,2023,8288.0142799063
LSO,2022,8309.29392959385
LSO,2021,8506.29938597242
LSO,2020,8417.67874504336
LSO,2019,9051.90038262245
LSO,2018,9088.29339283266
LSO,2017,9141.98808253724
LSO,2016,9349.03249929059
LSO,2015,8962.0257378567
LSO,2014,8600.67678020172
LSO,2013,8371.95526895306
LSO,2012,8222.26588425349
LSO,2011,7775.71183814698
LSO,2010,7432.8117896368
LSO,2009,7065.80481307628
LSO,2008,7134.42252197144
LSO,2007,6774.51155157149
LSO,2006,6512.39046773752
LSO,2005,6202.71745255774
LSO,2004,5935.74618387006
LSO,2003,5782.89758697282
LSO,2002,5505.55852076972
LSO,2001,5453.17817641056
LSO,2000,5270.39026696784
LSO,1999,5086.63995908724
LSO,1998,5096.95024044186
LSO,1997,5073.8876960143
LSO,1996,4952.6650590348
LSO,1995,4767.85757460319
LSO,1994,4683.90270468926
LSO,1993,4493.75874409572
LSO,1992,4412.74028021044
LSO,1991,4203.12253484861
LBR,2025,3736.50330583996
LBR,2024,3659.7549566511
LBR,2023,3620.92278535612
LBR,2022,3564.9957335831
LBR,2021,3551.37229706779
LBR,2020,3500.29782522389
LBR,2019,3630.82015300726
LBR,2018,3809.89657535405
LBR,2017,3850.97047225855
LBR,2016,3840.43359201435
LBR,2015,3967.9068916087
LBR,2014,4036.71642146562
LBR,2013,4092.43110499241
LBR,2012,3846.54600395681
LBR,2011,3708.31300045009
LBR,2010,3588.08656018888
LBR,2009,3481.54064991586
LBR,2008,3413.25525789826
LBR,2007,3318.09452285528
LBR,2006,3181.05238927907
LBR,2005,3113.89967660566
LBR,2004,3090.84466180031
LBR,2003,3047.15618303365
LBR,2002,4389.03098678505
LBR,2001,4338.97621695652
LBR,2000,4341.94292885799
LBR,1999,3506.9297125375
LBR,1998,3049.82266958243
LBR,1997,2599.349946331
LBR,1996,1367.64935141034
LBR,1995,1260.56337579906
LBR,1994,1332.88404114057
LBR,1993,1704.82385894067
LBR,1992,2651.04345578058
LBR,1991,4333.61206563153
LBY,2025,49529.3688020644
LBY,2024,44389.9883542489
LBY,2023,43924.1056852834
LBY,2022,40701.2704147106
LBY,2021,48825.9416288933
LBY,2020,39107.2820715755
LBY,2019,51362.8042728563
LBY,2018,58775.6587899817
LBY,2017,55683.0700195632
LBY,2016,43090.8014732765
LBY,2015,44565.6798713391
LBY,2014,45533.914148564
LBY,2013,60575.9764255715
LBY,2012,75562.1754428643
LBY,2011,39264.7621074182
LBY,2010,76516.4753633402
LBY,2009,75164.7290419457
LBY,2008,81057.8700487386
LBY,2007,83806.7808017011
LBY,2006,81797.4828945433
LBY,2005,79034.3940737817
LBY,2004,72646.2749140051
LBY,2003,71351.1531076065
LBY,2002,64762.401444766
LBY,2001,66771.1733305161
LBY,2000,69372.0211497582
LBY,1999,68611.1976268503
LBY,1998,70271.4625972367
LBY,1997,75241.6628572322
LBY,1996,74082.7690594922
LBY,1995,75324.1688175435
LBY,1994,79985.2924733766
LBY,1993,81222.1358746758
LBY,1992,87546.2321422506
LBY,1991,93281.2783886491
LTU,2025,97346.3517159674
LTU,2024,94666.8456268125
LTU,2023,92923.2802654045
LTU,2022,93042.4661731254
LTU,2021,93426.5590611654
LTU,2020,88567.3446217014
LTU,2019,87212.9116317847
LTU,2018,83626.5807687992
LTU,2017,80932.9829470291
LTU,2016,77328.8049988017
LTU,2015,76830.2510506492
LTU,2014,75606.3637163723
LTU,2013,74392.0258335211
LTU,2012,72514.9573776177
LTU,2011,70717.5530378822
LTU,2010,67930.3405108822
LTU,2009,63335.892714488
LTU,2008,68452.075549412
LTU,2007,65723.4016325074
LTU,2006,60112.0893435523
LTU,2005,55947.2249100852
LTU,2004,51990.1579039055
LTU,2003,47358.9396131903
LTU,2002,44351.2583959549
LTU,2001,42952.465445971
LTU,2000,38956.3980631405
LTU,1999,35931.1844254846
LTU,1998,36517.0214996646
LTU,1997,33618.9523272617
LTU,1996,31379.5556331953
LTU,1995,29828.7872699498
LTU,1994,27219.850779834
LTU,1993,29713.0021389399
LTU,1992,30494.8544863347
LTU,1991,38254.0984501314
LUX,2025,262553.819638686
LUX,2024,263863.912911061
LUX,2023,264776.517887292
LUX,2022,271034.17186228
LUX,2021,280240.207430893
LUX,2020,275813.636689559
LUX,2019,278812.238877773
LUX,2018,280476.761881628
LUX,2017,284157.533322052
LUX,2016,289658.487858975
LUX,2015,279422.498449427
LUX,2014,282334.4892986
LUX,2013,284411.101981563
LUX,2012,281184.76785921
LUX,2011,291203.630476053
LUX,2010,292715.153536259
LUX,2009,288244.449682648
LUX,2008,316066.792177077
LUX,2007,320335.617919495
LUX,2006,303820.988272191
LUX,2005,291037.116403512
LUX,2004,294586.509248271
LUX,2003,287315.441645976
LUX,2002,277154.251277468
LUX,2001,274633.827875026
LUX,2000,269960.900304124
LUX,1999,261555.20722906
LUX,1998,249665.178188915
LUX,1997,236859.071464566
LUX,1996,230239.653560208
LUX,1995,231783.697326581
LUX,1994,224319.03598074
LUX,1993,215438.924082777
LUX,1992,205709.406588161
LUX,1991,206881.668399324
MAC,2025,204817.392422001
MAC,2024,194417.398336886
MAC,2023,183557.074845295
MAC,2022,107508.814411329
MAC,2021,127203.699480089
MAC,2020,104108.484761427
MAC,2019,226560.473451186
MAC,2018,235124.79097185
MAC,2017,225028.816416854
MAC,2016,202307.584142906
MAC,2015,203840.116798123
MAC,2014,265959.818078915
MAC,2013,286887.510176009
MAC,2012,269955.389749936
MAC,2011,256501.994909035
MAC,2010,220394.342509282
MAC,2009,179626.26598566
MAC,2008,176413.822249026
MAC,2007,182408.596726307
MAC,2006,176257.987311103
MAC,2005,171448.283113668
MAC,2004,172110.493552293
MAC,2003,145397.802392586
MAC,2002,129060.210253355
MAC,2001,120148.285819798
MAC,2000,118830.70380994
MAC,1999,113536.365613719
MAC,1998,117116.351819046
MAC,1997,122809.448216278
MAC,1996,127726.074709048
MAC,1995,131938.729700233
MAC,1994,133284.970674672
MAC,1993,134852.319868782
MAC,1992,136630.57267391
MAC,1991,127508.134684501
MDG,2025,3296.23719859615
MDG,2024,3296.18884481382
MDG,2023,3254.46308232487
MDG,2022,3221.23667747534
MDG,2021,3211.11690014008
MDG,2020,3169.80801084097
MDG,2019,3456.58791145452
MDG,2018,3402.65896273061
MDG,2017,3389.85789955406
MDG,2016,3354.31830368546
MDG,2015,3319.04846997447
MDG,2014,3310.0450364697
MDG,2013,3297.97206650767
MDG,2012,3321.30139976768
MDG,2011,3401.19700821944
MDG,2010,3528.06440633895
MDG,2009,3612.31635627265
MDG,2008,3872.60893490867
MDG,2007,3743.63497857669
MDG,2006,3651.65440666371
MDG,2005,3569.22377523225
MDG,2004,3565.66609217563
MDG,2003,3532.73466872246
MDG,2002,3334.5160369034
MDG,2001,3920.92283990321
MDG,2000,3835.54547281909
MDG,1999,3792.68990680345
MDG,1998,3744.99524881594
MDG,1997,3725.99309620552
MDG,1996,3717.14998992112
MDG,1995,3759.55478566637
MDG,1994,3820.68497393329
MDG,1993,3957.75901726489
MDG,1992,4001.45004471669
MDG,1991,4078.69169388433
MWI,2025,4563.32235546662
MWI,2024,4613.04203780261
MWI,2023,4696.41919636551
MWI,2022,4772.16509441443
MWI,2021,4946.31740491167
MWI,2020,4524.65341438347
MWI,2019,4981.36610743155
MWI,2018,4877.57710297845
MWI,2017,4835.12497193975
MWI,2016,4681.71283689068
MWI,2015,4600.45377167058
MWI,2014,4512.44674890184
MWI,2013,4310.30660966339
MWI,2012,4125.08855875245
MWI,2011,4080.63162693048
MWI,2010,3931.12705943028
MWI,2009,3719.72761139275
MWI,2008,3476.73887029145
MWI,2007,3272.78599019622
MWI,2006,3027.94798546956
MWI,2005,2930.2817833549
MWI,2004,2915.32717956752
MWI,2003,2845.07083140332
MWI,2002,2763.66022009584
MWI,2001,2785.20774330133
MWI,2000,2999.31782657774
MWI,1999,3025.84879515505
MWI,1998,3003.25126101986
MWI,1997,2944.6582614275
MWI,1996,2901.53170923886
MWI,1995,2755.2163707681
MWI,1994,2366.2828826184
MWI,1993,2590.57687672142
MWI,1992,2392.45578902112
MWI,1991,2645.82263303873
MYS,2025,70821.245378202
MYS,2024,68621.5768470984
MYS,2023,66453.9505440969
MYS,2022,65445.3328429099
MYS,2021,62214.0306927762
MYS,2020,61442.1481504419
MYS,2019,65082.787630927
MYS,2018,63942.8344637436
MYS,2017,62735.5048045489
MYS,2016,60708.4269381503
MYS,2015,59115.0666913895
MYS,2014,57577.7458273473
MYS,2013,56567.2051482073
MYS,2012,56100.2655690344
MYS,2011,55321.8431685699
MYS,2010,54310.3178584915
MYS,2009,52453.619025694
MYS,2008,55009.9247154963
MYS,2007,54336.3099593009
MYS,2006,52943.1579730595
MYS,2005,52036.741526168
MYS,2004,51148.8106118513
MYS,2003,49604.0658386749
MYS,2002,48449.4676473346
MYS,2001,47592.7434036548
MYS,2000,48741.9480726342
MYS,1999,46578.3247022312
MYS,1998,45357.4122356734
MYS,1997,50325.6885733836
MYS,1996,48609.9626770834
MYS,1995,46085.0643930878
MYS,1994,43706.5287784286
MYS,1993,41686.6019183468
MYS,1992,39192.0225567513
MYS,1991,37393.86825214
MDV,2025,49705.9567890889
MDV,2024,47349.6305100758
MDV,2023,45956.7432511969
MDV,2022,44197.1067267492
MDV,2021,42346.5084417793
MDV,2020,32795.5232141195
MDV,2019,45944.9909820572
MDV,2018,46316.3857808392
MDV,2017,46146.3340045749
MDV,2016,46770.9396103984
MDV,2015,46708.8658941333
MDV,2014,47751.7908055844
MDV,2013,46960.6511359503
MDV,2012,46660.2532877232
MDV,2011,48642.1312126425
MDV,2010,47836.4838020516
MDV,2009,48127.3264329999
MDV,2008,54229.9399002119
MDV,2007,51831.3750247939
MDV,2006,50343.1602065327
MDV,2005,41959.257182684
MDV,2004,48193.9956055158
MDV,2003,46538.5441435089
MDV,2002,41891.3999107152
MDV,2001,40036.8115917267
MDV,2000,42762.5298294575
MDV,1999,43341.0414470345
MDV,1998,42907.591641927
MDV,1997,41931.2699251375
MDV,1996,40621.5695476666
MDV,1995,39520.8081240043
MDV,1994,36448.9515968627
MDV,1993,35150.8347237755
MDV,1992,34559.8315382971
MDV,1991,33598.2890696461
MLI,2025,8477.36105158234
MLI,2024,8308.44493716667
MLI,2023,8193.82529640128
MLI,2022,8051.31638337853
MLI,2021,8236.96645760423
MLI,2020,8347.45473696183
MLI,2019,8535.506228033
MLI,2018,8157.91321466293
MLI,2017,7933.08126838195
MLI,2016,7695.14416733008
MLI,2015,7424.96941771536
MLI,2014,7205.68571916765
MLI,2013,6977.12438610201
MLI,2012,6924.92600493335
MLI,2011,7169.93102172631
MLI,2010,7169.55033069265
MLI,2009,6996.98664886911
MLI,2008,6836.52637581515
MLI,2007,6802.12599133202
MLI,2006,6897.95630529957
MLI,2005,6861.81879007124
MLI,2004,6910.87748112621
MLI,2003,7023.66304438196
MLI,2002,6613.81857684478
MLI,2001,6628.15971469525
MLI,2000,5912.51377153853
MLI,1999,6139.38356477066
MLI,1998,6039.49779205753
MLI,1997,5822.19994890328
MLI,1996,5727.7936358772
MLI,1995,5509.97215552764
MLI,1994,5596.03485249591
MLI,1993,5409.17250033616
MLI,1992,5291.70184009983
MLI,1991,5673.02912616805
MLT,2025,117634.133956139
MLT,2024,115396.247677385
MLT,2023,112197.980946978
MLT,2022,106075.322032811
MLT,2021,109014.734014255
MLT,2020,99399.5345286505
MLT,2019,106818.643143158
MLT,2018,108887.709010065
MLT,2017,108506.403202555
MLT,2016,101468.75300614
MLT,2015,102274.707586587
MLT,2014,96891.3827814033
MLT,2013,94245.0628675164
MLT,2012,92390.5202658729
MLT,2011,92205.2954008362
MLT,2010,93855.9126847327
MLT,2009,90308.1506937781
MLT,2008,92319.657348604
MLT,2007,90175.5469876749
MLT,2006,88282.2987719397
MLT,2005,87476.7321304438
MLT,2004,87206.5804963668
MLT,2003,85642.4377678805
MLT,2002,82634.5842108394
MLT,2001,81352.5478750882
MLT,2000,83218.9129941877
MLT,1999,69578.6928041833
MLT,1998,67176.5252668924
MLT,1997,64788.7765516212
MLT,1996,62543.2454839507
MLT,1995,61230.4009330629
MLT,1994,58224.5453779579
MLT,1993,55787.4426606664
MLT,1992,54142.0925645022
MLT,1991,52487.0076050638
MRT,2025,31134.9498257685
MRT,2024,30832.4327234553
MRT,2023,30037.453818318
MRT,2022,29170.6931257236
MRT,2021,28615.6025441731
MRT,2020,29427.7802321248
MRT,2019,29917.7338738292
MRT,2018,29918.7739792504
MRT,2017,29422.6830314972
MRT,2016,28199.6818595389
MRT,2015,28309.3410566655
MRT,2014,27330.4883408195
MRT,2013,26647.7707856825
MRT,2012,26029.8610695517
MRT,2011,25590.6883234967
MRT,2010,25268.0127883664
MRT,2009,25371.1643925185
MRT,2008,25979.4166489039
MRT,2007,26690.4157630741
MRT,2006,27753.0461028074
MRT,2005,24003.7646161455
MRT,2004,22587.4085914985
MRT,2003,22009.2567566012
MRT,2002,21028.4102587434
MRT,2001,21083.1524023196
MRT,2000,21693.9601420205
MRT,1999,23283.3311336219
MRT,1998,23100.5398178093
MRT,1997,23040.6141373939
MRT,1996,24480.2787575672
MRT,1995,23457.4983183531
MRT,1994,21954.2068614032
MRT,1993,23435.0637854492
MRT,1992,23260.7071320315
MRT,1991,23859.7936062411
MUS,2025,60929.9131523167
MUS,2024,58989.2784614511
MUS,2023,55983.7579031848
MUS,2022,56840.5551948305
MUS,2021,56372.378060821
MUS,2020,52304.8720275377
MUS,2019,55798.8355637486
MUS,2018,55099.144915066
MUS,2017,52919.6545826436
MUS,2016,51486.9612563989
MUS,2015,49630.8227630146
MUS,2014,48519.5166556159
MUS,2013,47176.6695666989
MUS,2012,46821.6433461814
MUS,2011,45812.6569618212
MUS,2010,43871.7145810418
MUS,2009,42801.6634081365
MUS,2008,41890.4146985596
MUS,2007,40815.231360068
MUS,2006,38751.3406331864
MUS,2005,37415.06991135
MUS,2004,36961.9517475193
MUS,2003,34827.0910340725
MUS,2002,34508.0108309828
MUS,2001,35098.3154124703
MUS,2000,33607.8031133901
MUS,1999,31420.4583257962
MUS,1998,31037.454851336
MUS,1997,29686.5812684949
MUS,1996,28573.7649441889
MUS,1995,27476.4254470213
MUS,1994,26690.6672793235
MUS,1993,26121.2477968249
MUS,1992,25255.091270856
MUS,1991,24152.3588573427
MEX,2025,48140.6093010366
MEX,2024,48517.9012787279
MEX,2023,48506.5317617392
MEX,2022,48576.7972491116
MEX,2021,48605.8099837259
MEX,2020,49432.4171144825
MEX,2019,49950.1181473269
MEX,2018,51377.9719656986
MEX,2017,51419.0082643857
MEX,2016,51285.0581930396
MEX,2015,51302.9423635393
MEX,2014,51083.6659562272
MEX,2013,50273.1391699486
MEX,2012,50566.2667194536
MEX,2011,50469.7074843699
MEX,2010,49942.856400589
MEX,2009,48458.7337074434
MEX,2008,51927.9663550734
MEX,2007,52168.9934698883
MEX,2006,52199.8200854885
MEX,2005,51482.2275169756
MEX,2004,52313.987115671
MEX,2003,51784.1037207636
MEX,2002,52315.0940660191
MEX,2001,52913.7258140569
MEX,2000,53741.8516984315
MEX,1999,52172.058197743
MEX,1998,51869.5901871239
MEX,1997,49989.6608587188
MEX,1996,49438.4753585256
MEX,1995,48561.0516483689
MEX,1994,51486.9141507706
MEX,1993,50052.0599561782
MEX,1992,50385.58450834
MEX,1991,50430.0994702178
MDA,2025,29824.1207599849
MDA,2024,28733.8092966481
MDA,2023,28667.0376585915
MDA,2022,26746.0280867104
MDA,2021,27300.2938737886
MDA,2020,24618.9806227569
MDA,2019,26689.5545152168
MDA,2018,26064.605985196
MDA,2017,24137.1707417497
MDA,2016,22134.6622803209
MDA,2015,20732.3332833675
MDA,2014,20734.7432096167
MDA,2013,20964.1221633659
MDA,2012,19391.365234071
MDA,2011,19727.5307981439
MDA,2010,19021.9578997535
MDA,2009,18590.9300290132
MDA,2008,20004.3840278004
MDA,2007,18968.9667699381
MDA,2006,19001.9065613591
MDA,2005,19552.6580486932
MDA,2004,18321.644094919
MDA,2003,16542.6638997243
MDA,2002,15739.5500479521
MDA,2001,14646.2649387183
MDA,2000,13658.5926540901
MDA,1999,13873.4181233597
MDA,1998,14340.5766846183
MDA,1997,15202.7837427385
MDA,1996,14977.5139329617
MDA,1995,15594.8465917827
MDA,1994,15888.2485384484
MDA,1993,22542.5029660862
MDA,1992,22884.7597955215
MDA,1991,31909.268904134
MNG,2025,45908.4878807905
MNG,2024,43424.4435624088
MNG,2023,41750.4644672766
MNG,2022,38739.5291747386
MNG,2021,39111.6286542147
MNG,2020,37084.0948261836
MNG,2019,39086.2039531684
MNG,2018,39389.0222516362
MNG,2017,37637.7587949428
MNG,2016,36759.3819743514
MNG,2015,34930.5370853327
MNG,2014,34553.8354387793
MNG,2013,32402.2965260262
MNG,2012,29320.1807990435
MNG,2011,26732.7596122868
MNG,2010,24006.2446679171
MNG,2009,22841.9672645365
MNG,2008,23630.5045838133
MNG,2007,22297.9231878222
MNG,2006,20650.3530795651
MNG,2005,19406.0332528648
MNG,2004,18486.4561437716
MNG,2003,17089.5352258787
MNG,2002,16320.9130602759
MNG,2001,16040.5487902019
MNG,2000,16045.0510262988
MNG,1999,16353.8780933727
MNG,1998,16330.2829034481
MNG,1997,16217.3340547061
MNG,1996,16006.9439875218
MNG,1995,16087.3013601309
MNG,1994,15537.5646566672
MNG,1993,15575.0179302895
MNG,1992,16280.2720076103
MNG,1991,18237.958475094
MNE,2025,70234.7075996203
MNE,2024,67917.4649690703
MNE,2023,65582.2646041113
MNE,2022,66420.1628663308
MNE,2021,72396.2398039372
MNE,2020,61958.3428931841
MNE,2019,65081.0945073251
MNE,2018,63588.8444312889
MNE,2017,62528.9901814795
MNE,2016,61777.5614576207
MNE,2015,60127.4774396923
MNE,2014,59964.3095806557
MNE,2013,62532.6237759494
MNE,2012,60833.8866956717
MNE,2011,64108.4488664302
MNE,2010,62180.212444777
MNE,2009,60359.3979748212
MNE,2008,62952.6662143946
MNE,2007,60917.3574872458
MNE,2006,61243.277882698
MNE,2005,60953.721410619
MNE,2004,58600.221893874
MNE,2003,56157.7862620996
MNE,2002,54929.0174049132
MNE,2001,54283.1003594165
MNE,2000,53973.3194759662
MNE,1999,52346.5791708741
MNE,1998,57931.4494422333
MNE,1997,55076.7737598953
MAR,2025,32242.4542143223
MAR,2024,31193.5036400988
MAR,2023,30376.7580937459
MAR,2022,29873.5950026906
MAR,2021,29483.3071492389
MAR,2020,28312.2705223942
MAR,2019,29172.6624215353
MAR,2018,28958.9276310616
MAR,2017,28676.0845661049
MAR,2016,27106.1031591595
MAR,2015,26892.2012699952
MAR,2014,25902.6208403342
MAR,2013,25344.8386887429
MAR,2012,24622.6646933458
MAR,2011,23898.1713355383
MAR,2010,22868.6012836826
MAR,2009,22230.4002193423
MAR,2008,21754.0926647942
MAR,2007,20974.6943800999
MAR,2006,20710.8945030344
MAR,2005,19917.4955185537
MAR,2004,19682.3959935422
MAR,2003,19457.4358173793
MAR,2002,18638.3222026807
MAR,2001,18329.9837407395
MAR,2000,17598.6401895556
MAR,1999,17621.2091757544
MAR,1998,17625.6777238561
MAR,1997,16956.3146126685
MAR,1996,17540.5345311419
MAR,1995,16115.0157343913
MAR,1994,17475.4236779903
MAR,1993,16232.6134359588
MAR,1992,16755.6502215637
MAR,1991,17535.3431517016
MOZ,2025,3536.14642024316
MOZ,2024,3676.04512696484
MOZ,2023,3722.16697024451
MOZ,2022,3651.61408210601
MOZ,2021,3592.98606306501
MOZ,2020,3603.33828974455
MOZ,2019,3706.23698945483
MOZ,2018,3724.85642184641
MOZ,2017,3703.10068167671
MOZ,2016,3712.50379172913
MOZ,2015,3648.23349038411
MOZ,2014,3471.79402143607
MOZ,2013,3293.88601613706
MOZ,2012,3155.97249105752
MOZ,2011,2983.36953103925
MOZ,2010,2837.13077109047
MOZ,2009,2704.02122460704
MOZ,2008,2593.05269726661
MOZ,2007,2465.66840819707
MOZ,2006,2327.79734347559
MOZ,2005,2153.74747051607
MOZ,2004,2057.79935853281
MOZ,2003,1930.94258792905
MOZ,2002,1848.43443682976
MOZ,2001,1727.25171994106
MOZ,2000,1568.69239292171
MOZ,1999,1592.17913124449
MOZ,1998,1459.92372919061
MOZ,1997,1358.60343541614
MOZ,1996,1250.45686498265
MOZ,1995,1170.65520627452
MOZ,1994,1222.62136737728
MOZ,1993,1232.90479188807
MOZ,1992,1150.84234808751
MOZ,1991,1268.36565990067
MMR,2025,12668.6831454874
MMR,2024,13019.135214853
MMR,2023,13270.6471501195
MMR,2022,13279.6501822249
MMR,2021,13066.7803993776
MMR,2020,13360.4995744934
MMR,2019,14595.4994379377
MMR,2018,13473.7165119172
MMR,2017,12966.671739003
MMR,2016,12060.704035147
MMR,2015,11258.9362797876
MMR,2014,10631.0086905412
MMR,2013,9933.54953080745
MMR,2012,9262.63174859952
MMR,2011,8728.51845243698
MMR,2010,8361.82787465735
MMR,2009,7702.03199720417
MMR,2008,7022.51248601064
MMR,2007,6420.038066264
MMR,2006,5783.54464548153
MMR,2005,5160.23784058454
MMR,2004,4586.13413888199
MMR,2003,4078.25639377151
MMR,2002,3620.28515085351
MMR,2001,3272.34386895451
MMR,2000,2982.25619012164
MMR,1999,2664.17491672073
MMR,1998,2444.37313689036
MMR,1997,2353.19086278821
MMR,1996,2269.28408841539
MMR,1995,2171.12278376168
MMR,1994,2066.94810958298
MMR,1993,1959.01289000331
MMR,1992,1881.84370572459
MMR,1991,1747.31229272669
NAM,2025,34046.3789307252
NAM,2024,34262.3000366261
NAM,2023,33912.9206239201
NAM,2022,33615.738136171
NAM,2021,34703.4206784213
NAM,2020,34721.0423419156
NAM,2019,36365.7339585196
NAM,2018,37630.719914906
NAM,2017,38579.9830160931
NAM,2016,40291.0187226923
NAM,2015,39896.0819050771
NAM,2014,38104.8033743957
NAM,2013,36604.9374770475
NAM,2012,37134.8971400246
NAM,2011,37566.2048701322
NAM,2010,37868.337263869
NAM,2009,36686.2431903041
NAM,2008,37428.8635955083
NAM,2007,37536.0663696267
NAM,2006,36524.4555622142
NAM,2005,35243.6522282582
NAM,2004,35349.6021214389
NAM,2003,32338.4041468259
NAM,2002,31639.7883847066
NAM,2001,30855.3991288699
NAM,2000,31148.6717459234
NAM,1999,31556.9502445245
NAM,1998,32053.3838404088
NAM,1997,32582.5725013268
NAM,1996,31167.9888471691
NAM,1995,30208.0998124849
NAM,1994,28963.6055804733
NAM,1993,29261.8905933712
NAM,1992,30633.0989999752
NAM,1991,29594.4149414232
NPL,2025,20873.596150203
NPL,2024,20043.621991714
NPL,2023,19335.1052451935
NPL,2022,19029.8423388748
NPL,2021,18559.4383798532
NPL,2020,18423.150498448
NPL,2019,18741.4265242173
NPL,2018,17991.9243997103
NPL,2017,16806.1056110793
NPL,2016,15492.8573762399
NPL,2015,15562.9385781743
NPL,2014,15135.7935779363
NPL,2013,14383.1720988018
NPL,2012,13965.6856978512
NPL,2011,13452.6675427477
NPL,2010,13176.4361933696
NPL,2009,12786.9913816896
NPL,2008,12437.9926080961
NPL,2007,11916.2151008965
NPL,2006,11699.6457950553
NPL,2005,11503.4928088419
NPL,2004,11323.9520335828
NPL,2003,11024.0017339859
NPL,2002,10810.5150314951
NPL,2001,11002.7292459009
NPL,2000,10711.3999206638
NPL,1999,10292.1419845741
NPL,1998,10062.188995742
NPL,1997,9973.30558267013
NPL,1996,9685.7811566693
NPL,1995,9387.6979353723
NPL,1994,9277.07927923318
NPL,1993,8784.93152574779
NPL,1992,8699.56939685133
NPL,1991,8612.83257699015
NLD,2025,129804.614832068
NLD,2024,127696.073905145
NLD,2023,126676.190572032
NLD,2022,129912.374901044
NLD,2021,127311.810597457
NLD,2020,120103.675317655
NLD,2019,125011.34913652
NLD,2018,124493.721340272
NLD,2017,124543.90059056
NLD,2016,123421.740591004
NLD,2015,122254.529474098
NLD,2014,121848.5730742
NLD,2013,119390.267703668
NLD,2012,118176.155294266
NLD,2011,119658.0577337
NLD,2010,118134.588633037
NLD,2009,116072.004416561
NLD,2008,119890.409367927
NLD,2007,118722.279040166
NLD,2006,115850.526516224
NLD,2005,113306.54897733
NLD,2004,109722.533511434
NLD,2003,106461.6021187
NLD,2002,105463.337512986
NLD,2001,105320.306762621
NLD,2000,104553.686112548
NLD,1999,102312.88630793
NLD,1998,99120.3560610131
NLD,1997,96632.3747687707
NLD,1996,94290.4756537696
NLD,1995,92506.3808292053
NLD,1994,90125.025019087
NLD,1993,87208.4682169225
NLD,1992,86082.1270514491
NLD,1991,87055.389037307
NZL,2025,87948.0746198494
NZL,2024,87799.4501986424
NZL,2023,88266.4157788475
NZL,2022,89318.2216352453
NZL,2021,87700.5663812161
NZL,2020,85827.3511554406
NZL,2019,87127.7404064427
NZL,2018,86313.2657307382
NZL,2017,85586.9925241352
NZL,2016,86288.2180199605
NZL,2015,87001.6204583926
NZL,2014,86032.2550274848
NZL,2013,86037.606445465
NZL,2012,85436.81312555
NZL,2011,83401.0997096121
NZL,2010,82881.7626699442
NZL,2009,82044.0484918372
NZL,2008,81025.521366533
NZL,2007,82173.4515866033
NZL,2006,81124.470638926
NZL,2005,80782.3703621662
NZL,2004,80428.790450804
NZL,2003,80032.6845182317
NZL,2002,78393.2384680014
NZL,2001,77346.5274023731
NZL,2000,76632.8630485552
NZL,1999,75894.5849480811
NZL,1998,73107.6642695472
NZL,1997,72023.6011111629
NZL,1996,70926.5503339986
NZL,1995,70627.3997818252
NZL,1994,70548.6896588548
NZL,1993,70003.530655562
NZL,1992,67117.9251678247
NZL,1991,66623.8015400856
NIC,2025,17638.0068129555
NIC,2024,17138.8219482849
NIC,2023,16862.6448754194
NIC,2022,16583.6402044873
NIC,2021,16605.7441564348
NIC,2020,15526.2471184967
NIC,2019,15886.3030021584
NIC,2018,16573.6744360076
NIC,2017,17074.2452163591
NIC,2016,16754.1124056429
NIC,2015,16493.4721499815
NIC,2014,16044.3996100177
NIC,2013,15819.3572985725
NIC,2012,15447.9748291037
NIC,2011,15106.5932749606
NIC,2010,14777.2316584759
NIC,2009,14585.3833471544
NIC,2008,15172.682697692
NIC,2007,14872.6530986974
NIC,2006,14621.9452049953
NIC,2005,14465.244950036
NIC,2004,14444.9831481292
NIC,2003,14298.6884229615
NIC,2002,14346.3580293206
NIC,2001,14619.7710793883
NIC,2000,14629.6654837642
NIC,1999,14499.4734357337
NIC,1998,13992.9845641963
NIC,1997,13972.7114227385
NIC,1996,13956.0876394156
NIC,1995,13686.9480170751
NIC,1994,13385.4149408228
NIC,1993,13387.0456402932
NIC,1992,13830.8573910994
NIC,1991,14203.4877196289
NER,2025,4356.15629080492
NER,2024,4242.52412045327
NER,2023,4076.34189932284
NER,2022,4129.98429909449
NER,2021,3998.65260901731
NER,2020,4234.22766667454
NER,2019,4310.94244976701
NER,2018,4211.64711035392
NER,2017,4084.60962703586
NER,2016,4013.69113536253
NER,2015,3994.96541834667
NER,2014,3968.01385138292
NER,2013,3792.56377691141
NER,2012,3676.11315596523
NER,2011,3309.38966272377
NER,2010,3365.25475406334
NER,2009,3226.49205154159
NER,2008,3288.10727062157
NER,2007,3171.52286867462
NER,2006,3195.58664729485
NER,2005,3135.78246705571
NER,2004,3006.85519618856
NER,2003,3074.20010106023
NER,2002,3095.34880704181
NER,2001,3034.71382854533
NER,2000,2918.94637168731
NER,1999,3047.94071895768
NER,1998,3152.72737206159
NER,1997,2962.48234826951
NER,1996,3011.22243773513
NER,1995,3108.6239286999
NER,1994,3137.01049144168
NER,1993,3183.07901416874
NER,1992,3277.43099945989
NER,1991,3317.64571548541
NGA,2025,17119.8977016258
NGA,2024,16929.2799766716
NGA,2023,16751.9321912021
NGA,2022,17087.2035609095
NGA,2021,17376.1807849236
NGA,2020,17925.4384267954
NGA,2019,19181.3569047531
NGA,2018,19284.6250240035
NGA,2017,19436.1674889784
NGA,2016,19790.2885824526
NGA,2015,20619.1025030607
NGA,2014,20593.2495310624
NGA,2013,19845.4681684809
NGA,2012,19079.917744918
NGA,2011,18803.3230192664
NGA,2010,18310.8249349448
NGA,2009,17368.850294502
NGA,2008,16492.4263517278
NGA,2007,15821.4468995728
NGA,2006,15196.5526277015
NGA,2005,14663.3512899143
NGA,2004,14078.0201192901
NGA,2003,13200.6140594923
NGA,2002,12589.6353815919
NGA,2001,11205.9350222375
NGA,2000,10851.840558576
NGA,1999,10598.1502734494
NGA,1998,10827.2383020213
NGA,1997,10853.4425401516
NGA,1996,10849.3902111486
NGA,1995,10705.3329289822
NGA,1994,11044.1088652354
NGA,1993,11663.7259802949
NGA,1992,12300.8400973131
NGA,1991,12205.040712459
MKD,2025,65973.5903115979
MKD,2024,63534.8161259459
MKD,2023,62942.1217006573
MKD,2022,60893.1534639397
MKD,2021,61552.4137050207
MKD,2020,58273.3348044123
MKD,2019,60065.03214212
MKD,2018,60516.466556887
MKD,2017,59508.6006019257
MKD,2016,59619.147647761
MKD,2015,58985.2936669058
MKD,2014,57634.1441539033
MKD,2013,56210.1760026646
MKD,2012,56601.2809532534
MKD,2011,56889.9838663176
MKD,2010,58324.3104999314
MKD,2009,54104.5224134305
MKD,2008,55490.3244091691
MKD,2007,54019.533583133
MKD,2006,52622.2577655151
MKD,2005,50782.5018586471
MKD,2004,48313.8827970632
MKD,2003,45803.4143832107
MKD,2002,42288.9142259213
MKD,2001,40835.5176353043
MKD,2000,43777.2319750168
MKD,1999,42602.8317501311
MKD,1998,42129.6642637835
MKD,1997,41651.2668520108
MKD,1996,42616.8313590647
MKD,1995,40175.5496479695
MKD,1994,37247.6326145028
MKD,1993,36208.4995982825
MKD,1992,37768.1750452298
MKD,1991,38917.2482996232
NOR,2025,180933.398861245
NOR,2024,178977.6844618
NOR,2023,177742.490834939
NOR,2022,179054.196007607
NOR,2021,176824.554282653
NOR,2020,171281.906225423
NOR,2019,173127.524255702
NOR,2018,172472.09951425
NOR,2017,173312.928695438
NOR,2016,169886.356183362
NOR,2015,167828.619423368
NOR,2014,165040.903108957
NOR,2013,162743.79070543
NOR,2012,162144.38536624
NOR,2011,160093.087765578
NOR,2010,160425.1154213
NOR,2009,158753.877024508
NOR,2008,161742.597810074
NOR,2007,162747.661841399
NOR,2006,161464.762876057
NOR,2005,160900.909089597
NOR,2004,158099.632327063
NOR,2003,153182.32692419
NOR,2002,152428.435865138
NOR,2001,151101.724220352
NOR,2000,148864.394624701
NOR,1999,145212.048172286
NOR,1998,144575.745624533
NOR,1997,144148.783456985
NOR,1996,139765.100777383
NOR,1995,136882.929281777
NOR,1994,131810.593306653
NOR,1993,127965.18649255
NOR,1992,125807.675869187
NOR,1991,122190.5718459
OMN,2025,72191.8296568857
OMN,2024,73788.9518183143
OMN,2023,76398.1233630684
OMN,2022,81695.1391737388
OMN,2021,81866.6876707779
OMN,2020,78813.6911526005
OMN,2019,73700.4906581414
OMN,2018,72419.0978115265
OMN,2017,72228.448279066
OMN,2016,75287.4721751176
OMN,2015,76335.5099858877
OMN,2014,76817.7571286899
OMN,2013,80045.4940634652
OMN,2012,85374.6046553325
OMN,2011,98906.2119295152
OMN,2010,116569.843402481
OMN,2009,119950.758836668
OMN,2008,118592.595098178
OMN,2007,114051.289575075
OMN,2006,113706.81188601
OMN,2005,113720.154211523
OMN,2004,115525.972478195
OMN,2003,117171.097147398
OMN,2002,122703.620697183
OMN,2001,126689.74009755
OMN,2000,123624.515067571
OMN,1999,118409.715622658
OMN,1998,120406.989308971
OMN,1997,122738.577619342
OMN,1996,117493.249355643
OMN,1995,115646.569298739
OMN,1994,111399.908905319
OMN,1993,111581.951524019
OMN,1992,113258.613174642
OMN,1991,112655.007049026
PAK,2025,17799.8273998191
PAK,2024,17578.6195377357
PAK,2023,17341.1659598529
PAK,2022,17760.8001983589
PAK,2021,17411.9769187741
PAK,2020,17040.1047281479
PAK,2019,17420.0006655639
PAK,2018,17412.9197073309
PAK,2017,16463.8219495257
PAK,2016,15772.201408119
PAK,2015,15119.6519655677
PAK,2014,14767.8887299457
PAK,2013,14456.1051707385
PAK,2012,14292.6454789323
PAK,2011,13850.0732351414
PAK,2010,13759.9467445519
PAK,2009,14071.6480989411
PAK,2008,14139.213977467
PAK,2007,14332.9586216061
PAK,2006,14235.5032927636
PAK,2005,13756.9497436941
PAK,2004,13153.7177351413
PAK,2003,12636.5320958229
PAK,2002,12382.3305864559
PAK,2001,12441.3359040849
PAK,2000,12428.274088247
PAK,1999,12390.5780900001
PAK,1998,12397.725321645
PAK,1997,12440.7313784726
PAK,1996,12942.3987062372
PAK,1995,12974.2451790257
PAK,1994,12525.6524519289
PAK,1993,12406.1104433075
PAK,1992,12377.4855554396
PAK,1991,11786.9048108757
PAN,2025,81808.2779284134
PAN,2024,79813.316866044
PAN,2023,78854.4977707017
PAN,2022,74857.4534128396
PAN,2021,74146.6291634076
PAN,2020,64448.6812522584
PAN,2019,70487.5782401029
PAN,2018,69935.0174182682
PAN,2017,70613.0679853492
PAN,2016,67423.3652415962
PAN,2015,66113.5597088409
PAN,2014,64125.1441234002
PAN,2013,62074.4565077053
PAN,2012,60350.2752319105
PAN,2011,58173.8748510956
PAN,2010,52570.7523446127
PAN,2009,51735.9198081718
PAN,2008,50238.3669008538
PAN,2007,47774.6906911808
PAN,2006,43499.751981933
PAN,2005,40077.6931690312
PAN,2004,38038.2545306614
PAN,2003,36425.0858769251
PAN,2002,35593.184450234
PAN,2001,35759.6677052527
PAN,2000,36463.5392854595
PAN,1999,36068.8036088397
PAN,1998,35153.5065883277
PAN,1997,34005.8582785685
PAN,1996,32520.0736159035
PAN,1995,32069.8154633278
PAN,1994,32744.3402124351
PAN,1993,32848.8820739499
PAN,1992,32577.6612595935
PAN,1991,31600.0700023113
PNG,2025,13139.0626989679
PNG,2024,12754.4040562186
PNG,2023,12561.9284993161
PNG,2022,12378.652683588
PNG,2021,12102.037189626
PNG,2020,12610.6449802716
PNG,2019,13295.5548422804
PNG,2018,13156.8598525124
PNG,2017,13670.0517652159
PNG,2016,13660.5003283509
PNG,2015,13413.1259229086
PNG,2014,13039.9852464593
PNG,2013,11891.0629049815
PNG,2012,11887.4160886089
PNG,2011,11801.467874971
PNG,2010,12087.8173293486
PNG,2009,11336.5096478006
PNG,2008,10983.1546155892
PNG,2007,11426.9087108074
PNG,2006,10972.9276888681
PNG,2005,10791.5461298567
PNG,2004,10528.0574403773
PNG,2003,10651.2520783897
PNG,2002,10841.7357926508
PNG,2001,11295.7518040402
PNG,2000,11773.900012071
PNG,1999,12574.4496519632
PNG,1998,12824.2995552118
PNG,1997,13895.3711201419
PNG,1996,15068.1970967464
PNG,1995,14506.5326291159
PNG,1994,15633.7582425614
PNG,1993,15341.5349917076
PNG,1992,13466.6883050099
PNG,1991,12276.8322041269
PRY,2025,36003.6001879293
PRY,2024,34582.8513734114
PRY,2023,33351.5077342876
PRY,2022,32544.9737086554
PRY,2021,32550.0274775559
PRY,2020,32630.4362087096
PRY,2019,32044.6372517446
PRY,2018,32797.3567081529
PRY,2017,32656.8439999044
PRY,2016,31890.7258490753
PRY,2015,31857.2541644756
PRY,2014,31702.3282443018
PRY,2013,29692.3598409845
PRY,2012,27374.296883428
PRY,2011,29757.0560242524
PRY,2010,29210.9550228807
PRY,2009,26364.5248143109
PRY,2008,26786.7957526556
PRY,2007,25918.2337165209
PRY,2006,25909.9329240288
PRY,2005,23977.3672792055
PRY,2004,24060.9147456062
PRY,2003,25059.5470910798
PRY,2002,24842.9511458274
PRY,2001,24506.3604848874
PRY,2000,25644.5885331524
PRY,1999,26182.9722968634
PRY,1998,26919.537474718
PRY,1997,27881.6734710376
PRY,1996,28442.4576607505
PRY,1995,27358.8657329257
PRY,1994,26769.2861117542
PRY,1993,26396.4399446334
PRY,1992,25897.8332714345
PRY,1991,26143.7175079355
PER,2025,30450.983159874
PER,2024,29934.1841863048
PER,2023,29342.1898804798
PER,2022,29028.3987807416
PER,2021,29912.1650583707
PER,2020,28551.8937094538
PER,2019,27917.5665153655
PER,2018,28055.0776487141
PER,2017,27775.0556860944
PER,2016,28234.4183620771
PER,2015,27319.9620877851
PER,2014,26462.5755593946
PER,2013,26058.7535879
PER,2012,24685.4059541852
PER,2011,23571.2173297161
PER,2010,22318.0644789266
PER,2009,21117.4347073842
PER,2008,21267.9895204381
PER,2007,19767.5342542199
PER,2006,19013.577403193
PER,2005,18847.4234925699
PER,2004,18271.5088908591
PER,2003,17896.1835884751
PER,2002,17928.1093171976
PER,2001,17690.4168249669
PER,2000,18788.3733292312
PER,1999,18102.6439689511
PER,1998,18678.7306625214
PER,1997,19526.5685036038
PER,1996,19268.7268772472
PER,1995,19633.5431556254
PER,1994,19399.2598594318
PER,1993,18079.187887264
PER,1992,17974.9458714471
PER,1991,18458.795259267
PHL,2025,24593.1474486699
PHL,2024,23959.6391970391
PHL,2023,23081.7179928575
PHL,2022,22362.2718653738
PHL,2021,23200.7138914669
PHL,2020,22857.1677303125
PHL,2019,23665.958018796
PHL,2018,22946.5606688191
PHL,2017,22012.7681484427
PHL,2016,20231.5517324942
PHL,2015,19445.0689340997
PHL,2014,18572.4641802752
PHL,2013,18051.4261911975
PHL,2012,17257.2321128234
PHL,2011,16441.2655383742
PHL,2010,16450.0579629757
PHL,2009,15776.1579245163
PHL,2008,15980.5003540492
PHL,2007,15567.5619848411
PHL,2006,15004.1796095684
PHL,2005,14487.5545864854
PHL,2004,14132.6668916186
PHL,2003,13689.0768848101
PHL,2002,13369.3252958728
PHL,2001,13236.3148185093
PHL,2000,13223.9145496653
PHL,1999,13057.9575379732
PHL,1998,13053.4215499323
PHL,1997,13548.2226961758
PHL,1996,13244.3190130967
PHL,1995,12849.8221240193
PHL,1994,12594.1365951133
PHL,1993,12373.9573382432
PHL,1992,12447.9027417917
PHL,1991,12711.8096269305
POL,2025,96960.1448923207
POL,2024,92967.9960366791
POL,2023,89294.8252387858
POL,2022,89476.1177076586
POL,2021,85539.6948432308
POL,2020,80578.3413437777
POL,2019,81204.2075383073
POL,2018,77897.1969973766
POL,2017,73986.8083913758
POL,2016,71582.22163785
POL,2015,70702.5607447597
POL,2014,68766.2633716844
POL,2013,67516.2439244114
POL,2012,66809.4336460561
POL,2011,65929.9090633863
POL,2010,62865.1664546053
POL,2009,60842.5499466122
POL,2008,59563.5032376311
POL,2007,59435.2065975608
POL,2006,58433.4764238152
POL,2005,57192.2589003098
POL,2004,56743.3639319615
POL,2003,54692.7547932481
POL,2002,52969.2937433071
POL,2001,50438.8986184953
POL,2000,48825.7676697293
POL,1999,44666.7163170067
POL,1998,41471.0092922128
POL,1997,40148.5298295655
POL,1996,38243.2461192877
POL,1995,36400.4128739968
POL,1994,33853.1963841561
POL,1993,31894.8999558973
POL,1992,30412.4379444538
POL,1991,29749.7957066037
PRT,2025,89377.2041382716
PRT,2024,88623.7799482009
PRT,2023,87581.5103521916
PRT,2022,87040.6167600592
PRT,2021,83953.0055477798
PRT,2020,79272.1319271801
PRT,2019,84215.313513333
PRT,2018,82674.52615381
PRT,2017,82138.0796484355
PRT,2016,82073.6895284281
PRT,2015,81450.8215966189
PRT,2014,81148.0658286813
PRT,2013,81914.1898200327
PRT,2012,80545.8821600403
PRT,2011,80567.9152871318
PRT,2010,79245.9384906755
PRT,2009,76803.2203516978
PRT,2008,76993.5199596813
PRT,2007,77119.8040997496
PRT,2006,75420.1837494294
PRT,2005,74646.7247268214
PRT,2004,73685.9726297573
PRT,2003,71925.2855912475
PRT,2002,71636.9489904735
PRT,2001,71698.8491913129
PRT,2000,71716.9844417595
PRT,1999,70486.6949017992
PRT,1998,68521.3425357606
PRT,1997,68904.329543944
PRT,1996,67810.4801326142
PRT,1995,66161.1372039339
PRT,1994,63477.3839390202
PRT,1993,62372.6477737947
PRT,1992,62818.2529932391
PRT,1991,60478.0484467253
PRI,2025,124953.503244047
PRI,2024,124427.576004025
PRI,2023,122557.090685707
PRI,2022,122796.782963778
PRI,2021,122345.779847529
PRI,2020,129685.688241457
PRI,2019,136906.865946745
PRI,2018,137701.394500598
PRI,2017,143588.820697313
PRI,2016,147685.532773014
PRI,2015,149271.405352393
PRI,2014,152154.553723242
PRI,2013,149995.757804515
PRI,2012,148480.122007946
PRI,2011,148111.387208792
PRI,2010,144173.473721095
PRI,2009,138815.215614338
PRI,2008,131079.783792199
PRI,2007,128870.396744359
PRI,2006,127463.45997238
PRI,2005,128712.591952384
PRI,2004,133231.387765061
PRI,2003,125142.614426041
PRI,2002,127381.306311646
PRI,2001,126516.413943573
PRI,2000,118313.118278229
PRI,1999,114132.796315667
PRI,1998,110815.075768811
PRI,1997,106104.794554738
PRI,1996,104129.327304032
PRI,1995,105497.150292756
PRI,1994,102053.105516403
PRI,1993,101069.304270021
PRI,1992,101310.102924893
PRI,1991,97069.1701240337
QAT,2025,149104.552967541
QAT,2024,150468.440179954
QAT,2023,156588.814301575
QAT,2022,154792.910813969
QAT,2021,160399.90137503
QAT,2020,140048.632665857
QAT,2019,151626.542879253
QAT,2018,152786.56664634
QAT,2017,152662.27627811
QAT,2016,159274.280955288
QAT,2015,164155.454038063
QAT,2014,172745.312553663
QAT,2013,187948.876233272
QAT,2012,200347.589364471
QAT,2011,201948.166450394
QAT,2010,178570.089606846
QAT,2009,153895.503852855
QAT,2008,156683.310897347
QAT,2007,162368.22141188
QAT,2006,183153.78147834
QAT,2005,178815.848311057
QAT,2004,177222.757400581
QAT,2003,152752.758178372
QAT,2002,155426.792473212
QAT,2001,153148.941733424
QAT,2000,156381.334379107
QAT,1999,153667.505087104
QAT,1998,157068.467946398
QAT,1997,149757.146595916
QAT,1996,119195.273518115
QAT,1995,117717.308377042
QAT,1994,118703.975107174
QAT,1993,121019.720505786
QAT,1992,127084.717969862
QAT,1991,117726.530595343
ROU,2025,100238.498658525
ROU,2024,98712.5536338036
ROU,2023,97626.950113927
ROU,2022,94084.6813523898
ROU,2021,90312.7755002132
ROU,2020,85163.3220147229
ROU,2019,86736.983168413
ROU,2018,83437.1646320719
ROU,2017,79193.0665894734
ROU,2016,74724.1474412478
ROU,2015,72460.2822790854
ROU,2014,70907.3395630431
ROU,2013,68688.2824469877
ROU,2012,68114.6159976524
ROU,2011,67019.0471534614
ROU,2010,63207.9891754226
ROU,2009,69515.6037071527
ROU,2008,66799.0926382094
ROU,2007,60826.9816493004
ROU,2006,56606.6202798217
ROU,2005,52202.6024465801
ROU,2004,50043.6220489838
ROU,2003,44834.59072331
ROU,2002,44361.4947041664
ROU,2001,40686.2569418138
ROU,2000,38421.5291371436
ROU,1999,37387.8961381909
ROU,1998,37497.4533965247
ROU,1997,38460.3773004691
ROU,1996,41298.5572272712
ROU,1995,40340.0875080733
ROU,1994,38026.2656867361
ROU,1993,36742.1120573245
ROU,1992,36458.3439544135
ROU,1991,40199.8611162534
RUS,2025,86818.2902242827
RUS,2024,85392.1274330392
RUS,2023,81663.9015742702
RUS,2022,79314.4597036501
RUS,2021,80919.062823057
RUS,2020,77550.2399253924
RUS,2019,78207.3771159844
RUS,2018,75874.1245519113
RUS,2017,73966.7500153667
RUS,2016,72390.6425658865
RUS,2015,72345.6914928349
RUS,2014,73198.6591028883
RUS,2013,72745.2759184361
RUS,2012,71251.8984588413
RUS,2011,69218.204688723
RUS,2010,67193.5340035421
RUS,2009,64837.3810809398
RUS,2008,68770.216884571
RUS,2007,65710.1049122642
RUS,2006,62026.0057758453
RUS,2005,57659.0775783684
RUS,2004,54901.3653796224
RUS,2003,52033.4485212475
RUS,2002,48165.8509373233
RUS,2001,47005.3586537178
RUS,2000,44758.3406896255
RUS,1999,42055.6825778644
RUS,1998,42035.8986040466
RUS,1997,43278.1593028325
RUS,1996,40934.9033657028
RUS,1995,41887.3269018745
RUS,1994,42968.9142588357
RUS,1993,46717.552244604
RUS,1992,49453.6356545449
RUS,1991,57250.6212380349
RWA,2025,10010.3511924999
RWA,2024,9424.5497358001
RWA,2023,9117.71015206372
RWA,2022,9441.68188278826
RWA,2021,9231.04296251333
RWA,2020,7787.36995012789
RWA,2019,8795.92749333886
RWA,2018,7989.65142117943
RWA,2017,7701.79353908364
RWA,2016,7553.86936056143
RWA,2015,7351.23927397235
RWA,2014,6938.7974341021
RWA,2013,6742.62125357774
RWA,2012,6608.80448683407
RWA,2011,6256.81919277693
RWA,2010,5950.41329620929
RWA,2009,5699.95508528301
RWA,2008,5508.15427543772
RWA,2007,5096.25086979961
RWA,2006,4868.06589928327
RWA,2005,4599.06453668158
RWA,2004,4325.39992589563
RWA,2003,4152.56528502356
RWA,2002,4175.27436467384
RWA,2001,3798.45012794994
RWA,2000,3591.39215150209
RWA,1999,3402.44800980005
RWA,1998,3347.65008489949
RWA,1997,3261.32708454012
RWA,1996,3377.71930121129
RWA,1995,3615.60364498621
RWA,1994,2160.08628193703
RWA,1993,3598.03975563918
RWA,1992,4083.10708011032
RWA,1991,3960.30698271371
WSM,2025,31816.8597055258
WSM,2024,30475.3814080677
WSM,2023,29181.4449310157
WSM,2022,25375.0991646851
WSM,2021,24351.5265127668
WSM,2020,24959.1074836388
WSM,2019,24737.337252567
WSM,2018,23077.5720314242
WSM,2017,22710.5243878806
WSM,2016,22455.4941008217
WSM,2015,20840.3019240872
WSM,2014,20159.5424682054
WSM,2013,20219.1202033736
WSM,2012,20427.6162743175
WSM,2011,20795.9269204952
WSM,2010,20145.1149286647
WSM,2009,19097.5246704186
WSM,2008,19380.3940162559
WSM,2007,18867.6035648673
WSM,2006,18940.6858155021
WSM,2005,18656.6355530111
WSM,2004,17569.7807595186
WSM,2003,17153.4335735152
WSM,2002,16428.2203489802
WSM,2001,15633.7053716181
WSM,2000,14533.2612177162
WSM,1999,13831.0931299578
WSM,1998,13562.8879349034
WSM,1997,13310.9242607425
WSM,1996,13305.6163330063
WSM,1995,12446.9451523038
WSM,1994,11728.1166362766
WSM,1993,12208.8754343983
WSM,1992,11863.1653046537
WSM,1991,12008.1975813131
STP,2025,41153.3302491635
STP,2024,41677.2283269353
STP,2023,42095.5499737471
STP,2022,42990.4612581856
STP,2021,44843.510744273
STP,2020,45779.1448838504
STP,2019,44346.49012254
STP,2018,44243.2274730639
STP,2017,43234.2053116328
STP,2016,42722.3555677576
STP,2015,41805.8218254668
STP,2014,42345.8128257667
STP,2013,41617.1745520098
STP,2012,40864.4738285095
STP,2011,40807.4088480938
STP,2010,41072.0075923988
STP,2009,41643.754646859
STP,2008,41382.0384842266
STP,2007,40164.4777624303
STP,2006,40000.6635552223
STP,2005,37581.3444616717
STP,2004,36000.2726533793
STP,2003,35780.7847036513
STP,2002,34458.81577072
STP,2001,33412.5933269276
STP,2000,32531.2524797199
STP,1999,32889.3038845875
STP,1998,32639.0098747425
STP,1997,32398.2148580872
STP,1996,32609.0663862643
STP,1995,32700.6750410594
STP,1994,32661.2768936917
STP,1993,32560.9414837445
STP,1992,32876.779635074
STP,1991,33195.4076460194
SAU,2025,130783.153112104
SAU,2024,131865.382932906
SAU,2023,135453.064481547
SAU,2022,148001.848516468
SAU,2021,141331.550630386
SAU,2020,133717.552576812
SAU,2019,146096.648740083
SAU,2018,147831.4553836
SAU,2017,139472.121102325
SAU,2016,133235.493094795
SAU,2015,138413.719571836
SAU,2014,143555.830608274
SAU,2013,144885.645480236
SAU,2012,154332.620204285
SAU,2011,159509.908665508
SAU,2010,156202.015303807
SAU,2009,154289.007682373
SAU,2008,165479.13979327
SAU,2007,167599.902985025
SAU,2006,176068.924253012
SAU,2005,182019.905198995
SAU,2004,183263.854261298
SAU,2003,179612.651104512
SAU,2002,175351.559082816
SAU,2001,185410.721107547
SAU,2000,193948.808717326
SAU,1999,198124.311462547
SAU,1998,207868.778787028
SAU,1997,211126.387459074
SAU,1996,214932.329360518
SAU,1995,217708.884021071
SAU,1994,226966.022323468
SAU,1993,235070.128548143
SAU,1992,244990.120886524
SAU,1991,247290.272955487
SEN,2025,14820.9319741657
SEN,2024,14371.0684278785
SEN,2023,13907.2392559766
SEN,2022,13771.2301446104
SEN,2021,13883.4554922451
SEN,2020,13749.370762557
SEN,2019,13972.7002212812
SEN,2018,14600.4036964466
SEN,2017,15063.6101662168
SEN,2016,13381.120053481
SEN,2015,14701.8946609054
SEN,2014,14011.3583080798
SEN,2013,13376.1857735574
SEN,2012,13160.5607792054
SEN,2011,12718.3345034614
SEN,2010,12727.4785972438
SEN,2009,12477.7141467572
SEN,2008,12312.3291258725
SEN,2007,12039.9798719491
SEN,2006,11875.7710361923
SEN,2005,11884.6676606969
SEN,2004,11692.4724167521
SEN,2003,11459.2171702251
SEN,2002,11153.588063362
SEN,2001,11441.6477091803
SEN,2000,11259.9913826109
SEN,1999,11132.4333444635
SEN,1998,10764.52489227
SEN,1997,10436.0705435294
SEN,1996,10409.4534512987
SEN,1995,10492.9850273918
SEN,1994,10255.5200588843
SEN,1993,10572.0822793697
SEN,1992,10769.1295099409
SEN,1991,10963.6485075092
SRB,2025,58609.3157964211
SRB,2024,57204.8842740871
SRB,2023,56381.7448394705
SRB,2022,55088.2777048133
SRB,2021,53929.8089053533
SRB,2020,51584.9222874578
SRB,2019,51858.5327536759
SRB,2018,50664.1861936401
SRB,2017,48949.3064883671
SRB,2016,49119.7605919182
SRB,2015,50509.5397510226
SRB,2014,50184.0966056026
SRB,2013,53226.9494295984
SRB,2012,55091.443682405
SRB,2011,54798.3197907932
SRB,2010,51992.0843369777
SRB,2009,47894.9121542621
SRB,2008,46268.5031338472
SRB,2007,45624.878286066
SRB,2006,43779.4423213487
SRB,2005,41828.3257805136
SRB,2004,38055.2210479744
SRB,2003,34009.2875817989
SRB,2002,31807.8696958787
SRB,2001,29369.8362500658
SRB,2000,27266.4230009705
SRB,1999,25836.6128935096
SRB,1998,29203.437587013
SRB,1997,27509.748004174
SRB,1996,24722.911655112
SRB,1995,23107.2775691911
SLE,2025,9855.22548423755
SLE,2024,9639.78290822431
SLE,2023,9499.78180877377
SLE,2022,9251.77504400142
SLE,2021,9094.08626790179
SLE,2020,8892.65725030337
SLE,2019,9158.79610560687
SLE,2018,8927.35459191758
SLE,2017,8863.13791970206
SLE,2016,8783.30014626397
SLE,2015,8418.11966035474
SLE,2014,8964.30762604989
SLE,2013,9820.03669970204
SLE,2012,8677.44701811424
SLE,2011,7954.13327496023
SLE,2010,7457.23328352106
SLE,2009,7111.58127248357
SLE,2008,7098.14537189706
SLE,2007,6926.06821048308
SLE,2006,6732.11252759541
SLE,2005,6509.25067168682
SLE,2004,6309.58193537198
SLE,2003,6302.42309606753
SLE,2002,5997.03335012834
SLE,2001,5036.76505547802
SLE,2000,5696.03520015913
SLE,1999,5473.11450046142
SLE,1998,5601.25524184923
SLE,1997,5558.0635335731
SLE,1996,5972.19603386805
SLE,1995,5890.74137317952
SLE,1994,6413.85216758058
SLE,1993,6554.79789890586
SLE,1992,6442.50425273151
SLE,1991,7776.86283043573
SGP,2025,233454.414823053
SGP,2024,226351.971278115
SGP,2023,220446.369323618
SGP,2022,227908.380077652
SGP,2021,226321.530946985
SGP,2020,201622.573929527
SGP,2019,205644.674663117
SGP,2018,208218.849329945
SGP,2017,203131.771320104
SGP,2016,194001.687522818
SGP,2015,188139.292182386
SGP,2014,187829.195163909
SGP,2013,185929.251019997
SGP,2012,180162.136890054
SGP,2011,179314.8715033
SGP,2010,173585.460873449
SGP,2009,159805.531598149
SGP,2008,162146.209253484
SGP,2007,172112.710836812
SGP,2006,165626.6558626
SGP,2005,162036.908665786
SGP,2004,157517.236003595
SGP,2003,145709.33591531
SGP,2002,137417.486768851
SGP,2001,129331.804950309
SGP,2000,134792.179667078
SGP,1999,127867.652370553
SGP,1998,120566.604620688
SGP,1997,127695.242529564
SGP,1996,124924.719261218
SGP,1995,122413.097807503
SGP,1994,119285.170344838
SGP,1993,112012.934677221
SGP,1992,103816.825890508
SGP,1991,100323.078449021
SVK,2025,84278.1155242032
SVK,2024,83095.5459766658
SVK,2023,81556.695118036
SVK,2022,80127.8281703934
SVK,2021,81338.8479848963
SVK,2020,78296.9134493432
SVK,2019,78700.4211071515
SVK,2018,77377.1689359368
SVK,2017,75418.0777035507
SVK,2016,74409.1588124497
SVK,2015,74993.1779279265
SVK,2014,71207.465506403
SVK,2013,72238.8180640771
SVK,2012,71708.7069455236
SVK,2011,70940.9243423101
SVK,2010,69855.5846073124
SVK,2009,63914.9534408356
SVK,2008,65474.0396158071
SVK,2007,64076.1364078019
SVK,2006,59264.7105485183
SVK,2005,56199.8739867506
SVK,2004,53779.6410682982
SVK,2003,50734.7206938883
SVK,2002,49596.6759918611
SVK,2001,47984.5002237496
SVK,2000,46981.5276194675
SVK,1999,45855.3449742624
SVK,1998,44657.8648839102
SVK,1997,42708.7453247949
SVK,1996,40290.1325908237
SVK,1995,39333.6745259679
SVK,1994,37762.2258558863
SVK,1993,34069.1779364451
SVK,1992,32712.9050389159
SVK,1991,34235.3264049902
SVN,2025,102991.800040798
SVN,2024,102229.750955684
SVN,2023,100843.92078324
SVN,2022,97780.9067465825
SVN,2021,97338.6107781931
SVN,2020,91100.5536864759
SVN,2019,94127.7333204188
SVN,2018,91309.8030020438
SVN,2017,89689.6864278358
SVN,2016,89167.3186275044
SVN,2015,86288.3024537412
SVN,2014,84493.0379831337
SVN,2013,82888.5718689628
SVN,2012,82103.9532295232
SVN,2011,83509.3630077662
SVN,2010,80504.4228001457
SVN,2009,78329.168147963
SVN,2008,83927.1926750832
SVN,2007,81423.4909405928
SVN,2006,78139.8272622519
SVN,2005,74772.5914552501
SVN,2004,72242.6390693063
SVN,2003,72678.0657430387
SVN,2002,68368.5866818627
SVN,2001,67075.2892295276
SVN,2000,66756.678822076
SVN,1999,64544.6075314563
SVN,1998,60480.2821654065
SVN,1997,59349.8544492191
SVN,1996,57757.1206555938
SVN,1995,56466.5105997721
SVN,1994,55062.9246921693
SVN,1993,52569.5346055181
SVN,1992,50782.9206787102
SVN,1991,53409.5168706048
SLB,2025,4519.00703858819
SLB,2024,4495.65159615085
SLB,2023,4497.27906386889
SLB,2022,4507.58155221379
SLB,2021,4758.61258137974
SLB,2020,4934.2047850713
SLB,2019,5190.42440863795
SLB,2018,5263.36158137491
SLB,2017,5327.57070151406
SLB,2016,5377.15437620215
SLB,2015,5296.16453551966
SLB,2014,5425.44909098419
SLB,2013,5585.51896239114
SLB,2012,5538.73888831247
SLB,2011,5647.53979896018
SLB,2010,5481.01409827991
SLB,2009,5158.56909603181
SLB,2008,5113.92465061643
SLB,2007,4899.09084594073
SLB,2006,4817.22988018098
SLB,2005,4718.70275010044
SLB,2004,4490.31600363985
SLB,2003,4268.96961428392
SLB,2002,4115.63437581771
SLB,2001,4350.29439946791
SLB,2000,4866.34725875025
SLB,1999,5880.71819274133
SLB,1998,6113.60527580825
SLB,1997,6237.5193802394
SLB,1996,6515.60445645919
SLB,1995,6637.2235568713
SLB,1994,6217.54497481309
SLB,1993,5942.23703748837
SLB,1992,5917.07838881195
SLB,1991,5426.10657524953
SOM,2025,9574.58728253095
SOM,2024,9603.9202356103
SOM,2023,9565.80206932987
SOM,2022,9509.52737673266
SOM,2021,9684.72649880016
SOM,2020,9703.22857759117
SOM,2019,10212.912279554
SOM,2018,10304.646151794
SOM,2017,10446.4933287658
SOM,2016,9497.11188393255
SOM,2015,9216.24414913118
SOM,2014,8654.55641144456
SOM,2013,8245.53762674959
SOM,2012,7696.48370394014
SOM,2011,7311.71493051009
SOM,2010,6931.45399899396
SOM,2009,6668.90770984383
SOM,2008,6416.49405027566
SOM,2007,6189.55850480299
SOM,2006,5965.05377045446
SOM,2005,5746.61294105821
SOM,2004,5534.06939761601
SOM,2003,5348.97288027778
SOM,2002,5149.88358435496
SOM,2001,4962.06743000824
SOM,2000,4816.40078510071
SOM,1999,4684.21312830304
SOM,1998,4537.55368919759
SOM,1997,4435.08698129936
SOM,1996,4564.9866511655
SOM,1995,4380.65412575964
SOM,1994,4380.11761031464
SOM,1993,5551.54200463921
SOM,1992,5502.71946394143
SOM,1991,5734.76881662348
ZAF,2025,48694.0639219057
ZAF,2024,48752.0959349709
ZAF,2023,49595.87018629
ZAF,2022,52339.7859434345
ZAF,2021,54304.1684288751
ZAF,2020,50731.5758949678
ZAF,2019,50027.0502468781
ZAF,2018,50033.6304541997
ZAF,2017,50294.5566240456
ZAF,2016,50336.1073759664
ZAF,2015,49639.4778358874
ZAF,2014,51147.5088687265
ZAF,2013,51415.2343815344
ZAF,2012,51826.9379174847
ZAF,2011,51798.886065775
ZAF,2010,50970.7683274615
ZAF,2009,47937.2074335112
ZAF,2008,47128.2244652394
ZAF,2007,46239.8605134344
ZAF,2006,44536.7591722291
ZAF,2005,42877.0987817891
ZAF,2004,41408.5772730647
ZAF,2003,40332.1733707017
ZAF,2002,39833.9064310103
ZAF,2001,39151.7242756498
ZAF,2000,38857.887144065
ZAF,1999,38006.9894680618
ZAF,1998,37768.1523471464
ZAF,1997,38239.1003109132
ZAF,1996,37813.228256288
ZAF,1995,36807.3271923463
ZAF,1994,36188.2220390583
ZAF,1993,35799.3585406111
ZAF,1992,36246.3139087102
ZAF,1991,37530.8395767866
ESP,2025,109693.10393965
ESP,2024,108590.270486656
ESP,2023,107873.575596821
ESP,2022,108027.315744828
ESP,2021,105480.455434457
ESP,2020,101656.794523899
ESP,2019,110743.211960685
ESP,2018,111147.640456212
ESP,2017,111039.894016921
ESP,2016,111018.756501687
ESP,2015,110847.546671343
ESP,2014,109657.825872193
ESP,2013,109378.027702569
ESP,2012,108128.067268388
ESP,2011,106564.413562907
ESP,2010,105496.685589011
ESP,2009,103355.32638564
ESP,2008,100427.955307098
ESP,2007,99084.3001525231
ESP,2006,98510.0326767351
ESP,2005,98615.2637782736
ESP,2004,101033.373963865
ESP,2003,101594.938099871
ESP,2002,102541.142113389
ESP,2001,103432.487933829
ESP,2000,102839.028457503
ESP,1999,102587.967300101
ESP,1998,103950.523303853
ESP,1997,103736.09201707
ESP,1996,103963.913287264
ESP,1995,103689.693797435
ESP,1994,103737.497354219
ESP,1993,100713.399301306
ESP,1992,97632.3135924592
ESP,1991,96046.8842993591
LKA,2025,39988.8545725599
LKA,2024,38010.9321602872
LKA,2023,37185.7305462558
LKA,2022,36097.5004204639
LKA,2021,39270.6983832139
LKA,2020,37906.4919859032
LKA,2019,38492.3046053006
LKA,2018,39219.2582952719
LKA,2017,37122.9679143031
LKA,2016,35636.0161074628
LKA,2015,34542.3930421779
LKA,2014,34747.4705504313
LKA,2013,32760.2341101367
LKA,2012,30279.0206595348
LKA,2011,28047.8021133327
LKA,2010,25979.5614457736
LKA,2009,24392.2385728022
LKA,2008,23471.1755705192
LKA,2007,22407.0752938025
LKA,2006,21178.7045861723
LKA,2005,19994.4429067727
LKA,2004,19038.3392247076
LKA,2003,18110.0522988802
LKA,2002,17301.7181427415
LKA,2001,16658.0637351406
LKA,2000,17177.0060788637
LKA,1999,16291.0784966938
LKA,1998,15635.6758078986
LKA,1997,16553.1450066094
LKA,1996,16048.1001660077
LKA,1995,16203.327292049
LKA,1994,15298.4827255005
LKA,1993,15079.9122559051
LKA,1992,14598.7818998364
LKA,1991,13831.3002511561
LCA,2025,47901.1226778554
LCA,2024,48885.3675771762
LCA,2023,47748.5129570224
LCA,2022,47956.4737054649
LCA,2021,45085.2719765414
LCA,2020,52817.4077870685
LCA,2019,47775.0261481896
LCA,2018,50127.679535321
LCA,2017,49400.3478303542
LCA,2016,48757.7114799785
LCA,2015,48236.3540692288
LCA,2014,49250.3730263789
LCA,2013,49621.4794857771
LCA,2012,49368.3500563442
LCA,2011,51472.8607632012
LCA,2010,49272.5899582355
LCA,2009,49105.7167833112
LCA,2008,50070.4583442656
LCA,2007,49530.2326663666
LCA,2006,51030.0525729306
LCA,2005,50794.3238995955
LCA,2004,53683.590068299
LCA,2003,52008.8408054335
LCA,2002,49907.6305596402
LCA,2001,49742.2084024845
LCA,2000,51528.684341073
LCA,1999,54158.0503103993
LCA,1998,56990.161805762
LCA,1997,54467.1400153165
LCA,1996,53435.4920623684
LCA,1995,52854.4965723938
LCA,1994,53886.8601273462
LCA,1993,54083.3037528051
LCA,1992,54827.2486433992
LCA,1991,51930.0701722789
VCT,2025,44223.8100817746
VCT,2024,42666.2700857994
VCT,2023,41132.2980235692
VCT,2022,39533.9272710815
VCT,2021,39103.3773315739
VCT,2020,38396.1924852521
VCT,2019,38761.411312799
VCT,2018,38321.0602059312
VCT,2017,37127.3047331029
VCT,2016,36540.6341287132
VCT,2015,35145.9125091733
VCT,2014,34253.3205008117
VCT,2013,33923.8083426373
VCT,2012,33338.0841026269
VCT,2011,33043.5681322145
VCT,2010,33235.9736425611
VCT,2009,34607.1218985937
VCT,2008,34980.585277694
VCT,2007,35091.8569166046
VCT,2006,34298.8301105403
VCT,2005,32461.502040268
VCT,2004,31974.4734500667
VCT,2003,31189.6233691892
VCT,2002,29831.9119425729
VCT,2001,28832.9352636135
VCT,2000,28458.2812518317
VCT,1999,28098.6712642626
VCT,1998,27596.7004116492
VCT,1997,26680.1937233294
VCT,1996,26171.6528050873
VCT,1995,26070.7157258706
VCT,1994,24577.5842529598
VCT,1993,25187.9908071859
VCT,1992,24605.0403017481
VCT,1991,23693.8172500528
SDN,2022,15276.6478826748
SDN,2021,16197.4562157449
SDN,2020,16868.6708901479
SDN,2019,17437.856962261
SDN,2018,18157.5480118438
SDN,2017,19158.7336548473
SDN,2016,19533.651797925
SDN,2015,19295.2157833729
SDN,2014,19436.3673636552
SDN,2013,18945.6521740639
SDN,2012,18823.9378162895
SDN,2011,22880.4863142985
SDN,2010,23496.8911267325
SDN,2009,22659.2327853832
SDN,2008,24900.5147260371
SDN,2007,24510.9852837516
SDN,2006,23667.9201658436
SDN,2005,22651.2687760257
SDN,2004,21839.0082824751
SDN,2003,21128.2430377386
SDN,2002,20243.5362109791
SDN,2001,19510.9594954737
SDN,2000,18724.5344948726
SDN,1999,17951.1797941413
SDN,1998,17787.64973467
SDN,1997,17438.3961341464
SDN,1996,15088.1288661523
SDN,1995,14692.4390194628
SDN,1994,14328.2714124185
SDN,1993,14616.7785397925
SDN,1992,14380.8716331409
SDN,1991,13802.8160592918
SUR,2025,52264.8407955744
SUR,2024,51861.805297442
SUR,2023,51933.316420885
SUR,2022,51707.7980671095
SUR,2021,51693.8670148933
SUR,2020,54441.8198866423
SUR,2019,60708.0150618
SUR,2018,60971.0092095587
SUR,2017,59194.0538938199
SUR,2016,59232.312416997
SUR,2015,63454.8616987805
SUR,2014,67244.1058361484
SUR,2013,68612.482996511
SUR,2012,69542.5231271977
SUR,2011,69081.1196876739
SUR,2010,66674.6955622973
SUR,2009,66124.4440883644
SUR,2008,65877.5055784179
SUR,2007,64915.4316104458
SUR,2006,63327.1771320726
SUR,2005,61385.497808355
SUR,2004,60241.0816284759
SUR,2003,57752.3505994575
SUR,2002,56983.0201361508
SUR,2001,58261.1695870965
SUR,2000,58866.5230734464
SUR,1999,60742.9673440933
SUR,1998,61105.9495224689
SUR,1997,61250.219097443
SUR,1996,59635.115698101
SUR,1995,58839.1425925161
SUR,1994,63047.3646634586
SUR,1993,63761.7526204112
SUR,1992,69687.8318783736
SUR,1991,69869.7727714334
SWE,2025,128980.314983461
SWE,2024,127084.659688027
SWE,2023,125143.49408177
SWE,2022,126821.495586221
SWE,2021,129037.123728179
SWE,2020,122849.572984249
SWE,2019,123440.205383722
SWE,2018,121051.767141863
SWE,2017,120872.957604706
SWE,2016,120967.049346379
SWE,2015,120542.677073658
SWE,2014,117149.280792879
SWE,2013,115595.943735925
SWE,2012,115514.540704049
SWE,2011,116458.33399278
SWE,2010,115271.128109236
SWE,2009,109370.416252891
SWE,2008,111851.747214179
SWE,2007,114212.039802497
SWE,2006,113519.271497699
SWE,2005,110492.71719812
SWE,2004,108409.99539502
SWE,2003,103119.437653239
SWE,2002,101172.377479844
SWE,2001,99139.2418304109
SWE,2000,100136.570905304
SWE,1999,97289.0769811106
SWE,1998,95718.6044210018
SWE,1997,92478.1536184914
SWE,1996,88636.2442295703
SWE,1995,86407.2398077376
SWE,1994,84695.7878511934
SWE,1993,80646.2318486357
SWE,1992,77666.386741505
SWE,1991,75170.7745446706
CHE,2025,158634.203105367
CHE,2024,156520.582880373
CHE,2023,155211.896002234
CHE,2022,157014.08399453
CHE,2021,152866.933464884
CHE,2020,144209.957441468
CHE,2019,147191.050373081
CHE,2018,146484.608379945
CHE,2017,142920.136534742
CHE,2016,142073.930547761
CHE,2015,141656.686023525
CHE,2014,141764.507946786
CHE,2013,140686.381862556
CHE,2012,139506.794699369
CHE,2011,139596.239299752
CHE,2010,140990.34201626
CHE,2009,134589.957244872
CHE,2008,138312.587824328
CHE,2007,138559.98351986
CHE,2006,135940.182827212
CHE,2005,133082.877705626
CHE,2004,129718.549676165
CHE,2003,126299.707123254
CHE,2002,126520.903918113
CHE,2001,126849.307461152
CHE,2000,127174.788481847
CHE,1999,123255.597501629
CHE,1998,122338.020529809
CHE,1997,121145.402974562
CHE,1996,118266.121576726
CHE,1995,123507.245166014
CHE,1994,120128.906296176
CHE,1993,114395.50390562
CHE,1992,116750.212776965
CHE,1991,118421.924006368
SYR,2022,20776.3881049384
SYR,2021,23123.2871861623
SYR,2020,24144.3734554733
SYR,2019,23530.8034560267
SYR,2018,24954.6503822586
SYR,2017,25687.8190971821
SYR,2016,26376.165725359
SYR,2015,28171.4879577206
SYR,2014,27954.8935078788
SYR,2013,28206.646628656
SYR,2012,34019.4365690926
SYR,2011,38873.7034084692
SYR,2010,39124.4658446198
SYR,2009,37744.7452452538
SYR,2008,36743.0022556519
SYR,2007,35166.9673657607
SYR,2006,34827.5857288234
SYR,2005,34838.8771084214
SYR,2004,33688.12261637
SYR,2003,32369.875600085
SYR,2002,32874.5912487773
SYR,2001,31172.3507553352
SYR,2000,29803.7381999676
SYR,1999,30312.914214124
SYR,1998,32826.1973505078
SYR,1997,31899.0533114771
SYR,1996,31512.8130900313
SYR,1995,29815.2014909367
SYR,1994,28523.6501849098
SYR,1993,27175.4065391023
SYR,1992,26480.1498530438
SYR,1991,24267.8868889718
TJK,2025,22156.321197434
TJK,2024,20931.9737955804
TJK,2023,19890.2163667493
TJK,2022,18899.5507034732
TJK,2021,18358.2870125621
TJK,2020,17237.119306911
TJK,2019,16598.9432128389
TJK,2018,15457.0394201962
TJK,2017,14372.7897249205
TJK,2016,13476.1691996724
TJK,2015,12808.8099399097
TJK,2014,12283.1364372551
TJK,2013,11713.3927811314
TJK,2012,11099.6737762504
TJK,2011,10487.1989953161
TJK,2010,9903.29134459838
TJK,2009,9438.74661285108
TJK,2008,8683.67103969021
TJK,2007,7714.62691286647
TJK,2006,7089.89217192551
TJK,2005,6523.11109567136
TJK,2004,6051.17013402615
TJK,2003,5467.60649801123
TJK,2002,5091.01318285042
TJK,2001,4737.33408282116
TJK,2000,4485.51657066743
TJK,1999,4261.47044694682
TJK,1998,4191.37307901205
TJK,1997,4024.16651536417
TJK,1996,4031.92639479381
TJK,1995,4919.42565185168
TJK,1994,5712.18712163178
TJK,1993,7318.77435089215
TJK,1992,8742.03586138214
TJK,1991,12483.5093848634
TZA,2025,7791.343439682
TZA,2024,7595.35845335691
TZA,2023,7430.8615438717
TZA,2022,7305.31791811677
TZA,2021,7248.51600925229
TZA,2020,7261.76041830374
TZA,2019,7274.90077094387
TZA,2018,7108.02916427693
TZA,2017,6979.91741734504
TZA,2016,6796.21368620229
TZA,2015,6618.40353143629
TZA,2014,6474.79764555637
TZA,2013,6281.01952660532
TZA,2012,6055.94923638043
TZA,2011,5954.74407303607
TZA,2010,5634.53688244161
TZA,2009,5366.17027402433
TZA,2008,5194.8186689816
TZA,2007,5025.48236399246
TZA,2006,4819.30039109937
TZA,2005,4656.76064231154
TZA,2004,4460.78008758216
TZA,2003,4273.59486294264
TZA,2002,4126.74721489139
TZA,2001,3968.23070237286
TZA,2000,3850.28216673622
TZA,1999,3800.0480755012
TZA,1998,3728.95539947797
TZA,1997,3698.75841734892
TZA,1996,3643.14042647951
TZA,1995,3546.21419672427
TZA,1994,3561.48871863877
TZA,1993,3686.36411291977
TZA,1992,3778.16146210412
TZA,1991,3859.73525076099
THA,2025,39617.3670905531
THA,2024,38538.4223127605
THA,2023,37168.6707588478
THA,2022,36903.0338471823
THA,2021,36335.2883323061
THA,2020,35902.0728137991
THA,2019,38370.3242592177
THA,2018,37368.4982232567
THA,2017,36305.2193622205
THA,2016,34710.0271303221
THA,2015,33365.4704793317
THA,2014,32385.4406276855
THA,2013,32195.5936357546
THA,2012,30558.8546560338
THA,2011,28701.1470964822
THA,2010,29422.6444405242
THA,2009,27486.1732824265
THA,2008,27915.7615682074
THA,2007,27795.0098520255
THA,2006,26865.9946057178
THA,2005,25778.6036188005
THA,2004,25133.4651698601
THA,2003,23993.8156533836
THA,2002,22706.8585554732
THA,2001,21822.0204125852
THA,2000,21430.6583782671
THA,1999,21074.6819137112
THA,1998,20308.0087962152
THA,1997,21585.3902434971
THA,1996,22672.5503559885
THA,1995,21983.9457877319
THA,1994,20903.4694707901
THA,1993,19802.0468154612
THA,1992,18688.0185463132
THA,1991,17949.9831028792
TLS,2025,9322.50664998742
TLS,2024,8920.75492672962
TLS,2023,10044.1785623957
TLS,2022,12523.5136471717
TLS,2021,16285.0416246527
TLS,2020,16084.6551626888
TLS,2019,12491.0714011497
TLS,2018,10308.0569235473
TLS,2017,10739.808442394
TLS,2016,11514.0160608119
TLS,2015,11392.1764771331
TLS,2014,11435.3261188452
TLS,2013,11243.5725814198
TLS,2012,11199.9611154702
TLS,2011,10953.0073082794
TLS,2010,10587.3145122224
TLS,2009,9902.63473712035
TLS,2008,9203.77492352971
TLS,2007,8445.7269821104
TLS,2006,7830.50459637157
TLS,2005,8414.0040690247
TLS,2004,8322.92189620071
TLS,2003,8397.17020949583
TLS,2002,8973.42680382922
TLS,2001,10501.6380677012
TLS,2000,9806.46747543648
TLS,1999,5328.5973424577
TLS,1998,7468.21657312184
TLS,1997,7853.97515092237
TLS,1996,7757.07552746256
TLS,1995,7358.83044786129
TLS,1994,7069.51539119752
TLS,1993,6760.85042750656
TLS,1992,6278.17095043318
TLS,1991,5814.34024441765
TGO,2025,10321.4660755971
TGO,2024,9975.81049200505
TGO,2023,9617.29512241221
TGO,2022,9256.97424859279
TGO,2021,8900.50183160307
TGO,2020,8590.72074931952
TGO,2019,8412.66612187447
TGO,2018,8227.7476010898
TGO,2017,8133.92274493815
TGO,2016,8004.90327582448
TGO,2015,7862.28163131773
TGO,2014,7678.65676075462
TGO,2013,7477.3382934835
TGO,2012,7257.76000546913
TGO,2011,7005.6484718322
TGO,2010,6810.47549089825
TGO,2009,6610.95304645485
TGO,2008,6439.70570079201
TGO,2007,6371.43156105404
TGO,2006,6633.71616574234
TGO,2005,6626.55852342484
TGO,2004,7140.91208423775
TGO,2003,7436.04040091754
TGO,2002,7204.95583932329
TGO,2001,7168.28252820083
TGO,2000,7347.47362932084
TGO,1999,7625.01653156407
TGO,1998,7634.04080277831
TGO,1997,7940.1026358592
TGO,1996,7190.64445753735
TGO,1995,7044.89078128749
TGO,1994,7071.73181481746
TGO,1993,6136.44425618542
TGO,1992,6960.37652596765
TGO,1991,7473.66259346752
TON,2025,23337.0433074774
TON,2024,22590.3477537981
TON,2023,21947.3291776321
TON,2022,21020.9985789626
TON,2021,21183.7884210066
TON,2020,21326.237509723
TON,2019,20487.2524175118
TON,2018,20451.0555193183
TON,2017,20282.6197499967
TON,2016,19524.0194208583
TON,2015,18158.0835668226
TON,2014,17808.0323657208
TON,2013,17307.8037369743
TON,2012,17122.7212846433
TON,2011,16896.4904901292
TON,2010,15803.1287473791
TON,2009,15673.4933662147
TON,2008,16529.7399028928
TON,2007,15802.6137748649
TON,2006,16210.5944595471
TON,2005,16815.9611509139
TON,2004,17173.4218652874
TON,2003,17785.1569489372
TON,2002,17725.1097755322
TON,2001,16979.5124163164
TON,2000,16749.5548336936
TON,1999,16212.257838547
TON,1998,15931.846916688
TON,1997,15666.7286869225
TON,1996,15768.1271832656
TON,1995,15671.6634725147
TON,1994,14708.1645027308
TON,1993,14260.264480451
TON,1992,14061.4197897887
TON,1991,14346.3792837555
TTO,2025,68866.5200936188
TTO,2024,69121.501784074
TTO,2023,66442.9157225149
TTO,2022,67533.9645967989
TTO,2021,67953.8204750095
TTO,2020,67309.519602817
TTO,2019,71023.2557200008
TTO,2018,70566.5234809391
TTO,2017,71063.0871206003
TTO,2016,74268.8083310684
TTO,2015,78784.4389422501
TTO,2014,78458.415648879
TTO,2013,76505.9357598293
TTO,2012,75282.3613068475
TTO,2011,71791.4624263795
TTO,2010,72012.0287290614
TTO,2009,69996.2800946186
TTO,2008,72083.2475921535
TTO,2007,70819.0278970628
TTO,2006,68208.3447285114
TTO,2005,61973.812460897
TTO,2004,57796.1627259338
TTO,2003,56582.4587531515
TTO,2002,51058.9464087448
TTO,2001,48338.8615128008
TTO,2000,47848.4003664516
TTO,1999,46025.8346701567
TTO,1998,43934.3097405427
TTO,1997,41889.1604693197
TTO,1996,40388.9521331652
TTO,1995,39355.5845047877
TTO,1994,39761.5146142294
TTO,1993,40403.6711011276
TTO,1992,41275.5614477103
TTO,1991,37719.7418373107
TUN,2025,44362.9896466338
TUN,2024,43673.3131523889
TUN,2023,43076.8101472162
TUN,2022,42974.6356205868
TUN,2021,43981.9659373785
TUN,2020,42585.6211185966
TUN,2019,42968.1278027622
TUN,2018,42754.8526031271
TUN,2017,42959.2209256569
TUN,2016,42287.3925495485
TUN,2015,42196.4494655639
TUN,2014,41634.6189530214
TUN,2013,41437.8988100165
TUN,2012,41283.1042208052
TUN,2011,40905.840889661
TUN,2010,39853.0432652271
TUN,2009,39528.4325569976
TUN,2008,38785.0346516949
TUN,2007,37877.5376839527
TUN,2006,36224.6414134002
TUN,2005,35451.020620504
TUN,2004,35202.2272206946
TUN,2003,33663.7257949738
TUN,2002,32598.9865290413
TUN,2001,32577.783471994
TUN,2000,32066.6006220316
TUN,1999,31211.370908681
TUN,1998,30005.9058143996
TUN,1997,29279.6657643469
TUN,1996,28539.9444889617
TUN,1995,27442.082386324
TUN,1994,27434.586799753
TUN,1993,27355.5702973345
TUN,1992,27490.5037785544
TUN,1991,26388.249339996
TUR,2025,94941.9657873127
TUR,2024,93114.9478117046
TUR,2023,92879.6081132764
TUR,2022,90689.4498626247
TUR,2021,91634.5087235411
TUR,2020,87565.2962580847
TUR,2019,81669.732509391
TUR,2018,79009.088365638
TUR,2017,78129.1890317527
TUR,2016,74788.5839730779
TUR,2015,74170.6563600224
TUR,2014,72219.3913488509
TUR,2013,69779.0365397938
TUR,2012,66289.9570660681
TUR,2011,64927.27453186
TUR,2010,62432.6091262629
TUR,2009,61367.1483248039
TUR,2008,64872.1629656488
TUR,2007,65872.9551764736
TUR,2006,62998.2184530261
TUR,2005,59833.3975027674
TUR,2004,56017.2773429677
TUR,2003,49507.1506142164
TUR,2002,46355.9188665891
TUR,2001,43221.0069252536
TUR,2000,45584.2068227559
TUR,1999,41768.9435598457
TUR,1998,43582.9871732248
TUR,1997,43936.4246246947
TUR,1996,40893.139639396
TUR,1995,39245.9096770481
TUR,1994,37315.8444727336
TUR,1993,42244.3626473205
TUR,1992,37294.8188322951
TUR,1991,35635.4178977004
TKM,2025,69785.165460987
TKM,2024,66630.3194098782
TKM,2023,64211.9091278509
TKM,2022,61235.1605916005
TKM,2021,59602.0372806805
TKM,2020,57276.2921225768
TKM,2019,53168.582598531
TKM,2018,50638.8200091719
TKM,2017,48329.1962290316
TKM,2016,46043.8733945291
TKM,2015,44014.5935043715
TKM,2014,42003.9189611794
TKM,2013,38493.5624289563
TKM,2012,35350.8133064535
TKM,2011,32159.3406153081
TKM,2010,28122.633324575
TKM,2009,26077.4141660428
TKM,2008,25264.4117563189
TKM,2007,22233.5990810061
TKM,2006,20351.0008320768
TKM,2005,18645.0756026593
TKM,2004,16695.9240599358
TKM,2003,16423.4438005303
TKM,2002,16517.9255068851
TKM,2001,17257.7415976697
TKM,2000,17155.8301842146
TKM,1999,16846.5574928405
TKM,1998,14267.6600510762
TKM,1997,13312.1176801303
TKM,1996,15932.9422971156
TKM,1995,14750.6737164658
TKM,1994,16062.1136860843
TKM,1993,20398.6654059876
TKM,1992,20626.2633084961
TKM,1991,25984.8795913726
UGA,2025,6731.19062119917
UGA,2024,6557.70012726979
UGA,2023,6399.53934394348
UGA,2022,6295.17346868265
UGA,2021,6342.84785673134
UGA,2020,6516.14651727212
UGA,2019,6622.04264637247
UGA,2018,6730.03841179367
UGA,2017,6913.33514383975
UGA,2016,6801.54531565971
UGA,2015,6597.51012072694
UGA,2014,6363.12114136796
UGA,2013,5706.02178602872
UGA,2012,7003.53712533513
UGA,2011,6080.20387526012
UGA,2010,6285.30827600109
UGA,2009,6136.18030800903
UGA,2008,5889.2481847715
UGA,2007,5561.46545084296
UGA,2006,5261.14448504203
UGA,2005,4868.21193417651
UGA,2004,4749.5401063229
UGA,2003,4621.17196909177
UGA,2002,4474.10918960665
UGA,2001,4243.15164946361
UGA,2000,4154.3321400869
UGA,1999,4148.88125323841
UGA,1998,3959.93059885244
UGA,1997,3869.93509787525
UGA,1996,3776.66215571844
UGA,1995,3540.59462580458
UGA,1994,3254.33472038915
UGA,1993,3159.29841870411
UGA,1992,3018.36649805446
UGA,1991,3014.86244980869
UKR,2021,40308.3359337474
UKR,2020,38230.1090531997
UKR,2019,38113.50342085
UKR,2018,36994.8441693595
UKR,2017,35835.7324026933
UKR,2016,34764.1061245004
UKR,2015,33665.0529979992
UKR,2014,37122.0009450865
UKR,2013,40102.5345992779
UKR,2012,40064.1662922271
UKR,2011,39982.1535587709
UKR,2010,37858.5415954264
UKR,2009,36508.2714615468
UKR,2008,41696.2163503258
UKR,2007,40610.3686862221
UKR,2006,37938.4341889834
UKR,2005,35180.2255339618
UKR,2004,34408.9573808955
UKR,2003,30792.3208788232
UKR,2002,28349.3919213092
UKR,2001,27096.268044409
UKR,2000,24980.6855780883
UKR,1999,23523.8296178376
UKR,1998,23332.1637572052
UKR,1997,23047.9844846885
UKR,1996,23275.3761644069
UKR,1995,25118.8603251384
UKR,1994,27346.7237576983
UKR,1993,35263.9498069724
UKR,1992,41006.2323116804
UKR,1991,45539.577234714
ARE,2024,108203.125869474
ARE,2023,109489.471896034
ARE,2022,111830.253196399
ARE,2021,110017.442767849
ARE,2020,106218.512665931
ARE,2019,112569.169829402
ARE,2018,112814.735091849
ARE,2017,113429.280406242
ARE,2016,117888.55904053
ARE,2015,118101.849166545
ARE,2014,117135.149171225
ARE,2013,117923.92576279
ARE,2012,117618.478850841
ARE,2011,117506.130965458
ARE,2010,114511.467591155
ARE,2009,115658.965728035
ARE,2008,128950.137051008
ARE,2007,139943.930709359
ARE,2006,152915.25491894
ARE,2005,151251.672366537
ARE,2004,153624.198330879
ARE,2003,149965.33452765
ARE,2002,147785.560573777
ARE,2001,155357.283365073
ARE,2000,165450.417504227
ARE,1999,161688.634138978
ARE,1998,170504.039429247
ARE,1997,184687.731054897
ARE,1996,185610.198666506
ARE,1995,188717.427389576
ARE,1994,187760.551401676
ARE,1993,186764.059326927
ARE,1992,196745.745514583
ARE,1991,203362.377913656
GBR,2025,111234.498959095
GBR,2024,109554.239227626
GBR,2023,109037.687136597
GBR,2022,110004.020626255
GBR,2021,107011.545302469
GBR,2020,97746.3728201945
GBR,2019,107910.751056947
GBR,2018,107715.864286127
GBR,2017,107300.065208559
GBR,2016,105086.455806834
GBR,2015,104520.205920317
GBR,2014,104141.843210239
GBR,2013,103364.077068336
GBR,2012,102871.424729023
GBR,2011,102278.97721951
GBR,2010,101942.646412232
GBR,2009,99881.8787677923
GBR,2008,103042.448890441
GBR,2007,104019.470066172
GBR,2006,101824.698054627
GBR,2005,100651.743918469
GBR,2004,98890.8876200514
GBR,2003,97583.3954504872
GBR,2002,95474.8815670268
GBR,2001,94592.2972710626
GBR,2000,93310.7687107675
GBR,1999,90656.877236153
GBR,1998,89106.6572011694
GBR,1997,87315.7840861165
GBR,1996,84783.0454672139
GBR,1995,83471.6220541523
GBR,1994,81482.7066053456
GBR,1993,78161.698363803
GBR,1992,74505.2460618598
GBR,1991,72121.5768659814
USA,2025,156983.22001681
USA,2024,153968.886553244
USA,2023,150827.869327123
USA,2022,148959.870283952
USA,2021,149935.540213683
USA,2020,145940.104756445
USA,2019,140271.545740484
USA,2018,138638.99736626
USA,2017,136437.664930736
USA,2016,135282.589133594
USA,2015,135056.257529716
USA,2014,133298.680944968
USA,2013,132323.444376043
USA,2012,130925.888738129
USA,2011,130163.939063858
USA,2010,129300.85326488
USA,2009,125360.513238425
USA,2008,124001.390703376
USA,2007,123666.846359754
USA,2006,122270.864481253
USA,2005,121211.761298685
USA,2004,119164.091104977
USA,2003,116252.426485561
USA,2002,113411.338328407
USA,2001,111048.756208373
USA,2000,109946.336554319
USA,1999,107391.369476753
USA,1998,104222.309110857
USA,1997,101499.046972765
USA,1996,99458.7730332755
USA,1995,97559.2632463118
USA,1994,96909.4124236807
USA,1993,95602.7398815826
USA,1992,94656.6586266722
USA,1991,92238.2280828062
URY,2025,66348.466079699
URY,2024,65929.2678823463
URY,2023,64620.7142291067
URY,2022,65469.0453889693
URY,2021,64064.6130116691
URY,2020,63301.5594769644
URY,2019,64950.734824142
URY,2018,64120.9982585355
URY,2017,63606.2293655663
URY,2016,62339.5151271846
URY,2015,61097.6883439251
URY,2014,59740.7112898589
URY,2013,59065.2646290363
URY,2012,56452.4883512116
URY,2011,54104.1760114459
URY,2010,53643.3106352851
URY,2009,50029.0537731613
URY,2008,48981.7001724951
URY,2007,46782.2426971303
URY,2006,46157.6518055605
URY,2005,46970.9000771682
URY,2004,44376.5039919338
URY,2003,44553.0573937057
URY,2002,43686.8274332024
URY,2001,45409.3106930676
URY,2000,47163.2690443392
URY,1999,47454.0812224602
URY,1998,46907.7513304601
URY,1997,46458.5563737936
URY,1996,43542.206667657
URY,1995,41372.1174957974
URY,1994,42561.4051527976
URY,1993,40718.7048419727
URY,1992,39542.5455915204
URY,1991,37006.5590972371
UZB,2025,30845.4060658041
UZB,2024,28947.8681441359
UZB,2023,27562.244583748
UZB,2022,26371.2607969735
UZB,2021,26215.3414438402
UZB,2020,24754.1160782119
UZB,2019,24106.8643733562
UZB,2018,23020.1613155508
UZB,2017,22206.8164302846
UZB,2016,21360.9092769199
UZB,2015,20359.0028081793
UZB,2014,19208.3183601861
UZB,2013,18135.712111135
UZB,2012,17127.9528649508
UZB,2011,16353.9715294641
UZB,2010,15560.8706623011
UZB,2009,14729.5661849895
UZB,2008,14061.0822470598
UZB,2007,13215.450837491
UZB,2006,12471.389874317
UZB,2005,11961.9319083325
UZB,2004,11538.3242167663
UZB,2003,11095.9425426111
UZB,2002,10989.3659992078
UZB,2001,10924.7023582862
UZB,2000,10853.2128517081
UZB,1999,10783.5942724367
UZB,1998,10598.9236450411
UZB,1997,10115.5520267523
UZB,1996,9808.87122023856
UZB,1995,9514.59558578333
UZB,1994,9772.61418484434
UZB,1993,10333.2077824946
UZB,1992,10666.7860361206
UZB,1991,12268.254906376
VUT,2025,11299.5989870168
VUT,2024,11221.0884348432
VUT,2023,11108.834932027
VUT,2022,10785.3416894457
VUT,2021,10467.4045977178
VUT,2020,10809.8935902564
VUT,2019,11796.2667904994
VUT,2018,11539.991278724
VUT,2017,11367.6463959735
VUT,2016,11011.1795131571
VUT,2015,10721.646315212
VUT,2014,10452.8795206205
VUT,2013,10228.1870860045
VUT,2012,10279.9834924397
VUT,2011,10285.9805929433
VUT,2010,10093.5610458268
VUT,2009,9712.73547290753
VUT,2008,9384.50451262976
VUT,2007,8908.48102887679
VUT,2006,8723.79473655358
VUT,2005,8308.9168102428
VUT,2004,8179.80053002055
VUT,2003,8154.13786082836
VUT,2002,8082.4333912544
VUT,2001,8828.53096019406
VUT,2000,9465.57965463369
VUT,1999,9222.43095525418
VUT,1998,9461.44292062319
VUT,1997,9626.68058134783
VUT,1996,9418.04416004105
VUT,1995,9463.52851679741
VUT,1994,9619.23163981653
VUT,1993,8971.1065104188
VUT,1992,8981.209050153
VUT,1991,8935.12857117118
VNM,2025,27957.3223642412
VNM,2024,26056.7259908215
VNM,2023,24493.0702822075
VNM,2022,23275.2478531629
VNM,2021,22082.4320174116
VNM,2020,21529.5499916683
VNM,2019,20457.7304210902
VNM,2018,18936.4394759814
VNM,2017,17973.3795572139
VNM,2016,17000.2147796543
VNM,2015,16009.8086878279
VNM,2014,15079.6514659694
VNM,2013,14358.5460599234
VNM,2012,13901.085479596
VNM,2011,13356.96664417
VNM,2010,12790.1549732578
VNM,2009,12348.6291101514
VNM,2008,12070.6347536496
VNM,2007,11834.8360506953
VNM,2006,11423.1477584099
VNM,2005,10992.795861109
VNM,2004,10469.6363832715
VNM,2003,9924.84251367157
VNM,2002,9417.31083011974
VNM,2001,9045.5527447064
VNM,2000,8850.58177078825
VNM,1999,8381.80432989862
VNM,1998,8139.39894929141
VNM,1997,7886.87065488603
VNM,1996,7331.08830495311
VNM,1995,6868.27868841903
VNM,1994,6422.50070512102
VNM,1993,6049.59319629879
VNM,1992,5741.15710086513
VNM,1991,5415.95178383185
VIR,2022,116146.463492296
VIR,2021,121206.545571773
VIR,2020,120072.689992657
VIR,2019,118933.410701635
VIR,2018,110359.840610783
VIR,2017,101192.572704584
VIR,2016,104299.519691841
VIR,2015,102509.84595617
VIR,2014,107846.512438866
VIR,2013,108441.487007935
VIR,2012,108814.824989588
VIR,2011,125505.905458229
VIR,2010,138110.718142018
VIR,2009,133273.911241275
VIR,2008,141104.797988921
VIR,2007,139544.235991147
VIR,2006,136610.98029871
VIR,2005,134224.535369162
VIR,2004,132722.898649839
VIR,2003,133833.939019031
VIR,2002,131593.226737778
PSE,2022,27595.5393534341
PSE,2021,29095.4811616882
PSE,2020,29457.487102834
PSE,2019,31366.6017895356
PSE,2018,32800.3816133074
PSE,2017,32602.3210556777
PSE,2016,32293.5879986927
PSE,2015,29955.3692675493
PSE,2014,30023.5554179328
PSE,2013,30944.365816376
PSE,2012,30282.9633210875
PSE,2011,29096.5261022712
PSE,2010,29747.9114146474
PSE,2009,29110.4844611127
PSE,2008,28825.875353198
PSE,2007,25963.0036797744
PSE,2006,27075.1472670138
PSE,2005,28728.1537562559
PSE,2004,28196.3674239082
PSE,2003,23573.0132470706
PSE,2002,24532.8998458692
PSE,2001,26262.6293090292
PSE,2000,23910.7406994778
PSE,1999,27007.2268269575
PSE,1998,25731.3588457717
PSE,1997,23176.6488478131
PSE,1996,21246.6470894149
PSE,1995,22039.9131865023
PSE,1994,21581.2303003264
ZMB,2025,10880.2324406081
ZMB,2024,10873.5656933431
ZMB,2023,10849.814829468
ZMB,2022,11129.2239924685
ZMB,2021,10766.4463114632
ZMB,2020,10463.7779442582
ZMB,2019,11353.0862603223
ZMB,2018,11757.5814691967
ZMB,2017,11640.9603928292
ZMB,2016,11736.8560335647
ZMB,2015,11805.9705332791
ZMB,2014,11960.3109221563
ZMB,2013,11922.3123008531
ZMB,2012,11824.7051308236
ZMB,2011,11721.2967558267
ZMB,2010,11853.5464964234
ZMB,2009,10827.7989462904
ZMB,2008,10000.1215770836
ZMB,2007,9922.90249848516
ZMB,2006,9801.62530501913
ZMB,2005,9723.36153007745
ZMB,2004,9329.68081002726
ZMB,2003,8953.05436616737
ZMB,2002,8600.55080174368
ZMB,2001,8440.71420143292
ZMB,2000,8239.01787998334
ZMB,1999,8128.60864146548
ZMB,1998,7939.86486263956
ZMB,1997,8307.31171005603
ZMB,1996,8407.41554609311
ZMB,1995,8258.06356500667
ZMB,1994,8406.44697120306
ZMB,1993,9541.95504366365
ZMB,1992,9141.11867222679
ZMB,1991,9460.01589703877
ZWE,2025,15074.1592820579
ZWE,2024,14371.6714257396
ZWE,2023,14471.9543900199
ZWE,2022,14711.6691728742
ZWE,2021,14037.1987018561
ZWE,2020,13252.4402351017
ZWE,2019,14261.2413094178
ZWE,2018,15446.8707600545
ZWE,2017,14933.8106084142
ZWE,2016,14458.1487305859
ZWE,2015,14519.5012806336
ZWE,2014,14384.7284344371
ZWE,2013,14263.5168513602
ZWE,2012,14157.8059878879
ZWE,2011,12322.94109357
ZWE,2010,10945.6001266537
ZWE,2009,9249.88069990355
ZWE,2008,8239.99705442803
ZWE,2007,10057.5285352165
ZWE,2006,10535.2164338841
ZWE,2005,11012.1685275097
ZWE,2004,11727.465692323
ZWE,2003,12601.6991146131
ZWE,2002,15386.5917797452
ZWE,2001,17134.1521868514
ZWE,2000,17147.6763474668
ZWE,1999,18031.4467170323
ZWE,1998,18737.6860359434
ZWE,1997,18914.7208373423
ZWE,1996,18873.1994304426
ZWE,1995,17516.1001375822
ZWE,1994,17719.4303992548
ZWE,1993,16353.9331713862
ZWE,1992,16343.3836644246
ZWE,1991,18399.8499441316
