iso,year,imports
AFG,2024,68.0602732398198
AFG,2023,50.764299620256
AFG,2022,54.5054272070161
AFG,2021,37.06956357719
AFG,2020,36.2890774127896
ALB,2025,42.5186952159475
ALB,2024,43.1697675400758
ALB,2023,43.9336721089435
ALB,2022,47.5009680329889
ALB,2021,44.457347833234
ALB,2020,36.9799408832942
ALB,2019,44.4460064468406
ALB,2018,44.5800648295474
ALB,2017,45.7855860010406
ALB,2016,45.3446572805207
ALB,2015,44.2101251985694
ALB,2014,46.9528588208631
ALB,2013,46.8812165543279
ALB,2012,47.8575873806007
ALB,2011,51.644524727632
ALB,2010,47.9226032986331
ALB,2009,48.676733103645
ALB,2008,50.6658853595192
ALB,2007,52.7810809795909
ALB,2006,47.6933170159667
ALB,2005,46.6735108205055
ALB,2004,43.4861860965483
ALB,2003,44.6593347174316
ALB,2002,45.8202791003667
ALB,2001,43.633879639684
ALB,2000,42.0787901456396
ALB,1999,33.4219849707784
ALB,1998,35.9033228751103
ALB,1997,34.6885288285564
ALB,1996,32.9166369875764
ALB,1995,27.8690477261306
ALB,1994,41.1188903879182
ALB,1993,64.5395029570264
ALB,1992,96.2858807479086
ALB,1991,28.5857013386048
ALB,1990,24.0318995737727
DZA,2025,22.1441688566065
DZA,2024,20.2821940516889
DZA,2023,19.9497379768844
DZA,2022,20.3985331920556
DZA,2021,23.3926919693657
DZA,2020,24.8545554509197
DZA,2019,26.0989006586763
DZA,2018,29.0130619390143
DZA,2017,29.4871366540912
DZA,2016,31.2742448207328
DZA,2015,32.676480909369
DZA,2014,29.3040555963989
DZA,2013,28.3516432281546
DZA,2012,26.374847332557
DZA,2011,26.2320035517219
DZA,2010,28.5029863779305
DZA,2009,31.6987484527475
DZA,2008,25.3813104447207
DZA,2007,22.8253177285743
DZA,2006,20.1511576995534
DZA,2005,22.4691773220766
DZA,2004,22.9650381113499
DZA,2003,22.1000717757446
DZA,2002,23.452441183911
DZA,2001,20.4084177219191
DZA,2000,20.7886259146931
DZA,1999,22.7789962195023
DZA,1998,22.516096548704
DZA,1997,21.3376001260742
DZA,1996,23.9446995515946
DZA,1995,28.9962292290876
DZA,1994,26.0537125425428
DZA,1993,23.138936373697
DZA,1992,23.8694899566974
DZA,1991,23.5997645372107
DZA,1990,24.9370285987113
ASM,2022,77.7267508610792
ASM,2021,92.5333333333333
ASM,2020,95.1456310679612
ASM,2019,94.8995363214838
ASM,2018,103.599374021909
ASM,2017,102.287581699346
ASM,2016,95.230998509687
ASM,2015,98.8112927191679
ASM,2014,108.087091757387
ASM,2013,102.037617554859
ASM,2012,100.9375
ASM,2011,98.7719298245614
ASM,2010,94.4153577661431
ASM,2009,82.8148148148148
ASM,2008,135.357142857143
ASM,2007,120.656370656371
ASM,2006,129.411764705882
ASM,2005,123.6
ASM,2004,111.984282907662
ASM,2003,109.541984732824
ASM,2002,109.765625
AGO,2025,11.668890306414
AGO,2024,18.9694287694669
AGO,2023,20.9376402778275
AGO,2022,20.5245865132875
AGO,2021,22.4364653180014
AGO,2020,22.900867090248
AGO,2019,23.4212246087614
AGO,2018,22.4217843896524
AGO,2017,19.9115003323462
AGO,2016,22.0283208681707
AGO,2015,28.8304491654714
AGO,2014,32.5658156988022
AGO,2013,32.1174804522106
AGO,2012,31.912417835703
AGO,2011,34.9164118606977
AGO,2010,37.1015470033984
AGO,2009,51.3637968618027
AGO,2008,43.6498765547353
AGO,2007,36.0151221419648
AGO,2006,27.7712655511647
AGO,2005,36.6181931015231
AGO,2004,39.3418615847321
AGO,2003,43.1162552148687
AGO,2002,41.0732824949389
ATG,2022,63.3003005458487
ATG,2021,54.1137470120719
ATG,2020,52.4035661249613
ATG,2019,68.3730888293456
ATG,2018,68.1846045477951
ATG,2017,63.2483211111674
ATG,2016,62.0018249944678
ATG,2015,59.3670530581958
ATG,2014,67.035414276926
ARG,2025,14.8089725633333
ARG,2024,12.6800122564846
ARG,2023,13.8546391521167
ARG,2022,15.2985115353002
ARG,2021,15.0119803984295
ARG,2020,13.5982843701675
ARG,2019,14.7057366680037
ARG,2018,16.3258502050892
ARG,2017,13.9693177780045
ARG,2016,13.5667926798789
ARG,2015,11.7805740385254
ARG,2014,14.0013150558519
ARG,2013,14.7167556136651
ARG,2012,14.2886829096862
ARG,2011,16.7569458546489
ARG,2010,16.0371898581987
ARG,2009,14.4961418494061
ARG,2008,18.341772996414
ARG,2007,18.2824203070644
ARG,2006,17.4067852681036
ARG,2005,17.3053942367662
ARG,2004,16.8450266849578
ARG,2003,14.7138051046861
ARG,2002,13.370127359396
ARG,2001,10.2732473690136
ARG,2000,11.6360695451767
ARG,1999,11.5555704475475
ARG,1998,12.934446011977
ARG,1997,12.7753287418177
ARG,1996,11.0778716497076
ARG,1995,10.0910128307854
ARG,1994,10.6043971410814
ARG,1993,9.31379991407563
ARG,1992,8.13279311431564
ARG,1991,6.07801081056698
ARG,1990,4.63132240741775
ARM,2025,53.6070336751762
ARM,2024,76.4393725820236
ARM,2023,62.4104205984709
ARM,2022,52.3077088478584
ARM,2021,43.580013369418
ARM,2020,40.0447088894607
ARM,2019,55.5843975150359
ARM,2018,53.0802129926047
ARM,2017,48.9863308847905
ARM,2016,42.3336875987152
ARM,2015,41.9566831307241
ARM,2014,47.2184853070945
ARM,2013,49.2015630214006
ARM,2012,48.3998644778265
ARM,2011,46.9123853980322
ARM,2010,44.8945606568078
ARM,2009,42.6033349980631
ARM,2008,40.2765983873899
ARM,2007,38.7856901033422
ARM,2006,38.8841565463432
ARM,2005,42.8265406335218
ARM,2004,44.8798901687648
ARM,2003,49.5683697098445
ARM,2002,46.152393477237
ARM,2001,45.7184119969031
ARM,2000,50.0719114183969
ARM,1999,49.8022321913836
ARM,1998,52.8394319098677
ARM,1997,58.2744756657506
ARM,1996,55.989556615586
ARM,1995,62.1869362383961
ARM,1994,73.1013252499359
ARM,1993,60.7541704101782
ARM,1992,61.2560043844096
ARM,1991,60.1204668088844
ARM,1990,46.3327370304114
ABW,2024,78.1698299671292
ABW,2023,73.8602649722975
ABW,2022,79.8153266187412
ABW,2021,72.1873538770091
ABW,2020,69.4379658816958
ABW,2019,71.2201683514275
ABW,2018,70.4161082846835
ABW,2017,69.0796838844953
ABW,2016,67.9206032637667
ABW,2015,70.1712783348627
ABW,2014,81.0364297051358
ABW,2013,82.1554686300009
ABW,2012,83.5416514017811
ABW,2011,84.6867741066482
ABW,2010,75.2464685871092
ABW,2009,74.6380124647528
ABW,2008,73.5808547588983
ABW,2007,74.9110469524375
ABW,2006,76.4484740814733
ABW,2005,76.9749819561498
ABW,2004,67.7653712810757
ABW,2003,70.0630780331023
ABW,2002,68.6664578409317
ABW,2001,69.3943248480407
ABW,2000,70.6868685663848
ABW,1999,84.6303501945525
ABW,1998,83.629654478363
ABW,1997,86.2509117432531
ABW,1996,88.7044534412956
ABW,1995,86.4636209813875
AUS,2025,22.6570110371129
AUS,2024,22.5238570535723
AUS,2023,22.3432710661529
AUS,2022,20.2331120432093
AUS,2021,18.200421516167
AUS,2020,20.5615267123377
AUS,2019,21.939202684145
AUS,2018,21.7606517070152
AUS,2017,20.8635723040778
AUS,2016,21.6102583389859
AUS,2015,21.5101052436646
AUS,2014,21.3033915472475
AUS,2013,21.2073707762687
AUS,2012,21.598616528211
AUS,2011,20.3508907551214
AUS,2010,20.658283373645
AUS,2009,22.6567049778154
AUS,2008,22.6478086476665
AUS,2007,21.783849774897
AUS,2006,21.6685358865245
AUS,2005,20.9027650415889
AUS,2004,19.8154530885495
AUS,2003,21.1092381818995
AUS,2002,20.6885447118526
AUS,2001,22.0239741296115
AUS,2000,21.5070430809694
AUS,1999,20.6981026364668
AUS,1998,20.400065734524
AUS,1997,18.82399786201
AUS,1996,19.3130446764454
AUS,1995,19.8033020606163
AUS,1994,18.4602149433109
AUS,1993,17.835080746682
AUS,1992,16.3633146564435
AUS,1991,16.1389681024492
AUS,1990,17.0153069408081
AUT,2025,52.3178918904941
AUT,2024,53.1474927492406
AUT,2023,56.6661552513376
AUT,2022,62.1522665342146
AUT,2021,55.0789870565772
AUT,2020,48.2851241395359
AUT,2019,52.3114775114917
AUT,2018,52.6757304983207
AUT,2017,51.2300370800408
AUT,2016,48.910092513867
AUT,2015,49.7215694739361
AUT,2014,50.6405828931259
AUT,2013,51.0955530299819
AUT,2012,51.5152989482497
AUT,2011,51.4830214892056
AUT,2010,48.0609004424225
AUT,2009,42.1135824199495
AUT,2008,49.1453130195427
AUT,2007,48.4744751966427
AUT,2006,47.5825693830677
AUT,2005,45.7236031126049
AUT,2004,44.2550210841381
AUT,2003,42.0565037313482
AUT,2002,41.9334403110863
AUT,2001,43.1444465379839
AUT,2000,42.2515162707939
AUT,1999,39.0536203889869
AUT,1998,38.787931037573
AUT,1997,38.0300424431444
AUT,1996,36.0315807177005
AUT,1995,34.8600048302325
AUT,1994,33.9615846861405
AUT,1993,31.926205154168
AUT,1992,34.610466380459
AUT,1991,35.5973501546722
AUT,1990,35.9316966914597
AZE,2025,36.8073651757634
AZE,2024,36.732893786327
AZE,2023,34.5394726155785
AZE,2022,26.9954251873703
AZE,2021,29.7981185195358
AZE,2020,36.3943117827554
AZE,2019,36.7675179068137
AZE,2018,37.5802826749238
AZE,2017,41.8544509495606
AZE,2016,43.6496693432541
AZE,2015,34.806730415594
AZE,2014,26.2096685368412
AZE,2013,26.2600116874635
AZE,2012,25.2883893489114
AZE,2011,24.0810644752506
AZE,2010,20.6812669257035
AZE,2009,23.1082959987641
AZE,2008,23.4667590165732
AZE,2007,28.5128964581019
AZE,2006,38.758255006348
AZE,2005,52.9007785985227
AZE,2004,72.718107430072
AZE,2003,65.5453718603512
AZE,2002,50.0503092783505
AZE,2001,37.3165776205885
AZE,2000,38.3777368008308
AZE,1999,41.8558448782814
AZE,1998,54.5282799511713
AZE,1997,53.0443593072222
AZE,1996,55.9211007831369
AZE,1995,53.4070672040491
AZE,1994,30.6282092340539
AZE,1993,76.028025477707
AZE,1992,54.5963776685131
AZE,1991,41.2050898203593
AZE,1990,39.2223738062756
BHS,2024,41.4588701935223
BHS,2023,38.7380249225672
BHS,2022,38.8240458234989
BHS,2021,37.9612860347263
BHS,2020,30.1470588235294
BHS,2019,33.8058296301875
BHS,2018,36.9024588117823
BHS,2017,36.6083121098426
BHS,2016,34.3610332550564
BHS,2015,33.846387781307
BHS,2014,43.1740445816987
BHS,2013,44.6917988028982
BHS,2012,46.1242117831424
BHS,2011,50.898420626685
BHS,2010,43.7223151105018
BHS,2009,42.3303639766138
BHS,2008,47.935588067642
BHS,2007,47.9208614529201
BHS,2006,49.2414369667314
BHS,2005,42.6363839694191
BHS,2004,37.7867522740851
BHS,2003,35.2533063362378
BHS,2002,34.1025271473546
BHS,2001,38.4282919944264
BHS,2000,41.5973810340409
BHS,1999,39.2458487715175
BHS,1998,43.0690069981649
BHS,1997,42.8544807938904
BHS,1996,57.8190634524799
BHS,1995,54.9163021289006
BHS,1994,53.3804848112918
BHS,1993,51.3932729624838
BHS,1992,51.2145384367964
BHS,1991,55.1675259388781
BHS,1990,55.9592545799116
BHR,2024,69.9934379215464
BHR,2023,70.0967107297264
BHR,2022,71.1798757519344
BHR,2021,67.5250978124398
BHR,2020,65.0065491894219
BHR,2019,62.3231194108364
BHR,2018,68.3599998924555
BHR,2017,64.1753776714721
BHR,2016,62.2347072046616
BHR,2015,68.5719566006692
BHR,2014,76.3503224222473
BHR,2013,83.7628572125021
BHR,2012,80.5583845887584
BHR,2011,71.8932922709265
BHR,2010,48.8587714119882
BHR,2009,49.4981315443774
BHR,2008,63.3051627651981
BHR,2007,58.1055213402395
BHR,2006,62.4652368065147
BHR,2005,64.4194769029886
BHR,2004,62.1321640785849
BHR,2003,56.0285101569836
BHR,2002,58.6250679204693
BHR,2001,53.4155049554821
BHR,2000,56.6284682992678
BHR,1999,55.3749095101558
BHR,1998,56.1848747785456
BHR,1997,61.1273402261258
BHR,1996,67.0167525014943
BHR,1995,61.9790758639883
BHR,1994,65.0669883718385
BHR,1993,70.9984363701983
BHR,1992,85.0810544537488
BHR,1991,84.110655979006
BHR,1990,83.2017227159409
BGD,2025,16.8344754735707
BGD,2024,16.3168879748762
BGD,2023,17.8258075763392
BGD,2022,20.897740835675
BGD,2021,17.0612258032497
BGD,2020,15.8286593146113
BGD,2019,18.4832971559365
BGD,2018,19.8398437797492
BGD,2017,17.179983781834
BGD,2016,17.4129456531683
BGD,2015,24.7493225204896
BGD,2014,25.5244202017989
BGD,2013,26.7585286129376
BGD,2012,27.9493338849842
BGD,2011,27.4987748801959
BGD,2010,21.7787299851405
BGD,2009,23.1526633174097
BGD,2008,24.9620555504832
BGD,2007,22.9470478066831
BGD,2006,21.7584608673034
BGD,2005,20.0040929665367
BGD,2004,15.7117252031078
BGD,2003,16.2267362042167
BGD,2002,16.557411788963
BGD,2001,18.7114578649468
BGD,2000,16.9775131339119
BGD,1999,16.6292981713845
BGD,1998,16.1227321741207
BGD,1997,15.8051428327327
BGD,1996,16.3695800738575
BGD,1995,17.3448618625588
BGD,1994,13.864320908288
BGD,1993,14.1043140341485
BGD,1992,12.3473285920799
BGD,1991,12.2272149164418
BGD,1990,13.0581855259296
BLR,2025,57.0270473925912
BLR,2024,65.0867303062587
BLR,2023,65.5579463134666
BLR,2022,56.973020682251
BLR,2021,65.1824128358935
BLR,2020,57.9220789629764
BLR,2019,65.7558221092078
BLR,2018,68.9386909876332
BLR,2017,66.5781545217791
BLR,2016,62.6999757764695
BLR,2015,57.9040596348719
BLR,2014,55.7104203103354
BLR,2013,61.4823871290472
BLR,2012,74.3083620349781
BLR,2011,79.5088935540041
BLR,2010,64.545087636347
BLR,2009,59.759183004167
BLR,2008,68.6617233270771
BLR,2007,67.2108252637516
BLR,2006,64.2337921203023
BLR,2005,59.08654296872
BLR,2004,74.2501770290328
BLR,2003,68.9854723668665
BLR,2002,67.3745423382546
BLR,2001,70.2973237369855
BLR,2000,72.3983446101294
BLR,1999,61.6317764594536
BLR,1998,63.9065684365836
BLR,1997,65.6562985579151
BLR,1996,50.4250960440786
BLR,1995,54.0530299910216
BLR,1994,84.1061091440454
BLR,1993,83.3502538071066
BLR,1992,57.6086956521739
BLR,1991,33.3333333333333
BLR,1990,43.64896073903
BEL,2025,77.4677176696568
BEL,2024,79.7046946650529
BEL,2023,83.174142438564
BEL,2022,96.6941034919995
BEL,2021,87.7565373348573
BEL,2020,77.7532507214541
BEL,2019,82.4980513923498
BEL,2018,84.7946361610806
BEL,2017,83.4596731852798
BEL,2016,79.43956490475
BEL,2015,77.1909428259269
BEL,2014,79.1750903735027
BEL,2013,78.6622093410738
BEL,2012,80.3343292908166
BEL,2011,80.494152536242
BEL,2010,74.3342737521831
BEL,2009,66.5423286532355
BEL,2008,80.2078278152436
BEL,2007,74.1666421724765
BEL,2006,72.7625122442923
BEL,2005,70.2462217485879
BEL,2004,66.0121279012141
BEL,2003,63.679044325004
BEL,2002,65.2538517924041
BEL,2001,67.964880914325
BEL,2000,69.6827399089776
BEL,1999,60.6069310248626
BEL,1998,60.5347776108893
BEL,1997,60.902358975732
BEL,1996,58.0203848015116
BEL,1995,56.2641961032662
BEL,1994,54.8073406881894
BEL,1993,52.9049958392791
BEL,1992,56.2603571698966
BEL,1991,58.3604828351158
BEL,1990,59.8541601189252
BLZ,2024,53.7490528718063
BLZ,2023,51.4696639994596
BLZ,2022,55.2614626616446
BLZ,2021,51.4009547657221
BLZ,2020,44.0058211740566
BLZ,2019,50.4229370227973
BLZ,2018,49.2540744241568
BLZ,2017,47.8976597048161
BLZ,2016,49.1925685375896
BLZ,2015,52.5041902536696
BLZ,2014,51.6202514383076
BLZ,2013,52.6487618646393
BLZ,2012,51.840172845888
BLZ,2011,50.1929102941744
BLZ,2010,44.2329405958324
BLZ,2009,44.1365593950638
BLZ,2008,51.6221629383723
BLZ,2007,45.3755382349022
BLZ,2006,47.0786653270988
BLZ,2005,47.2678427922054
BLZ,2004,44.1002441076359
BLZ,2003,49.7940674408255
BLZ,2002,49.4578254145862
BLZ,2001,51.2759811343445
BLZ,2000,53.7314232780714
BLZ,1999,49.2480017140919
BLZ,1998,42.1166690167451
BLZ,1997,41.6560962534713
BLZ,1996,37.822710963191
BLZ,1995,37.1155471250726
BLZ,1994,39.3685527273858
BLZ,1993,37.2593527608286
BLZ,1992,39.3232813669279
BLZ,1991,43.2006674911146
BLZ,1990,38.5522014442839
BEN,2025,20.0644940157668
BEN,2024,21.7996453220123
BEN,2023,24.6596117269521
BEN,2022,23.5662628402967
BEN,2021,27.1360546569676
BEN,2020,24.9607629492202
BEN,2019,34.0508051206822
BEN,2018,34.5209638714363
BEN,2017,34.2710021769642
BEN,2016,31.3801402666294
BEN,2015,32.0358619739087
BEN,2014,33.8374338168225
BEN,2013,31.6296265138756
BEN,2012,26.8399999121001
BEN,2011,26.3673773087186
BEN,2010,28.3588118822374
BEN,2009,24.7746622235924
BEN,2008,25.6346390032369
BEN,2007,27.0709310375342
BEN,2006,21.7167729998912
BEN,2005,20.6122912074473
BEN,2004,21.389426770597
BEN,2003,22.9719333073503
BEN,2002,24.0418117580991
BEN,2001,28.3885918276674
BEN,2000,26.742848952329
BEN,1999,31.3822583591138
BEN,1998,32.5006857471368
BEN,1997,31.5354950169417
BEN,1996,30.0189798910533
BEN,1995,36.4311975077222
BEN,1994,36.0734606362612
BEN,1993,32.917416096905
BEN,1992,33.5015977552095
BEN,1991,30.3422307728013
BEN,1990,26.5388791344867
BMU,2024,25.0595274413538
BMU,2023,24.8859615268368
BMU,2022,26.9886110554689
BMU,2021,25.0269648837173
BMU,2020,23.4551709478401
BMU,2019,25.816677252469
BMU,2018,26.0761139981486
BMU,2017,23.8542792001922
BMU,2016,23.4198528067971
BMU,2015,23.3246590561242
BMU,2014,25.3555042510214
BMU,2013,24.656915602754
BMU,2012,23.2697593736654
BMU,2011,23.7311948264219
BMU,2010,23.8000876023396
BTN,2024,47.8676815531182
BTN,2023,53.3485199564153
BTN,2022,60.0723765638263
BTN,2021,48.3837075785288
BTN,2020,43.7647155250135
BTN,2019,44.6660134423907
BTN,2018,50.550001136535
BTN,2017,48.3419936617844
BTN,2016,49.2619189365981
BTN,2015,58.1030694550492
BTN,2014,53.7449147944863
BTN,2013,57.618172334879
BTN,2012,58.2569173603391
BTN,2011,64.8723983474244
BTN,2010,65.623621455957
BTN,2009,59.0931184774042
BTN,2008,55.3552583644183
BTN,2007,54.5718954495773
BTN,2006,56.3448645794603
BTN,2005,61.3390192465892
BTN,2004,59.4087116380181
BTN,2003,48.4930612461766
BTN,2002,47.363085238581
BTN,2001,45.8528609714044
BTN,2000,46.0250859513651
BTN,1999,53.2112969675768
BTN,1998,51.2534557405804
BTN,1997,47.9099674736012
BTN,1996,47.6226690817854
BTN,1995,44.4770779254936
BTN,1994,41.2248164419524
BTN,1993,45.8966905132668
BTN,1992,58.3657381322212
BTN,1991,42.5133105015892
BTN,1990,33.2546155090416
BOL,2024,25.5428091852403
BOL,2023,27.2055160212948
BOL,2022,29.7309420747615
BOL,2021,24.114568689334
BOL,2020,20.64468107487
BOL,2019,25.7735333396775
BOL,2018,26.5711364131824
BOL,2017,26.037245696562
BOL,2016,31.9130289632108
BOL,2015,37.0645491614003
BOL,2014,41.9713815715814
BOL,2013,37.138428001623
BOL,2012,37.7825645435625
BOL,2011,38.388693571021
BOL,2010,34.3241701096745
BOL,2009,32.9044490873317
BOL,2008,37.9604649036209
BOL,2007,34.2662546945912
BOL,2006,32.766134163444
BOL,2005,32.0937984307176
BOL,2004,26.3258755715318
BOL,2003,26.3671019920853
BOL,2002,27.7158052884154
BOL,2001,25.2556732012852
BOL,2000,27.3230300480841
BOL,1999,27.2873571345206
BOL,1998,32.5824780634508
BOL,1997,29.3590599168697
BOL,1996,27.2744207934951
BOL,1995,27.1865654753956
BOL,1994,27.1975387596431
BOL,1993,28.3863604996634
BOL,1992,29.0650961029083
BOL,1991,26.9656220108037
BOL,1990,23.9262904453275
BIH,2025,54.1200490872497
BIH,2024,54.0574823495089
BIH,2023,55.7012919776304
BIH,2022,61.8981572555954
BIH,2021,53.9165214735605
BIH,2020,47.929791297307
BIH,2019,54.476055884095
BIH,2018,56.447515568933
BIH,2017,56.3214686755821
BIH,2016,52.3353250902605
BIH,2015,53.1771158643779
BIH,2014,56.5631589251986
BIH,2013,54.1881924682458
BIH,2012,55.794567424912
BIH,2011,55.8003759026157
BIH,2010,51.2726737758619
BIH,2009,48.7381154401454
BIH,2008,59.3148109188574
BIH,2007,56.4503034447803
BIH,2006,53.5716025736534
BIH,2005,60.0390399307182
BIH,2004,59.276443078064
BIH,2003,59.9814720336208
BIH,2002,59.6014664734998
BIH,2001,63.967014016925
BIH,2000,63.4739243887068
BIH,1999,94.1765947855901
BIH,1998,98.3634118315508
BIH,1997,72.7973298559813
BIH,1996,83.8823372827429
BIH,1995,71.4678736413432
BIH,1994,86.3989382618954
BWA,2025,37.5109197674166
BWA,2024,42.3686467177144
BWA,2023,37.2159398529822
BWA,2022,42.5905382721178
BWA,2021,49.2738547603695
BWA,2020,49.0740366498423
BWA,2019,46.0051637049108
BWA,2018,43.2269600709101
BWA,2017,39.0039088877955
BWA,2016,45.8533350055731
BWA,2015,59.809993673185
BWA,2014,58.214573898057
BWA,2013,64.4032781650237
BWA,2012,63.7602567886618
BWA,2011,54.7250698634268
BWA,2010,52.4946705729499
BWA,2009,52.647126774976
BWA,2008,52.0613173469939
BWA,2007,42.0165620135572
BWA,2006,34.8316071531305
BWA,2005,35.5817985125809
BWA,2004,41.3840351057579
BWA,2003,37.007184681116
BWA,2002,39.6783472803347
BWA,2001,38.8674573300609
BWA,2000,40.0929196197881
BWA,1999,43.7318129125364
BWA,1998,52.551867219917
BWA,1997,47.723676600574
BWA,1996,37.127130792
BWA,1995,43.7586738039682
BWA,1994,40.3582110436745
BWA,1993,39.1124078090891
BWA,1992,41.5716914916723
BWA,1991,46.5288711852712
BWA,1990,49.7919133338533
BRA,2025,17.4707593653367
BRA,2024,17.6459444987685
BRA,2023,15.6969055268697
BRA,2022,19.1853009729027
BRA,2021,18.5469003909373
BRA,2020,15.8485265343869
BRA,2019,14.7673386785785
BRA,2018,14.2412038808791
BRA,2017,11.8007665044289
BRA,2016,12.0670030347037
BRA,2015,14.0534345189741
BRA,2014,13.6734629940752
BRA,2013,14.0437266814484
BRA,2012,13.2367345403083
BRA,2011,12.3518924973266
BRA,2010,11.9065933379213
BRA,2009,11.2546044712842
BRA,2008,13.7235689045173
BRA,2007,11.9649362714605
BRA,2006,11.6673835879099
BRA,2005,11.8429659377691
BRA,2004,13.1324909668183
BRA,2003,12.9596010144732
BRA,2002,13.3877671308534
BRA,2001,14.564574352134
BRA,2000,12.4517133524146
BRA,1999,11.4172682172491
BRA,1998,9.40808459248784
BRA,1997,9.59255968601575
BRA,1996,8.90538179274132
BRA,1995,9.45558496072482
BRA,1994,9.16168336908223
BRA,1993,9.09604889204913
BRA,1992,8.38506312730241
BRA,1991,7.91444116378595
BRA,1990,6.95836259652132
BRN,2025,52.0378303612952
BRN,2024,58.3166977174576
BRN,2023,60.1602321699593
BRN,2022,60.5846089959126
BRN,2021,66.9542015668641
BRN,2020,52.9348922424642
BRN,2019,50.5636178198506
BRN,2018,41.9648219800591
BRN,2017,35.6035539039886
BRN,2016,37.7420239533927
BRN,2015,37.6831770246648
BRN,2014,34.2438991145753
BRN,2013,42.8954818061354
BRN,2012,35.4811711480293
BRN,2011,30.0315881392595
BRN,2010,27.9632937844345
BRN,2009,30.5834833436495
BRN,2008,23.8022845500731
BRN,2007,24.0473005611176
BRN,2006,21.4103828443269
BRN,2005,23.0483074751968
BRN,2004,27.1159815444923
BRN,2003,30.6647274671095
BRN,2002,36.5602075114633
BRN,2001,33.1702162186782
BRN,2000,30.0850368514857
BRN,1999,35.2921274522722
BRN,1998,41.8949296263138
BRN,1997,39.0108352465264
BRN,1996,40.4787254313617
BRN,1995,34.3229141359893
BRN,1994,30.5895969700144
BRN,1993,34.2601710606151
BRN,1992,31.6742785989026
BRN,1991,23.6626257429307
BRN,1990,21.7218864768654
BGR,2025,51.7757828295128
BGR,2024,53.856354041725
BGR,2023,57.8945312158656
BGR,2022,68.8654009670208
BGR,2021,59.3644831208726
BGR,2020,53.9487771785214
BGR,2019,60.9598273515844
BGR,2018,63.2477884611298
BGR,2017,62.643910209195
BGR,2016,58.9445856233192
BGR,2015,62.9502299937151
BGR,2014,65.6975656232676
BGR,2013,65.1237066289559
BGR,2012,63.6250486781263
BGR,2011,58.6298978370571
BGR,2010,53.2824743794128
BGR,2009,50.4737901978425
BGR,2008,72.2110966729108
BGR,2007,71.1775345471972
BGR,2006,64.0695824401991
BGR,2005,57.1846555575481
BGR,2004,52.1072623241547
BGR,2003,44.5969409799972
BGR,2002,41.6223119808917
BGR,2001,44.2000598236182
BGR,2000,41.5268332287322
BGR,1999,47.3251767694596
BGR,1998,35.1038573189154
BGR,1997,36.8875531929106
BGR,1996,37.3237673326382
BGR,1995,22.9232752924149
BGR,1994,45.6726493277414
BGR,1993,45.8345602910671
BGR,1992,52.9387699440884
BGR,1991,39.2035053834734
BGR,1990,36.725987848494
BFA,2025,30.01305057375
BFA,2024,31.928432055678
BFA,2023,34.2036181095058
BFA,2022,36.3022167140067
BFA,2021,29.6232851445985
BFA,2020,28.9629129494576
BFA,2019,31.1509972180432
BFA,2018,32.5167194817269
BFA,2017,32.8163945669667
BFA,2016,31.9772079951896
BFA,2015,32.9815357744638
BFA,2014,31.8915583395886
BFA,2013,36.9588658493908
BFA,2012,34.6405225638741
BFA,2011,31.3017525842237
BFA,2010,28.5573896844031
BFA,2009,26.507012812169
BFA,2008,25.2359899277654
BFA,2007,23.4311750727081
BFA,2006,24.1496788527529
BFA,2005,24.3303222900142
BFA,2004,24.5993563004511
BFA,2003,21.1478047493266
BFA,2002,22.4471572206048
BFA,2001,22.6140880474318
BFA,2000,26.2782244851586
BFA,1999,26.9008102757514
BFA,1998,28.1316805532505
BFA,1997,26.6038877818834
BFA,1996,27.6166925636234
BFA,1995,26.6069148783492
BFA,1994,25.0276010932215
BFA,1993,20.6735406720758
BFA,1992,19.5275360085764
BFA,1991,23.3486879839288
BFA,1990,24.4559590282232
CPV,2025,53.3523975315592
CPV,2024,54.2229852215311
CPV,2023,55.7519894851197
CPV,2022,58.3098826343223
CPV,2021,53.6052602688779
CPV,2020,53.1000838209903
CPV,2019,56.8976233266308
CPV,2018,60.0015305876965
CPV,2017,57.9833303204581
CPV,2016,53.9051911427786
CPV,2015,52.873285384082
CPV,2014,54.0555599295354
CPV,2013,48.6530214634517
CPV,2012,53.1864633269004
CPV,2011,57.6821890855242
CPV,2010,55.2646272040987
CPV,2009,51.4231265048494
CPV,2008,56.6259345179522
CPV,2007,60.4603094466015
CPV,2006,72.6844919720202
CPV,2005,66.5664793961861
CPV,2004,69.5629969236308
CPV,2003,67.4040296407038
CPV,2002,68.5447455805704
CPV,2001,62.3543096146052
CPV,2000,60.5133898183652
CPV,1999,59.9930743390288
CPV,1998,59.085260875485
CPV,1997,58.5376198528858
CPV,1996,55.2908102966173
CPV,1995,60.3785986911525
CPV,1994,56.5171425025497
CPV,1993,47.0456009265914
CPV,1992,66.6568823808469
CPV,1991,64.3898957653013
CPV,1990,68.8196145621406
KHM,2025,67.4432273077899
KHM,2024,72.0834255374222
KHM,2023,67.3141763407136
KHM,2022,73.6665720833071
KHM,2021,73.8188118661646
KHM,2020,62.1835984056075
KHM,2019,60.289811099536
KHM,2018,62.9662580564288
KHM,2017,64.8553976265984
KHM,2016,66.2727178808437
KHM,2015,66.1283765029746
KHM,2014,67.8253604970058
KHM,2013,68.2669869941146
KHM,2012,63.4552308316603
KHM,2011,59.8693279024614
KHM,2010,59.7718577537062
KHM,2009,56.0769540065406
KHM,2008,68.614724994177
KHM,2007,72.5634368325363
KHM,2006,75.6764049872155
KHM,2005,72.5120489103296
KHM,2004,70.5331236862783
KHM,2003,65.846345075958
KHM,2002,64.0806115959488
KHM,2001,60.5919660427045
KHM,2000,61.0922250330406
KHM,1999,53.6327018989646
KHM,1998,44.3813272077012
KHM,1997,45.3177088823098
KHM,1996,43.7975600580657
KHM,1995,46.58254651483
KHM,1994,38.6760725615619
KHM,1993,32.6671841528258
CMR,2025,20.2951200435817
CMR,2024,18.7299249292924
CMR,2023,21.0375759049491
CMR,2022,21.9647892415588
CMR,2021,20.2219506820777
CMR,2020,18.503094380908
CMR,2019,23.528422500723
CMR,2018,21.8513494080099
CMR,2017,20.8479230222608
CMR,2016,21.6886527708619
CMR,2015,24.5509971984078
CMR,2014,27.2224137750793
CMR,2013,26.0354276781842
CMR,2012,26.1592888833437
CMR,2011,27.2923009809871
CMR,2010,24.8696950986131
CMR,2009,22.5936920745664
CMR,2008,29.9160516866697
CMR,2007,26.237049055803
CMR,2006,22.9253401219216
CMR,2005,22.7522249497324
CMR,2004,21.2901687220456
CMR,2003,20.8062811308613
CMR,2002,25.495564362059
CMR,2001,26.3110519399942
CMR,2000,23.0711315143103
CMR,1999,17.8097792795526
CMR,1998,20.3154688307783
CMR,1997,21.8189799389794
CMR,1996,20.8531201292452
CMR,1995,15.0637846971039
CMR,1994,15.4801004920924
CMR,1993,9.76812572198854
CMR,1992,18.3155699244814
CMR,1991,14.6398988946043
CMR,1990,17.3135310413305
CAN,2025,32.1781181545045
CAN,2024,32.6523836990289
CAN,2023,33.2328904516085
CAN,2022,33.2319537399015
CAN,2021,31.0717706707868
CAN,2020,31.6830809235097
CAN,2019,33.8187163722873
CAN,2018,34.2744514629593
CAN,2017,33.6465721095408
CAN,2016,33.8610786779789
CAN,2015,34.3149066238487
CAN,2014,32.6420535575987
CAN,2013,31.8993710030569
CAN,2012,32.2426469380987
CAN,2011,31.8201854265216
CAN,2010,31.0406277835266
CAN,2009,29.9585003089726
CAN,2008,32.6285240464345
CAN,2007,32.0538645842577
CAN,2006,32.649050784309
CAN,2005,32.9021479545718
CAN,2004,32.8646240805555
CAN,2003,32.9740568594072
CAN,2002,35.6483137567658
CAN,2001,36.3042633034376
CAN,2000,38.5561220292153
CAN,1999,38.253730454798
CAN,1998,38.0520510601379
CAN,1997,36.2035999717718
CAN,1996,33.1616335246106
CAN,1995,32.9636937980162
CAN,1994,31.6099559075321
CAN,1993,29.1081967827564
CAN,1992,26.5388983848248
CAN,1991,24.8701503192628
CAN,1990,24.9201654634573
CYM,2020,45.839191377535
CYM,2019,45.3675141253948
CYM,2018,45.5292735739521
CYM,2017,43.4147666231567
CAF,2025,33.5619408733475
CAF,2024,31.4248720942871
CAF,2023,29.0397439989846
CAF,2022,32.9330700029707
CAF,2021,30.9316599983489
CAF,2020,34.3485400014428
CAF,2019,34.3104199996784
CAF,2018,33.7201700016618
CAF,2017,39.8837719516938
CAF,2016,35.7087643640963
CAF,2015,36.0774871532986
CAF,2014,36.4193044299887
CAF,2013,23.4263327799409
CAF,2012,21.5093155924689
CAF,2011,21.3477982341309
CAF,2010,22.8046808823724
CAF,2009,21.6525965878002
CAF,2008,23.4338571075068
CAF,2007,23.4655715983662
CAF,2006,22.0798650802068
CAF,2005,21.7081835399254
CAF,2004,19.2460374099972
CAF,2003,17.9952221645791
CAF,2002,20.1458598429982
CAF,2001,22.5732458997066
CAF,2000,25.2875684031294
CAF,1999,23.9886936193025
CAF,1998,28.3926453039603
CAF,1997,28.9342280996326
CAF,1996,25.6140187532248
CAF,1995,28.2549461602709
CAF,1994,25.0186213434453
CAF,1993,22.8890674752764
CAF,1992,26.3633760833559
CAF,1991,26.1226506625627
CAF,1990,25.8755146524582
TCD,2025,16.7180920306513
TCD,2024,16.8703726440801
TCD,2023,17.7610595151764
TCD,2022,16.2530343175185
TCD,2021,17.6631548052497
TCD,2020,19.3559706286102
TCD,2019,21.7092677493188
TCD,2018,20.8936505206894
TCD,2017,20.1044456150142
TCD,2016,21.35002857974
TCD,2015,20.6030181442288
TCD,2014,17.6725910245326
TCD,2013,21.3793122592074
TCD,2012,20.9871881978671
TCD,2011,24.8810892794746
TCD,2010,29.2928157140982
TCD,2009,31.9825995508377
TCD,2008,28.9963877143861
TCD,2007,31.6372017327033
TCD,2006,32.3057543891226
TCD,2005,32.9851446424786
TCD,2004,50.7597328648482
TCD,2003,58.7459480529834
TCD,2002,113.660867253469
TCD,2001,49.6561204958082
TCD,2000,34.6810755816349
TCD,1999,32.1897469932452
TCD,1998,29.5673568329616
TCD,1997,30.7692650574492
TCD,1996,29.0665239467346
TCD,1995,33.7675390253098
TCD,1994,34.8827493557535
TCD,1993,29.3238872199697
TCD,1992,24.8138136398185
TCD,1991,24.3979082594605
TCD,1990,27.9068151919115
CHL,2025,30.4208161074476
CHL,2024,30.2256760867506
CHL,2023,29.901582730252
CHL,2022,39.6117335928437
CHL,2021,32.8656468569676
CHL,2020,26.8459687305709
CHL,2019,29.7345891776124
CHL,2018,29.6480060761165
CHL,2017,27.6947817505058
CHL,2016,28.1347025767999
CHL,2015,30.1580314947545
CHL,2014,32.6307246042164
CHL,2013,33.0558248393655
CHL,2012,34.3105520389641
CHL,2011,34.7918624475716
CHL,2010,31.8136862469673
CHL,2009,29.5703965832241
CHL,2008,39.5140657210171
CHL,2007,31.8471726465886
CHL,2006,29.8459599875652
CHL,2005,31.8869620579791
CHL,2004,30.2036106315913
CHL,2003,30.6324426463729
CHL,2002,30.2266330761295
CHL,2001,30.2974551227546
CHL,2000,28.5881687725565
CHL,1999,26.3864973847019
CHL,1998,28.6925981884673
CHL,1997,28.2212958576073
CHL,1996,27.9703051278948
CHL,1995,26.2068802957705
CHL,1994,25.5546659744932
CHL,1993,27.3687975536673
CHL,1992,26.9466772202601
CHL,1991,26.5226676793206
CHL,1990,28.9966928543665
CHN,2025,16.8851895085539
CHN,2024,17.5132317706653
CHN,2023,17.3368405290018
CHN,2022,17.28479964513
CHN,2021,17.2078233128845
CHN,2020,16.0681770933789
CHN,2019,17.3146127417354
CHN,2018,18.1238645885338
CHN,2017,17.6152224500872
CHN,2016,16.9735199564368
CHN,2015,17.7581206128298
CHN,2014,20.9964797865269
CHN,2013,21.7526982889717
CHN,2012,22.4035087488717
CHN,2011,23.7939443304884
CHN,2010,23.1313270836509
CHN,2009,20.0889926205716
CHN,2008,24.6186193981779
CHN,2007,26.3597683811527
CHN,2006,28.0427329939926
CHN,2005,27.9912771909315
CHN,2004,28.0306177944035
CHN,2003,24.4751062787292
CHN,2002,19.8426189671605
CHN,2001,18.0049595688389
CHN,2000,18.3293431142068
CHN,1999,15.2248474895742
CHN,1998,13.9725131842671
CHN,1997,14.9442817281513
CHN,1996,15.8040407669576
CHN,1995,16.2425229859567
CHN,1994,17.1538856989073
CHN,1993,19.274644137231
CHN,1992,14.4338530320539
CHN,1991,11.4279491835766
CHN,1990,10.6377183627152
COL,2025,20.384908937428
COL,2024,20.2375393681026
COL,2023,22.3255418346774
COL,2022,27.8942871185028
COL,2021,23.8621404387264
COL,2020,20.5332954086799
COL,2019,21.6904953267149
COL,2018,20.6350331193542
COL,2017,20.1376251940583
COL,2016,21.4855137060045
COL,2015,22.7105526089485
COL,2014,20.8527165314594
COL,2013,19.9002090764088
COL,2012,20.0239457350035
COL,2011,20.1939184812196
COL,2010,17.923758408999
COL,2009,18.731632819883
COL,2008,21.0580542813616
COL,2007,20.6657549719257
COL,2006,21.9127682099768
COL,2005,20.4516537557921
COL,2004,19.0926755089972
COL,2003,19.9408838054673
COL,2002,18.1670695368963
COL,2001,18.5139760284435
COL,2000,16.7519457538687
COL,1999,17.8027005640253
COL,1998,20.9015722165226
COL,1997,20.7555243452086
COL,1996,20.8446454849312
COL,1995,20.9634874285564
COL,1994,20.9191756155692
COL,1993,20.9929761594843
COL,1992,17.093036648287
COL,1991,14.4353791922749
COL,1990,15.9151413516665
COM,2025,31.5874225945439
COM,2024,32.2492795369359
COM,2023,34.1290271316493
COM,2022,37.4417429765366
COM,2021,32.1506894694666
COM,2020,28.0581825073439
COM,2019,29.4946179024958
COM,2018,30.087130352257
COM,2017,28.2630424728857
COM,2016,26.4599841389376
COM,2015,27.6687537644801
COM,2014,29.5593535622046
COM,2013,30.1949351058847
COM,2012,31.8645680223878
COM,2011,30.0445448361214
COM,2010,29.9112087588086
COM,2009,28.5849836533764
COM,2008,27.9971791255289
COM,2007,24.1808372457786
COM,2006,26.9210952414491
COM,2005,26.9211282431202
COM,2004,26.9210359277547
COM,2003,26.9208292512688
COM,2002,26.9209423024165
COM,2001,26.9209680633361
COM,2000,26.9211644612058
COM,1999,26.9212040013043
COM,1998,26.9209865548828
COM,1997,26.9207383737769
COM,1996,26.9213557397298
COM,1995,26.9208337300562
COM,1994,26.9212249195136
COM,1993,26.9210374663562
COM,1992,26.9208531297868
COM,1991,26.9209231123185
COM,1990,26.920577925964
COD,2025,43.9168041039769
COD,2024,48.5515293009981
COD,2023,44.6860746587097
COD,2022,45.001844576936
COD,2021,37.5575413167622
COD,2020,31.1829589394597
COD,2019,32.448623181302
COD,2018,38.0935497576974
COD,2017,34.8344299251471
COD,2016,36.885955975126
COD,2015,31.746801710869
COD,2014,41.1664550628312
COD,2013,38.4197781372717
COD,2012,36.6443673192831
COD,2011,44.725186419329
COD,2010,44.3034905746837
COD,2009,36.2134323152604
COD,2008,38.9652057387449
COD,2007,37.409239823168
COD,2006,24.5131943931488
COD,2005,27.8677782060181
COD,2004,26.6069011123967
COD,2003,30.0309131413864
COD,2002,13.6455028361936
COD,2001,13.0542526803531
COD,2000,15.5647908914142
COD,1999,17.5419908998392
COD,1998,32.8892184395161
COD,1997,15.0000001875
COD,1996,30.3134936581098
COD,1995,23.7262431077201
COD,1994,19.8914280534601
COG,2025,43.6464039344374
COG,2024,40.4084790309171
COG,2023,39.314466600576
COG,2022,34.3491898359076
COG,2021,32.7096322965954
COG,2020,28.5875814395408
COG,2019,35.3769404227539
COG,2018,38.372624484659
COG,2017,46.6543635995027
COG,2016,80.1912922339397
COG,2015,76.4636727651309
COG,2014,51.0639817323687
COG,2013,40.0685228074953
COG,2012,39.3624073254876
COG,2011,50.9800099707519
COG,2010,55.5366628695135
COG,2009,71.0724535755305
COG,2008,59.7055681307939
COG,2007,80.101234674803
COG,2006,48.1366335173347
COG,2005,44.5478085109842
COG,2004,50.8384058840296
COG,2003,76.0494117383601
COG,2002,53.9396455888641
COG,2001,53.3124542303374
COG,2000,43.6127371864776
COG,1999,59.1041192299731
COG,1998,72.6240326928093
COG,1997,60.161540163753
COG,1996,59.9494498730476
COG,1995,63.6079341033895
COG,1994,74.2192271672299
COG,1993,31.3398237074069
COG,1992,16.4486089644513
COG,1991,28.0499544685833
COG,1990,19.0419947506562
CRI,2025,32.6419987386084
CRI,2024,32.3235388479498
CRI,2023,33.3422823259329
CRI,2022,38.4635798410056
CRI,2021,34.2738345782266
CRI,2020,28.0486406587767
CRI,2019,31.2721746627109
CRI,2018,33.1284942428784
CRI,2017,32.3092705863581
CRI,2016,30.9183821849967
CRI,2015,30.7579041649883
CRI,2014,33.8283267683351
CRI,2013,33.4747614088744
CRI,2012,35.3972218749191
CRI,2011,36.1666751589609
CRI,2010,34.6826781316843
CRI,2009,35.1270124668251
CRI,2008,47.5950523878602
CRI,2007,45.8744584376952
CRI,2006,46.5005192313654
CRI,2005,45.7581418157306
CRI,2004,43.0488230518016
CRI,2003,42.6559945741523
CRI,2002,41.1894086478451
CRI,2001,40.34418555697
CRI,2000,43.5946009234176
CRI,1999,44.9807483685876
CRI,1998,48.0751785973153
CRI,1997,46.0041275916946
CRI,1996,44.0451673511629
CRI,1995,41.6451584380874
CRI,1994,42.1126463588337
CRI,1993,43.3151151589636
CRI,1992,40.8144799208346
CRI,1991,38.0335582909336
CRI,1990,41.0948958578585
CIV,2025,24.7725112286093
CIV,2024,25.2369734315673
CIV,2023,26.3816648596191
CIV,2022,28.5990307151189
CIV,2021,22.8177649393033
CIV,2020,20.9491633347529
CIV,2019,21.9999218180343
CIV,2018,23.3433087934287
CIV,2017,23.1637208708339
CIV,2016,22.6237159080384
CIV,2015,25.3599716787416
CIV,2014,25.5234587964808
CIV,2013,29.1922765951579
CIV,2012,35.3185989207826
CIV,2011,29.4345267091711
CIV,2010,33.9733654904249
CIV,2009,31.2601624421082
CIV,2008,30.9269522255755
CIV,2007,30.9399896242992
CIV,2006,30.8494468280311
CIV,2005,30.9419558150439
CIV,2004,27.9770074357315
CIV,2003,24.519047274628
CIV,2002,24.5407867899829
CIV,2001,25.6442900885205
CIV,2000,27.1739330659549
CIV,1999,27.1560610571387
CIV,1998,26.4693800454037
CIV,1997,25.8443392956736
CIV,1996,24.7494855091821
CIV,1995,34.4430442415714
CIV,1994,29.3092561526606
CIV,1993,25.9060689749106
CIV,1992,28.1155784085479
CIV,1991,26.9860949698451
CIV,1990,27.1116209401211
HRV,2025,53.0142511427803
HRV,2024,54.7709679296898
HRV,2023,54.7104286111181
HRV,2022,65.8985698016654
HRV,2021,52.5410074901873
HRV,2020,48.2677755005518
HRV,2019,50.9033621097876
HRV,2018,49.9741463508053
HRV,2017,48.3290436740931
HRV,2016,45.5199091788252
HRV,2015,45.2203802810773
HRV,2014,42.7988767050013
HRV,2013,41.4495583862234
HRV,2012,40.3049719809783
HRV,2011,39.7330618207574
HRV,2010,37.1442701074495
HRV,2009,37.6010027530944
HRV,2008,46.1046074535496
HRV,2007,45.7953862512135
HRV,2006,45.9711319321347
HRV,2005,45.0899643459274
HRV,2004,45.0836975589451
HRV,2003,45.8965882466219
HRV,2002,45.2698165883309
HRV,2001,42.3047056996428
HRV,2000,39.511788024202
HRV,1999,36.1289165807522
HRV,1998,35.8483621641516
HRV,1997,43.8422391857506
HRV,1996,36.7463617463617
HRV,1995,35.4988546703996
CUB,2024,82.393075562947
CUB,2023,74.9071109422767
CUB,2022,53.3711476828839
CUB,2021,45.1302047988144
CUB,2020,7.51453163424994
CUB,2019,10.6075167556822
CUB,2018,12.5608150580168
CUB,2017,11.6711658982294
CUB,2016,12.2865819010971
CUB,2015,14.4664236659444
CUB,2014,17.1902683120062
CUB,2013,20.2234665837092
CUB,2012,20.35520433136
CUB,2011,21.8567908392521
CUB,2010,17.7216764084069
CUB,2009,15.4542525773196
CUB,2008,24.3496150892259
CUB,2007,17.6312497973684
CUB,2006,18.4745595607363
CUB,2005,18.3433309837714
CUB,2004,15.2896369395074
CUB,2003,13.6351988234377
CUB,2002,13.2022446822762
CUB,2001,16.1266191955155
CUB,2000,16.9459585020971
CUB,1999,17.3314531691585
CUB,1998,18.2520187648191
CUB,1997,17.830230962636
CUB,1996,17.3119725417006
CUB,1995,15.9069057573438
CUB,1994,14.5361829051286
CUB,1993,15.721620226131
CUB,1992,18.2286003717764
CUB,1991,29.0649368268852
CUB,1990,40.8754480094934
CUW,2018,92.0228579057409
CUW,2017,80.1827602645416
CUW,2016,76.0574692224813
CUW,2015,79.8196994937989
CUW,2014,88.4276967174327
CUW,2013,92.1071662966481
CUW,2012,102.440639046683
CUW,2011,99.937746730607
CUW,2010,88.3926786019718
CUW,2009,84.0183277171187
CUW,2008,97.2727835361358
CUW,2007,85.1956804092839
CUW,2006,81.1648585918578
CUW,2005,75.4151748217441
CYP,2025,91.9222700471352
CYP,2024,93.3826349823034
CYP,2023,94.3509872559874
CYP,2022,101.087453739449
CYP,2021,86.0699036565075
CYP,2020,81.0214637422846
CYP,2019,74.747298763229
CYP,2018,73.1124327895079
CYP,2017,74.1768764188964
CYP,2016,68.538046229121
CYP,2015,67.2591233478671
CYP,2014,64.8926582065034
CYP,2013,59.6296102081412
CYP,2012,57.0658923564013
CYP,2011,57.1630454027873
CYP,2010,58.5671734221764
CYP,2009,54.0688414967863
CYP,2008,62.8442350525052
CYP,2007,58.0161427153915
CYP,2006,56.3706871621756
CYP,2005,56.2249587732868
CYP,2004,57.0138104005206
CYP,2003,56.2425050360864
CYP,2002,61.2360253457133
CYP,2001,63.6402127969492
CYP,2000,67.532079331125
CYP,1999,64.2828693446888
CYP,1998,66.2122552879049
CYP,1997,70.5773675916753
CYP,1996,70.6413161934037
CYP,1995,67.6272202950778
CYP,1994,48.0866676853291
CYP,1993,47.9250010692282
CYP,1992,60.6400470769365
CYP,1991,57.094254102569
CYP,1990,57.1076439963087
CZE,2025,61.0943414396528
CZE,2024,62.6080799110665
CZE,2023,63.489491367431
CZE,2022,71.6020659665878
CZE,2021,66.8280711600245
CZE,2020,61.0194570714913
CZE,2019,66.0297588552233
CZE,2018,69.5319364042301
CZE,2017,70.066402231634
CZE,2016,70.4386716580323
CZE,2015,74.0058338544563
CZE,2014,75.0640876146159
CZE,2013,69.9218351786551
CZE,2012,70.375384920209
CZE,2011,66.5002179298254
CZE,2010,61.8648821012499
CZE,2009,54.5734703162206
CZE,2008,60.870589295922
CZE,2007,63.7261971530059
CZE,2006,62.164032482667
CZE,2005,59.4324208687688
CZE,2004,56.2744978021405
CZE,2003,48.0795370036041
CZE,2002,46.0995257474119
CZE,2001,49.9150323317027
CZE,2000,49.6761678543151
CZE,1999,42.9663362406413
CZE,1998,42.1248439289515
CZE,1997,44.1351316041027
CZE,1996,42.7005209295452
CZE,1995,42.9725595627246
CZE,1994,37.9658823592353
CZE,1993,38.5400788972073
CZE,1992,38.3822224024411
CZE,1991,32.6133162989802
CZE,1990,30.3597659369378
DNK,2025,59.1052317850969
DNK,2024,60.7630177709021
DNK,2023,60.3109753721333
DNK,2022,61.2406100314303
DNK,2021,53.114124825695
DNK,2020,49.3965353466999
DNK,2019,52.9408671489359
DNK,2018,51.8306171211701
DNK,2017,48.869725359068
DNK,2016,47.7088309101261
DNK,2015,49.3160408805133
DNK,2014,48.3774554736546
DNK,2013,48.6919040131042
DNK,2012,49.2814378993139
DNK,2011,47.929303227068
DNK,2010,43.7969476962718
DNK,2009,42.3959469016436
DNK,2008,50.4993914403968
DNK,2007,48.6501873591805
DNK,2006,46.7454946434639
DNK,2005,42.0236740114126
DNK,2004,38.1861860150935
DNK,2003,36.9881530117296
DNK,2002,38.8192372031409
DNK,2001,38.3930783589425
DNK,2000,38.1634023715179
DNK,1999,33.3632842247274
DNK,1998,34.1347093080278
DNK,1997,33.4627319339757
DNK,1996,31.4292069189282
DNK,1995,31.9299840662634
DNK,1994,30.9572336017584
DNK,1993,29.0558254166983
DNK,1992,30.0375995107817
DNK,1991,31.47403757752
DNK,1990,30.8736382321325
DJI,2025,95.8024545556204
DJI,2024,114.822195954032
DJI,2023,135.160721202385
DJI,2022,143.034673702738
DJI,2021,120.749534759797
DJI,2020,108.610017288247
DJI,2019,154.221365882795
DJI,2018,143.778914001572
DJI,2017,155.869604932974
DJI,2016,109.307973495828
DJI,2015,122.942148774525
DJI,2014,140.615207979648
DJI,2013,191.30621456487
DOM,2025,27.8549846998204
DOM,2024,29.0155869970404
DOM,2023,28.5202966444017
DOM,2022,32.3520110514603
DOM,2021,30.4217229317071
DOM,2020,25.9359541051708
DOM,2019,27.587649613902
DOM,2018,28.3420813139322
DOM,2017,26.5797835870437
DOM,2016,27.5367900859185
DOM,2015,28.3102891430464
DOM,2014,30.2532014581601
DOM,2013,31.4299480948682
DOM,2012,33.7396322737183
DOM,2011,34.7422976260316
DOM,2010,33.2822778009833
DOM,2009,29.5577550688862
DOM,2008,37.4801543310121
DOM,2007,34.4672371412028
DOM,2006,35.5415663659558
DOM,2005,33.3224205843488
DOM,2004,40.2039462963058
DOM,2003,42.2965050258884
DOM,2002,37.9992727472887
DOM,2001,38.6199477193794
DOM,2000,43.8025679543791
DOM,1999,41.3216511739672
DOM,1998,41.6014184344939
DOM,1997,39.0109496254079
DOM,1996,37.755781144158
DOM,1995,38.671237757911
DOM,1994,40.9493683538865
DOM,1993,41.6135643746557
DOM,1992,43.661051225615
DOM,1991,43.0130958068007
DOM,1990,38.5877057661042
ECU,2025,27.9181990841101
ECU,2024,26.9457668073473
ECU,2023,28.5131570051099
ECU,2022,30.9555471259573
ECU,2021,26.1953000265705
ECU,2020,20.7057487735965
ECU,2019,24.0342148947594
ECU,2018,24.4654774807509
ECU,2017,22.1321359260048
ECU,2016,19.9952006437747
ECU,2015,25.0735539811836
ECU,2014,30.0713399277247
ECU,2013,31.058033826413
ECU,2012,32.1715182739742
ECU,2011,33.9223143131735
ECU,2010,33.2916897335927
ECU,2009,28.0377172282183
ECU,2008,34.3139954933835
ECU,2007,31.3681523449196
ECU,2006,30.1406704488754
ECU,2005,29.3310019856824
ECU,2004,26.9748580669833
ECU,2003,25.51576918198
ECU,2002,29.0822270570441
ECU,2001,28.5213530213856
ECU,2000,27.8532356265599
ECU,1999,22.82370915869
ECU,1998,25.5031570829793
ECU,1997,23.4822601074067
ECU,1996,21.9424179952391
ECU,1995,24.624367359648
ECU,1994,23.4979294250568
ECU,1993,23.1353775913338
ECU,1992,20.6728035108946
ECU,1991,21.5220563955058
ECU,1990,21.8305402720974
EGY,2025,31.5143194274435
EGY,2024,23.2245098772607
EGY,2023,21.3443094314355
EGY,2022,21.8960790564233
EGY,2021,19.295823265447
EGY,2020,19.6534798296655
EGY,2019,24.4799857040743
EGY,2018,27.9263640649779
EGY,2017,27.8180475395935
EGY,2016,19.9010851110947
EGY,2015,21.6620974671631
EGY,2014,22.6760563380282
EGY,2013,23.3551924317351
EGY,2012,24.3148026512211
EGY,2011,24.6882065494858
EGY,2010,26.5871042599039
EGY,2009,31.596622529265
EGY,2008,38.6376326074819
EGY,2007,34.828141783029
EGY,2006,31.5687226809131
EGY,2005,32.6090993500464
EGY,2004,29.5899443643107
EGY,2003,24.3832335329341
EGY,2002,22.6708894167326
EGY,2001,22.330638416504
EGY,2000,22.8168185827698
EGY,1999,23.3094928478544
EGY,1998,25.7132915796799
EGY,1997,24.8965776607747
EGY,1996,26.1987794245859
EGY,1995,27.6960784313726
EGY,1994,28.0571428571429
EGY,1993,30.090206185567
EGY,1992,30.9130122214234
EGY,1991,35.3777777777778
EGY,1990,32.5678496868476
SLV,2025,56.1114968872001
SLV,2024,53.0227154854696
SLV,2023,51.0204099872994
SLV,2022,56.2676438832499
SLV,2021,53.0635805908039
SLV,2020,41.9327086708139
SLV,2019,46.0861034911466
SLV,2018,46.69924310697
SLV,2017,45.2748868157855
SLV,2016,44.3605028722982
SLV,2015,47.0740977138215
SLV,2014,48.5515505143743
SLV,2013,50.7262984426328
SLV,2012,49.077510444844
SLV,2011,50.2948661442788
SLV,2010,46.5906183461333
SLV,2009,42.1199866830439
SLV,2008,53.925386767807
SLV,2007,52.05402148515
SLV,2006,47.5158891717381
SLV,2005,44.4492447952102
SLV,2004,43.8760536948454
SLV,2003,42.3135617186615
SLV,2002,40.4060013216952
SLV,2001,40.8814464794137
SLV,2000,41.8828186786415
SLV,1999,36.5940881748165
SLV,1998,36.4857048487858
SLV,1997,37.535256223719
SLV,1996,34.140868831963
SLV,1995,37.8062530767527
SLV,1994,35.225925673205
SLV,1993,34.1549873469171
SLV,1992,32.5423302679381
SLV,1991,30.5276575266685
SLV,1990,31.1186403671826
GNQ,2025,28.4121930553738
GNQ,2024,29.3128827424467
GNQ,2023,22.8840801675135
GNQ,2022,28.8459309342984
GNQ,2021,31.839097550571
GNQ,2020,37.0824347940291
GNQ,2019,43.7480428771542
GNQ,2018,44.0311468985135
GNQ,2017,43.5651530381
GNQ,2016,41.1879007790367
GNQ,2015,42.2195853462674
GNQ,2014,38.4159100730149
GNQ,2013,39.239968263518
GNQ,2012,44.7704306482886
GNQ,2011,39.2820339785109
GNQ,2010,58.9097918026514
GNQ,2009,47.8698671729483
GNQ,2008,39.4636564211627
GNQ,2007,45.462495885091
GNQ,2006,36.2071319224003
GNQ,2005,43.6070886820041
ERI,2011,29.2389528621013
ERI,2010,31.0930888587001
ERI,2009,23.443517755704
ERI,2008,26.132193400212
ERI,2007,28.7877069488713
ERI,2006,38.3613366615876
ERI,2005,54.9403177017381
ERI,2004,59.7955078666408
ERI,2003,67.5654964566073
ERI,2002,64.8089828171642
ERI,2001,61.2556705989949
ERI,2000,58.2107413330059
ERI,1999,86.7248286299297
ERI,1998,80.0930820850693
ERI,1997,85.7999538709925
ERI,1996,87.3837499432927
ERI,1995,82.9346092503987
ERI,1994,82.8621152906693
ERI,1993,71.5033107169133
ERI,1992,44.953583024649
EST,2025,77.397561624675
EST,2024,75.3682190891409
EST,2023,76.8179574100507
EST,2022,88.2571814212899
EST,2021,80.8560134825861
EST,2020,69.2380878779785
EST,2019,68.3329936436289
EST,2018,70.5847297075262
EST,2017,70.3300925612348
EST,2016,72.2693705459549
EST,2015,72.4726968902071
EST,2014,77.3642096124932
EST,2013,81.1475215218144
EST,2012,83.7579774018928
EST,2011,80.4764549117819
EST,2010,68.6258213568171
EST,2009,55.8976580434008
EST,2008,70.2931634193843
EST,2007,71.3854203253559
EST,2006,73.3643829935577
EST,2005,70.49029909985
EST,2004,68.8836548744895
EST,2003,65.5974307148297
EST,2002,65.3433238899221
EST,2001,65.2512510886738
EST,2000,64.8682320515843
EST,1999,74.2503456699339
EST,1998,83.203890024196
EST,1997,80.6689784959639
EST,1996,71.6981931917923
EST,1995,73.1861262675433
EST,1994,79.0457646039902
EST,1993,67.999591454774
SWZ,2024,53.7247291821506
SWZ,2023,51.2235887477672
SWZ,2022,48.076193408446
SWZ,2021,45.3188173110744
SWZ,2020,40.4108252252354
SWZ,2019,41.879310331856
SWZ,2018,44.6206572274169
SWZ,2017,43.723843013338
SWZ,2016,44.0715568407052
SWZ,2015,43.4033184330972
SWZ,2014,46.2993493364779
SWZ,2013,43.3963782014317
ETH,2025,20.176028072184
ETH,2024,11.8611650370138
ETH,2023,14.0022832166203
ETH,2022,18.351539318761
ETH,2021,16.7133482738948
ETH,2020,16.8789144437579
ETH,2019,20.8753289040091
ETH,2018,22.8266908218905
ETH,2017,23.4742747776515
ETH,2016,27.0869584993198
ETH,2015,30.2928105475922
ETH,2014,29.0994642402923
ETH,2013,28.9877135217855
ETH,2012,31.630605984481
ETH,2011,31.5460822119553
FRO,2024,51.1965472445594
FRO,2023,56.1416424338352
FRO,2022,61.4889375342037
FRO,2021,51.5075560523657
FRO,2020,48.7958252159572
FRO,2019,52.853529673679
FRO,2018,54.0566581242426
FRO,2017,50.8736087818265
FRO,2016,50.0163690319038
FRO,2015,52.3941791303344
FRO,2014,52.7282510333358
FRO,2013,58.6193202501903
FRO,2012,64.5990255698994
FRO,2011,53.4119798403283
FRO,2010,50.4598069268427
FRO,2009,53.2021545385859
FRO,2008,57.5214476472581
FRO,2007,57.3765599352858
FRO,2006,55.5951894788602
FRO,2005,58.9168956694779
FRO,2004,49.7135446908992
FRO,2003,61.4859060267022
FRO,2002,49.559429791884
FRO,2001,53.3412035167293
FRO,2000,59.2097941012799
FRO,1999,51.7300114401932
FRO,1998,44.9592716171127
FRO,1997,48.8892492297714
FRO,1996,48.9194841408156
FRO,1995,34.970297029703
FRO,1994,32.1798590965603
FRO,1993,28.9014997973247
FRO,1992,36.4675984752224
FRO,1991,33.2874828060523
FRO,1990,35.0487722838883
FJI,2024,64.5569713758079
FJI,2023,68.7751558036874
FJI,2022,69.2333664893277
FJI,2021,53.0058642512919
FJI,2020,46.6708837290465
FJI,2019,60.0479774142425
FJI,2018,55.486624174387
FJI,2017,51.0060974871323
FJI,2016,50.5272491970504
FJI,2015,52.3522933763022
FJI,2014,58.4780304692716
FJI,2013,69.4749584086648
FJI,2012,64.1746479885176
FJI,2011,65.1962418255196
FJI,2010,63.7935013391539
FJI,2009,59.4327056864841
FJI,2008,73.8730692581708
FJI,2007,61.7874671421481
FJI,2006,67.966652271063
FJI,2005,63.6726190476191
FJI,2004,70.9211395452899
FJI,2003,68.7058607722645
FJI,2002,64.2522198942432
FJI,2001,69.0430622009569
FJI,2000,70.5091957562355
FJI,1999,61.6003775464723
FJI,1998,58.432029228193
FJI,1997,58.5465270413574
FJI,1996,58.8611408677022
FJI,1995,58.8473059294814
FJI,1994,59.4366091803524
FJI,1993,59.4251734390486
FJI,1992,54.8931920805835
FJI,1991,60.5044074436827
FJI,1990,67.1565656565657
FIN,2025,41.0692518801012
FIN,2024,41.5477928788049
FIN,2023,42.7457372575594
FIN,2022,48.2777537715821
FIN,2021,39.8675049444453
FIN,2020,35.9702521712277
FIN,2019,39.9458321803805
FIN,2018,39.9943942562687
FIN,2017,37.772467134834
FIN,2016,36.3888798750214
FIN,2015,36.1802542437391
FIN,2014,37.8217677491438
FIN,2013,39.2349764369991
FIN,2012,40.4954635738454
FIN,2011,39.7485517694974
FIN,2010,37.0481591521523
FIN,2009,34.0446254161279
FIN,2008,41.2868784523276
FIN,2007,39.0342084582939
FIN,2006,38.9173960581045
FIN,2005,36.3104708925947
FIN,2004,32.3482906117512
FIN,2003,30.7420541281622
FIN,2002,30.1738075990299
FIN,2001,30.5159287201012
FIN,2000,32.8772747936005
FIN,1999,28.6417943383141
FIN,1998,29.5389060956066
FIN,1997,30.4557437434546
FIN,1996,29.4331074654089
FIN,1995,28.3360757307981
FIN,1994,28.4248615493237
FIN,1993,26.8146244597594
FIN,1992,24.6962941995141
FIN,1991,22.2153187670429
FIN,1990,23.6939888307462
FRA,2025,33.7995547693485
FRA,2024,34.2184333099912
FRA,2023,36.1698881831383
FRA,2022,39.3469593713211
FRA,2021,32.5004326976615
FRA,2020,30.2816679047993
FRA,2019,33.5394177830602
FRA,2018,33.8842788890102
FRA,2017,33.0840141110421
FRA,2016,31.8445463682721
FRA,2015,31.8111924693795
FRA,2014,31.4574540364356
FRA,2013,31.2279485306189
FRA,2012,31.3032784243658
FRA,2011,31.0667881455656
FRA,2010,28.7610671562408
FRA,2009,26.3181640716005
FRA,2008,29.9807331629246
FRA,2007,29.2940266620733
FRA,2006,28.9414290456532
FRA,2005,27.65927959839
FRA,2004,26.2116609694066
FRA,2003,25.4619146196714
FRA,2002,26.4018230910334
FRA,2001,27.4626293461303
FRA,2000,28.0279980425069
FRA,1999,24.4636841396038
FRA,1998,24.1686656996833
FRA,1997,23.1731284270416
FRA,1996,21.9894774043751
FRA,1995,21.7420067714481
FRA,1994,21.0008368568964
FRA,1993,19.9093069269938
FRA,1992,21.517950603772
FRA,1991,22.5394312881118
FRA,1990,22.59758568885
PYF,2024,46.1474942154353
PYF,2023,47.6042820228867
PYF,2022,47.7092805835453
PYF,2021,39.5356912545265
PYF,2020,36.3334549622008
PYF,2019,42.7137533727575
PYF,2018,44.0354941009849
PYF,2017,35.0207320734508
PYF,2016,34.0038608344667
PYF,2015,36.0167035606796
PYF,2014,36.5275724349845
PYF,2013,37.5458750721915
PYF,2012,38.6031337765127
PYF,2011,37.9997781375209
PYF,2010,37.66575344466
PYF,2009,34.9626429181304
PYF,2008,39.1070531164029
PYF,2007,37.0756587777864
PYF,2006,36.3589985017265
PYF,2005,38.4154876814163
PYF,2000,23.2466396203025
PYF,1999,23.5111987070844
PYF,1998,27.7915325012631
PYF,1997,24.8672443499672
PYF,1996,24.3832022288022
PYF,1995,23.9939763136617
PYF,1994,23.6780433322519
PYF,1993,23.5889490728346
PYF,1992,24.0647812900642
PYF,1991,26.8221569221007
GAB,2025,29.3993027616937
GAB,2024,27.4685070347277
GAB,2023,27.750375538247
GAB,2022,24.4843556565515
GAB,2021,24.4091917128693
GAB,2020,22.5145718306477
GAB,2019,21.9970162214648
GAB,2018,22.7375212062962
GAB,2017,24.8419864730712
GAB,2016,26.0980337724197
GAB,2015,27.9177729544577
GAB,2014,28.9994366216762
GAB,2013,33.2776302665374
GAB,2012,31.3924675039244
GAB,2011,28.7540052056817
GAB,2010,31.4941703485316
GAB,2009,31.3328452395852
GAB,2008,26.7991605832374
GAB,2007,26.6038745775238
GAB,2006,28.077592735444
GAB,2005,23.9409270825355
GAB,2004,26.728381864986
GAB,2003,28.3731737105414
GAB,2002,32.1501818428416
GAB,2001,29.3633807625275
GAB,2000,32.6697522310293
GAB,1999,38.1189481017067
GAB,1998,48.5684310018904
GAB,1997,37.2322537068605
GAB,1996,33.0076558637737
GAB,1995,35.7476971557854
GAB,1994,38.2510468214595
GAB,1993,34.5484230291866
GAB,1992,33.7932892329726
GAB,1991,33.2714792537205
GAB,1990,30.8589411329137
GMB,2025,49.4409619200013
GMB,2024,33.4217749272191
GMB,2023,32.9087936176572
GMB,2022,36.1520709046807
GMB,2021,35.4806480369685
GMB,2020,37.7878762852843
GMB,2019,35.8320203806507
GMB,2018,42.5242842292877
GMB,2017,37.252844786499
GMB,2016,25.3584531644371
GMB,2015,28.9515244974666
GMB,2014,36.4210353312654
GMB,2013,26.482754996429
GMB,2012,27.8589908793607
GMB,2011,25.780297578409
GMB,2010,26.3447001496494
GMB,2009,26.0312868996824
GMB,2008,24.6138992810955
GMB,2007,26.2608870053629
GMB,2006,29.3397562431418
GMB,2005,30.1154326166684
GMB,2004,29.3395166933091
GMB,2003,37.765006589094
GMB,2002,32.4855663356834
GMB,2001,25.1084650526988
GMB,2000,30.5611455661123
GMB,1999,28.0159364396815
GMB,1998,28.565387616061
GMB,1997,25.3852955516743
GMB,1996,29.1557227815931
GMB,1995,35.5011489922873
GMB,1994,28.6764609354065
GMB,1993,36.4379064785144
GMB,1992,36.8503769782072
GMB,1991,34.6640272408911
GMB,1990,71.582679085085
GEO,2025,53.2223570641145
GEO,2024,55.6414053871245
GEO,2023,57.8841193302132
GEO,2022,62.2165584682954
GEO,2021,58.9265463408208
GEO,2020,55.9907600072305
GEO,2019,63.5057718296264
GEO,2018,60.1521994975096
GEO,2017,56.707725205612
GEO,2016,54.9269603042158
GEO,2015,56.8790621743661
GEO,2014,55.7688121808209
GEO,2013,52.8724195209005
GEO,2012,54.0953002114923
GEO,2011,51.6024928158167
GEO,2010,49.2059203575782
GEO,2009,48.6478372067163
GEO,2008,58.0349045080184
GEO,2007,57.5751156304064
GEO,2006,56.6545080094852
GEO,2005,51.2705556368268
GEO,2004,47.9118105106725
GEO,2003,46.1776485561822
GEO,2002,42.3998497854077
GEO,2001,38.8685585855559
GEO,2000,39.6669292250666
GEO,1999,38.0962813343447
GEO,1998,37.1079349276199
GEO,1997,42.142841774792
GEO,1996,32.3703450949981
GEO,1995,42.3267831001806
GEO,1994,109.130510916547
GEO,1993,71.7501478938092
GEO,1992,66.2868632707775
GEO,1991,31.413612565445
GEO,1990,45.4363223306161
DEU,2025,38.0780373654056
DEU,2024,37.6566712174028
DEU,2023,38.9952859590786
DEU,2022,43.1573498705316
DEU,2021,37.3996969318423
DEU,2020,33.8137258311309
DEU,2019,36.7329982359327
DEU,2018,36.6283346388937
DEU,2017,35.2518818760857
DEU,2016,34.3704482647463
DEU,2015,35.1711839535087
DEU,2014,35.1546840812607
DEU,2013,35.9057450252575
DEU,2012,36.6460661312909
DEU,2011,36.7893742423305
DEU,2010,34.389888577044
DEU,2009,30.6846112824132
DEU,2008,35.1642927763703
DEU,2007,34.2470360551014
DEU,2006,33.7897435474697
DEU,2005,30.9999527026155
DEU,2004,28.9712783030388
DEU,2003,27.6466991846698
DEU,2002,27.1421182354634
DEU,2001,28.9988749869052
DEU,2000,29.5149460477259
DEU,1999,25.4893512545493
DEU,1998,24.4953048741291
DEU,1997,23.6789210951718
DEU,1996,21.6214170158045
DEU,1995,21.1246203807509
DEU,1994,20.4900381932732
DEU,1993,19.8703722671765
DEU,1992,22.5944943826796
DEU,1991,24.0694014237156
DEU,1990,22.9485429079431
GHA,2024,33.9110885619442
GHA,2023,32.617045035709
GHA,2022,35.4514122414706
GHA,2021,32.6527114432115
GHA,2020,35.0500782295317
GHA,2019,39.3752028696209
GHA,2018,34.5036220155637
GHA,2017,36.6714905104435
GHA,2016,36.6837602962245
GHA,2015,42.6895661009546
GHA,2014,35.6046602824807
GHA,2013,35.318538506149
GHA,2012,52.808816954646
GHA,2011,49.3588453047101
GHA,2010,45.901097808525
GHA,2009,42.3028725496475
GHA,2008,44.4847683116359
GHA,2007,40.8292316808483
GHA,2006,39.8628637530195
GHA,2005,61.7222971639139
GHA,2004,60.3670092258015
GHA,2003,56.6081030628332
GHA,2002,54.8729912815685
GHA,2001,64.8128376940797
GHA,2000,67.2461725439646
GHA,1999,49.6267650803215
GHA,1998,46.7281914893617
GHA,1997,52.9915470404013
GHA,1996,40.0927619568381
GHA,1995,32.9266483481043
GHA,1994,36.7625168107589
GHA,1993,36.4152010536918
GHA,1992,28.7676403692637
GHA,1991,25.5248032052346
GHA,1990,25.850287720007
GRC,2025,43.9898535848415
GRC,2024,47.6648496225666
GRC,2023,48.6322498290894
GRC,2022,58.8902226709721
GRC,2021,47.7522568992909
GRC,2020,38.843313969663
GRC,2019,41.0298063980194
GRC,2018,40.6071808082905
GRC,2017,36.103137372539
GRC,2016,32.4781888673706
GRC,2015,33.0852861573132
GRC,2014,33.9184908742053
GRC,2013,32.6275287772745
GRC,2012,33.4283897048617
GRC,2011,30.9853964410338
GRC,2010,29.1936887978789
GRC,2009,27.6480773891011
GRC,2008,34.3204916281311
GRC,2007,32.7774943504585
GRC,2006,30.329773779727
GRC,2005,29.3630031508258
GRC,2004,29.2160067589458
GRC,2003,29.0208197707737
GRC,2002,29.6702347678407
GRC,2001,33.6978743793252
GRC,2000,35.1013997962753
GRC,1999,28.7601191111593
GRC,1998,26.0039798757566
GRC,1997,23.0682195187208
GRC,1996,22.5075465825416
GRC,1995,21.7558214495402
GRC,1994,20.8301695683564
GRC,1993,22.0392804676088
GRC,1992,22.9654502840077
GRC,1991,23.3964817257264
GRC,1990,24.3139691998969
GRL,2023,51.0914572688916
GRL,2022,52.5750457267869
GRL,2021,49.6283883305726
GRL,2020,46.6936792527507
GRL,2019,51.148051064511
GRL,2018,45.3221117220578
GRL,2017,43.5150221202513
GRL,2016,45.0726252078338
GRL,2015,45.5215358812404
GRL,2014,48.61576076735
GRL,2013,58.2108160084883
GRL,2012,63.4664108755334
GRL,2011,92.5500100609904
GRL,2010,76.4163943742009
GRL,2009,55.0262482673194
GRL,2008,70.394091376455
GRL,2007,58.7647889738963
GRL,2006,51.8907405087082
GRL,2005,58.6472672201639
GRL,2004,48.8657074560158
GRL,2003,49.501392594901
GUM,2022,63.9797395079595
GUM,2021,58.7423804940648
GUM,2020,57.2684246112238
GUM,2019,55.8143194335169
GUM,2018,53.7101305569327
GUM,2017,50.291036088475
GUM,2016,51.4489069649212
GUM,2015,53.26780479393
GUM,2014,59.5187165775401
GUM,2013,60.0296351176144
GUM,2012,57.6828110161444
GUM,2011,59.169341894061
GUM,2010,54.9403919983835
GUM,2009,54.6603148301574
GUM,2008,57.3851438385573
GUM,2007,56.6067773481919
GUM,2006,49.056158565361
GUM,2005,43.7455494896748
GUM,2004,46.1359524424916
GUM,2003,46.3435135892407
GUM,2002,47.6134354743665
GTM,2025,30.9684374704532
GTM,2024,31.4218348560856
GTM,2023,31.7123069758568
GTM,2022,35.4973111273629
GTM,2021,31.6314924570096
GTM,2020,24.7971475931852
GTM,2019,27.9047614104306
GTM,2018,28.8423594935889
GTM,2017,27.5743640248619
GTM,2016,27.6196464426206
GTM,2015,30.0635447457053
GTM,2014,33.3389129283464
GTM,2013,34.6870824337369
GTM,2012,36.6923266987792
GTM,2011,37.9793452571685
GTM,2010,36.8997282404628
GTM,2009,33.6728604918074
GTM,2008,40.0543846004484
GTM,2007,43.0208467063922
GTM,2006,42.572090305199
GTM,2005,41.6487980943867
GTM,2004,42.7954626492149
GTM,2003,40.8212394697631
GTM,2002,40.3785347273026
GTM,2001,42.0054848917618
GTM,2000,28.950553509261
GTM,1999,27.3555827290684
GTM,1998,26.2521333421554
GTM,1997,23.5958431339438
GTM,1996,22.5828356581591
GTM,1995,25.4303863115023
GTM,1994,24.850947749203
GTM,1993,26.0758970457648
GTM,1992,27.2962596372204
GTM,1991,21.5676502615202
GTM,1990,24.8419645279651
GIN,2025,62.2660777034909
GIN,2024,56.3848109609781
GIN,2023,51.6974637089281
GIN,2022,48.7466212613867
GIN,2021,58.9768995109853
GIN,2020,68.7954413842173
GIN,2019,43.3732638929645
GIN,2018,48.7770160108349
GIN,2017,56.5913353153077
GIN,2016,82.4679548110406
GIN,2015,50.9458587644995
GIN,2014,50.0834549289601
GIN,2013,53.9558259926726
GIN,2012,53.5369373306752
GIN,2011,53.3524319845148
GIN,2010,43.2053669152547
GIN,2009,47.2995570961211
GIN,2008,42.543781280909
GIN,2007,47.5700762474902
GIN,2006,45.5619859536022
GIN,2005,24.0804425048731
GIN,2004,17.7057122683229
GIN,2003,17.2730544386322
GIN,2002,19.8689639787901
GIN,2001,20.5875985166216
GIN,2000,19.8603371729124
GIN,1999,17.8547358250775
GIN,1998,18.4654325670549
GIN,1997,15.6740868489473
GIN,1996,16.6967305419004
GIN,1995,16.8203876660116
GIN,1994,17.7374442334341
GIN,1993,19.2609158383707
GIN,1992,17.8819971710782
GIN,1991,20.9766987806443
GIN,1990,22.9355833711082
GNB,2025,27.0129904065306
GNB,2024,27.6736356160346
GNB,2023,28.6938417209569
GNB,2022,31.2419637659019
GNB,2021,27.277887743448
GNB,2020,27.417360585386
GNB,2019,31.6628713407858
GNB,2018,29.542721705949
GNB,2017,30.3793671863376
GNB,2016,30.5259420089505
GNB,2015,29.3236636269032
GNB,2014,30.1755373568722
GNB,2013,26.7430406090989
GNB,2012,30.0112889962536
GNB,2011,29.3193643906809
GNB,2010,30.8751719385669
GNB,2009,32.4674393680016
GNB,2008,33.3723135538085
GNB,2007,35.1242261051223
GNB,2006,38.3829406200213
GNB,2005,32.2214287557155
GNB,2004,30.2588869731209
GNB,2003,26.1017170850596
GNB,2002,28.2204969889519
GNB,2001,37.5040278925575
GNB,2000,39.6445616542869
GNB,1999,40.7705359801738
GNB,1998,39.3951196891519
GNB,1997,64.5873636018508
GNB,1996,31.8357674176132
GNB,1995,35.1432633013846
GNB,1994,34.3093712456743
GNB,1993,32.7168642672532
GNB,1992,50.111885777812
GNB,1991,37.7911226446654
GNB,1990,37.0345133531428
GUY,2005,109.727888738605
GUY,2004,105.16261371892
GUY,2003,99.4857936750333
GUY,2002,104.421892936582
GUY,2001,106.70271738886
GUY,2000,110.687397263141
GUY,1999,104.550843062155
GUY,1998,107.909676606741
GUY,1997,109.47660608457
GUY,1996,108.71622317812
GUY,1995,112.116602014028
GUY,1994,116.170087917042
GUY,1993,131.046846289155
GUY,1992,149.224662558309
GUY,1991,120.294560642612
GUY,1990,79.8595600329228
HTI,2025,14.3255059948423
HTI,2024,16.4643255688329
HTI,2023,22.0482963060687
HTI,2022,25.8602985263172
HTI,2021,29.0598696670291
HTI,2020,29.7628756445846
HTI,2019,34.0110453423444
HTI,2018,34.3577537109868
HTI,2017,31.0710774426844
HTI,2016,29.8089312729643
HTI,2015,30.1779911327564
HTI,2014,31.3766902836191
HTI,2013,29.8162239978596
HTI,2012,30.6031478417748
HTI,2011,34.0804562349333
HTI,2010,36.1512359678808
HTI,2009,24.1803840064115
HTI,2008,27.3536480740629
HTI,2007,25.8388596388774
HTI,2006,28.0359023459967
HTI,2005,26.3577952437023
HTI,2004,25.4059576091787
HTI,2003,27.924907927616
HTI,2002,18.6552490054589
HTI,2001,20.5441579207626
HTI,2000,19.7955416317434
HTI,1999,29.6993675455569
HTI,1998,26.6203152531073
HTI,1997,26.4415064992779
HTI,1996,28.8957489227603
HTI,1995,28.7142552024301
HTI,1994,24.7129134203198
HTI,1993,37.9069165011657
HTI,1992,24.9661770390414
HTI,1991,29.4960446976821
HTI,1990,34.5046707191297
HND,2025,56.5155957723696
HND,2024,57.7477993509193
HND,2023,61.4232993622646
HND,2022,70.2593431190701
HND,2021,64.0072450999929
HND,2020,52.1257162805914
HND,2019,59.2410142548624
HND,2018,62.0963456541272
HND,2017,58.7192562426045
HND,2016,57.1016121691742
HND,2015,62.097647897982
HND,2014,65.4124425546899
HND,2013,68.3645589279634
HND,2012,70.2854169866486
HND,2011,70.9592159217832
HND,2010,63.6829320449336
HND,2009,57.3747551991386
HND,2008,84.4236785054621
HND,2007,81.5616233786251
HND,2006,77.0771930504925
HND,2005,77.4839263031749
HND,2004,77.0387752890733
HND,2003,68.154249680362
HND,2002,65.2668723958051
HND,2001,64.5613715073255
HND,2000,66.4199815853478
HND,1999,67.676382373969
HND,1998,63.5194819822519
HND,1997,61.7409506695596
HND,1996,62.0301241503603
HND,1995,57.6609429608238
HND,1994,61.2900048951596
HND,1993,52.7876956879978
HND,1992,43.1905413155689
HND,1991,44.8615807001042
HND,1990,46.8595541836794
HKG,2025,196.887724077323
HKG,2024,177.765724741209
HKG,2023,176.340412114544
HKG,2022,190.397810975171
HKG,2021,198.445417721854
HKG,2020,174.375222597563
HKG,2019,176.092205965367
HKG,2018,188.553266542735
HKG,2017,187.893267098083
HKG,2016,184.722102884528
HKG,2015,193.508347649149
HKG,2014,212.885458218013
HKG,2013,221.009958822525
HKG,2012,214.71896493916
HKG,2011,209.002290080282
HKG,2010,199.447963556362
HKG,2009,170.262498907636
HKG,2008,183.24162936526
HKG,2007,175.737056233629
HKG,2006,174.023498171751
HKG,2005,165.236292821103
HKG,2004,159.065157420675
HKG,2003,141.678675928188
HKG,2002,123.919694205301
HKG,2001,118.07928292341
HKG,2000,121.62256327285
HKG,1999,107.553738648435
HKG,1998,110.298576380235
HKG,1997,118.398814929615
HKG,1996,123.169251866549
HKG,1995,130.689647776688
HKG,1994,118.135402673374
HKG,1993,113.61145422713
HKG,1992,117.466331322092
HKG,1991,112.532781348227
HKG,1990,108.731159971698
HUN,2025,68.1488717964849
HUN,2024,71.7287545266774
HUN,2023,77.2313362577572
HUN,2022,95.1598173197492
HUN,2021,79.7760929506963
HUN,2020,76.4390711920722
HUN,2019,78.8598557678669
HUN,2018,79.3040792777992
HUN,2017,79.2867024953192
HUN,2016,77.8604810403383
HUN,2015,79.8558543571336
HUN,2014,81.3311909761454
HUN,2013,79.0822395844044
HUN,2012,80.088088903449
HUN,2011,80.5611968917104
HUN,2010,76.5854565403946
HUN,2009,70.9529277083853
HUN,2008,79.2492792526061
HUN,2007,77.7792667294669
HUN,2006,75.4250450899309
HUN,2005,65.4832893704085
HUN,2004,64.0515683344399
HUN,2003,60.4434251812765
HUN,2002,60.2019968736818
HUN,2001,66.109043850966
HUN,2000,70.4804715279449
HUN,1999,58.2965578716872
HUN,1998,54.4344397861419
HUN,1997,46.8449682273983
HUN,1996,41.2508567607868
HUN,1995,39.0656166831524
HUN,1994,30.9559622936573
HUN,1993,30.2680630747212
HUN,1992,27.7339527616677
HUN,1991,29.4946638273608
ISL,2025,42.3739315034894
ISL,2024,43.7243265430341
ISL,2023,43.2642884972263
ISL,2022,46.2910284667054
ISL,2021,38.8667730609771
ISL,2020,34.5162910716334
ISL,2019,39.0785036743144
ISL,2018,42.4630795898442
ISL,2017,40.6874458323076
ISL,2016,40.2709935033725
ISL,2015,43.5540283022997
ISL,2014,44.3742189059887
ISL,2013,44.873922837409
ISL,2012,48.2486426781962
ISL,2011,46.1759090330524
ISL,2010,41.3409926785325
ISL,2009,40.4959855661112
ISL,2008,41.985073993354
ISL,2007,41.2448705398412
ISL,2006,46.5803021619191
ISL,2005,41.3718527858994
ISL,2004,37.6444232683836
ISL,2003,35.1606697874083
ISL,2002,33.5645223886536
ISL,2001,37.3917452899082
ISL,2000,38.52039315884
ISL,1999,36.4632116779229
ISL,1998,37.5235064776939
ISL,1997,34.4029084865935
ISL,1996,34.1097589876587
ISL,1995,30.4836395524075
ISL,1994,29.2422378834371
ISL,1993,28.2823583451039
ISL,1992,29.0150050154723
ISL,1991,31.0745303477275
ISL,1990,30.8848665076175
IND,2025,24.0051596190103
IND,2024,23.8527091324349
IND,2023,23.9681500915008
IND,2022,26.6577666392086
IND,2021,24.0239304534931
IND,2020,19.0756283996012
IND,2019,21.2411386333872
IND,2018,23.6891407335327
IND,2017,21.9507321152243
IND,2016,20.9242508026814
IND,2015,22.1097247094602
IND,2014,25.9542227389497
IND,2013,28.4132706461587
IND,2012,31.2592910673332
IND,2011,31.0834686939585
IND,2010,26.8542732486216
IND,2009,25.8723502685274
IND,2008,29.2708631790835
IND,2007,24.8865689304448
IND,2006,24.4565390770687
IND,2005,22.3964229200356
IND,2004,19.6446890963991
IND,2003,15.6445222747346
IND,2002,15.2442790107467
IND,2001,13.4348751195257
IND,2000,13.9036865990995
IND,1999,13.363533431492
IND,1998,12.6810008997545
IND,1997,11.9286695486689
IND,1996,11.5443185997804
IND,1995,12.0234806711877
IND,1994,10.1900594604801
IND,1993,9.81732233160511
IND,1992,9.59017211680717
IND,1991,8.49348578059959
IND,1990,8.45291127605198
IDN,2025,20.5446587523346
IDN,2024,20.5002891005614
IDN,2023,19.6519133249671
IDN,2022,20.9617585096621
IDN,2021,18.7882026359018
IDN,2020,15.6410071153504
IDN,2019,19.0362497386225
IDN,2018,22.0715624579547
IDN,2017,19.17819263535
IDN,2016,18.3323479486654
IDN,2015,20.7774609817235
IDN,2014,24.414190988586
IDN,2013,24.7137962959288
IDN,2012,24.9885195110858
IDN,2011,23.8526600952268
IDN,2010,22.4022429392329
IDN,2009,21.3530017000775
IDN,2008,28.7531154639229
IDN,2007,25.3935314930811
IDN,2006,25.6224105005701
IDN,2005,29.9206682408643
IDN,2004,27.5446002184312
IDN,2003,23.1388389663355
IDN,2002,26.3918408785348
IDN,2001,30.7610684301127
IDN,2000,30.4595674435027
IDN,1999,27.4297837763323
IDN,1998,43.2180577941907
IDN,1997,28.134615525546
IDN,1996,26.4401916750537
IDN,1995,27.6464250504
IDN,1994,25.3656731979016
IDN,1993,23.768572466506
IDN,1992,27.1199706023253
IDN,1991,26.4883038133183
IDN,1990,25.5861024595444
IRN,2025,34.4882471351587
IRN,2024,28.5106585810839
IRN,2023,25.4719025417845
IRN,2022,23.3517323048057
IRN,2021,20.6531717002195
IRN,2020,25.4940926265882
IRN,2019,26.2770630040625
IRN,2018,26.975655484871
IRN,2017,21.3227621437797
IRN,2016,19.5674601594385
IRN,2015,20.7017541543144
IRN,2014,22.5207477521518
IRN,2013,21.9038111775683
IRN,2012,21.6140464814866
IRN,2011,16.2861016653904
IRN,2010,19.3709904542309
IRN,2009,20.988091086537
IRN,2008,21.6522753219841
IRN,2007,21.0436945171769
IRN,2006,23.2983234638014
IRN,2005,24.1096760770139
IRN,2004,26.0469290707658
IRN,2003,26.0516329444029
IRN,2002,23.75878439842
IRN,2001,21.2322461232876
IRN,2000,19.7901898959548
IRN,1999,15.5933909385954
IRN,1998,16.5448387339515
IRN,1997,15.3716272465768
IRN,1996,15.0261689147315
IRN,1995,13.4680042116275
IRN,1994,13.3229439837767
IRN,1993,20.6307526777243
IRN,1992,27.233336583065
IRN,1991,30.3698513617678
IRN,1990,23.801825898321
IRQ,2024,37.375421957139
IRQ,2023,29.8300885590124
IRQ,2022,24.2328478795559
IRQ,2021,24.1816154776761
IRQ,2020,29.992038843889
IRQ,2019,30.9380702213968
IRQ,2018,24.9991497435766
IRQ,2017,25.8648489788178
IRQ,2016,26.4797965093784
IRQ,2015,35.0776221572159
IRQ,2014,30.0407604054258
IRQ,2013,27.7464818743646
IRQ,2012,29.1002492300431
IRQ,2011,27.7538051840835
IRQ,2010,34.0806504059643
IRQ,2009,39.2872685626584
IRQ,2008,30.7272360450006
IRQ,2007,28.1930139321023
IRQ,2006,38.6185768669673
IRQ,2005,61.3946697285668
IRQ,2004,63.9630685911016
IRQ,2003,76.8418064070126
IRQ,2002,49.1919962298936
IRQ,2001,61.5068645821631
IRQ,2000,49.6328214205144
IRQ,1999,60.6797178341329
IRQ,1998,54.3441718723701
IRQ,1997,42.3411609933623
IRQ,1996,0.0177267092130249
IRQ,1995,0.0156224728764523
IRQ,1994,0.0640163712100481
IRQ,1993,0.469148000493709
IRQ,1992,1.33873809383155
IRQ,1991,2.50073024338305
IRQ,1990,7.42796348779201
IRL,2025,99.892247065173
IRL,2024,102.18527319637
IRL,2023,103.123260911001
IRL,2022,98.24943902068
IRL,2021,94.6346806407347
IRL,2020,118.968547119407
IRL,2019,126.428263568252
IRL,2018,96.4850005635176
IRL,2017,104.807812553807
IRL,2016,110.530093954898
IRL,2015,97.0154163297974
IRL,2014,96.0843365535719
IRL,2013,89.996105487119
IRL,2012,86.5339871284032
IRL,2011,83.8939936690886
IRL,2010,86.7531944309513
IRL,2009,80.0353171905146
IRL,2008,75.7061467778949
IRL,2007,72.5600589956647
IRL,2006,70.9871225320103
IRL,2005,68.6478778456041
IRL,2004,66.1119303691577
IRL,2003,65.6908892948051
IRL,2002,73.269862546548
IRL,2001,79.6163384642114
IRL,2000,80.5650833373973
IRL,1999,73.4108989379918
IRL,1998,73.4483179543601
IRL,1997,65.1446615207745
IRL,1996,63.9611164328373
IRL,1995,62.5831438049889
IRL,1994,58.5288692878587
IRL,1993,53.23571311034
IRL,1992,51.139984767087
IRL,1991,50.8583774469567
IRL,1990,50.3232067349584
ISR,2025,25.4308527107197
ISR,2024,25.9832493695112
ISR,2023,27.6493079272484
ISR,2022,29.2705404990247
ISR,2021,25.9998176202801
ISR,2020,23.9857646464416
ISR,2019,27.442766261022
ISR,2018,29.1153679363257
ISR,2017,27.3858098637803
ISR,2016,28.1780335374756
ISR,2015,28.0942665991862
ISR,2014,30.2858558244869
ISR,2013,31.374418442059
ISR,2012,35.3024648732099
ISR,2011,34.7735478331397
ISR,2010,32.1457670493261
ISR,2009,29.8947806045084
ISR,2008,38.2556283565228
ISR,2007,40.1566813273084
ISR,2006,39.4467915692611
ISR,2005,39.5509080785897
ISR,2004,37.8028663212841
ISR,2003,34.2265192789362
ISR,2002,34.6306555103017
ISR,2001,32.6609959062148
ISR,2000,34.6017360769697
ISR,1999,33.9636621905549
ISR,1998,30.0192127029514
ISR,1997,31.30325393289
ISR,1996,32.7115089337398
ISR,1995,33.5619303956027
ISR,1994,33.6986895315318
ISR,1993,33.9304862831471
ISR,1992,30.4428764993033
ISR,1991,31.7583388827304
ISR,1990,32.9712479849176
ITA,2025,30.2962066318587
ITA,2024,30.2575458513031
ITA,2023,31.7734723749599
ITA,2022,36.9173622620119
ITA,2021,29.1303687572707
ITA,2020,25.2136287172564
ITA,2019,27.7443163412796
ITA,2018,28.4614762392164
ITA,2017,27.4431081122137
ITA,2016,25.6333978099156
ITA,2015,26.2915747622901
ITA,2014,25.83212719685
ITA,2013,25.8567422253559
ITA,2012,26.8993081933752
ITA,2011,27.9092282905933
ITA,2010,26.743460391446
ITA,2009,22.8643169766079
ITA,2008,27.4714932992188
ITA,2007,27.5829870177519
ITA,2006,26.8704801353861
ITA,2005,24.6103208709435
ITA,2004,23.3395514425368
ITA,2003,22.7700362873432
ITA,2002,23.5586238603378
ITA,2001,24.3021921285051
ITA,2000,24.7135355199888
ITA,1999,21.3763886144254
ITA,1998,20.9855485636537
ITA,1997,20.3876735060337
ITA,1996,19.1397452090937
ITA,1995,20.9637474585342
ITA,1994,18.5412066407533
ITA,1993,17.3202135397634
ITA,1992,17.3944310239602
ITA,1991,16.8036988468653
ITA,1990,18.020777681444
JPN,2024,22.8730294879112
JPN,2023,22.5357732459138
JPN,2022,24.212763673007
JPN,2021,17.963407354096
JPN,2020,15.3905323905959
JPN,2019,17.320499861849
JPN,2018,17.8924314793812
JPN,2017,16.4730083398364
JPN,2016,14.933883194543
JPN,2015,17.6355206100133
JPN,2014,19.6564622476125
JPN,2013,17.9876603648252
JPN,2012,15.9003840894255
JPN,2011,15.3068591337385
JPN,2010,13.4572771845197
JPN,2009,11.8645663053454
JPN,2008,16.7187207629284
JPN,2007,15.3766330971291
JPN,2006,14.2156739417573
JPN,2005,12.3015669207116
JPN,2004,10.7716099665173
JPN,2003,9.74421919693225
JPN,2002,9.44913022539082
JPN,2001,9.34590509890227
JPN,2000,8.96530478392506
JPN,1999,8.22604679847918
JPN,1998,8.5212698599679
JPN,1997,9.22057606425274
JPN,1996,8.76359482919126
JPN,1995,7.44728380781174
JPN,1994,6.82672030924995
JPN,1993,6.66898790711991
JPN,1992,7.34510865017067
JPN,1991,7.97533003082628
JPN,1990,9.09411172156038
JOR,2007,91.7593332948654
JOR,2006,87.873053937089
JOR,2005,94.2043111947656
JOR,2004,82.4321150922641
JOR,2003,68.3345553142335
JOR,2002,66.6176037680306
JOR,2001,67.1511856310008
JOR,2000,68.5015086602097
JOR,1999,61.1595884602738
JOR,1998,64.2572979428857
JOR,1997,71.489513947015
JOR,1996,78.1802243668051
JOR,1995,72.8614758097016
JOR,1994,70.4739311041241
JOR,1993,80.1501055504068
JOR,1992,81.4120346775981
JOR,1991,79.8715348208249
JOR,1990,89.6128354641266
KAZ,2024,25.5741795098408
KAZ,2023,27.6837063179642
KAZ,2022,26.7653058374068
KAZ,2021,25.0237464537583
KAZ,2020,26.4975355671251
KAZ,2019,28.419629452657
KAZ,2018,25.9027380865315
KAZ,2017,24.427634998983
KAZ,2016,28.4677079441317
KAZ,2015,24.5330208000299
KAZ,2014,25.6302765606214
KAZ,2013,26.7905716146741
KAZ,2012,29.614069450738
KAZ,2011,26.6531942561577
KAZ,2010,29.8940863973107
KAZ,2009,33.9276450175618
KAZ,2008,37.1484197092327
KAZ,2007,42.8488122066393
KAZ,2006,40.478228955154
KAZ,2005,44.5681447702344
KAZ,2004,43.9087892759115
KAZ,2003,43.0463103304131
KAZ,2002,47.0410448936046
KAZ,2001,46.9540498960605
KAZ,2000,49.0972658349839
KAZ,1999,40.1170558469331
KAZ,1998,34.8599794549415
KAZ,1997,37.4426940287685
KAZ,1996,36.0047683570055
KAZ,1995,43.5485461304095
KAZ,1994,47.1170012997416
KAZ,1993,46.7391267405542
KAZ,1992,75.3316708126036
KEN,2025,21.756976808552
KEN,2024,23.151298075842
KEN,2023,24.2204234378835
KEN,2022,24.3182954744092
KEN,2021,21.8923095777051
KEN,2020,18.9580936008817
KEN,2019,20.3314661545478
KEN,2018,21.8727778433835
KEN,2017,23.2583979340349
KEN,2016,21.6152747725065
KEN,2015,25.1986507884515
KEN,2014,29.6976848964037
KEN,2013,29.6724619595649
KEN,2012,31.7587443003647
KEN,2011,36.8527289037346
KEN,2010,30.2699277024041
KEN,2009,27.1702463211792
KEN,2008,34.9045410940864
KEN,2007,31.975797511236
KEN,2006,32.2515454815442
KEN,2005,35.9698359497784
KEN,2004,32.8667447731316
KEN,2003,30.045450590308
KEN,2002,30.2746996493051
KEN,2001,33.0152596643276
KEN,2000,31.7214732444648
KEN,1999,27.359539790402
KEN,1998,28.7279811125469
KEN,1997,31.3707295086543
KEN,1996,32.1115087543859
KEN,1995,39.1540404213006
KEN,1994,34.2258443908956
KEN,1993,33.9548511937601
KEN,1992,26.6704959131936
KEN,1991,28.5560669003459
KEN,1990,31.3283077167904
KIR,2024,97.5944998148223
KIR,2023,100.621455543394
KIR,2022,99.6479117902987
KIR,2021,70.6828214210224
KIR,2020,67.9817594173221
KIR,2019,83.367694198499
KIR,2018,74.2062619808307
KIR,2017,87.2446048109966
KIR,2016,94.6525101946617
KIR,2015,95.9316471542394
KIR,2014,92.1552284000319
KIR,2013,85.8163345879504
KIR,2012,83.3628364619655
KIR,2011,80.2636302292066
KIR,2010,74.130981948818
KIR,2009,83.4994956432815
KIR,2008,81.3296514265012
KIR,2007,80.7089830870088
KIR,2006,83.8450674108121
KIR,2005,109.451868341122
KIR,2004,89.2178392013057
KIR,2003,87.5954371042996
KIR,2002,106.554079790188
KIR,2001,95.2052454127728
KIR,2000,83.3143845142356
KIR,1999,84.0098691429082
KIR,1998,70.0113219889799
KIR,1997,77.1796753331476
KIR,1996,75.4013567014152
KIR,1995,85.159846464402
KIR,1994,67.1775609224227
KIR,1993,82.0223358263702
KIR,1992,95.5630983547037
KIR,1991,109.274797411245
KIR,1990,128.671416840867
KOR,2025,40.5985621226499
KOR,2024,40.2842567598803
KOR,2023,40.9365283348931
KOR,2022,45.2902865437219
KOR,2021,35.9674854941434
KOR,2020,30.9297576618322
KOR,2019,34.4057366033023
KOR,2018,35.2551664208987
KOR,2017,34.3432508343484
KOR,2016,31.7867345733008
KOR,2015,34.4200460024725
KOR,2014,41.1466374298986
KOR,2013,44.9336644815181
KOR,2012,49.4937408705314
KOR,2011,50.3992956943359
KOR,2010,42.7560070236169
KOR,2009,39.6139903792344
KOR,2008,46.2362036584532
KOR,2007,35.2824705455852
KOR,2006,33.9292326630601
KOR,2005,32.0423181639821
KOR,2004,32.317133377729
KOR,2003,28.9795447722905
KOR,2002,27.7997957269903
KOR,2001,29.5648656361455
KOR,2000,31.1945139245909
KOR,1999,26.3825965514828
KOR,1998,28.0920941207489
KOR,1997,28.4220573700005
KOR,1996,27.4624809263436
KOR,1995,26.305880906377
KOR,1994,24.234837398564
KOR,1993,22.5628424328369
KOR,1992,23.9455462170792
KOR,1991,25.3023124446672
KOR,1990,25.021793543306
XKX,2025,74.2387964379752
XKX,2024,72.0412990067022
XKX,2023,70.3113759118221
XKX,2022,71.3863746043466
XKX,2021,65.2292477577243
XKX,2020,53.9128702484287
XKX,2019,56.440801046233
XKX,2018,57.2616199514324
XKX,2017,53.0812924686335
XKX,2016,51.1914075084587
XKX,2015,51.5690493993839
XKX,2014,53.5491667284809
XKX,2013,52.0996258971016
XKX,2012,56.8419481563905
XKX,2011,61.1997092124856
XKX,2010,60.5083118539118
XKX,2009,58.5276147706056
XKX,2008,59.5400439676741
KWT,2024,38.2349394412597
KWT,2023,38.3322886518802
KWT,2022,30.4702156706902
KWT,2021,30.2746825189716
KWT,2020,38.2993629002141
KWT,2019,39.6274563132075
KWT,2018,45.4741679015879
KWT,2017,46.6437308648816
KWT,2016,48.5253871133306
KWT,2015,44.9346159950322
KWT,2014,31.5316647155213
KWT,2013,26.7444733437666
KWT,2012,26.2795979898817
KWT,2011,25.8988177648389
KWT,2010,30.3545103903329
KWT,2009,29.3774306307015
KWT,2008,25.9239067335019
KWT,2007,28.3174649945059
KWT,2006,24.1673594733538
KWT,2005,28.2666191953614
KWT,2004,32.3805282958548
KWT,2003,34.463664909723
KWT,2002,36.6091458153581
KWT,2001,35.5420560747664
KWT,2000,30.1461500566105
KWT,1999,39.4342235841958
KWT,1998,51.0971985075571
KWT,1997,39.5907328358695
KWT,1996,39.1871970813757
KWT,1995,41.9650229852475
KWT,1994,42.3306250269902
KWT,1993,44.2858499844861
KWT,1992,54.2177987776916
KWT,1991,125.710915256915
KWT,1990,58.0720511757612
KGZ,2025,65.5959903448177
KGZ,2024,83.3296962999177
KGZ,2023,95.485180658754
KGZ,2022,87.4494462179864
KGZ,2021,64.455786983606
KGZ,2020,49.4104006230531
KGZ,2019,60.9538126942615
KGZ,2018,67.2738298966465
KGZ,2017,66.3646044484224
KGZ,2016,69.9981651422372
KGZ,2015,75.7719702273738
KGZ,2014,87.6775294863412
KGZ,2013,91.7766316872636
KGZ,2012,95.2717368722971
KGZ,2011,81.6413632547534
KGZ,2010,81.6785278167149
KGZ,2009,78.6808062104263
KGZ,2008,92.5571261314982
KGZ,2007,84.145408981259
KGZ,2006,79.0293681639999
KGZ,2005,56.778448193841
KGZ,2004,51.2598210718098
KGZ,2003,45.2516590876032
KGZ,2002,43.3393748971696
KGZ,2001,37.0223392232366
KGZ,2000,47.5830697836674
KGZ,1999,56.9965534219596
KGZ,1998,58.0260024457746
KGZ,1997,46.1902449675256
KGZ,1996,56.5576748022377
KGZ,1995,42.3571238332373
KGZ,1994,40.0683905750799
KGZ,1993,41.1750424860403
KGZ,1992,47.6055578038581
KGZ,1991,36.6486486486486
KGZ,1990,49.5327102803738
LAO,2016,41.8824634642904
LAO,2015,51.8460643954901
LAO,2014,58.3051916421903
LAO,2013,60.00604321766
LAO,2012,60.3083980811903
LAO,2011,51.35553977034
LAO,2010,49.3363118537116
LAO,2009,46.8477565440088
LAO,2008,48.695101619045
LAO,2007,45.5983158206633
LAO,2006,43.8062978932242
LAO,2005,42.8289105517785
LAO,2004,41.1676290571222
LAO,2003,37.0716627200091
LAO,2002,38.5023881880757
LAO,2001,38.0262780063432
LAO,2000,38.175297766224
LAO,1999,44.1826146413405
LAO,1998,47.8136677544263
LAO,1997,41.2647459749228
LAO,1996,41.0584239850731
LAO,1995,37.3340772257383
LAO,1994,39.8223292795684
LAO,1993,31.1671927481217
LAO,1992,27.105003187253
LAO,1991,25.2285951637255
LAO,1990,24.5184451833458
LVA,2025,67.1514535681639
LVA,2024,66.4461716549595
LVA,2023,69.653334005995
LVA,2022,82.3912943483203
LVA,2021,69.985338457434
LVA,2020,61.2239557848013
LVA,2019,62.7547886916228
LVA,2018,64.3642768665985
LVA,2017,64.5740490649083
LVA,2016,61.4020987849952
LVA,2015,63.7844518484318
LVA,2014,66.4701506175488
LVA,2013,67.1012046578385
LVA,2012,69.3799887283773
LVA,2011,67.933014459185
LVA,2010,56.4968983568515
LVA,2009,45.4359902971932
LVA,2008,54.5336307025414
LVA,2007,60.4944682834567
LVA,2006,63.7422646368257
LVA,2005,59.7119294358084
LVA,2004,56.6101153377655
LVA,2003,50.8435899794493
LVA,2002,48.2208414608318
LVA,2001,49.3804097986537
LVA,2000,45.8907419735648
LVA,1999,46.1197814475044
LVA,1998,52.7311005124738
LVA,1997,50.1095840872816
LVA,1996,50.9215064228739
LVA,1995,40.5725044475796
LBN,2024,58.9158109340607
LBN,2023,73.6549981017088
LBN,2022,80.0594990196196
LBN,2021,52.8029927098104
LBN,2020,33.7572174203146
LBN,2019,42.2831570534023
LBN,2018,47.5027861456152
LBN,2017,46.5284960733038
LBN,2016,45.9974619033978
LBN,2015,48.6993749079787
LBN,2014,56.0609920940944
LBN,2013,59.5275738453946
LBN,2012,59.736289044944
LBN,2011,65.7767851809418
LBN,2010,60.0735300752172
LBN,2009,57.2021371632555
LBN,2008,68.080018735906
LBN,2007,60.826190961787
LBN,2006,55.4797395240145
LBN,2005,56.1391175643253
LBN,2004,55.9178924759114
LBN,2003,37.3542526837325
LBN,2002,34.9438902743142
LBN,2001,39.9518923591536
LBN,2000,35.9377401998463
LBN,1999,36.750181138695
LBN,1998,40.9537649623313
LBN,1997,47.5546391752577
LBN,1996,55.2502927572561
LBN,1995,62.3289321157903
LBN,1994,62.4015067389992
LBN,1993,67.176675859638
LBN,1992,71.9935512831162
LBN,1991,79.9258362974654
LBN,1990,99.9130219793819
LSO,2025,104.450671184674
LSO,2024,103.068744438614
LSO,2023,98.0395091693796
LSO,2022,95.8675988588567
LSO,2021,93.0403896439522
LSO,2020,96.6475926526103
LSO,2019,94.3073053135637
LSO,2018,94.6018440436975
LSO,2017,98.8898372962274
LSO,2016,90.53558249635
LSO,2015,86.8309693705568
LSO,2014,88.1427800349944
LSO,2013,95.1158250474138
LSO,2012,108.412641683934
LSO,2011,102.073761578789
LSO,2010,107.976176556211
LSO,2009,114.131408607847
LSO,2008,108.208107689634
LSO,2007,111.800188814119
LBY,2025,65.9450985743532
LBY,2024,65.7818127187367
LBY,2023,75.4692294006607
LBY,2022,64.3407611745263
LBY,2021,72.2294624156388
LBY,2020,30.6120033812341
LBY,2019,36.6386467842538
LBY,2018,24.1676291797669
LBY,2017,20.3517104782416
LBY,2016,26.5322885114747
LBY,2015,34.6775332111739
LBY,2014,44.2865616357103
LBY,2013,46.4457533337369
LBY,2012,31.3564620676424
LBY,2011,24.8595388907261
LBY,2010,31.8052059029276
LBY,2009,44.3840389580403
LBY,2008,29.1264515156085
LBY,2007,29.2998376046984
LBY,2006,25.8987738493833
LBY,2005,27.1440465349093
LBY,2004,32.3733711883694
LBY,2003,33.2956573468174
LBY,2002,34.0919575580501
LBY,2001,16.6327519379845
LBY,2000,13.7230894806652
LBY,1999,14.5810859403092
LBY,1998,20.8836917281432
LBY,1997,21.8460668598488
LBY,1996,23.8916256157635
LBY,1995,22.4157303370787
LBY,1994,26.1171867161633
LBY,1993,31.5473639091299
LBY,1992,25.4690284037313
LBY,1991,30.7649482240285
LBY,1990,31.1215638362859
LTU,2025,69.1223511663482
LTU,2024,68.4791843455245
LTU,2023,72.0572386053119
LTU,2022,89.3677021665931
LTU,2021,75.1377340115099
LTU,2020,63.361880060059
LTU,2019,71.5562730231805
LTU,2018,72.6726133935094
LTU,2017,71.3120524922902
LTU,2016,66.9810247606071
LTU,2015,69.5911942277597
LTU,2014,70.6799033862253
LTU,2013,77.5846993523289
LTU,2012,78.0128572941789
LTU,2011,76.1760899713089
LTU,2010,66.8279939504257
LTU,2009,53.3977198399152
LTU,2008,69.17898169745
LTU,2007,64.69523178016
LTU,2006,67.4485618381711
LTU,2005,62.3359142314849
LTU,2004,55.5487321542816
LTU,2003,51.9379401444878
LTU,2002,53.0031617697783
LTU,2001,49.4741796941332
LTU,2000,44.684164630208
LTU,1999,42.2881631889739
LTU,1998,50.384065627128
LTU,1997,54.8677272886634
LTU,1996,51.0685058304523
LTU,1995,47.6058684402415
LUX,2025,159.364743494859
LUX,2024,159.734950965581
LUX,2023,185.187145613366
LUX,2022,189.868713761072
LUX,2021,181.888017879203
LUX,2020,171.144432536811
LUX,2019,176.080634744548
LUX,2018,164.647245245294
LUX,2017,161.046488439573
LUX,2016,157.338775636266
LUX,2015,159.296525319647
LUX,2014,150.646251097964
LUX,2013,144.15017538934
LUX,2012,140.575047137918
LUX,2011,139.225330437832
LUX,2010,130.962019766895
LUX,2009,115.607618528539
LUX,2008,130.718718994128
LUX,2007,137.908314571662
LUX,2006,138.139211555237
LUX,2005,130.252959519747
LUX,2004,121.492521281147
LUX,2003,112.129893572294
LUX,2002,114.327466616513
LUX,2001,124.564554436307
LUX,2000,124.767265322622
LUX,1999,109.986047626897
LUX,1998,108.872876429456
LUX,1997,95.8678060845422
LUX,1996,87.6558085056738
LUX,1995,85.065620189087
LUX,1994,83.6466085523699
LUX,1993,82.5378337112757
LUX,1992,83.948659188581
LUX,1991,89.0583089759106
LUX,1990,88.098283460949
MAC,2025,46.8543680030619
MAC,2024,49.889827950498
MAC,2023,53.4574236757415
MAC,2022,85.5764448423356
MAC,2021,79.4210592845405
MAC,2020,61.7694242538274
MAC,2019,32.5845176196127
MAC,2018,33.7169706075519
MAC,2017,34.8076713468951
MAC,2016,36.0815250196803
MAC,2015,40.5454661988747
MAC,2014,32.9741963864456
MAC,2013,30.7504630764786
MAC,2012,32.9379992987723
MAC,2011,32.5469941989156
MAC,2010,32.5145122469206
MAC,2009,35.0423780434745
MAC,2008,46.9126358671482
MAC,2007,51.7880160074503
MAC,2006,50.2403078629405
MAC,2005,51.985833803829
MAC,2004,54.133189665269
MAC,2003,57.9270412868308
MAC,2002,59.1185410334346
MAC,2001,58.7984467992452
MAC,2000,58.5042397042323
MAC,1999,56.060316489565
MAC,1998,50.7126920027291
MAC,1997,49.334897603561
MAC,1996,48.3314093818869
MAC,1995,51.3804281999216
MAC,1994,56.8522462628635
MAC,1993,58.4147449103919
MAC,1992,65.0322877051482
MAC,1991,76.8896409848032
MAC,1990,77.4116743471582
MDG,2025,32.9081155307207
MDG,2024,33.5291033827388
MDG,2023,36.0393286356886
MDG,2022,39.9605580552521
MDG,2021,32.1242264926044
MDG,2020,28.8686324818304
MDG,2019,34.1769218025153
MDG,2018,36.305481014417
MDG,2017,34.4407706308106
MDG,2016,31.7421290495881
MDG,2015,32.8297327068242
MDG,2014,33.6875202364915
MDG,2013,33.0954157122318
MDG,2012,30.8710219781769
MDG,2011,33.7634539191156
MDG,2010,36.0005139915198
MDG,2009,42.0358677602225
MDG,2008,46.6501545609236
MDG,2007,38.9065282147453
MDG,2006,34.6159251558086
MDG,2005,34.8106988288915
MDG,2004,29.3180754298099
MDG,2003,20.3364400998793
MDG,2002,28.3661175325733
MDG,2001,20.9648766725829
MDG,2000,23.6574542144097
MDG,1999,22.5777919517896
MDG,1998,20.9198114296237
MDG,1997,20.730805237992
MDG,1996,18.8575986027605
MDG,1995,24.3875939624375
MDG,1994,23.5391157653362
MDG,1993,19.0561963850978
MDG,1992,18.6614637690242
MDG,1991,19.7843497930581
MDG,1990,19.5107215896147
MWI,2025,28.7506099038274
MWI,2024,30.6182590333958
MWI,2023,31.1926320096439
MWI,2022,32.2742440103241
MWI,2021,31.8838054014105
MWI,2020,30.0275892172844
MWI,2019,31.2059958688892
MWI,2018,31.9059921379141
MWI,2017,32.6251859110726
MYS,2025,65.4286310242549
MYS,2024,66.0214861785682
MYS,2023,63.9145080762826
MYS,2022,69.6168072713231
MYS,2021,63.4029391413929
MYS,2020,55.2102465322035
MYS,2019,57.7507951850853
MYS,2018,61.8476540824403
MYS,2017,63.1434308633591
MYS,2016,60.1235645714491
MYS,2015,61.9213815481844
MYS,2014,64.5187325510668
MYS,2013,67.0919504346102
MYS,2012,68.5418408404822
MYS,2011,69.6822424986263
MYS,2010,71.0144698174169
MYS,2009,71.1421785856069
MYS,2008,77.1687475404215
MYS,2007,86.2972314906664
MYS,2006,90.3916659964074
MYS,2005,90.9556678158424
MYS,2004,95.0009281760497
MYS,2003,87.2516829087158
MYS,2002,91.0509299006036
MYS,2001,92.9621446541059
MYS,2000,100.597080255106
MYS,1999,96.2595257411126
MYS,1998,93.7484774557535
MYS,1997,92.3756631593889
MYS,1996,90.1908312707896
MYS,1995,98.0240298822779
MYS,1994,90.7541657926645
MYS,1993,79.0201749189867
MYS,1992,74.6273609322945
MYS,1991,81.4858944377017
MYS,1990,72.4221328339534
MDV,2024,78.2597392001761
MDV,2023,75.3062069113229
MDV,2022,79.5725773733522
MDV,2021,66.5083115338037
MDV,2020,66.1207032743183
MDV,2019,71.6118129351757
MDV,2018,76.0428278985911
MDV,2017,72.8526621264145
MDV,2016,72.7665791488222
MDV,2015,67.2927178888456
MDV,2014,74.6851237568163
MLI,2025,26.6954300437397
MLI,2024,27.4410652161804
MLI,2023,32.8427797239438
MLI,2022,35.5356748615317
MLI,2021,33.2802798102242
MLI,2020,30.8992880694173
MLI,2019,32.2714877803678
MLI,2018,30.1007871944471
MLI,2017,30.5854909013125
MLI,2016,33.9537401380382
MLI,2015,33.3512284164078
MLI,2014,32.1065252034292
MLI,2013,33.6249394269683
MLI,2012,26.8055466021278
MLI,2011,25.0299480291958
MLI,2010,29.6030561488439
MLI,2009,23.1323171332149
MLI,2008,32.9754110735443
MLI,2007,27.1245980278365
MLI,2006,26.300637177379
MLI,2005,25.8818668634663
MLI,2004,25.2013172951841
MLI,2003,26.2928019278074
MLI,2002,23.7704249907014
MLI,2001,28.0563789003511
MLI,2000,26.3574738188855
MLI,1999,23.89451725207
MLI,1998,23.4067232102608
MLI,1997,26.2302500477407
MLI,1996,24.9755371799475
MLI,1995,29.3872972343319
MLI,1994,28.85122954668
MLI,1993,23.4855849411394
MLI,1992,25.955817924616
MLI,1991,23.8063842900905
MLI,1990,25.53735806214
MLT,2025,99.9047898051853
MLT,2024,99.2488124927064
MLT,2023,101.384959473926
MLT,2022,116.282082647569
MLT,2021,101.288238009316
MLT,2020,112.407072946978
MLT,2019,108.550401626777
MLT,2018,104.749247332562
MLT,2017,96.4210938291986
MLT,2016,100.193210915029
MLT,2015,98.4634365431974
MLT,2014,84.3713102569927
MLT,2013,89.7626259113007
MLT,2012,98.4147219640338
MLT,2011,94.5861703020889
MLT,2010,88.6088266359999
MLT,2009,82.5239702206494
MLT,2008,94.2771199815282
MLT,2007,93.9778389988305
MLT,2006,93.254835874088
MLT,2005,83.3249350443162
MLT,2004,80.7924877893561
MLT,2003,79.1178996353771
MLT,2002,80.0062569392225
MLT,2001,82.8670475673976
MLT,2000,99.3319949283847
MLT,1999,84.8956716578701
MLT,1998,81.7359734534724
MLT,1997,80.8783573644609
MLT,1996,86.9852585482281
MLT,1995,91.7416260564704
MLT,1994,95.7401068092093
MLT,1993,94.0932508299505
MLT,1992,88.7058179791678
MLT,1991,87.8658450250562
MLT,1990,88.6501113771416
MHL,2025,79.8701298701299
MHL,2024,81.0526315789474
MHL,2023,79.9242424242424
MHL,2022,88.3601219062049
MHL,2021,74.0777544493589
MHL,2020,72.3375103391232
MHL,2019,115.945856590812
MHL,2018,88.7565
MHL,2017,86.0323350491343
MHL,2016,79.8330525272547
MHL,2015,94.2476320087099
MHL,2014,100.232580645161
MHL,2013,110.774302575107
MHL,2012,102.742501383509
MHL,2011,101.988392338944
MHL,2010,108.712290502793
MHL,2009,101.006084656085
MHL,2008,92.668758526603
MHL,2007,88.4289700996678
MHL,2006,87.2516061452514
MHL,2005,91.9644927536232
MHL,2004,83.734085778781
MHL,2003,86.8096561769562
MHL,2002,74.990072749318
MHL,2001,93.2847300910657
MHL,2000,101.259594996452
MHL,1999,85.6913105271098
MHL,1998,87.1956034660449
MHL,1997,81.6616872048611
MHL,1996,89.9935954103448
MHL,1995,84.5457040672045
MRT,2025,54.1713249621087
MRT,2024,52.1880043827425
MRT,2023,53.7583536996945
MRT,2022,62.2880913027036
MRT,2021,48.450850492821
MRT,2020,45.3700638487291
MRT,2019,51.089170094471
MRT,2018,52.5604790922211
MRT,2017,44.3093026532937
MRT,2016,39.2281211248166
MRT,2015,47.1516417391617
MRT,2014,54.2211706416612
MRT,2013,56.8502249709266
MRT,2012,62.5267675338065
MRT,2011,48.3025199043706
MRT,2010,47.6813970207492
MRT,2009,44.7628692989027
MRT,2008,52.517360521974
MRT,2007,45.5408938796247
MRT,2006,40.4243978856356
MRT,2005,61.4818525059617
MRT,2004,51.9495471101002
MRT,2003,36.193252157771
MRT,2002,32.0119211973383
MRT,2001,35.1642173799555
MRT,2000,33.4232590529824
MRT,1999,26.4477520014578
MRT,1998,26.9318439912189
MRT,1997,29.3575094993294
MRT,1996,31.2924762860696
MRT,1995,31.9304770494547
MRT,1994,27.9862553653312
MRT,1993,20.7153694378569
MRT,1992,19.9559565799452
MRT,1991,28.2762192517343
MRT,1990,41.9445806524624
MUS,2025,74.9062848992882
MUS,2024,78.3089226863971
MUS,2023,78.2802467779156
MUS,2022,80.6345001819556
MUS,2021,74.4256502967714
MUS,2020,65.7642097954036
MUS,2019,67.5949630234179
MUS,2018,64.9714820469881
MUS,2017,66.6198511642661
MUS,2016,65.2624869881261
MUS,2015,68.5698001956061
MUS,2014,70.2827918319392
MUS,2013,72.3163042652563
MUS,2012,64.6640098323494
MUS,2011,64.077322355468
MUS,2010,61.2269011428151
MUS,2009,55.7720430543313
MUS,2008,63.3571971418954
MUS,2007,63.8369123218543
MUS,2006,67.4226658359955
MUS,2005,63.368422651356
MUS,2004,54.4129780117163
MUS,2003,53.392392991836
MUS,2002,57.4406027723833
MUS,2001,60.9707841332703
MUS,2000,60.4050859251757
MUS,1999,65.9999611121908
MUS,1998,65.6317195229319
MUS,1997,65.4619390021046
MUS,1996,63.418392988738
MUS,1995,60.2704136303931
MUS,1994,64.5909919913825
MUS,1993,63.4275834339481
MUS,1992,61.7159785088941
MUS,1991,65.171363803806
MUS,1990,71.1965728091787
MEX,2025,40.2786127888756
MEX,2024,38.1422853106055
MEX,2023,37.5911414580596
MEX,2022,45.8661953749018
MEX,2021,42.500104429993
MEX,2020,37.6191836198755
MEX,2019,38.9323214620124
MEX,2018,41.1687312115588
MEX,2017,39.4380374225879
MEX,2016,38.8746261573743
MEX,2015,36.2502019908254
MEX,2014,32.6354168333342
MEX,2013,31.9358741854644
MEX,2012,32.7184815005778
MEX,2011,31.7194210489631
MEX,2010,30.2559244160519
MEX,2009,28.0784724102639
MEX,2008,29.3452206449273
MEX,2007,28.477463068888
MEX,2006,27.927367918041
MEX,2005,27.0755708259848
MEX,2004,26.9372640255577
MEX,2003,25.0448233657183
MEX,2002,23.3580673360145
MEX,2001,23.1988988072816
MEX,2000,25.6792357191195
MEX,1999,24.5953903270731
MEX,1998,24.8101347448538
MEX,1997,23.2363034246464
MEX,1996,23.0446915817651
MEX,1995,20.7999048051439
MEX,1994,16.403876421631
MEX,1993,14.5671388839902
MEX,1992,20.296751461137
MEX,1991,19.3531451238152
MEX,1990,19.8152253641579
FSM,2025,70.9449387561838
FSM,2024,73.9938140340076
FSM,2023,73.1417260905567
FSM,2022,75.8610408760963
FSM,2021,70.7351011320425
FSM,2020,71.0641140436902
FSM,2019,71.1392405063291
FSM,2018,67.7664974619289
FSM,2017,70.9141274238227
FSM,2016,72.4770642201835
FSM,2015,77.8846153846154
FSM,2014,74.0506329113924
FSM,2013,83.7579617834395
FSM,2012,82.4074074074074
FSM,2011,83.1168831168831
FSM,2010,83.5616438356164
FSM,2009,88.086642599278
FSM,2008,86.5900383141762
FSM,2007,77.4703557312253
FSM,2006,78.4
FSM,2005,76.9230769230769
FSM,2004,79.8172355130656
FSM,2003,77.6094947538887
FSM,2002,73.2155908813769
FSM,2001,77.8382293156539
FSM,2000,73.6008863462952
FSM,1999,79.1900879792669
FSM,1998,83.5948173060669
FSM,1997,89.0423156481596
FSM,1996,84.5086032528885
FSM,1995,72.750420588369
MDA,2025,60.9142407389342
MDA,2024,57.3246384476637
MDA,2023,58.882035362679
MDA,2022,70.8912121253156
MDA,2021,57.8220988272368
MDA,2020,51.3513858554044
MDA,2019,56.4411521569138
MDA,2018,56.7504174845453
MDA,2017,56.0905436776933
MDA,2016,56.1381847838926
MDA,2015,57.1594936682016
MDA,2014,62.7003284095294
MDA,2013,63.5946836672099
MDA,2012,65.1735592963827
MDA,2011,66.0771389628613
MDA,2010,60.1082388310712
MDA,2009,73.4912043317434
MDA,2008,93.6028527383109
MDA,2007,97.1400655062699
MDA,2006,91.8984269562497
MDA,2005,91.8599835334112
MDA,2004,81.5051573426573
MDA,2003,86.7433397298961
MDA,2002,77.3756289829454
MDA,2001,74.4456967789098
MDA,2000,76.5629863195976
MDA,1999,65.2095587942884
MDA,1998,71.7835878595233
MDA,1997,74.3602847378175
MDA,1996,73.9092808752274
MDA,1995,67.8903624619293
MNG,2025,62.6383532330381
MNG,2024,69.7318164271926
MNG,2023,66.607129472089
MNG,2022,71.2665787886548
MNG,2021,60.5492144836795
MNG,2020,55.1782978952179
MNG,2019,65.1792814405109
MNG,2018,68.1910909645864
MNG,2017,56.7662226009379
MNG,2016,50.1830431691832
MNG,2015,45.4696132431312
MNG,2014,57.0733131829592
MNG,2013,61.4217521810234
MNG,2012,66.0164131441635
MNG,2011,74.4456735878527
MNG,2010,56.6710490728501
MNG,2009,57.5357578383174
MNG,2008,67.1809774841522
MNG,2007,58.265977993229
MNG,2006,53.4867180194267
MNG,2005,63.6120760963127
MNG,2004,70.5415433146042
MNG,2003,67.9473439819355
MNG,2002,67.7906371355023
MNG,2001,65.4999858868754
MNG,2000,67.8898582883465
MNG,1999,62.0828979323378
MNG,1998,59.5076962667858
MNG,1997,47.3251039194272
MNG,1996,42.4497500507305
MNG,1995,41.5622866341052
MNG,1994,54.5266015773853
MNG,1993,70.4098697731024
MNG,1992,36.3626536495942
MNG,1991,82.5353275635261
MNG,1990,40.3471932906716
MNE,2025,65.7111131958305
MNE,2024,66.1970215175412
MNE,2023,67.5776464751354
MNE,2022,74.1109960911823
MNE,2021,62.5998809644568
MNE,2020,61.6090017411871
MNE,2019,65.6922859488993
MNE,2018,67.6403682720994
MNE,2017,65.2102647480444
MNE,2016,63.3539586772877
MNE,2015,61.3967209641063
MNE,2014,60.1701103732639
MNE,2013,62.035275506665
MNE,2012,66.5594796967721
MNE,2011,64.3110490601387
MNE,2010,62.1537276926387
MNE,2009,65.3563859621765
MNE,2008,92.9189025338105
MNE,2007,85.8084441570943
MNE,2006,77.5528659486004
MNE,2005,61.0760145763567
MNE,2004,58.0876077909525
MNE,2003,46.9871428117352
MNE,2002,59.8732828905439
MNE,2001,61.9859316969215
MNE,2000,51.110210293901
MAR,2025,51.1324428826402
MAR,2024,50.188721310572
MAR,2023,50.7002810585209
MAR,2022,56.1946819703061
MAR,2021,42.3873322350718
MAR,2020,38.0496964364582
MAR,2019,41.9050584109511
MAR,2018,43.4264501517272
MAR,2017,41.5668968878792
MAR,2016,40.3880652392646
MAR,2015,37.2928220354154
MAR,2014,41.7605801165106
MAR,2013,43.6044908923701
MAR,2012,46.1250057504935
MAR,2011,44.8713872259271
MAR,2010,39.7530309299157
MAR,2009,36.6537784764176
MAR,2008,45.3622482341162
MAR,2007,39.9218729706872
MAR,2006,35.0432309816369
MAR,2005,33.4979280523338
MAR,2004,30.2024329686458
MAR,2003,27.6553716837263
MAR,2002,28.3657481026576
MAR,2001,28.0960256587196
MAR,2000,29.2434779490897
MAR,1999,25.9442072035182
MAR,1998,24.629923887646
MAR,1997,27.2260367814229
MAR,1996,25.2595684892918
MAR,1995,29.041805345743
MAR,1994,26.3750522699829
MAR,1993,27.607705117191
MAR,1992,28.0911615651847
MAR,1991,27.4605277269858
MAR,1990,30.0673669130572
MOZ,2025,55.7223347212611
MOZ,2024,52.8080979760881
MOZ,2023,60.4257929956707
MOZ,2022,85.4494498784874
MOZ,2021,71.7284659340598
MOZ,2020,67.1162725831946
MOZ,2019,68.4491150410889
MOZ,2018,79.0764216850568
MOZ,2017,64.7021773815331
MOZ,2016,75.0124208061143
MOZ,2015,66.1889101182498
MOZ,2014,83.567817945125
MOZ,2013,81.3915693283089
MOZ,2012,75.9171489083132
MOZ,2011,53.0273116660187
MOZ,2010,44.4691205308325
MOZ,2009,39.9151512988254
MOZ,2008,37.6351509380515
MOZ,2007,37.7995423150753
MOZ,2006,39.3102158380928
MOZ,2005,44.1414972511937
MOZ,2004,45.6773867471662
MOZ,2003,47.3565060054572
MOZ,2002,51.8392160854003
MOZ,2001,31.675527297898
MOZ,2000,36.6351956102043
MOZ,1999,36.6435959585244
MOZ,1998,29.0698415023407
MOZ,1997,32.5695904212857
MOZ,1996,39.176282748977
MOZ,1995,52.4105509298446
MOZ,1994,48.2291834875911
MOZ,1993,46.9996412281858
MOZ,1992,50.1856768189001
MOZ,1991,41.481389425861
NAM,2025,63.9037413199657
NAM,2024,66.9360001520054
NAM,2023,66.5329828976325
NAM,2022,58.8040829514438
NAM,2021,51.5878922090636
NAM,2020,43.2473734519041
NAM,2019,46.5002688810536
NAM,2018,45.8313007368101
NAM,2017,47.5988620240004
NAM,2016,58.9567205420598
NAM,2015,61.8681833775841
NAM,2014,64.0630518000757
NAM,2013,60.2229193151294
NAM,2012,60.1550707623781
NAM,2011,56.6493658333056
NAM,2010,59.7905226950419
NAM,2009,72.199669481011
NAM,2008,65.9910625505728
NAM,2007,55.1241027322248
NAM,2006,41.4671357775877
NAM,2005,40.2718039587905
NAM,2004,42.0643203848333
NAM,2003,52.5230302978881
NAM,2002,48.2463228263129
NAM,2001,47.528158812429
NAM,2000,44.3960937348397
NAM,1999,49.669830636447
NAM,1998,50.7605525034867
NAM,1997,50.1951051402505
NAM,1996,51.1395727622065
NAM,1995,48.8720811881066
NAM,1994,45.3881021429781
NAM,1993,49.4919661635887
NAM,1992,48.9585677046189
NAM,1991,49.8676174897875
NAM,1990,50.1987731697755
NRU,2025,103.676470588235
NRU,2024,107.03125
NRU,2023,94.1666666666667
NRU,2022,95.7467469879518
NRU,2021,93.97445
NRU,2020,91.3965053763441
NRU,2019,95.5116571428571
NRU,2018,85.9284615384615
NRU,2017,82.0689655172414
NRU,2016,97.7611940298508
NRU,2015,128.43137254902
NRU,2014,98.1481481481482
NRU,2013,78.2608695652174
NRU,2012,52.0408163265306
NRU,2011,68.1818181818182
NRU,2010,48.1481481481481
NRU,2009,61.6666666666667
NRU,2008,73.8095238095238
NPL,2025,33.7244112435844
NPL,2024,32.6157766909588
NPL,2023,34.5641830123854
NPL,2022,42.27101061478
NPL,2021,37.9346333063959
NPL,2020,34.1135757694721
NPL,2019,41.4695901124501
NPL,2018,40.6317459241789
NPL,2017,36.8302219662053
NPL,2016,33.9359080825022
NPL,2015,36.4511417965013
NPL,2014,35.8585994934377
NPL,2013,32.5707170600577
NPL,2012,29.1716147715423
NPL,2011,28.4906232102531
NPL,2010,36.4023696022884
NPL,2009,34.6600935774766
NPL,2008,33.260386093191
NPL,2007,31.7236101436193
NPL,2006,31.3153967991879
NPL,2005,29.4792606869219
NPL,2004,29.464591457087
NPL,2003,28.5480191211037
NPL,2002,28.4935889762169
NPL,2001,33.239147361424
NPL,2000,32.4265852938696
NPL,1999,29.7185091627782
NPL,1998,33.8875500673104
NPL,1997,37.7076998213986
NPL,1996,35.6401935616059
NPL,1995,34.5173594159918
NPL,1994,31.438134810711
NPL,1993,28.7566170694778
NPL,1992,25.735687007905
NPL,1991,23.1843038424568
NPL,1990,21.6614450375184
NLD,2025,69.4506290177353
NLD,2024,71.4586065803986
NLD,2023,77.5443681895531
NLD,2022,87.6638626713087
NLD,2021,76.7048398855925
NLD,2020,70.9917044618066
NLD,2019,75.3557323923463
NLD,2018,76.5026871237804
NLD,2017,74.4665124437146
NLD,2016,70.0560280487382
NLD,2015,76.3339650302142
NLD,2014,70.3336295196036
NLD,2013,70.2806779783252
NLD,2012,69.8176326887784
NLD,2011,66.5819122486902
NLD,2010,60.7943429618271
NLD,2009,53.507846258091
NLD,2008,60.5463849936819
NLD,2007,61.0881939705351
NLD,2006,59.0498839038274
NLD,2005,56.6699570799932
NLD,2004,54.3622418745873
NLD,2003,52.0651542723747
NLD,2002,52.6451528233191
NLD,2001,56.1029194042336
NLD,2000,59.22408893587
NLD,1999,54.0318415396663
NLD,1998,52.7308599201193
NLD,1997,53.5291889844722
NLD,1996,50.8664929047205
NLD,1995,50.2248266834731
NLD,1994,47.8598271711194
NLD,1993,45.987680585651
NLD,1992,48.2653411955376
NLD,1991,49.6319788057938
NLD,1990,49.2530257831818
NCL,2024,28.6742442311771
NCL,2023,34.6933801205937
NCL,2022,35.0907717216117
NCL,2021,34.8896132874016
NCL,2020,36.5366389393939
NCL,2019,39.8810034950495
NCL,2018,38.107676
NCL,2017,37.9203845284666
NCL,2016,38.7641297598898
NCL,2015,41.9776298064953
NCL,2014,40.3716168473283
NCL,2013,43.1492461385982
NCL,2012,45.9948547950947
NCL,2011,46.753697495563
NCL,2010,47.96900747764
NCL,2009,40.6765004061957
NCL,2008,49.3632452288195
NCL,2007,44.7896639289252
NCL,2006,44.1273860343091
NCL,2005,40.4431311456263
NCL,2004,36.5876503275061
NCL,2003,41.2757615756158
NCL,2002,38.0769603361761
NCL,2001,39.4755568739662
NCL,2000,37.5858419019235
NCL,1999,37.9601481425729
NCL,1998,36.0145262031003
NCL,1997,28.2199514700208
NCL,1996,27.7472412243042
NCL,1995,26.3878108782308
NCL,1994,28.4618002113502
NCL,1993,30.26531370536
NCL,1992,31.6813966862488
NCL,1991,32.6181431218956
NCL,1990,34.7123109023748
NZL,2024,25.9555076213797
NZL,2023,26.2351940788292
NZL,2022,29.1619589751662
NZL,2021,26.0978404190373
NZL,2020,22.1581460955954
NZL,2019,27.1409623393447
NZL,2018,28.0023790927421
NZL,2017,26.6854019544781
NZL,2016,25.8484206648863
NZL,2015,26.9291745446432
NZL,2014,27.1554298092802
NZL,2013,27.1983095542824
NZL,2012,28.1156333625569
NZL,2011,28.8167625693477
NZL,2010,27.9074444706067
NZL,2009,26.3488917754697
NZL,2008,32.2559404975743
NZL,2007,29.1520466269894
NZL,2006,29.9946512871794
NZL,2005,29.7335780086782
NZL,2004,29.2561416675833
NZL,2003,28.0750439440285
NZL,2002,29.8089228515842
NZL,2001,31.8027845111567
NZL,2000,32.7714683867522
NZL,1999,30.4506795962165
NZL,1998,28.2786961975549
NZL,1997,26.9264895291704
NZL,1996,26.7672921138268
NZL,1995,27.5208861548693
NZL,1994,28.0364238410596
NZL,1993,26.9512267218445
NZL,1992,28.0423820769771
NZL,1991,25.4742190688062
NZL,1990,25.8462831846782
NIC,2025,54.8562223486615
NIC,2024,58.1597135297009
NIC,2023,59.1537260474944
NIC,2022,65.558899558761
NIC,2021,59.8031518362997
NIC,2020,46.8920225817213
NIC,2019,49.2377861394288
NIC,2018,51.7075930552738
NIC,2017,55.0416171725122
NIC,2016,54.9317014223508
NIC,2015,58.1103863053949
NIC,2014,61.6901279411621
NIC,2013,65.7699383901753
NIC,2012,67.7081129154196
NIC,2011,66.8104757834228
NIC,2010,59.8969432679261
NIC,2009,53.0121162357305
NIC,2008,62.3235227291007
NIC,2007,59.9621571869656
NIC,2006,56.0430419669934
NIC,2005,47.2635928126897
NIC,2004,44.1354610401784
NIC,2003,41.4700669729064
NIC,2002,39.2441485235103
NIC,2001,38.9382206647775
NIC,2000,41.1903315733091
NIC,1999,44.0073650017969
NIC,1998,37.6792745533298
NIC,1997,38.5859854650092
NIC,1996,31.6354801891617
NIC,1995,27.9447081523625
NIC,1994,25.9413394233817
NIC,1993,47.858039908833
NIC,1992,53.2663989290495
NIC,1991,52.505989723988
NIC,1990,46.3424548271313
NER,2025,18.1438491044232
NER,2024,15.391116806791
NER,2023,22.4664886397182
NER,2022,27.0005172422318
NER,2021,26.9839054628996
NER,2020,25.9574054242037
NER,2019,27.3332416443993
NER,2018,26.3147731455248
NER,2017,25.8621845033569
NER,2016,24.4407047621453
NER,2015,30.4590604092492
NER,2014,29.7957379087183
NER,2013,29.3161155472406
NER,2012,28.9853874011265
NER,2011,34.9568397197938
NER,2010,35.7615717045608
NER,2009,34.5344060822655
NER,2008,26.5307344572361
NER,2007,22.4362642994778
NER,2006,22.6609305610612
NER,2005,23.9363257959276
NER,2004,22.7055348369284
NER,2003,20.1085650442709
NER,2002,18.9155777018555
NER,2001,19.5578535691046
NER,2000,20.3730770027969
NER,1999,18.7195811368156
NER,1998,21.0496345843457
NER,1997,19.6364572120207
NER,1996,21.2440731817314
NER,1995,20.2394832368695
NER,1994,20.5014967207828
NER,1993,15.1896742607326
NER,1992,16.9249856076259
NER,1991,18.3182191842891
NER,1990,20.5481385896134
MKD,2025,73.393734112706
MKD,2024,74.6456724275939
MKD,2023,80.3972554372264
MKD,2022,93.3619578376736
MKD,2021,81.2775466279157
MKD,2020,70.4697585464977
MKD,2019,76.1681750526576
MKD,2018,72.8400703306813
MKD,2017,68.9915645536526
MKD,2016,65.5215662539194
MKD,2015,64.9604439721337
MKD,2014,64.8750736783851
MKD,2013,61.4607554229903
MKD,2012,66.8405816975678
MKD,2011,66.0676970007712
MKD,2010,58.0913157220738
MKD,2009,54.371210403693
MKD,2008,68.3455855768999
MKD,2007,61.9763522120524
MKD,2006,54.7601839684625
MKD,2005,51.0334028212302
MKD,2004,50.1663188335601
MKD,2003,43.4129530246302
MKD,2002,45.2326350350567
MKD,2001,42.2793025163138
MKD,2000,47.2133072721862
MKD,1999,49.5831191692404
MKD,1998,53.3207534289991
MKD,1997,48.3433250026832
MKD,1996,36.6182991815424
MKD,1995,40.6598583373993
MKD,1994,46.0233766233766
MKD,1993,51.9974177687079
MKD,1992,50.720087054651
MKD,1991,24.6006198347107
MKD,1990,34.1191729323308
MNP,2022,70.8941605839416
MNP,2021,72.8665207877462
MNP,2020,64.203233256351
MNP,2019,62.25614927905
MNP,2018,58.032282859339
MNP,2017,62.1153846153846
MNP,2016,81.1382113821138
MNP,2015,69.7802197802198
MNP,2014,67.3076923076923
MNP,2013,68.0051813471503
MNP,2012,64.0750670241287
MNP,2011,61.5912208504801
MNP,2010,50.6883604505632
MNP,2009,45.2830188679245
MNP,2008,48.8817891373802
MNP,2007,61.727078891258
MNP,2006,75.959595959596
MNP,2005,78.6993402450518
MNP,2004,77.4380165289256
MNP,2003,62.4697336561743
MNP,2002,60.9034267912773
NOR,2025,33.6798759181448
NOR,2024,33.2001409769285
NOR,2023,30.9962278135928
NOR,2022,26.3420519002837
NOR,2021,27.3213767194877
NOR,2020,32.0209678414192
NOR,2019,33.1851913359431
NOR,2018,30.8743383724503
NOR,2017,31.4157245856249
NOR,2016,32.2548923992091
NOR,2015,31.0555999681838
NOR,2014,28.7661978486341
NOR,2013,27.5050365915109
NOR,2012,26.6685108375045
NOR,2011,27.3060335155494
NOR,2010,27.5341022888229
NOR,2009,27.137883095122
NOR,2008,28.1992322774018
NOR,2007,28.6756394735455
NOR,2006,26.9953517317441
NOR,2005,27.0056013389782
NOR,2004,27.6536885303116
NOR,2003,26.802856913966
NOR,2002,27.2644681880985
NOR,2001,28.4004899806391
NOR,2000,28.9475191208218
NOR,1999,31.4382531018316
NOR,1998,35.272704901271
NOR,1997,32.4820646027707
NOR,1996,31.1387185300084
NOR,1995,31.044303632156
NOR,1994,31.2591484240315
NOR,1993,30.8728029368279
NOR,1992,30.4630154553039
NOR,1991,31.3592199633562
NOR,1990,32.9720504377158
OMN,2024,48.7801054403878
OMN,2023,44.8623883036834
OMN,2022,42.4945073677033
OMN,2021,42.6197283774124
OMN,2020,44.8210174322991
OMN,2019,36.9852980265451
OMN,2018,38.6567758071851
OMN,2017,43.236601542648
OMN,2016,41.5446394571953
OMN,2015,46.7250192470997
OMN,2014,40.8385424265209
OMN,2013,46.511896912702
OMN,2012,39.3529056464546
OMN,2011,37.7242615226627
OMN,2010,37.2909163665466
OMN,2009,38.8376379437297
OMN,2008,38.0888155320996
OMN,2007,40.2498451929031
OMN,2006,32.3619060417443
OMN,2005,31.4669948140986
OMN,2004,38.8482088033945
OMN,2003,35.0048895384907
OMN,2002,32.5752365059141
OMN,2001,32.4662395614949
OMN,2000,28.5320372014768
OMN,1999,33.7188443420304
OMN,1998,43.6537526341384
OMN,1997,27.6804636477661
OMN,1996,25.6758978344368
OMN,1995,25.5078409316482
OMN,1994,24.9558147755391
OMN,1993,27.2863513414723
OMN,1992,25.4877512102098
OMN,1991,24.9239999194701
OMN,1990,19.7936613388565
PAK,2025,17.2083306683448
PAK,2024,17.1798277774783
PAK,2023,17.9737337958273
PAK,2022,22.4907632059279
PAK,2021,17.9788205237729
PAK,2020,17.4177212905341
PAK,2019,19.5147134481005
PAK,2018,19.044257474073
PAK,2017,17.2504236583884
PAK,2016,15.9648616568916
PAK,2015,16.7136150659843
PAK,2014,18.2748539477852
PAK,2013,18.7127751361147
PAK,2012,19.4450091286838
PAK,2011,18.8800834134221
PAK,2010,19.3517774869368
PAK,2009,20.9358990809684
PAK,2008,22.4731455329041
PAK,2007,19.1628048720082
PAK,2006,20.5007727406812
PAK,2005,17.6266523028659
PAK,2004,13.3853645017194
PAK,2003,12.4855146143016
PAK,2002,11.8660490591242
PAK,2001,12.9510350567841
PAK,2000,11.8303381728595
PAK,1999,16.9664634820763
PAK,1998,17.5269340049655
PAK,1997,20.7703128757754
PAK,1996,21.4270250588042
PAK,1995,19.4227840177671
PAK,1994,18.8993431428577
PAK,1993,22.2972222574199
PAK,1992,20.4238124130644
PAK,1991,18.4872623946698
PAK,1990,20.2458574928471
PLW,2024,73.113288241571
PLW,2023,80.6165931415982
PLW,2022,88.2139595715895
PLW,2021,72.9965753427494
PLW,2020,81.1086367830772
PLW,2019,77.1750711108904
PLW,2018,74.9969615019862
PLW,2017,77.0239615874903
PLW,2016,70.5554458917774
PLW,2015,74.5671061586249
PLW,2014,90.4869314809537
PLW,2013,86.3880386459005
PLW,2012,88.2648319268686
PLW,2011,85.7578046108597
PLW,2010,76.7493153073976
PLW,2009,72.2077529132958
PLW,2008,80.8617161648553
PLW,2007,73.9500482031858
PLW,2006,82.0354413335894
PLW,2005,78.039602855483
PAN,2024,39.3159365958787
PAN,2023,42.7196665144342
PAN,2022,45.4486710192298
PAN,2021,38.5267595739638
PAN,2020,32.431335405012
PAN,2019,40.2144760441879
PAN,2018,43.78385701834
PAN,2017,42.576526548549
PAN,2016,42.6552163983547
PAN,2015,49.1925374485908
PAN,2014,60.0815228858041
PAN,2013,68.5104916939844
PAN,2012,78.6643046352987
PAN,2011,80.4627232429577
PAN,2010,75.4234766788056
PAN,2009,67.0812127666744
PAN,2008,86.2876940102004
PAN,2007,76.6864283016716
PAN,2006,72.2783370587819
PAN,2005,70.9755691783328
PAN,2004,64.1849321049543
PAN,2003,59.1339083244728
PAN,2002,63.1954251355142
PAN,2001,66.8842656537739
PAN,2000,70.2378181350816
PAN,1999,67.7727052999404
PAN,1998,81.0753692954482
PAN,1997,85.7936068743574
PAN,1996,82.1778351522853
PAN,1995,80.0582791787561
PAN,1994,77.5669771585712
PAN,1993,75.6205627103837
PAN,1992,78.5224935282188
PAN,1991,75.8943021485579
PAN,1990,64.3002583009829
PNG,2004,58.9188614133539
PNG,2003,54.0311026829553
PNG,2002,58.0032997297413
PNG,2001,52.250399661418
PNG,2000,49.2434787074508
PNG,1999,52.8884381867198
PNG,1998,48.819442308678
PNG,1997,50.050452002938
PNG,1996,48.3988446877714
PNG,1995,43.7009943984374
PNG,1994,39.7680577907166
PNG,1993,36.9460274085184
PNG,1992,45.702107506512
PNG,1991,52.1549811404482
PNG,1990,48.9467524868344
PRY,2025,39.3000576076725
PRY,2024,39.3808953481131
PRY,2023,40.3200625134206
PRY,2022,39.4736276112918
PRY,2021,34.2667963783853
PRY,2020,29.4895904898392
PRY,2019,35.1348707907966
PRY,2018,35.2160000894818
PRY,2017,32.9108498634563
PRY,2016,30.6160823269988
PRY,2015,32.1804068260013
PRY,2014,33.6193130643613
PRY,2013,34.6562058018563
PRY,2012,36.7694382578514
PRY,2011,38.2532641803157
PRY,2010,39.1176817490668
PRY,2009,32.7447278132603
PRY,2008,38.3392059478565
PRY,2007,35.6262082643558
PRY,2006,38.4404461267571
PRY,2005,37.428371542061
PRY,2004,34.4166219437055
PRY,2003,33.982706173801
PRY,2002,31.9664891095553
PRY,2001,31.963110050997
PRY,2000,35.3138037316551
PRY,1999,34.7623356817668
PRY,1998,46.9664849376138
PRY,1997,47.4645233787105
PRY,1996,50.2947656257756
PRY,1995,56.2890468216187
PRY,1994,62.2589721135421
PRY,1993,53.6834560283207
PRY,1992,39.6635463621252
PRY,1991,38.2972506511046
PRY,1990,39.084810285023
PER,2025,21.8456559013034
PER,2024,22.7972140350108
PER,2023,23.736868907826
PER,2022,28.4530550594954
PER,2021,26.1824464676564
PER,2020,21.2345240547509
PER,2019,22.9044179405342
PER,2018,23.4392854994888
PER,2017,22.7936783872998
PER,2016,22.7885274554247
PER,2015,23.875443403219
PER,2014,24.2461507154749
PER,2013,24.9788430262935
PER,2012,25.1702808921321
PER,2011,25.4855205274718
PER,2010,23.8466447848286
PER,2009,21.669876876324
PER,2008,28.7061371800215
PER,2007,24.165996753135
PER,2006,21.2484195803232
PER,2005,20.5085563651301
PER,2004,19.0238445170772
PER,2003,18.6099433778513
PER,2002,17.9743734787821
PER,2001,18.4630219090874
PER,2000,18.7696584415009
PER,1999,17.8088885487375
PER,1998,19.2501199365259
PER,1997,18.9922855943966
PER,1996,18.3376841732667
PER,1995,18.3273325960603
PER,1994,16.1515129997261
PER,1993,16.3159114665164
PER,1992,15.4637863865267
PER,1991,14.4568674464779
PER,1990,13.772485437739
PHL,2025,40.2432695143595
PHL,2024,40.1268077299236
PHL,2023,40.7831199701022
PHL,2022,44.042282064966
PHL,2021,37.7325748976525
PHL,2020,32.966720992025
PHL,2019,40.4589222469285
PHL,2018,41.9497929256998
PHL,2017,38.6160788880035
PHL,2016,35.1030624218713
PHL,2015,31.9335348662643
PHL,2014,30.113667896666
PHL,2013,29.6473614230291
PHL,2012,30.3749316555848
PHL,2011,31.690407821767
PHL,2010,33.2294487942119
PHL,2009,30.6670651873867
PHL,2008,34.3242375293009
PHL,2007,35.6307936542553
PHL,2006,39.6050793023691
PHL,2005,42.6156353549097
PHL,2004,45.2984438324049
PHL,2003,45.2696259923924
PHL,2002,43.83912414975
PHL,2001,43.7448871162984
PHL,2000,41.809149235982
PHL,1999,38.7503349766746
PHL,1998,42.2703331195996
PHL,1997,42.1425001813547
PHL,1996,34.9685821777115
PHL,1995,31.3845163136131
PHL,1994,28.4508379453015
PHL,1993,28.1619125520064
PHL,1992,24.2114781886729
PHL,1991,23.2547826003992
PHL,1990,23.5291431442704
POL,2025,47.07961715558
POL,2024,48.1796294552629
POL,2023,52.1436640222717
POL,2022,60.6688166147992
POL,2021,53.836306949643
POL,2020,46.8252057104188
POL,2019,48.9681403361987
POL,2018,50.2098867240303
POL,2017,48.8733676676502
POL,2016,46.9594739437073
POL,2015,45.0937905484415
POL,2014,45.8133476787599
POL,2013,44.6502190786485
POL,2012,44.8070016680619
POL,2011,44.6054983103518
POL,2010,42.3336454756702
POL,2009,37.9645460598818
POL,2008,42.9059088559607
POL,2007,42.2742826395837
POL,2006,40.0427623151275
POL,2005,35.7860168147767
POL,2004,36.9194069594885
POL,2003,35.9747812061398
POL,2002,32.1734007560509
POL,2001,30.8212732632544
POL,2000,33.5375012139652
POL,1999,29.9012260725366
POL,1998,30.685713160072
POL,1997,27.1211944944015
POL,1996,23.392639678205
POL,1995,20.7014818942148
PRT,2025,42.7407881300597
PRT,2024,43.8418780958391
PRT,2023,45.9803767757157
PRT,2022,51.8824642789839
PRT,2021,44.3251180305463
PRT,2020,39.2526255864686
PRT,2019,43.1178629650595
PRT,2018,43.0581149209879
PRT,2017,41.8651136589341
PRT,2016,39.1672575583436
PRT,2015,39.9470092176377
PRT,2014,40.0355784904498
PRT,2013,38.466555354947
PRT,2012,38.2176009968034
PRT,2011,38.5960625767303
PRT,2010,37.6616550692709
PRT,2009,34.1989508086976
PRT,2008,40.8146638437736
PRT,2007,38.7519330104618
PRT,2006,38.1896486771007
PRT,2005,35.8603370144983
PRT,2004,35.5375421117759
PRT,2003,33.7717555904736
PRT,2002,35.2348971843795
PRT,2001,37.6546290635856
PRT,2000,39.2483773924343
PRT,1999,36.8323550925286
PRT,1998,36.4992716296598
PRT,1997,35.1508067548668
PRT,1996,33.6613401675442
PRT,1995,33.1447402882201
PRT,1994,32.043794086164
PRT,1993,30.5750843731262
PRT,1992,31.8486069476756
PRT,1991,33.8190413392617
PRT,1990,35.8864150999083
PRI,2025,43.574909635642
PRI,2024,42.7455385003489
PRI,2023,48.0127431667123
PRI,2022,45.8101765842115
PRI,2021,42.3330257661149
PRI,2020,43.1618457707632
PRI,2019,46.9925727505175
PRI,2018,46.0472215701365
PRI,2017,44.407924945986
PRI,2016,41.5158807974567
PRI,2015,41.6856992227365
PRI,2014,41.5638318017918
PRI,2013,44.0222547584187
PRI,2012,45.8586045559091
PRI,2011,44.5056735461382
PRI,2010,41.4815620448195
PRI,2009,42.1753871947677
PRI,2008,47.9801749906289
PRI,2007,50.5626797948186
PRI,2006,48.8451804602907
PRI,2005,46.3628933315502
PRI,2004,48.4268922883234
PRI,2003,45.1033979531562
PRI,2002,40.4680028203034
PRI,2001,42.1181532877512
PRI,2000,43.8282189498524
PRI,1999,43.7395619024567
PRI,1998,40.3012587267779
PRI,1997,44.3841340821958
PRI,1996,42.0391463897831
PRI,1995,44.1214011727956
PRI,1994,41.9600293570548
PRI,1993,44.3792254773084
PRI,1992,44.4328874923008
PRI,1991,49.2590972517727
PRI,1990,51.3711985710066
QAT,2022,31.6152340257357
QAT,2021,34.0531415378261
QAT,2020,40.9002166233522
QAT,2019,37.8575156222525
QAT,2018,35.8965858065867
QAT,2017,38.6051652911024
QAT,2016,41.8337586290298
QAT,2015,36.6461264070517
QAT,2014,31.0362566094301
QAT,2013,29.6653730820309
QAT,2012,29.2739243592311
QAT,2011,26.1019286002011
QAT,2010,23.7506175279123
QAT,2009,29.0092868820684
QAT,2008,28.0705559342393
QAT,2007,35.8368573604778
QAT,2006,35.7531891467481
QAT,2005,29.660499349131
QAT,2004,26.2042038922363
QAT,2003,28.4673663075073
QAT,2002,28.1269507973441
QAT,2001,29.0758145363409
QAT,2000,22.3293011168518
QAT,1999,25.6921815078362
QAT,1998,39.9624966514867
QAT,1997,36.1662289660539
QAT,1996,39.7834788937409
QAT,1995,43.3292833029505
QAT,1994,33.7741683120367
QAT,1993,34.6909788867562
QAT,1992,35.5346363897672
QAT,1991,33.5408684546616
QAT,1990,32.1103314422216
ROU,2025,40.7304740245655
ROU,2024,41.6119570939538
ROU,2023,44.1307348599346
ROU,2022,50.4365455441284
ROU,2021,46.3768092724597
ROU,2020,41.3905053604534
ROU,2019,44.5711596314136
ROU,2018,45.3069789051814
ROU,2017,44.8217903606371
ROU,2016,43.4761931163147
ROU,2015,42.1713831168849
ROU,2014,41.8984310178575
ROU,2013,41.1522495622465
ROU,2012,40.8859610051082
ROU,2011,41.0347475882739
ROU,2010,38.3133421840234
ROU,2009,32.4476813438419
ROU,2008,39.0197013363802
ROU,2007,38.7943276239508
ROU,2006,36.9123994274755
ROU,2005,34.8253288429032
ROU,2004,34.8825424019048
ROU,2003,31.9667919982326
ROU,2002,29.6972184551935
ROU,2001,29.8226275519331
ROU,2000,26.9324410712586
ROU,1999,31.3118578394381
ROU,1998,30.8233151479287
ROU,1997,35.0080980074588
ROU,1996,34.3238757606892
ROU,1995,30.6611830867474
ROU,1994,26.9657170317705
ROU,1993,27.9874025494365
ROU,1992,36.1988323492337
ROU,1991,21.5345523844095
ROU,1990,26.1802074833897
RUS,2025,15.5069734394404
RUS,2024,17.5620399669048
RUS,2023,18.5695723352636
RUS,2022,15.0566816178163
RUS,2021,20.5837759257711
RUS,2020,20.4447226915578
RUS,2019,20.7953229819275
RUS,2018,20.7876435683221
RUS,2017,20.7856433573743
RUS,2016,20.6636368626929
RUS,2015,20.6559598687647
RUS,2014,20.6902442110591
RUS,2013,20.441812574244
RUS,2012,20.2440700464294
RUS,2011,19.9800379279369
RUS,2010,21.1399447022831
RUS,2009,20.496959823666
RUS,2008,22.072905707322
RUS,2007,21.5420622609236
RUS,2006,21.0029264232898
RUS,2005,21.5101825254241
RUS,2004,22.1639613429458
RUS,2003,23.8782872318208
RUS,2002,24.432851668898
RUS,2001,24.2173650683869
RUS,2000,24.0334657318409
RUS,1999,26.1733129859875
RUS,1998,24.5510478117966
RUS,1997,22.527079880846
RUS,1996,21.8495126891282
RUS,1995,25.8938941161638
RUS,1994,23.1953336062219
RUS,1993,30.4938487551746
RUS,1992,48.2546028406102
RUS,1991,12.9853414372542
RUS,1990,17.9447376591121
RWA,2025,35.1186182959686
RWA,2024,43.2655768779151
RWA,2023,43.1919779061295
RWA,2022,39.1599288943001
RWA,2021,40.5150058536374
RWA,2020,25.6828611034626
RWA,2019,26.8622697163352
RWA,2018,26.3474458507083
RWA,2017,33.4748294357797
RWA,2016,34.4717862593264
RWA,2015,32.3482504575115
RWA,2014,30.4242341265165
RWA,2013,29.5890669794532
RWA,2012,28.9097801998414
RWA,2011,27.3771962288135
RWA,2010,26.8894195155699
RWA,2009,26.7248111757171
RWA,2008,26.6050169728097
RWA,2007,22.5695332921532
RWA,2006,22.5308231761169
RWA,2005,27.8453189715103
RWA,2004,27.1811723413839
RWA,2003,25.46211448521
RWA,2002,25.2592109797978
RWA,2001,25.8836469244482
RWA,2000,26.0605265315311
RWA,1999,25.8951483455436
RWA,1998,27.4175264464375
RWA,1997,30.3244041314215
RWA,1996,30.9488153356308
RWA,1995,30.5030893811398
RWA,1994,76.5407529263502
RWA,1993,24.2213245524128
RWA,1992,21.5743341274259
RWA,1991,21.329011802415
RWA,1990,16.62051803706
WSM,2025,43.0106450094633
WSM,2024,48.8662772836279
WSM,2023,54.6319326613049
WSM,2022,49.3620047441851
WSM,2021,48.2988664539377
WSM,2020,48.2883878984044
WSM,2019,48.2977494392677
WSM,2018,46.9692902258758
WSM,2017,44.3488052893128
WSM,2016,46.4337971498413
WSM,2015,47.4934082767028
WSM,2014,52.9085153712304
WSM,2013,49.7770981135881
WSM,2012,56.4892894480509
WSM,2011,53.2075329589329
WSM,2010,50.8543741914974
WSM,2009,47.9826253582374
WSM,2008,46.0240118274779
WSM,2007,53.9915891213902
WSM,2006,52.8554240739476
WSM,2005,47.6891892822578
WSM,2004,43.4637581250713
WSM,2003,45.175968218304
WSM,2002,53.7411596857141
SMR,2023,154.990602838686
SMR,2022,173.023722527444
SMR,2021,158.155891066268
SMR,2020,140.424471394258
SMR,2019,143.267533922626
SMR,2018,142.890456277367
SMR,2017,145.071643895376
SMR,2016,147.07792198002
SMR,2015,146.911331622242
STP,2025,33.3049760687217
STP,2024,28.7167044552041
STP,2023,32.7307765511991
STP,2022,45.3197428301793
STP,2021,42.8380761574694
STP,2020,38.0539590933967
STP,2019,50.8552363527341
STP,2018,58.166502996302
STP,2017,65.7917491700112
STP,2016,68.4709277184423
STP,2015,78.9514417903622
STP,2014,85.7432558995312
STP,2013,67.3410573467489
STP,2012,72.3421687989932
STP,2011,75.0630923057109
STP,2010,73.8626043038483
STP,2009,62.3814707045343
STP,2008,63.4791634772091
SAU,2025,28.1733498505598
SAU,2024,27.0169346216948
SAU,2023,25.0415071647045
SAU,2022,20.839154879381
SAU,2021,21.728264937195
SAU,2020,23.7233476988295
SAU,2019,24.6346155115383
SAU,2018,23.5819273071372
SAU,2017,27.169441258704
SAU,2016,28.7785737995774
SAU,2015,35.6651376146789
SAU,2014,32.9042652949498
SAU,2013,29.8789849870989
SAU,2012,28.6208309025235
SAU,2011,29.0860881073216
SAU,2010,32.9799704964413
SAU,2009,37.7697209090451
SAU,2008,33.9911288411164
SAU,2007,34.9258769574815
SAU,2006,30.1126964323542
SAU,2005,24.9033329514589
SAU,2004,24.0975055731163
SAU,2003,23.977021521626
SAU,2002,23.6439941380154
SAU,2001,23.9268894565803
SAU,2000,24.7611797698264
SAU,1999,23.1795778305815
SAU,1998,26.4560108137963
SAU,1997,26.0294690234163
SAU,1996,26.6309991231776
SAU,1995,27.7038858462799
SAU,1994,26.0703632736108
SAU,1993,33.4541584247889
SAU,1992,35.9852277198409
SAU,1991,36.390899397386
SAU,1990,31.3732478292946
SEN,2025,38.580837965299
SEN,2024,42.7542018877528
SEN,2023,48.4878187033086
SEN,2022,52.6982577949171
SEN,2021,44.7363918727061
SEN,2020,39.346318758136
SEN,2019,39.253116408714
SEN,2018,38.8407480009875
SEN,2017,35.8535416664158
SEN,2016,32.5473111109457
SEN,2015,35.4331431725293
SEN,2014,36.6642322347768
SEN,2013,38.2770240497678
SEN,2012,39.5009295824637
SEN,2011,36.2733297133058
SEN,2010,32.4766163687996
SEN,2009,32.9134243244516
SEN,2008,41.9154685560613
SEN,2007,38.7169161277572
SEN,2006,34.8841531648922
SEN,2005,35.0966059982472
SEN,2004,34.5575402517628
SEN,2003,32.6031932096043
SEN,2002,33.5274194123132
SEN,2001,32.0198979604711
SEN,2000,30.9159401250653
SEN,1999,30.4810047531599
SEN,1998,29.5137089119744
SEN,1997,28.908389789963
SEN,1996,28.1882673232962
SEN,1995,32.0685440082688
SEN,1994,33.5166955140876
SEN,1993,25.2202533532733
SEN,1992,26.4677904717558
SEN,1991,26.6671702962509
SEN,1990,27.7331623148111
SRB,2025,58.6104052058788
SRB,2024,58.1412616798937
SRB,2023,59.4174548307005
SRB,2022,71.1751247845415
SRB,2021,60.0018978032927
SRB,2020,54.2193732166053
SRB,2019,58.6163138900993
SRB,2018,56.8935027873898
SRB,2017,54.6079901254341
SRB,2016,51.2370236043431
SRB,2015,50.1430257911082
SRB,2014,48.0583349476172
SRB,2013,46.1049842143018
SRB,2012,47.6521072254263
SRB,2011,44.0257844705004
SRB,2010,42.7206354224281
SRB,2009,38.1571490444562
SRB,2008,48.3588355576764
SRB,2007,46.4672309035718
SRB,2006,46.5624697678669
SRB,2005,44.3884440972659
SRB,2004,47.8074066398619
SRB,2003,36.2353747187669
SRB,2002,35.1128705305131
SRB,2001,34.1762307521383
SRB,2000,12.8661104592493
SRB,1999,14.222375921494
SRB,1998,21.8200682811574
SRB,1997,19.8887373854718
SRB,1996,16.805386888619
SRB,1995,7.72277695902654
SYC,2025,92.6685633001423
SYC,2024,95.2950980513264
SYC,2023,98.3359751650734
SYC,2022,100.625462443946
SYC,2021,103.50694354147
SYC,2020,86.9366420475376
SYC,2019,91.0515782587732
SYC,2018,98.6631327999028
SYC,2017,103.532664131629
SYC,2016,95.5159309851078
SYC,2015,97.3903842075545
SYC,2014,114.173720268192
SYC,2013,101.814701587263
SYC,2012,119.131027950258
SYC,2011,112.114625869829
SYC,2010,106.795741372303
SYC,2009,116.546916772014
SYC,2008,110.707558115675
SYC,2007,88.0847364723994
SYC,2006,94.4858968909654
SYC,2005,93.9942008534583
SYC,2004,76.6592321082362
SYC,2003,81.3158517342573
SYC,2002,80.2505894259036
SYC,2001,97.3711501648011
SYC,2000,76.9799782501566
SYC,1999,65.4306446716188
SYC,1998,59.1739932718766
SYC,1997,56.8369317755863
SYC,1996,70.743626455548
SYC,1995,43.0775100413928
SYC,1994,39.8348213669829
SYC,1993,47.2639744606282
SYC,1992,41.5043789749624
SYC,1991,43.2145085843049
SYC,1990,47.4825407465018
SLE,2025,28.2050101250856
SLE,2024,23.2797967049279
SLE,2023,34.3231384251881
SLE,2022,28.2737347461691
SLE,2021,26.5958766638268
SLE,2020,20.7226317347753
SLE,2019,27.8678121639067
SLE,2018,26.1386343633649
SLE,2017,27.6707333162304
SLE,2016,28.954963320957
SLE,2015,25.9974388234853
SLE,2014,30.9043865638971
SLE,2013,34.4241556482598
SLE,2012,32.7895113788429
SLE,2011,34.1871551538262
SLE,2010,18.0618161080087
SLE,2009,15.0667211601616
SLE,2008,13.4931258862752
SLE,2007,12.7590916050931
SLE,2006,12.5778402060443
SLE,2005,29.7218019749559
SLE,2004,29.4903343681381
SLE,2003,32.361200569403
SLE,2002,30.2491957804677
SLE,2001,27.9845131823208
SLE,2000,39.3951193404254
SLE,1999,19.921272099786
SLE,1998,21.2711173592992
SLE,1997,15.0783293728258
SLE,1996,32.15029605726
SLE,1995,26.4408140548086
SLE,1994,25.6485211517826
SLE,1993,28.5772895317682
SLE,1992,32.9019320300008
SLE,1991,28.9946736238024
SLE,1990,34.0007724676275
SGP,2025,142.454541263325
SGP,2024,138.643522676429
SGP,2023,143.271207083937
SGP,2022,145.236260954071
SGP,2021,145.373954861844
SGP,2020,149.900578206446
SGP,2019,147.45104630445
SGP,2018,148.012770521334
SGP,2017,144.427917894082
SGP,2016,137.542548284574
SGP,2015,151.08679044058
SGP,2014,168.513783378732
SGP,2013,171.963983710876
SGP,2012,172.493352911906
SGP,2011,175.770922728001
SGP,2010,171.686594994619
SGP,2009,167.347876817714
SGP,2008,208.332943955938
SGP,2007,181.509078187707
SGP,2006,197.325782481957
SGP,2005,195.270845183643
SGP,2004,187.572017095863
SGP,2003,174.632357911778
SGP,2002,165.659895919145
SGP,2001,166.397924985207
SGP,2000,176.013630183467
SGP,1999,159.73983350712
SGP,1998,145.291685165837
SGP,1997,154.567536007275
SGP,1996,159.268050895143
SGP,1995,164.338323023735
SGP,1994,150.023188580912
SGP,1993,151.765620165211
SGP,1992,149.586317507495
SGP,1991,155.341800903456
SGP,1990,167.139673411139
SVK,2025,85.2478669923037
SVK,2024,85.729301195507
SVK,2023,89.8973162239414
SVK,2022,104.988825139001
SVK,2021,91.2176227259784
SVK,2020,83.2358298718319
SVK,2019,91.8785221191079
SVK,2018,93.8061320518596
SVK,2017,92.692270525658
SVK,2016,90.4456925866891
SVK,2015,88.7321732758884
SVK,2014,86.3163071119859
SVK,2013,88.0241142496093
SVK,2012,86.0600955080503
SVK,2011,84.5450241871604
SVK,2010,78.0274155953488
SVK,2009,68.6182956025341
SVK,2008,82.2600055764106
SVK,2007,83.2027826349668
SVK,2006,83.711856062905
SVK,2005,76.0753204676849
SVK,2004,70.8779633799851
SVK,2003,63.2227097144907
SVK,2002,63.5007821368864
SVK,2001,64.6706220116446
SVK,2000,55.6339961270251
SVK,1999,51.1277537787617
SVK,1998,56.417186139942
SVK,1997,63.7674607198646
SVK,1996,61.9204724259741
SVK,1995,53.9163550193964
SVK,1994,52.3590879522413
SVK,1993,58.9660246302502
SVK,1992,68.9150660004401
SVK,1991,45.6614309434176
SVK,1990,32.9210370028542
SVN,2025,73.2758980628106
SVN,2024,74.740539192438
SVN,2023,76.7213955695369
SVN,2022,92.3308168499054
SVN,2021,78.0887857232485
SVN,2020,69.2772085932473
SVN,2019,75.687217335396
SVN,2018,77.0448569241837
SVN,2017,74.820155682477
SVN,2016,69.8018614128279
SVN,2015,69.5541975738436
SVN,2014,69.8192572845302
SVN,2013,70.2098430668378
SVN,2012,70.1111005422282
SVN,2011,69.5494096562379
SVN,2010,63.765747302319
SVN,2009,56.5194773849398
SVN,2008,68.7511760753667
SVN,2007,69.4986468322083
SVN,2006,65.2830726480487
SVN,2005,60.8859812460752
SVN,2004,56.9289185128662
SVN,2003,51.8002139393991
SVN,2002,51.9388053692256
SVN,2001,53.3172388153655
SVN,2000,54.1607801015593
SVN,1999,48.6536290352206
SVN,1998,49.383325378787
SVN,1997,48.7846131213189
SVN,1996,47.4590470196594
SVN,1995,47.6451665433895
SVN,1994,47.9870805366143
SVN,1993,47.8859742774566
SVN,1992,46.6581526635057
SVN,1991,61.658207861116
SVN,1990,65.2131618177878
SLB,2024,70.7844658806318
SLB,2023,64.8752251779045
SLB,2022,46.7035639485768
SLB,2021,40.8645385113232
SLB,2020,32.2818976559558
SLB,2019,46.5015635980743
SLB,2018,46.3685887457309
SLB,2017,43.5183490568565
SLB,2016,45.8211540708853
SLB,2015,47.8279322756093
SLB,2014,51.1170772450744
SLB,2013,53.6749279587151
SLB,2012,54.9124295873126
SLB,2011,57.0957426167952
SLB,2010,60.9971731717478
SLB,2009,42.728551350452
SLB,2008,52.6217496334819
SLB,2007,51.5995659247957
SLB,2006,42.7261542364525
SLB,2005,39.2724996291249
SLB,2004,37.9312042946836
SLB,2003,33.9588987804206
SLB,2002,23.6117398425995
SLB,2001,27.5749752472957
SLB,2000,31.4525695251561
SLB,1999,32.6961827079631
SLB,1998,42.6131741691191
SLB,1997,55.590450030751
SLB,1996,53.6537842667554
SLB,1995,69.1735684917773
SLB,1994,87.1873248334239
SLB,1993,102.534778639095
SLB,1992,96.2221752254049
SLB,1991,115.425305015011
SLB,1990,96.06554700235
SOM,2025,98.8149470599555
SOM,2024,99.1142308013704
SOM,2023,81.1826975725497
SOM,2022,73.0765461138881
SOM,2021,62.9442159654118
SOM,2020,62.0421882243857
SOM,2019,57.231977818854
SOM,2018,59.6087895338499
SOM,2017,55.6291480514478
SOM,2016,58.225604612142
SOM,2015,59.6077634074256
SOM,2014,62.5381477394163
SOM,2013,64.7231302031399
SOM,2012,69.0212460407427
SOM,1990,33.5606892440908
ZAF,2025,29.5009024056375
ZAF,2024,29.8548634083947
ZAF,2023,32.4260632183892
ZAF,2022,31.4076940859128
ZAF,2021,24.9731031225938
ZAF,2020,23.1837449200214
ZAF,2019,26.6958670030255
ZAF,2018,26.9885079767917
ZAF,2017,26.1958560481525
ZAF,2016,27.7051693349827
ZAF,2015,29.0130377322327
ZAF,2014,30.4989547517121
ZAF,2013,30.4957473096901
ZAF,2012,28.4434679995666
ZAF,2011,26.9382019655219
ZAF,2010,24.6226695358778
ZAF,2009,24.6047888395564
ZAF,2008,33.7198501285556
ZAF,2007,29.166174743045
ZAF,2006,27.6698913924026
ZAF,2005,23.8280169054893
ZAF,2004,22.8860564383387
ZAF,2003,21.8085892075755
ZAF,2002,25.0343344117566
ZAF,2001,22.8142845512603
ZAF,2000,21.8164184247158
ZAF,1999,19.9890800426071
ZAF,1998,21.5164735193548
ZAF,1997,20.6407425739789
ZAF,1996,20.4245085135556
ZAF,1995,19.4401731715272
ZAF,1994,17.5652713615169
ZAF,1993,15.7837577150899
ZAF,1992,15.3662068949062
ZAF,1991,15.5407939143944
ZAF,1990,16.6732591904381
SSD,2015,28.8999999040295
SSD,2014,26.2429005140531
SSD,2013,41.0704887322407
SSD,2012,28.7877590362221
SSD,2011,27.1507393796766
SSD,2010,29.5089655488059
SSD,2009,34.5214499586058
SSD,2008,31.2392372104884
ESP,2025,32.8133446186236
ESP,2024,32.8943819660923
ESP,2023,33.9809889561819
ESP,2022,38.7940514426218
ESP,2021,32.7675046176609
ESP,2020,28.9651031602513
ESP,2019,31.6906621148431
ESP,2018,32.1345964120382
ESP,2017,31.2670509322886
ESP,2016,29.6116448657886
ESP,2015,30.2833562687193
ESP,2014,30.1799222098486
ESP,2013,28.9133156275228
ESP,2012,29.2542984119139
ESP,2011,29.1234127763898
ESP,2010,26.865556633508
ESP,2009,23.8512940474748
ESP,2008,30.280322752312
ESP,2007,31.703851639984
ESP,2006,30.9004394134785
ESP,2005,29.7585877718662
ESP,2004,29.0912600182081
ESP,2003,27.8201980109209
ESP,2002,28.5378742610811
ESP,2001,30.1370410210027
ESP,2000,31.5327015345083
ESP,1999,28.3071423051465
ESP,1998,26.5804352013017
ESP,1997,25.5110593848211
ESP,1996,23.2246505749101
ESP,1995,22.9644613141731
ESP,1994,21.3483907299537
ESP,1993,19.2545779765874
ESP,1992,19.8042521750036
ESP,1991,19.7317294529868
ESP,1990,19.8999616408042
LKA,2025,22.8416230396327
LKA,2024,22.3636324192921
LKA,2023,22.7481397523022
LKA,2022,25.1230455566456
LKA,2021,24.3074247397182
LKA,2020,21.6314789397836
LKA,2019,27.6019929606444
LKA,2018,28.3631481374973
LKA,2017,26.9162097641559
LKA,2016,26.6475009824081
LKA,2015,27.0245869884029
LKA,2009,27.8207752870405
LKA,2008,38.5275565094015
LKA,2007,39.491511973103
LKA,2006,41.1326513945037
LKA,2005,41.267099970564
LKA,2004,44.1520421686776
LKA,2003,40.6827444981201
LKA,2002,41.4218015848181
LKA,2001,43.5674130558662
LKA,2000,49.620740818488
LKA,1999,43.2677736325718
LKA,1998,42.2511704483166
LKA,1997,43.599435228784
LKA,1996,43.9006259373438
LKA,1995,46.0374199577101
LKA,1994,45.617906901244
LKA,1993,43.3465114649745
LKA,1992,41.03338247708
LKA,1991,38.8548254978582
LKA,1990,38.0631106580812
SDN,2025,1.27888825694147
SDN,2024,1.27448191209378
SDN,2023,1.36562018959182
SDN,2022,1.12767260530269
SDN,2021,1.87767821048496
SDN,2020,4.82983238157553
SDN,2019,17.666637037634
SDN,2018,14.2177167427683
SDN,2017,11.7192455714973
SDN,2016,10.2771788829636
SDN,2015,11.9553619254684
SDN,2014,13.2361978812986
SDN,2013,17.3516333336233
SDN,2012,14.9997218879992
SDN,2011,15.0336329952659
SDN,2010,15.2527036042897
SDN,2009,18.226680340458
SDN,2008,16.4756662014213
SDN,2007,17.5028020373943
SDN,2006,21.1076683171102
SDN,2005,21.4127695588256
SDN,2004,16.1319456818282
SDN,2003,14.1876939487906
SDN,2002,14.2159787676178
SDN,2001,10.7328277603943
SDN,2000,13.4196774022208
SDN,1999,16.9349609950776
SDN,1998,15.1730414800744
SDN,1997,12.5149599752666
SDN,1996,13.869569574461
SDN,1995,9.80295651611933
SDN,1994,9.91957757940122
SDN,1993,7.23600815199434
SDN,1992,14.4249364721886
SDN,1991,11.7367912276762
SDN,1990,7.0680481287838
SUR,2010,38.4140748770116
SUR,2009,43.7958262831359
SUR,2008,52.2581975665086
SUR,2007,47.2522019600546
SUR,2006,45.4204829308909
SWE,2025,51.1066068253172
SWE,2024,51.4703526317996
SWE,2023,52.4238314737936
SWE,2022,52.7996884678965
SWE,2021,43.626000413455
SWE,2020,40.187218660823
SWE,2019,44.4624806477579
SWE,2018,44.4678627588174
SWE,2017,42.1515616878618
SWE,2016,40.5144007206336
SWE,2015,40.4616141676452
SWE,2014,40.3642486526362
SWE,2013,38.9039773181224
SWE,2012,40.464492501668
SWE,2011,40.9766258360399
SWE,2010,40.2144550183387
SWE,2009,38.4991885106953
SWE,2008,43.7942694198751
SWE,2007,41.8229027500389
SWE,2006,40.731913626917
SWE,2005,38.8363060434344
SWE,2004,36.0169512517047
SWE,2003,34.9921337375667
SWE,2002,35.9236498661188
SWE,2001,37.6696753093281
SWE,2000,38.2267335056201
SWE,1999,34.6710916432535
SWE,1998,34.2044933729644
SWE,1997,32.7632651207802
SWE,1996,30.3799543776886
SWE,1995,31.3412260997789
SWE,1994,30.1376709836896
SWE,1993,27.6306297270615
SWE,1992,24.730307457291
SWE,1991,24.9101313834144
SWE,1990,27.8063857257316
CHE,2025,69.109307845911
CHE,2024,59.1522265023689
CHE,2023,59.4184563829442
CHE,2022,61.2709765693661
CHE,2021,58.0619868071113
CHE,2020,57.8828739234285
CHE,2019,56.8740592564204
CHE,2018,56.755416947834
CHE,2017,57.3060367886332
CHE,2016,56.7044441677562
CHE,2015,53.1154318728083
CHE,2014,54.4988246027965
CHE,2013,61.2617383404455
CHE,2012,58.4368702528801
CHE,2011,58.8455355704939
CHE,2010,54.836162238006
CHE,2009,51.4527528962893
CHE,2008,53.5671191334374
CHE,2007,51.6253647050757
CHE,2006,49.5803263271633
CHE,2005,48.2978742326135
CHE,2004,44.1861434566624
CHE,2003,42.5852376577067
CHE,2002,43.0987566735016
CHE,2001,45.7790870672196
CHE,2000,46.4996696941293
CHE,1999,42.9262892875835
CHE,1998,42.1988774712584
CHE,1997,41.8662162546867
CHE,1996,37.4974521051761
CHE,1995,35.9384825610396
CHE,1994,35.7979334250756
CHE,1993,36.5579665552479
CHE,1992,37.8408813920414
CHE,1991,38.0956495931352
CHE,1990,40.8167335262936
SYR,2022,28.6600525880316
SYR,2021,44.0511918088493
SYR,2020,30.0023561798712
SYR,2019,28.9894026254051
SYR,2018,35.7420774198957
SYR,2017,41.7111781840868
SYR,2016,45.4318404760268
SYR,2015,36.7951069230783
SYR,2014,47.2486429493624
SYR,2013,36.9272368113289
SYR,2012,27.6540725102336
SYR,2011,31.3267640239015
SYR,2010,31.843378069124
SYR,2009,30.8844235970824
SYR,2008,36.6658906615355
SYR,2007,37.7849566129827
SYR,2006,35.1937649657417
SYR,2005,39.0906609975086
SYR,2004,37.6659682441159
SYR,2003,29.3392157428621
SYR,2002,31.7103327385983
SYR,2001,30.7220843081884
SYR,2000,29.1688683229017
SYR,1999,31.991644406245
SYR,1998,30.8956738238256
SYR,1997,33.8022369492294
SYR,1996,38.0882005972292
SYR,1995,37.9368623845177
SYR,1994,45.3925204652826
SYR,1993,40.9039165689841
SYR,1992,37.6315152167478
SYR,1991,32.0739880088842
SYR,1990,27.950866104171
TJK,2024,47.8772838528243
TJK,2023,48.4428635765939
TJK,2022,49.082387543926
TJK,2021,47.6440075467741
TJK,2020,38.4247894490479
TJK,2019,41.0650766403151
TJK,2018,41.470632937044
TJK,2017,38.8575649925583
TJK,2016,42.5243154353964
TJK,2015,40.1351176394431
TJK,2014,45.4370684156367
TJK,2013,60.6555992268361
TJK,2012,65.8986646609389
TJK,2011,63.336559021785
TJK,2010,58.5540188852597
TJK,2009,61.5071381826114
TJK,2008,80.4653526853787
TJK,2007,99.6688638280591
TJK,2006,82.9976861770503
TJK,2005,72.7527544195598
TJK,2004,69.5928526259465
TJK,2003,73.7388163145293
TJK,2002,75.8747370604094
TJK,2001,78.5162649192605
TJK,2000,88.5990933004981
TJK,1999,67.5092936802974
TJK,1998,58.0317955720277
TJK,1997,94.1721343110768
TJK,1996,80.0647859922179
TJK,1995,71.9328080229226
TJK,1994,48.3044554455446
TJK,1993,41.641444856165
TZA,2025,19.9868892820017
TZA,2024,21.5755574597037
TZA,2023,21.0166049300635
TZA,2022,19.5897411900311
TZA,2021,15.7951616808233
TZA,2020,14.4591413507523
TZA,2019,16.9818431017325
TZA,2018,17.9034665112026
TZA,2017,17.4491004195082
TZA,2016,19.0704953363596
TZA,2015,23.6527693247348
TZA,2014,27.2868130672252
TZA,2013,29.6188399281829
TZA,2012,31.9968373970068
TZA,2011,34.5318418555069
TZA,2010,28.0329106928814
TZA,2009,25.3383348142052
TZA,2008,29.5619331960008
TZA,2007,28.2277691926899
TZA,2006,24.3531750212378
TZA,2005,19.97590623295
TZA,2004,17.5642034278309
TZA,2003,15.3557130636034
TZA,2002,13.2175756461348
TZA,2001,14.1931032575113
TZA,2000,13.1763099576589
TZA,1999,14.8552078197162
TZA,1998,16.03817814319
TZA,1997,17.6905336154189
TZA,1996,21.9972078062941
TZA,1995,28.5833811132763
TZA,1994,30.0413940799783
TZA,1993,32.852817872315
TZA,1992,27.0999928566684
TZA,1991,23.1648753076481
TZA,1990,25.7923244752139
THA,2025,67.2655883991896
THA,2024,66.0523066719304
THA,2023,63.2787714156634
THA,2022,67.479626286528
THA,2021,58.7103597385762
THA,2020,46.3236229706734
THA,2019,50.1706240932801
THA,2018,56.0037678316517
THA,2017,54.2185949672612
THA,2016,53.5043433198287
THA,2015,57.2029718819397
THA,2014,62.5113602831802
THA,2013,65.2911331011204
THA,2012,68.7237028804414
THA,2011,68.8204978444147
THA,2010,60.7643494790272
THA,2009,54.8308063628242
THA,2008,69.0205934338244
THA,2007,61.0009518194692
THA,2006,65.4116041579669
THA,2005,69.4511499313604
THA,2004,61.4400163812742
THA,2003,55.1702680716755
THA,2002,54.3239904200966
THA,2001,57.01727651688
THA,2000,56.457704612787
THA,1999,44.2677458429596
THA,1998,42.3031708884277
THA,1997,46.8147319390868
THA,1996,45.2557278008642
THA,1995,48.2238298715814
THA,1994,43.0068390849776
THA,1993,40.9288275572971
THA,1992,40.9821700245894
THA,1991,42.5068254603993
THA,1990,41.6504361196591
TLS,2024,84.8909504280014
TLS,2023,66.3815546278449
TLS,2022,42.0091735339143
TLS,2021,36.3472129000625
TLS,2020,48.0840963587117
TLS,2019,49.3999263191702
TLS,2018,61.8876513619701
TLS,2017,56.2257394636712
TLS,2016,57.1541988775619
TLS,2015,57.02661363793
TLS,2014,78.1639783267447
TLS,2013,74.0495314486196
TLS,2012,121.377668443116
TLS,2011,134.360557433777
TLS,2010,125.835888112304
TLS,2009,148.520120978714
TLS,2008,125.904346426252
TLS,2007,118.763939414372
TLS,2006,89.6464110020353
TLS,2005,67.534785016484
TLS,2004,99.8563883368272
TLS,2003,115.445893282163
TLS,2002,172.599298549064
TLS,2001,157.771368443016
TLS,2000,165.030389102057
TGO,2023,35.3471259066848
TGO,2022,36.5658819103448
TGO,2021,33.2432620159071
TGO,2020,31.9956925911872
TGO,2019,32.4331342888704
TGO,2018,33.2436897995647
TGO,2017,32.9067828987617
TGO,2016,39.7135422457229
TGO,2015,42.4175080098299
TGO,2014,41.7767536570887
TGO,2013,48.0366695470608
TGO,2012,42.724024374095
TGO,2011,46.2376683597378
TGO,2010,39.0720400598684
TGO,2009,36.349025723283
TGO,2008,36.9811269015349
TGO,2007,37.1519938654568
TGO,2006,36.565164015152
TGO,2005,36.271641423858
TGO,2004,34.2967324862107
TGO,2003,32.1603776857051
TGO,2002,30.1714237872832
TGO,2001,30.8846261720298
TGO,2000,28.6513437076176
TGO,1999,28.7690951153571
TGO,1998,32.6664565453381
TGO,1997,30.7265559645049
TGO,1996,34.4611045912819
TGO,1995,32.8444453185064
TGO,1994,31.7437390818577
TGO,1993,25.238078372817
TGO,1992,28.681543928885
TGO,1991,34.1859342103835
TGO,1990,33.52332208914
TON,2024,60.6803482440612
TON,2023,64.8799046107707
TON,2022,59.3638662856804
TON,2021,57.4647379396868
TON,2020,62.1443743951103
TON,2019,65.8120846875363
TON,2018,64.8925524053341
TON,2017,65.8673566030488
TON,2016,63.2716137357323
TON,2015,64.4320847085614
TON,2014,57.8033848901132
TON,2013,62.4279473462678
TON,2012,60.9159629284826
TON,2011,62.6049460477049
TON,2010,58.2971046797666
TON,2009,60.7194959387873
TON,2008,56.6665933499945
TON,2007,56.0099933911542
TON,2006,51.7948139674165
TON,2005,58.3662097499947
TON,2004,54.4091772238406
TON,2003,53.8282272586825
TON,2002,55.5811001477704
TON,2001,49.0397399473767
TON,2000,46.294089091012
TON,1999,45.024913018519
TON,1998,58.7036569740237
TON,1997,50.9899989581865
TON,1996,57.7137830096376
TON,1995,54.1602908214198
TON,1994,45.7748544622495
TON,1993,47.5494339228883
TON,1992,48.9888541068663
TON,1991,60.5587706811658
TON,1990,65.0955448639539
TUN,2025,54.7944728488274
TUN,2024,56.2968591755414
TUN,2023,59.0894641022935
TUN,2022,64.7698546733647
TUN,2021,51.8532117623985
TUN,2020,46.3415287262734
TUN,2019,56.3822840334945
TUN,2018,58.3860760894097
TUN,2017,54.0884116006529
TUN,2016,48.7973687883644
TUN,2015,48.848691902871
TUN,2014,53.159638737738
TUN,2013,54.0652513616158
TUN,2012,55.6378761572116
TUN,2011,54.0517255325681
TUN,2010,52.1912811425565
TUN,2009,47.9770677537442
TUN,2008,58.6908302757937
TUN,2007,52.9811789950767
TUN,2006,47.912414055363
TUN,2005,45.3189558405579
TUN,2004,44.7272680458823
TUN,2003,42.9067768819332
TUN,2002,44.5573413735669
TUN,2001,46.7353778696167
TUN,2000,42.9090760836329
TUN,1999,39.9260723550291
TUN,1998,41.4596717349713
TUN,1997,41.3866297061464
TUN,1996,43.6109785328039
TUN,1995,48.8100962948193
TUN,1994,47.8721116999077
TUN,1993,47.9656284525677
TUN,1992,46.4650002188854
TUN,1991,45.3203977121575
TUN,1990,50.6042142441081
TUR,2025,25.0849063722672
TUR,2024,27.0305829100406
TUR,2023,33.7696157928943
TUR,2022,41.7570614839925
TUR,2021,34.5552643235919
TUR,2020,31.6498487704686
TUR,2019,29.548577767937
TUR,2018,31.0972787311468
TUR,2017,29.5961595228053
TUR,2016,25.2379813745471
TUR,2015,26.5941406789482
TUR,2014,28.4894493558784
TUR,2013,28.6650931929463
TUR,2012,28.3619431820769
TUR,2011,30.1612264563406
TUR,2010,25.3533908870685
TUR,2009,23.2812790453404
TUR,2008,26.8398720466583
TUR,2007,25.8398878465602
TUR,2006,26.2699913345528
TUR,2005,24.1900326387181
TUR,2004,25.1390188595817
TUR,2003,23.1734946135067
TUR,2002,22.8374839940274
TUR,2001,22.6477228745251
TUR,2000,22.4412584330653
TUR,1999,18.8357467519768
TUR,1998,19.7225065361954
TUR,1997,21.3220312744105
TUR,1996,20.0896066432611
TUR,1995,17.6686297382878
TUR,1994,20.3837211337284
TUR,1993,19.3432849256138
TUR,1992,17.345129910515
TUR,1991,16.6348815592789
TUR,1990,17.5778926485052
TKM,2025,13.6954291597467
TKM,2024,11.1619622404447
TKM,2023,12.5040832955447
TKM,2022,12.634844542945
TKM,2021,12.6315263036323
TKM,2020,13.0366842455937
TKM,2019,12.9668340639095
TKM,2018,13.0574125834916
TKM,2017,26.8641216043151
TKM,2016,36.4307942777247
TKM,2015,39.2499858737899
TKM,2014,46.9446444809906
TKM,2013,50.4104198258036
TKM,2012,49.3759176994153
TKM,2011,47.7256652463542
TKM,2010,44.6108742736397
TKM,2009,57.8691569318359
TKM,2008,37.3499090357793
TKM,2007,19.5
TKM,2006,17.3311160052137
TKM,2005,23.2853703600022
TKM,2004,29.6261175833108
TKM,2003,30.5950677552395
TKM,2002,28.2935455349248
TKM,2001,40.4936901955346
TKM,2000,48.3438636798775
TKM,1999,54.7993019197208
TKM,1998,66.59521257592
TKM,1997,64.6714671467147
TKM,1996,77.9354838709677
TKM,1995,84.2065950920245
TKM,1994,85.302752293578
TKM,1993,61.372255489022
TKM,1992,38.1875
TKM,1991,27.1186440677966
UGA,2025,28.759419520652
UGA,2024,25.8951957936008
UGA,2023,21.739987404672
UGA,2022,22.4833064937607
UGA,2021,25.9326225729506
UGA,2020,21.585893851908
UGA,2019,22.2519959480052
UGA,2018,21.5513525388056
UGA,2017,20.1759235122395
UGA,2016,18.7821976075312
UGA,2015,24.8119730176989
UGA,2014,21.0661901743321
UGA,2013,26.5961192021574
UGA,2012,28.010408369725
UGA,2011,26.899501619938
UGA,2010,24.4447661623689
UGA,2009,28.4503117666136
UGA,2008,31.9781258608383
UGA,2007,30.0523481249298
UGA,2006,28.3578724062492
UGA,2005,24.8145855040487
UGA,2004,22.7632054968845
UGA,2003,25.1990016301556
UGA,2002,25.0645149900385
UGA,2001,23.8118941446563
UGA,2000,22.0976240451282
UGA,1999,23.7731362600512
UGA,1998,20.4048743436478
UGA,1997,20.7990532865504
UGA,1996,23.4243736084203
UGA,1995,20.8311535297169
UGA,1994,19.098828026462
UGA,1993,21.1773115607449
UGA,1992,24.291055246288
UGA,1991,21.9377715506948
UGA,1990,19.3688229013038
UKR,2025,51.8467407605299
UKR,2024,50.0164700870853
UKR,2023,49.2091459198387
UKR,2022,51.9513986525203
UKR,2021,42.0096208865812
UKR,2020,40.3348060859881
UKR,2019,49.2795430350714
UKR,2018,53.9645794092748
UKR,2017,55.9100665598426
UKR,2016,56.2225854554037
UKR,2015,55.2089367899327
UKR,2014,52.0988206677736
UKR,2013,51.1042867829065
UKR,2012,55.2399567951663
UKR,2011,55.3989169701848
UKR,2010,49.2731921273264
UKR,2009,44.547337921655
UKR,2008,50.9120232857868
UKR,2007,46.7566495274968
UKR,2006,45.9624295155199
UKR,2005,46.9178374241513
UKR,2004,51.2848768263486
UKR,2003,50.0470516125543
UKR,2002,45.8759364135681
UKR,2001,49.2771398129513
UKR,2000,55.4386582485465
UKR,1999,48.2479162386348
UKR,1998,44.1618812199663
UKR,1997,43.6501900069619
UKR,1996,48.2047130116905
UKR,1995,50.1564469934012
UKR,1994,38.5551546849935
UKR,1993,26.1908776378707
UKR,1992,21.9888734353268
UKR,1991,23.9799331103679
UKR,1990,28.7425149700599
ARE,2023,92.1988267361531
ARE,2022,83.689671850569
ARE,2021,82.2668014928681
ARE,2020,83.2194445309836
ARE,2019,70.5198421376147
ARE,2018,63.9040622338676
ARE,2017,70.7391380638734
ARE,2016,70.9202430070485
ARE,2015,70.4236225679817
ARE,2014,64.7417651694601
ARE,2013,61.6429155817142
ARE,2012,61.036813624374
ARE,2011,58.5481559098621
ARE,2010,58.040188125584
ARE,2009,73.8086264963738
ARE,2008,69.6456553236032
ARE,2007,64.4140515334937
ARE,2006,50.842873943999
ARE,2005,51.9675602553546
ARE,2004,53.0549259084921
ARE,2003,46.3769262232323
ARE,2002,43.5683552382112
ARE,2001,40.7053580585274
GBR,2025,31.8603712472379
GBR,2024,31.7829084706465
GBR,2023,33.0801144117865
GBR,2022,35.1369980576912
GBR,2021,29.2489791841395
GBR,2020,29.2112372453782
GBR,2019,33.1007061373899
GBR,2018,33.0552381952321
GBR,2017,32.216093479851
GBR,2016,30.7779753635731
GBR,2015,29.2459709877926
GBR,2014,30.2890138267133
GBR,2013,31.5119235000045
GBR,2012,31.469331617208
GBR,2011,32.0591396722646
GBR,2010,30.3048137840466
GBR,2009,27.9463641581244
GBR,2008,29.0571127381622
GBR,2007,27.3413721081452
GBR,2006,29.2919192465902
GBR,2005,27.3372722873845
GBR,2004,26.3040230027962
GBR,2003,26.0994438028613
GBR,2002,26.8046768666199
GBR,2001,27.1849267562592
GBR,2000,26.7816781759642
GBR,1999,25.2578752626043
GBR,1998,24.8195061048819
GBR,1997,25.0855729396509
GBR,1996,25.7904639731001
GBR,1995,25.1333164116918
GBR,1994,25.8082338069448
GBR,1993,24.9162654330582
GBR,1992,23.3824193284437
GBR,1991,22.7201063018739
GBR,1990,24.9201907506095
USA,2024,14.0413208226783
USA,2023,13.878624456192
USA,2022,15.2538011117724
USA,2021,14.4060572431224
USA,2020,13.0168627958622
USA,2019,14.4692832148142
USA,2018,15.1582483706352
USA,2017,14.9478571955214
USA,2016,14.5644385592212
USA,2015,15.2770653039497
USA,2014,16.3983551242045
USA,2013,16.3878144030073
USA,2012,17.0377883064876
USA,2011,17.2790147933311
USA,2010,15.878527508625
USA,2009,13.8273085764833
USA,2008,17.441943601098
USA,2007,16.5482262680953
USA,2006,16.3338962966673
USA,2005,15.6565009333013
USA,2004,14.8193087841105
USA,2003,13.5916448812678
USA,2002,13.1549985598093
USA,2001,13.2637348067635
USA,2000,14.4102128270623
USA,1999,13.004232506698
USA,1998,12.3106314515674
USA,1997,12.3085700908604
USA,1996,11.9404364259576
USA,1995,11.8141577687958
USA,1994,11.162311746182
USA,1993,10.4974383102923
USA,1992,10.2416795967442
USA,1991,10.1255430017786
USA,1990,10.5603352862181
URY,2025,22.6457126321473
URY,2024,23.2233223003309
URY,2023,24.3460621821134
URY,2022,27.3113447733942
URY,2021,25.370452971577
URY,2020,21.5435812775797
URY,2019,21.8394879014241
URY,2018,21.3697515949613
URY,2017,20.4467992519014
URY,2016,21.5388546346978
URY,2015,22.8503895571793
URY,2014,25.5449624492357
URY,2013,26.3647100498695
URY,2012,29.1415247389489
URY,2011,26.8248845897207
URY,2010,25.3560426602576
URY,2009,26.2952035137558
URY,2008,35.0050710353775
URY,2007,30.1199605894696
URY,2006,31.6740701145125
URY,2005,28.4736765053376
URY,2004,29.364392483135
URY,2003,24.3267794460664
URY,2002,19.40739482538
URY,2001,19.5048533701585
URY,2000,20.0156392053707
URY,1999,18.2887958647279
URY,1998,19.2201048194672
URY,1997,20.248549358309
URY,1996,19.8584566577024
URY,1995,19.1008620303303
URY,1994,20.3820233306016
URY,1993,19.5589509120047
URY,1992,19.6254688128265
URY,1991,17.8612364424549
URY,1990,18.0963487443961
UZB,2025,35.3645415221702
UZB,2024,35.9625379735638
UZB,2023,39.7869621133828
UZB,2022,37.815398870245
UZB,2021,34.4457811217665
UZB,2020,32.3429035050183
UZB,2019,37.9896096458527
UZB,2018,38.2521221014723
UZB,2017,23.2228973117917
UZB,2016,14.8381024904165
UZB,2015,15.0038442658548
UZB,2014,17.9849870300028
UZB,2013,21.0068395119034
UZB,2012,22.3708703311009
UZB,2011,23.1835665947076
UZB,2010,22.3751819014127
UZB,2009,34.0105112646732
UZB,2008,38.5794692300191
UZB,2007,34.7432635686414
UZB,2006,30.9576045330392
UZB,2005,31.7162289460794
UZB,2004,34.8057825625969
UZB,2003,32.221688338074
UZB,2002,28.0340796220236
UZB,2001,27.1011715022435
UZB,2000,19.3913257156899
UZB,1999,18.4397696203245
UZB,1998,22.8537352470558
UZB,1997,30.0894730915308
VUT,2024,48.0348610922539
VUT,2023,49.694747106457
VUT,2022,55.1192124751641
VUT,2021,52.1975910860159
VUT,2020,51.78042048591
VUT,2019,54.3672102073994
VUT,2018,51.776578473959
VUT,2017,52.4089055664434
VUT,2016,55.1971108000081
VUT,2015,57.7806382408152
VUT,2014,48.2377202849644
VUT,2013,48.0697842519878
VUT,2012,53.1409682727561
VUT,2011,51.3924969160438
VUT,2010,55.1049295341252
VUT,2009,57.9335093349353
VUT,2008,59.2970616240416
VUT,2007,48.5840674505652
VUT,2006,48.2689103289379
VUT,2005,54.7904885510337
VUT,2004,53.1063892360856
VUT,2003,48.2914769030579
VUT,2002,49.3885590785982
VUT,2001,49.815901814301
VUT,2000,47.9768168585241
VUT,1999,53.8548261208915
VUT,1998,52.4501450055311
VUT,1997,47.2853255710941
VUT,1996,49.8287671232877
VUT,1995,50.0769148213072
VUT,1994,50.3565652109984
VUT,1993,51.817361339022
VUT,1992,51.8537264330001
VUT,1991,54.209472981988
VUT,1990,68.4151955081188
VEN,2025,10.1083640240415
VEN,2024,9.5023548582854
VEN,2023,10.0280656296837
VEN,2022,11.5489599229843
VEN,2021,13.8763343273262
VEN,2020,13.0851234650279
VEN,2019,10.9331140492614
VEN,2018,12.086171392365
VEN,2017,9.2816091954023
VEN,2016,10.1949860724234
VEN,2015,19.622641509434
VEN,2014,20.6444906444906
VEN,2013,32.3360655737705
VEN,2012,21.1560693641619
VEN,2011,0.0
VEN,2010,0.0
VEN,2009,0.0
VEN,2008,0.0
VEN,2007,0.0
VEN,2006,0.0
VEN,2005,0.0
VEN,2004,0.0
VEN,2003,0.0
VEN,2002,0.0
VEN,2001,0.0
VEN,2000,0.0
VEN,1999,0.0
VEN,1998,0.0
VEN,1997,0.0
VEN,1996,0.0
VEN,1995,0.0
VEN,1994,0.0
VEN,1993,0.0
VEN,1992,0.0
VEN,1991,0.0
VEN,1990,19.5319009099879
VNM,2025,92.0924009535244
VNM,2024,83.7189908785716
VNM,2023,78.2589213683517
VNM,2022,89.7334901043249
VNM,2021,92.8256257092568
VNM,2020,78.8642648059779
VNM,2019,79.5466276240668
VNM,2018,80.2404806925565
VNM,2017,79.2175618233041
VNM,2016,71.3022217174998
VNM,2015,71.9913763582877
VNM,2014,65.8119455041556
VNM,2013,64.0459088748316
VNM,2012,59.7501918421214
VNM,2011,64.0804222196337
VNM,2010,59.8018415728627
VNM,2009,72.0974336552711
VNM,2008,83.9807876874868
VNM,2007,84.0875093942823
VNM,2006,70.5968075435795
VNM,2005,67.0153533748869
VNM,2004,73.2854564543616
VNM,2003,67.6546965243715
VNM,2002,61.9577349644058
VNM,2001,56.8940047164421
VNM,2000,57.4955974105958
VNM,1999,52.8211606307915
VNM,1998,52.1529451355476
VNM,1997,51.2417773154392
VNM,1996,51.8372593774353
VNM,1995,41.9084105866522
VNM,1994,43.4600692982849
VNM,1993,37.4894844843075
VNM,1992,38.8312893080737
VNM,1991,36.0319130561748
VNM,1990,45.2770843017519
VIR,2022,108.26198630137
VIR,2021,90.0155313956068
VIR,2020,75.2896665878458
VIR,2019,100.461053142441
VIR,2018,106.11776701504
VIR,2017,94.3595150237217
VIR,2016,66.2717219589258
VIR,2015,43.1340431340431
VIR,2014,85.9186535764376
VIR,2013,74.6923488496522
VIR,2012,77.0114942528736
VIR,2011,338.929670850107
VIR,2010,287.025901942646
VIR,2009,253.296834087122
VIR,2008,429.359095193214
VIR,2007,264.778428093645
VIR,2006,268.220338983051
VIR,2005,240.514905149051
VIR,2004,208.559388991309
VIR,2003,173.598605866976
VIR,2002,135.744941753525
PSE,2025,53.5326292734358
PSE,2024,52.7355480773433
PSE,2023,59.1775735037644
PSE,2022,63.9586757454802
PSE,2021,55.7424485062676
PSE,2020,51.9305678064861
PSE,2019,53.4724370385502
PSE,2018,55.439710996154
PSE,2017,52.7244543650794
PSE,2016,51.0957196827087
PSE,2015,54.7185880736309
PSE,2014,51.9167673359686
PSE,2013,50.6514742332877
PSE,2012,51.6029946594148
PSE,2011,51.1634975550013
PSE,2010,54.3748386097196
PSE,2009,61.1350903446826
PSE,2008,63.5437185379733
PSE,2007,73.6643912168785
PSE,2006,68.8704822093001
PSE,2005,69.725110716585
PSE,2004,68.1584149812083
PSE,2003,63.4173387096774
PSE,2002,62.8156814219022
PSE,2001,67.3427079951045
PSE,2000,67.1225890207715
PSE,1999,78.7483611163139
PSE,1998,70.9376075519937
PSE,1997,73.0411192084685
PSE,1996,73.2549272641952
PSE,1995,74.3633483611551
PSE,1994,71.912918088137
YEM,2018,47.3217203387932
YEM,2017,33.2816570867479
YEM,2016,26.2723415296367
YEM,2015,21.3160815388406
YEM,2014,26.7589534336227
YEM,2013,30.152279647517
YEM,2012,36.497920216673
YEM,2011,32.7190337847532
YEM,2010,34.3905592167085
YEM,2009,39.7462328959401
YEM,2008,43.4077653551109
YEM,2007,43.2199970509458
YEM,2006,40.8176123343005
YEM,2005,35.8764661379255
YEM,2004,35.4641787563049
YEM,2003,37.9436097292984
YEM,2002,37.7292825213112
YEM,2001,34.9954723389253
YEM,2000,34.0299336999557
YEM,1999,37.1645740538569
YEM,1998,46.1184661461243
YEM,1997,43.8617879374615
YEM,1996,47.4330123896573
YEM,1995,41.9583523073717
YEM,1994,29.1868986134306
YEM,1993,38.2135839024895
YEM,1992,29.9385234501048
YEM,1991,30.2477687189154
YEM,1990,16.4593375147001
ZMB,2024,27.5530146573139
ZMB,2023,37.3957630764767
ZMB,2022,29.1033177078897
ZMB,2021,33.9924211751453
ZMB,2020,32.4866629404379
ZMB,2019,34.1550123329079
ZMB,2018,36.9309649794271
ZMB,2017,36.5928368906648
ZMB,2016,38.6338855056502
ZMB,2015,42.7267429559224
ZMB,2014,37.3712097956936
ZMB,2013,39.9735243274676
ZMB,2012,35.2847988615544
ZMB,2011,32.3242097651362
ZMB,2010,30.8749857227595
ZMB,2009,26.8703832861816
ZMB,2008,30.5355294153308
ZMB,2007,32.1802654858934
ZMB,2006,25.2638601867139
ZMB,2005,31.5895698769828
ZMB,2004,37.2730926807002
ZMB,2003,36.6288806449202
ZMB,2002,37.782818668195
ZMB,2001,39.558583610284
ZMB,2000,36.4636081577253
ZMB,1999,34.7303148029946
ZMB,1998,31.6325434538366
ZMB,1997,30.90160506437
ZMB,1996,35.3425729569459
ZMB,1995,36.3257479808032
ZMB,1994,33.7001993659509
ZWE,2024,23.4475316221799
ZWE,2023,23.1741851996024
ZWE,2022,24.8445524375252
ZWE,2021,19.2898810143773
ZWE,2020,16.8284437778931
ZWE,2019,18.4839620932715
ZWE,2018,28.3862654165889
ZWE,2017,30.3701419599608
ZWE,2016,31.2754599511169
ZWE,2015,37.5890253213673
ZWE,2014,33.7417651431647
ZWE,2013,36.6687171969687
ZWE,2012,48.9999124010862
ZWE,2011,54.6654617619959
ZWE,2010,53.4830155008197
ZWE,2009,42.3002352454567
ZWE,2008,68.0568130375736
ZWE,2007,46.3855706123991
ZWE,2006,46.8628080965713
ZWE,2005,42.4955498632397
ZWE,2004,41.5683911508995
ZWE,2003,38.055143530233
ZWE,2002,34.9749812852133
ZWE,2001,32.9388341997567
ZWE,2000,35.9093116199156
ZWE,1999,33.5130802302703
ZWE,1998,45.1192381249756
ZWE,1997,44.6097961096789
ZWE,1996,35.9392345895413
ZWE,1995,40.9205903021785
ZWE,1994,36.5195634042862
ZWE,1993,32.4488941337698
ZWE,1992,36.4840858623242
ZWE,1991,27.1686328938237
ZWE,1990,22.7924064034715
