iso,year,internet
AFG,2024,16.09499931
AFG,2023,15.92840004
AFG,2022,15.86629963
AFG,2021,16.51429939
AFG,2020,17.04850006
AFG,2019,17.60000038
AFG,2018,16.79999924
AFG,2017,13.5
AFG,2016,11.0
AFG,2015,8.260000229
AFG,2014,7.0
AFG,2013,5.900000095
AFG,2012,5.454500198
AFG,2011,5.0
AFG,2010,4.0
AFG,2009,3.55
AFG,2008,1.84
AFG,2007,1.899999976
AFG,2006,2.10712364546412
AFG,2005,1.22414808372471
AFG,2004,0.105809030021958
AFG,2003,0.0878912528559713
AFG,2002,0.00456139517022146
AFG,2001,0.00472256824217368
AFG,1990,0.0
ALB,2024,85.86389923
ALB,2023,83.13559161
ALB,2022,82.61367544
ALB,2021,79.32371752
ALB,2020,72.23767711
ALB,2019,68.5503911218006
ALB,2018,65.40000153
ALB,2017,62.40000153
ALB,2016,59.59999847
ALB,2015,56.90000153
ALB,2014,54.29999924
ALB,2013,51.79999924
ALB,2012,49.40000153
ALB,2011,47.0
ALB,2010,45.0
ALB,2009,41.2
ALB,2008,23.86
ALB,2007,15.03610039
ALB,2006,9.609999657
ALB,2005,6.04389086404814
ALB,2004,2.42038779776014
ALB,2003,0.971900415195857
ALB,2002,0.39008127343332
ALB,2001,0.325798377067964
ALB,2000,0.114097346552109
ALB,1999,0.0814
ALB,1998,0.065
ALB,1997,0.0486
ALB,1996,0.0322
ALB,1995,0.0112
ALB,1990,0.0
DZA,2024,77.4178009
DZA,2023,76.19760132
DZA,2022,74.78150177
DZA,2021,72.21240234
DZA,2020,63.47269821
DZA,2019,55.79069901
DZA,2018,49.0384680793271
DZA,2017,47.69110107
DZA,2016,42.94549942
DZA,2015,38.20000076
DZA,2014,29.5
DZA,2013,22.5
DZA,2012,18.20000076
DZA,2011,14.89999962
DZA,2010,12.5
DZA,2009,11.23
DZA,2008,10.18
DZA,2007,9.45119062555304
DZA,2006,7.37598495634886
DZA,2005,5.843900204
DZA,2004,4.63447508776537
DZA,2003,2.19535973086144
DZA,2002,1.59164126035832
DZA,2001,0.646114016703792
DZA,2000,0.491705679141589
DZA,1999,0.2
DZA,1998,0.0202
DZA,1997,0.0103
DZA,1996,0.00174
DZA,1995,0.00177
DZA,1994,0.000361
DZA,1990,0.0
ASM,1990,0.0
AND,2024,94.39759827
AND,2023,94.21499634
AND,2022,94.05169678
AND,2021,93.89749908
AND,2020,93.20570374
AND,2019,90.71869659
AND,2018,93.5
AND,2017,91.5674670273926
AND,2016,89.69999695
AND,2015,87.90000153
AND,2014,86.09999847
AND,2013,84.40000153
AND,2012,82.69999695
AND,2011,81.0
AND,2010,81.0
AND,2009,78.53
AND,2008,70.04
AND,2007,70.87
AND,2006,48.9368469989479
AND,2005,37.6057662174867
AND,2004,26.8379543894637
AND,2003,13.546412876439
AND,2002,11.2604687170103
AND,2000,10.53883560922
AND,1999,7.64
AND,1998,6.89
AND,1997,3.05
AND,1996,1.53
AND,1990,0.0
AGO,2024,40.70479965
AGO,2023,37.88589859
AGO,2022,35.83800125
AGO,2021,34.55649948
AGO,2020,33.32089996
AGO,2019,32.12939835
AGO,2018,29.0
AGO,2017,26.0
AGO,2016,23.20000076
AGO,2015,22.0
AGO,2014,21.3623407584103
AGO,2013,13.0
AGO,2012,7.699999809
AGO,2011,4.699999809
AGO,2010,2.799999952
AGO,2009,2.299999952
AGO,2008,1.899999976
AGO,2007,1.700000048
AGO,2006,1.5
AGO,2005,1.143399954
AGO,2004,0.464814617985909
AGO,2003,0.370682065225727
AGO,2002,0.270376745595134
AGO,2001,0.136013867429868
AGO,2000,0.105045562462262
AGO,1999,0.072
AGO,1998,0.0185
AGO,1997,0.00567
AGO,1996,0.000776
AGO,1990,0.0
ATG,2024,72.73040009
ATG,2023,72.12409973
ATG,2022,71.9233017
ATG,2021,71.64530182
ATG,2020,71.36840057
ATG,2019,71.09259796
ATG,2018,70.81790161
ATG,2017,70.54419708
ATG,2016,70.27159882
ATG,2015,70.0
ATG,2014,67.77999878
ATG,2013,63.40000153
ATG,2012,58.0
ATG,2011,52.0
ATG,2010,47.0
ATG,2009,42.0
ATG,2008,38.0
ATG,2007,34.0
ATG,2006,30.0
ATG,2005,27.0
ATG,2004,24.2665437161785
ATG,2003,17.2286487816884
ATG,2002,12.5
ATG,2001,8.89928551450583
ATG,2000,6.48222573702907
ATG,1999,5.3
ATG,1998,4.07
ATG,1997,3.48
ATG,1996,2.86
ATG,1995,2.2
ATG,1990,0.0
ARG,2024,89.66715228
ARG,2023,89.22897166
ARG,2022,88.37535691
ARG,2021,87.15070683
ARG,2020,85.51438646
ARG,2019,79.9469520347551
ARG,2018,77.7
ARG,2017,74.2949068657957
ARG,2016,70.9689808206024
ARG,2015,68.0430641088122
ARG,2014,64.69999695
ARG,2013,59.90000153
ARG,2012,55.79999924
ARG,2011,51.0
ARG,2010,45.0
ARG,2009,34.0
ARG,2008,28.1126234799907
ARG,2007,25.9466329403819
ARG,2006,20.9272021035896
ARG,2005,17.7205833696065
ARG,2004,16.0366841054923
ARG,2003,11.9136965509954
ARG,2002,10.8821243775325
ARG,2001,9.78080728532407
ARG,2000,7.0386830862178
ARG,1999,3.28
ARG,1998,0.831
ARG,1997,0.28
ARG,1996,0.142
ARG,1995,0.0863
ARG,1994,0.0437
ARG,1993,0.0295
ARG,1992,0.00299
ARG,1990,0.0
ARM,2024,81.33930206
ARM,2023,79.99663036
ARM,2022,77.02767465
ARM,2021,78.61225758
ARM,2020,76.50770055
ARM,2019,66.5439496866159
ARM,2018,68.2450522610271
ARM,2017,64.7448843250726
ARM,2016,64.3460297653742
ARM,2015,59.1008337674937
ARM,2014,54.6228058583362
ARM,2013,41.9
ARM,2012,37.5
ARM,2011,32.0
ARM,2010,25.0
ARM,2009,15.30000019
ARM,2008,6.21
ARM,2007,6.021299839
ARM,2006,5.631800175
ARM,2005,5.252999783
ARM,2004,4.8990085713054
ARM,2003,4.57521722477781
ARM,2002,1.9604050458212
ARM,2001,1.63109466677715
ARM,2000,1.30047002237784
ARM,1999,0.971
ARM,1998,0.129
ARM,1997,0.112
ARM,1996,0.0946
ARM,1995,0.0527
ARM,1994,0.00912
ARM,1990,0.0
ABW,2017,97.17
ABW,2016,93.542453865048
ABW,2015,88.661226932496
ABW,2014,83.78
ABW,2013,78.9
ABW,2012,74.0
ABW,2011,69.0
ABW,2010,62.0
ABW,2009,58.0
ABW,2008,52.0
ABW,2007,30.9
ABW,2006,28.0
ABW,2005,25.4
ABW,2004,23.0
ABW,2003,20.8
ABW,2002,18.8
ABW,2001,17.1
ABW,2000,15.4428229480349
ABW,1999,4.51
ABW,1996,2.77
ABW,1990,0.0
AUS,2024,96.13140106
AUS,2023,96.1160965
AUS,2022,96.11940002
AUS,2021,96.97219849
AUS,2020,94.6934967
AUS,2019,93.60990143
AUS,2018,90.0082016
AUS,2017,86.5450488476768
AUS,2016,86.54000092
AUS,2015,84.5605149091408
AUS,2014,84.0
AUS,2013,83.453497167
AUS,2012,79.0
AUS,2011,79.4876977139029
AUS,2010,76.0
AUS,2009,74.25
AUS,2008,71.67
AUS,2007,69.45
AUS,2006,66.0
AUS,2005,63.0
AUS,2001,52.6892664310395
AUS,2000,46.7561156116738
AUS,1999,40.8
AUS,1998,30.8
AUS,1997,16.4
AUS,1996,3.28
AUS,1995,2.76
AUS,1994,2.23
AUS,1993,1.97
AUS,1992,1.77
AUS,1991,1.1
AUS,1990,0.585
AUT,2025,91.92573373
AUT,2024,94.91974877
AUT,2023,95.33467117
AUT,2022,93.61409139
AUT,2021,92.52915104
AUT,2020,87.52942813
AUT,2019,87.7522047870069
AUT,2018,87.4791372262556
AUT,2017,87.9355865856062
AUT,2016,84.3237425711653
AUT,2015,83.9401419315026
AUT,2014,80.9958249574764
AUT,2013,80.6188
AUT,2012,80.0299939169903
AUT,2011,78.7399930986888
AUT,2010,75.17
AUT,2009,73.45
AUT,2008,72.87
AUT,2007,69.37
AUT,2006,63.6
AUT,2005,58.0
AUT,2004,54.28
AUT,2003,42.7
AUT,2002,36.56
AUT,2001,39.1854501811114
AUT,2000,33.7301329516915
AUT,1999,23.0
AUT,1998,15.4
AUT,1997,9.53
AUT,1996,6.91
AUT,1995,1.89
AUT,1994,1.39
AUT,1993,0.765
AUT,1992,0.643
AUT,1991,0.259
AUT,1990,0.13
AZE,2025,90.80000181
AZE,2024,90.43979645
AZE,2023,89.0
AZE,2022,88.0
AZE,2021,85.99998954
AZE,2020,84.59999573
AZE,2019,81.0999990651547
AZE,2018,79.7999954887896
AZE,2017,79.0
AZE,2016,78.2
AZE,2015,77.0
AZE,2014,75.0000156363396
AZE,2013,73.000001372
AZE,2012,54.20000076
AZE,2011,50.0
AZE,2010,46.0
AZE,2009,27.4
AZE,2008,17.08
AZE,2007,14.53999996
AZE,2006,11.9921999
AZE,2005,8.030400276
AZE,2002,4.99971367812957
AZE,2001,0.305564637615618
AZE,2000,0.147757575623251
AZE,1999,0.0992
AZE,1998,0.0375
AZE,1997,0.0252
AZE,1996,0.00635
AZE,1995,0.00206
AZE,1994,0.00143
AZE,1990,0.0
BHS,2024,92.47270203
BHS,2023,92.38729858
BHS,2022,92.2559967
BHS,2021,92.34980011
BHS,2020,92.4437027
BHS,2019,90.69329834
BHS,2018,83.0
BHS,2017,80.59999847
BHS,2016,80.0
BHS,2015,78.0
BHS,2014,76.91999817
BHS,2013,72.0
BHS,2012,71.74819946
BHS,2011,65.0
BHS,2010,43.0
BHS,2009,33.88
BHS,2008,31.54
BHS,2007,27.0
BHS,2006,26.0
BHS,2005,25.0
BHS,2004,22.0
BHS,2003,20.0
BHS,2002,18.0
BHS,2001,11.8
BHS,2000,8.0
BHS,1999,3.76
BHS,1998,2.34
BHS,1997,1.36
BHS,1996,1.75
BHS,1995,0.96
BHS,1990,0.0
BHR,2024,100.0
BHR,2023,100.0
BHR,2022,100.0
BHR,2021,100.0
BHR,2020,99.67103159
BHR,2019,99.7015043807778
BHR,2018,98.6446725799886
BHR,2017,95.8781357543453
BHR,2016,97.9999807024146
BHR,2015,93.4783007986129
BHR,2014,90.5031334814656
BHR,2013,90.0000397
BHR,2012,88.0
BHR,2011,76.9999665032303
BHR,2010,55.0
BHR,2009,53.0
BHR,2008,51.95
BHR,2007,32.91
BHR,2006,28.24399948
BHR,2005,21.30369949
BHR,2004,21.4586805077435
BHR,2003,21.5549449917804
BHR,2002,18.0507208881153
BHR,2001,15.0386342513918
BHR,2000,6.15373254647607
BHR,1999,4.72
BHR,1998,3.22
BHR,1997,1.65
BHR,1996,0.843
BHR,1995,0.346
BHR,1990,0.0
BGD,2024,53.42171316
BGD,2023,44.50274195
BGD,2022,41.61650085
BGD,2021,38.91744466
BGD,2020,36.10910034
BGD,2019,30.38310051
BGD,2018,25.56509972
BGD,2017,21.5
BGD,2016,16.89909935
BGD,2015,12.36880016
BGD,2014,9.052900314
BGD,2013,6.63
BGD,2012,5.0
BGD,2011,4.5
BGD,2010,3.700000048
BGD,2009,3.099999905
BGD,2008,2.5
BGD,2007,1.799999952
BGD,2006,1.0
BGD,2005,0.241600007
BGD,2004,0.199036333744363
BGD,2003,0.163877665498048
BGD,2002,0.13992028850905
BGD,2001,0.129807973947512
BGD,2000,0.0710394230507683
BGD,1999,0.0362
BGD,1998,0.00368
BGD,1997,0.000751
BGD,1990,0.0
BRB,2024,70.36470032
BRB,2023,69.67510223
BRB,2022,69.06359863
BRB,2021,69.4756012
BRB,2020,69.89009857
BRB,2019,70.30709839
BRB,2018,70.72650146
BRB,2017,71.14849854
BRB,2016,71.57299805
BRB,2015,72.04940033
BRB,2014,71.92459869
BRB,2013,71.80000305
BRB,2012,71.19999695
BRB,2011,66.5
BRB,2010,65.09999847
BRB,2009,64.69999695
BRB,2008,61.40000153
BRB,2007,58.20000076
BRB,2006,55.29999924
BRB,2005,52.5
BRB,2004,49.8
BRB,2003,39.6896271159532
BRB,2002,27.836322424146
BRB,2001,11.9364503383984
BRB,2000,3.97367835457927
BRB,1999,2.38
BRB,1998,1.97
BRB,1997,0.783
BRB,1996,0.389
BRB,1995,0.00775
BRB,1990,0.0
BLR,2024,94.26182128
BLR,2023,91.51249979
BLR,2022,89.50733148
BLR,2021,86.88841196
BLR,2020,85.08791245
BLR,2019,82.7891520910901
BLR,2018,79.1298866919307
BLR,2017,74.4364454136036
BLR,2016,71.1130457603832
BLR,2015,62.230360906803
BLR,2014,59.0163187101542
BLR,2013,54.17
BLR,2012,46.91
BLR,2011,39.6488956598961
BLR,2010,31.8
BLR,2009,27.43
BLR,2008,23.0
BLR,2007,19.7
BLR,2006,16.2
BLR,2002,8.95097131467325
BLR,2001,4.30061602151712
BLR,2000,1.86039812615388
BLR,1999,0.495
BLR,1998,0.0739
BLR,1997,0.049
BLR,1996,0.0293
BLR,1995,0.00292
BLR,1994,0.000486
BLR,1990,0.0
BEL,2024,95.77579144
BEL,2023,94.62625074
BEL,2022,94.00783071
BEL,2021,92.78867618
BEL,2020,91.52641629
BEL,2019,90.275428012141
BEL,2018,88.6473429951691
BEL,2017,87.6796808175598
BEL,2016,86.5164766644457
BEL,2015,85.0529417508701
BEL,2014,85.0012379539925
BEL,2013,82.1702
BEL,2012,80.7199905482042
BEL,2011,81.6099959955952
BEL,2010,77.6397855126946
BEL,2009,74.5441455527336
BEL,2008,68.8573221425131
BEL,2007,66.7604202433135
BEL,2006,61.9818700222023
BEL,2005,55.81999969
BEL,2004,53.86
BEL,2003,49.97
BEL,2002,46.33
BEL,2001,31.2883955056566
BEL,2000,29.4316916924341
BEL,1999,13.8
BEL,1998,7.89
BEL,1997,4.94
BEL,1996,2.97
BEL,1995,0.992
BEL,1994,0.696
BEL,1993,0.199
BEL,1992,0.1
BEL,1991,0.0201
BEL,1990,0.00101
BLZ,2024,80.00582262
BLZ,2023,70.18720245
BLZ,2022,69.98329926
BLZ,2021,70.65370178
BLZ,2020,64.43589783
BLZ,2019,58.76520157
BLZ,2018,53.59360123
BLZ,2017,48.8771019
BLZ,2016,44.57569885
BLZ,2015,41.59000015
BLZ,2014,38.70000076
BLZ,2013,33.59999847
BLZ,2012,31.0
BLZ,2011,30.70000076
BLZ,2010,28.2
BLZ,2009,27.20000076
BLZ,2008,26.29999924
BLZ,2007,24.60000038
BLZ,2006,24.0
BLZ,2005,17.0
BLZ,2004,9.8
BLZ,2002,5.68425121358763
BLZ,2000,5.96383530272428
BLZ,1999,4.08
BLZ,1998,2.09
BLZ,1997,1.29
BLZ,1996,0.883
BLZ,1995,0.0454
BLZ,1990,0.0
BEN,2024,33.98379898
BEN,2023,32.39400101
BEN,2022,30.53730011
BEN,2021,28.20470047
BEN,2020,22.12059975
BEN,2019,20.50099945
BEN,2018,19.0
BEN,2017,18.7
BEN,2016,14.5
BEN,2015,11.25500011
BEN,2014,6.0
BEN,2013,4.900000095
BEN,2012,4.5
BEN,2011,4.14832306562512
BEN,2010,3.13
BEN,2009,2.24
BEN,2008,1.85
BEN,2007,1.79
BEN,2006,1.537899971
BEN,2005,1.271000028
BEN,2004,1.18254096518994
BEN,2003,0.951327114915695
BEN,2002,0.7029455951039
BEN,2001,0.363417890016082
BEN,2000,0.225247851473369
BEN,1999,0.155
BEN,1998,0.0479
BEN,1997,0.0246
BEN,1996,0.00169
BEN,1990,0.0
BMU,2017,98.37
BMU,2016,98.0
BMU,2015,98.3236096537251
BMU,2014,96.8
BMU,2013,95.3
BMU,2012,91.2993045243401
BMU,2011,88.336
BMU,2010,84.21
BMU,2009,83.25
BMU,2008,82.3
BMU,2007,74.3505940302669
BMU,2006,69.8996551617012
BMU,2005,65.4470657898838
BMU,2004,60.9908670086326
BMU,2003,56.5220121836337
BMU,2002,52.0315973700393
BMU,2001,47.5096998970623
BMU,2000,42.9498600152711
BMU,1999,39.9
BMU,1998,32.1
BMU,1997,24.2
BMU,1996,16.2
BMU,1995,6.84
BMU,1990,0.0
BTN,2024,91.27739716
BTN,2023,90.02140045
BTN,2022,88.35620117
BTN,2021,85.63688389
BTN,2020,76.85079956
BTN,2019,74.17939758
BTN,2018,63.48680115
BTN,2017,54.33549881
BTN,2016,46.50320053
BTN,2015,39.79999924
BTN,2014,30.29999924
BTN,2013,22.39999962
BTN,2012,15.60000038
BTN,2011,14.39999962
BTN,2010,13.6
BTN,2009,7.17
BTN,2008,6.55
BTN,2007,5.92
BTN,2006,4.518300056
BTN,2005,3.847100019
BTN,2004,3.15698419613711
BTN,2003,2.43691239949767
BTN,2002,1.67580258375242
BTN,2001,0.864628564215099
BTN,2000,0.40094444691941
BTN,1999,0.138
BTN,1990,0.0
BOL,2024,79.70469666
BOL,2023,77.30039978
BOL,2022,72.62270355
BOL,2021,65.9773785
BOL,2020,59.94010155
BOL,2019,47.4748191121692
BOL,2018,44.2861422024283
BOL,2017,43.83229828
BOL,2016,39.69749832
BOL,2015,37.4868176324391
BOL,2014,34.6016202324676
BOL,2013,36.99
BOL,2012,35.34
BOL,2011,30.0
BOL,2010,22.39999962
BOL,2009,16.79999924
BOL,2008,12.5
BOL,2007,10.49919987
BOL,2006,6.20067125473576
BOL,2005,5.22758395663196
BOL,2004,4.43992460120042
BOL,2003,3.50859640072336
BOL,2002,3.11719294696997
BOL,2001,2.1204625341365
BOL,2000,1.4427635847914
BOL,1999,0.982
BOL,1998,0.626
BOL,1997,0.448
BOL,1996,0.196
BOL,1995,0.0668
BOL,1990,0.0
BIH,2024,86.10091103
BIH,2023,83.3771539
BIH,2022,78.8455371
BIH,2021,75.67620138
BIH,2020,73.21175294
BIH,2019,69.9463476317266
BIH,2018,70.1201350394885
BIH,2017,64.8920205128383
BIH,2016,60.2565354318987
BIH,2015,52.59999847
BIH,2014,49.91770172
BIH,2013,48.52130127
BIH,2012,45.0644989
BIH,2011,43.88769913
BIH,2010,42.75
BIH,2009,37.74
BIH,2008,34.66
BIH,2007,27.92
BIH,2006,25.1223856852117
BIH,2005,21.3267010007738
BIH,2004,15.4689716227665
BIH,2003,3.96503683387051
BIH,2002,2.64826791361244
BIH,2001,1.20052695129649
BIH,2000,1.08296074971207
BIH,1999,0.194
BIH,1998,0.144
BIH,1997,0.0594
BIH,1996,0.0151
BIH,1990,0.0
BWA,2024,57.45950036
BWA,2022,57.9
BWA,2021,54.70069885
BWA,2020,51.67819977
BWA,2019,48.82279968
BWA,2018,46.12509918
BWA,2017,43.57640076
BWA,2016,41.16859818
BWA,2015,38.89379883
BWA,2014,36.74474744423
BWA,2013,30.0
BWA,2012,16.0
BWA,2011,9.0
BWA,2010,6.0
BWA,2009,6.150000095
BWA,2008,6.25
BWA,2007,5.28
BWA,2006,4.28993297515968
BWA,2005,3.262599945
BWA,2004,3.30488925316113
BWA,2003,3.3451901740614
BWA,2002,3.38592235064273
BWA,2001,3.43088678702599
BWA,2000,2.90266662177209
BWA,1999,1.12
BWA,1998,0.602
BWA,1997,0.308
BWA,1996,0.157
BWA,1995,0.0645
BWA,1991,0.0
BWA,1990,0.0
BRA,2024,84.46347227
BRA,2023,84.15060238
BRA,2022,80.52775094
BRA,2021,80.68989314
BRA,2020,81.34269353
BRA,2019,73.9124399133589
BRA,2018,70.4342825404361
BRA,2017,67.4712845236305
BRA,2016,60.8725400681261
BRA,2015,58.3279517340924
BRA,2014,54.5510018796392
BRA,2013,51.04
BRA,2012,48.56
BRA,2011,45.69
BRA,2010,40.65
BRA,2009,39.22
BRA,2008,33.83
BRA,2007,30.87999916
BRA,2006,28.17840004
BRA,2005,21.022747248827
BRA,2004,19.073672274442
BRA,2003,13.2075861035303
BRA,2002,9.14942508560748
BRA,2001,4.52849486902851
BRA,2000,2.87068515854108
BRA,1999,2.04
BRA,1998,1.48
BRA,1997,0.786
BRA,1996,0.451
BRA,1995,0.105
BRA,1994,0.0377
BRA,1993,0.0255
BRA,1992,0.0129
BRA,1991,0.00329
BRA,1990,0.0
VGB,2017,77.7042682926829
VGB,2016,77.7014296797074
VGB,2012,37.6
VGB,2011,37.4
VGB,2010,37.0
VGB,2009,36.0
VGB,2002,18.8857412653447
VGB,1990,0.0
BRN,2024,96.29828801
BRN,2023,98.97039795
BRN,2022,98.97042579
BRN,2021,97.62879944
BRN,2020,96.30549622
BRN,2019,95.0
BRN,2018,95.0
BRN,2017,94.86669922
BRN,2016,90.0
BRN,2015,71.19999695
BRN,2014,68.76999664
BRN,2013,64.5
BRN,2012,60.27310181
BRN,2011,56.0
BRN,2010,53.0
BRN,2009,49.0
BRN,2008,46.0
BRN,2007,44.68
BRN,2006,42.1863491609307
BRN,2005,36.4663919475782
BRN,2004,29.7156041447864
BRN,2003,19.5950032207342
BRN,2002,15.329879855735
BRN,2001,12.9177690823013
BRN,2000,8.99628453448726
BRN,1999,7.67
BRN,1998,6.28
BRN,1997,4.83
BRN,1996,3.3
BRN,1995,1.02
BRN,1990,0.0
BGR,2024,82.438955
BGR,2023,80.38956462
BGR,2022,79.12686326
BGR,2021,75.27144583
BGR,2020,70.16248359
BGR,2019,67.9469809417603
BGR,2018,64.78201069118
BGR,2017,63.4101013837926
BGR,2016,59.825547661014
BGR,2015,56.6562516053086
BGR,2014,55.4903766299262
BGR,2013,53.0615
BGR,2012,51.8999876658503
BGR,2011,47.9799930506026
BGR,2010,46.23
BGR,2009,45.0
BGR,2008,39.67
BGR,2007,33.64
BGR,2006,27.09
BGR,2005,19.97
BGR,2004,18.13
BGR,2003,12.04
BGR,2002,9.08
BGR,2001,7.6122977487982
BGR,2000,5.37092346908696
BGR,1999,2.91
BGR,1998,1.84
BGR,1997,1.22
BGR,1996,0.725
BGR,1995,0.12
BGR,1994,0.0195
BGR,1993,0.00234
BGR,1990,0.0
BFA,2024,28.25270081
BFA,2023,25.36120033
BFA,2022,25.3987999
BFA,2021,18.1522007
BFA,2020,12.97319984
BFA,2019,9.27180600953186
BFA,2018,8.498900414
BFA,2017,7.790400028
BFA,2016,7.140999794
BFA,2015,6.545700073
BFA,2014,6.0
BFA,2013,5.0
BFA,2012,3.724999905
BFA,2011,3.0
BFA,2010,2.400000095
BFA,2009,1.129999995
BFA,2008,0.920000017
BFA,2007,0.75
BFA,2006,0.632700026
BFA,2005,0.469900012
BFA,2004,0.400295285492178
BFA,2003,0.373440303233526
BFA,2002,0.200992597925001
BFA,2001,0.157732464653607
BFA,2000,0.0770801689426014
BFA,1999,0.0618
BFA,1998,0.0454
BFA,1997,0.0187
BFA,1996,0.000961
BFA,1990,0.0
BDI,2024,8.595999718
BDI,2023,7.172299862
BDI,2022,7.144800186
BDI,2021,6.777999878
BDI,2020,6.430099964
BDI,2019,6.072199821
BDI,2018,4.019499779
BDI,2017,2.6607485347534
BDI,2016,2.200000048
BDI,2015,2.0
BDI,2014,1.04239212643994
BDI,2013,1.2642181112
BDI,2012,1.220000029
BDI,2011,1.110000014
BDI,2010,1.0
BDI,2009,0.899999976
BDI,2008,0.81
BDI,2007,0.7
BDI,2006,0.657599986
BDI,2005,0.542100012
BDI,2004,0.349060461879596
BDI,2003,0.201273196735924
BDI,2002,0.118228412267794
BDI,2001,0.106001245363203
BDI,2000,0.077248447383456
BDI,1999,0.0392
BDI,1998,0.0158
BDI,1997,0.00798
BDI,1996,0.000804
BDI,1995,0.0
BDI,1994,0.0
BDI,1993,0.0
BDI,1992,0.0
BDI,1991,0.0
BDI,1990,0.0
CPV,2024,74.73519897
CPV,2023,74.59919739
CPV,2022,73.32740021
CPV,2021,70.28250122
CPV,2020,69.37339783
CPV,2019,61.9433977593088
CPV,2018,59.5
CPV,2017,57.1621463484891
CPV,2016,50.3228178676892
CPV,2015,42.6830141582781
CPV,2014,40.25999832
CPV,2013,37.5
CPV,2012,34.74
CPV,2011,32.0
CPV,2010,30.0
CPV,2009,21.0
CPV,2008,14.0
CPV,2007,8.28321981953034
CPV,2006,6.80891100753313
CPV,2005,6.07408710659813
CPV,2004,5.31883206957883
CPV,2003,4.32488539053715
CPV,2002,3.5187571749658
CPV,2001,2.68533271272311
CPV,2000,1.82244385164396
CPV,1999,1.16
CPV,1998,0.473
CPV,1997,0.241
CPV,1990,0.0
KHM,2024,68.47530365
KHM,2023,68.92549896
KHM,2022,65.49079895
KHM,2021,60.76269913
KHM,2020,56.37590027
KHM,2019,52.305878224498
KHM,2018,65.0
KHM,2017,32.9002785437986
KHM,2016,32.3984517141849
KHM,2015,6.43319107021405
KHM,2014,14.0
KHM,2013,6.0
KHM,2012,4.94
KHM,2011,3.099999905
KHM,2010,1.26
KHM,2009,0.53
KHM,2008,0.51
KHM,2007,0.49
KHM,2006,0.468400002
KHM,2005,0.317321781089656
KHM,2004,0.300436644360101
KHM,2003,0.260570197574002
KHM,2002,0.226983237666204
KHM,2001,0.0769560555527296
KHM,2000,0.047022640068885
KHM,1999,0.032
KHM,1998,0.0163
KHM,1997,0.00584
KHM,1990,0.0
CMR,2024,46.25880051
CMR,2023,42.24380112
CMR,2022,40.12559891
CMR,2021,38.89260101
CMR,2020,37.69749832
CMR,2019,36.53919983
CMR,2018,29.70000076
CMR,2017,23.2029719748646
CMR,2016,20.60000038
CMR,2015,18.29999924
CMR,2014,16.2148722257524
CMR,2013,10.0
CMR,2012,7.5
CMR,2011,5.0
CMR,2010,4.300000191
CMR,2009,3.84
CMR,2008,3.400000095
CMR,2007,2.93
CMR,2006,2.028700113
CMR,2005,1.402699947
CMR,2004,0.976075415490902
CMR,2003,0.587622611130454
CMR,2002,0.360871584267755
CMR,2001,0.277051321848797
CMR,2000,0.252120077733662
CMR,1999,0.129
CMR,1998,0.0132
CMR,1997,0.00677
CMR,1990,0.0
CAN,2024,94.353302
CAN,2023,94.14530182
CAN,2022,94.0
CAN,2021,93.93710327
CAN,2020,92.3
CAN,2019,91.91290283
CAN,2018,94.64
CAN,2017,92.70140076
CAN,2016,91.16000366
CAN,2015,90.0
CAN,2014,87.12000275
CAN,2013,85.80000305
CAN,2012,83.0
CAN,2011,83.0
CAN,2010,80.3
CAN,2009,80.3
CAN,2008,76.69999695
CAN,2007,73.2
CAN,2006,72.40000153
CAN,2005,71.66
CAN,2004,65.9559634648989
CAN,2003,64.2
CAN,2002,61.5932992681952
CAN,2001,60.2
CAN,2000,51.3
CAN,1999,36.2
CAN,1998,24.9
CAN,1997,15.1
CAN,1996,6.76
CAN,1995,4.16
CAN,1994,2.38
CAN,1993,1.18
CAN,1992,0.916
CAN,1991,0.57
CAN,1990,0.361
CYM,2017,81.0676932508161
CYM,2016,79.0
CYM,2015,77.0
CYM,2014,74.1
CYM,2013,71.4
CYM,2012,69.7
CYM,2011,69.46594499
CYM,2010,66.0
CYM,2009,64.5
CYM,2008,61.0
CYM,2007,52.0
CYM,2006,44.5
CYM,2005,38.0343830823064
CYM,1995,3.95
CYM,1994,0.0
CYM,1993,0.0
CYM,1990,0.0
CAF,2024,13.78250027
CAF,2023,13.8416996
CAF,2022,13.75360012
CAF,2019,7.509200096
CAF,2018,5.099999905
CAF,2017,4.0
CAF,2016,3.099999905
CAF,2015,2.900000095
CAF,2014,2.700000048
CAF,2013,2.5
CAF,2012,2.400000095
CAF,2011,2.200000048
CAF,2010,2.0
CAF,2009,1.799999952
CAF,2008,1.0
CAF,2007,0.375815961044797
CAF,2006,0.311199993
CAF,2005,0.26820001
CAF,2004,0.223401395464406
CAF,2003,0.151563337940017
CAF,2002,0.128537116506299
CAF,2001,0.0785434278394038
CAF,2000,0.0533941742150456
CAF,1999,0.0409
CAF,1998,0.0279
CAF,1997,0.0143
CAF,1996,0.00585
CAF,1990,0.0
TCD,2024,12.62689972
TCD,2023,12.03590012
TCD,2022,11.17029953
TCD,2021,9.653699875
TCD,2020,8.343099594
TCD,2019,7.618199825
TCD,2018,6.956299782
TCD,2017,6.351900101
TCD,2016,5.800000191
TCD,2015,3.5
TCD,2014,2.900000095
TCD,2013,2.5
TCD,2012,2.099999905
TCD,2011,1.899999976
TCD,2010,1.700000048
TCD,2009,1.5
TCD,2008,1.19
TCD,2007,0.847224520710968
TCD,2006,0.581045764229641
TCD,2005,0.399257700084004
TCD,2004,0.360920107034467
TCD,2003,0.320308555366775
TCD,2002,0.166069664674347
TCD,2001,0.0459341343557353
TCD,2000,0.03570707628555
TCD,1999,0.0123
TCD,1998,0.00427
TCD,1997,0.000658
TCD,1990,0.0
CHL,2024,95.590243
CHL,2023,94.45742345
CHL,2022,92.31819916
CHL,2021,90.23280334
CHL,2020,87.45929718
CHL,2019,85.01760101
CHL,2018,84.90000153
CHL,2017,82.3274869338464
CHL,2016,83.5585860244169
CHL,2015,76.6295919508796
CHL,2014,61.11000061
CHL,2013,58.0
CHL,2012,55.04999924
CHL,2011,52.2496072877744
CHL,2010,45.0
CHL,2009,41.56
CHL,2008,37.29999924
CHL,2007,35.90000153
CHL,2006,34.4977511736017
CHL,2005,31.1753006
CHL,2004,28.1779101232438
CHL,2003,25.4737788864723
CHL,2002,22.1
CHL,2001,19.1
CHL,2000,16.6
CHL,1999,4.1
CHL,1998,1.66
CHL,1997,1.06
CHL,1996,0.683
CHL,1995,0.347
CHL,1994,0.141
CHL,1993,0.0718
CHL,1992,0.0365
CHL,1990,0.0
CHN,2025,91.6
CHN,2024,92.0
CHN,2023,90.6
CHN,2022,75.61131603
CHN,2021,73.05323517
CHN,2020,70.05275998
CHN,2019,64.080881297515
CHN,2018,65.35839844
CHN,2017,54.3
CHN,2016,53.2
CHN,2015,50.29999924
CHN,2014,47.90000153
CHN,2013,45.79999924
CHN,2012,42.30009842
CHN,2011,38.3
CHN,2010,34.3
CHN,2009,28.9
CHN,2008,22.6
CHN,2007,16.0
CHN,2006,10.5231526193851
CHN,2005,8.52325700269541
CHN,2004,7.3
CHN,2003,6.2
CHN,2002,4.59570433077551
CHN,2001,2.63965021485872
CHN,2000,1.77591320677415
CHN,1999,0.708
CHN,1998,0.169
CHN,1997,0.0324
CHN,1996,0.0131
CHN,1995,0.00495
CHN,1994,0.00117
CHN,1993,0.000169
CHN,1990,0.0
COL,2024,79.34543299
COL,2023,77.33686322
COL,2022,72.79637855
COL,2021,73.02837449
COL,2020,69.79533474
COL,2019,65.0069007159493
COL,2018,64.1263768204459
COL,2017,62.2598803162841
COL,2016,58.1364935728703
COL,2015,55.9049725142924
COL,2014,52.568136539247
COL,2013,51.7
COL,2012,48.98
COL,2011,40.3509157546318
COL,2010,36.5
COL,2009,30.0
COL,2008,25.6
COL,2007,21.79999924
COL,2006,15.3416745365682
COL,2005,11.0072638904585
COL,2004,9.1186903029666
COL,2003,7.38892371052557
COL,2002,4.6
COL,2001,2.85419997133433
COL,2000,2.207532992624
COL,1999,1.7
COL,1998,1.13
COL,1997,0.551
COL,1996,0.33
COL,1995,0.188
COL,1994,0.107
COL,1990,0.0
COM,2024,32.51750183
COM,2023,31.92749977
COM,2022,31.37409973
COM,2021,30.68120003
COM,2020,22.42040062
COM,2019,16.38380051
COM,2017,8.478199959
COM,2016,7.938300133
COM,2015,7.459199905
COM,2014,6.980000019
COM,2013,6.5
COM,2012,5.975299835
COM,2011,5.5
COM,2010,5.099999905
COM,2009,3.5
COM,2008,3.0
COM,2007,2.5
COM,2006,2.200000048
COM,2005,2.0
COM,2004,1.32732717785355
COM,2003,0.848189370151537
COM,2002,0.554869674985088
COM,2001,0.443068372538977
COM,2000,0.271740607285909
COM,1999,0.148
COM,1998,0.0379
COM,1997,0.0
COM,1990,0.0
COD,2024,19.67350006
COD,2023,18.96789932
COD,2022,17.99620056
COD,2021,16.1595993
COD,2020,14.51049995
COD,2019,13.02970028
COD,2018,11.69999981
COD,2016,10.1
COD,2015,3.799999952
COD,2014,3.0
COD,2013,2.200000048
COD,2012,1.679999948
COD,2011,1.200000048
COD,2010,0.72
COD,2009,0.560000002
COD,2008,0.439999998
COD,2007,0.370000005
COD,2006,0.296099991
COD,2005,0.238000005
COD,2004,0.196208375178039
COD,2003,0.134914837437335
COD,2002,0.0927907024606925
COD,2001,0.0114757819210493
COD,2000,0.0059021136806903
COD,1999,0.00101
COD,1998,0.000413
COD,1997,0.000211
COD,1996,0.000108
COD,1990,0.0
COG,2024,47.25159836
COG,2023,43.15039825
COG,2022,40.98669815
COG,2021,30.02739906
COG,2020,21.99850082
COG,2019,16.11639977
COG,2018,11.8071003
COG,2017,8.649999619
COG,2016,8.121899605
COG,2015,7.616000175
COG,2014,7.110000134
COG,2013,6.599999905
COG,2012,6.106699944
COG,2011,5.6
COG,2010,5.0
COG,2009,4.5
COG,2008,4.28750990276481
COG,2007,2.75970437370903
COG,2006,2.007999897
COG,2005,1.463400006
COG,2004,1.07750492958505
COG,2003,0.460014186837522
COG,2002,0.157249517243982
COG,2001,0.0322236164306931
COG,2000,0.0263547320580279
COG,1999,0.0168
COG,1998,0.00342
COG,1997,0.00347
COG,1996,0.00353
COG,1990,0.0
CRI,2024,87.17019653
CRI,2023,85.39514799
CRI,2022,82.59801121
CRI,2021,82.74901607
CRI,2020,80.53018608
CRI,2019,81.2025964435269
CRI,2018,73.4797284369906
CRI,2017,71.5816646195022
CRI,2016,65.8804491942718
CRI,2015,59.7629501371681
CRI,2014,53.0
CRI,2013,45.96
CRI,2012,47.5
CRI,2011,39.2121959961842
CRI,2010,36.5
CRI,2009,34.33
CRI,2008,32.29
CRI,2007,28.39999962
CRI,2006,25.10000038
CRI,2005,22.07
CRI,2004,20.7923067055542
CRI,2003,20.3336148143541
CRI,2002,19.8948511346293
CRI,2001,9.55948213497093
CRI,2000,5.80025302331829
CRI,1999,3.9
CRI,1998,2.67
CRI,1997,1.64
CRI,1996,0.841
CRI,1995,0.417
CRI,1994,0.28
CRI,1993,0.0815
CRI,1992,0.00111
CRI,1990,0.0
CIV,2024,41.43219902
CIV,2023,40.65284979
CIV,2022,38.41328122
CIV,2021,35.95069885
CIV,2020,36.01660156
CIV,2019,36.2889545655205
CIV,2018,37.5465361301281
CIV,2017,43.8399208514876
CIV,2016,41.2078149304414
CIV,2015,38.4400001654616
CIV,2014,10.0
CIV,2013,6.599999905
CIV,2012,4.400000095
CIV,2011,2.900000095
CIV,2010,2.700000048
CIV,2009,2.0
CIV,2008,1.899999976
CIV,2007,1.799999952
CIV,2006,1.52489996
CIV,2005,1.039199948
CIV,2004,0.849282414747704
CIV,2003,0.758669629452205
CIV,2002,0.497929360753307
CIV,2001,0.395747702246439
CIV,2000,0.231461670612799
CIV,1999,0.119
CIV,1998,0.061
CIV,1997,0.0188
CIV,1996,0.00841
CIV,1995,0.0002
CIV,1990,0.0
HRV,2024,83.63240029
HRV,2023,83.24117599
HRV,2022,82.07155532
HRV,2021,81.25396608
HRV,2020,78.32090004
HRV,2019,79.0797836757554
HRV,2018,75.2946259897258
HRV,2017,67.0961920368478
HRV,2016,72.6972696701463
HRV,2015,69.8450359238281
HRV,2014,68.5678992528467
HRV,2013,66.7476
HRV,2012,61.9399731527956
HRV,2011,57.7899789891444
HRV,2010,56.55
HRV,2009,50.58
HRV,2008,44.24
HRV,2007,41.44
HRV,2006,37.97999954
HRV,2005,33.13999939
HRV,2004,30.91
HRV,2003,22.75
HRV,2002,17.76
HRV,2001,11.5585731811648
HRV,2000,6.64488254374396
HRV,1999,4.41
HRV,1998,3.27
HRV,1997,1.73
HRV,1996,0.859
HRV,1995,0.514
HRV,1994,0.268
HRV,1993,0.0972
HRV,1990,0.0
CUB,2024,70.47699738
CUB,2023,69.55580139
CUB,2022,67.88410187
CUB,2021,67.64354869
CUB,2020,71.11907507
CUB,2019,67.9708086565152
CUB,2018,62.6789236230601
CUB,2017,57.1484043170788
CUB,2016,42.9786751910106
CUB,2015,37.3050974155373
CUB,2014,29.0701843656523
CUB,2013,27.93
CUB,2012,21.20000076
CUB,2011,16.0172907996413
CUB,2010,15.9
CUB,2009,14.33
CUB,2008,12.94
CUB,2007,11.69
CUB,2006,11.1596013147617
CUB,2005,9.73806220781346
CUB,2004,8.40798475900703
CUB,2003,5.2412690536929
CUB,2002,3.77058503769014
CUB,2001,1.07975172188907
CUB,2000,0.541182548811058
CUB,1999,0.315
CUB,1998,0.227
CUB,1997,0.0682
CUB,1996,0.0319
CUB,1995,9.17e-05
CUB,1990,0.0
CUW,2017,68.1272162511339
CUW,2016,61.855510740634
CYP,2024,89.60099246
CYP,2023,91.22110357
CYP,2022,89.60099194
CYP,2021,90.75951564
CYP,2020,90.80194644
CYP,2019,86.0636299618935
CYP,2018,84.4335825186889
CYP,2017,80.743188971932
CYP,2016,75.9002054030125
CYP,2015,71.7157409175171
CYP,2014,69.3286967086473
CYP,2013,65.4548
CYP,2012,60.6898684001903
CYP,2011,56.8598923503507
CYP,2010,52.99
CYP,2009,49.81
CYP,2008,42.31
CYP,2007,40.77
CYP,2006,35.83
CYP,2005,32.81
CYP,2004,33.83
CYP,2003,30.09
CYP,2002,28.32
CYP,2001,18.8187590408455
CYP,2000,15.2553943710137
CYP,1999,11.3
CYP,1998,8.89
CYP,1997,4.38
CYP,1996,0.673
CYP,1995,0.41
CYP,1994,0.111
CYP,1993,0.0564
CYP,1992,0.0501
CYP,1990,0.0
CZE,2024,87.68776014
CZE,2023,85.99404818
CZE,2022,84.54009378
CZE,2021,82.67062427
CZE,2020,81.33889705
CZE,2019,80.8669444139622
CZE,2018,80.6881675434288
CZE,2017,78.7191728513432
CZE,2016,76.4811986951838
CZE,2015,75.668838699279
CZE,2014,74.2317116367383
CZE,2013,74.1104
CZE,2012,73.4300078241036
CZE,2011,70.49
CZE,2010,68.82
CZE,2009,64.43
CZE,2008,62.97
CZE,2007,51.93
CZE,2006,47.93
CZE,2005,35.27
CZE,2004,35.5
CZE,2003,34.3
CZE,2002,23.93
CZE,2001,14.6971721171129
CZE,2000,9.78052788834393
CZE,1999,6.83
CZE,1998,3.9
CZE,1997,2.92
CZE,1996,1.94
CZE,1995,1.45
CZE,1994,1.26
CZE,1993,0.581
CZE,1990,0.0
DNK,2024,99.76915157
DNK,2023,98.77559197
DNK,2022,97.86011812
DNK,2021,98.8658506
DNK,2020,96.54914573
DNK,2019,98.0464347521549
DNK,2018,97.3192043651002
DNK,2017,97.0993621555621
DNK,2016,96.9677852516645
DNK,2015,96.3305016195436
DNK,2014,95.9935053764454
DNK,2013,94.6297
DNK,2012,92.2600117153012
DNK,2011,89.8100133895232
DNK,2010,88.72
DNK,2009,86.84
DNK,2008,85.02
DNK,2007,85.03
DNK,2006,86.65
DNK,2005,82.74
DNK,2004,80.93
DNK,2003,76.26
DNK,2002,64.25
DNK,2001,42.9575247201878
DNK,2000,39.1724308555053
DNK,1999,30.6
DNK,1998,22.7
DNK,1997,11.4
DNK,1996,5.71
DNK,1995,3.83
DNK,1994,1.34
DNK,1993,0.578
DNK,1992,0.387
DNK,1991,0.194
DNK,1990,0.0973
DJI,2024,65.29889679
DJI,2023,64.75869751
DJI,2022,63.77600098
DJI,2021,61.41120148
DJI,2020,59.92570114
DJI,2019,58.4762001
DJI,2018,57.06169891
DJI,2017,55.6814092453962
DJI,2016,30.79999924
DJI,2015,22.89999962
DJI,2014,17.0
DJI,2013,12.69999981
DJI,2012,9.399999619
DJI,2011,7.0
DJI,2010,6.5
DJI,2009,4.0
DJI,2008,2.26
DJI,2007,1.62
DJI,2006,1.269999981
DJI,2005,0.953599989
DJI,2004,0.781317175068661
DJI,2003,0.625940229399888
DJI,2002,0.48697170451894
DJI,2001,0.343526262964202
DJI,2000,0.194500528399956
DJI,1999,0.106
DJI,1998,0.0947
DJI,1997,0.0829
DJI,1996,0.0312
DJI,1995,0.016
DJI,1990,0.0
DMA,2024,82.04689789
DMA,2023,81.33650208
DMA,2022,80.57980347
DMA,2021,78.07949829
DMA,2020,75.65670013
DMA,2019,73.38200378
DMA,2017,69.61969757
DMA,2016,67.02999878
DMA,2015,65.0
DMA,2014,57.5
DMA,2013,51.0
DMA,2012,49.79999924
DMA,2011,48.59999847
DMA,2010,47.45
DMA,2009,42.02000046
DMA,2008,41.15999985
DMA,2007,40.2745018
DMA,2006,39.39820099
DMA,2005,38.54359818
DMA,2004,30.3196130921568
DMA,2003,23.6204198529629
DMA,2002,18.4248927671241
DMA,2001,13.2452280386761
DMA,2000,8.81484419762881
DMA,1999,2.93
DMA,1998,2.93
DMA,1996,1.17
DMA,1995,0.549
DMA,1990,0.0
DOM,2024,91.0022446
DOM,2023,86.12689972
DOM,2022,81.51269675
DOM,2021,85.24298638
DOM,2020,81.61730194
DOM,2019,79.71549988
DOM,2018,74.8220483597284
DOM,2017,67.5712453277737
DOM,2016,63.8708647408206
DOM,2015,54.2157663369785
DOM,2014,49.58000183
DOM,2013,45.9
DOM,2012,42.32
DOM,2011,38.0
DOM,2010,31.39999962
DOM,2009,27.72
DOM,2008,20.82
DOM,2007,17.66
DOM,2006,14.8449283654589
DOM,2005,11.4831977789344
DOM,2004,8.8655534607044
DOM,2003,7.89839293716387
DOM,2002,6.8237257325842
DOM,2001,4.42939069666645
DOM,2000,3.70469235587688
DOM,1999,1.1
DOM,1998,0.234
DOM,1997,0.143
DOM,1996,0.075
DOM,1995,0.0172
DOM,1990,0.0
ECU,2024,77.17273115
ECU,2023,72.6943146
ECU,2022,69.71811356
ECU,2021,69.1147995
ECU,2020,70.7
ECU,2019,59.2
ECU,2018,57.5
ECU,2017,55.79999924
ECU,2016,54.0629247288864
ECU,2015,48.9404337892669
ECU,2014,45.5903906666095
ECU,2013,40.279121941
ECU,2012,35.1351464545516
ECU,2011,31.3668083587433
ECU,2010,29.03
ECU,2009,24.6
ECU,2008,18.8
ECU,2007,10.80000019
ECU,2006,7.199999809
ECU,2005,5.994299889
ECU,2004,4.83444263759525
ECU,2003,4.46022834472698
ECU,2002,4.26079691519764
ECU,2001,2.67044367376705
ECU,2000,1.46218853556457
ECU,1999,0.823
ECU,1998,0.125
ECU,1997,0.11
ECU,1996,0.0862
ECU,1995,0.0438
ECU,1994,0.0348
ECU,1993,0.0164
ECU,1992,0.00512
ECU,1990,0.0
EGY,2024,74.64839935
EGY,2023,74.01190186
EGY,2022,72.19806556
EGY,2021,72.05599976
EGY,2020,71.91420096
EGY,2019,57.2828663990195
EGY,2018,46.92433676792
EGY,2017,44.9502042452857
EGY,2016,41.2480670885772
EGY,2015,37.8193834276939
EGY,2014,33.8946039115275
EGY,2013,29.4
EGY,2012,26.4
EGY,2011,25.6
EGY,2010,21.6
EGY,2009,20.0
EGY,2008,18.01
EGY,2007,16.03
EGY,2006,13.66
EGY,2005,12.75
EGY,2004,11.92
EGY,2003,4.03788510706701
EGY,2002,2.71999971465421
EGY,2001,0.838945611477604
EGY,2000,0.641265037504813
EGY,1999,0.29
EGY,1998,0.148
EGY,1997,0.0905
EGY,1996,0.0615
EGY,1995,0.0313
EGY,1994,0.00638
EGY,1993,0.000976
EGY,1990,0.0
SLV,2024,66.47769928
SLV,2023,62.61989975
SLV,2022,60.05609894
SLV,2021,57.26380157
SLV,2020,54.60136976
SLV,2019,50.4911940673888
SLV,2018,43.79999924
SLV,2017,33.8207289048526
SLV,2016,28.99710083
SLV,2015,26.8026049600572
SLV,2014,24.7617121459061
SLV,2013,23.1093
SLV,2012,20.3213877242007
SLV,2011,18.89999962
SLV,2010,15.9
SLV,2009,12.11
SLV,2008,10.08
SLV,2007,6.11
SLV,2006,5.5
SLV,2005,4.199999809
SLV,2004,3.2
SLV,2003,2.5
SLV,2002,1.9
SLV,2001,1.5
SLV,2000,1.17739726914477
SLV,1999,0.845
SLV,1998,0.425
SLV,1997,0.257
SLV,1996,0.0864
SLV,1990,0.0
GNQ,2024,63.29930115
GNQ,2023,63.51950073
GNQ,2022,63.65950012
GNQ,2021,58.71730042
GNQ,2020,55.00130081
GNQ,2019,49.13370132
GNQ,2018,29.39999962
GNQ,2017,26.23999977
GNQ,2016,23.78000069
GNQ,2015,21.31999969
GNQ,2014,18.86000061
GNQ,2013,16.39999962
GNQ,2012,13.94320011
GNQ,2011,11.5
GNQ,2010,6.0
GNQ,2009,2.130000114
GNQ,2008,1.820000052
GNQ,2007,1.557100058
GNQ,2006,1.279199958
GNQ,2005,1.149799943
GNQ,2004,0.843930284607049
GNQ,2003,0.520524272046806
GNQ,2002,0.321197997152044
GNQ,2001,0.16526042288306
GNQ,2000,0.132354665123789
GNQ,1999,0.0974
GNQ,1998,0.0944
GNQ,1997,0.0415
GNQ,1990,0.0
ERI,2020,14.34939957
ERI,2019,11.22379971
ERI,2018,5.293000221
ERI,2017,2.496099949
ERI,2016,1.177099943
ERI,2015,1.083699942
ERI,2014,0.99000001
ERI,2013,0.899999976
ERI,2012,0.800000012
ERI,2011,0.699999988
ERI,2010,0.610000014
ERI,2009,0.540000021
ERI,2008,0.469999999
ERI,2007,0.409999996
ERI,2002,0.227090137626716
ERI,2001,0.157815289303043
ERI,2000,0.136711941104496
ERI,1999,0.0255
ERI,1998,0.00877
ERI,1997,0.00902
ERI,1996,0.0
ERI,1995,0.0
ERI,1994,0.0
ERI,1993,0.0
ERI,1990,0.0
EST,2024,92.23796204
EST,2023,93.18342241
EST,2022,91.52016546
EST,2021,90.97970174
EST,2020,89.05828666
EST,2019,90.2289281997919
EST,2018,89.3570077747426
EST,2017,88.1024568740199
EST,2016,87.2402327514547
EST,2015,88.4097035040431
EST,2014,84.2415280294352
EST,2013,80.0043
EST,2012,78.3899259259259
EST,2011,76.5
EST,2010,74.1
EST,2009,72.5
EST,2008,70.58
EST,2007,66.19
EST,2006,63.51
EST,2005,61.45
EST,2004,53.2
EST,2003,45.32
EST,2002,41.52
EST,2001,31.5274897673756
EST,2000,28.5769538105646
EST,1999,14.5
EST,1998,10.8
EST,1997,5.71
EST,1996,3.53
EST,1995,2.78
EST,1994,1.16
EST,1993,0.301
EST,1992,0.0655
EST,1990,0.0
SWZ,2024,63.40309906
SWZ,2023,61.33330154
SWZ,2022,57.34370041
SWZ,2021,53.99530029
SWZ,2020,49.01300049
SWZ,2019,43.93389893
SWZ,2018,39.38100052
SWZ,2017,35.33160019
SWZ,2016,28.56999969
SWZ,2015,25.64299965
SWZ,2014,25.0
SWZ,2013,24.70000076
SWZ,2012,20.78179932
SWZ,2011,18.13
SWZ,2010,11.04
SWZ,2009,8.94
SWZ,2008,6.85
SWZ,2007,4.1
SWZ,2006,3.69653878906882
SWZ,2005,3.697000027
SWZ,2004,3.22868507316111
SWZ,2003,2.43707385055863
SWZ,2002,1.81620380712642
SWZ,2001,1.28159005046719
SWZ,2000,0.926191777269401
SWZ,1999,0.471
SWZ,1998,0.0961
SWZ,1997,0.0885
SWZ,1996,0.0504
SWZ,1995,0.00103
SWZ,1990,0.0
ETH,2024,21.94129944
ETH,2023,20.33749962
ETH,2022,17.9836998
ETH,2021,16.6981031
ETH,2020,16.06959915
ETH,2019,15.98460007
ETH,2018,15.88619995
ETH,2017,15.62440014
ETH,2016,15.3669238595896
ETH,2015,13.8551755555556
ETH,2014,7.699999809
ETH,2013,4.599999905
ETH,2012,2.900000095
ETH,2011,1.100000024
ETH,2010,0.75
ETH,2009,0.540000021
ETH,2008,0.449999988
ETH,2007,0.37
ETH,2006,0.310592656856176
ETH,2005,0.219659818999505
ETH,2004,0.155334520794722
ETH,2003,0.105811658802603
ETH,2002,0.0724022618698295
ETH,2001,0.0371623810686744
ETH,2000,0.0152637672082567
ETH,1999,0.0125
ETH,1998,0.00966
ETH,1997,0.00497
ETH,1996,0.0017
ETH,1995,1.75e-05
ETH,1990,0.0
FRO,2017,97.5819589384468
FRO,2016,95.1086816720257
FRO,2015,94.2
FRO,2014,93.3
FRO,2013,90.0
FRO,2012,85.3351892392109
FRO,2011,80.7321728
FRO,2010,75.2
FRO,2009,75.18
FRO,2008,75.57
FRO,2007,75.98
FRO,2006,69.359445124439
FRO,2005,67.9026317413939
FRO,2004,66.5335994677312
FRO,2003,58.9126409695337
FRO,2002,53.2992218313613
FRO,2001,43.2469835228993
FRO,2000,32.916392363397
FRO,1999,22.3
FRO,1998,11.3
FRO,1997,4.6
FRO,1996,2.32
FRO,1995,0.0
FRO,1990,0.0
FJI,2024,74.7052002
FJI,2023,74.1160965
FJI,2022,72.56549835
FJI,2021,70.56800079
FJI,2020,68.62560272
FJI,2019,63.21789932
FJI,2018,58.2364006
FJI,2017,53.6473999
FJI,2016,49.41999817
FJI,2015,42.5
FJI,2014,37.40000153
FJI,2013,35.20000076
FJI,2012,33.74240112
FJI,2011,28.0
FJI,2010,20.0
FJI,2009,17.0
FJI,2008,13.0
FJI,2007,10.89780045
FJI,2006,9.6000384001536
FJI,2005,8.45363663371359
FJI,2004,7.4129434854202
FJI,2003,6.72543473821551
FJI,2002,6.15264970011985
FJI,2001,1.8579785936093
FJI,2000,1.4968547339902
FJI,1999,0.942
FJI,1998,0.633
FJI,1997,0.223
FJI,1996,0.0644
FJI,1995,0.00912
FJI,1994,0.00791
FJI,1993,0.00668
FJI,1990,0.0
FIN,2024,93.72405196
FIN,2023,93.51385075
FIN,2022,92.98879471
FIN,2021,92.80806082
FIN,2020,92.17027106
FIN,2019,89.6073851129779
FIN,2018,88.8899599985585
FIN,2017,87.4689290730615
FIN,2016,87.7036499599455
FIN,2015,86.4221333325445
FIN,2014,86.5303927529377
FIN,2013,91.5144
FIN,2012,89.879997974222
FIN,2011,88.70999491353
FIN,2010,86.89
FIN,2009,82.49
FIN,2008,83.67
FIN,2007,80.78
FIN,2006,79.66
FIN,2005,74.48
FIN,2004,72.39
FIN,2003,69.22
FIN,2002,62.43
FIN,2001,43.1053633522263
FIN,2000,37.2484617371121
FIN,1999,32.3
FIN,1998,25.5
FIN,1997,19.5
FIN,1996,16.8
FIN,1995,13.9
FIN,1994,4.92
FIN,1993,2.57
FIN,1992,1.89
FIN,1991,1.4
FIN,1990,0.401
FRA,2024,88.65381638
FRA,2023,86.83635789
FRA,2022,85.33331734
FRA,2021,86.09548575
FRA,2020,84.70639801
FRA,2019,83.3397440866883
FRA,2018,82.0431867788484
FRA,2017,80.5024597243607
FRA,2016,79.2698113207547
FRA,2015,78.0060377071902
FRA,2014,83.7510996681821
FRA,2013,81.9198
FRA,2012,81.44
FRA,2011,77.8199989926706
FRA,2010,77.28
FRA,2009,71.58
FRA,2008,70.68
FRA,2007,66.09
FRA,2006,46.87
FRA,2005,42.87
FRA,2004,39.15
FRA,2003,36.14
FRA,2002,30.18
FRA,2001,26.3259035521688
FRA,2000,14.3079239430677
FRA,1999,9.13
FRA,1998,6.32
FRA,1997,4.26
FRA,1996,2.58
FRA,1995,1.64
FRA,1994,0.9
FRA,1993,0.591
FRA,1992,0.279
FRA,1991,0.14
FRA,1990,0.0528
PYF,2017,72.7038953132942
PYF,2016,68.440419493378
PYF,2015,64.560209747212
PYF,2014,60.68
PYF,2013,56.8
PYF,2012,52.8766305867993
PYF,2011,49.0
PYF,2010,49.0
PYF,2009,44.6
PYF,2008,33.87
PYF,2007,28.59
PYF,2006,25.1079642462589
PYF,2005,21.5421854743002
PYF,2004,17.8845374263753
PYF,2003,14.1242937853107
PYF,2002,8.20021648571522
PYF,2001,6.25158894552365
PYF,2000,6.3570635452072
PYF,1999,3.45
PYF,1998,1.32
PYF,1997,0.214
PYF,1996,0.091
PYF,1990,0.0
GAB,2024,68.72090149
GAB,2023,68.19789886
GAB,2022,67.67169952
GAB,2021,65.76809692
GAB,2020,63.91790009
GAB,2019,59.51760101
GAB,2018,55.42020035
GAB,2017,51.60490036
GAB,2016,48.0522995
GAB,2015,45.78450012
GAB,2014,38.07120132
GAB,2013,30.53800011
GAB,2012,24.0
GAB,2011,18.0
GAB,2010,13.0
GAB,2009,9.5
GAB,2008,7.5
GAB,2007,5.767000198
GAB,2006,5.48920080280135
GAB,2005,4.89326474972412
GAB,2004,2.97906980035019
GAB,2003,2.65958659385985
GAB,2002,1.93953010616212
GAB,2001,1.34762022159633
GAB,2000,1.21614061828589
GAB,1999,0.249
GAB,1998,0.17
GAB,1997,0.048
GAB,1996,0.0
GAB,1990,0.0
GMB,2024,49.49430084
GMB,2023,48.72829819
GMB,2022,48.22539902
GMB,2021,41.67309952
GMB,2020,36.01100159
GMB,2019,31.11829948
GMB,2018,28.30900002
GMB,2017,22.5156002
GMB,2016,19.90640068
GMB,2015,17.59950066
GMB,2014,15.56000042
GMB,2013,14.0
GMB,2012,12.44919968
GMB,2011,10.87030029
GMB,2010,9.2
GMB,2009,7.630000114
GMB,2008,6.880000114
GMB,2007,6.20503741852418
GMB,2006,5.23769115841218
GMB,2005,3.799000025
GMB,2004,3.30800347812937
GMB,2003,2.436781193062
GMB,2002,1.79677988296495
GMB,2001,1.33679116648397
GMB,2000,0.921794919066406
GMB,1999,0.716
GMB,1998,0.206
GMB,1997,0.0513
GMB,1996,0.0355
GMB,1995,0.00922
GMB,1990,0.0
GEO,2024,83.79855689
GEO,2023,81.88425624
GEO,2022,78.71127536
GEO,2021,76.4427093
GEO,2020,72.53157487
GEO,2019,68.8467135616978
GEO,2018,62.7179081974285
GEO,2017,59.7055045962571
GEO,2016,58.4592896118725
GEO,2015,47.5697596438736
GEO,2014,49.1024547144647
GEO,2013,43.3
GEO,2012,36.93999863
GEO,2011,31.52000046
GEO,2010,26.9
GEO,2009,20.06999969
GEO,2008,10.01000023
GEO,2007,8.26
GEO,2006,7.52687684487832
GEO,2005,6.079500198
GEO,2004,3.88622135350273
GEO,2003,2.55881648068489
GEO,2002,1.58787562980332
GEO,2001,0.992344436138154
GEO,2000,0.484746298540492
GEO,1999,0.416
GEO,1998,0.103
GEO,1997,0.0609
GEO,1996,0.0401
GEO,1995,0.0118
GEO,1990,0.0
DEU,2024,93.49999579
DEU,2023,92.4763763
DEU,2022,91.62984383
DEU,2021,91.43060973
DEU,2020,89.81294133
DEU,2019,88.1345169091916
DEU,2018,87.037112092841
DEU,2017,84.3941537010844
DEU,2016,84.1652066441212
DEU,2015,87.5897993525767
DEU,2014,86.1937006578756
DEU,2013,84.17
DEU,2012,82.3499984738392
DEU,2011,81.26999953602
DEU,2010,82.0
DEU,2009,79.0
DEU,2008,78.0
DEU,2007,75.16
DEU,2006,72.16
DEU,2005,68.71
DEU,2004,64.73
DEU,2003,55.9
DEU,2002,48.82
DEU,2001,31.650939416316
DEU,2000,30.2163466048889
DEU,1999,20.8
DEU,1998,9.88
DEU,1997,6.71
DEU,1996,3.05
DEU,1995,1.84
DEU,1994,0.923
DEU,1993,0.464
DEU,1992,0.435
DEU,1991,0.25
DEU,1990,0.126
GHA,2024,72.17569733
GHA,2023,70.67430115
GHA,2022,69.91329956
GHA,2021,68.6
GHA,2020,62.51760101
GHA,2019,22.0732
GHA,2018,43.0
GHA,2017,37.88420105
GHA,2016,28.0
GHA,2015,23.0
GHA,2014,19.0
GHA,2013,15.0
GHA,2012,10.6
GHA,2011,9.0
GHA,2010,7.8
GHA,2009,5.44
GHA,2008,4.27
GHA,2007,3.85
GHA,2006,2.72317597313987
GHA,2005,1.83119746104616
GHA,2004,1.71679770389504
GHA,2003,1.19305791098328
GHA,2002,0.830284033818738
GHA,2001,0.200008060324831
GHA,2000,0.153615297625799
GHA,1999,0.105
GHA,1998,0.0322
GHA,1997,0.0275
GHA,1996,0.00565
GHA,1995,0.000348
GHA,1990,0.0
GIB,2016,94.4444715818151
GIB,2012,65.017
GIB,2011,65.0
GIB,2010,65.0
GIB,2009,65.07
GIB,2008,58.0
GIB,2007,51.61
GIB,2006,45.29864751181
GIB,2005,39.0701308849385
GIB,2004,32.8860826098395
GIB,2003,28.3257797920554
GIB,2002,23.670239745714
GIB,2001,21.171109436031
GIB,2000,19.1316381248919
GIB,1999,5.94
GIB,1998,4.18
GIB,1997,2.66
GIB,1990,0.0
GRC,2024,86.26968886
GRC,2023,85.0102229
GRC,2022,83.17066333
GRC,2021,78.49426371
GRC,2020,78.11584474
GRC,2019,75.6712066931757
GRC,2018,72.2383733920483
GRC,2017,69.8929706543154
GRC,2016,69.0879154723892
GRC,2015,66.8349594911035
GRC,2014,63.2073404784561
GRC,2013,59.8663
GRC,2012,55.0699934418411
GRC,2011,51.6499951676815
GRC,2010,44.4
GRC,2009,42.4
GRC,2008,38.2
GRC,2007,35.88
GRC,2006,32.25
GRC,2005,24.0
GRC,2004,21.42
GRC,2003,17.8
GRC,2002,14.67
GRC,2001,10.9350258080278
GRC,2000,9.13883730776798
GRC,1999,6.88
GRC,1998,3.22
GRC,1997,1.85
GRC,1996,1.4
GRC,1995,0.75
GRC,1994,0.378
GRC,1993,0.191
GRC,1992,0.0483
GRC,1991,0.0488
GRC,1990,0.0
GRL,2017,69.4824617821988
GRL,2016,68.500873675421
GRL,2015,67.600443481006
GRL,2014,66.7
GRL,2013,65.8
GRL,2012,64.8960100995989
GRL,2011,64.0
GRL,2010,63.0
GRL,2009,62.83
GRL,2008,62.82
GRL,2007,61.07
GRL,2006,59.361687268664
GRL,2005,57.7034045008656
GRL,2004,56.0990147610533
GRL,2003,54.5342598293605
GRL,2002,44.154789028418
GRL,2001,35.4641368915684
GRL,2000,31.7478112321162
GRL,1999,21.6
GRL,1998,14.7
GRL,1997,7.95
GRL,1996,1.8
GRL,1995,0.0539
GRL,1994,0.0647
GRL,1990,0.0
GRD,2024,70.16159821
GRD,2023,69.4131012
GRD,2022,68.42030334
GRD,2021,67.02279663
GRD,2020,65.65380096
GRD,2019,64.31279755
GRD,2018,61.42459869
GRD,2017,54.20000076
GRD,2016,53.29999924
GRD,2015,52.5
GRD,2014,51.6
GRD,2013,35.0
GRD,2012,32.0
GRD,2011,30.0
GRD,2010,27.0
GRD,2009,24.04999924
GRD,2008,23.18000031
GRD,2007,22.29
GRD,2006,21.39599991
GRD,2005,20.4878006
GRD,2004,19.5706205843787
GRD,2003,18.6451821830564
GRD,2002,14.7588405454867
GRD,2001,5.12810398216998
GRD,2000,4.06390799146313
GRD,1999,2.47
GRD,1998,1.48
GRD,1997,0.991
GRD,1996,0.298
GRD,1995,0.0
GRD,1994,0.0
GRD,1993,0.0
GRD,1992,0.0
GRD,1991,0.0
GRD,1990,0.0
GUM,2017,80.5054655600831
GUM,2016,77.009999893206
GUM,2015,73.139999947043
GUM,2014,69.27
GUM,2013,65.4
GUM,2012,61.5341593079002
GUM,2011,57.7
GUM,2010,54.04
GUM,2009,50.6420283820435
GUM,2008,48.4187021509296
GUM,2007,46.1504736192355
GUM,2006,43.8514430048178
GUM,2005,38.559877557558
GUM,2004,36.1617878387908
GUM,2003,33.7166817880876
GUM,2002,31.1922942556271
GUM,2001,25.3802275337398
GUM,2000,16.1131270423389
GUM,1999,8.5
GUM,1998,4.5
GUM,1997,2.34
GUM,1996,1.36
GUM,1995,0.66
GUM,1994,0.348
GUM,1990,0.0
GTM,2024,60.22140121
GTM,2023,56.72669983
GTM,2022,54.40430069
GTM,2021,50.84164945
GTM,2020,47.51229858
GTM,2019,44.401049838502
GTM,2018,41.5
GTM,2017,37.90000153
GTM,2016,34.50930023
GTM,2015,28.80590057
GTM,2014,23.39999962
GTM,2013,19.70000076
GTM,2012,16.0
GTM,2011,12.30000019
GTM,2010,10.5
GTM,2009,9.300000191
GTM,2008,8.300000191
GTM,2007,7.300000191
GTM,2006,6.5
GTM,2005,5.699999809
GTM,2004,5.1
GTM,2003,4.54885490848324
GTM,2002,3.39174627024502
GTM,2001,1.7382017815873
GTM,2000,0.712332904508925
GTM,1999,0.593
GTM,1998,0.467
GTM,1997,0.0955
GTM,1996,0.0195
GTM,1995,0.003
GTM,1990,0.0
GIN,2024,33.30469894
GIN,2023,32.31560135
GIN,2022,31.31399918
GIN,2021,28.61330032
GIN,2020,26.14550018
GIN,2019,23.89049911
GIN,2018,21.8300230430563
GIN,2017,18.70000076
GIN,2016,13.10000038
GIN,2015,9.199999809
GIN,2014,6.400000095
GIN,2013,4.5
GIN,2012,3.099999905
GIN,2011,2.0
GIN,2010,1.0
GIN,2009,0.94
GIN,2008,0.92
GIN,2007,0.780025279059244
GIN,2006,0.637499988
GIN,2005,0.542299986
GIN,2004,0.508819332302937
GIN,2003,0.450960370842751
GIN,2002,0.402022748744397
GIN,2001,0.175541868491054
GIN,2000,0.0954249236063846
GIN,1999,0.0608
GIN,1998,0.0062
GIN,1997,0.0038
GIN,1996,0.00195
GIN,1995,0.000669
GIN,1994,0.000138
GIN,1990,0.0
GNB,2024,29.77739906
GNB,2023,28.71240044
GNB,2022,27.67379951
GNB,2021,23.3519001
GNB,2020,20.45730019
GNB,2019,17.92149925
GNB,2018,15.69999981
GNB,2017,14.80000019
GNB,2016,13.80000019
GNB,2015,6.099999905
GNB,2014,3.319999933
GNB,2013,3.099999905
GNB,2012,2.894000053
GNB,2011,2.671999931
GNB,2010,2.450000048
GNB,2009,2.30328059172582
GNB,2008,2.35488871087933
GNB,2007,2.20630002
GNB,2006,2.057199955
GNB,2005,1.90139997
GNB,2004,1.80814220342991
GNB,2003,1.35419747762901
GNB,2002,1.02299323436117
GNB,2001,0.299569144677667
GNB,2000,0.230103170591588
GNB,1999,0.118
GNB,1998,0.0241
GNB,1997,0.0164
GNB,1990,0.0
GUY,2024,83.00080109
GUY,2023,79.3553009
GUY,2022,76.56240082
GUY,2021,71.65090179
GUY,2020,62.95399857
GUY,2019,55.31269836
GUY,2018,48.59889984
GUY,2017,42.6753006
GUY,2016,35.65999985
GUY,2015,34.0
GUY,2014,32.0
GUY,2013,31.0
GUY,2012,30.5
GUY,2011,30.0
GUY,2010,29.9
GUY,2009,23.9
GUY,2008,18.2
GUY,2007,13.80000019
GUY,2006,8.899999619
GUY,2005,5.699999809
GUY,2004,3.7
GUY,2003,2.4
GUY,2002,1.5
GUY,2001,1.0
GUY,2000,0.6
GUY,1999,0.4
GUY,1998,0.264
GUY,1997,0.132
GUY,1996,0.0659
GUY,1990,0.0
HTI,2024,47.8614006
HTI,2023,47.99269867
HTI,2022,47.77470016
HTI,2021,43.37919998
HTI,2020,39.38809967
HTI,2019,35.76409912
HTI,2018,32.4736271300557
HTI,2017,27.20000076
HTI,2016,22.79999924
HTI,2015,14.19999981
HTI,2014,11.39999962
HTI,2013,10.60000038
HTI,2012,9.800000191
HTI,2011,9.0
HTI,2010,8.369999886
HTI,2009,8.100000381
HTI,2008,7.599999905
HTI,2007,7.199999809
HTI,2006,6.796000004
HTI,2005,6.376200199
HTI,2004,5.401261907622
HTI,2003,1.64735834557778
HTI,2002,0.893432988337908
HTI,2001,0.340832326173809
HTI,2000,0.231270714628821
HTI,1999,0.0707
HTI,1998,0.024
HTI,1996,0.00748
HTI,1990,0.0
HND,2024,58.62269974
HND,2023,58.0685997
HND,2022,56.88069916
HND,2021,51.95159912
HND,2020,45.24829865
HND,2019,39.3883521850111
HND,2018,36.0400608231468
HND,2017,31.7357924661485
HND,2016,29.5282180796457
HND,2015,27.1395454833776
HND,2014,23.0
HND,2013,17.8
HND,2012,18.12
HND,2011,15.9
HND,2010,11.09
HND,2009,9.800000191
HND,2008,9.6
HND,2007,9.399999619
HND,2006,7.800000191
HND,2005,6.5
HND,2004,5.6
HND,2003,4.8
HND,2002,2.5974025974026
HND,2001,1.41528193123711
HND,2000,1.20385599891878
HND,1999,0.574
HND,1998,0.301
HND,1997,0.171
HND,1996,0.0437
HND,1995,0.0368
HND,1990,0.0
HKG,2024,95.75536971
HKG,2023,95.97781908
HKG,2022,95.61357052
HKG,2021,93.08715788
HKG,2020,92.41313602
HKG,2019,91.7434003891587
HKG,2018,90.5073953294283
HKG,2017,89.4159446487565
HKG,2016,87.47941467087
HKG,2015,84.9483529634062
HKG,2014,79.8662704309064
HKG,2013,74.2
HKG,2012,72.9
HKG,2011,72.19999695
HKG,2010,72.0
HKG,2009,69.4
HKG,2008,66.7
HKG,2007,64.8
HKG,2006,60.8
HKG,2005,56.9
HKG,2004,56.3998803935333
HKG,2003,52.2000433497404
HKG,2002,43.0823830278909
HKG,2001,38.6714032309569
HKG,2000,27.8277606812581
HKG,1999,21.2
HKG,1998,14.5
HKG,1997,10.5
HKG,1996,4.75
HKG,1995,3.22
HKG,1994,2.78
HKG,1993,1.33
HKG,1992,0.85
HKG,1991,0.121
HKG,1990,0.0
HUN,2024,93.77898628
HUN,2023,91.4500713
HUN,2022,89.14282688
HUN,2021,88.64083466
HUN,2020,84.77115202
HUN,2019,80.3716936050482
HUN,2018,76.0743606365063
HUN,2017,76.7505471201922
HUN,2016,79.2594121273057
HUN,2015,72.8347370323805
HUN,2014,75.6531974544103
HUN,2013,72.6439
HUN,2012,70.579998153838
HUN,2011,68.0199878861296
HUN,2010,65.0
HUN,2009,62.0
HUN,2008,61.0
HUN,2007,53.3
HUN,2006,47.06
HUN,2005,38.97
HUN,2004,27.74
HUN,2003,21.63
HUN,2002,16.67
HUN,2001,14.5285543028277
HUN,2000,6.99967635062916
HUN,1999,5.86
HUN,1998,3.89
HUN,1997,1.94
HUN,1996,0.969
HUN,1995,0.677
HUN,1994,0.484
HUN,1993,0.193
HUN,1992,0.0484
HUN,1991,0.00338
HUN,1990,0.0
ISL,2024,98.209198
ISL,2023,97.94860077
ISL,2022,97.58339691
ISL,2021,99.68701957
ISL,2020,99.5327519
ISL,2019,99.5049411693787
ISL,2018,99.0109539916991
ISL,2017,98.2552011867973
ISL,2016,98.23999786
ISL,2015,98.19999695
ISL,2014,98.1580233097118
ISL,2013,96.5468
ISL,2012,96.2097995545657
ISL,2011,94.8196868008949
ISL,2010,93.39
ISL,2009,93.0
ISL,2008,91.0
ISL,2007,90.6
ISL,2006,89.51
ISL,2005,87.0
ISL,2004,83.88
ISL,2003,83.14
ISL,2002,79.12
ISL,2001,49.3929953676426
ISL,2000,44.470533824288
ISL,1999,41.3
ISL,1998,36.3
ISL,1997,27.5
ISL,1996,14.8
ISL,1995,11.2
ISL,1994,6.79
ISL,1993,2.67
ISL,1992,1.54
ISL,1991,0.505
ISL,1990,0.0
IND,2025,70.0
IND,2024,64.9434967
IND,2023,60.25230026
IND,2022,55.9
IND,2021,49.2580986
IND,2020,43.40544313
IND,2019,29.52350044
IND,2018,20.0813000379384
IND,2017,18.20000076
IND,2016,16.5
IND,2015,14.89999962
IND,2014,13.5
IND,2013,12.30000019
IND,2012,11.10000038
IND,2011,10.07
IND,2010,7.5
IND,2009,5.12
IND,2008,4.38
IND,2007,3.95
IND,2006,2.80549986534254
IND,2005,2.388099909
IND,2004,1.97613649190559
IND,2003,1.68648997063625
IND,2002,1.53787558175083
IND,2001,0.660146377009928
IND,2000,0.527532449930946
IND,1999,0.273
IND,1998,0.139
IND,1997,0.0708
IND,1996,0.0463
IND,1995,0.0262
IND,1994,0.00107
IND,1993,0.000218
IND,1992,0.000111
IND,1990,0.0
IDN,2024,72.78075544
IDN,2023,69.20836554
IDN,2022,66.48461277
IDN,2021,62.10447842
IDN,2020,53.72649449
IDN,2019,47.6906489788375
IDN,2018,39.9046386385762
IDN,2017,32.335806250688
IDN,2016,25.447353701827
IDN,2015,22.062742603379
IDN,2014,17.1431598350566
IDN,2013,14.94
IDN,2012,14.52
IDN,2011,12.28
IDN,2010,10.92
IDN,2009,6.92
IDN,2008,7.917500019
IDN,2007,5.78627472934199
IDN,2006,4.76481313366657
IDN,2005,3.60202476259646
IDN,2004,2.60028587633414
IDN,2003,2.38701977959476
IDN,2002,2.13413573295808
IDN,2001,2.01861385948459
IDN,2000,0.925563864466858
IDN,1999,0.444
IDN,1998,0.255
IDN,1997,0.195
IDN,1996,0.0566
IDN,1995,0.0261
IDN,1994,0.00106
IDN,1990,0.0
IRN,2024,85.3404007
IRN,2023,83.71050262
IRN,2022,81.71649933
IRN,2021,78.5957366
IRN,2020,75.56986637
IRN,2019,72.4509047672065
IRN,2018,70.2005650008363
IRN,2017,64.0439736249513
IRN,2016,53.2267716709857
IRN,2015,45.3349761533285
IRN,2014,39.353614505223
IRN,2013,29.95
IRN,2012,22.73
IRN,2011,19.0
IRN,2010,15.9
IRN,2009,13.80000019
IRN,2008,12.02
IRN,2007,9.470000267
IRN,2006,8.760000229
IRN,2005,8.100000381
IRN,2004,7.49
IRN,2003,6.93372195304053
IRN,2002,4.62617511492205
IRN,2001,1.48422133163363
IRN,2000,0.934190019959829
IRN,1999,0.379
IRN,1998,0.0998
IRN,1997,0.0468
IRN,1996,0.0158
IRN,1995,0.00418
IRN,1994,0.000408
IRN,1990,0.0
IRQ,2024,81.47450256
IRQ,2023,81.80889893
IRQ,2022,78.71560926
IRQ,2021,65.00219727
IRQ,2020,53.67779922
IRQ,2019,44.3263465511579
IRQ,2018,33.92810059
IRQ,2017,25.96920013
IRQ,2016,19.87719917
IRQ,2015,15.21440029
IRQ,2014,11.6453267304545
IRQ,2013,9.199999809
IRQ,2012,7.099999905
IRQ,2011,5.0
IRQ,2010,2.5
IRQ,2009,1.06
IRQ,2008,1.0
IRQ,2007,0.93
IRQ,2006,0.95234424383919
IRQ,2005,0.899999976
IRQ,2004,0.9
IRQ,2003,0.6
IRQ,2002,0.5
IRQ,2001,0.1
IRQ,1990,0.0
IRL,2024,97.18769836
IRL,2023,96.8660965
IRL,2022,95.03690338
IRL,2021,93.50610352
IRL,2020,91.99989097
IRL,2019,87.0000552425146
IRL,2018,87.0001401148942
IRL,2017,84.1140070623844
IRL,2016,83.5
IRL,2015,83.4947916666667
IRL,2014,83.4917223351728
IRL,2013,78.2477
IRL,2012,76.919992540097
IRL,2011,74.8899729670944
IRL,2010,69.85
IRL,2009,67.38
IRL,2008,65.34
IRL,2007,61.158324551
IRL,2006,54.82
IRL,2005,41.61
IRL,2004,36.99
IRL,2003,34.31
IRL,2002,25.85
IRL,2001,23.1388121904053
IRL,2000,17.8504672405807
IRL,1999,10.9
IRL,1998,8.1
IRL,1997,4.09
IRL,1996,2.2
IRL,1995,1.11
IRL,1994,0.558
IRL,1993,0.281
IRL,1992,0.17
IRL,1991,0.0568
IRL,1990,0.0
ISR,2024,88.18242225
ISR,2023,87.03842615
ISR,2022,91.85079615
ISR,2021,90.29689758
ISR,2020,90.12734091
ISR,2019,86.7878776180583
ISR,2018,83.7331569615326
ISR,2017,81.5811835871611
ISR,2016,79.6531241815281
ISR,2015,77.3520896572253
ISR,2014,75.0177531628076
ISR,2013,70.250311945
ISR,2012,70.8
ISR,2011,68.8738779907441
ISR,2010,67.5
ISR,2009,63.12
ISR,2008,59.39
ISR,2007,48.1280621948445
ISR,2006,27.8810997
ISR,2005,25.19400024
ISR,2004,22.7704855254035
ISR,2003,19.5933936579649
ISR,2002,17.7645990630493
ISR,2001,17.3786238639049
ISR,2000,20.8737899981674
ISR,1999,13.4
ISR,1998,10.3
ISR,1997,4.4
ISR,1996,2.17
ISR,1995,0.93
ISR,1994,0.577
ISR,1993,0.399
ISR,1992,0.311
ISR,1991,0.215
ISR,1990,0.111
ITA,2024,89.2207202
ITA,2023,87.0278292
ITA,2022,85.06074504
ITA,2021,74.8623274
ITA,2020,70.48342785
ITA,2019,67.8507102874836
ITA,2018,74.3871829234822
ITA,2017,63.0773469984291
ITA,2016,61.3242527666303
ITA,2015,58.1417349568747
ITA,2014,55.6384602242293
ITA,2013,58.4593
ITA,2012,55.829997993283
ITA,2011,54.3899983018814
ITA,2010,53.68
ITA,2009,48.83
ITA,2008,44.53
ITA,2007,40.79
ITA,2006,37.99
ITA,2005,35.0
ITA,2004,33.24
ITA,2003,29.04
ITA,2002,28.04
ITA,2001,27.2221169788811
ITA,2000,23.1108742441037
ITA,1999,14.4
ITA,1998,4.56
ITA,1997,2.28
ITA,1996,1.02
ITA,1995,0.524
ITA,1994,0.192
ITA,1993,0.122
ITA,1992,0.0701
ITA,1991,0.0351
ITA,1990,0.0175
JAM,2024,90.10870361
JAM,2023,89.47304282
JAM,2022,85.84329987
JAM,2021,82.36071561
JAM,2020,76.38400269
JAM,2019,70.8410169743356
JAM,2018,68.2145170876072
JAM,2017,55.0720670507751
JAM,2016,44.3668563671334
JAM,2015,42.2212211907441
JAM,2014,40.4027351046672
JAM,2013,37.1
JAM,2012,33.79
JAM,2011,37.438613414848
JAM,2010,27.67
JAM,2009,24.3
JAM,2008,23.6
JAM,2007,21.10000038
JAM,2006,16.39999962
JAM,2005,12.80000019
JAM,2004,10.0
JAM,2003,7.8
JAM,2002,6.1
JAM,2001,3.8630203874764
JAM,2000,3.11577802729967
JAM,1999,2.36
JAM,1998,1.98
JAM,1997,0.798
JAM,1996,0.591
JAM,1995,0.109
JAM,1994,0.0368
JAM,1990,0.0
JPN,2024,85.54153081
JPN,2023,85.00990295
JPN,2022,84.92343147
JPN,2021,82.91407928
JPN,2020,90.21945812
JPN,2019,92.7303978145525
JPN,2018,88.7463508901772
JPN,2017,91.7265472366635
JPN,2016,93.1827212821617
JPN,2015,91.0580283929962
JPN,2014,89.1068330166075
JPN,2013,88.219428911
JPN,2012,79.4964
JPN,2011,79.0541135244739
JPN,2010,78.21
JPN,2009,78.0
JPN,2008,75.4
JPN,2007,74.3
JPN,2006,68.6852703213795
JPN,2005,66.9210661042901
JPN,2004,62.3939296327259
JPN,2003,48.4352658899653
JPN,2002,46.5942011179917
JPN,2001,38.5320608612719
JPN,2000,29.9907403589142
JPN,1999,21.4
JPN,1998,13.4
JPN,1997,9.16
JPN,1996,4.37
JPN,1995,1.59
JPN,1994,0.8
JPN,1993,0.401
JPN,1992,0.0967
JPN,1991,0.0404
JPN,1990,0.0203
JOR,2024,95.62244985
JOR,2023,92.53443944
JOR,2022,90.4999984
JOR,2021,85.999997
JOR,2020,78.4178009
JOR,2019,70.08470154
JOR,2018,65.2
JOR,2017,64.5
JOR,2016,56.15000153
JOR,2015,54.22000122
JOR,2014,46.2
JOR,2013,41.4
JOR,2012,37.0
JOR,2011,34.9
JOR,2010,27.2
JOR,2009,26.0
JOR,2008,23.0
JOR,2007,20.0
JOR,2006,13.86709976
JOR,2005,12.93290043
JOR,2004,11.6587413706379
JOR,2003,8.46600501623938
JOR,2002,6.02553241191204
JOR,2001,4.70571958094159
JOR,2000,2.62327542156362
JOR,1999,2.53
JOR,1998,1.31
JOR,1997,0.599
JOR,1996,0.0449
JOR,1995,0.0232
JOR,1990,0.0
KAZ,2024,93.39167254
KAZ,2023,92.87846096
KAZ,2022,92.29685266
KAZ,2021,90.9239507
KAZ,2020,85.94259898
KAZ,2019,81.8776204746284
KAZ,2018,78.9039190578816
KAZ,2017,76.4267482325439
KAZ,2016,74.5877264735738
KAZ,2015,70.82993359566
KAZ,2014,66.0
KAZ,2013,63.30422443
KAZ,2012,61.9066274652008
KAZ,2011,50.6
KAZ,2010,31.6
KAZ,2009,18.2
KAZ,2008,11.0
KAZ,2007,4.02
KAZ,2006,3.268399954
KAZ,2005,2.961699963
KAZ,2004,2.6503946570164
KAZ,2003,2.00041475265872
KAZ,2002,1.67477099516366
KAZ,2001,1.00612421099739
KAZ,2000,0.668594402621264
KAZ,1999,0.464
KAZ,1998,0.131
KAZ,1997,0.0646
KAZ,1996,0.0318
KAZ,1995,0.0113
KAZ,1994,0.000521
KAZ,1990,0.0
KEN,2024,34.97622513
KEN,2023,32.07040024
KEN,2022,29.40589905
KEN,2021,26.96290016
KEN,2020,24.7227993
KEN,2019,22.6687733618171
KEN,2018,19.5
KEN,2017,17.82710075
KEN,2016,16.6
KEN,2015,16.5878548475992
KEN,2014,16.5
KEN,2013,13.0
KEN,2012,10.5
KEN,2011,8.800000191
KEN,2010,7.2
KEN,2009,6.1
KEN,2008,5.199999809
KEN,2007,4.400000095
KEN,2006,3.599999905
KEN,2005,3.101900101
KEN,2004,3.0235280420962
KEN,2003,2.94190286101524
KEN,2002,1.20777388492125
KEN,2001,0.619782266151425
KEN,2000,0.318059713612037
KEN,1999,0.114
KEN,1998,0.0503
KEN,1997,0.0344
KEN,1996,0.00884
KEN,1995,0.000727
KEN,1990,0.0
KIR,2024,89.44029999
KIR,2023,88.0
KIR,2022,84.99849701
KIR,2021,67.08760071
KIR,2020,52.95090103
KIR,2019,41.79299927
KIR,2018,32.9864006
KIR,2017,25.30960083
KIR,2016,19.41939926
KIR,2015,14.89999962
KIR,2014,12.25
KIR,2013,11.5
KIR,2012,10.74680042
KIR,2011,10.0
KIR,2010,9.07
KIR,2009,8.97
KIR,2008,7.0
KIR,2007,6.0
KIR,2006,4.5
KIR,2005,4.0
KIR,2004,3.5
KIR,2003,3.0
KIR,2002,2.5
KIR,2001,2.33745894837722
KIR,2000,1.78522547397736
KIR,1999,1.21
KIR,1998,0.617
KIR,1990,0.0
PRK,2004,0.0
PRK,2003,0.0
PRK,2002,0.0
PRK,2001,0.0
PRK,2000,0.0
PRK,1999,0.0
PRK,1998,0.0
PRK,1997,0.0
PRK,1990,0.0
KOR,2024,97.89563777
KOR,2023,97.41597478
KOR,2022,97.16855335
KOR,2021,97.57132698
KOR,2020,96.50506052
KOR,2019,96.157579184239
KOR,2018,96.0228595797887
KOR,2017,95.0694218761004
KOR,2016,92.8430256796075
KOR,2015,89.8962557995106
KOR,2014,87.5568264944747
KOR,2013,84.77
KOR,2012,84.07
KOR,2011,83.7591201534472
KOR,2010,83.7
KOR,2009,81.6
KOR,2008,81.0
KOR,2007,78.8
KOR,2006,78.1
KOR,2005,73.5
KOR,2004,72.7
KOR,2003,65.5
KOR,2002,59.4
KOR,2001,56.6
KOR,2000,44.7
KOR,1999,23.6
KOR,1998,6.78
KOR,1997,3.6
KOR,1996,1.62
KOR,1995,0.82
KOR,1994,0.311
KOR,1993,0.25
KOR,1992,0.0984
KOR,1991,0.0461
KOR,1990,0.0233
XKX,2018,89.4430319734879
XKX,2017,83.8935968102791
KWT,2025,100.0
KWT,2024,99.74729919
KWT,2023,99.74731125
KWT,2022,99.74729919
KWT,2021,99.7
KWT,2020,99.10587017
KWT,2019,99.5426764518489
KWT,2018,99.5988495907557
KWT,2017,97.9999893344615
KWT,2016,85.59999847
KWT,2015,82.0
KWT,2014,78.69999695
KWT,2013,75.45999908
KWT,2012,70.44999695
KWT,2011,65.7690706867398
KWT,2010,61.40000153
KWT,2009,50.79999924
KWT,2008,42.0
KWT,2007,34.79999924
KWT,2006,28.79120064
KWT,2005,25.92609978
KWT,2004,22.9271120360078
KWT,2003,22.4029383804612
KWT,2002,10.2489679289296
KWT,2001,8.55179243431475
KWT,2000,6.73139576837536
KWT,1999,4.76
KWT,1998,3.05
KWT,1997,2.17
KWT,1996,0.856
KWT,1995,0.203
KWT,1994,0.147
KWT,1993,0.0911
KWT,1990,0.0
KGZ,2024,92.0286026
KGZ,2023,91.04440308
KGZ,2022,84.1937027
KGZ,2021,77.11769867
KGZ,2020,72.0
KGZ,2019,64.1
KGZ,2018,62.8
KGZ,2017,50.80530167
KGZ,2016,40.52619934
KGZ,2015,30.24699974
KGZ,2014,28.29999924
KGZ,2013,23.0
KGZ,2012,19.79999924
KGZ,2011,17.5
KGZ,2010,16.29999924
KGZ,2009,16.0
KGZ,2008,15.69999981
KGZ,2007,14.03
KGZ,2006,12.30690002
KGZ,2005,10.53380013
KGZ,2004,5.09038530732863
KGZ,2003,3.90876626828521
KGZ,2002,2.99926518003089
KGZ,2001,3.00294132719239
KGZ,2000,1.04140114469361
KGZ,1999,0.205
KGZ,1998,0.0728
KGZ,1990,0.0
LAO,2024,65.59269714
LAO,2023,64.39800262
LAO,2022,64.54000092
LAO,2021,62.0
LAO,2020,54.0
LAO,2019,47.03229904
LAO,2018,36.27130127
LAO,2017,25.51040077
LAO,2016,21.87000084
LAO,2015,18.20000076
LAO,2014,14.26000023
LAO,2013,12.5
LAO,2012,10.74769974
LAO,2011,9.0
LAO,2010,7.0
LAO,2009,6.0
LAO,2008,3.55
LAO,2007,1.64
LAO,2006,1.16989994
LAO,2005,0.850399971
LAO,2004,0.361434490258043
LAO,2003,0.333912466428616
LAO,2002,0.267899241309349
LAO,2001,0.181664460654566
LAO,2000,0.111044032290124
LAO,1999,0.0378
LAO,1998,0.00966
LAO,1990,0.0
LVA,2024,92.70757011
LVA,2023,92.18791291
LVA,2022,91.03009059
LVA,2021,91.17964988
LVA,2020,88.89796078
LVA,2019,86.13545644343
LVA,2018,83.5771748630956
LVA,2017,80.1140770037369
LVA,2016,79.8420977843089
LVA,2015,79.2005829239344
LVA,2014,75.8261041383556
LVA,2013,75.2344
LVA,2012,73.1199437663748
LVA,2011,69.7499545592245
LVA,2010,68.42
LVA,2009,66.84
LVA,2008,63.41
LVA,2007,59.17
LVA,2006,53.63
LVA,2005,46.0
LVA,2004,38.58
LVA,2003,26.98
LVA,2002,21.94
LVA,2001,7.21934580836289
LVA,2000,6.31906208267861
LVA,1999,4.39
LVA,1998,3.32
LVA,1997,2.05
LVA,1996,0.813
LVA,1990,0.0
LBN,2024,80.63400269
LBN,2023,81.7059021
LBN,2022,81.46479797
LBN,2021,82.65599823
LBN,2020,82.0664978
LBN,2019,81.48120117
LBN,2018,80.90000153
LBN,2017,78.18080139
LBN,2016,76.11000061
LBN,2015,74.0
LBN,2014,73.0
LBN,2013,70.5
LBN,2012,61.24980164
LBN,2011,52.0
LBN,2010,43.68000031
LBN,2009,30.13999939
LBN,2008,22.53
LBN,2007,18.74
LBN,2006,15.0
LBN,2005,10.14000034
LBN,2004,9.0
LBN,2003,8.0
LBN,2002,7.0
LBN,2001,6.78321977527715
LBN,2000,7.95274373635276
LBN,1999,5.38
LBN,1998,2.72
LBN,1997,1.24
LBN,1996,0.14
LBN,1995,0.0716
LBN,1990,0.0
LSO,2024,51.79660034
LSO,2023,48.98590088
LSO,2022,48.06959915
LSO,2021,45.05670166
LSO,2020,43.65750122
LSO,2019,42.301733569273
LSO,2018,40.79999924
LSO,2017,39.0
LSO,2016,32.4538569477365
LSO,2015,25.0
LSO,2014,22.0
LSO,2013,15.0
LSO,2012,10.0
LSO,2011,7.0
LSO,2010,3.859999895
LSO,2009,3.72
LSO,2008,3.58
LSO,2007,3.44543125970873
LSO,2006,2.97970818724486
LSO,2005,2.580199957
LSO,2004,2.17552433931097
LSO,2003,1.53249659019509
LSO,2002,1.08394313737534
LSO,2001,0.261150063093855
LSO,2000,0.211806070361977
LSO,1999,0.0538
LSO,1998,0.011
LSO,1997,0.00558
LSO,1996,0.00285
LSO,1990,0.0
LBR,2024,32.23360062
LBR,2023,31.22410011
LBR,2022,30.38010025
LBR,2021,26.38229942
LBR,2020,22.91069984
LBR,2019,19.89579964
LBR,2018,17.27770042
LBR,2017,16.29999924
LBR,2016,15.69999981
LBR,2015,10.0
LBR,2014,5.409999847
LBR,2013,3.200000048
LBR,2012,2.599999905
LBR,2011,2.5
LBR,2010,2.3
LBR,2009,2.0
LBR,2008,0.529999971
LBR,2007,0.551400006
LBR,2006,0.529999971
LBR,2005,0.551400006
LBR,2004,0.0310111848040233
LBR,2003,0.0318689345450327
LBR,2002,0.0327133071190699
LBR,2001,0.033812227177592
LBR,2000,0.0177027057169472
LBR,1999,0.0113
LBR,1998,0.0041
LBR,1997,0.00449
LBR,1990,0.0
LBY,2024,81.95449829
LBY,2023,82.10469818
LBY,2022,80.64720154
LBY,2021,77.438797
LBY,2020,74.35810089
LBY,2019,71.40409851
LBY,2018,47.5
LBY,2017,47.5
LBY,2016,35.0
LBY,2015,25.0
LBY,2014,17.76000023
LBY,2013,16.5
LBY,2012,15.19999981
LBY,2011,14.0
LBY,2010,14.0
LBY,2009,10.80000019
LBY,2008,9.0
LBY,2007,4.72199937850513
LBY,2006,4.301099777
LBY,2005,3.91779995
LBY,2004,3.53283816154549
LBY,2003,2.81451798740855
LBY,2002,2.24441822165946
LBY,2001,0.366533175284228
LBY,2000,0.187042622337565
LBY,1999,0.134
LBY,1990,0.0
LIE,2024,98.2641983
LIE,2023,98.13230133
LIE,2022,97.88069916
LIE,2021,95.56939697
LIE,2020,94.34999847
LIE,2019,93.14610291
LIE,2017,99.54660034
LIE,2016,98.09390259
LIE,2015,96.6411972
LIE,2014,95.20999908
LIE,2013,93.80000305
LIE,2012,89.40769958
LIE,2011,85.0
LIE,2010,80.0
LIE,2009,75.0
LIE,2008,70.0
LIE,2007,65.0802002
LIE,2006,64.21420288
LIE,2005,63.37139893
LIE,2004,64.0074481394199
LIE,2003,58.8096918372148
LIE,2002,59.4707106749926
LIE,2001,45.1168526483592
LIE,2000,36.5152298938015
LIE,1990,0.0
LTU,2024,89.16116293
LTU,2023,88.50287484
LTU,2022,87.72420219
LTU,2021,86.93054425
LTU,2020,83.05554724
LTU,2019,81.5818683764046
LTU,2018,79.7225827680518
LTU,2017,77.6152565124514
LTU,2016,74.3766455618662
LTU,2015,71.3780590101754
LTU,2014,72.1335378644566
LTU,2013,68.4529
LTU,2012,67.2299893276414
LTU,2011,63.6399774002179
LTU,2010,62.12
LTU,2009,59.76
LTU,2008,55.22
LTU,2007,49.9
LTU,2006,43.9
LTU,2005,36.22
LTU,2004,31.23
LTU,2003,25.91
LTU,2002,17.69
LTU,2001,7.17935699381369
LTU,2000,6.42706749477765
LTU,1999,2.92
LTU,1998,1.97
LTU,1997,0.978
LTU,1996,0.277
LTU,1990,0.0
LUX,2025,99.12902211
LUX,2024,98.7606147
LUX,2023,99.34785707
LUX,2022,98.24203749
LUX,2021,98.66086333
LUX,2020,98.45962893
LUX,2019,97.120635693272
LUX,2018,97.061298705829
LUX,2017,97.3629603241751
LUX,2016,98.1366986657616
LUX,2015,96.3767141704759
LUX,2014,94.6702052774766
LUX,2013,93.7765
LUX,2012,91.9499237417387
LUX,2011,90.0298585646936
LUX,2010,90.62
LUX,2009,87.31
LUX,2008,82.23
LUX,2007,78.92
LUX,2006,72.51
LUX,2005,70.0
LUX,2004,65.88
LUX,2003,54.55
LUX,2002,39.84
LUX,2001,36.163422506306
LUX,2000,22.8873279731211
LUX,1999,17.4
LUX,1998,11.7
LUX,1997,7.14
LUX,1996,5.55
LUX,1995,1.59
LUX,1994,0.496
LUX,1993,0.302
LUX,1992,0.153
LUX,1990,0.0
MAC,2024,89.82640076
MAC,2023,89.82640076
MAC,2022,89.48549652
MAC,2021,88.46810492
MAC,2020,87.46230316
MAC,2019,86.4679257062588
MAC,2018,83.7940896091516
MAC,2017,83.1740890688259
MAC,2016,81.6429854646415
MAC,2015,77.6001318608868
MAC,2014,69.7809492200465
MAC,2013,65.8
MAC,2012,61.31
MAC,2011,60.2036967182195
MAC,2010,55.198
MAC,2009,54.0
MAC,2008,49.24
MAC,2007,47.32699966
MAC,2006,46.4
MAC,2005,34.86289978
MAC,2004,31.4840973824121
MAC,2003,25.7421239826498
MAC,2002,25.1718801643395
MAC,2001,22.5212167700561
MAC,2000,13.6085897418451
MAC,1999,9.21
MAC,1998,7.0
MAC,1997,2.36
MAC,1996,0.727
MAC,1995,0.28
MAC,1994,0.037
MAC,1990,0.0
MDG,2024,18.67790031
MDG,2023,18.24080086
MDG,2022,17.81170082
MDG,2021,13.74590015
MDG,2020,11.35470009
MDG,2019,9.379400253
MDG,2018,7.747799873
MDG,2017,6.406000137
MDG,2016,4.713699818
MDG,2015,4.173999786
MDG,2014,3.700000048
MDG,2013,3.0
MDG,2012,2.299999952
MDG,2011,1.899999976
MDG,2010,1.700000048
MDG,2009,1.629999995
MDG,2008,1.649999976
MDG,2007,0.649999976
MDG,2006,0.607599974
MDG,2005,0.567700028
MDG,2004,0.525353654946669
MDG,2003,0.423252419277809
MDG,2002,0.339720154596142
MDG,2001,0.222511586178292
MDG,2000,0.196394691006341
MDG,1999,0.169
MDG,1998,0.0626
MDG,1997,0.0143
MDG,1996,0.0037
MDG,1990,0.0
MWI,2024,18.96159935
MWI,2023,17.98810346
MWI,2022,16.84830093
MWI,2021,15.30300045
MWI,2020,13.89949989
MWI,2019,11.05860043
MWI,2018,8.798299789
MWI,2017,7.0
MWI,2016,6.300000191
MWI,2015,6.0
MWI,2014,5.829999924
MWI,2013,5.050000191
MWI,2012,4.350599766
MWI,2011,3.33
MWI,2010,2.26
MWI,2009,1.07
MWI,2008,0.7
MWI,2007,0.965864736553132
MWI,2006,0.425099999
MWI,2005,0.384499997
MWI,2004,0.347505334967577
MWI,2003,0.278815116302304
MWI,2002,0.21509472652259
MWI,2001,0.164020725330811
MWI,2000,0.126780944756387
MWI,1999,0.0873
MWI,1998,0.0181
MWI,1997,0.00467
MWI,1990,0.0
MYS,2024,98.0206059
MYS,2023,97.69272633
MYS,2022,97.3986404
MYS,2021,96.7514278
MYS,2020,89.55501192
MYS,2019,84.1871450078281
MYS,2018,81.2010486181174
MYS,2017,80.1404790103961
MYS,2016,78.7883099275229
MYS,2015,71.0640678111957
MYS,2014,63.6654258813225
MYS,2013,57.05751226
MYS,2012,65.8
MYS,2011,61.0
MYS,2010,56.3
MYS,2009,55.9
MYS,2008,55.8
MYS,2007,55.7
MYS,2006,51.6379889864403
MYS,2005,48.6291702459839
MYS,2004,42.2522656295248
MYS,2003,34.9711523397291
MYS,2002,32.3382043389359
MYS,2001,26.6959725007084
MYS,2000,21.3847311644538
MYS,1999,12.3
MYS,1998,6.75
MYS,1997,2.31
MYS,1996,0.852
MYS,1995,0.146
MYS,1994,0.0996
MYS,1993,0.0255
MYS,1992,0.00105
MYS,1990,0.0
MDV,2024,85.23999786
MDV,2023,84.55290222
MDV,2022,83.91189054
MDV,2021,81.95760345
MDV,2020,79.09780121
MDV,2019,77.46970367
MDV,2018,70.93689728
MDV,2017,64.95500183
MDV,2016,59.47750092
MDV,2015,54.4620018
MDV,2014,49.27999878
MDV,2013,44.09999847
MDV,2012,38.93009949
MDV,2011,34.0
MDV,2010,26.53
MDV,2009,24.8
MDV,2008,23.2
MDV,2007,16.3
MDV,2006,11.0363527828647
MDV,2005,6.86960506696215
MDV,2004,6.58825487530861
MDV,2003,5.97659284988557
MDV,2002,5.3477651689359
MDV,2001,3.61729064930367
MDV,2000,2.2038729393788
MDV,1999,1.12
MDV,1998,0.57
MDV,1997,0.309
MDV,1996,0.227
MDV,1995,0.0
MDV,1994,0.0
MDV,1993,0.0
MDV,1992,0.0
MDV,1991,0.0
MDV,1990,0.0
MLI,2024,36.80149841
MLI,2023,36.03879929
MLI,2022,35.19919968
MLI,2021,33.95650101
MLI,2020,29.11300087
MLI,2019,24.96030045
MLI,2018,21.39999962
MLI,2017,18.89999962
MLI,2016,14.0
MLI,2015,10.32999992
MLI,2014,7.0
MLI,2013,3.5
MLI,2012,2.799999952
MLI,2011,2.2
MLI,2010,2.0
MLI,2009,1.799999952
MLI,2008,1.57
MLI,2007,0.81
MLI,2006,0.729600012
MLI,2005,0.507099986
MLI,2004,0.432819639900985
MLI,2003,0.310364443230575
MLI,2002,0.2270455784917
MLI,2001,0.185897413256084
MLI,2000,0.142545755049184
MLI,1999,0.0609
MLI,1998,0.0198
MLI,1997,0.0101
MLI,1996,0.00206
MLI,1990,0.0
MLT,2024,93.86029816
MLT,2023,92.07266941
MLT,2022,91.54062209
MLT,2021,87.46977742
MLT,2020,86.85876183
MLT,2019,85.7785963798031
MLT,2018,81.6580442928014
MLT,2017,81.0119110762945
MLT,2016,78.0751488032182
MLT,2015,75.9600189752747
MLT,2014,73.1141157845193
MLT,2013,68.9138
MLT,2012,68.1998742928975
MLT,2011,68.0198237885462
MLT,2010,63.0
MLT,2009,58.86
MLT,2008,50.08
MLT,2007,46.9
MLT,2006,40.41
MLT,2005,41.24
MLT,2004,34.62
MLT,2003,31.64
MLT,2002,28.92
MLT,2001,17.8778483243348
MLT,2000,13.1137087111024
MLT,1999,7.76
MLT,1998,6.5
MLT,1997,3.92
MLT,1996,1.05
MLT,1995,0.225
MLT,1990,0.0
MHL,2024,65.915802
MHL,2023,64.07589722
MHL,2022,64.26719666
MHL,2021,63.97259903
MHL,2020,56.41910172
MHL,2019,49.75749969
MHL,2018,43.88249969
MHL,2017,38.70119858
MHL,2016,29.78779984
MHL,2015,19.28240013
MHL,2014,16.79999924
MHL,2013,14.0
MHL,2012,12.5
MHL,2011,10.0
MHL,2010,7.0
MHL,2009,5.599999905
MHL,2008,4.599999905
MHL,2007,3.950000048
MHL,2006,3.79559021427832
MHL,2005,3.8787023977433
MHL,2004,3.59977681383754
MHL,2003,2.5697503671072
MHL,2002,2.33544457522934
MHL,2001,1.7066140776699
MHL,2000,1.53427179624871
MHL,1999,0.966
MHL,1996,0.0371
MHL,1995,0.0
MHL,1994,0.0
MHL,1993,0.0
MHL,1992,0.0
MHL,1991,0.0
MHL,1990,0.0
MRT,2024,45.77939987
MRT,2023,44.95629883
MRT,2022,42.46450043
MRT,2021,35.63660049
MRT,2020,29.90649986
MRT,2019,25.0977993
MRT,2018,22.96699905
MRT,2017,21.01720047
MRT,2016,19.23279953
MRT,2015,17.60000038
MRT,2014,11.80000019
MRT,2013,6.199999809
MRT,2012,5.0
MRT,2011,4.5
MRT,2010,4.0
MRT,2009,2.279999971
MRT,2008,1.870000005
MRT,2007,1.433599949
MRT,2006,0.979700029
MRT,2005,0.670000017
MRT,2004,0.481470438230954
MRT,2003,0.424004895843197
MRT,2002,0.363229414608579
MRT,2001,0.261448551967195
MRT,2000,0.192031462434805
MRT,1999,0.118
MRT,1998,0.0406
MRT,1997,0.00417
MRT,1990,0.0
MUS,2024,73.30793533
MUS,2023,79.5
MUS,2022,75.5
MUS,2021,71.59999847
MUS,2020,67.73290684
MUS,2019,61.7299551453346
MUS,2018,58.596169704299
MUS,2017,55.4032403002657
MUS,2016,52.19129944
MUS,2015,50.1393184766711
MUS,2014,44.8032753683379
MUS,2013,40.116825135
MUS,2012,35.42
MUS,2011,34.95000076
MUS,2010,28.33
MUS,2009,22.51
MUS,2008,21.81
MUS,2007,20.22
MUS,2006,16.7
MUS,2005,15.1722002
MUS,2004,13.6890885885342
MUS,2003,12.1871062041308
MUS,2002,10.252624671916
MUS,2001,8.78090401892036
MUS,2000,7.28153511499385
MUS,1999,4.65
MUS,1998,2.57
MUS,1997,0.476
MUS,1996,0.184
MUS,1990,0.0
MEX,2024,83.12233799
MEX,2023,81.18318755
MEX,2022,78.63217894
MEX,2021,75.62650476
MEX,2020,71.49017499
MEX,2019,69.6321092705209
MEX,2018,56.6595667981289
MEX,2017,53.0317886110982
MEX,2016,59.5404459967255
MEX,2015,57.4310429923633
MEX,2014,44.3856962723411
MEX,2013,43.46
MEX,2012,39.75
MEX,2011,37.1762954125184
MEX,2010,31.05
MEX,2009,26.34
MEX,2008,21.71
MEX,2007,20.81
MEX,2006,19.52000046
MEX,2005,17.20999908
MEX,2004,14.1
MEX,2003,12.9
MEX,2002,11.9
MEX,2001,7.0380231165045
MEX,2000,5.08138415338066
MEX,1999,1.86
MEX,1998,1.27
MEX,1997,0.627
MEX,1996,0.2
MEX,1995,0.103
MEX,1994,0.0433
MEX,1993,0.0283
MEX,1992,0.0173
MEX,1991,0.00588
MEX,1990,0.0
FSM,2024,39.52360153
FSM,2023,39.39889908
FSM,2022,39.0279007
FSM,2020,39.38330078
FSM,2019,37.97370148
FSM,2018,36.61460114
FSM,2017,35.30410004
FSM,2016,33.35219955
FSM,2015,31.50110054
FSM,2014,29.64999962
FSM,2013,27.79999924
FSM,2012,25.97439957
FSM,2011,22.79999924
FSM,2010,20.0
FSM,2009,15.35
FSM,2008,14.49
FSM,2007,13.62110043
FSM,2006,12.75030041
FSM,2005,11.88140011
FSM,2004,11.0178673081514
FSM,2003,9.23250210039423
FSM,2002,5.57009970478472
FSM,2001,4.66052719883673
FSM,2000,3.73486213690137
FSM,1999,2.8
FSM,1998,1.86
FSM,1997,0.571
FSM,1996,0.278
FSM,1990,0.0
MDA,2024,77.3687973
MDA,2023,76.50330353
MDA,2022,74.91899872
MDA,2021,74.91899872
MDA,2020,74.11830139
MDA,2019,73.32610321
MDA,2018,72.54239655
MDA,2017,71.76709747
MDA,2016,70.9999991066624
MDA,2015,69.0000044661932
MDA,2014,66.9999982002077
MDA,2013,37.43999863
MDA,2012,34.65000153
MDA,2011,32.06999969
MDA,2010,29.68000031
MDA,2009,27.5
MDA,2008,23.39
MDA,2007,20.45
MDA,2006,19.6206477051634
MDA,2005,14.6302704551796
MDA,2004,10.629390841654
MDA,2003,7.40754458415897
MDA,2002,3.78724279887342
MDA,2001,1.48781295215565
MDA,2000,1.28284641670022
MDA,1999,0.601
MDA,1998,0.261
MDA,1997,0.0281
MDA,1996,0.00464
MDA,1995,0.00346
MDA,1994,0.000825
MDA,1990,0.0
MCO,2024,99.04489899
MCO,2023,98.87049866
MCO,2022,98.75189972
MCO,2021,99.07759857
MCO,2020,98.57080078
MCO,2019,98.0
MCO,2017,97.0530014
MCO,2016,95.20819855
MCO,2015,93.36329651
MCO,2014,92.40000153
MCO,2013,90.69999695
MCO,2012,87.0
MCO,2011,80.30000305
MCO,2010,75.0
MCO,2009,70.1
MCO,2008,67.25
MCO,2007,64.37770081
MCO,2006,61.47600174
MCO,2005,55.46480179
MCO,2004,52.4901966838546
MCO,2003,49.4911689195459
MCO,2002,48.0471171729696
MCO,2001,46.6461423640265
MCO,2000,42.1848634460346
MCO,1990,0.0
MNG,2024,85.12349701
MNG,2023,83.74320221
MNG,2022,81.07720184
MNG,2021,81.60682285
MNG,2020,62.50002848
MNG,2019,51.079994082603
MNG,2018,47.1300018848989
MNG,2017,23.71430016
MNG,2016,22.2657705007562
MNG,2015,22.5000041337688
MNG,2014,19.9424474349209
MNG,2013,17.699984237
MNG,2012,16.4
MNG,2011,12.4999911084745
MNG,2010,10.2
MNG,2009,10.0
MNG,2008,9.800000191
MNG,2007,9.0
MNG,2006,9.0
MNG,2005,9.0
MNG,2002,2.0395726034818
MNG,2001,1.65323823906982
MNG,2000,1.25565200358112
MNG,1999,0.508
MNG,1998,0.146
MNG,1997,0.113
MNG,1996,0.0182
MNG,1995,0.00881
MNG,1990,0.0
MNE,2024,88.88258428
MNE,2023,88.5515976
MNE,2022,88.22192026
MNE,2021,82.21969752
MNE,2020,77.60879306
MNE,2019,73.4766657478691
MNE,2018,71.5171004874886
MNE,2017,71.2723325399382
MNE,2016,69.8816468416779
MNE,2015,68.1197860085679
MNE,2014,63.8868840056697
MNE,2013,60.31
MNE,2012,56.8387825490631
MNE,2011,35.6115412460109
MNE,2010,37.5
MNE,2009,35.09999847
MNE,2008,32.90000153
MNE,2007,30.79999924
MNE,2006,28.89999962
MNE,2005,27.10000038
MNE,2004,25.3500686036232
MAR,2024,91.2
MAR,2023,91.0
MAR,2022,89.9
MAR,2021,88.13031937
MAR,2020,84.12036305
MAR,2019,84.1203630467602
MAR,2018,64.8038651924043
MAR,2017,61.7622120123071
MAR,2016,58.271236420398
MAR,2015,57.0799993486116
MAR,2014,56.7746379160074
MAR,2013,56.0
MAR,2012,55.4160531914894
MAR,2011,46.107482597
MAR,2010,52.0
MAR,2009,41.3
MAR,2008,33.1
MAR,2007,21.5
MAR,2006,19.7711915653115
MAR,2005,15.0844445240204
MAR,2004,11.6079347729582
MAR,2003,3.35336668122363
MAR,2002,2.37325319241544
MAR,2001,1.37143810096418
MAR,2000,0.693791244805455
MAR,1999,0.176
MAR,1998,0.142
MAR,1997,0.0216
MAR,1996,0.00568
MAR,1995,0.00371
MAR,1990,0.0
MOZ,2024,20.52729988
MOZ,2023,19.94560051
MOZ,2022,18.96220016
MOZ,2021,16.35759926
MOZ,2020,14.28740025
MOZ,2019,12.47929955
MOZ,2018,10.89999962
MOZ,2017,7.7963266079129
MOZ,2016,7.0
MOZ,2015,6.5
MOZ,2014,6.0
MOZ,2013,5.5
MOZ,2012,5.0
MOZ,2011,4.599999905
MOZ,2010,4.17
MOZ,2009,2.68
MOZ,2008,1.56
MOZ,2007,0.91
MOZ,2006,0.842954488044236
MOZ,2005,0.854399979
MOZ,2004,0.679447835392438
MOZ,2003,0.419538843913707
MOZ,2002,0.259612611253739
MOZ,2001,0.160031946644069
MOZ,2000,0.109592530041641
MOZ,1999,0.0563
MOZ,1998,0.0202
MOZ,1997,0.0118
MOZ,1996,0.00304
MOZ,1990,0.0
MMR,2020,45.4477005
MMR,2019,36.54050064
MMR,2018,29.37899971
MMR,2017,23.621081950267
MMR,2016,16.0
MMR,2015,10.89999962
MMR,2014,7.400000095
MMR,2013,1.799999952
MMR,2012,1.399999976
MMR,2011,0.98
MMR,2010,0.25
MMR,2009,0.219999999
MMR,2008,0.22
MMR,2007,0.217128445069958
MMR,2006,0.18204833106115
MMR,2005,0.065200001
MMR,2004,0.024337392002823
MMR,2003,0.0240641491408465
MMR,2002,0.00042649350636189
MMR,2001,0.000289277380848561
MMR,1999,0.000152
MMR,1990,0.0
NAM,2024,64.87460327
NAM,2023,63.69549942
NAM,2022,62.99720001
NAM,2021,60.25999832
NAM,2020,57.8608017
NAM,2019,49.77590179
NAM,2018,42.8207016
NAM,2017,36.83739853
NAM,2016,31.0333004
NAM,2015,25.68790054
NAM,2014,14.84000015
NAM,2013,13.89999962
NAM,2012,12.94139957
NAM,2011,12.0
NAM,2010,11.6
NAM,2009,6.5
NAM,2008,5.32900377208954
NAM,2007,4.83561077833704
NAM,2006,4.39887064732726
NAM,2005,4.010000229
NAM,2004,3.8047156152631
NAM,2003,3.35983988553801
NAM,2002,2.63369976876116
NAM,2001,2.41697944170998
NAM,2000,1.64473954726899
NAM,1999,0.336
NAM,1998,0.287
NAM,1997,0.0588
NAM,1996,0.00903
NAM,1995,0.00617
NAM,1990,0.0
NRU,2024,83.01170349
NRU,2023,83.03970337
NRU,2022,83.22660065
NRU,2021,80.29499817
NRU,2020,77.46659851
NRU,2019,74.73789978
NRU,2017,62.38510132
NRU,2011,54.0
NRU,2001,2.98715523250025
NRU,1990,0.0
NPL,2024,46.32189941
NPL,2023,45.80680084
NPL,2022,45.45080185
NPL,2021,40.98910141
NPL,2020,36.96530151
NPL,2019,33.33660126
NPL,2018,28.60000038
NPL,2017,24.3
NPL,2016,20.70000076
NPL,2015,17.58160019
NPL,2014,15.43999958
NPL,2013,13.30000019
NPL,2012,11.14929962
NPL,2011,9.0
NPL,2010,7.93
NPL,2009,1.97
NPL,2008,1.73
NPL,2007,1.41
NPL,2006,1.14138916388191
NPL,2005,0.82655126590551
NPL,2004,0.449843651215974
NPL,2003,0.382810917017044
NPL,2002,0.312956060108532
NPL,2001,0.240015303375743
NPL,2000,0.204651683653029
NPL,1999,0.147
NPL,1998,0.0644
NPL,1997,0.022
NPL,1996,0.00451
NPL,1995,0.000925
NPL,1994,0.0
NPL,1993,0.0
NPL,1992,0.0
NPL,1991,0.0
NPL,1990,0.0
NLD,2024,97.00679779
NLD,2023,97.00680272
NLD,2022,92.51968504
NLD,2021,92.05298013
NLD,2020,91.33333333
NLD,2019,93.2885906040269
NLD,2018,91.8918918918919
NLD,2017,93.1972789115646
NLD,2016,90.4109589041096
NLD,2015,91.7241379310345
NLD,2014,91.6666666666667
NLD,2013,93.9564
NLD,2012,92.859992359525
NLD,2011,91.4199957622284
NLD,2010,90.72
NLD,2009,89.63
NLD,2008,87.42
NLD,2007,85.82
NLD,2006,83.7
NLD,2005,81.0
NLD,2004,68.52
NLD,2003,64.35
NLD,2002,61.29
NLD,2001,49.3730621073123
NLD,2000,43.984351373138
NLD,1999,39.2
NLD,1998,22.2
NLD,1997,14.1
NLD,1996,9.65
NLD,1995,6.47
NLD,1994,3.26
NLD,1993,1.97
NLD,1992,1.32
NLD,1991,0.531
NLD,1990,0.334
NCL,2017,82.0058408035186
NCL,2015,74.00175279141
NCL,2014,70.0
NCL,2013,66.0
NCL,2012,58.0
NCL,2011,50.0
NCL,2010,42.0
NCL,2009,33.99
NCL,2008,34.51
NCL,2007,35.05
NCL,2006,33.5157146807209
NCL,2005,32.3590147531561
NCL,2004,30.2980462088488
NCL,2003,26.4083344703588
NCL,2002,22.389797417113
NCL,2001,18.2371097828416
NCL,2000,13.9395488232698
NCL,1999,5.69
NCL,1998,1.94
NCL,1997,0.989
NCL,1996,0.253
NCL,1995,0.00518
NCL,1990,0.0
NZL,2024,93.51930237
NZL,2023,93.32610321
NZL,2022,93.07289886
NZL,2021,91.99060059
NZL,2020,90.92099762
NZL,2019,89.86370087
NZL,2018,89.0
NZL,2017,87.69999695
NZL,2016,86.5
NZL,2015,85.19999695
NZL,2014,84.0
NZL,2013,82.77999878
NZL,2012,81.644470179502
NZL,2011,81.23000336
NZL,2010,80.45999908
NZL,2009,79.7
NZL,2008,72.02999878
NZL,2007,69.76000214
NZL,2006,69.0
NZL,2005,62.72019958
NZL,2004,61.8476278106481
NZL,2003,60.9625398663824
NZL,2002,59.0807532812931
NZL,2001,53.2410152941279
NZL,2000,47.3795565432096
NZL,1999,41.5
NZL,1998,31.6
NZL,1997,14.6
NZL,1996,8.04
NZL,1995,4.88
NZL,1994,3.17
NZL,1993,0.631
NZL,1992,0.286
NZL,1990,0.0
NIC,2024,61.39550018
NIC,2023,60.30120087
NIC,2022,59.38000107
NIC,2021,51.62039948
NIC,2020,44.87490082
NIC,2019,39.01079941
NIC,2018,33.9129982
NIC,2017,30.39999962
NIC,2016,24.57180023
NIC,2015,19.70429993
NIC,2014,17.60000038
NIC,2013,15.5
NIC,2012,13.5
NIC,2011,10.6
NIC,2010,10.0
NIC,2009,7.300000191
NIC,2008,5.300000191
NIC,2007,3.900000095
NIC,2006,2.8055730627337
NIC,2005,2.566400051
NIC,2004,2.32066460863941
NIC,2003,1.88041253242301
NIC,2002,1.71472958428668
NIC,2001,1.44879942820716
NIC,2000,0.980216486692385
NIC,1999,0.498
NIC,1998,0.304
NIC,1997,0.206
NIC,1996,0.0841
NIC,1995,0.03
NIC,1994,0.0132
NIC,1990,0.0
NER,2024,15.55760002
NER,2023,12.98079967
NER,2022,13.08749962
NER,2021,12.45689964
NER,2020,11.85680008
NER,2019,11.28549957
NER,2018,10.74180031
NER,2017,10.2243115586561
NER,2016,4.322800159
NER,2015,2.476200104
NER,2014,1.24867568902241
NER,2013,1.149999976
NER,2012,1.049999952
NER,2011,0.9
NER,2010,0.829999983
NER,2009,0.76
NER,2008,0.7
NER,2007,0.390399992
NER,2006,0.294
NER,2005,0.221300006
NER,2004,0.189933733703092
NER,2003,0.155698703668983
NER,2002,0.127152468779619
NER,2001,0.10518543139701
NER,2000,0.0362612938065891
NER,1999,0.0281
NER,1998,0.00291
NER,1997,0.00201
NER,1996,0.00104
NER,1990,0.0
NGA,2024,41.21139908
NGA,2023,40.06399918
NGA,2022,39.14720154
NGA,2021,35.50979996
NGA,2020,31.88879967
NGA,2019,29.74410057
NGA,2018,27.74370003
NGA,2017,25.87789917
NGA,2016,24.13750076
NGA,2015,22.51420021
NGA,2014,21.0
NGA,2013,19.10000038
NGA,2012,16.10000038
NGA,2011,13.80000019
NGA,2010,11.5
NGA,2009,9.300000191
NGA,2008,8.0
NGA,2007,6.769999981
NGA,2006,5.54503608300536
NGA,2005,3.54915571796492
NGA,2004,1.28613764134527
NGA,2003,0.558576244860521
NGA,2002,0.320461975542327
NGA,2001,0.089901370457273
NGA,2000,0.0640808079494101
NGA,1999,0.041
NGA,1998,0.0252
NGA,1997,0.0172
NGA,1996,0.00883
NGA,1990,0.0
MKD,2025,93.1
MKD,2024,93.6
MKD,2023,88.5
MKD,2022,83.85030365
MKD,2021,81.873703
MKD,2020,81.40553811
MKD,2019,81.4128827618364
MKD,2018,79.1677551850871
MKD,2017,74.5168241807954
MKD,2016,72.1568144676058
MKD,2015,70.3802030766689
MKD,2014,68.0584815397496
MKD,2013,65.24
MKD,2012,57.449947312961
MKD,2011,56.7
MKD,2010,51.9
MKD,2009,51.77
MKD,2008,46.04
MKD,2007,36.29999924
MKD,2006,28.62
MKD,2005,26.45000076
MKD,2004,24.44
MKD,2003,19.07
MKD,2002,17.33
MKD,2001,3.46818460849398
MKD,2000,2.48556631640066
MKD,1999,1.5
MKD,1998,1.0
MKD,1997,0.504
MKD,1996,0.076
MKD,1995,0.0407
MKD,1990,0.0
MNP,1990,0.0
NOR,2024,99.0
NOR,2023,99.00000258
NOR,2022,98.99997764
NOR,2021,99.0000036
NOR,2020,94.60755647
NOR,2019,98.0000043853142
NOR,2018,96.4916579887094
NOR,2017,96.3576012951191
NOR,2016,97.2982036675068
NOR,2015,96.810325691365
NOR,2014,96.3005098242892
NOR,2013,95.0534
NOR,2012,94.6499780533304
NOR,2011,93.4899826515194
NOR,2010,93.39
NOR,2009,92.08
NOR,2008,90.57
NOR,2007,86.93
NOR,2006,82.55
NOR,2005,81.99
NOR,2004,77.69
NOR,2003,78.13
NOR,2002,72.84
NOR,2001,64.0
NOR,2000,52.0
NOR,1999,40.0
NOR,1998,22.6
NOR,1997,20.4
NOR,1996,18.3
NOR,1995,6.42
NOR,1994,4.15
NOR,1993,2.78
NOR,1992,2.22
NOR,1991,1.41
NOR,1990,0.707
OMN,2024,95.25174678
OMN,2023,95.25170135
OMN,2022,95.24530029
OMN,2021,95.23880005
OMN,2020,95.23229321
OMN,2019,90.25939941
OMN,2018,85.5
OMN,2017,80.18560028
OMN,2016,76.8453904741456
OMN,2015,73.52999878
OMN,2014,70.22000122
OMN,2013,66.45
OMN,2012,60.0
OMN,2011,48.0
OMN,2010,35.8278
OMN,2009,26.79999924
OMN,2008,20.0
OMN,2007,16.68
OMN,2006,8.299699783
OMN,2005,6.683599949
OMN,2004,6.75885217024525
OMN,2003,7.25574294536556
OMN,2002,6.87339603918545
OMN,2001,5.89384152148671
OMN,2000,3.52042141651097
OMN,1999,2.52
OMN,1998,0.863
OMN,1997,0.44
OMN,1996,0.0
OMN,1990,0.0
PAK,2024,57.253
PAK,2020,18.935
PAK,2019,17.070901719916
PAK,2018,15.34000015
PAK,2017,13.77999973
PAK,2016,12.385446763381
PAK,2015,11.0
PAK,2014,10.0
PAK,2013,9.0
PAK,2012,8.100000381
PAK,2011,8.0
PAK,2010,8.0
PAK,2009,7.5
PAK,2008,7.0
PAK,2007,6.800000191
PAK,2006,6.5
PAK,2005,6.332300186
PAK,2004,6.16432098534156
PAK,2003,5.04115812592502
PAK,2002,2.57742673683831
PAK,2001,1.31855077925626
PAK,1999,0.0554
PAK,1998,0.0439
PAK,1997,0.0275
PAK,1996,0.00299
PAK,1995,0.000123
PAK,1990,0.0
PLW,2024,83.92549896
PLW,2023,82.91629791
PLW,2022,82.56749725
PLW,2004,26.9703326341025
PLW,2003,21.6015271777354
PLW,2002,20.243939470621
PLW,1990,0.0
PAN,2024,72.77149963
PAN,2023,68.54851592
PAN,2022,67.2838974
PAN,2021,66.04270172
PAN,2020,64.82430267
PAN,2019,63.6284147731451
PAN,2018,61.8055313202468
PAN,2017,59.9506309038683
PAN,2016,54.0
PAN,2015,51.2054249948687
PAN,2014,44.9238152577893
PAN,2013,44.03
PAN,2012,40.3018952210488
PAN,2011,42.7
PAN,2010,40.1
PAN,2009,39.08
PAN,2008,33.82
PAN,2007,22.29
PAN,2006,17.34959984
PAN,2005,11.48400021
PAN,2004,11.1408625409415
PAN,2003,9.98742407723405
PAN,2002,8.51807781515595
PAN,2001,7.26839987788729
PAN,2000,6.55479647729549
PAN,1999,3.84
PAN,1998,2.75
PAN,1997,0.539
PAN,1996,0.22
PAN,1995,0.0561
PAN,1994,0.00764
PAN,1990,0.0
PNG,2024,18.81159973
PNG,2023,18.56130028
PNG,2022,18.25659943
PNG,2021,16.55960083
PNG,2020,15.02040005
PNG,2019,13.62419987
PNG,2018,12.35789967
PNG,2017,11.20919991
PNG,2016,9.601499557
PNG,2015,7.900000095
PNG,2014,6.5
PNG,2013,5.099999905
PNG,2012,3.5
PNG,2011,2.0
PNG,2010,1.28
PNG,2009,1.61
PNG,2008,1.15
PNG,2007,1.790599942
PNG,2006,1.754487260668
PNG,2005,1.71619047556782
PNG,2004,1.5079127722725
PNG,2003,1.37440466802801
PNG,2002,1.3216569348661
PNG,2001,0.904103545170821
PNG,2000,0.835249302427624
PNG,1999,0.667
PNG,1998,0.235
PNG,1997,0.101
PNG,1996,0.00207
PNG,1990,0.0
PRY,2024,81.57806793
PRY,2023,78.09481878
PRY,2022,76.25916611
PRY,2021,77.01838621
PRY,2020,73.95751114
PRY,2019,68.5176284222264
PRY,2018,64.9935430235756
PRY,2017,61.0757562215797
PRY,2016,53.4041274791009
PRY,2015,49.716304663966
PRY,2014,43.0073750122614
PRY,2013,36.9
PRY,2012,29.34
PRY,2011,24.7635158793993
PRY,2010,19.8
PRY,2009,18.9
PRY,2008,14.27
PRY,2007,11.21
PRY,2006,7.962100029
PRY,2005,7.90700786141285
PRY,2004,3.45243843137079
PRY,2003,2.11194208210034
PRY,2002,1.79496959770244
PRY,2001,1.09879383569333
PRY,2000,0.747630711548184
PRY,1999,0.382
PRY,1998,0.195
PRY,1997,0.0996
PRY,1996,0.0204
PRY,1990,0.0
PER,2024,81.95705992
PER,2023,79.48484477
PER,2022,74.67495213
PER,2021,71.10782643
PER,2020,65.25179796
PER,2019,59.9505036049006
PER,2018,55.0543342443197
PER,2017,50.4504121848143
PER,2016,45.4617406869459
PER,2015,40.8526009090468
PER,2014,40.2446560091704
PER,2013,39.2
PER,2012,38.2
PER,2011,36.01
PER,2010,34.77
PER,2009,31.4
PER,2008,30.57
PER,2007,25.20000076
PER,2006,20.70000076
PER,2005,17.10000038
PER,2004,14.1
PER,2003,11.6
PER,2002,8.96694917040028
PER,2001,7.57876295717419
PER,2000,3.07643061137675
PER,1999,1.95
PER,1998,1.19
PER,1997,0.403
PER,1996,0.246
PER,1995,0.0334
PER,1994,0.0085
PER,1990,0.0
PHL,2024,67.26300914
PHL,2023,77.86699677
PHL,2022,75.21114422
PHL,2021,66.90779877
PHL,2020,53.76490021
PHL,2019,43.0266118680279
PHL,2018,44.09999847
PHL,2017,41.59999847
PHL,2016,39.20000076
PHL,2015,36.90000153
PHL,2014,34.70000076
PHL,2013,32.70000076
PHL,2012,30.79999924
PHL,2011,29.0
PHL,2010,25.0
PHL,2009,9.0
PHL,2008,6.22
PHL,2007,5.97
PHL,2006,5.74058632534702
PHL,2005,5.397600174
PHL,2004,5.2436284521711
PHL,2003,4.85767226708512
PHL,2002,4.33227574643007
PHL,2001,2.52400566008269
PHL,2000,1.98225319605827
PHL,1999,1.43
PHL,1998,1.1
PHL,1997,0.137
PHL,1996,0.0559
PHL,1995,0.0286
PHL,1994,0.00584
PHL,1990,0.0
POL,2024,88.58496367
POL,2023,86.414744
POL,2022,86.94113479
POL,2021,85.37490906
POL,2020,83.18488715
POL,2019,80.4359068768673
POL,2018,77.5417345350006
POL,2017,75.9853659493832
POL,2016,73.3007040962669
POL,2015,67.9969871556415
POL,2014,66.5987360557248
POL,2013,62.8492
POL,2012,62.3099972714691
POL,2011,61.94999896898
POL,2010,62.32
POL,2009,58.97
POL,2008,53.13
POL,2007,48.6
POL,2006,44.58
POL,2005,38.81
POL,2004,32.53
POL,2003,24.87
POL,2002,21.15
POL,2001,9.9006697073534
POL,2000,7.2854287080601
POL,1999,5.46
POL,1998,4.1
POL,1997,2.07
POL,1996,1.3
POL,1995,0.648
POL,1994,0.389
POL,1993,0.13
POL,1992,0.0521
POL,1991,0.00523
POL,1990,0.0
PRT,2024,88.48704454
PRT,2023,85.79012676
PRT,2022,84.49690644
PRT,2021,82.30902804
PRT,2020,78.26166044
PRT,2019,75.3463779408712
PRT,2018,74.6609681487507
PRT,2017,73.7912139515729
PRT,2016,70.423567088723
PRT,2015,68.6328614804299
PRT,2014,64.5924200648949
PRT,2013,62.0956
PRT,2012,60.3399974868057
PRT,2011,55.2499968797194
PRT,2010,53.3
PRT,2009,48.27
PRT,2008,44.13
PRT,2007,42.09
PRT,2006,38.01
PRT,2005,34.99
PRT,2004,31.78
PRT,2003,29.67
PRT,2002,19.37
PRT,2001,18.0871365595338
PRT,2000,16.4304676923534
PRT,1999,14.7
PRT,1998,9.87
PRT,1997,4.95
PRT,1996,2.98
PRT,1995,1.49
PRT,1994,0.719
PRT,1993,0.45
PRT,1992,0.25
PRT,1991,0.1
PRT,1990,0.0
PRI,2022,87.29178106
PRI,2021,84.78666399
PRI,2019,77.7364393708352
PRI,2018,70.8563997424362
PRI,2017,68.7407731407209
PRI,2016,68.6438071976518
PRI,2015,63.4663353848474
PRI,2014,76.1338597201667
PRI,2013,68.999990004
PRI,2012,68.9999826014151
PRI,2011,48.0
PRI,2010,45.3
PRI,2009,41.5
PRI,2008,38.0
PRI,2007,27.86
PRI,2006,25.4424182102582
PRI,2005,23.4000504486583
PRI,2004,22.1307382347014
PRI,2003,19.7070256578252
PRI,2002,17.5476475654777
PRI,2001,15.6300309162012
PRI,2000,10.4746482089399
PRI,1999,5.27
PRI,1998,2.65
PRI,1997,1.33
PRI,1996,0.268
PRI,1995,0.135
PRI,1994,0.0273
PRI,1990,0.0
QAT,2024,98.08540344
QAT,2023,98.15229797
QAT,2022,98.03800201
QAT,2021,99.65280151
QAT,2020,99.65284913
QAT,2019,99.6528042086389
QAT,2018,99.6528491261175
QAT,2017,97.3888491654164
QAT,2016,95.1246621661148
QAT,2015,92.8848264535481
QAT,2014,91.48999786
QAT,2013,85.3
QAT,2012,69.3
QAT,2011,69.0
QAT,2010,69.0
QAT,2009,53.09999847
QAT,2008,44.29999924
QAT,2007,37.0
QAT,2006,28.97410011
QAT,2005,24.73349953
QAT,2004,20.701647851169
QAT,2003,19.242336421002
QAT,2002,10.2261289281118
QAT,2001,6.17026856093911
QAT,2000,4.86367917875156
QAT,1999,4.07
QAT,1998,3.52
QAT,1997,3.08
QAT,1996,0.93
QAT,1995,0.19
QAT,1990,0.0
ROU,2024,91.29048551
ROU,2023,89.20335498
ROU,2022,85.50309124
ROU,2021,83.5904265
ROU,2020,78.45526895
ROU,2019,73.6574757545465
ROU,2018,70.6812779273268
ROU,2017,63.7472821822484
ROU,2016,59.5039512852713
ROU,2015,55.7631556336233
ROU,2014,54.0783206550943
ROU,2013,49.7645
ROU,2012,45.8799942529424
ROU,2011,40.0099967810008
ROU,2010,39.93
ROU,2009,36.6
ROU,2008,32.42
ROU,2007,28.3
ROU,2006,24.66
ROU,2005,21.5
ROU,2004,15.0
ROU,2003,8.9
ROU,2002,6.58
ROU,2001,4.53866902895312
ROU,2000,3.61371729139783
ROU,1999,2.7
ROU,1998,2.24
ROU,1997,0.445
ROU,1996,0.222
ROU,1995,0.075
ROU,1994,0.0263
ROU,1993,0.0037
ROU,1990,0.0
RUS,2024,94.36495368
RUS,2023,92.24496346
RUS,2022,90.41799163
RUS,2021,88.21384578
RUS,2020,84.99466978
RUS,2019,82.6421618670668
RUS,2018,80.8647218726954
RUS,2017,76.0081385339105
RUS,2016,73.091434617897
RUS,2015,70.0992412263947
RUS,2014,70.5175682574413
RUS,2013,67.97
RUS,2012,66.0
RUS,2011,58.0
RUS,2010,49.0
RUS,2009,42.55
RUS,2008,32.0
RUS,2007,24.66
RUS,2006,18.02330017
RUS,2005,15.22669983
RUS,2004,12.8593889008473
RUS,2003,8.29886061553908
RUS,2002,4.12827181796644
RUS,2001,2.94436778664985
RUS,2000,1.97723010897647
RUS,1999,1.02
RUS,1998,0.813
RUS,1997,0.473
RUS,1996,0.27
RUS,1995,0.148
RUS,1994,0.0538
RUS,1993,0.0134
RUS,1992,0.000673
RUS,1990,0.0
RWA,2024,31.70330048
RWA,2023,28.80579948
RWA,2022,28.01679993
RWA,2021,24.4416008
RWA,2020,23.8
RWA,2019,21.3579998
RWA,2018,19.16659927
RWA,2017,17.2
RWA,2016,14.63710022
RWA,2015,12.45600033
RWA,2014,10.60000038
RWA,2013,9.0
RWA,2012,8.023900032
RWA,2011,7.0
RWA,2010,8.0
RWA,2009,7.7
RWA,2008,4.5
RWA,2007,2.115400076
RWA,2005,0.555999994
RWA,2004,0.43085424337006
RWA,2003,0.356918467272361
RWA,2002,0.292784718792575
RWA,2001,0.240672409832383
RWA,2000,0.0628314595107164
RWA,1999,0.0672
RWA,1998,0.0118
RWA,1997,0.00163
RWA,1996,0.000883
RWA,1990,0.0
WSM,2014,21.20000076
WSM,2013,15.30000019
WSM,2012,12.92249966
WSM,2011,11.0
WSM,2010,7.0
WSM,2009,6.0
WSM,2008,5.031599998
WSM,2007,4.75
WSM,2006,4.46917387320954
WSM,2005,3.35259211246829
WSM,2004,3.07552941044897
WSM,2003,2.79963044878076
WSM,2002,2.24483267578443
WSM,2001,1.68990283058724
WSM,2000,0.566392532680849
WSM,1999,0.285
WSM,1998,0.23
WSM,1997,0.175
WSM,1990,0.0
SMR,2024,97.35220337
SMR,2023,97.33640289
SMR,2022,97.32790375
SMR,2021,81.66999817
SMR,2020,77.94999695
SMR,2019,67.85070038
SMR,2017,60.18230057
SMR,2016,55.0
SMR,2011,49.6
SMR,2009,54.21
SMR,2008,54.52
SMR,2007,50.3648221088655
SMR,2006,50.2086593635889
SMR,2004,50.5663430420712
SMR,2003,50.003453038674
SMR,2002,50.8348399446985
SMR,2001,50.3416690898517
SMR,2000,48.7994953055999
SMR,1999,42.8
SMR,1998,1.41
SMR,1997,1.42
SMR,1996,1.43
SMR,1995,1.36
SMR,1990,0.0
STP,2024,59.11759949
STP,2023,58.70130157
STP,2022,58.56779861
STP,2021,54.94950104
STP,2020,51.55469894
STP,2019,44.25790024
STP,2018,37.99380112
STP,2017,32.61640167
STP,2016,28.0
STP,2015,25.81999969
STP,2014,24.40999985
STP,2013,23.0
STP,2012,21.57239914
STP,2011,20.16119957
STP,2010,18.75
STP,2009,16.40999985
STP,2008,15.47999954
STP,2007,14.5904831987414
STP,2006,14.18200016
STP,2005,13.75949955
STP,2004,13.3228526892178
STP,2003,10.1618443069961
STP,2002,7.580665168911
STP,2001,6.31091788794615
STP,2000,4.6385168164075
STP,1999,0.363
STP,1998,0.296
STP,1990,0.0
SAU,2024,100.0
SAU,2023,100.0
SAU,2022,100.0
SAU,2021,100.0
SAU,2020,97.8623325
SAU,2019,95.7247355953812
SAU,2018,93.3100018480347
SAU,2017,94.1755996113911
SAU,2016,74.8792746891625
SAU,2015,69.6162358014004
SAU,2014,64.713657369019
SAU,2013,60.5
SAU,2012,54.0
SAU,2011,47.5
SAU,2010,41.0
SAU,2009,38.0
SAU,2008,36.0
SAU,2007,30.0
SAU,2006,19.4595543513634
SAU,2005,12.7050359882849
SAU,2004,10.2345329969583
SAU,2003,8.00158289090878
SAU,2002,6.38470501955932
SAU,2001,4.6810531658103
SAU,2000,2.21069180908888
SAU,1999,0.494
SAU,1998,0.101
SAU,1997,0.0521
SAU,1996,0.0267
SAU,1995,0.011
SAU,1990,0.0
SEN,2024,60.11780167
SEN,2023,59.18740082
SEN,2022,56.82830048
SEN,2021,55.04040146
SEN,2020,53.30879974
SEN,2019,43.37969971
SEN,2018,35.29999924
SEN,2017,29.64310074
SEN,2016,25.66480064
SEN,2015,21.70000076
SEN,2014,17.70000076
SEN,2013,13.10000038
SEN,2012,10.80000019
SEN,2011,9.800000191
SEN,2010,8.0
SEN,2009,7.5
SEN,2008,7.119999886
SEN,2007,6.889999866
SEN,2006,5.61173865217952
SEN,2005,4.78668408310535
SEN,2004,4.38602398008563
SEN,2003,2.10143642986685
SEN,2002,1.00645453672323
SEN,2001,0.983794058848003
SEN,2000,0.403967485868965
SEN,1999,0.311
SEN,1998,0.0799
SEN,1997,0.0273
SEN,1996,0.0112
SEN,1995,0.000693
SEN,1990,0.0
SRB,2024,87.69071294
SRB,2023,85.35746686
SRB,2022,83.53825397
SRB,2021,81.16588116
SRB,2020,78.36804864
SRB,2019,77.4167736219802
SRB,2018,73.360709154564
SRB,2017,70.3308355269141
SRB,2016,67.0568413716938
SRB,2015,65.3170254003801
SRB,2014,62.0750804639377
SRB,2013,53.450364175
SRB,2012,48.09999847
SRB,2011,42.2
SRB,2010,40.9
SRB,2009,38.1
SRB,2008,35.6
SRB,2007,33.15
SRB,2006,27.2
SRB,2005,26.29999924
SRB,2004,23.5
SYC,2024,87.81800079
SYC,2023,86.001297
SYC,2022,84.83380127
SYC,2021,81.99530029
SYC,2020,79.25170135
SYC,2019,76.63420105
SYC,2018,69.23660278
SYC,2017,62.55310059
SYC,2016,56.51470184
SYC,2015,54.25960159
SYC,2014,51.25469971
SYC,2013,50.40000153
SYC,2012,47.07600021
SYC,2011,43.16400146
SYC,2010,41.0
SYC,2008,40.44
SYC,2007,38.38
SYC,2006,34.95197117065
SYC,2005,25.4132681462836
SYC,2004,24.2721392249906
SYC,2003,14.5925043169492
SYC,2002,14.3041708309972
SYC,2001,11.0151029300174
SYC,2000,7.39562918315276
SYC,1999,6.23
SYC,1998,2.53
SYC,1997,1.28
SYC,1996,0.651
SYC,1990,0.0
SLE,2024,25.10499954
SLE,2023,23.71360016
SLE,2022,21.50880051
SLE,2021,18.65390015
SLE,2020,17.12080002
SLE,2019,15.71370029
SLE,2018,14.42230034
SLE,2017,9.297100067
SLE,2016,7.680099964
SLE,2015,6.344399929
SLE,2014,6.057300091
SLE,2013,4.0
SLE,2012,2.5
SLE,2011,0.899999976
SLE,2010,0.579999983
SLE,2009,0.25999999
SLE,2008,0.25
SLE,2007,0.239800006
SLE,2006,0.227699995
SLE,2005,0.215399995
SLE,2004,0.203007680592588
SLE,2003,0.190173281668183
SLE,2002,0.176198956814076
SLE,2001,0.160264445493032
SLE,2000,0.118254245682183
SLE,1999,0.0485
SLE,1998,0.0148
SLE,1997,0.00499
SLE,1996,0.00251
SLE,1995,0.0
SLE,1994,0.0
SLE,1993,0.0
SLE,1990,0.0
SGP,2024,94.37757178
SGP,2023,94.28518987
SGP,2022,95.95386476
SGP,2021,96.92468156
SGP,2020,92.00434653
SGP,2019,88.9492526850762
SGP,2018,88.1656360313447
SGP,2017,84.4522678893074
SGP,2016,84.4522678893074
SGP,2015,79.0129570025584
SGP,2014,79.0292358633435
SGP,2013,80.90209961
SGP,2012,72.0
SGP,2011,71.0
SGP,2010,71.0
SGP,2009,69.0
SGP,2008,69.0
SGP,2007,69.9
SGP,2006,59.0
SGP,2005,61.0
SGP,2004,62.0
SGP,2003,53.8379432881911
SGP,2002,47.0
SGP,2001,41.6704251756041
SGP,2000,36.0
SGP,1999,24.2
SGP,1998,19.6
SGP,1997,13.5
SGP,1996,8.35
SGP,1995,2.87
SGP,1994,1.19
SGP,1993,0.763
SGP,1992,0.471
SGP,1991,0.162
SGP,1990,0.0
SVK,2024,89.82507032
SVK,2023,87.2131343
SVK,2022,89.06766196
SVK,2021,88.92560523
SVK,2020,89.92090413
SVK,2019,82.8536605021784
SVK,2018,80.4489224826099
SVK,2017,81.6256675172655
SVK,2016,80.475857275668
SVK,2015,77.6346820339875
SVK,2014,79.9843017656729
SVK,2013,77.8826
SVK,2012,76.7099901181121
SVK,2011,74.4399971746757
SVK,2010,75.71
SVK,2009,70.0
SVK,2008,66.05
SVK,2007,61.8
SVK,2006,56.08
SVK,2005,55.19
SVK,2004,52.89
SVK,2003,43.04
SVK,2002,40.14
SVK,2001,12.5283218484637
SVK,2000,9.42680320061637
SVK,1999,5.44
SVK,1998,2.69
SVK,1997,1.17
SVK,1996,0.783
SVK,1995,0.523
SVK,1994,0.319
SVK,1993,0.128
SVK,1990,0.0
SVN,2024,90.76355487
SVN,2023,90.37794678
SVN,2022,88.91248552
SVN,2021,89.00399524
SVN,2020,86.60130109
SVN,2019,83.1083578026717
SVN,2018,79.7499765956562
SVN,2017,78.8854263554775
SVN,2016,75.4985042610791
SVN,2015,73.0986599745829
SVN,2014,71.5862515855601
SVN,2013,72.6756
SVN,2012,68.3499745287825
SVN,2011,67.3399948092396
SVN,2010,70.0
SVN,2009,64.0
SVN,2008,58.0
SVN,2007,56.74
SVN,2006,54.01
SVN,2005,46.81
SVN,2004,40.81
SVN,2003,31.8547930120441
SVN,2002,27.8388854180687
SVN,2001,30.1759104700854
SVN,2000,15.1102595640388
SVN,1999,12.6
SVN,1998,10.1
SVN,1997,7.59
SVN,1996,5.07
SVN,1995,2.9
SVN,1994,1.07
SVN,1993,0.41
SVN,1990,0.0
SLB,2024,29.04070091
SLB,2023,28.67239952
SLB,2022,28.01729965
SLB,2021,26.03790092
SLB,2020,24.1984005
SLB,2019,22.48880005
SLB,2018,20.8593998
SLB,2017,15.14840031
SLB,2016,11.00090027
SLB,2015,10.00049973
SLB,2014,9.0
SLB,2013,8.0
SLB,2012,6.997399807
SLB,2011,6.0
SLB,2010,5.0
SLB,2009,4.0
SLB,2008,3.0
SLB,2007,2.0
SLB,2006,1.646299958
SLB,2005,0.844299972
SLB,2004,0.64967267325146
SLB,2003,0.555609881855115
SLB,2002,0.501919843401009
SLB,2001,0.468551963584141
SLB,2000,0.481296806114395
SLB,1999,0.495
SLB,1998,0.508
SLB,1997,0.392
SLB,1996,0.269
SLB,1995,0.0249
SLB,1990,0.0
SOM,2024,27.94020081
SOM,2023,26.12010002
SOM,2022,27.6
SOM,2021,23.87479973
SOM,2020,15.02369976
SOM,2019,2.731400013
SOM,2016,1.879999995
SOM,2015,1.75999999
SOM,2014,1.629999995
SOM,2013,1.5
SOM,2012,1.376700044
SOM,2011,1.25
SOM,2009,1.160599947
SOM,2008,1.142699957
SOM,2007,1.122200012
SOM,2006,1.100200057
SOM,2005,1.077299953
SOM,2004,1.05345474358422
SOM,2003,0.376198002539086
SOM,2002,0.115614213354469
SOM,2001,0.0790391786670095
SOM,2000,0.02
SOM,1999,0.0139
SOM,1998,0.00716
SOM,1997,0.00295
SOM,1996,0.00151
SOM,1995,0.0
SOM,1990,0.0
ZAF,2024,78.35759735
ZAF,2023,78.33670044
ZAF,2022,78.29319763
ZAF,2021,74.96859741
ZAF,2020,72.1128006
ZAF,2019,69.69689941
ZAF,2018,62.40000153
ZAF,2017,56.16740036
ZAF,2016,54.0
ZAF,2015,51.91910172
ZAF,2014,49.0
ZAF,2013,46.5
ZAF,2012,41.0
ZAF,2011,33.97
ZAF,2010,24.0
ZAF,2009,10.0
ZAF,2008,8.43
ZAF,2007,8.06537517355504
ZAF,2006,7.60713967477381
ZAF,2005,7.48854252992921
ZAF,2004,8.4251186825406
ZAF,2003,7.00769172611251
ZAF,2002,6.71032243705404
ZAF,2001,6.34661931839768
ZAF,2000,5.34855973203537
ZAF,1999,4.12
ZAF,1998,2.91
ZAF,1997,1.63
ZAF,1996,0.842
ZAF,1995,0.677
ZAF,1994,0.247
ZAF,1993,0.114
ZAF,1992,0.0389
ZAF,1991,0.0133
ZAF,1990,0.0
SSD,2019,6.671000004
SSD,2018,4.800000191
SSD,2017,4.1
SSD,2016,3.5
SSD,2015,3.0
SSD,2014,2.599999905
SSD,2013,2.200000048
SSD,2012,1.5
ESP,2024,95.7574516
ESP,2023,95.44564516
ESP,2022,94.4855432
ESP,2021,93.89752157
ESP,2020,93.20564892
ESP,2019,90.718665325267
ESP,2018,86.107235525659
ESP,2017,84.6022457016524
ESP,2016,80.5613329432179
ESP,2015,78.6896318703515
ESP,2014,76.1867089778712
ESP,2013,71.635
ESP,2012,69.8099999420024
ESP,2011,67.0899993926581
ESP,2010,65.8
ESP,2009,62.4
ESP,2008,59.6
ESP,2007,55.11
ESP,2006,50.37
ESP,2005,47.88
ESP,2004,44.01
ESP,2003,39.93
ESP,2002,20.39
ESP,2001,18.1487226902932
ESP,2000,13.6249608089899
ESP,1999,7.09
ESP,1998,4.36
ESP,1997,2.8
ESP,1996,1.33
ESP,1995,0.381
ESP,1994,0.28
ESP,1993,0.128
ESP,1992,0.0768
ESP,1991,0.0257
ESP,1990,0.0129
LKA,2024,54.59
LKA,2023,51.2
LKA,2022,48.3
LKA,2021,44.45308724
LKA,2020,36.18473435
LKA,2019,32.02090073
LKA,2018,28.33620071
LKA,2017,25.07550049
LKA,2016,22.19
LKA,2015,15.26249981
LKA,2014,10.5000026214106
LKA,2013,10.04440022
LKA,2012,9.00039959
LKA,2011,7.956399918
LKA,2010,6.912399769
LKA,2009,5.868500233
LKA,2008,4.824500084
LKA,2007,3.88
LKA,2006,2.53756612897332
LKA,2005,1.792000055
LKA,2004,1.44615998041486
LKA,2003,1.45858022842408
LKA,2002,1.05042270585318
LKA,2001,0.793821864362622
LKA,2000,0.647410010940963
LKA,1999,0.348
LKA,1998,0.296
LKA,1997,0.162
LKA,1996,0.0545
LKA,1995,0.00548
LKA,1994,0.00277
LKA,1990,0.0
KNA,2024,76.88400269
KNA,2023,76.58950043
KNA,2022,75.76229858
KNA,2021,74.37159729
KNA,2020,70.27529907
KNA,2019,69.43499756
KNA,2018,68.60479736
KNA,2017,67.78440094
KNA,2016,66.97389984
KNA,2015,66.17310333
KNA,2014,65.38179779
KNA,2013,64.59999847
KNA,2012,64.0
KNA,2011,63.20000076
KNA,2010,63.0
KNA,2009,55.70000076
KNA,2008,49.20000076
KNA,2007,43.5
KNA,2006,38.5
KNA,2005,34.0
KNA,2004,24.7376775443732
KNA,2003,22.9697842928439
KNA,2002,21.152381758186
KNA,2001,7.71472655580319
KNA,2000,5.86281024037522
KNA,1999,4.4
KNA,1998,3.34
KNA,1997,2.26
KNA,1996,1.95
KNA,1990,0.0
LCA,2024,68.20500183
LCA,2023,67.44390106
LCA,2022,66.95159912
LCA,2021,63.06330109
LCA,2020,62.06399918
LCA,2019,61.08050156
LCA,2018,60.11259842
LCA,2017,59.16009903
LCA,2016,58.22259903
LCA,2015,57.26330185
LCA,2014,53.17969894
LCA,2013,49.3871994
LCA,2012,45.865
LCA,2011,34.0
LCA,2010,32.5
LCA,2009,31.0
LCA,2008,30.0
LCA,2007,27.89999962
LCA,2006,24.5
LCA,2005,21.5675829464215
LCA,2004,21.395212362765
LCA,2003,20.9824734633424
LCA,2002,14.6418357746777
LCA,2001,8.18186395448366
LCA,2000,5.09048334139327
LCA,1999,1.93
LCA,1998,1.3
LCA,1997,0.992
LCA,1996,0.67
LCA,1995,0.306
LCA,1990,0.0
VCT,2024,76.19010162
VCT,2023,75.53679657
VCT,2022,74.75479889
VCT,2021,68.83339691
VCT,2020,63.38100052
VCT,2019,59.57630157
VCT,2018,56.0
VCT,2017,53.70000076
VCT,2016,51.5
VCT,2015,49.40000153
VCT,2014,47.4
VCT,2013,43.5
VCT,2012,40.0
VCT,2011,36.70000076
VCT,2010,33.70000076
VCT,2009,31.0
VCT,2008,21.0
VCT,2007,16.0
VCT,2006,12.0
VCT,2005,9.19827808234299
VCT,2004,7.37116584201749
VCT,2003,6.46227416659743
VCT,2002,5.54959487957379
VCT,2001,5.09480977832946
VCT,2000,3.24503741064558
VCT,1999,2.78
VCT,1998,1.85
VCT,1997,0.926
VCT,1996,0.483
VCT,1995,0.129
VCT,1990,0.0
SDN,2017,18.60000038
SDN,2016,14.0999999446534
SDN,2015,12.0
SDN,2007,8.66
SDN,2004,0.791561615446385
SDN,2003,0.538471703150458
SDN,2002,0.439477639075583
SDN,2001,0.140185224494161
SDN,2000,0.0257850324762484
SDN,1999,0.00879
SDN,1998,0.00481
SDN,1997,0.00123
SDN,1996,0.0
SDN,1995,0.0
SDN,1994,0.0
SDN,1990,0.0
SUR,2023,87.4
SUR,2019,62.03350067
SUR,2018,55.10210037
SUR,2017,48.94520187
SUR,2016,45.40000153
SUR,2015,42.76380157
SUR,2014,40.08000183
SUR,2013,37.40000153
SUR,2012,34.68119812
SUR,2011,32.0
SUR,2010,31.59
SUR,2009,31.36
SUR,2008,21.05999947
SUR,2007,14.11
SUR,2006,9.49960041
SUR,2005,6.40308628759062
SUR,2004,6.0760478144456
SUR,2003,4.71987539528956
SUR,2002,4.1615687449541
SUR,2001,3.06444838873752
SUR,2000,2.50641105226881
SUR,1999,1.89
SUR,1998,1.67
SUR,1997,1.0
SUR,1996,0.226
SUR,1995,0.115
SUR,1990,0.0
SWE,2025,95.76629783
SWE,2024,95.52930428
SWE,2023,95.70327461
SWE,2022,95.00970335
SWE,2021,94.6703163
SWE,2020,94.53943122
SWE,2019,94.4934434072202
SWE,2018,89.2469631588137
SWE,2017,93.0062669652127
SWE,2016,89.6509476102355
SWE,2015,90.6101966398616
SWE,2014,92.5236065037579
SWE,2013,94.7836
SWE,2012,93.1799880065108
SWE,2011,92.7699860554046
SWE,2010,90.0
SWE,2009,91.0
SWE,2008,90.0
SWE,2007,82.01
SWE,2006,87.76
SWE,2005,84.83
SWE,2004,83.89
SWE,2003,79.13
SWE,2002,70.57
SWE,2001,51.7656649372808
SWE,2000,45.6876522122282
SWE,1999,41.4
SWE,1998,33.5
SWE,1997,23.7
SWE,1996,9.04
SWE,1995,5.1
SWE,1994,3.41
SWE,1993,1.72
SWE,1992,1.5
SWE,1991,1.16
SWE,1990,0.584
CHE,2025,97.32103855
CHE,2024,97.3443985
CHE,2023,97.34436623
CHE,2022,96.45279694
CHE,2021,95.56937154
CHE,2020,94.34999847
CHE,2019,93.1460869535177
CHE,2018,91.80000305
CHE,2017,89.6861476710225
CHE,2016,89.1346877351392
CHE,2015,87.4790555978675
CHE,2014,83.6172512621702
CHE,2013,86.34
CHE,2012,85.2
CHE,2011,85.1930281804854
CHE,2010,83.9
CHE,2009,81.3
CHE,2008,79.2
CHE,2007,77.2
CHE,2006,75.7
CHE,2005,70.1
CHE,2004,67.8
CHE,2003,65.1
CHE,2002,61.4
CHE,2001,55.1
CHE,2000,47.1
CHE,1999,34.0
CHE,1998,24.8
CHE,1997,15.1
CHE,1996,4.55
CHE,1995,3.55
CHE,1994,2.72
CHE,1993,2.17
CHE,1992,1.75
CHE,1991,1.18
CHE,1990,0.596
SYR,2018,33.77000046
SYR,2017,32.70000076
SYR,2016,31.8696003
SYR,2015,29.97979927
SYR,2014,28.09000015
SYR,2013,26.20000076
SYR,2012,24.30010033
SYR,2011,22.5
SYR,2010,20.7
SYR,2009,17.3
SYR,2008,14.0
SYR,2007,11.5
SYR,2006,7.832600117
SYR,2005,5.648099899
SYR,2004,4.32159377785571
SYR,2003,3.39797261356623
SYR,2002,2.09310101861765
SYR,2001,0.353759130007247
SYR,2000,0.181698580104333
SYR,1999,0.124
SYR,1998,0.0637
SYR,1997,0.0326
SYR,1996,0.0
SYR,1995,0.0
SYR,1994,0.0
SYR,1993,0.0
SYR,1992,0.0
SYR,1991,0.0
SYR,1990,0.0
TJK,2024,55.79339981
TJK,2023,54.41550064
TJK,2022,48.91429901
TJK,2021,36.70560074
TJK,2020,27.54409981
TJK,2019,22.68630028
TJK,2018,32.59999847
TJK,2017,21.95999908
TJK,2016,20.46999931
TJK,2015,18.97999954
TJK,2014,17.48999977
TJK,2013,16.0
TJK,2012,14.51000023
TJK,2011,13.02999973
TJK,2010,11.55000019
TJK,2009,10.07
TJK,2008,8.78
TJK,2007,7.19761951797855
TJK,2006,3.77240620666448
TJK,2005,0.298690023682825
TJK,2004,0.0774799071356825
TJK,2003,0.0645837771508553
TJK,2002,0.0554628269910006
TJK,2001,0.0512591325352927
TJK,2000,0.048599594582182
TJK,1999,0.0328
TJK,1990,0.0
TZA,2024,31.16209984
TZA,2023,28.43190002
TZA,2022,26.86059952
TZA,2021,22.87540054
TZA,2020,19.48139954
TZA,2019,16.59090042
TZA,2018,15.49069977
TZA,2017,14.46339989
TZA,2016,13.5042328468919
TZA,2015,10.0
TZA,2014,7.0
TZA,2013,4.400000095
TZA,2012,3.950000048
TZA,2011,3.200000048
TZA,2010,2.900000095
TZA,2009,2.400000095
TZA,2008,1.899999976
TZA,2007,1.6
TZA,2006,1.299999952
TZA,2005,1.100000024
TZA,2004,0.87757497099259
TZA,2003,0.676962856510303
TZA,2002,0.222484413923909
TZA,2001,0.171300350668948
TZA,2000,0.11719444010825
TZA,1999,0.0751
TZA,1998,0.00924
TZA,1997,0.0079
TZA,1996,0.00162
TZA,1990,0.0
THA,2024,90.86718789
THA,2023,89.53525238
THA,2022,87.97724503
THA,2021,85.26956666
THA,2020,77.84374066
THA,2019,66.6524194587528
THA,2018,56.8174809301456
THA,2017,52.8919293439676
THA,2016,47.5049656215909
THA,2015,39.3161267365004
THA,2014,34.8860535783465
THA,2013,28.94
THA,2012,26.46
THA,2011,23.669925618731
THA,2010,22.4
THA,2009,20.1
THA,2008,18.2
THA,2007,20.03
THA,2006,17.1607147169285
THA,2005,15.0260043588909
THA,2004,10.6773033237281
THA,2003,9.29902723805965
THA,2002,7.53125033488567
THA,2001,5.55632612097332
THA,2000,3.68904127944164
THA,1999,2.43
THA,1998,1.09
THA,1997,0.361
THA,1996,0.115
THA,1995,0.0748
THA,1994,0.0386
THA,1993,0.0136
THA,1992,0.000344
THA,1991,5.22e-05
THA,1990,0.0
TLS,2021,35.04199982
TLS,2020,32.01269913
TLS,2019,28.00460052
TLS,2018,27.60000038
TLS,2017,24.20000076
TLS,2016,21.20000076
TLS,2015,18.60000038
TLS,2014,17.5
TLS,2013,11.0
TLS,2012,7.0
TLS,2011,4.0
TLS,2010,3.0
TLS,2009,2.0
TLS,2008,1.5
TLS,2007,1.0
TLS,2006,0.5
TLS,2005,0.0990317678179026
TLS,2002,0.0
TLS,1990,0.0
TGO,2024,39.48320007
TGO,2023,37.57020187
TGO,2022,35.60749817
TGO,2021,30.33839989
TGO,2020,29.02370071
TGO,2019,20.72730064
TGO,2018,15.5
TGO,2017,12.3602249692905
TGO,2016,11.31000042
TGO,2015,7.119999886
TGO,2014,5.699999809
TGO,2013,4.5
TGO,2012,4.0
TGO,2011,3.5
TGO,2010,3.0
TGO,2009,2.599999905
TGO,2008,2.400000095
TGO,2007,2.200000048
TGO,2006,2.0
TGO,2005,1.799999952
TGO,2004,1.5
TGO,2003,1.2
TGO,2002,1.0
TGO,2001,0.9
TGO,2000,0.8
TGO,1999,0.59
TGO,1998,0.306
TGO,1997,0.211
TGO,1996,0.0109
TGO,1995,0.0
TGO,1994,0.0
TGO,1993,0.0
TGO,1992,0.0
TGO,1991,0.0
TGO,1990,0.0
TON,2024,67.4417038
TON,2023,64.13140106
TON,2022,61.60739899
TON,2021,57.549
TON,2020,54.47370148
TON,2019,51.56299973
TON,2018,48.80789948
TON,2017,46.20080185
TON,2016,39.95000076
TON,2015,38.65129852
TON,2014,35.95439911
TON,2013,32.75400162
TON,2012,30.0
TON,2011,25.0
TON,2010,16.0
TON,2009,10.0
TON,2008,8.11076994380395
TON,2007,7.179900169
TON,2006,5.853899956
TON,2005,4.907800198
TON,2004,3.95237389457043
TON,2003,2.98581736750435
TON,2002,2.90729731626382
TON,2001,2.82537183911525
TON,2000,2.4343980443669
TON,1999,1.02
TON,1998,0.765
TON,1997,0.511
TON,1996,0.164
TON,1995,0.123
TON,1990,0.0
TTO,2024,82.15989685
TTO,2023,81.9681015
TTO,2022,81.69760132
TTO,2021,84.36576986
TTO,2020,77.28130341
TTO,2019,74.98670197
TTO,2018,72.76029968
TTO,2017,70.59999847
TTO,2016,67.80000305
TTO,2015,65.09999847
TTO,2014,62.40000153
TTO,2013,59.90000153
TTO,2012,57.5
TTO,2011,55.2
TTO,2010,48.5
TTO,2009,44.3
TTO,2008,34.8
TTO,2007,32.3
TTO,2006,30.00370026
TTO,2005,28.97669983
TTO,2004,27.0242700782714
TTO,2003,25.9717641091609
TTO,2002,21.9986754804449
TTO,2001,15.384627218944
TTO,2000,7.72141147401745
TTO,1999,5.81
TTO,1998,2.72
TTO,1997,1.17
TTO,1996,0.393
TTO,1995,0.158
TTO,1990,0.0
TUN,2024,76.5
TUN,2021,68.31552226
TUN,2020,68.55639648
TUN,2019,66.6999983024144
TUN,2018,64.1908102327387
TUN,2017,55.5001550633671
TUN,2016,49.5999948415756
TUN,2015,46.4999943435776
TUN,2014,46.15999985
TUN,2013,43.79999924
TUN,2012,41.4416008
TUN,2011,39.1
TUN,2010,36.8
TUN,2009,34.07
TUN,2008,27.53
TUN,2007,17.1
TUN,2006,12.98639965
TUN,2005,9.655099869
TUN,2004,8.52881775162591
TUN,2003,6.49084579532797
TUN,2002,5.25288729548421
TUN,2001,4.29796603474685
TUN,2000,2.75074029298135
TUN,1999,1.6
TUN,1998,0.108
TUN,1997,0.0437
TUN,1996,0.0276
TUN,1995,0.0112
TUN,1994,0.00738
TUN,1990,0.0
TUR,2025,89.77024003
TUR,2024,87.3078767
TUR,2023,85.96074155
TUR,2022,83.43716576
TUR,2021,81.40843745
TUR,2020,77.6695605
TUR,2019,73.9767022871511
TUR,2018,71.0427608433809
TUR,2017,64.6846176835371
TUR,2016,58.3477340145685
TUR,2015,53.7449791423583
TUR,2014,51.0373665521645
TUR,2013,46.25
TUR,2012,45.13
TUR,2011,43.065710430925
TUR,2010,39.82
TUR,2009,36.4
TUR,2008,34.37
TUR,2007,28.63
TUR,2006,18.24
TUR,2005,15.46
TUR,2004,14.58
TUR,2003,12.33
TUR,2002,11.38
TUR,2001,5.18948146078506
TUR,2000,3.761685035075
TUR,1999,2.29
TUR,1998,0.699
TUR,1997,0.474
TUR,1996,0.193
TUR,1995,0.0817
TUR,1994,0.0499
TUR,1993,0.00846
TUR,1990,0.0
TKM,2016,17.99029922
TKM,2015,14.99680042
TKM,2014,12.19999981
TKM,2013,9.600000381
TKM,2012,7.195799828
TKM,2011,5.0
TKM,2010,3.0
TKM,2009,1.950000048
TKM,2008,1.75
TKM,2007,1.40636068812023
TKM,2006,1.3195731180963
TKM,2005,0.997300029
TKM,2004,0.754053982724623
TKM,2003,0.425182631884743
TKM,2002,0.302132016152841
TKM,2001,0.175209517731422
TKM,2000,0.13328218259348
TKM,1999,0.045
TKM,1990,0.0
TCA,1990,0.0
TUV,2017,35.20000076
TUV,2016,31.0
TUV,2015,27.29999924
TUV,2014,24.10000038
TUV,2013,21.20000076
TUV,2012,18.70000076
TUV,2011,16.5
TUV,2010,14.60000038
TUV,2009,12.80000019
TUV,2008,11.19999981
TUV,2007,10.0
TUV,2006,9.100000381
TUV,2005,8.300000191
TUV,2004,7.6
TUV,2003,6.9
TUV,2002,6.3
TUV,2001,5.7
TUV,2000,5.24163958486214
TUV,1990,0.0
UGA,2024,8.949831061
UGA,2023,9.286999702
UGA,2022,9.636899948
UGA,2021,10.0
UGA,2020,7.4
UGA,2019,11.72579956
UGA,2018,9.326299667
UGA,2017,7.417900085
UGA,2016,5.9
UGA,2015,5.699999809
UGA,2014,5.400000095
UGA,2013,5.099999905
UGA,2012,4.800000191
UGA,2011,4.599999905
UGA,2010,4.300000191
UGA,2009,4.099999905
UGA,2008,3.880000114
UGA,2007,3.67196535074744
UGA,2006,2.52940011
UGA,2005,1.742200017
UGA,2004,0.719970679914031
UGA,2003,0.464849840113968
UGA,2002,0.384093504951945
UGA,2001,0.237945087191408
UGA,2000,0.163714063074854
UGA,1999,0.106
UGA,1998,0.0653
UGA,1997,0.0103
UGA,1996,0.00463
UGA,1995,0.00286
UGA,1990,0.0
UKR,2024,82.47489929
UKR,2023,81.58059692
UKR,2022,80.47429657
UKR,2021,79.21829353
UKR,2020,75.03790912
UKR,2019,70.1248442995263
UKR,2018,62.5531553933869
UKR,2017,58.8894794459775
UKR,2016,53.0009695981884
UKR,2015,48.8846436813218
UKR,2014,46.2359754571651
UKR,2013,40.954128997
UKR,2012,35.27
UKR,2011,28.7082628400713
UKR,2010,23.3
UKR,2009,17.9
UKR,2008,11.0
UKR,2007,6.55
UKR,2006,4.50612456357379
UKR,2005,3.749799967
UKR,2004,3.4894778812677
UKR,2003,3.14812758815439
UKR,2002,1.87388511643427
UKR,2001,1.23875954748114
UKR,2000,0.716183762031043
UKR,1999,0.405
UKR,1998,0.301
UKR,1997,0.199
UKR,1996,0.0986
UKR,1995,0.0431
UKR,1994,0.0136
UKR,1993,0.000777
UKR,1990,0.0
ARE,2024,100.0
ARE,2023,100.0
ARE,2022,100.0
ARE,2021,100.0
ARE,2020,100.0
ARE,2019,99.1499979561243
ARE,2018,98.4500017817194
ARE,2017,94.8199225383446
ARE,2016,90.6000073180483
ARE,2015,90.5
ARE,2014,90.4000107121939
ARE,2013,88.0
ARE,2012,84.9999915049492
ARE,2011,78.0
ARE,2010,68.0
ARE,2009,64.0
ARE,2008,63.0
ARE,2007,61.0
ARE,2006,52.0
ARE,2005,40.0
ARE,2004,30.1312961695367
ARE,2003,29.4779534120864
ARE,2002,28.3164853110439
ARE,2001,26.2717542010006
ARE,2000,23.6253008751553
ARE,1999,14.9
ARE,1998,6.91
ARE,1997,3.3
ARE,1996,0.375
ARE,1995,0.103
ARE,1990,0.0
GBR,2024,95.4720993
GBR,2023,95.44719696
GBR,2022,95.46530151
GBR,2021,96.19650269
GBR,2020,94.81820132
GBR,2019,92.5166285497138
GBR,2018,90.692008988783
GBR,2017,90.4245504868553
GBR,2016,94.7758006318882
GBR,2015,92.0002998740234
GBR,2014,91.6133009176453
GBR,2013,89.8441
GBR,2012,87.4799984242111
GBR,2011,85.3799985496322
GBR,2010,85.0
GBR,2009,83.56
GBR,2008,78.39
GBR,2007,75.09
GBR,2006,68.82
GBR,2005,70.0
GBR,2004,65.61
GBR,2003,64.82
GBR,2002,56.48
GBR,2001,33.4810948744147
GBR,2000,26.8217543508578
GBR,1999,21.3
GBR,1998,13.7
GBR,1997,7.39
GBR,1996,4.12
GBR,1995,1.9
GBR,1994,1.04
GBR,1993,0.52
GBR,1992,0.261
GBR,1991,0.174
GBR,1990,0.0874
USA,2024,94.69380188
USA,2023,93.52559662
USA,2022,92.72850037
USA,2021,91.2684021
USA,2020,90.34470367
USA,2019,89.4302848575712
USA,2018,88.498903165152
USA,2017,87.2748891687657
USA,2016,85.5444212887222
USA,2015,74.5542024462761
USA,2014,73.0
USA,2013,71.4
USA,2012,74.7
USA,2011,69.7294607619268
USA,2010,71.69
USA,2009,71.0
USA,2008,74.0
USA,2007,75.0
USA,2006,68.93119812
USA,2005,67.9681015
USA,2004,64.7582564759896
USA,2003,61.6971171244207
USA,2002,58.7854038836952
USA,2001,49.0808315896951
USA,2000,43.0791626375201
USA,1999,35.8
USA,1998,30.1
USA,1997,21.6
USA,1996,16.4
USA,1995,9.24
USA,1994,4.86
USA,1993,2.27
USA,1992,1.72
USA,1991,1.16
USA,1990,0.785
URY,2024,91.99109007
URY,2023,90.92590332
URY,2022,89.87304314
URY,2021,87.64440155
URY,2020,85.47100067
URY,2019,83.3515337667548
URY,2018,80.7268428795854
URY,2017,70.3223543994698
URY,2016,66.40000153
URY,2015,64.5707870971624
URY,2014,61.4624951684405
URY,2013,57.69
URY,2012,54.453768680746
URY,2011,51.4046610563616
URY,2010,46.4
URY,2009,41.8
URY,2008,39.3
URY,2007,34.0
URY,2006,29.39999962
URY,2005,20.0881895579305
URY,2004,17.0630983403661
URY,2003,15.9371367159756
URY,2002,11.4194701966853
URY,2001,11.1214376832783
URY,2000,10.5390577480141
URY,1999,9.97
URY,1998,6.99
URY,1997,3.36
URY,1996,1.85
URY,1995,0.31
URY,1994,0.0625
URY,1990,0.0
UZB,2024,89.50550079
UZB,2023,89.01361047
UZB,2022,83.90000012
UZB,2021,76.59043014
UZB,2020,71.09999824
UZB,2019,70.3999986481458
UZB,2018,55.2000006732722
UZB,2017,48.6999988524556
UZB,2016,46.79130173
UZB,2015,42.79999924
UZB,2014,35.5
UZB,2013,26.79999924
UZB,2012,23.60000038
UZB,2011,18.6
UZB,2010,15.89999962
UZB,2009,11.9
UZB,2008,9.0801145234501
UZB,2007,7.49060468138629
UZB,2006,6.38832196706805
UZB,2005,3.34350988825952
UZB,2004,2.59372542084924
UZB,2003,1.91259517784997
UZB,2002,1.08193974248733
UZB,2001,0.597567993875805
UZB,2000,0.484347307694947
UZB,1999,0.0307
UZB,1998,0.0208
UZB,1997,0.0105
UZB,1996,0.00429
UZB,1995,0.00153
UZB,1990,0.0
VUT,2015,22.35140038
VUT,2014,18.79999924
VUT,2013,11.30000019
VUT,2012,10.59799957
VUT,2011,9.199999809
VUT,2010,8.0
VUT,2009,7.5
VUT,2008,7.26911992337492
VUT,2007,6.800000191
VUT,2006,5.850599766
VUT,2005,5.082300186
VUT,2004,4.74660261917533
VUT,2003,3.90329584542948
VUT,2002,3.51003871071264
VUT,2001,2.83057223877678
VUT,2000,2.10833689115184
VUT,1999,0.538
VUT,1998,0.274
VUT,1997,0.14
VUT,1996,0.0568
VUT,1990,0.0
VEN,2024,76.67890167
VEN,2023,76.33190155
VEN,2022,75.82180023
VEN,2021,74.11219788
VEN,2020,72.44110107
VEN,2019,49.05009842
VEN,2016,60.0
VEN,2015,58.0
VEN,2014,57.0
VEN,2013,54.90000153
VEN,2012,49.0500830729861
VEN,2011,40.22
VEN,2010,37.37
VEN,2009,32.7
VEN,2008,25.88
VEN,2007,20.83
VEN,2006,15.2247114771787
VEN,2005,12.5529979098299
VEN,2004,8.40446959241215
VEN,2003,7.49996346522407
VEN,2002,4.91044632720325
VEN,2001,4.63600094778677
VEN,2000,3.3595974645036
VEN,1999,2.84
VEN,1998,1.38
VEN,1997,0.391
VEN,1996,0.248
VEN,1995,0.122
VEN,1994,0.0555
VEN,1993,0.0416
VEN,1992,0.0121
VEN,1990,0.0
VNM,2024,84.15
VNM,2023,78.08
VNM,2022,78.58999918
VNM,2021,74.20999985
VNM,2020,70.30000012
VNM,2019,68.6615802057338
VNM,2018,69.8479286837965
VNM,2017,58.1400000036297
VNM,2016,53.0
VNM,2015,45.0
VNM,2014,41.0
VNM,2013,38.5
VNM,2012,36.79999924
VNM,2011,35.07
VNM,2010,30.65
VNM,2009,26.55
VNM,2008,23.92
VNM,2007,20.7554447679753
VNM,2006,17.2545617186662
VNM,2005,12.7399292907031
VNM,2004,7.64240852842363
VNM,2003,3.78028081370641
VNM,2002,1.85499923592581
VNM,2001,1.26565123612317
VNM,2000,0.254248275754934
VNM,1999,0.129
VNM,1998,0.0131
VNM,1997,0.00398
VNM,1996,0.000135
VNM,1990,0.0
VIR,2017,64.3774942980087
VIR,2016,59.60831579895
VIR,2015,54.839137296
VIR,2014,50.07
VIR,2013,45.3
VIR,2012,40.5479
VIR,2011,35.6
VIR,2010,31.22
VIR,2009,27.3965096846662
VIR,2008,27.3617774210613
VIR,2007,27.3393358364014
VIR,2006,27.3326105376325
VIR,2005,27.3443196733265
VIR,2004,27.3770087880198
VIR,2003,27.4290729887632
VIR,2002,27.4944323774436
VIR,2001,18.3757660397468
VIR,2000,13.8150805419196
VIR,1999,11.1
VIR,1998,9.25
VIR,1997,6.95
VIR,1996,4.65
VIR,1995,2.8
VIR,1994,0.941
VIR,1990,0.0
PSE,2023,86.63765334
PSE,2022,88.64690554
PSE,2020,76.18160248
PSE,2019,70.6225837001758
PSE,2018,64.3999937114499
PSE,2017,63.29999924
PSE,2016,59.90000153
PSE,2015,56.70000076
PSE,2014,53.6651997924171
PSE,2013,46.59999847
PSE,2012,43.4
PSE,2011,41.08000183
PSE,2010,37.40000153
PSE,2009,32.23
PSE,2008,24.3579998
PSE,2007,21.1760006
PSE,2006,18.41
PSE,2005,16.00499916
PSE,2004,4.40090482603223
PSE,2003,4.13061635632919
PSE,2002,3.10009223512517
PSE,2001,1.83685483917877
PSE,2000,1.11130620708969
PSE,1990,0.0
YEM,2019,17.49099922
YEM,2016,24.57920074
YEM,2015,24.08539963
YEM,2014,22.54999924
YEM,2013,20.0
YEM,2012,17.44650078
YEM,2011,14.90499973
YEM,2010,12.35
YEM,2009,9.96
YEM,2008,6.89
YEM,2007,5.01
YEM,2006,1.24782404904485
YEM,2005,1.048599958
YEM,2004,0.881222988679516
YEM,2003,0.604734100431821
YEM,2002,0.518796032123435
YEM,2001,0.0908024587169292
YEM,2000,0.0825003865143108
YEM,1999,0.0566
YEM,1998,0.0233
YEM,1997,0.015
YEM,1996,0.000621
YEM,1990,0.0
ZMB,2024,17.10099983
ZMB,2023,16.45070076
ZMB,2022,15.0
ZMB,2021,14.82190037
ZMB,2020,14.64579964
ZMB,2019,14.47189999
ZMB,2018,14.2999970950012
ZMB,2017,12.19999981
ZMB,2016,10.30000019
ZMB,2015,8.8
ZMB,2014,6.5
ZMB,2013,4.8
ZMB,2012,4.099999905
ZMB,2011,3.5
ZMB,2010,3.0
ZMB,2009,2.5
ZMB,2008,2.200000048
ZMB,2007,1.899999976
ZMB,2006,1.600000024
ZMB,2005,1.299999952
ZMB,2004,1.1
ZMB,2003,0.980483039426114
ZMB,2002,0.477750906947484
ZMB,2001,0.233129556342332
ZMB,2000,0.191071642503428
ZMB,1999,0.147
ZMB,1998,0.0302
ZMB,1997,0.00933
ZMB,1996,0.00907
ZMB,1995,0.00878
ZMB,1994,0.00678
ZMB,1990,0.0
ZWE,2024,41.64279938
ZWE,2023,38.67480087
ZWE,2022,36.25650024
ZWE,2021,32.5923996
ZWE,2020,29.29856532
ZWE,2019,26.5883007
ZWE,2018,25.0
ZWE,2017,24.39999962
ZWE,2016,23.12000084
ZWE,2015,22.74279976
ZWE,2014,16.3647399572904
ZWE,2013,15.5
ZWE,2012,12.0
ZWE,2011,8.399999619
ZWE,2010,6.400000095
ZWE,2009,4.0
ZWE,2008,3.5
ZWE,2007,3.0
ZWE,2006,2.400000095
ZWE,2005,2.400000095
ZWE,2004,2.1
ZWE,2003,1.8
ZWE,2002,1.1
ZWE,2001,0.799846045633137
ZWE,2000,0.401433535211582
ZWE,1999,0.162
ZWE,1998,0.0816
ZWE,1997,0.0331
ZWE,1996,0.0168
ZWE,1995,0.00768
ZWE,1994,0.00174
ZWE,1990,0.0
