iso,year,mobile
AFG,2024,60.0990815591219
AFG,2023,55.5474967036959
AFG,2022,56.2655188632539
AFG,2021,56.6944760468967
AFG,2020,58.0461137722591
AFG,2019,59.6470805870469
AFG,2018,59.8109345283062
AFG,2017,67.0507903920361
AFG,2016,62.2553342863232
AFG,2015,58.256016446556
AFG,2014,56.1322103822265
AFG,2013,53.1490159728276
AFG,2012,50.1966555403702
AFG,2011,47.0151842862822
AFG,2010,36.1186814254474
AFG,2009,38.2289426518893
AFG,2008,29.8267633771309
AFG,2007,18.0166833836025
AFG,2006,9.91329720539894
AFG,2005,4.91711244047067
AFG,2004,2.54661861253936
AFG,2003,0.879776399549396
AFG,2002,0.116942011309976
AFG,2001,0.0
AFG,2000,0.0
AFG,1999,0.0
AFG,1998,0.0
AFG,1997,0.0
AFG,1996,0.0
AFG,1995,0.0
AFG,1994,0.0
AFG,1993,0.0
AFG,1992,0.0
AFG,1991,0.0
AFG,1990,0.0
ALB,2024,89.1328603947682
ALB,2023,92.9973271969712
ALB,2022,98.3950391992101
ALB,2021,92.4843357131703
ALB,2020,91.1880900599383
ALB,2019,91.1634968336332
ALB,2018,93.8030862083918
ALB,2017,125.099939894598
ALB,2016,116.284011654089
ALB,2015,117.329657576402
ALB,2014,115.700565028176
ALB,2013,126.771812779937
ALB,2012,120.274748763232
ALB,2011,106.474179667965
ALB,2010,91.9299271149669
ALB,2009,83.1929248865178
ALB,2008,62.1341628437685
ALB,2007,76.8284093980357
ALB,2006,62.6025752513514
ALB,2005,49.7452829974003
ALB,2004,40.6495459161824
ALB,2003,35.2780293564518
ALB,2002,27.1529999757506
ALB,2001,12.473224578717
ALB,2000,0.940922534259296
ALB,1999,0.343114336
ALB,1998,0.173257946
ALB,1997,0.101422403
ALB,1996,0.070307774
ALB,1995,0.0
ALB,1994,0.0
ALB,1993,0.0
ALB,1992,0.0
ALB,1991,0.0
ALB,1990,0.0
DZA,2024,115.457278573892
DZA,2023,111.60623555659
DZA,2022,107.787115922596
DZA,2021,105.037092587919
DZA,2020,103.436671524065
DZA,2019,104.922068012909
DZA,2018,110.938066513767
DZA,2017,109.96986300969
DZA,2016,115.154200093555
DZA,2015,108.016371207167
DZA,2014,110.440351392657
DZA,2013,102.871008201635
DZA,2012,99.6853251935403
DZA,2011,96.5112947931918
DZA,2010,90.5823787597715
DZA,2009,92.2215091977573
DZA,2008,77.6388036853647
DZA,2007,80.6177005187804
DZA,2006,62.4502215801053
DZA,2005,41.2614463106668
DZA,2004,14.963746486714
DZA,2003,4.49693928527318
DZA,2002,1.41805404487787
DZA,2001,0.319170453012348
DZA,2000,0.278282092162305
DZA,1999,0.237262911
DZA,1998,0.060151043
DZA,1997,0.059031014
DZA,1996,0.040366216
DZA,1995,0.016472352
DZA,1994,0.004825141
DZA,1993,0.017478039
DZA,1992,0.017874031
DZA,1991,0.018294243
DZA,1990,0.001841832
ASM,2004,3.96001267204055
ASM,2003,3.68608590335434
ASM,2002,3.56804878903649
ASM,2001,3.77894238690341
ASM,2000,3.5036496350365
ASM,1999,3.125325555
ASM,1998,2.650036217
ASM,1997,2.518982331
ASM,1996,2.385321101
ASM,1995,2.340780135
ASM,1994,2.29498164
ASM,1993,1.758705593
ASM,1992,1.397819402
ASM,1991,0.0
ASM,1990,0.0
AND,2024,155.692108667529
AND,2023,156.09725932522
AND,2022,142.426447525249
AND,2021,119.687611658415
AND,2020,103.876970793487
AND,2019,114.952794413788
AND,2018,109.914584497485
AND,2017,108.912327318574
AND,2016,105.473739626772
AND,2015,98.8389170615457
AND,2014,89.8341402552314
AND,2013,85.0214112828151
AND,2012,83.1207538329385
AND,2011,83.6223853541262
AND,2010,81.1525784947835
AND,2009,76.9466431432386
AND,2008,76.8932271393497
AND,2007,77.5590214590178
AND,2006,86.7047810517057
AND,2005,83.388228000155
AND,2004,78.5280861083081
AND,2003,74.6812307515183
AND,2002,49.3038222115298
AND,2001,44.6896069975096
AND,2000,35.8422775367283
AND,1999,31.37613282
AND,1998,21.65649066
AND,1997,13.32364491
AND,1996,8.555349432
AND,1995,4.489257564
AND,1994,1.284466799
AND,1993,1.318547569
AND,1992,1.344203341
AND,1991,0.0
AND,1990,0.0
AGO,2024,69.7039467163584
AGO,2023,70.0519587723571
AGO,2022,66.6008073123779
AGO,2021,44.3868689341257
AGO,2020,43.7804317055698
AGO,2019,45.8065312825399
AGO,2018,42.4588784507729
AGO,2017,44.0682088632918
AGO,2016,44.5502272379157
AGO,2015,49.3097223014385
AGO,2014,51.7384393645114
AGO,2013,50.7734882643713
AGO,2012,50.7801125088641
AGO,2011,49.8515258181069
AGO,2010,40.3667552771914
AGO,2009,36.1789120059347
AGO,2008,31.3891482115081
AGO,2007,23.8781501760396
AGO,2006,15.2614410221311
AGO,2005,8.35158651156351
AGO,2004,3.97840414704547
AGO,2003,1.95054401229801
AGO,2002,0.807954939660482
AGO,2001,0.447835842249048
AGO,2000,0.159346765941731
AGO,1999,0.151221568
AGO,1998,0.063903735
AGO,1997,0.04742069
AGO,1996,0.02292929
AGO,1995,0.01433269
AGO,1994,0.013549219
AGO,1993,0.008436702
AGO,1992,0.0
AGO,1991,0.0
AGO,1990,0.0
ATG,2022,200.540715208962
ATG,2021,199.244171566557
ATG,2020,200.3353439453
ATG,2019,201.392233264743
ATG,2017,203.386832913295
ATG,2016,200.06891262546
ATG,2015,196.848192016464
ATG,2014,135.234608235228
ATG,2013,129.857830668605
ATG,2012,145.978684391474
ATG,2011,203.8734188945
ATG,2010,196.870604781997
ATG,2009,160.294868900954
ATG,2008,164.743342338865
ATG,2007,137.546509350827
ATG,2006,136.689246191256
ATG,2005,108.025272889425
ATG,2004,68.5984323987856
ATG,2003,59.1905911355349
ATG,2002,49.5962716793021
ATG,2001,32.8648989733006
ATG,2000,29.367791542076
ATG,1999,11.51433874
ATG,1998,2.066912859
ATG,1997,1.965795164
ATG,1996,1.862517551
ATG,1990,0.0
ARG,2024,140.234979049333
ARG,2023,137.706086781571
ARG,2022,131.483556254876
ARG,2021,130.352799939601
ARG,2020,121.180612527028
ARG,2019,125.302657911726
ARG,2018,131.224265691711
ARG,2017,139.758240519621
ARG,2016,145.146584717972
ARG,2015,142.240711022183
ARG,2014,142.325481008062
ARG,2013,158.190773641398
ARG,2012,152.573579717014
ARG,2011,145.511067881505
ARG,2010,138.251643415992
ARG,2009,128.461625505194
ARG,2008,115.051958547154
ARG,2007,100.962116800902
ARG,2006,79.5272791470117
ARG,2005,56.4972976242395
ARG,2004,34.8114495095259
ARG,2003,20.4095759030709
ARG,2002,17.2675582745316
ARG,2001,17.9184647370453
ARG,2000,17.4341720574717
ARG,1999,10.50082052
ARG,1998,7.371312411
ARG,1997,5.609433289
ARG,1996,1.884803688
ARG,1995,1.160057586
ARG,1994,0.6992523
ARG,1993,0.329148059
ARG,1992,0.13879172
ARG,1991,0.075515553
ARG,1990,0.036767345
ARM,2024,134.88694751567
ARM,2023,134.519957069953
ARM,2022,130.540072214196
ARM,2021,125.395134877327
ARM,2020,120.682370700808
ARM,2019,124.613701509519
ARM,2018,123.000001718234
ARM,2017,119.676441862212
ARM,2016,117.670797483754
ARM,2015,118.599112617962
ARM,2014,118.365417451689
ARM,2013,114.499722499571
ARM,2012,113.697353797808
ARM,2011,109.850061797213
ARM,2010,131.874825576119
ARM,2009,74.4012001967736
ARM,2008,48.7163807985838
ARM,2007,63.0764762494794
ARM,2006,42.1271966711889
ARM,2005,10.5790707738385
ARM,2004,6.72642653978887
ARM,2003,3.76374479757602
ARM,2002,2.33500129269578
ARM,2001,0.826884376573468
ARM,2000,0.559439575023003
ARM,1999,0.254551579
ARM,1998,0.241656509
ARM,1997,0.152838922
ARM,1996,0.009093946
ARM,1995,0.0
ARM,1994,0.0
ARM,1993,0.0
ARM,1992,0.0
ARM,1991,0.0
ARM,1990,0.0
ABW,2022,130.647974615427
ABW,2021,131.09206195727
ABW,2020,131.284916201117
ABW,2019,131.682169673877
ABW,2015,135.337479843354
ABW,2014,135.141671422905
ABW,2013,135.338052614131
ABW,2012,132.661183337755
ABW,2010,131.649919092235
ABW,2009,129.26028780611
ABW,2008,123.517202597004
ABW,2007,117.599676975162
ABW,2006,114.296796377055
ABW,2005,109.74954897591
ABW,2004,105.552873526225
ABW,2003,75.7794388473621
ABW,2002,67.6304183674586
ABW,2001,58.6899950168872
ABW,2000,16.8993138878562
ABW,1999,13.81422174
ABW,1998,6.377808073
ABW,1997,4.155977424
ABW,1996,3.777528741
ABW,1995,2.22972096
ABW,1992,0.028493276
ABW,1991,0.0
ABW,1990,0.0
AUS,2024,112.581025002429
AUS,2023,112.513177133796
AUS,2022,109.469171081514
AUS,2021,105.118514623956
AUS,2020,104.930155780087
AUS,2019,109.752830879788
AUS,2018,110.033134941946
AUS,2017,107.799761578952
AUS,2016,109.128813718295
AUS,2015,107.608142007003
AUS,2014,106.206237340596
AUS,2013,107.332200908321
AUS,2012,106.499711805776
AUS,2011,105.824012918279
AUS,2010,101.618759744392
AUS,2009,101.914285403427
AUS,2008,103.506740034166
AUS,2007,101.457683484383
AUS,2006,95.9663115508423
AUS,2005,90.7635520774358
AUS,2004,82.208138535878
AUS,2003,72.3884724574148
AUS,2002,64.6581804718516
AUS,2001,57.4838682925396
AUS,2000,44.7511458399702
AUS,1999,33.58883185
AUS,1998,26.4384907
AUS,1997,24.86658247
AUS,1996,21.90881813
AUS,1995,12.45348067
AUS,1994,6.851813911
AUS,1993,3.913447917
AUS,1992,2.846098131
AUS,1991,1.687554564
AUS,1990,1.08483674
AUT,2024,124.45929984531
AUT,2023,121.746207105931
AUT,2022,121.16645744796
AUT,2021,121.357731973824
AUT,2020,120.131806593244
AUT,2019,120.776373862218
AUT,2018,124.230205900482
AUT,2017,123.414865109678
AUT,2016,126.797525496643
AUT,2015,155.837138171172
AUT,2014,151.531145320495
AUT,2013,156.483488704585
AUT,2012,161.155633431895
AUT,2011,155.15499918387
AUT,2010,146.334314075685
AUT,2009,137.015093709265
AUT,2008,129.949191740297
AUT,2007,119.465557954295
AUT,2006,112.226293480282
AUT,2005,105.295724835598
AUT,2004,97.7795167328134
AUT,2003,89.5525842580986
AUT,2002,83.3494604310315
AUT,2001,81.3331322283251
AUT,2000,76.3391359562946
AUT,1999,53.18724835
AUT,1998,28.74798987
AUT,1997,14.5561248
AUT,1996,7.523308814
AUT,1995,4.825981063
AUT,1994,3.505812272
AUT,1993,2.793816992
AUT,1992,2.199426692
AUT,1991,1.487975586
AUT,1990,0.959768212
AZE,2024,109.543149535867
AZE,2023,107.686732782159
AZE,2022,107.506296074404
AZE,2021,105.693559477177
AZE,2020,101.596683471276
AZE,2019,106.328337689377
AZE,2018,102.987275423455
AZE,2017,101.589906615934
AZE,2016,103.248460646417
AZE,2015,109.682113433509
AZE,2014,109.566699179266
AZE,2013,106.583186813615
AZE,2012,107.988529658291
AZE,2011,109.333848306261
AZE,2010,99.489026332669
AZE,2009,85.7487495489887
AZE,2008,73.2222415801691
AZE,2007,51.1875940935928
AZE,2006,38.1512458416462
AZE,2005,26.0781124378406
AZE,2004,17.1560025508035
AZE,2003,12.5837298360937
AZE,2002,9.53864176803325
AZE,2001,8.84658578140377
AZE,2000,5.14264289519541
AZE,1999,4.56708367
AZE,1998,0.808347519
AZE,1997,0.499996125
AZE,1996,0.213860635
AZE,1995,0.076052086
AZE,1994,0.006392325
AZE,1993,0.0
AZE,1992,0.0
AZE,1991,0.0
AZE,1990,0.0
BHS,2024,96.6798992232414
BHS,2023,100.047566593231
BHS,2022,101.623744145214
BHS,2021,100.257333370336
BHS,2020,117.717493173143
BHS,2019,107.811997212897
BHS,2018,98.9789084760782
BHS,2017,90.5386890661613
BHS,2016,92.8218938037134
BHS,2015,80.7521033045627
BHS,2014,82.3551261058127
BHS,2013,75.734985605075
BHS,2012,79.9000716437309
BHS,2011,80.3784477401548
BHS,2010,116.572148536783
BHS,2009,98.8980458091012
BHS,2008,99.9804534792807
BHS,2007,105.848573870615
BHS,2006,72.6191603875135
BHS,2005,66.2329089777664
BHS,2004,54.7430411263693
BHS,2003,36.4187856432015
BHS,2002,36.7170867333707
BHS,2001,18.4711258068058
BHS,2000,9.7345870582241
BHS,1999,4.96796473
BHS,1998,2.55930602
BHS,1997,1.998903827
BHS,1996,1.622656855
BHS,1995,1.36870147
BHS,1993,0.833206091
BHS,1992,0.922074099
BHS,1991,0.731730289
BHS,1990,0.710066167
BHR,2024,159.536143577452
BHR,2023,153.899937948583
BHR,2022,139.636142863944
BHR,2021,128.078912532195
BHR,2020,119.41160169027
BHR,2019,129.142743677937
BHR,2018,139.735421260048
BHR,2017,159.546894557674
BHR,2016,209.489131255928
BHR,2015,183.919614500055
BHR,2014,177.400125528622
BHR,2013,175.802157646776
BHR,2012,174.619564368418
BHR,2011,140.350600963929
BHR,2010,129.157861073288
BHR,2009,118.449482724389
BHR,2008,128.559293450425
BHR,2007,105.539410159778
BHR,2006,91.2343231270699
BHR,2005,82.2538826768918
BHR,2004,74.5619329800492
BHR,2003,54.6187733890809
BHR,2002,51.7138462397484
BHR,2001,42.8008331952294
BHR,2000,30.7247368130219
BHR,1999,19.283577
BHR,1998,13.68999114
BHR,1997,8.970155154
BHR,1996,6.334195172
BHR,1995,4.5029318
BHR,1994,2.969385794
BHR,1993,1.979935722
BHR,1992,1.746352373
BHR,1991,1.373514003
BHR,1990,0.994746994
BGD,2024,108.077037369691
BGD,2023,111.280894357567
BGD,2022,109.8665408168
BGD,2021,110.012054001037
BGD,2020,106.002140470412
BGD,2019,100.399571155843
BGD,2018,98.9289060885788
BGD,2017,93.0689844922452
BGD,2016,84.5595499717024
BGD,2015,82.4275967039157
BGD,2014,80.3128212085608
BGD,2013,74.4595169116099
BGD,2012,62.6684314857059
BGD,2011,54.9307304807214
BGD,2010,44.6274657883724
BGD,2009,34.0412611569965
BGD,2008,29.8646728911139
BGD,2007,23.2246555051103
BGD,2006,13.0670782127175
BGD,2005,6.21908656184889
BGD,2004,1.94646914544521
BGD,2003,0.968288714837633
BGD,2002,0.773750591091469
BGD,2001,0.380100815893711
BGD,2000,0.207366638129846
BGD,1999,0.117549767
BGD,1998,0.060313402
BGD,1997,0.021304625
BGD,1996,0.003336757
BGD,1995,0.002122361
BGD,1994,0.000954894
BGD,1993,0.000440844
BGD,1992,0.000224674
BGD,1991,0.0
BGD,1990,0.0
BRB,2022,114.580721030894
BRB,2021,112.222706603295
BRB,2020,104.722078254017
BRB,2019,117.111593950364
BRB,2018,117.318523321138
BRB,2017,117.629947424965
BRB,2016,118.816300545784
BRB,2015,120.001433743145
BRB,2014,109.738888010692
BRB,2013,110.819872868385
BRB,2012,126.127869775907
BRB,2011,125.993430844611
BRB,2010,127.182525986129
BRB,2009,122.959766236325
BRB,2008,105.84788459705
BRB,2007,94.9529651145646
BRB,2006,87.8212013244346
BRB,2005,76.7344234963119
BRB,2004,74.8744846575732
BRB,2003,52.6759376316898
BRB,2002,36.794902857489
BRB,2001,20.2385443460036
BRB,2000,10.8626551630715
BRB,1999,7.687852519
BRB,1998,4.551626827
BRB,1997,3.044175303
BRB,1996,2.390846062
BRB,1995,1.759027693
BRB,1994,1.133688941
BRB,1993,0.59771031
BRB,1992,0.305904416
BRB,1991,0.187353991
BRB,1990,0.0
BLR,2024,131.123016605614
BLR,2023,128.979176539764
BLR,2022,128.314999383533
BLR,2021,127.117317282369
BLR,2020,125.164732031333
BLR,2019,123.229810991965
BLR,2018,122.56975741957
BLR,2017,120.212652133209
BLR,2016,120.431507778029
BLR,2015,120.669626204229
BLR,2014,120.366076944418
BLR,2013,117.433516760028
BLR,2012,112.822416305227
BLR,2011,112.901923256589
BLR,2010,108.873353765855
BLR,2009,101.881315451425
BLR,2008,85.2943083888757
BLR,2007,72.7794960082642
BLR,2006,62.0314078756574
BLR,2005,42.4034825573205
BLR,2004,23.0022194964587
BLR,2003,11.4044672869282
BLR,2002,4.6855962201662
BLR,2001,1.39191079953693
BLR,2000,0.493959102272144
BLR,1999,0.22755487
BLR,1998,0.117354959
BLR,1997,0.07852187
BLR,1996,0.062741587
BLR,1995,0.056367534
BLR,1994,0.016457615
BLR,1993,0.00309146
BLR,1992,0.0
BLR,1991,0.0
BLR,1990,0.0
BEL,2024,103.90465332676
BEL,2023,103.196426365374
BEL,2022,101.680355820653
BEL,2021,101.462935633736
BEL,2020,99.9100614924974
BEL,2019,100.164960666171
BEL,2018,100.164027018171
BEL,2017,99.8303971992992
BEL,2016,110.74871736226
BEL,2015,113.29233233425
BEL,2014,113.600257053471
BEL,2013,110.348677756715
BEL,2012,110.856223685615
BEL,2011,113.201845409997
BEL,2010,111.131540934105
BEL,2009,108.89957259523
BEL,2008,105.901150619606
BEL,2007,101.059979052266
BEL,2006,93.3538336751532
BEL,2005,91.6575960459919
BEL,2004,87.6254594919709
BEL,2003,82.937725153379
BEL,2002,78.40702767732
BEL,2001,74.8225625264654
BEL,2000,54.9078754319886
BEL,1999,31.16718928
BEL,1998,17.23787063
BEL,1997,9.596319875
BEL,1996,4.72351216
BEL,1995,2.330395105
BEL,1994,1.271910668
BEL,1993,0.67475874
BEL,1992,0.613590337
BEL,1991,0.514865721
BEL,1990,0.430541108
BLZ,2022,67.1750266305468
BLZ,2021,66.7769498110516
BLZ,2020,67.551661668526
BLZ,2019,66.0704612665196
BLZ,2018,64.7801570644827
BLZ,2017,64.1585522049721
BLZ,2016,61.1255672392756
BLZ,2015,59.4797562953754
BLZ,2014,49.3805223502033
BLZ,2013,51.1127633354507
BLZ,2012,51.5597433121819
BLZ,2011,67.9524470054812
BLZ,2010,60.6413839404206
BLZ,2009,51.751680986776
BLZ,2008,52.5796669087038
BLZ,2007,39.9574468085106
BLZ,2006,40.989585866235
BLZ,2005,34.3186847364075
BLZ,2004,27.6051941933394
BLZ,2003,22.8990067480476
BLZ,2002,20.2059302602643
BLZ,2001,15.7642151711699
BLZ,2000,6.98175656875651
BLZ,1999,2.832000619
BLZ,1998,1.571760772
BLZ,1997,1.171718474
BLZ,1996,1.040792985
BLZ,1995,0.759987424
BLZ,1994,0.419321022
BLZ,1993,0.205997621
BLZ,1992,0.0
BLZ,1991,0.0
BLZ,1990,0.0
BEN,2024,125.940873932186
BEN,2023,116.036046685168
BEN,2022,105.745019386968
BEN,2021,94.9182598289459
BEN,2020,85.2390738023357
BEN,2019,81.3235345537806
BEN,2018,76.4080341122638
BEN,2017,72.867145412956
BEN,2016,76.0182091705462
BEN,2015,82.0193349324746
BEN,2014,78.5170340826712
BEN,2013,89.9019164924958
BEN,2012,80.8628905531314
BEN,2011,76.9318013957922
BEN,2010,72.2115392074128
BEN,2009,52.9301199452375
BEN,2008,39.2846004959004
BEN,2007,22.9147096667411
BEN,2006,12.1442265152632
BEN,2005,7.07639223825275
BEN,2004,5.62957112640203
BEN,2003,2.98461911748538
BEN,2002,2.85026524912103
BEN,2001,1.67884478287568
BEN,2000,0.768193392645056
BEN,1999,0.107076743
BEN,1998,0.095471222
BEN,1997,0.067245695
BEN,1996,0.043634125
BEN,1995,0.017365389
BEN,1994,0.0
BEN,1993,0.0
BEN,1992,0.0
BEN,1991,0.0
BEN,1990,0.0
BMU,2024,96.6767745528807
BMU,2022,105.274212729154
BMU,2021,105.185001856206
BMU,2020,105.619583113293
BMU,2019,104.512767716474
BMU,2017,102.231904117777
BMU,2016,100.6966224842
BMU,2015,59.8764653977058
BMU,2014,93.6438476916054
BMU,2013,148.331078742882
BMU,2012,142.978348992867
BMU,2010,138.407218517066
BMU,2009,133.721387556045
BMU,2008,124.80252764613
BMU,2007,109.506427551182
BMU,2006,95.6488525320686
BMU,2005,84.0681858047233
BMU,2004,78.3310686595796
BMU,2003,64.1169493155516
BMU,2002,48.2765279521097
BMU,2001,21.5510692291529
BMU,2000,21.1210398050366
BMU,1999,20.99014447
BMU,1998,20.74484761
BMU,1997,17.062115
BMU,1996,13.3355615
BMU,1995,10.63482721
BMU,1994,8.673365814
BMU,1993,5.788219271
BMU,1992,3.319502075
BMU,1991,2.488163942
BMU,1990,1.934922568
BTN,2024,99.7576826476519
BTN,2023,95.6260610260877
BTN,2022,95.129809428439
BTN,2021,100.330908049861
BTN,2020,96.7702849068709
BTN,2019,95.3472955869586
BTN,2018,92.6022594006784
BTN,2017,96.8565690310008
BTN,2016,93.382103211003
BTN,2015,91.2409636276731
BTN,2014,85.1865744422272
BTN,2013,75.052704292039
BTN,2012,78.1969080371794
BTN,2011,68.2555256231877
BTN,2010,56.1998312505701
BTN,2009,48.8391730116371
BTN,2008,36.9241102584538
BTN,2007,22.0203318101912
BTN,2006,12.235856046297
BTN,2005,5.43917566271067
BTN,2004,2.94184559384146
BTN,2003,0.35363507056235
BTN,2002,0.0
BTN,2001,0.0
BTN,2000,0.0
BTN,1999,0.0
BTN,1998,0.0
BTN,1997,0.0
BTN,1996,0.0
BTN,1995,0.0
BTN,1994,0.0
BTN,1993,0.0
BTN,1992,0.0
BTN,1991,0.0
BTN,1990,0.0
BOL,2024,98.0287940811943
BOL,2022,101.57150434614
BOL,2021,100.809064985893
BOL,2020,99.898817726261
BOL,2019,100.14945954148
BOL,2018,99.4565867202022
BOL,2017,96.6383703523099
BOL,2016,90.3953302409119
BOL,2015,92.2660116634989
BOL,2014,96.3263792565653
BOL,2013,97.5951190945133
BOL,2012,90.2755917829226
BOL,2011,80.7163040735906
BOL,2010,70.5072652714085
BOL,2009,64.5388630004667
BOL,2008,51.1488440905351
BOL,2007,33.5992508744616
BOL,2006,30.2062270674877
BOL,2005,25.8675957086363
BOL,2004,19.5646767642078
BOL,2003,14.1297800170153
BOL,2002,11.4976649807789
BOL,2001,8.91055094087152
BOL,2000,6.76967151836916
BOL,1999,4.980938617
BOL,1998,2.887342571
BOL,1997,1.455376388
BOL,1996,0.418055648
BOL,1995,0.092189324
BOL,1994,0.052718307
BOL,1993,0.035244269
BOL,1992,0.020975279
BOL,1991,0.004071835
BOL,1990,0.0
BIH,2024,121.232373011893
BIH,2023,117.733690876159
BIH,2022,118.944352880459
BIH,2021,114.911613799718
BIH,2020,106.374742411306
BIH,2019,112.254788698841
BIH,2018,102.186536758193
BIH,2017,100.332576774399
BIH,2016,98.0143984902979
BIH,2015,97.8678378339204
BIH,2014,97.9342347136426
BIH,2013,96.6063476862431
BIH,2012,91.4833140015035
BIH,2011,84.7529182494619
BIH,2010,81.6018850459875
BIH,2009,83.953916109979
BIH,2008,80.5319966034577
BIH,2007,61.0557219969781
BIH,2006,46.4605864436346
BIH,2005,38.9202910880111
BIH,2004,33.9880564705951
BIH,2003,25.7217681941681
BIH,2002,17.879170067254
BIH,2001,10.6404497446786
BIH,2000,2.24497935102678
BIH,1999,1.266718581
BIH,1998,0.611923183
BIH,1997,0.222345857
BIH,1996,0.03838526
BIH,1995,0.0
BIH,1994,0.0
BIH,1993,0.0
BIH,1992,0.0
BIH,1991,0.0
BIH,1990,0.0
BWA,2024,163.999922257361
BWA,2023,179.027305378019
BWA,2022,178.205018910673
BWA,2021,173.25235140068
BWA,2020,161.858815314634
BWA,2019,160.661520194607
BWA,2018,147.06483856362
BWA,2017,142.962095019868
BWA,2016,147.172960511479
BWA,2015,157.734742812171
BWA,2014,157.018320070864
BWA,2013,151.670682520804
BWA,2012,146.149158429435
BWA,2011,139.870462760455
BWA,2010,116.2460387062
BWA,2009,94.1440909682303
BWA,2008,76.195582496141
BWA,2007,60.2637294559808
BWA,2006,43.9084008885494
BWA,2005,30.6423744630755
BWA,2004,28.9318073913231
BWA,2003,25.0587925232129
BWA,2002,19.0435033296786
BWA,2001,19.4050649027539
BWA,2000,13.2462372912074
BWA,1999,5.438773013
BWA,1998,0.917437288
BWA,1997,0.0
BWA,1996,0.0
BWA,1995,0.0
BWA,1994,0.0
BWA,1993,0.0
BWA,1992,0.0
BWA,1991,0.0
BWA,1990,0.0
BRA,2024,101.926846460424
BRA,2023,101.020256020808
BRA,2022,101.245468903076
BRA,2021,104.824727184587
BRA,2020,98.6456198619193
BRA,2019,97.3747376780285
BRA,2018,101.602460284017
BRA,2017,108.092570205646
BRA,2016,120.101181531485
BRA,2015,127.83616904008
BRA,2014,140.304679417776
BRA,2013,136.589138644321
BRA,2012,126.131962754994
BRA,2011,120.008104166504
BRA,2010,101.666503279892
BRA,2009,88.1849371150662
BRA,2008,79.1319735150735
BRA,2007,64.1626170391327
BRA,2006,53.5317215669585
BRA,2005,46.6788794368512
BRA,2004,35.9134794819895
BRA,2003,25.6741091130257
BRA,2002,19.540774901626
BRA,2001,16.3049193714237
BRA,2000,13.3251349993215
BRA,1999,8.665064415
BRA,1998,4.307896658
BRA,1997,2.69954844
BRA,1996,1.504575585
BRA,1995,0.786185011
BRA,1994,0.356570578
BRA,1993,0.114869348
BRA,1992,0.020525874
BRA,1991,0.004369477
BRA,1990,0.000442582
VGB,2024,93.1316662866408
VGB,2023,90.8246761574965
VGB,2022,92.8912549909966
VGB,2021,99.5556613504721
VGB,2020,94.6896458866299
VGB,2019,108.624811100426
VGB,2018,115.28406959633
VGB,2017,134.692192421787
VGB,2016,117.152724481965
VGB,2015,165.792219838831
VGB,2014,166.142831138887
VGB,2013,168.457243793963
VGB,2012,160.497610809029
VGB,2011,162.302333681644
VGB,2010,171.721770551039
VGB,2009,172.793739437137
VGB,2008,87.492391965916
VGB,2007,81.6052984309706
VGB,2002,37.3308446103593
VGB,1996,6.622516556
VGB,1990,0.0
BRN,2024,118.130579766209
BRN,2023,118.673752421293
BRN,2022,116.108439291126
BRN,2021,133.597065445264
BRN,2020,119.933885258067
BRN,2019,129.845260684919
BRN,2018,129.268175692652
BRN,2017,125.870435240727
BRN,2016,122.42681797345
BRN,2015,109.751499246824
BRN,2014,108.471265746851
BRN,2013,114.010632244007
BRN,2012,115.8258888393
BRN,2011,110.959741004384
BRN,2010,110.901991170743
BRN,2009,107.255450030134
BRN,2008,105.575540044416
BRN,2007,98.7232826331386
BRN,2006,82.6516537186389
BRN,2005,64.8898349474529
BRN,2004,57.3668715341828
BRN,2003,51.16735951442
BRN,2002,45.1771395975878
BRN,2001,42.8996985105521
BRN,2000,29.1032522118472
BRN,1999,20.18070908
BRN,1998,15.34552338
BRN,1997,14.36712801
BRN,1996,14.21442475
BRN,1995,11.99644263
BRN,1994,5.351515401
BRN,1993,2.916621299
BRN,1992,1.479006258
BRN,1991,1.120951605
BRN,1990,0.676521792
BGR,2024,118.067152838789
BGR,2023,117.932685806225
BGR,2022,116.679163253179
BGR,2021,114.911988483727
BGR,2020,114.596737765322
BGR,2019,116.616975862125
BGR,2018,119.394511829255
BGR,2017,120.595632675282
BGR,2016,125.906027330453
BGR,2015,128.103256321093
BGR,2014,131.33514197996
BGR,2013,144.355146876635
BGR,2012,147.337862138845
BGR,2011,141.938313217096
BGR,2010,137.140251847404
BGR,2009,139.620815193781
BGR,2008,138.396717869014
BGR,2007,130.455029782962
BGR,2006,108.024848258457
BGR,2005,81.1550542231694
BGR,2004,61.0332759957829
BGR,2003,44.8575798628698
BGR,2002,33.0395170761223
BGR,2001,19.549844030083
BGR,2000,9.22440041397309
BGR,1999,4.288006531
BGR,1998,1.542211607
BGR,1997,0.841450728
BGR,1996,0.316471968
BGR,1995,0.246768535
BGR,1994,0.076037034
BGR,1993,0.01161233
BGR,1992,0.0
BGR,1991,0.0
BGR,1990,0.0
BFA,2024,116.5895933212
BFA,2023,116.16313821519
BFA,2022,113.996146792235
BFA,2021,112.198419449151
BFA,2020,102.972844247019
BFA,2019,97.1498646690919
BFA,2018,94.6219614871852
BFA,2017,90.2081424191231
BFA,2016,79.6697942824089
BFA,2015,76.9373292602998
BFA,2014,68.5395525408019
BFA,2013,63.5243073500025
BFA,2012,58.0942130771516
BFA,2011,46.1057641177709
BFA,2010,35.2848311173407
BFA,2009,24.3386946942171
BFA,2008,19.819973570747
BFA,2007,12.5404933901545
BFA,2006,7.07267095398563
BFA,2005,4.54743329498311
BFA,2004,2.93276569154714
BFA,2003,1.81993821991034
BFA,2002,0.875434916000028
BFA,2001,0.619650213936542
BFA,2000,0.211688420806896
BFA,1999,0.043663904
BFA,1998,0.024372687
BFA,1997,0.01379234
BFA,1996,0.00494294
BFA,1995,0.0
BFA,1994,0.0
BFA,1993,0.0
BFA,1992,0.0
BFA,1991,0.0
BFA,1990,0.0
BDI,2023,63.1631365759764
BDI,2022,56.2599912004244
BDI,2021,59.700785493419
BDI,2020,52.5571219738138
BDI,2019,53.2995504978403
BDI,2018,53.2736942349584
BDI,2017,51.4533280518012
BDI,2016,47.6697304877258
BDI,2015,45.2379254099088
BDI,2014,29.567783062348
BDI,2013,24.3006814319026
BDI,2012,22.3127768088819
BDI,2011,19.7014852266593
BDI,2010,17.8962195049637
BDI,2009,10.2904048729688
BDI,2008,5.65018234377978
BDI,2007,3.30806380985543
BDI,2006,2.54273479009152
BDI,2005,2.01652788429717
BDI,2004,1.37552635495365
BDI,2003,0.908683808418785
BDI,2002,0.76200167288675
BDI,2001,0.503680457737854
BDI,2000,0.252233549720457
BDI,1999,0.012944607
BDI,1998,0.010272826
BDI,1997,0.010449264
BDI,1996,0.009459562
BDI,1995,0.0095065
BDI,1994,0.006766423
BDI,1993,0.006354384
BDI,1992,0.0
BDI,1991,0.0
BDI,1990,0.0
CPV,2024,111.84067886381
CPV,2023,113.022968194497
CPV,2022,113.247367438782
CPV,2021,114.230551109167
CPV,2020,105.838590655535
CPV,2019,115.867801067488
CPV,2018,118.876152819844
CPV,2017,119.373631537182
CPV,2016,117.442454843782
CPV,2015,119.335511344785
CPV,2014,119.724160007495
CPV,2013,97.5075406315584
CPV,2012,83.0756609467629
CPV,2011,77.511257275925
CPV,2010,72.9467774586884
CPV,2009,57.4189800865767
CPV,2008,55.3839096049705
CPV,2007,30.6761522803765
CPV,2006,22.182960825549
CPV,2005,16.8456963812704
CPV,2004,13.7221770240107
CPV,2003,11.2682542465615
CPV,2002,9.19588220432249
CPV,2001,6.84498786642421
CPV,2000,4.3521420992374
CPV,1999,1.794376227
CPV,1998,0.231705489
CPV,1997,0.004644099
CPV,1996,0.0
CPV,1995,0.0
CPV,1994,0.0
CPV,1993,0.0
CPV,1992,0.0
CPV,1991,0.0
CPV,1990,0.0
KHM,2024,116.091961125929
KHM,2023,120.80911943838
KHM,2022,113.391506572248
KHM,2021,117.234785164989
KHM,2020,126.075894769858
KHM,2019,129.957441474291
KHM,2018,119.309943480982
KHM,2017,115.551192369591
KHM,2016,125.627644524442
KHM,2015,133.45841400103
KHM,2014,132.832921082419
KHM,2013,133.580989792625
KHM,2012,127.835438875055
KHM,2011,93.4414773928272
KHM,2010,56.2093511731757
KHM,2009,43.9033649673842
KHM,2008,30.1491182361321
KHM,2007,18.6632056449428
KHM,2006,12.6229669738929
KHM,2005,7.90225491067104
KHM,2004,6.50447336378519
KHM,2003,3.81878187119913
KHM,2002,2.95599281258127
KHM,2001,1.76528247774378
KHM,2000,1.04753234064625
KHM,1999,0.748944912
KHM,1998,0.525705675
KHM,1997,0.293538009
KHM,1996,0.206552816
KHM,1995,0.12912646
KHM,1994,0.096264199
KHM,1993,0.046956377
KHM,1992,0.0
KHM,1991,0.0
KHM,1990,0.0
CMR,2024,108.213130152497
CMR,2023,96.4817325902196
CMR,2022,89.8274190453067
CMR,2021,80.8081013360278
CMR,2020,85.2721639882676
CMR,2019,83.9044001051513
CMR,2018,74.3995446655806
CMR,2017,83.4502920413828
CMR,2016,79.8046154795305
CMR,2015,79.7800672605612
CMR,2014,77.2399893326772
CMR,2013,73.1912475512065
CMR,2012,62.9906520229266
CMR,2011,51.831042080032
CMR,2010,43.9120552066482
CMR,2009,41.8757501710529
CMR,2008,33.1693465336812
CMR,2007,25.1303387011205
CMR,2006,17.8682237967473
CMR,2005,13.1921614065904
CMR,2004,9.2162740321822
CMR,2003,6.66446374271828
CMR,2002,4.4609440140897
CMR,2001,2.72572763691018
CMR,2000,0.692560554874589
CMR,1999,0.040819178
CMR,1998,0.034929378
CMR,1997,0.030126572
CMR,1996,0.025782073
CMR,1995,0.021193421
CMR,1994,0.012452465
CMR,1993,0.0
CMR,1992,0.0
CMR,1991,0.0
CMR,1990,0.0
CAN,2024,94.1059718794246
CAN,2023,94.1497268194785
CAN,2022,91.2386689983444
CAN,2021,87.4056019628826
CAN,2020,84.7747749116615
CAN,2019,90.9589210049458
CAN,2018,89.0494584998715
CAN,2017,86.1024018448784
CAN,2016,84.5919452304565
CAN,2015,82.767383138656
CAN,2014,80.790219211487
CAN,2013,80.3548920843149
CAN,2012,79.3757242462141
CAN,2011,77.6722584904981
CAN,2010,75.5197130593625
CAN,2009,70.3944880872526
CAN,2008,66.0481445157618
CAN,2007,61.2755204244533
CAN,2006,57.2331332804484
CAN,2005,52.4553306173799
CAN,2004,46.743691888986
CAN,2003,41.7477031538849
CAN,2002,37.6463700029969
CAN,2001,34.1165640836358
CAN,2000,28.2502125240149
CAN,1999,22.73384365
CAN,1998,17.73439489
CAN,1997,14.03819836
CAN,1996,11.81927704
CAN,1995,8.842031473
CAN,1994,6.437896665
CAN,1993,4.649694019
CAN,1992,3.621504167
CAN,1991,2.7692662
CAN,1990,2.110719507
CYM,2022,139.314997695241
CYM,2021,142.637074228333
CYM,2020,145.594315997903
CYM,2019,147.043533797733
CYM,2017,149.772991400015
CYM,2016,151.594294770206
CYM,2015,151.2669932838
CYM,2014,151.361369680851
CYM,2013,167.140056261188
CYM,2012,172.980257630916
CYM,2011,174.040571161385
CYM,2010,185.896227287011
CYM,2009,206.581398000684
CYM,2008,192.201520986882
CYM,2007,204.272747398716
CYM,2006,191.903715375684
CYM,2005,173.003761648286
CYM,2004,74.5281354736285
CYM,2003,47.890016843447
CYM,2002,44.6911605588747
CYM,2001,41.3736036408771
CYM,2000,26.9698039017997
CYM,1999,21.96109153
CYM,1998,13.99339577
CYM,1997,11.54894741
CYM,1995,7.725138711
CYM,1994,5.770577376
CYM,1993,4.19468673
CYM,1992,3.445269728
CYM,1991,2.044623263
CYM,1990,0.0
CAF,2022,38.8217901039988
CAF,2021,35.8169832358522
CAF,2020,36.426009643045
CAF,2019,32.2626859489842
CAF,2018,26.2215810621653
CAF,2017,24.5204193752763
CAF,2016,26.4835649048309
CAF,2015,26.8396654368244
CAF,2014,24.9962039132355
CAF,2013,29.3015343940304
CAF,2012,24.7918387246771
CAF,2011,21.7401847658532
CAF,2010,21.7946380977499
CAF,2009,19.0689343696367
CAF,2008,12.5027857083947
CAF,2007,7.61858666254367
CAF,2006,2.51280445195849
CAF,2005,2.33164910546282
CAF,2004,1.43101573974212
CAF,2003,0.974875983588938
CAF,2002,0.31452216220507
CAF,2001,0.280648972684436
CAF,2000,0.129571118814133
CAF,1999,0.113860194
CAF,1998,0.045934475
CAF,1997,0.039612869
CAF,1996,0.031841169
CAF,1995,0.001342812
CAF,1994,0.0
CAF,1993,0.0
CAF,1992,0.0
CAF,1991,0.0
CAF,1990,0.0
TCD,2024,72.9289782617702
TCD,2023,70.1873962423852
TCD,2022,65.4377795535985
TCD,2021,58.0323175441615
TCD,2020,50.434327397335
TCD,2019,45.9378876746208
TCD,2018,43.2279057924006
TCD,2017,40.7648866631048
TCD,2016,36.9555838356879
TCD,2015,37.3152541289811
TCD,2014,37.0123277165075
TCD,2013,33.3154384690936
TCD,2012,33.3228572133612
TCD,2011,28.7390189115685
TCD,2010,23.3525805934177
TCD,2009,19.1808238172742
TCD,2008,13.9417805187318
TCD,2007,8.28716997272972
TCD,2006,4.35334898001424
TCD,2005,2.03328940137249
TCD,2004,1.2399148551477
TCD,2003,0.685087943685349
TCD,2002,0.375156644353256
TCD,2001,0.249882895788383
TCD,2000,0.0646139556980874
TCD,1999,0.0
TCD,1998,0.0
TCD,1997,0.0
TCD,1996,0.0
TCD,1995,0.0
TCD,1994,0.0
TCD,1993,0.0
TCD,1992,0.0
TCD,1991,0.0
TCD,1990,0.0
CHL,2024,132.660408764665
CHL,2023,135.871118507277
CHL,2022,135.114280974065
CHL,2021,136.571581265001
CHL,2020,129.413740104604
CHL,2019,130.492770400522
CHL,2018,133.270134198082
CHL,2017,124.000811902967
CHL,2016,127.565123343064
CHL,2015,128.583971575207
CHL,2014,132.559670334991
CHL,2013,133.778091102587
CHL,2012,136.656261082535
CHL,2011,128.604683221629
CHL,2010,115.54453101319
CHL,2009,96.7106593278871
CHL,2008,87.8710347676476
CHL,2007,83.706530292478
CHL,2006,75.4173719554466
CHL,2005,64.650532290548
CHL,2004,57.2138183202879
CHL,2003,45.3565896058797
CHL,2002,39.3765893078697
CHL,2001,32.5225204603793
CHL,2000,21.940177255205
CHL,1999,14.89605908
CHL,1998,6.429716534
CHL,1997,2.766776987
CHL,1996,2.185860172
CHL,1995,1.368639745
CHL,1994,0.814113391
CHL,1993,0.608541585
CHL,1992,0.467541804
CHL,1991,0.266451437
CHL,1990,0.104332892
CHN,2024,131.753932036803
CHN,2023,128.247014127486
CHN,2022,124.195248970763
CHN,2021,121.491918368395
CHN,2020,120.496715387079
CHN,2019,122.670391850252
CHN,2018,116.229125477063
CHN,2017,104.073181609424
CHN,2016,97.2138770934621
CHN,2015,92.5401171363348
CHN,2014,92.6612034094217
CHN,2013,89.130227261039
CHN,2012,81.2075981633238
CHN,2011,72.5052393725573
CHN,2010,63.5563376954813
CHN,2009,55.6574567487616
CHN,2008,48.075790702641
CHN,2007,41.280765820364
CHN,2006,34.9802047114251
CHN,2005,30.030370302192
CHN,2004,25.7141478183928
CHN,2003,20.8535640719574
CHN,2002,16.0082608205277
CHN,2001,11.3253430460055
CHN,2000,6.71560052077804
CHN,1999,3.448689963
CHN,1998,1.913884263
CHN,1997,1.069072913
CHN,1996,0.557926117
CHN,1995,0.29791213
CHN,1994,0.129878018
CHN,1993,0.053350925
CHN,1992,0.014946866
CHN,1991,0.004061416
CHN,1990,0.001587842
COL,2024,174.094289675393
COL,2023,166.980107777443
COL,2022,156.195161137443
COL,2021,146.627837254516
COL,2020,133.661019178018
COL,2019,132.810761644655
COL,2018,131.595473810882
COL,2017,129.272014227481
COL,2016,123.709953422515
COL,2015,122.051401385652
COL,2014,118.822639860142
COL,2013,108.978088379372
COL,2012,107.329081558437
COL,2011,102.07868984477
COL,2010,99.3307638628387
COL,2009,95.2296035956824
COL,2008,94.5289757435806
COL,2007,78.5031210785872
COL,2006,69.7164658550249
COL,2005,51.8645230811088
COL,2004,25.0355900853115
COL,2003,15.1113691091837
COL,2002,11.3989596445651
COL,2001,8.22292038567728
COL,2000,5.7733558721281
COL,1999,5.096626456
COL,1998,4.744384773
COL,1997,3.391517836
COL,1996,1.42730078
COL,1995,0.763384012
COL,1994,0.245938139
COL,1993,0.0
COL,1992,0.0
COL,1991,0.0
COL,1990,0.0
COM,2023,109.855630436495
COM,2022,100.549036907747
COM,2021,104.311430086999
COM,2020,97.4339379901591
COM,2019,73.1291747290161
COM,2018,64.6590805998004
COM,2017,61.9708221164076
COM,2016,61.2597928387402
COM,2015,58.4555555249752
COM,2014,53.8297097833741
COM,2013,49.9143914322486
COM,2012,41.5930930270088
COM,2011,32.3981821883195
COM,2010,25.2396019766781
COM,2009,19.097526742862
COM,2008,14.578099401405
COM,2007,10.0666691521039
COM,2006,6.09786144095193
COM,2005,2.61913318721665
COM,2004,1.44273158097757
COM,2003,0.351001583017139
COM,2002,0.0
COM,2001,0.0
COM,2000,0.0
COM,1999,0.0
COM,1998,0.0
COM,1997,0.0
COM,1996,0.0
COM,1995,0.0
COM,1994,0.0
COM,1993,0.0
COM,1992,0.0
COM,1991,0.0
COM,1990,0.0
COD,2024,58.532153345468
COD,2023,53.1888827659463
COD,2022,48.6773534153863
COD,2021,47.2882541992485
COD,2020,42.5027574227056
COD,2019,39.9399996397964
COD,2018,40.5014483221793
COD,2017,40.6222618919854
COD,2016,34.4098982787676
COD,2015,46.5879368397055
COD,2014,47.3232446178692
COD,2013,37.2504622843341
COD,2012,27.4285479176207
COD,2011,22.081904226281
COD,2010,17.2401170438218
COD,2009,14.2422314241676
COD,2008,15.4333274152911
COD,2007,10.5509558026352
COD,2006,7.28434192555525
COD,2005,4.672156824474
COD,2004,3.49263315540874
COD,2003,2.25178518877259
COD,2002,1.04185030828723
COD,2001,0.287727578607846
COD,2000,0.0296985937240694
COD,1999,0.025409066
COD,1998,0.021788617
COD,1997,0.019856233
COD,1996,0.016319607
COD,1995,0.019636928
COD,1991,0.0
COD,1990,0.0
COG,2024,95.5319320614796
COG,2023,94.8715365076336
COG,2022,93.6259259161068
COG,2021,95.8614998889206
COG,2020,97.6561289989503
COG,2019,91.0654212529473
COG,2018,91.1889913731567
COG,2017,94.4868175378447
COG,2016,103.857589492921
COG,2015,102.323043027664
COG,2014,99.0799617354116
COG,2013,95.9371427265534
COG,2012,90.3528989863831
COG,2011,84.2730931396327
COG,2010,83.3372102664775
COG,2009,68.8659935406248
COG,2008,43.9283464733463
COG,2007,32.3490426913675
COG,2006,23.9093357002081
COG,2005,15.1009916964998
COG,2004,10.7599828806407
COG,2003,9.57700682550374
COG,2002,6.61937207884394
COG,2001,4.58359981873391
COG,2000,2.22127377357922
COG,1999,0.165746278
COG,1998,0.115417379
COG,1996,0.035503862
COG,1995,0.0
COG,1994,0.0
COG,1993,0.0
COG,1992,0.0
COG,1991,0.0
COG,1990,0.0
CRI,2024,136.024511151268
CRI,2023,133.527658761832
CRI,2022,136.518375013406
CRI,2021,140.788061157457
CRI,2020,142.481526800044
CRI,2019,144.514079558713
CRI,2018,171.357339055205
CRI,2017,179.931274611112
CRI,2016,171.166374015358
CRI,2015,156.403893036958
CRI,2014,147.26739567441
CRI,2013,150.800664186252
CRI,2012,115.312137778965
CRI,2011,90.0914848759163
CRI,2010,68.6654541894774
CRI,2009,43.3424130142933
CRI,2008,42.4897794081876
CRI,2007,34.4322741543401
CRI,2006,33.4090120194199
CRI,2005,25.8447071744375
CRI,2004,21.977782317376
CRI,2003,18.8050161593357
CRI,2002,12.3286155401335
CRI,2001,8.15535850187094
CRI,2000,5.37399761639865
CRI,1999,3.541727008
CRI,1998,2.846322652
CRI,1997,1.721843643
CRI,1996,1.272648304
CRI,1995,0.524790252
CRI,1994,0.200191909
CRI,1993,0.133113211
CRI,1992,0.090549498
CRI,1991,0.0
CRI,1990,0.0
CIV,2024,183.875985110648
CIV,2023,171.988943341282
CIV,2022,161.231833444196
CIV,2021,150.343798608733
CIV,2020,138.663750301785
CIV,2019,132.574011521792
CIV,2018,123.098008449044
CIV,2017,118.755063895419
CIV,2016,105.624772864173
CIV,2015,100.638777689061
CIV,2014,90.1219840101242
CIV,2013,80.9986810652982
CIV,2012,77.1273355805099
CIV,2011,75.4688103733356
CIV,2010,69.3658791896946
CIV,2009,59.9342847557544
CIV,2008,48.5675503786085
CIV,2007,35.5088438452275
CIV,2006,19.7861496888908
CIV,2005,11.7071226897453
CIV,2004,8.54468997193162
CIV,2003,6.69625990207232
CIV,2002,5.50560497365526
CIV,2001,4.00763786041553
CIV,2000,2.67219556535498
CIV,1999,1.573080065
CIV,1998,0.575143814
CIV,1997,0.234750142
CIV,1996,0.091479639
CIV,1995,0.0
CIV,1994,0.0
CIV,1993,0.0
CIV,1992,0.0
CIV,1991,0.0
CIV,1990,0.0
HRV,2024,121.732525659138
HRV,2023,117.112604314708
HRV,2022,114.677195729643
HRV,2021,112.169438491978
HRV,2020,110.666299439701
HRV,2019,110.493802074789
HRV,2018,109.034035401906
HRV,2017,105.794763679153
HRV,2016,106.718403536951
HRV,2015,105.543643003646
HRV,2014,105.732295385283
HRV,2013,111.281756214292
HRV,2012,116.719313041118
HRV,2011,119.489612280253
HRV,2010,114.582326334034
HRV,2009,108.455735141618
HRV,2008,105.56585256074
HRV,2007,116.650501835747
HRV,2006,101.839751610362
HRV,2005,84.6023570995094
HRV,2004,65.7880083228617
HRV,2003,58.9153701941586
HRV,2002,53.709175243893
HRV,2001,40.8037620371098
HRV,2000,23.8782923669213
HRV,1999,6.405622704
HRV,1998,3.916366162
HRV,1997,2.555942822
HRV,1996,1.364742106
HRV,1995,0.700796738
HRV,1994,0.449514112
HRV,1993,0.237500944
HRV,1992,0.131712739
HRV,1991,0.041675938
HRV,1990,0.004924384
CUB,2024,72.930002350684
CUB,2023,69.5767786567811
CUB,2022,68.7180442358013
CUB,2021,63.8661095570576
CUB,2020,59.6058696780721
CUB,2019,53.9383385257639
CUB,2018,47.8601543156489
CUB,2017,41.0193113711099
CUB,2016,35.3988758000897
CUB,2015,29.5816121680895
CUB,2014,22.4242641732624
CUB,2013,17.663909552762
CUB,2012,14.8776339391366
CUB,2011,11.6367981053254
CUB,2010,8.87827465571973
CUB,2009,5.49952592888765
CUB,2008,2.93785859106843
CUB,2007,1.75642086059413
CUB,2006,1.35403043830989
CUB,2005,1.20340377502297
CUB,2004,0.674425176594278
CUB,2003,0.315414327443357
CUB,2002,0.159705935664212
CUB,2001,0.0769822180857154
CUB,2000,0.0588346014068275
CUB,1999,0.04639527
CUB,1998,0.036759914
CUB,1997,0.027222812
CUB,1996,0.022138038
CUB,1995,0.017745518
CUB,1994,0.010581227
CUB,1993,0.004612149
CUB,1992,0.002169932
CUB,1991,0.0
CUB,1990,0.0
CUW,2023,93.7975591472655
CUW,2022,92.7324718767703
CUW,2021,90.6602271807463
CUW,2020,91.8829519290015
CUW,2019,97.200107627293
CUW,2018,102.647274249241
CUW,2017,111.077879845237
CUW,2016,111.241968745157
CUW,2015,114.330900535376
CUW,2014,116.689390220994
CUW,2013,124.764421337878
CUW,2012,127.231027410032
CUW,2011,130.099769181287
CUW,2010,130.051823379802
CUW,2009,129.053104444088
CYP,2024,156.218025662252
CYP,2023,148.333712748344
CYP,2022,146.71583605521
CYP,2021,142.051408905141
CYP,2020,135.588846364133
CYP,2019,137.76052748227
CYP,2018,134.843630644799
CYP,2017,133.940473480537
CYP,2016,130.334521209334
CYP,2015,128.631974994212
CYP,2014,129.042983271375
CYP,2013,127.862906976744
CYP,2012,128.74435044617
CYP,2011,126.559628770302
CYP,2010,123.133007859014
CYP,2009,119.340861921621
CYP,2008,127.586773748275
CYP,2007,127.29417825863
CYP,2006,114.498614592954
CYP,2005,105.175134408602
CYP,2004,89.8
CYP,2003,76.3248028772998
CYP,2002,58.5586380832282
CYP,2001,44.557760453579
CYP,2000,31.3009318996416
CYP,1999,21.9622013
CYP,1998,17.04920193
CYP,1997,13.62085308
CYP,1996,10.62299265
CYP,1995,6.773274417
CYP,1994,3.589671362
CYP,1993,2.44295302
CYP,1992,1.594988536
CYP,1991,0.862497899
CYP,1990,0.544701415
CZE,2024,126.600163061009
CZE,2023,126.004753501387
CZE,2022,128.105295003482
CZE,2021,126.173145654465
CZE,2020,123.219460160155
CZE,2019,124.126150238634
CZE,2018,120.431679514249
CZE,2017,119.874291148129
CZE,2016,118.544499080322
CZE,2015,118.339820565816
CZE,2014,132.288685248373
CZE,2013,130.521237278882
CZE,2012,128.69010077246
CZE,2011,125.460303933748
CZE,2010,123.605282283555
CZE,2009,125.349158452872
CZE,2008,132.778736616777
CZE,2007,127.966877622661
CZE,2006,120.394905647853
CZE,2005,114.549637539441
CZE,2004,105.078395353483
CZE,2003,94.7289136642016
CZE,2002,84.0881284066711
CZE,2001,67.8967401672567
CZE,2000,42.454744664448
CZE,1999,18.97282769
CZE,1998,9.406584208
CZE,1997,5.12050537
CZE,1996,1.945627333
CZE,1995,0.474218514
CZE,1994,0.294817456
CZE,1993,0.136089876
CZE,1992,0.04510736
CZE,1991,0.012054318
CZE,1990,0.0
DNK,2024,126.686532566268
DNK,2023,126.717092547985
DNK,2022,126.48354098254
DNK,2021,125.604137839658
DNK,2020,124.370019531752
DNK,2019,124.573359763273
DNK,2018,124.550124408336
DNK,2017,123.86211468599
DNK,2016,121.941164424922
DNK,2015,124.553508356615
DNK,2014,126.869141573913
DNK,2013,125.21344682497
DNK,2012,130.416027276514
DNK,2011,128.762868998962
DNK,2010,115.734472895239
DNK,2009,123.727484183458
DNK,2008,119.353288564998
DNK,2007,115.497142141498
DNK,2006,107.186073542231
DNK,2005,100.547111340322
DNK,2004,95.6021520934582
DNK,2003,88.4332414453254
DNK,2002,83.2921530837568
DNK,2001,73.8998340681955
DNK,2000,62.9918994812027
DNK,1999,49.41084849
DNK,1998,36.44279893
DNK,1997,27.36235505
DNK,1996,25.04927694
DNK,1995,15.70646066
DNK,1994,9.657063946
DNK,1993,6.884952297
DNK,1992,4.078142483
DNK,1991,3.410855268
DNK,1990,2.881065749
DJI,2023,48.4504884885996
DJI,2022,46.7770531248021
DJI,2021,43.6423520933817
DJI,2020,39.2725038635961
DJI,2019,38.0143821719119
DJI,2018,36.8545231657962
DJI,2017,35.3657091447905
DJI,2016,33.271816300825
DJI,2015,30.8091732634986
DJI,2014,28.6271201146485
DJI,2013,24.7884901261545
DJI,2012,21.9776218597006
DJI,2011,20.3518393182072
DJI,2010,17.8030445546417
DJI,2009,14.1275025314664
DJI,2008,12.6407194080208
DJI,2007,7.95160360788906
DJI,2006,5.23707470751282
DJI,2005,5.24961062577532
DJI,2004,4.17394967341464
DJI,2003,2.82722345759595
DJI,2002,1.88543114782534
DJI,2001,0.388947158935478
DJI,2000,0.0307767242325222
DJI,1999,0.038922892
DJI,1998,0.03165832
DJI,1997,0.03039896
DJI,1996,0.017063549
DJI,1995,0.0
DJI,1994,0.0
DJI,1993,0.0
DJI,1992,0.0
DJI,1991,0.0
DJI,1990,0.0
DMA,2022,85.1898961482058
DMA,2021,92.5136156662004
DMA,2020,110.409483077561
DMA,2019,115.103123158515
DMA,2018,112.682254231819
DMA,2017,109.83123102079
DMA,2016,112.697181277476
DMA,2015,109.720210197415
DMA,2014,104.991971352649
DMA,2013,134.225059169476
DMA,2012,158.135362713041
DMA,2011,157.73970718144
DMA,2010,153.308935651113
DMA,2009,143.035548327138
DMA,2008,132.163708716995
DMA,2007,129.272154196988
DMA,2006,103.915356218934
DMA,2005,75.6539703785608
DMA,2004,60.9448061879998
DMA,2003,34.7083801491296
DMA,2002,17.8053739377185
DMA,2001,11.2904170571696
DMA,2000,1.75154354775146
DMA,1999,1.164517162
DMA,1998,0.942876208
DMA,1997,0.804852275
DMA,1996,0.666512448
DMA,1995,0.0
DMA,1994,0.0
DMA,1993,0.0
DMA,1992,0.0
DMA,1991,0.0
DMA,1990,0.0
DOM,2024,93.7095828968519
DOM,2023,91.8676246650308
DOM,2022,90.3760163850377
DOM,2021,87.5207623947766
DOM,2020,81.6619005659366
DOM,2019,82.1376141070859
DOM,2018,82.8937401810212
DOM,2017,82.2092066040533
DOM,2016,82.5303394895289
DOM,2015,84.3065756036826
DOM,2014,80.495501539039
DOM,2013,90.2546667185935
DOM,2012,88.7172926705772
DOM,2011,88.1873540123839
DOM,2010,90.5562579078275
DOM,2009,89.0106149754545
DOM,2008,75.320015501722
DOM,2007,58.3022249747188
DOM,2006,49.3048792642217
DOM,2005,39.2767007687993
DOM,2004,27.8318842222401
DOM,2003,23.293647877318
DOM,2002,19.2110692949295
DOM,2001,14.564687866208
DOM,2000,8.21779340858019
DOM,1999,5.045953253
DOM,1998,2.528143136
DOM,1997,1.737308953
DOM,1996,1.030251685
DOM,1995,0.711318386
DOM,1994,0.27175271
DOM,1993,0.136799086
DOM,1992,0.096804509
DOM,1991,0.077008662
DOM,1990,0.044410131
ECU,2024,101.598265014024
ECU,2023,101.031752745524
ECU,2022,98.1309025742238
ECU,2021,94.950621672761
ECU,2020,88.2554920433727
ECU,2019,91.4249181128443
ECU,2018,92.5117717203865
ECU,2017,87.421387212843
ECU,2016,84.1088342242983
ECU,2015,79.5746462378333
ECU,2014,103.558519410265
ECU,2013,105.181656022524
ECU,2012,105.680291422005
ECU,2011,100.042332662827
ECU,2010,98.0369371404011
ECU,2009,89.3147112152108
ECU,2008,80.1668409123935
ECU,2007,69.3707479349418
ECU,2006,60.2369096240834
ECU,2005,45.1123679534901
ECU,2004,26.0434408838874
ECU,2003,17.9337879345567
ECU,2002,11.8800801189058
ECU,2001,6.6545527212228
ECU,2000,3.80018261189865
ECU,1999,3.087202545
ECU,1998,1.990312216
ECU,1997,1.055277857
ECU,1996,0.507667711
ECU,1995,0.470346789
ECU,1994,0.166730527
ECU,1993,0.0
ECU,1992,0.0
ECU,1991,0.0
ECU,1990,0.0
EGY,2024,97.1295066037455
EGY,2023,92.8261626420085
EGY,2022,90.6794715776528
EGY,2021,84.0866220906029
EGY,2020,87.2316871725819
EGY,2019,88.6447815879102
EGY,2018,88.7420881346276
EGY,2017,99.2884367821237
EGY,2016,96.2091951594197
EGY,2015,94.3962460363651
EGY,2014,97.7313128919015
EGY,2013,104.585398175604
EGY,2012,103.904852847169
EGY,2011,91.5823290114783
EGY,2010,79.2198618342745
EGY,2009,63.2585121037051
EGY,2008,48.0833441516988
EGY,2007,35.7083780152706
EGY,2006,21.7666484648207
EGY,2005,16.8057130340828
EGY,2004,9.61664053535291
EGY,2003,7.44671264050805
EGY,2002,5.89552843443126
EGY,2001,3.74243009523559
EGY,2000,1.8607538216263
EGY,1999,0.688011068
EGY,1998,0.132638847
EGY,1997,0.09758824
EGY,1996,0.011239195
EGY,1995,0.011482554
EGY,1994,0.011741777
EGY,1993,0.011203574
EGY,1992,0.008189815
EGY,1991,0.007677735
EGY,1990,0.006991219
SLV,2024,176.517423814642
SLV,2023,179.705636976149
SLV,2022,183.248955984561
SLV,2021,176.973446325336
SLV,2020,159.575329772708
SLV,2019,167.088631599992
SLV,2018,151.668612868534
SLV,2017,152.538724748062
SLV,2016,155.419607147465
SLV,2015,150.947947466847
SLV,2014,149.171006440904
SLV,2013,146.475563213174
SLV,2012,141.462796298644
SLV,2011,136.551339569766
SLV,2010,126.895517965726
SLV,2009,125.097486408944
SLV,2008,115.282146492369
SLV,2007,102.122474801259
SLV,2006,64.1687154581421
SLV,2005,40.1585492686965
SLV,2004,30.519224117358
SLV,2003,19.1676423111463
SLV,2002,14.8467142872176
SLV,2001,14.3728782887572
SLV,2000,12.5118998224239
SLV,1999,8.632305466
SLV,1998,2.32985669
SLV,1997,0.68741209
SLV,1996,0.401404831
SLV,1995,0.234421373
SLV,1994,0.085507948
SLV,1993,0.028982486
SLV,1992,0.0
SLV,1991,0.0
SLV,1990,0.0
GNQ,2022,49.5380486763568
GNQ,2021,46.434813558898
GNQ,2020,43.3495410342634
GNQ,2019,36.942192354463
GNQ,2018,36.5760302693232
GNQ,2017,36.2336437113254
GNQ,2016,38.1683691534068
GNQ,2015,36.6825478378153
GNQ,2014,36.9002477447229
GNQ,2013,37.9420717892644
GNQ,2012,38.7385841174565
GNQ,2011,38.5606783509887
GNQ,2010,33.579601121871
GNQ,2009,17.6107030809045
GNQ,2008,16.5970512572266
GNQ,2007,14.4781495766589
GNQ,2006,12.1170140042389
GNQ,2005,10.2283486758563
GNQ,2004,6.87841212022887
GNQ,2003,4.89466446190536
GNQ,2002,4.01024115334536
GNQ,2001,2.00043742898447
GNQ,2000,0.710955396080361
GNQ,1999,0.091599138
GNQ,1998,0.04716277
GNQ,1997,0.049540103
GNQ,1996,0.010470791
GNQ,1995,0.0
GNQ,1994,0.0
GNQ,1993,0.0
GNQ,1992,0.0
GNQ,1991,0.0
GNQ,1990,0.0
ERI,2022,59.1248082166991
ERI,2021,53.7582573847458
ERI,2020,54.7205015934574
ERI,2019,40.4605403256719
ERI,2017,22.0610618449333
ERI,2016,16.1935649461164
ERI,2015,15.2952170085389
ERI,2014,13.4855143799717
ERI,2013,11.5420445230877
ERI,2012,10.0521635251769
ERI,2011,8.06870803088893
ERI,2010,6.29077416502727
ERI,2009,4.88696745195879
ERI,2008,3.85718703829491
ERI,2007,3.07477849040289
ERI,2006,2.29317381677543
ERI,2005,1.51953149219435
ERI,2004,0.769738796836681
ERI,2003,0.0
ERI,2002,0.0
ERI,2001,0.0
ERI,2000,0.0
ERI,1999,0.0
ERI,1998,0.0
ERI,1997,0.0
ERI,1996,0.0
ERI,1995,0.0
ERI,1994,0.0
ERI,1993,0.0
ERI,1992,0.0
ERI,1991,0.0
ERI,1990,0.0
EST,2024,151.131825017309
EST,2023,150.195729068839
EST,2022,152.270772859015
EST,2021,148.739589817601
EST,2020,144.832210121466
EST,2019,147.04692867619
EST,2018,145.543490183174
EST,2017,144.556616126155
EST,2016,144.235470787302
EST,2015,144.802963084675
EST,2014,144.360615678625
EST,2013,146.247455268495
EST,2012,151.196568013694
EST,2011,136.065402099509
EST,2010,124.136203591879
EST,2009,117.684904325724
EST,2008,121.494023517023
EST,2007,125.44512029119
EST,2006,123.151282965075
EST,2005,106.676173268145
EST,2004,92.1518394688099
EST,2003,76.6123937702885
EST,2002,63.866728044453
EST,2001,46.910647175312
EST,2000,39.8712380914204
EST,1999,27.57396163
EST,1998,17.50349184
EST,1997,10.14428522
EST,1996,4.8443196
EST,1995,2.096126379
EST,1994,0.933370468
EST,1993,0.480179948
EST,1992,0.162167672
EST,1991,0.036407139
EST,1990,0.0
SWZ,2024,139.833459658744
SWZ,2023,128.399211381334
SWZ,2022,121.491701239707
SWZ,2021,118.627490794327
SWZ,2020,104.747264466614
SWZ,2019,91.0519258836113
SWZ,2018,89.2003705956478
SWZ,2017,88.7130405501664
SWZ,2016,86.5588465316001
SWZ,2015,82.3406804087808
SWZ,2014,80.6829892484285
SWZ,2013,79.0272480287436
SWZ,2012,71.6279475345304
SWZ,2011,68.5737493883254
SWZ,2010,65.2905141006612
SWZ,2009,60.1212682768811
SWZ,2008,48.4152042043874
SWZ,2007,34.8398512888453
SWZ,2006,23.0534582031581
SWZ,2005,18.5353032653644
SWZ,2004,13.511511341749
SWZ,2003,7.96850098434424
SWZ,2002,6.41847917911427
SWZ,2001,5.23279267485139
SWZ,2000,3.16876861651562
SWZ,1999,1.374745917
SWZ,1998,0.46758818
SWZ,1997,0.0
SWZ,1996,0.0
SWZ,1995,0.0
SWZ,1994,0.0
SWZ,1993,0.0
SWZ,1992,0.0
SWZ,1991,0.0
SWZ,1990,0.0
ETH,2024,65.0825091944922
ETH,2023,59.8748744402242
ETH,2022,56.9642988837987
ETH,2021,52.8088633217211
ETH,2020,37.4208472347226
ETH,2019,36.2199307720652
ETH,2017,36.1094836260863
ETH,2016,47.9993274246983
ETH,2015,40.7363012371526
ETH,2014,30.1536033852735
ETH,2013,26.0536269908585
ETH,2012,21.4239594545095
ETH,2011,15.1655003216856
ETH,2010,7.57025899497312
ETH,2009,4.60380846952871
ETH,2008,2.28482954460171
ETH,2007,1.45421325867565
ETH,2006,1.07393125130028
ETH,2005,0.523980166770728
ETH,2004,0.204442313509778
ETH,2003,0.0695139494020418
ETH,2002,0.0703128868323795
ETH,2001,0.0395753139955781
ETH,2000,0.026341205254997
ETH,1999,0.010356869
ETH,1998,0.0
ETH,1997,0.0
ETH,1996,0.0
ETH,1995,0.0
ETH,1994,0.0
ETH,1993,0.0
ETH,1992,0.0
ETH,1991,0.0
ETH,1990,0.0
FRO,2022,105.80437318324
FRO,2021,111.093808630394
FRO,2020,112.600072261205
FRO,2019,106.012499517766
FRO,2018,111.282674295568
FRO,2017,112.690325020401
FRO,2016,110.023625386184
FRO,2015,108.833394690555
FRO,2014,120.19385440297
FRO,2013,119.61929617432
FRO,2012,122.106007361045
FRO,2011,121.990653815663
FRO,2010,123.41132263489
FRO,2009,117.537998308895
FRO,2008,113.118066724401
FRO,2007,107.622643066386
FRO,2006,103.17378376146
FRO,2005,86.9130084158723
FRO,2004,86.007039173626
FRO,2003,80.1847204942749
FRO,2002,74.1815619194055
FRO,2001,52.9563148788927
FRO,2000,37.1657578345707
FRO,1999,23.80594208
FRO,1998,14.52357071
FRO,1997,10.56499461
FRO,1996,7.397254067
FRO,1995,5.839516037
FRO,1994,4.441322426
FRO,1993,3.559073976
FRO,1992,3.734376698
FRO,1991,3.052766503
FRO,1990,0.0
FJI,2024,574.152332512188
FJI,2023,361.048644963723
FJI,2022,111.749120643187
FJI,2021,108.158405429846
FJI,2020,108.365037711907
FJI,2019,112.580732955222
FJI,2018,110.665300159184
FJI,2017,112.533863613853
FJI,2016,113.655748798367
FJI,2015,105.157101519958
FJI,2014,95.4871755750148
FJI,2013,101.533690110351
FJI,2012,93.8673192570263
FJI,2011,79.6285606945976
FJI,2010,76.6592085622115
FJI,2009,70.5437045806011
FJI,2008,66.4158361919816
FJI,2007,59.0364344331679
FJI,2006,31.9712702094085
FJI,2005,23.2326471958195
FJI,2004,16.2620687446676
FJI,2003,12.6842636265621
FJI,2002,10.4772571263413
FJI,2001,9.52605709066427
FJI,2000,6.54731962673726
FJI,1999,2.839370335
FJI,1998,0.98286377
FJI,1997,0.646306359
FJI,1996,0.464510168
FJI,1995,0.277691525
FJI,1994,0.139098942
FJI,1993,0.0
FJI,1992,0.0
FJI,1991,0.0
FJI,1990,0.0
FIN,2024,125.860954798649
FIN,2023,127.47302579722
FIN,2022,128.023293416281
FIN,2021,129.036333202492
FIN,2020,128.761294644181
FIN,2019,129.487723024493
FIN,2018,129.629119305202
FIN,2017,129.983392624641
FIN,2016,131.382780978293
FIN,2015,134.974123663686
FIN,2014,139.198825856641
FIN,2013,136.259014207069
FIN,2012,172.147209506663
FIN,2011,165.916854869706
FIN,2010,156.432080695834
FIN,2009,144.225654334936
FIN,2008,128.543485621291
FIN,2007,114.961871609523
FIN,2006,107.666807120897
FIN,2005,100.455921199859
FIN,2004,95.4066334770936
FIN,2003,91.0640126377458
FIN,2002,86.851880552542
FIN,2001,80.485935638422
FIN,2000,72.0339932637868
FIN,1999,63.37118775
FIN,1998,55.22384208
FIN,1997,42.07389889
FIN,1996,29.30898832
FIN,1995,20.34333586
FIN,1994,13.27633542
FIN,1993,9.65486751
FIN,1992,7.655924957
FIN,1991,6.365103571
FIN,1990,5.171356119
FRA,2023,116.687800394775
FRA,2022,115.950519429629
FRA,2021,113.952719366702
FRA,2020,110.387215275645
FRA,2019,109.600780374596
FRA,2018,107.482434668386
FRA,2017,105.718368398783
FRA,2016,103.816661597799
FRA,2015,102.718366606519
FRA,2014,101.132290573498
FRA,2013,98.347924466483
FRA,2012,97.1924631662654
FRA,2011,93.8529031474159
FRA,2010,91.1185789923179
FRA,2009,91.7782383081746
FRA,2008,92.3412305697068
FRA,2007,88.6688088543201
FRA,2006,83.2588797411526
FRA,2005,78.0332251997857
FRA,2004,72.8137640376017
FRA,2003,68.6552962485417
FRA,2002,63.9599870360405
FRA,2001,61.7599882267174
FRA,2000,48.8408617773499
FRA,1999,36.73125788
FRA,1998,19.30102205
FRA,1997,10.05768321
FRA,1996,4.273801074
FRA,1995,2.268352438
FRA,1994,1.542895357
FRA,1993,1.002563689
FRA,1992,0.767972059
FRA,1991,0.662015306
FRA,1990,0.502012864
PYF,2023,118.777524029055
PYF,2022,116.866159256432
PYF,2021,115.413592954766
PYF,2020,119.981805744084
PYF,2019,113.964606463728
PYF,2018,108.168968782946
PYF,2017,102.767711461082
PYF,2016,100.334195387889
PYF,2015,96.5695695047253
PYF,2014,92.3064398832072
PYF,2013,88.5949011385807
PYF,2012,83.3446851518214
PYF,2011,82.0039966584108
PYF,2010,79.7878631088772
PYF,2009,77.2822573762158
PYF,2008,69.7319835009446
PYF,2007,65.6238974920995
PYF,2006,57.745713710428
PYF,2005,46.2415272035051
PYF,2004,37.5507521885048
PYF,2003,23.8836101209282
PYF,2002,21.0876803551609
PYF,2001,27.5710066080288
PYF,2000,16.6016884624506
PYF,1999,8.884576272
PYF,1998,4.553651567
PYF,1997,2.270369317
PYF,1996,1.156091484
PYF,1995,0.496876161
PYF,1994,0.0
PYF,1993,0.0
PYF,1992,0.0
PYF,1991,0.0
PYF,1990,0.0
GAB,2024,125.337107593999
GAB,2023,122.606627765979
GAB,2022,123.233187164275
GAB,2021,132.30865873249
GAB,2020,131.301562643297
GAB,2019,131.975264871196
GAB,2018,132.465314660912
GAB,2017,123.475497241411
GAB,2016,141.050208874326
GAB,2015,138.244498133013
GAB,2014,148.237590091786
GAB,2013,143.499442515887
GAB,2012,138.488452744047
GAB,2011,133.010491109633
GAB,2010,93.6112366044355
GAB,2009,87.2675973605464
GAB,2008,80.887271143466
GAB,2007,75.1170933476071
GAB,2006,59.534904998021
GAB,2005,50.3377189536008
GAB,2004,34.4234596151262
GAB,2003,21.7021738344124
GAB,2002,20.7628974043498
GAB,2001,11.4539752548319
GAB,2000,9.40754422329747
GAB,1999,0.716574627
GAB,1998,0.801268275
GAB,1997,0.805217129
GAB,1996,0.590995488
GAB,1995,0.356517678
GAB,1994,0.236007136
GAB,1993,0.11263481
GAB,1992,0.026989357
GAB,1991,0.0
GAB,1990,0.0
GMB,2024,126.243773523653
GMB,2023,117.115660832998
GMB,2022,106.782250509204
GMB,2021,108.847403542688
GMB,2020,106.448259811355
GMB,2019,105.204644657943
GMB,2018,132.57837035012
GMB,2017,126.633674737607
GMB,2016,124.273821038818
GMB,2015,122.078516396055
GMB,2014,105.505264889158
GMB,2013,87.8808072933996
GMB,2012,74.6999893299085
GMB,2011,70.6308247268856
GMB,2010,76.7322734515709
GMB,2009,70.153818860738
GMB,2008,64.1491166497603
GMB,2007,45.3269217918035
GMB,2006,23.573187972774
GMB,2005,14.8453813562626
GMB,2004,10.7937275490467
GMB,2003,9.46367640692161
GMB,2002,6.51172664292491
GMB,2001,3.68458827393243
GMB,2000,0.384857506508215
GMB,1999,0.380021754
GMB,1998,0.372219506
GMB,1997,0.359452757
GMB,1996,0.242050865
GMB,1995,0.116088572
GMB,1994,0.067336605
GMB,1993,0.039116364
GMB,1992,0.018098713
GMB,1991,0.0
GMB,1990,0.0
GEO,2024,161.201784818537
GEO,2023,155.249965068869
GEO,2022,154.013561773213
GEO,2021,146.566472682371
GEO,2020,134.366007864735
GEO,2019,141.755414275788
GEO,2018,143.858127681082
GEO,2017,145.072490171662
GEO,2016,145.88058671059
GEO,2015,146.396495596946
GEO,2014,142.390867606876
GEO,2013,131.083096511666
GEO,2012,122.384147980521
GEO,2011,114.516931163867
GEO,2010,102.112900017326
GEO,2009,72.3920059015943
GEO,2008,69.9048638801176
GEO,2007,65.5237562348932
GEO,2006,42.6335344297177
GEO,2005,29.1671582469622
GEO,2004,20.7255885187471
GEO,2003,17.4085658904957
GEO,2002,12.2005278297688
GEO,2001,7.15802981540447
GEO,2000,4.49918883789188
GEO,1999,3.03204005
GEO,1998,1.327902213
GEO,1997,0.646547265
GEO,1996,0.048306419
GEO,1995,0.003075235
GEO,1994,0.0
GEO,1993,0.0
GEO,1992,0.0
GEO,1991,0.0
GEO,1990,0.0
DEU,2024,129.150921864378
DEU,2023,124.662572774586
DEU,2022,124.158264349285
DEU,2021,127.125099449404
DEU,2020,128.424798814302
DEU,2019,128.292298108313
DEU,2018,128.945577229674
DEU,2017,132.003261888443
DEU,2016,125.024012174369
DEU,2015,117.401165117624
DEU,2014,122.308668591557
DEU,2013,123.435398879553
DEU,2012,114.191945537857
DEU,2011,112.41947815744
DEU,2010,109.364084468464
DEU,2009,129.733283319711
DEU,2008,130.097465346683
DEU,2007,118.369804221089
DEU,2006,104.834680181706
DEU,2005,96.6168901963931
DEU,2004,86.8798237231984
DEU,2003,78.916971734145
DEU,2002,72.0472841129963
DEU,2001,68.5015729450642
DEU,2000,58.9286257003872
DEU,1999,28.74800454
DEU,1998,17.06605986
DEU,1997,10.1625708
DEU,1996,6.779755664
DEU,1995,4.59177788
DEU,1994,3.079172276
DEU,1993,2.20218591
DEU,1992,1.211756918
DEU,1991,0.666964587
DEU,1990,0.343465197
GHA,2024,113.647966704673
GHA,2023,98.8059221412722
GHA,2022,120.803416027053
GHA,2021,124.402625384529
GHA,2020,126.887391353856
GHA,2019,130.70523333401
GHA,2018,133.609992432498
GHA,2017,122.471765695646
GHA,2016,130.481366086196
GHA,2015,121.997156544235
GHA,2014,108.270496910446
GHA,2013,102.337999297675
GHA,2012,95.8261770997433
GHA,2011,81.1104488323626
GHA,2010,68.4473107845556
GHA,2009,60.7694975888344
GHA,2008,47.7132196500561
GHA,2007,32.1629441899404
GHA,2006,22.6001881366288
GHA,2005,12.8045967119533
GHA,2004,7.75094614130464
GHA,2003,3.73545578999193
GHA,2002,1.86582932404951
GHA,2001,1.20888662601392
GHA,2000,0.662241808064506
GHA,1999,0.365160156
GHA,1998,0.223102599
GHA,1997,0.119695381
GHA,1996,0.071542215
GHA,1995,0.035552754
GHA,1994,0.019576484
GHA,1993,0.010466464
GHA,1992,0.002462819
GHA,1991,0.0
GHA,1990,0.0
GIB,2022,97.6042968438406
GIB,2021,92.6501709262575
GIB,2020,97.9680977524673
GIB,2019,114.208035160872
GIB,2018,117.762667125724
GIB,2017,119.827712074755
GIB,2016,122.217600570444
GIB,2015,124.848612659296
GIB,2014,115.807759119861
GIB,2012,108.495426020169
GIB,2011,102.653190145294
GIB,2010,96.0061443932412
GIB,2009,92.7878532264867
GIB,2008,85.4897576694177
GIB,2007,79.9840031993601
GIB,2006,74.3393931202271
GIB,2005,68.5800500634365
GIB,2004,64.0501480062685
GIB,2003,56.2354106246021
GIB,2002,43.7174373899608
GIB,2001,35.4232201612612
GIB,2000,20.0584647587426
GIB,1999,13.17205272
GIB,1998,8.847155884
GIB,1997,5.877231171
GIB,1996,3.644829217
GIB,1995,2.407704655
GIB,1994,0.0
GIB,1993,0.0
GIB,1992,0.0
GIB,1991,0.0
GIB,1990,0.0
GRC,2024,113.597610306796
GRC,2023,110.79216956747
GRC,2022,109.026956114201
GRC,2021,108.643525000707
GRC,2020,106.669795200072
GRC,2019,110.855033355177
GRC,2018,113.418450589721
GRC,2017,120.305633506681
GRC,2016,116.365109232942
GRC,2015,116.133089816996
GRC,2014,111.488230327161
GRC,2013,114.142688333026
GRC,2012,120.926137220412
GRC,2011,109.174140891708
GRC,2010,110.499601336489
GRC,2009,119.688606543586
GRC,2008,124.577949442767
GRC,2007,111.309114095329
GRC,2006,99.6706911691004
GRC,2005,93.4348777662167
GRC,2004,85.1742405592579
GRC,2003,81.8448114209398
GRC,2002,85.5281565174832
GRC,2001,73.4448173983166
GRC,2000,55.0181194114426
GRC,1999,35.51072407
GRC,1998,18.71204971
GRC,1997,8.622311493
GRC,1996,4.924190605
GRC,1995,2.544760045
GRC,1994,1.436968369
GRC,1993,0.454397431
GRC,1992,0.0
GRC,1991,0.0
GRC,1990,0.0
GRL,2022,118.637256652974
GRL,2021,118.85048446673
GRL,2020,117.614122681883
GRL,2019,109.935097353969
GRL,2018,109.487462995328
GRL,2017,111.14479855897
GRL,2015,108.887738526624
GRL,2014,108.237053388639
GRL,2013,106.878063454426
GRL,2012,104.714854344993
GRL,2011,103.357145370729
GRL,2010,101.298265446709
GRL,2009,94.5967941686423
GRL,2008,98.5086743968514
GRL,2007,116.938466415413
GRL,2006,94.7559024664663
GRL,2005,81.6154521510097
GRL,2004,68.5908587695714
GRL,2003,52.4109864167298
GRL,2002,35.2063895957026
GRL,2001,28.1540834234458
GRL,2000,26.8889323773773
GRL,1999,24.09902684
GRL,1998,15.85624432
GRL,1997,11.55835355
GRL,1996,7.365975697
GRL,1995,3.678210368
GRL,1994,1.73070018
GRL,1993,0.78624255
GRL,1992,0.30706795
GRL,1991,0.0
GRL,1990,0.0
GRD,2022,95.759239776586
GRD,2021,86.5710270122035
GRD,2020,102.079232600717
GRD,2019,100.175028668489
GRD,2018,102.61904556102
GRD,2017,98.0413728581576
GRD,2016,103.337965777816
GRD,2015,104.439464229656
GRD,2014,102.645182770827
GRD,2013,117.194039845974
GRD,2012,115.19574373753
GRD,2011,107.830191204418
GRD,2010,109.284318821358
GRD,2009,102.84933575422
GRD,2008,54.1245851969413
GRD,2007,46.4893867284342
GRD,2006,41.9421618922232
GRD,2005,42.7014416680336
GRD,2004,39.6192932868655
GRD,2003,38.8422541420227
GRD,2002,6.96745507545847
GRD,2001,5.93960384120311
GRD,2000,4.00182408725838
GRD,1999,1.883471879
GRD,1998,1.327683616
GRD,1997,0.924697768
GRD,1996,0.543654503
GRD,1995,0.384393619
GRD,1994,0.339232752
GRD,1993,0.276002466
GRD,1992,0.179136975
GRD,1991,0.147356603
GRD,1990,0.151443254
GUM,2004,59.8254074842806
GUM,2003,48.9159418157745
GUM,2002,43.43406339525
GUM,2001,20.207154324393
GUM,2000,16.9930965545247
GUM,1999,12.6266612
GUM,1998,8.210057752
GUM,1997,3.675889328
GUM,1996,3.811218894
GUM,1995,3.307927032
GUM,1994,2.771878086
GUM,1993,1.3102837
GUM,1992,0.908690884
GUM,1991,0.616033935
GUM,1990,0.0
GTM,2024,112.520863034346
GTM,2023,113.709374947241
GTM,2022,115.156435692604
GTM,2021,125.718955715353
GTM,2020,117.475884100805
GTM,2019,122.043793418341
GTM,2018,121.500075538632
GTM,2017,120.637721514663
GTM,2016,112.267437714983
GTM,2015,113.459063296974
GTM,2014,107.844073276377
GTM,2013,141.131353657881
GTM,2012,137.757231829214
GTM,2011,131.685634641025
GTM,2010,124.605727183349
GTM,2009,121.749666616511
GTM,2008,107.272718661425
GTM,2007,87.1486092920912
GTM,2006,53.703138345141
GTM,2005,34.4605352122986
GTM,2004,24.7376946550128
GTM,2003,16.2446245130667
GTM,2002,12.8774062692523
GTM,2001,9.57808154813156
GTM,2000,7.3248494220007
GTM,1999,2.946742985
GTM,1998,0.996465318
GTM,1997,0.588645184
GTM,1996,0.408387918
GTM,1995,0.289479296
GTM,1994,0.103636274
GTM,1993,0.030411311
GTM,1992,0.022356507
GTM,1991,0.01308744
GTM,1990,0.003225174
GIN,2023,97.8794996455513
GIN,2022,95.3174629318803
GIN,2021,110.185519681138
GIN,2020,107.776552007403
GIN,2019,98.7621473298315
GIN,2018,94.5550074326391
GIN,2017,94.4640894763856
GIN,2016,92.0232948978011
GIN,2015,91.475617974568
GIN,2014,75.686895511554
GIN,2013,66.4452768540172
GIN,2012,51.1345381222737
GIN,2011,45.6101779050204
GIN,2010,38.4760187632153
GIN,2009,34.3962962020929
GIN,2008,27.7809487345525
GIN,2007,20.6990461155083
GIN,2005,2.04416167956111
GIN,2004,1.70919875542966
GIN,2003,1.2569355505451
GIN,2002,1.04647578194586
GIN,2001,0.6518765895859
GIN,2000,0.499618452473605
GIN,1999,0.308040578
GIN,1998,0.269838956
GIN,1997,0.036568544
GIN,1996,0.012364775
GIN,1995,0.012720352
GIN,1994,0.01118132
GIN,1993,0.000596075
GIN,1992,0.0
GIN,1991,0.0
GIN,1990,0.0
GNB,2024,147.197631273872
GNB,2023,128.110529740092
GNB,2022,125.934670099533
GNB,2021,108.62961248586
GNB,2020,95.0628708236165
GNB,2019,80.8245277725828
GNB,2018,77.0219356476645
GNB,2017,76.4393694008541
GNB,2016,70.1915996185367
GNB,2015,69.3267736083208
GNB,2014,63.654183911294
GNB,2013,55.420045012509
GNB,2012,63.5328932668127
GNB,2011,45.5596626030113
GNB,2010,43.2448876270711
GNB,2009,36.7107863915664
GNB,2008,33.6114146395225
GNB,2007,20.4152900165818
GNB,2006,11.1163475241697
GNB,2005,7.15301628202391
GNB,2004,2.92324256074003
GNB,2003,0.0966783590611508
GNB,2002,0.0
GNB,2001,0.0
GNB,2000,0.0
GNB,1999,0.0
GNB,1998,0.0
GNB,1997,0.0
GNB,1996,0.0
GNB,1995,0.0
GNB,1994,0.0
GNB,1993,0.0
GNB,1992,0.0
GNB,1991,0.0
GNB,1990,0.0
GUY,2022,112.56503784518
GUY,2021,104.968595260226
GUY,2020,106.008686272494
GUY,2019,96.327066296051
GUY,2017,83.6990991295793
GUY,2016,76.5713484941353
GUY,2015,71.5091706302609
GUY,2014,75.1635113473494
GUY,2013,74.002594594018
GUY,2012,73.3023980018438
GUY,2011,70.8644205678996
GUY,2010,74.7937954450815
GUY,2009,64.9563751339593
GUY,2008,59.3381181702769
GUY,2007,71.1853299350872
GUY,2006,52.7032831510239
GUY,2005,36.9776347918424
GUY,2004,22.5146835462961
GUY,2003,18.0782098306777
GUY,2002,10.3974061483503
GUY,2001,9.8524873868017
GUY,2000,5.20767959499603
GUY,1999,0.371365173
GUY,1998,0.192151141
GUY,1997,0.185378656
GUY,1996,0.159242008
GUY,1995,0.16536094
GUY,1994,0.166901031
GUY,1993,0.13771616
GUY,1992,0.112886209
GUY,1991,0.0
GUY,1990,0.0
HTI,2022,65.1889329311174
HTI,2021,64.3451990252656
HTI,2020,65.0933737275708
HTI,2019,61.6234088594647
HTI,2018,60.232256515521
HTI,2017,58.2917858919698
HTI,2016,60.9477225087446
HTI,2015,69.3702568086907
HTI,2014,65.2574823572396
HTI,2013,70.044477000521
HTI,2012,60.5271659107243
HTI,2011,42.360470661138
HTI,2010,40.8026118567902
HTI,2009,37.6486867698407
HTI,2008,33.5754472826656
HTI,2007,26.6715144811388
HTI,2006,13.020039359579
HTI,2005,5.52019567228578
HTI,2004,4.48920531301938
HTI,2003,3.65300473338088
HTI,2002,1.62646188427236
HTI,2001,1.08208239483874
HTI,2000,0.662399130161549
HTI,1999,0.304545982
HTI,1998,0.124055688
HTI,1997,0.0
HTI,1996,0.0
HTI,1995,0.0
HTI,1994,0.0
HTI,1993,0.0
HTI,1992,0.0
HTI,1991,0.0
HTI,1990,0.0
HND,2024,70.9397440517258
HND,2023,74.4148227156961
HND,2022,75.8551423411907
HND,2021,73.4771659564055
HND,2020,68.7836128557933
HND,2019,76.0268304351136
HND,2018,77.7100953282111
HND,2017,85.8717287831828
HND,2016,83.2180808679633
HND,2015,87.1291789109486
HND,2014,85.2365443166273
HND,2013,87.3775687969259
HND,2012,84.5664914453988
HND,2011,94.399047465495
HND,2010,113.617136181044
HND,2009,102.452484456768
HND,2008,77.5119321637319
HND,2007,53.4134255918276
HND,2006,29.2647925408315
HND,2005,17.1356133802153
HND,2004,9.68902015812042
HND,2003,5.32870697926864
HND,2002,4.70549985235325
HND,2001,3.51626584993503
HND,2000,2.36054056593318
HND,1999,1.213271137
HND,1998,0.553155193
HND,1997,0.234810173
HND,1996,0.038667793
HND,1995,0.0
HND,1994,0.0
HND,1993,0.0
HND,1992,0.0
HND,1991,0.0
HND,1990,0.0
HKG,2024,364.848981963231
HKG,2023,319.493898344345
HKG,2022,292.80765987826
HKG,2021,319.852066930488
HKG,2020,291.916274990037
HKG,2019,286.618647834243
HKG,2018,266.34009236007
HKG,2017,247.078996858382
HKG,2016,237.377770818344
HKG,2015,227.03653842734
HKG,2014,231.702338725003
HKG,2013,233.650196473593
HKG,2012,227.571131531867
HKG,2011,214.097553258659
HKG,2010,194.233637212483
HKG,2009,178.317359257252
HKG,2008,164.943198594896
HKG,2007,154.225934880572
HKG,2006,136.257644901451
HKG,2005,123.677676990299
HKG,2004,119.247453929299
HKG,2003,107.148296368503
HKG,2002,93.759602123198
HKG,2001,85.2695040727084
HKG,2000,81.2471139493344
HKG,1999,64.36421516
HKG,1998,48.4928334
HKG,1997,34.61854216
HKG,1996,21.50269269
HKG,1995,12.78653153
HKG,1994,7.859394197
HKG,1993,4.775897697
HKG,1992,3.883758885
HKG,1991,3.201919423
HKG,1990,2.293573739
HUN,2024,104.58063059269
HUN,2023,105.054424922699
HUN,2022,105.793848314995
HUN,2021,105.137285804787
HUN,2020,105.981902376717
HUN,2019,105.141557934591
HUN,2018,102.737202940663
HUN,2017,101.629260697653
HUN,2016,101.442011503556
HUN,2015,100.623739037612
HUN,2014,118.895659080821
HUN,2013,117.200126277309
HUN,2012,116.767825095297
HUN,2011,117.526065994308
HUN,2010,120.369453085535
HUN,2009,117.908502208396
HUN,2008,122.038350719207
HUN,2007,109.924654791539
HUN,2006,99.1619554459165
HUN,2005,92.5916175179366
HUN,2004,86.5295344708214
HUN,2003,78.5895249591872
HUN,2002,67.9206400652722
HUN,2001,48.8598550757424
HUN,2000,30.1874178164191
HUN,1999,15.91507583
HUN,1998,10.42936893
HUN,1997,6.861470978
HUN,1996,4.589519791
HUN,1995,2.566046652
HUN,1994,1.382653252
HUN,1993,0.441345432
HUN,1992,0.224608151
HUN,1991,0.081708017
HUN,1990,0.025491543
ISL,2024,120.927513243653
ISL,2023,121.475495280706
ISL,2022,120.114839781678
ISL,2021,117.34255750797
ISL,2020,114.939418571031
ISL,2019,114.623232603271
ISL,2018,116.581078859812
ISL,2017,116.796155223255
ISL,2016,119.679414972554
ISL,2015,116.004435688559
ISL,2014,112.987310388627
ISL,2013,109.997066860151
ISL,2012,109.747195651429
ISL,2011,107.817332368231
ISL,2010,107.203653530636
ISL,2009,106.62341656937
ISL,2008,106.112486378553
ISL,2007,104.635634090698
ISL,2006,99.357628490756
ISL,2005,95.3758666460042
ISL,2004,99.2812354535747
ISL,2003,96.5694653061929
ISL,2002,90.5534288108426
ISL,2001,87.0473210245112
ISL,2000,76.3993174061433
ISL,1999,62.17501243
ISL,1998,38.01884901
ISL,1997,24.08938811
ISL,1996,17.39083586
ISL,1995,11.53724022
ISL,1994,8.205496124
ISL,1993,6.596017156
ISL,1992,5.837435218
ISL,1991,4.99591071
ISL,1990,3.92519773
IND,2024,79.3526921826412
IND,2023,80.5631998772888
IND,2022,80.1818007717416
IND,2021,81.603974311212
IND,2020,82.2540479927426
IND,2019,82.898144918237
IND,2018,85.5500756367908
IND,2017,85.9703537817688
IND,2016,83.917838213735
IND,2015,75.379332347226
IND,2014,71.9366825449914
IND,2013,68.3966708179098
IND,2012,67.6263517922249
IND,2011,70.8725652125021
IND,2010,60.4906435106584
IND,2009,42.8461358054675
IND,2008,28.7177007907217
IND,2007,19.620786501083
IND,2006,14.1574719620028
IND,2005,7.80651670797836
IND,2004,4.59686532886976
IND,2003,3.01664660813064
IND,2002,1.18440192230983
IND,2001,0.606736120789472
IND,2000,0.338124410074474
IND,1999,0.181096675
IND,1998,0.11703148
IND,1997,0.08797845
IND,1996,0.033354344
IND,1995,0.007952054
IND,1994,0.0
IND,1993,0.0
IND,1992,0.0
IND,1991,0.0
IND,1990,0.0
IDN,2024,122.514946500491
IDN,2023,125.238194847046
IDN,2022,122.873012230307
IDN,2021,132.199444256099
IDN,2020,129.40362112725
IDN,2019,125.244348145809
IDN,2018,118.330216938024
IDN,2017,162.782511760443
IDN,2016,145.704251250337
IDN,2015,129.468797674053
IDN,2014,125.767185647597
IDN,2013,122.424816798816
IDN,2012,111.581048999
IDN,2011,100.134519965107
IDN,2010,85.7838690956097
IDN,2009,67.2958400448831
IDN,2008,58.5357555358068
IDN,2007,39.3933857996178
IDN,2006,27.2718805165778
IDN,2005,20.3186367836848
IDN,2004,13.3098113507561
IDN,2003,8.21835801363769
IDN,2002,5.26817023997574
IDN,2001,2.97627085447856
IDN,2000,1.69815092981097
IDN,1999,1.052607358
IDN,1998,0.512769723
IDN,1997,0.447726102
IDN,1996,0.279339729
IDN,1995,0.106310098
IDN,1994,0.040026977
IDN,1993,0.027870427
IDN,1992,0.018851452
IDN,1991,0.013232541
IDN,1990,0.009934131
IRN,2024,174.066388972063
IRN,2023,166.279821209677
IRN,2022,162.712943709127
IRN,2021,153.624638869213
IRN,2020,145.485569917724
IRN,2019,135.622267599115
IRN,2018,103.024273741245
IRN,2017,102.375956866471
IRN,2016,96.0721972454902
IRN,2015,89.8322296412795
IRN,2014,84.5268986808859
IRN,2013,81.1371930246672
IRN,2012,73.2734207057577
IRN,2011,71.4983841389879
IRN,2010,69.8155207353596
IRN,2009,68.7372417407898
IRN,2008,56.9429295712367
IRN,2007,39.9047497616975
IRN,2006,20.9629556446497
IRN,2005,11.8483865482002
IRN,2004,7.22451487493309
IRN,2003,5.01659024210498
IRN,2002,3.35112316675179
IRN,2001,3.09457517237627
IRN,2000,1.44928400315941
IRN,1999,0.760728883
IRN,1998,0.614505622
IRN,1997,0.382426321
IRN,1996,0.097351589
IRN,1995,0.026156838
IRN,1994,0.015336976
IRN,1993,0.0
IRN,1992,0.0
IRN,1991,0.0
IRN,1990,0.0
IRQ,2024,100.080276677726
IRQ,2023,101.388721479182
IRQ,2022,99.1323661916548
IRQ,2021,94.6092832170426
IRQ,2020,88.9799284628949
IRQ,2019,90.3685290100393
IRQ,2018,90.7159740030354
IRQ,2017,84.9464629712121
IRQ,2016,86.9439155206782
IRQ,2015,89.3464376905175
IRQ,2014,90.2871319578445
IRQ,2013,91.9732728220056
IRQ,2012,79.5011903487766
IRQ,2011,79.346611020706
IRQ,2010,74.9368134361824
IRQ,2009,66.9264027267629
IRQ,2008,60.5052577339657
IRQ,2007,49.3851299082859
IRQ,2006,32.6572645201556
IRQ,2005,5.39647208013898
IRQ,2004,2.0813784149745
IRQ,2003,0.298477848783585
IRQ,2002,0.076903676491765
IRQ,2001,0.0
IRQ,2000,0.0
IRQ,1999,0.0
IRQ,1998,0.0
IRQ,1997,0.0
IRQ,1996,0.0
IRQ,1995,0.0
IRQ,1994,0.0
IRQ,1993,0.0
IRQ,1992,0.0
IRQ,1991,0.0
IRQ,1990,0.0
IRL,2024,112.638817343502
IRL,2023,110.798344311602
IRL,2022,110.608851322579
IRL,2021,106.86972424373
IRL,2020,105.045612677382
IRL,2019,104.597515228061
IRL,2018,102.030494877842
IRL,2017,101.842124574945
IRL,2016,102.558386941167
IRL,2015,104.242903808134
IRL,2014,105.460883393918
IRL,2013,105.53780299895
IRL,2012,108.989828987516
IRL,2011,107.134899495633
IRL,2010,103.123305579196
IRL,2009,103.766086014409
IRL,2008,112.530720581971
IRL,2007,113.137687313091
IRL,2006,109.870670248019
IRL,2005,102.760725861337
IRL,2004,94.9321014130619
IRL,2003,87.6548203264015
IRL,2002,76.3661328419427
IRL,2001,76.8836295078852
IRL,2000,64.7191318537258
IRL,1999,45.08171161
IRL,1998,25.71583674
IRL,1997,14.9719105
IRL,1996,8.001712355
IRL,1995,4.414046502
IRL,1994,2.472328186
IRL,1993,1.723214034
IRL,1992,1.24703581
IRL,1991,0.913032251
IRL,1990,0.717283138
ISR,2024,177.393104798636
ISR,2023,153.336641345572
ISR,2022,151.1379631075
ISR,2021,139.775312861878
ISR,2020,139.425860895034
ISR,2019,135.143345507015
ISR,2018,125.733440171505
ISR,2017,126.049460421008
ISR,2016,128.745353991867
ISR,2015,131.256932278377
ISR,2014,120.296120931284
ISR,2013,122.590468216873
ISR,2012,121.257449610793
ISR,2011,123.142439797067
ISR,2010,124.183304971489
ISR,2009,125.199553267123
ISR,2008,126.817477148287
ISR,2007,127.857199795187
ISR,2006,122.789680118386
ISR,2005,115.290762500435
ISR,2004,109.173998769782
ISR,2003,101.776875263347
ISR,2002,98.6268652977901
ISR,2001,87.8695977081084
ISR,2000,71.9990705574528
ISR,1999,48.04734265
ISR,1998,36.57890002
ISR,1997,29.11996501
ISR,1996,18.66517808
ISR,1995,8.130637479
ISR,1994,2.495654932
ISR,1993,1.236984936
ISR,1992,0.710794293
ISR,1991,0.465322169
ISR,1990,0.317284907
ITA,2024,132.575141676252
ITA,2023,131.871674517747
ITA,2022,131.673965640047
ITA,2021,130.781488497698
ITA,2020,129.49000571147
ITA,2019,132.181234381376
ITA,2018,138.264671531909
ITA,2017,138.882433107903
ITA,2016,142.127307324616
ITA,2015,144.763979440074
ITA,2014,148.21699121216
ITA,2013,159.698153133449
ITA,2012,160.558717223582
ITA,2011,159.092737727414
ITA,2010,155.684057564253
ITA,2009,150.295257362571
ITA,2008,151.676369660737
ITA,2007,151.925130505279
ITA,2006,136.871374454418
ITA,2005,122.181092098347
ITA,2004,107.860980448921
ITA,2003,98.3205679683228
ITA,2002,94.3911654884722
ITA,2001,89.4255655975944
ITA,2000,73.7635413875173
ITA,1999,53.20214913
ITA,1998,35.98428894
ITA,1997,20.61965576
ITA,1996,11.2866712
ITA,1995,6.896354594
ITA,1994,3.937850938
ITA,1993,2.122712485
ITA,1992,1.377716182
ITA,1991,1.000097034
ITA,1990,0.468668283
JAM,2024,117.693907561175
JAM,2023,115.092228780619
JAM,2022,105.762018411183
JAM,2021,102.38666630017
JAM,2020,101.50208125864
JAM,2019,107.105304450051
JAM,2018,105.137305560766
JAM,2017,109.782709062265
JAM,2016,116.279104528073
JAM,2015,111.942013905986
JAM,2014,107.579098909745
JAM,2013,102.24554700295
JAM,2012,97.9262957044903
JAM,2011,106.698112729098
JAM,2010,115.769193267185
JAM,2009,108.003887475132
JAM,2008,99.9151757296924
JAM,2007,98.9141056820694
JAM,2006,84.2161032637188
JAM,2005,73.7408013052154
JAM,2004,68.7648682277877
JAM,2003,59.336985338153
JAM,2002,47.1479664254563
JAM,2001,22.7795045196946
JAM,2000,14.0711841971052
JAM,1999,5.561363032
JAM,1998,3.051502251
JAM,1997,2.583021064
JAM,1996,2.157216212
JAM,1995,1.798776746
JAM,1994,1.050889186
JAM,1993,0.618975853
JAM,1992,0.313319702
JAM,1991,0.101456672
JAM,1990,0.0
JPN,2023,178.432441299977
JPN,2022,168.602943650636
JPN,2021,159.516123485628
JPN,2020,154.432206765516
JPN,2019,147.209910756974
JPN,2018,141.728728918149
JPN,2017,135.985843116605
JPN,2016,131.214861037498
JPN,2015,126.150959704287
JPN,2014,123.822099584501
JPN,2013,115.787169243408
JPN,2012,110.319058838317
JPN,2011,103.641547955059
JPN,2010,96.1788512760143
JPN,2009,90.7193519244929
JPN,2008,86.1411128734599
JPN,2007,83.8011886263973
JPN,2006,77.9907399102107
JPN,2005,75.4291988176682
JPN,2004,71.5670665187225
JPN,2003,67.8735418673073
JPN,2002,63.6299013940492
JPN,2001,58.7922921478922
JPN,2000,52.5746173540028
JPN,1999,44.91767666
JPN,1998,37.45403769
JPN,1997,30.35349093
JPN,1996,21.40087434
JPN,1995,9.337292835
JPN,1994,3.461792124
JPN,1993,1.70810566
JPN,1992,1.376149484
JPN,1991,1.110714636
JPN,1990,0.701838322
JOR,2024,69.6426153972396
JOR,2023,67.545678186078
JOR,2022,67.7457074341635
JOR,2021,65.7448847660422
JOR,2020,64.3142601333354
JOR,2019,72.8902684631993
JOR,2018,83.4592297338656
JOR,2017,94.8121235548248
JOR,2016,98.1219857316846
JOR,2015,144.561128974956
JOR,2014,126.168902295458
JOR,2013,129.056838070079
JOR,2012,118.414414309923
JOR,2011,100.02856789936
JOR,2010,90.7216800010634
JOR,2009,84.2141418220428
JOR,2008,76.0181096461649
JOR,2007,69.8913482736109
JOR,2006,67.5719512690336
JOR,2005,52.0383900257182
JOR,2004,27.6112403458584
JOR,2003,23.0817258893857
JOR,2002,21.7162155857855
JOR,2001,15.7418382678408
JOR,2000,7.22021479706958
JOR,1999,2.391888139
JOR,1998,1.701530612
JOR,1997,0.951419249
JOR,1996,0.523208835
JOR,1995,0.265578334
JOR,1994,0.03379953
JOR,1993,0.035723408
JOR,1992,0.03780819
JOR,1991,0.039875856
JOR,1990,0.041343601
KAZ,2024,127.085151242164
KAZ,2023,127.114775212168
KAZ,2022,125.641583521795
KAZ,2021,123.943942754522
KAZ,2020,124.698460644703
KAZ,2019,133.879728083238
KAZ,2018,137.674831523214
KAZ,2017,143.112796203246
KAZ,2016,139.051166437953
KAZ,2015,145.482493555551
KAZ,2014,160.502596360577
KAZ,2013,172.955295992334
KAZ,2012,174.709434924298
KAZ,2011,147.90107255349
KAZ,2010,115.239169415109
KAZ,2009,102.667617979132
KAZ,2008,90.7713165139918
KAZ,2007,75.7982025702559
KAZ,2006,48.2853584849609
KAZ,2005,33.8048625269968
KAZ,2004,15.4383309340935
KAZ,2003,8.45048509656845
KAZ,2002,6.55950173845957
KAZ,2001,3.73662567292969
KAZ,2000,1.27281265081588
KAZ,1999,0.324457083
KAZ,1998,0.191931708
KAZ,1997,0.070807169
KAZ,1996,0.060690346
KAZ,1995,0.027990199
KAZ,1994,0.002388466
KAZ,1993,0.0
KAZ,1992,0.0
KAZ,1991,0.0
KAZ,1990,0.0
KEN,2024,126.477706000949
KEN,2023,120.612416887959
KEN,2022,121.168999135357
KEN,2021,122.297519656734
KEN,2020,117.602526394779
KEN,2019,106.547822056778
KEN,2018,98.5944679106884
KEN,2017,87.026530838819
KEN,2016,80.9772361004341
KEN,2015,80.0958263165851
KEN,2014,73.0327455558393
KEN,2013,70.7541086893706
KEN,2012,70.0226527327794
KEN,2011,65.6730161546273
KEN,2010,60.0234402305252
KEN,2009,47.9215304374475
KEN,2008,41.5840102028368
KEN,2007,29.8383317494537
KEN,2006,19.8902975525043
KEN,2005,12.8838631190706
KEN,2004,7.33478416366219
KEN,2003,4.72713199362788
KEN,2002,3.63815196215681
KEN,2001,1.89758301688501
KEN,2000,0.415770183556447
KEN,1999,0.079282155
KEN,1998,0.03691479
KEN,1997,0.023857485
KEN,1996,0.010233296
KEN,1995,0.008478944
KEN,1994,0.007614676
KEN,1993,0.004576275
KEN,1992,0.004461439
KEN,1991,0.0
KEN,1990,0.0
KIR,2024,53.5244353915461
KIR,2023,51.2540556855052
KIR,2022,49.1120496056535
KIR,2021,40.9979980837689
KIR,2020,43.3476871347116
KIR,2019,44.1071327700713
KIR,2018,43.6895907735657
KIR,2017,38.3479526086053
KIR,2016,43.8900048954236
KIR,2015,35.0982322475709
KIR,2014,26.0132147130742
KIR,2013,17.5688258753668
KIR,2012,16.0307790958641
KIR,2011,12.4612506439397
KIR,2010,9.74665145716809
KIR,2009,9.30523072877042
KIR,2008,0.959490318742684
KIR,2007,0.734804248148293
KIR,2006,0.699881020226562
KIR,2005,0.66302851022594
KIR,2004,0.640058281729718
KIR,2003,0.558534642951951
KIR,2002,0.536503945200728
KIR,2001,0.437261305141972
KIR,2000,0.338550776974033
KIR,1999,0.229123945
KIR,1998,0.02563983
KIR,1997,0.0
KIR,1996,0.0
KIR,1995,0.0
KIR,1994,0.0
KIR,1993,0.0
KIR,1992,0.0
KIR,1991,0.0
KIR,1990,0.0
PRK,2022,24.1311041179361
PRK,2021,22.8723614729709
PRK,2020,22.9565670933221
PRK,2019,16.3340506540687
PRK,2017,14.7573125097971
PRK,2016,14.0320423984037
PRK,2015,12.6684483301304
PRK,2014,11.0014191044829
PRK,2013,9.55409574412015
PRK,2012,6.7428936247448
PRK,2011,3.98440122856621
PRK,2010,1.72855701093733
PRK,2009,0.278398889443231
PRK,2008,0.0
PRK,2007,0.0
PRK,2006,0.0
PRK,2005,0.0
PRK,2004,0.0
PRK,2003,0.0
PRK,2002,0.0
PRK,2001,0.0
PRK,2000,0.0
PRK,1999,0.0
PRK,1998,0.0
PRK,1997,0.0
PRK,1996,0.0
PRK,1995,0.0
PRK,1994,0.0
PRK,1993,0.0
PRK,1992,0.0
PRK,1991,0.0
PRK,1990,0.0
KOR,2024,172.520241179065
KOR,2023,162.11365652794
KOR,2022,148.68360770138
KOR,2021,140.516382791931
KOR,2020,135.973274343048
KOR,2019,133.079790493891
KOR,2018,128.494634504197
KOR,2017,123.642066127533
KOR,2016,119.489512998783
KOR,2015,115.595447050042
KOR,2014,113.358579550833
KOR,2013,109.206248930023
KOR,2012,108.114681779859
KOR,2011,106.878306781378
KOR,2010,104.09665032935
KOR,2009,98.7589987345583
KOR,2008,94.314085183969
KOR,2007,92.0940186995266
KOR,2006,83.7326193913918
KOR,2005,80.1274936342835
KOR,2004,76.705022268137
KOR,2003,70.6984149567203
KOR,2002,68.3786357970296
KOR,2001,61.7420382357865
KOR,2000,57.3408437262605
KOR,1999,50.39230494
KOR,1998,30.31034269
KOR,1997,14.96611806
KOR,1996,6.966660745
KOR,1995,3.615707017
KOR,1994,2.126074209
KOR,1993,1.049975406
KOR,1992,0.608287335
KOR,1991,0.373382025
KOR,1990,0.181334835
XKX,2022,34.5402009143477
XKX,2010,31.41871135205
XKX,2009,31.3147573301328
XKX,2008,31.2073467202855
XKX,2007,31.0996550262466
XKX,2006,30.9969946152374
XKX,2005,30.9070731001774
KWT,2023,167.68428501222
KWT,2022,168.350157565806
KWT,2021,158.646854136291
KWT,2020,153.866464370257
KWT,2019,164.941648203568
KWT,2018,164.219580620472
KWT,2017,171.826095119125
KWT,2016,191.294217665413
KWT,2015,199.89137958103
KWT,2014,207.323653501069
KWT,2013,182.738430889808
KWT,2012,152.830739955499
KWT,2011,157.499296159938
KWT,2010,135.190013358828
KWT,2009,93.6658195861611
KWT,2008,56.570118438377
KWT,2007,56.8763664391577
KWT,2006,49.8818682701176
KWT,2005,61.7887792674138
KWT,2004,82.2579404075427
KWT,2003,67.3023739253541
KWT,2002,59.5638585729723
KWT,2001,43.7184811074631
KWT,2000,24.3514507786069
KWT,1999,15.97931637
KWT,1998,13.73970621
KWT,1997,11.92187425
KWT,1996,8.868749112
KWT,1995,7.105330886
KWT,1994,5.1913161
KWT,1993,3.889045109
KWT,1992,3.146918519
KWT,1991,3.210153042
KWT,1990,1.237956271
KGZ,2024,107.49229509732
KGZ,2023,108.59118718329
KGZ,2022,106.925973017004
KGZ,2021,108.171654806063
KGZ,2020,109.780106660424
KGZ,2019,132.776694304851
KGZ,2018,137.74227608483
KGZ,2017,136.137649413599
KGZ,2016,124.639033524314
KGZ,2015,126.284372135274
KGZ,2014,128.230500927468
KGZ,2013,116.217890810688
KGZ,2012,119.333438543784
KGZ,2011,112.200710157323
KGZ,2010,96.0616640090492
KGZ,2009,83.1255498557153
KGZ,2008,63.5283723785779
KGZ,2007,40.8089370056808
KGZ,2006,23.8858159268052
KGZ,2005,10.3243942625057
KGZ,2004,5.06194358260871
KGZ,2003,2.68012579703695
KGZ,2002,1.03755599311528
KGZ,2001,0.532339002940877
KGZ,2000,0.179099309572162
KGZ,1999,0.052757675
KGZ,1998,0.028064124
KGZ,1997,0.0
KGZ,1996,0.0
KGZ,1995,0.0
KGZ,1994,0.0
KGZ,1993,0.0
KGZ,1992,0.0
KGZ,1991,0.0
KGZ,1990,0.0
LAO,2023,64.7588066942788
LAO,2022,63.3546046458219
LAO,2021,64.7101497693472
LAO,2020,63.1139885984314
LAO,2019,64.0668582946144
LAO,2018,51.3792491489602
LAO,2017,52.8887895907566
LAO,2016,57.2966195875928
LAO,2015,54.7979496136596
LAO,2014,68.9014991708403
LAO,2013,69.7677113040611
LAO,2012,65.961259571669
LAO,2011,85.2839686365553
LAO,2010,63.2029110570342
LAO,2009,51.823574629881
LAO,2008,32.8857244198174
LAO,2007,24.4113505484264
LAO,2006,16.9299201770861
LAO,2005,11.2024094632562
LAO,2004,3.53172273682179
LAO,2003,1.97044724018923
LAO,2002,0.983088419678236
LAO,2001,0.535091846717965
LAO,2000,0.23348379698675
LAO,1999,0.226177403
LAO,1998,0.122986391
LAO,1997,0.095426924
LAO,1996,0.07514006
LAO,1995,0.031233308
LAO,1994,0.012999303
LAO,1993,0.007256745
LAO,1992,0.006358107
LAO,1991,0.0
LAO,1990,0.0
LVA,2024,121.262202363304
LVA,2023,119.909944560018
LVA,2022,115.202627450543
LVA,2021,114.644670333429
LVA,2020,107.902487108935
LVA,2019,108.221910991332
LVA,2018,107.397431401316
LVA,2017,126.846989128969
LVA,2016,135.227462327724
LVA,2015,130.949148754694
LVA,2014,119.549742772481
LVA,2013,127.073387613574
LVA,2012,129.304547798055
LVA,2011,112.090589002306
LVA,2010,109.927825454005
LVA,2009,107.542192196889
LVA,2008,105.551654925745
LVA,2007,100.737558024988
LVA,2006,98.4075939418629
LVA,2005,83.5617184514221
LVA,2004,67.8707555161397
LVA,2003,53.2790967520961
LVA,2002,39.6822464437465
LVA,2001,28.090267249597
LVA,2000,16.9433685496807
LVA,1999,11.3068601
LVA,1998,6.80085626
LVA,1997,3.085383486
LVA,1996,1.124576212
LVA,1995,0.583740022
LVA,1994,0.320895746
LVA,1993,0.144000049
LVA,1992,0.038567208
LVA,1991,0.0
LVA,1990,0.0
LBN,2022,74.0148340435503
LBN,2021,74.9935205999452
LBN,2020,75.2003104658777
LBN,2019,73.1364785867655
LBN,2018,73.9321026202855
LBN,2017,71.4122336418984
LBN,2016,67.6419803070033
LBN,2015,71.9609626558273
LBN,2014,69.1237106092809
LBN,2013,67.6382047262301
LBN,2012,71.7218113497571
LBN,2011,67.8303852810625
LBN,2010,56.8042135263845
LBN,2009,47.8801999965146
LBN,2008,28.9725367963399
LBN,2007,26.0109270665991
LBN,2006,23.2877147696888
LBN,2005,21.2702912503302
LBN,2004,19.2300793233026
LBN,2003,17.577253205607
LBN,2002,17.365370345809
LBN,2001,17.4186343316709
LBN,2000,17.1619692609035
LBN,1999,14.75287175
LBN,1998,12.09203443
LBN,1997,9.102749814
LBN,1996,4.907983976
LBN,1995,3.030578537
LBN,1994,0.0
LBN,1993,0.0
LBN,1992,0.0
LBN,1991,0.0
LBN,1990,0.0
LSO,2024,70.328049309004
LSO,2023,69.3513051423509
LSO,2022,68.1001351640997
LSO,2021,80.5368195682415
LSO,2020,69.8944012395073
LSO,2019,76.1124827725111
LSO,2018,72.4555241955612
LSO,2017,110.370078484639
LSO,2016,107.157971519258
LSO,2015,101.688197961524
LSO,2014,102.821994635806
LSO,2013,87.055264662748
LSO,2012,75.9363906183486
LSO,2011,61.1891009424486
LSO,2010,49.4651223718861
LSO,2009,33.3689571771781
LSO,2008,30.1654529450441
LSO,2007,24.6998875730315
LSO,2006,18.4011006327301
LSO,2005,12.7893640595655
LSO,2004,9.95434596112177
LSO,2003,6.34489957225453
LSO,2002,6.91605015142787
LSO,2001,2.8487849932004
LSO,2000,1.07789110605101
LSO,1999,0.601732086
LSO,1998,0.495105102
LSO,1997,0.177432691
LSO,1996,0.064549194
LSO,1995,0.0
LSO,1994,0.0
LSO,1993,0.0
LSO,1992,0.0
LSO,1991,0.0
LSO,1990,0.0
LBR,2022,32.0638885570006
LBR,2021,31.429900768597
LBR,2020,32.1004345501657
LBR,2019,38.4041861157665
LBR,2017,54.8575199657656
LBR,2016,65.5437117609357
LBR,2015,78.3786689834016
LBR,2014,70.6628167823582
LBR,2013,57.0612667465878
LBR,2012,54.4220580497379
LBR,2011,47.8690308724247
LBR,2010,38.7127515158085
LBR,2009,27.5184959376398
LBR,2008,22.3665618687031
LBR,2007,15.3445714830815
LBR,2006,8.02111386343538
LBR,2005,4.84699403062391
LBR,2004,2.98933254606113
LBR,2003,1.51465027446425
LBR,2002,0.161562268360098
LBR,2001,0.0663275559821154
LBR,2000,0.0512274611977595
LBR,1999,0.0
LBR,1998,0.0
LBR,1997,0.0
LBR,1996,0.0
LBR,1995,0.0
LBR,1994,0.0
LBR,1993,0.0
LBR,1992,0.0
LBR,1991,0.0
LBR,1990,0.0
LBY,2022,192.97309381967
LBY,2021,195.117849246865
LBY,2020,164.987107188677
LBY,2019,164.00440049702
LBY,2017,89.333810176041
LBY,2016,115.499434118109
LBY,2015,149.224588127748
LBY,2014,132.203934123012
LBY,2013,162.34581961061
LBY,2012,155.146320117657
LBY,2011,157.649061523019
LBY,2010,167.748077476219
LBY,2009,149.749665681643
LBY,2008,118.341718213499
LBY,2007,73.7175601781016
LBY,2006,65.6759769847586
LBY,2005,34.136694932988
LBY,2004,8.71582286170796
LBY,2003,2.26002856533743
LBY,2002,1.27078412826932
LBY,2001,0.925302374936594
LBY,2000,0.754002670300457
LBY,1999,0.593120045
LBY,1998,0.401528861
LBY,1997,0.20398397
LBY,1996,0.0
LBY,1995,0.0
LBY,1994,0.0
LBY,1993,0.0
LBY,1992,0.0
LBY,1991,0.0
LBY,1990,0.0
LIE,2024,128.901429646351
LIE,2023,127.059447446841
LIE,2022,126.306686674975
LIE,2021,126.070587030017
LIE,2020,126.104676657982
LIE,2019,124.214360041623
LIE,2018,123.979123501797
LIE,2017,122.594451783355
LIE,2016,117.766848331783
LIE,2015,109.491978609626
LIE,2014,109.388370153109
LIE,2013,104.109997290707
LIE,2012,98.5900098371407
LIE,2011,101.929969671905
LIE,2010,98.6138503847329
LIE,2009,97.992552566005
LIE,2008,95.9259677237332
LIE,2007,90.8788962698007
LIE,2006,82.2158684774839
LIE,2005,79.2799285117177
LIE,2004,74.1516182500218
LIE,2003,73.3998825601879
LIE,2002,33.7917135913698
LIE,2001,32.8908025355819
LIE,2000,30.1996194847945
LIE,1999,27.59466503
LIE,1998,23.29916123
LIE,1990,0.0
LTU,2024,138.728835196967
LTU,2023,137.203719983084
LTU,2022,135.834150715729
LTU,2021,133.357273318046
LTU,2020,131.341332336588
LTU,2019,132.528841977519
LTU,2018,134.333614750945
LTU,2017,154.147985747777
LTU,2016,146.550393676088
LTU,2015,143.991494147494
LTU,2014,145.49429149643
LTU,2013,154.341459457267
LTU,2012,167.226065135398
LTU,2011,163.043370593157
LTU,2010,157.889641413685
LTU,2009,156.847948346861
LTU,2008,157.03197861735
LTU,2007,152.012023368388
LTU,2006,144.296392938056
LTU,2005,131.038602302106
LTU,2004,90.3592532233403
LTU,2003,61.5530273084651
LTU,2002,47.7800264223806
LTU,2001,29.3117715960016
LTU,2000,14.9697091934012
LTU,1999,9.136079147
LTU,1998,7.300894009
LTU,1997,4.47474029
LTU,1996,1.369497547
LTU,1995,0.394820974
LTU,1994,0.119667223
LTU,1993,0.032783181
LTU,1992,0.007034198
LTU,1991,0.0
LTU,1990,0.0
LUX,2023,144.474949556306
LUX,2022,139.651285065505
LUX,2021,136.87108956478
LUX,2020,132.908973559976
LUX,2019,131.870169616698
LUX,2018,131.326868398506
LUX,2017,133.110922975046
LUX,2016,130.932672500368
LUX,2015,141.659175188223
LUX,2014,144.244165248014
LUX,2013,145.093438163702
LUX,2012,143.387946442865
LUX,2011,147.511878499915
LUX,2010,143.276640192349
LUX,2009,144.524044184212
LUX,2008,144.583733818688
LUX,2007,142.5239969184
LUX,2006,150.78267416139
LUX,2005,109.591866994153
LUX,2004,102.553808019271
LUX,2003,119.290542185474
LUX,2002,105.961392417824
LUX,2001,92.6003730599975
LUX,2000,69.5372043326332
LUX,1999,48.72271444
LUX,1998,30.80925647
LUX,1997,16.06263683
LUX,1996,10.89055716
LUX,1995,6.583831123
LUX,1994,3.207360388
LUX,1993,1.281075276
LUX,1992,0.286067491
LUX,1991,0.294773782
LUX,1990,0.216122077
MAC,2024,201.136947388589
MAC,2023,192.478344669931
MAC,2022,172.244717160072
MAC,2021,183.574788091048
MAC,2020,237.343774476003
MAC,2019,416.260540646881
MAC,2018,331.099986034622
MAC,2017,316.601552229203
MAC,2016,310.568300773121
MAC,2015,304.751044313614
MAC,2014,304.184963559144
MAC,2013,287.643446353444
MAC,2012,274.656223720989
MAC,2011,235.079295314897
MAC,2010,199.404590569397
MAC,2009,188.792009943893
MAC,2008,174.014516821227
MAC,2007,152.089033555119
MAC,2006,125.08122898022
MAC,2005,107.538589171415
MAC,2004,89.6827042720863
MAC,2003,77.6097797050653
MAC,2002,60.5547198112339
MAC,2001,43.6899747262005
MAC,2000,32.2545385528311
MAC,1999,27.75464258
MAC,1998,19.60809597
MAC,1997,12.83580277
MAC,1996,11.07799464
MAC,1995,9.046215595
MAC,1994,5.515973044
MAC,1993,3.975446006
MAC,1992,2.82326718
MAC,1991,1.337509313
MAC,1990,0.637300951
MDG,2023,75.4562966735535
MDG,2022,64.7494924066919
MDG,2021,53.9177233784298
MDG,2020,54.8084663590199
MDG,2019,46.077978411707
MDG,2018,38.7515500132643
MDG,2017,32.5906255978573
MDG,2016,30.6447038676546
MDG,2015,42.0572239372609
MDG,2014,39.2252725571455
MDG,2013,35.0948534776429
MDG,2012,37.4155490576043
MDG,2011,38.0363591750174
MDG,2010,34.7635703189871
MDG,2009,29.162840971111
MDG,2008,23.1087553718629
MDG,2007,10.9142059758793
MDG,2006,5.30075933146314
MDG,2005,2.66324010069674
MDG,2004,1.79445925877516
MDG,2003,1.56965632856485
MDG,2002,0.928836513320607
MDG,2001,0.865969167153126
MDG,2000,0.382009619807974
MDG,1999,0.227272669
MDG,1998,0.083824374
MDG,1997,0.02774225
MDG,1996,0.016064309
MDG,1995,0.009373329
MDG,1994,0.002232787
MDG,1993,0.0
MDG,1992,0.0
MDG,1991,0.0
MDG,1990,0.0
MWI,2024,69.260530662121
MWI,2023,61.0866071008045
MWI,2022,59.6495709408963
MWI,2021,59.5599408158462
MWI,2020,51.2170439392301
MWI,2019,46.7841008334388
MWI,2018,38.1955692011493
MWI,2017,43.0855088342582
MWI,2016,40.8844441758703
MWI,2015,38.4341901744435
MWI,2014,33.8868400746068
MWI,2013,32.7317425220037
MWI,2012,29.5800071510519
MWI,2011,25.8864481164849
MWI,2010,21.025675510066
MWI,2009,17.2664810012484
MWI,2008,10.787342707362
MWI,2007,7.74031710895931
MWI,2006,4.6986669369963
MWI,2005,3.2800777505911
MWI,2004,1.77697522954047
MWI,2003,1.10916700912378
MWI,2002,0.724274521819057
MWI,2001,0.480718719771781
MWI,2000,0.43301741914195
MWI,1999,0.205030893
MWI,1998,0.097834084
MWI,1997,0.066586269
MWI,1996,0.03588565
MWI,1995,0.003777385
MWI,1994,0.0
MWI,1993,0.0
MWI,1992,0.0
MWI,1991,0.0
MWI,1990,0.0
MYS,2024,139.664651283564
MYS,2023,142.7320920639
MYS,2022,138.208441079076
MYS,2021,137.684938559871
MYS,2020,129.017911652905
MYS,2019,133.372921941941
MYS,2018,128.873150399987
MYS,2017,130.853522804244
MYS,2016,136.725167298764
MYS,2015,141.210531313909
MYS,2014,146.3656485505
MYS,2013,142.522112800428
MYS,2012,139.314753874976
MYS,2011,125.715832147402
MYS,2010,118.156632715164
MYS,2009,107.179512670287
MYS,2008,100.518464614095
MYS,2007,86.4755300769983
MYS,2006,73.6762398568335
MYS,2005,75.6500475633466
MYS,2004,57.8498313244464
MYS,2003,45.0736604261284
MYS,2002,37.5604548860269
MYS,2001,31.3900838278883
MYS,2000,22.2996735954346
MYS,1999,13.36691902
MYS,1998,10.08686533
MYS,1997,9.412128789
MYS,1996,7.34842792
MYS,1995,4.991168447
MYS,1994,2.918621003
MYS,1993,1.784885174
MYS,1992,1.082615433
MYS,1991,0.721522185
MYS,1990,0.494489541
MDV,2024,148.137074909198
MDV,2023,141.601234995076
MDV,2022,136.458655310185
MDV,2021,136.789214071769
MDV,2020,142.936122584731
MDV,2019,169.774322321116
MDV,2018,181.34343974517
MDV,2017,196.409673414258
MDV,2016,183.197235330741
MDV,2015,172.785960191894
MDV,2014,160.974524741488
MDV,2013,156.262903991801
MDV,2012,144.912336034
MDV,2011,141.955019616029
MDV,2010,137.018282001818
MDV,2009,131.439236235733
MDV,2008,129.585328851474
MDV,2007,96.6284412858767
MDV,2006,86.3635929151094
MDV,2005,66.4493243132993
MDV,2004,37.5717039411041
MDV,2003,22.4175438714834
MDV,2002,14.3678673323823
MDV,2001,6.58862421408321
MDV,2000,2.70832816228694
MDV,1999,1.052097903
MDV,1998,0.586568102
MDV,1997,0.479482605
MDV,1996,0.007580294
MDV,1995,0.0
MDV,1994,0.0
MDV,1993,0.0
MDV,1992,0.0
MDV,1991,0.0
MDV,1990,0.0
MLI,2022,112.119852778009
MLI,2021,108.693122357196
MLI,2020,116.587405376001
MLI,2019,108.814511587375
MLI,2018,107.404034726492
MLI,2017,111.210305187838
MLI,2016,105.348301513254
MLI,2015,122.082978226993
MLI,2014,130.439571178385
MLI,2013,113.114584714497
MLI,2012,86.1756593856956
MLI,2011,65.7107159010821
MLI,2010,46.6622176783255
MLI,2009,28.8978765173021
MLI,2008,23.0146454181582
MLI,2007,17.5053976147782
MLI,2006,10.8143886204419
MLI,2005,5.62822858148233
MLI,2004,3.10523812834724
MLI,2003,1.94894660643258
MLI,2002,0.374135847429006
MLI,2001,0.201449644976166
MLI,2000,0.089953621718981
MLI,1999,0.058505121
MLI,1998,0.042116764
MLI,1997,0.027434281
MLI,1996,0.011715466
MLI,1995,0.0
MLI,1994,0.0
MLI,1993,0.0
MLI,1992,0.0
MLI,1991,0.0
MLI,1990,0.0
MLT,2024,142.070062100751
MLT,2023,140.59359496844
MLT,2022,132.861156549134
MLT,2021,123.941408455002
MLT,2020,122.175694268893
MLT,2019,125.866492068688
MLT,2018,127.093763801237
MLT,2017,129.249073523943
MLT,2016,128.59869659476
MLT,2015,117.794018171562
MLT,2014,125.718724466898
MLT,2013,129.921671505793
MLT,2012,124.757214417819
MLT,2011,122.871784244091
MLT,2010,107.790825054241
MLT,2009,100.306087287159
MLT,2008,92.0440414445937
MLT,2007,88.3347675079159
MLT,2006,83.4679651658186
MLT,2005,78.3847866060195
MLT,2004,74.5054747101982
MLT,2003,71.0371215944109
MLT,2002,68.2650130065464
MLT,2001,59.4402955430206
MLT,2000,28.6185123594944
MLT,1999,9.480481436
MLT,1998,5.740645431
MLT,1997,4.549709648
MLT,1996,3.24448632
MLT,1995,2.825993589
MLT,1994,1.981176185
MLT,1993,1.412425614
MLT,1992,0.941163816
MLT,1991,0.618439255
MLT,1990,0.0
MHL,2022,39.7060658232902
MHL,2021,38.6781734232601
MHL,2020,37.4654615276542
MHL,2019,36.3578521598836
MHL,2017,34.3871563970857
MHL,2015,31.7622950819672
MHL,2014,31.126998152462
MHL,2005,1.27152930297075
MHL,2004,1.24345928829333
MHL,2003,1.15803946629485
MHL,2002,1.07340787554691
MHL,2001,0.956516636347632
MHL,2000,0.881552478996569
MHL,1999,0.822900026
MHL,1998,0.64893537
MHL,1997,0.890026357
MHL,1996,0.708215297
MHL,1995,0.520689519
MHL,1994,0.561797753
MHL,1993,0.0
MHL,1992,0.0
MHL,1991,0.0
MHL,1990,0.0
MRT,2024,92.0748946443443
MRT,2023,90.7724948884417
MRT,2022,109.883898247552
MRT,2021,137.540323142707
MRT,2020,126.277034284458
MRT,2019,105.441089704161
MRT,2018,105.275094895088
MRT,2017,96.7595354581295
MRT,2016,88.4383494871236
MRT,2015,91.8941169084199
MRT,2014,97.5267336951353
MRT,2013,106.798483685642
MRT,2012,111.230731736701
MRT,2011,94.6316258570616
MRT,2010,81.8660764708571
MRT,2009,66.4418800358538
MRT,2008,65.7183543081028
MRT,2007,45.7141942652888
MRT,2006,35.1772263626288
MRT,2005,25.3691742833335
MRT,2004,18.2105677067792
MRT,2003,12.524919291118
MRT,2002,9.02771615993982
MRT,2001,4.12366169421673
MRT,2000,0.585435064346201
MRT,1999,0.0
MRT,1998,0.0
MRT,1997,0.0
MRT,1996,0.0
MRT,1995,0.0
MRT,1994,0.0
MRT,1993,0.0
MRT,1992,0.0
MRT,1991,0.0
MRT,1990,0.0
MUS,2024,172.68356921857
MUS,2023,165.257524411348
MUS,2022,164.309278835228
MUS,2021,154.053185977432
MUS,2020,149.06995900167
MUS,2019,145.117277088014
MUS,2018,148.816797831837
MUS,2017,142.524532117413
MUS,2016,140.423888162514
MUS,2015,136.371902265385
MUS,2014,127.86328226284
MUS,2013,118.793106653529
MUS,2012,115.252449250293
MUS,2011,100.608971543233
MUS,2010,92.8425699047874
MUS,2009,84.9704293760927
MUS,2008,81.0663444829304
MUS,2007,73.1476040513014
MUS,2006,61.1177886041965
MUS,2005,52.2446836857658
MUS,2004,43.8266122579613
MUS,2003,37.2277089024305
MUS,2002,28.161107217088
MUS,2001,22.2235093624495
MUS,2000,14.7949785842685
MUS,1999,8.47170223
MUS,1998,5.05891805
MUS,1997,3.590014667
MUS,1996,1.777590909
MUS,1995,1.011457438
MUS,1994,0.497401847
MUS,1993,0.356231447
MUS,1992,0.260298879
MUS,1991,0.226396162
MUS,1990,0.201781177
MEX,2024,116.486713265167
MEX,2023,111.735420288549
MEX,2022,105.720624125765
MEX,2021,99.09481491263
MEX,2020,96.9237451881936
MEX,2019,97.0358606795758
MEX,2018,96.4612204576614
MEX,2017,92.6493518556478
MEX,2016,91.3941924453661
MEX,2015,88.9454290232153
MEX,2014,87.6144646415609
MEX,2013,90.2012422761648
MEX,2012,86.2256233206385
MEX,2011,82.0725244522242
MEX,2010,80.4262985351805
MEX,2009,74.2801618229031
MEX,2008,68.225553581827
MEX,2007,61.1903963397257
MEX,2006,51.6490140299726
MEX,2005,44.5402855250975
MEX,2004,36.8326596827555
MEX,2003,29.227164520677
MEX,2002,25.5328580326209
MEX,2001,21.7360188227069
MEX,2000,14.2740696650296
MEX,1999,8.02579566
MEX,1998,3.534421225
MEX,1997,1.868165056
MEX,1996,1.115775127
MEX,1995,0.765273175
MEX,1994,0.644573077
MEX,1993,0.445630607
MEX,1992,0.367849584
MEX,1991,0.193035298
MEX,1990,0.078225239
FSM,2022,19.9885830493962
FSM,2021,19.7090231491436
FSM,2020,19.8348299614122
FSM,2019,20.8556246712972
FSM,2017,21.1123391273372
FSM,2016,21.4641301856521
FSM,2015,20.7007248243129
FSM,2013,29.0350625687887
FSM,2012,28.9303920659931
FSM,2011,25.6272168471095
FSM,2010,25.588618188581
FSM,2009,25.4731050325593
FSM,2008,25.2441800690314
FSM,2007,24.9690571532581
FSM,2006,16.8122172150024
FSM,2005,12.650342871504
FSM,2004,11.4201474201474
FSM,2003,5.22687803357528
FSM,2002,0.0889299943084804
FSM,2001,0.0
FSM,2000,0.0
FSM,1999,0.0
FSM,1998,0.0
FSM,1997,0.0
FSM,1996,0.0
FSM,1995,0.0
FSM,1994,0.0
FSM,1993,0.0
FSM,1992,0.0
FSM,1991,0.0
FSM,1990,0.0
MDA,2024,120.083487069521
MDA,2023,129.546081439289
MDA,2022,137.182551887592
MDA,2021,128.983642317657
MDA,2020,111.444672775453
MDA,2019,116.105189229966
MDA,2018,115.31999925169
MDA,2017,117.321043357799
MDA,2016,117.008370513998
MDA,2015,112.958678058046
MDA,2014,111.829207986696
MDA,2013,108.451690919044
MDA,2012,102.918975508711
MDA,2011,90.4419573908726
MDA,2010,70.2257053429633
MDA,2009,57.6440352813251
MDA,2008,64.1199480143426
MDA,2007,48.8869490439311
MDA,2006,34.6351071936054
MDA,2005,27.3223975215793
MDA,2004,19.4480942226804
MDA,2003,11.6213261695568
MDA,2002,8.16390815196009
MDA,2001,5.37022318647563
MDA,2000,3.2821979486499
MDA,1999,0.418221638
MDA,1998,0.160788913
MDA,1997,0.050070668
MDA,1996,0.02076658
MDA,1995,0.000313815
MDA,1994,0.0
MDA,1993,0.0
MDA,1992,0.0
MDA,1991,0.0
MDA,1990,0.0
MCO,2024,107.400792109963
MCO,2023,104.060991888284
MCO,2022,100.061647530246
MCO,2021,97.1422638668985
MCO,2020,93.2588699080158
MCO,2019,88.6483507832795
MCO,2018,85.6764690464958
MCO,2017,87.5258771697011
MCO,2016,89.3255714132418
MCO,2015,92.5537992763283
MCO,2014,93.2102524357839
MCO,2013,100.047958924592
MCO,2012,95.6325084267235
MCO,2011,93.6457903729453
MCO,2010,70.602780206857
MCO,2009,71.0666172290199
MCO,2008,69.1041588139213
MCO,2007,64.0763891070139
MCO,2006,57.1076519948841
MCO,2005,53.3716237193418
MCO,2004,48.7510446652428
MCO,2003,46.5836782603324
MCO,2002,45.8762568626241
MCO,2001,44.0780349493019
MCO,2000,42.9117239254352
MCO,1999,40.37784775
MCO,1998,35.62358347
MCO,1997,22.52252252
MCO,1996,17.02449636
MCO,1995,9.545136904
MCO,1994,8.188013951
MCO,1993,3.706807633
MCO,1992,0.0
MCO,1991,0.0
MCO,1990,0.0
MNG,2024,140.670025377351
MNG,2023,141.08481753135
MNG,2022,142.808581769425
MNG,2021,140.352142155192
MNG,2020,132.610273840436
MNG,2019,136.719198864644
MNG,2018,133.283865358717
MNG,2017,125.18399904135
MNG,2016,110.745846833017
MNG,2015,103.078420951136
MNG,2014,103.920441847843
MNG,2013,100.901264814345
MNG,2012,120.738848253543
MNG,2011,107.181059165519
MNG,2010,92.9207634213904
MNG,2009,84.3807849396284
MNG,2008,66.9284063613147
MNG,2007,45.8051776001595
MNG,2006,29.9796189659682
MNG,2005,21.7365116925906
MNG,2004,16.8592174038547
MNG,2003,12.6496695819066
MNG,2002,8.63974080777577
MNG,2001,7.87020220365662
MNG,2000,6.29688552620539
MNG,1999,1.423190067
MNG,1998,0.375527826
MNG,1997,0.083971129
MNG,1996,0.038183598
MNG,1995,0.0
MNG,1994,0.0
MNG,1993,0.0
MNG,1992,0.0
MNG,1991,0.0
MNG,1990,0.0
MNE,2024,221.687322527444
MNE,2023,207.237922064803
MNE,2022,207.278149444886
MNE,2021,185.488473149833
MNE,2020,177.66521091893
MNE,2019,188.173957398388
MNE,2018,184.219098888429
MNE,2017,168.464830660169
MNE,2016,166.719850572448
MNE,2015,160.454990487865
MNE,2014,160.490358344882
MNE,2013,156.964444205798
MNE,2012,156.401963569782
MNE,2011,183.204359810839
MNE,2010,185.100808748149
MNE,2009,204.631442133458
MNE,2008,182.988251467579
MNE,2007,142.095017359275
MNE,2006,101.547633509026
MNE,2005,85.6746313382225
MNE,2004,76.3334038128359
MAR,2024,153.057260079672
MAR,2023,148.155101338402
MAR,2022,141.870002419562
MAR,2021,138.911268095998
MAR,2020,135.088404811169
MAR,2019,128.874798962456
MAR,2018,124.827523956634
MAR,2017,123.894319060738
MAR,2016,118.531797132419
MAR,2015,124.480492544005
MAR,2014,128.971839608382
MAR,2013,125.560354723339
MAR,2012,116.972130406733
MAR,2011,111.063715196143
MAR,2010,98.5069862903323
MAR,2009,79.0201255804651
MAR,2008,72.1861049565747
MAR,2007,64.2243296034678
MAR,2006,52.0120841652536
MAR,2005,40.8220113851492
MAR,2004,31.1717436954099
MAR,2003,24.8884606976027
MAR,2002,21.2296727647944
MAR,2001,16.5601184092407
MAR,2000,8.23967968684995
MAR,1999,1.297372681
MAR,1998,0.41495255
MAR,1997,0.268323369
MAR,1996,0.156817216
MAR,1995,0.109323282
MAR,1994,0.051887421
MAR,1993,0.025711901
MAR,1992,0.012511957
MAR,1991,0.005938147
MAR,1990,0.003644065
MOZ,2024,49.5047696961223
MOZ,2023,47.5003032540948
MOZ,2022,45.8178199662019
MOZ,2021,43.1636190464176
MOZ,2020,50.2318825476662
MOZ,2019,49.4350694242276
MOZ,2018,48.5007087167822
MOZ,2017,42.1619694080105
MOZ,2016,54.9641156223382
MOZ,2015,75.8447213176406
MOZ,2014,71.6701472266196
MOZ,2013,49.5029641007918
MOZ,2012,36.1781646576283
MOZ,2011,33.216339150187
MOZ,2010,31.4105056102953
MOZ,2009,26.6650991246997
MOZ,2008,20.1888204410131
MOZ,2007,14.4674737235959
MOZ,2006,11.2537028396523
MOZ,2005,7.40691910278913
MOZ,2004,3.56849208981733
MOZ,2003,2.2470417004534
MOZ,2002,1.34378340548628
MOZ,2001,0.823466563784593
MOZ,2000,0.281665622612854
MOZ,1999,0.070614117
MOZ,1998,0.039738359
MOZ,1997,0.015131593
MOZ,1996,0.0
MOZ,1995,0.0
MOZ,1994,0.0
MOZ,1993,0.0
MOZ,1992,0.0
MOZ,1991,0.0
MOZ,1990,0.0
MMR,2024,114.329042129489
MMR,2023,121.027626770248
MMR,2022,107.535089476237
MMR,2021,127.240645128106
MMR,2020,148.158208114821
MMR,2019,155.669416939698
MMR,2018,116.972136284863
MMR,2017,92.3917955157784
MMR,2016,98.2342601991436
MMR,2015,80.2397229653255
MMR,2014,57.2778336231227
MMR,2013,13.5933519472846
MMR,2012,7.48356366415727
MMR,2011,2.51643773692417
MMR,2010,1.21164199479353
MMR,2009,1.03164871502753
MMR,2008,0.759210538252597
MMR,2007,0.514578241519701
MMR,2006,0.448285852912208
MMR,2005,0.27129940081198
MMR,2004,0.196418976046369
MMR,2003,0.142534824036552
MMR,2002,0.103783791079435
MMR,2001,0.04953121223398
MMR,2000,0.0295799320661765
MMR,1999,0.025285494
MMR,1998,0.019130121
MMR,1997,0.019312269
MMR,1996,0.016719108
MMR,1995,0.006450532
MMR,1994,0.004535028
MMR,1993,0.001538708
MMR,1992,0.0
MMR,1991,0.0
MMR,1990,0.0
NAM,2024,85.1648988113055
NAM,2023,87.6760954339972
NAM,2022,100.557816104444
NAM,2021,103.727351391971
NAM,2020,106.206587456143
NAM,2019,106.53315947895
NAM,2018,107.060260494691
NAM,2017,106.914765245509
NAM,2016,109.049558197665
NAM,2015,107.392368276966
NAM,2014,115.5200011764
NAM,2013,121.105585418565
NAM,2012,97.8210232683603
NAM,2011,102.24430130572
NAM,2010,92.4287530968414
NAM,2009,78.5395548461197
NAM,2008,51.3908754816673
NAM,2007,39.6448033290399
NAM,2006,30.566276818777
NAM,2005,22.8242198901444
NAM,2004,14.7313553186735
NAM,2003,11.6649386898528
NAM,2002,7.93663391482404
NAM,2001,5.74029319651404
NAM,2000,4.50884641164558
NAM,1999,1.687026262
NAM,1998,1.123302301
NAM,1997,0.738228794
NAM,1996,0.402650561
NAM,1995,0.218018276
NAM,1994,0.0
NAM,1993,0.0
NAM,1992,0.0
NAM,1991,0.0
NAM,1990,0.0
NRU,2022,87.1705787645115
NRU,2021,85.404389785635
NRU,2020,85.8885167053165
NRU,2019,86.3036161215155
NRU,2017,88.3080183680678
NRU,2016,88.7892376681614
NRU,2015,85.81340149717
NRU,2012,66.231615856628
NRU,2011,66.3497722321252
NRU,2010,61.7345414716718
NRU,2001,14.8075024679171
NRU,2000,11.801730920535
NRU,1999,9.631127805
NRU,1998,8.191981496
NRU,1997,7.2372865
NRU,1996,5.799903335
NRU,1995,4.84683986
NRU,1994,4.37998832
NRU,1993,1.466849208
NRU,1992,0.0
NRU,1991,0.0
NRU,1990,0.0
NPL,2024,99.8471420273964
NPL,2023,117.759577544938
NPL,2022,121.1144874334
NPL,2021,129.645418271275
NPL,2020,131.921020414772
NPL,2019,136.186080245332
NPL,2018,139.525943467536
NPL,2017,128.863887512657
NPL,2016,114.89813690076
NPL,2015,98.8945582907248
NPL,2014,83.1925129650984
NPL,2013,77.4276625484107
NPL,2012,60.3184066484316
NPL,2011,48.6245149828721
NPL,2010,33.6316953522558
NPL,2009,20.6008640551193
NPL,2008,15.5612976743974
NPL,2007,12.2026092398184
NPL,2006,4.35566906985301
NPL,2005,0.864008677031659
NPL,2004,0.448858608116278
NPL,2003,0.31868804245032
NPL,2002,0.0863872099710604
NPL,2001,0.0692915966441798
NPL,2000,0.0416596918119803
NPL,1999,0.022780782
NPL,1998,0.0
NPL,1997,0.0
NPL,1996,0.0
NPL,1995,0.0
NPL,1994,0.0
NPL,1993,0.0
NPL,1992,0.0
NPL,1991,0.0
NPL,1990,0.0
NLD,2024,128.538765867661
NLD,2023,125.272736960305
NLD,2022,115.8205562749
NLD,2021,123.447849713072
NLD,2020,121.422728509042
NLD,2019,124.08833250929
NLD,2018,121.162164892591
NLD,2017,118.57673269471
NLD,2016,121.420358968335
NLD,2015,121.637501079209
NLD,2014,114.867279906758
NLD,2013,114.73405856983
NLD,2012,116.563841951798
NLD,2011,117.673977365337
NLD,2010,114.356515784318
NLD,2009,120.767315086474
NLD,2008,124.279564732922
NLD,2007,116.657089917059
NLD,2006,104.863315130995
NLD,2005,96.1634815625928
NLD,2004,90.1034399666958
NLD,2003,80.6505222243512
NLD,2002,74.287586648642
NLD,2001,75.3891268486943
NLD,2000,66.9727924198381
NLD,1999,42.65907064
NLD,1998,21.31327693
NLD,1997,10.98535148
NLD,1996,6.538548864
NLD,1995,3.489425681
NLD,1994,2.091276329
NLD,1993,1.416292584
NLD,1992,1.095660031
NLD,1991,0.764293078
NLD,1990,0.528620872
NCL,2022,91.6763895612682
NCL,2021,91.1596204954876
NCL,2020,91.4925961376049
NCL,2019,91.6764807514651
NCL,2015,91.9161063396994
NCL,2014,86.4435467812136
NCL,2013,86.8789330327792
NCL,2012,85.0412136964213
NCL,2011,85.2807989705226
NCL,2010,84.4136828986704
NCL,2009,81.4752186588921
NCL,2008,77.4052989264257
NCL,2007,70.3360255259747
NCL,2006,62.6143722202248
NCL,2005,54.9408505571219
NCL,2004,48.3462873465863
NCL,2003,41.0316970736613
NCL,2002,34.4477169775573
NCL,2001,29.8264875475941
NCL,2000,22.3883674439036
NCL,1999,11.72173657
NCL,1998,6.129086841
NCL,1997,2.493990529
NCL,1996,1.009378399
NCL,1995,0.413117611
NCL,1994,0.0
NCL,1993,0.0
NCL,1992,0.0
NCL,1991,0.0
NCL,1990,0.0
NZL,2024,130.093457083544
NZL,2023,126.854978584281
NZL,2022,115.984187800849
NZL,2021,114.454714130458
NZL,2020,123.000574962598
NZL,2019,120.475335425902
NZL,2018,128.936896010016
NZL,2017,132.980049668049
NZL,2016,129.380648472778
NZL,2015,121.368981425995
NZL,2014,112.757443483648
NZL,2013,107.008519144444
NZL,2012,111.567576585407
NZL,2011,109.977867524585
NZL,2010,108.331397475027
NZL,2009,109.193030975507
NZL,2008,108.404288867865
NZL,2007,100.66159697258
NZL,2006,90.9216774989598
NZL,2005,85.3686583843752
NZL,2004,74.120144665284
NZL,2003,64.6101786263861
NZL,2002,61.9824409236978
NZL,2001,58.7908510335421
NZL,2000,39.9733096500547
NZL,1999,36.38977914
NZL,1998,20.73466868
NZL,1997,14.99529113
NZL,1996,13.21726033
NZL,1995,9.934965444
NZL,1994,6.606110652
NZL,1993,4.023793547
NZL,1992,2.836468263
NZL,1991,2.07663203
NZL,1990,1.592399808
NIC,2024,105.961143065351
NIC,2023,105.843136180202
NIC,2022,104.278484676229
NIC,2021,93.8165084237294
NIC,2020,90.8140674248283
NIC,2019,89.2772705280369
NIC,2018,116.272405969925
NIC,2017,129.505649809198
NIC,2016,124.272855307825
NIC,2015,118.127474523195
NIC,2014,116.506541177339
NIC,2013,113.788542316855
NIC,2012,99.1601154121126
NIC,2011,82.8921073212797
NIC,2010,69.0593730664319
NIC,2009,59.1267264564002
NIC,2008,55.7329896587397
NIC,2007,45.5188355326479
NIC,2006,33.7750318102256
NIC,2005,20.9538936430489
NIC,2004,14.007895447525
NIC,2003,8.95623323366526
NIC,2002,4.60683868394568
NIC,2001,3.23338558224782
NIC,2000,1.7977423395259
NIC,1999,0.875842941
NIC,1998,0.368073346
NIC,1997,0.154412963
NIC,1996,0.105976404
NIC,1995,0.093182257
NIC,1994,0.047197347
NIC,1993,0.007157551
NIC,1992,0.0
NIC,1991,0.0
NIC,1990,0.0
NER,2024,60.5939862118112
NER,2023,65.735032215569
NER,2022,63.3770548032743
NER,2021,61.5063092448251
NER,2020,60.0355524816093
NER,2019,52.8112616845298
NER,2017,40.9549864276209
NER,2016,36.120522177752
NER,2015,44.9309205276883
NER,2014,42.8624011489646
NER,2013,37.8312018781097
NER,2012,30.2495367855019
NER,2011,27.612953279822
NER,2010,22.1684789291814
NER,2009,16.3011350896202
NER,2008,12.3528088783202
NER,2007,6.07959815207237
NER,2006,3.38505980377446
NER,2005,2.35423436951156
NER,2004,1.29973715942214
NER,2003,0.643628217398725
NER,2002,0.465951324237534
NER,2001,0.0178346024339115
NER,2000,0.017863302295556
NER,1999,0.01951659
NER,1998,0.012427544
NER,1997,0.000933849
NER,1996,0.0
NER,1995,0.0
NER,1994,0.0
NER,1993,0.0
NER,1992,0.0
NER,1991,0.0
NER,1990,0.0
NGA,2024,70.7619057835431
NGA,2023,98.4772822731425
NGA,2022,99.5852151989567
NGA,2021,89.2915858426408
NGA,2020,95.4356648074949
NGA,2019,88.1169010528984
NGA,2018,84.2840110939485
NGA,2017,72.3679681751497
NGA,2016,78.970142296733
NGA,2015,79.1045279367312
NGA,2014,74.7512781478918
NGA,2013,70.282509513161
NGA,2012,64.0053263148187
NGA,2011,55.5301267540609
NGA,2010,52.3861480651505
NGA,2009,45.9848876760246
NGA,2008,39.9685817471357
NGA,2007,26.3563208061766
NGA,2006,21.6814998851536
NGA,2005,12.8170956320625
NGA,2004,6.48475870170114
NGA,2003,2.29549001985705
NGA,2002,1.17556500937436
NGA,2001,0.205186874634686
NGA,2000,0.0237374647789432
NGA,1999,0.020886321
NGA,1998,0.017139352
NGA,1997,0.013182041
NGA,1996,0.012617593
NGA,1995,0.012016163
NGA,1994,0.01213775
NGA,1993,0.008804631
NGA,1992,0.0
NGA,1991,0.0
NGA,1990,0.0
MKD,2024,108.38712260883
MKD,2023,106.458776658176
MKD,2022,111.303079555687
MKD,2021,104.875134243923
MKD,2020,99.4723867063031
MKD,2019,101.231634434543
MKD,2018,102.572291491295
MKD,2017,103.458690624197
MKD,2016,104.549883518699
MKD,2015,105.212016364652
MKD,2014,111.342589695936
MKD,2013,111.124632440594
MKD,2012,110.268442239858
MKD,2011,108.467609532426
MKD,2010,104.968060033975
MKD,2009,94.3034525397712
MKD,2008,95.0115267568525
MKD,2007,86.1891034077308
MKD,2006,60.4930613292055
MKD,2005,54.1201173122685
MKD,2004,47.2351660443568
MKD,2003,37.2824012172512
MKD,2002,17.6114156580624
MKD,2001,10.8055409158685
MKD,2000,5.62633764539413
MKD,1999,2.408021038
MKD,1998,1.494750711
MKD,1997,0.616794247
MKD,1996,0.053053164
MKD,1995,0.0
MKD,1994,0.0
MKD,1993,0.0
MKD,1992,0.0
MKD,1991,0.0
MKD,1990,0.0
MNP,2004,32.021645969533
MNP,2003,28.4602803381177
MNP,2002,25.6626433855461
MNP,2001,19.4163332548835
MNP,2000,4.38878810931008
MNP,1999,3.810485722
MNP,1995,2.463205862
MNP,1994,1.601088321
MNP,1993,1.526653875
MNP,1990,0.0
NOR,2024,109.348606513576
NOR,2023,109.654228618195
NOR,2022,111.657196221742
NOR,2021,109.585637519783
NOR,2020,108.296844518424
NOR,2019,108.00526578567
NOR,2018,107.702543341632
NOR,2017,108.392640087689
NOR,2016,109.426806771527
NOR,2015,110.118346262292
NOR,2014,111.690088069926
NOR,2013,112.045532746838
NOR,2012,115.523573177259
NOR,2011,115.596284894229
NOR,2010,114.524452247645
NOR,2009,110.89194579904
NOR,2008,109.293133681522
NOR,2007,106.978961607642
NOR,2006,104.4721010262
NOR,2005,102.840698194554
NOR,2004,98.5410115505158
NOR,2003,88.9621788567802
NOR,2002,83.5167101732168
NOR,2001,79.6028586133151
NOR,2000,71.7901465351791
NOR,1999,59.70226855
NOR,1998,46.75432049
NOR,1997,38.06210834
NOR,1996,28.79018877
NOR,1995,22.5104391
NOR,1994,13.56959375
NOR,1993,8.612970463
NOR,1992,6.600122196
NOR,1991,5.500452147
NOR,1990,4.640379325
OMN,2024,120.61105087402
OMN,2023,122.291457994634
OMN,2022,136.800571561762
OMN,2021,135.076972756826
OMN,2020,140.378600753095
OMN,2019,138.232111508042
OMN,2018,139.96741643208
OMN,2017,148.821627766224
OMN,2016,153.291455497041
OMN,2015,155.756104259601
OMN,2014,153.806036858807
OMN,2013,149.208910100547
OMN,2012,150.873277494269
OMN,2011,147.926430004786
OMN,2010,151.446094177944
OMN,2009,138.049590673204
OMN,2008,117.026255896571
OMN,2007,94.0854853192772
OMN,2006,70.445349777081
OMN,2005,53.0900734335198
OMN,2004,32.9697156061479
OMN,2003,24.8934902265811
OMN,2002,19.8298997198117
OMN,2001,14.0743071127104
OMN,2000,7.14294217788307
OMN,1999,5.366082104
OMN,1998,4.351950207
OMN,1997,2.355804747
OMN,1996,0.670644633
OMN,1995,0.365289843
OMN,1994,0.314231069
OMN,1993,0.271028867
OMN,1992,0.238040615
OMN,1991,0.193899147
OMN,1990,0.150648866
PAK,2024,76.8544559649986
PAK,2023,76.5397606213172
PAK,2022,79.1050539061512
PAK,2021,78.8012296805749
PAK,2020,74.7332166629945
PAK,2019,71.6660323753765
PAK,2018,67.8567658982797
PAK,2017,64.7301783284032
PAK,2016,62.0013242640944
PAK,2015,57.9405984557576
PAK,2014,63.3618438229803
PAK,2013,60.5177801689984
PAK,2012,57.8576108279055
PAK,2011,53.4461944087116
PAK,2010,49.7823320746962
PAK,2009,48.5357095625545
PAK,2008,46.448630078812
PAK,2007,34.0699285601432
PAK,2006,19.204163183443
PAK,2005,7.27897930988006
PAK,2004,2.93246850297164
PAK,2003,1.43881062279316
PAK,2002,1.04062582676613
PAK,2001,0.466253388008897
PAK,2000,0.197891740440918
PAK,1999,0.177437426
PAK,1998,0.134796019
PAK,1997,0.095540045
PAK,1996,0.0495778
PAK,1995,0.030772819
PAK,1994,0.019081569
PAK,1993,0.01274427
PAK,1992,0.011031649
PAK,1991,0.007130659
PAK,1990,0.001732891
PLW,2023,135.386698256896
PLW,2022,135.142744523903
PLW,2021,134.960355395603
PLW,2020,134.892086330935
PLW,2019,134.846611978874
PLW,2015,133.612830613393
PLW,2014,107.897262207169
PLW,2013,101.682910244787
PLW,2012,96.5437658316915
PLW,2011,85.4353357672309
PLW,2010,78.8867145031529
PLW,2009,68.1169490619488
PLW,2008,61.3761902256826
PLW,2007,55.3880426898767
PLW,2006,42.5968458122799
PLW,2005,30.5313083404814
PLW,2004,19.7981836528759
PLW,2003,19.9603235159469
PLW,2002,12.6031892529354
PAN,2023,156.586507591014
PAN,2022,152.062171804817
PAN,2021,147.899862038176
PAN,2020,142.283080390407
PAN,2019,137.570004959029
PAN,2018,137.297557979395
PAN,2017,128.825871183278
PAN,2016,127.61623852159
PAN,2015,144.996925532224
PAN,2014,177.438612204565
PAN,2013,162.198754669206
PAN,2012,165.287067441004
PAN,2011,182.358735130993
PAN,2010,183.168909766614
PAN,2009,170.202988962179
PAN,2008,111.843464410018
PAN,2007,87.5823638759676
PAN,2006,64.4277196251049
PAN,2005,52.7837692792028
PAN,2004,38.753858244224
PAN,2003,21.7068305386501
PAN,2002,16.8036815383671
PAN,2001,15.4792400287079
PAN,2000,13.6329134401796
PAN,1999,7.912963114
PAN,1998,2.976698822
PAN,1997,0.830058925
PAN,1996,0.25256115
PAN,1995,0.0
PAN,1994,0.0
PAN,1993,0.0
PAN,1992,0.0
PAN,1991,0.0
PAN,1990,0.0
PNG,2024,38.7651796406789
PNG,2023,34.0588961979896
PNG,2022,49.1906681149749
PNG,2021,48.1179470954257
PNG,2020,49.0843996981992
PNG,2019,47.1952885885227
PNG,2018,45.7713986877234
PNG,2017,43.775195523033
PNG,2016,42.2017296237172
PNG,2015,40.7171432669286
PNG,2014,39.4077931671023
PNG,2013,36.1328329658624
PNG,2012,33.5214610357872
PNG,2011,30.5368920009375
PNG,2010,25.0091340525207
PNG,2009,19.139375770107
PNG,2008,12.1676145990214
PNG,2007,4.3082742561226
PNG,2006,1.48198206208912
PNG,2005,1.14750749896151
PNG,2004,0.763443220421612
PNG,2003,0.28576108054919
PNG,2002,0.253207164142219
PNG,2001,0.186787490824283
PNG,2000,0.154594564917436
PNG,1999,0.13265336
PNG,1998,0.108156936
PNG,1997,0.077755215
PNG,1996,0.047744476
PNG,1995,0.0
PNG,1994,0.0
PNG,1993,0.0
PNG,1992,0.0
PNG,1991,0.0
PNG,1990,0.0
PRY,2023,126.605481531224
PRY,2022,128.088057269442
PRY,2021,119.312639901188
PRY,2020,119.099952314893
PRY,2019,119.137051427631
PRY,2018,115.749958536773
PRY,2017,117.821037884979
PRY,2016,119.848343592368
PRY,2015,120.341971874801
PRY,2014,120.354274622389
PRY,2013,117.899905473431
PRY,2012,115.205931550373
PRY,2011,112.286723170157
PRY,2010,103.187311333571
PRY,2009,99.0725654866065
PRY,2008,103.156367048871
PRY,2007,84.4402781170439
PRY,2006,58.7239798094438
PRY,2005,34.6359471940386
PRY,2004,32.4608610522116
PRY,2003,33.2369524387414
PRY,2002,31.6843580175956
PRY,2001,22.1678670406032
PRY,2000,16.091575002529
PRY,1999,8.667097358
PRY,1998,4.702393647
PRY,1997,1.748338466
PRY,1996,0.697419336
PRY,1995,0.343338075
PRY,1994,0.170400158
PRY,1993,0.077287822
PRY,1992,0.035070893
PRY,1991,0.0
PRY,1990,0.0
PER,2024,124.623544414599
PER,2023,121.975084691173
PER,2022,124.119322949561
PER,2021,129.993736857913
PER,2020,119.854099046125
PER,2019,122.790350843591
PER,2018,132.156626658621
PER,2017,124.232520236388
PER,2016,119.654538672257
PER,2015,112.404818501786
PER,2014,105.858105967274
PER,2013,99.9174254916985
PER,2012,99.4508054485687
PER,2011,110.774364366799
PER,2010,100.100151210105
PER,2009,85.4778092987493
PER,2008,72.9545042955996
PER,2007,54.0373967003052
PER,2006,32.1982838102898
PER,2005,19.8687599595462
PER,2004,14.6938463366794
PER,2003,10.6246952102736
PER,2002,8.45398950030337
PER,2001,6.65051190633231
PER,2000,4.78923658781448
PER,1999,3.859914577
PER,1998,2.876425359
PER,1997,1.662951236
PER,1996,0.806879781
PER,1995,0.300800992
PER,1994,0.21765183
PER,1993,0.154376891
PER,1992,0.093503571
PER,1991,0.025240218
PER,1990,0.007462991
PHL,2024,115.298749599352
PHL,2023,117.275521687262
PHL,2022,147.428926406785
PHL,2021,144.424289981649
PHL,2020,133.45620905917
PHL,2019,151.006642923206
PHL,2018,122.960456861544
PHL,2017,110.962137119646
PHL,2016,112.517998777897
PHL,2015,111.893197374926
PHL,2014,107.284498472686
PHL,2013,100.732033524401
PHL,2012,101.799674355545
PHL,2011,95.8688282360909
PHL,2010,86.3116249317177
PHL,2009,80.083961042229
PHL,2008,73.4820194307183
PHL,2007,62.9642592871402
PHL,2006,47.8934159750173
PHL,2005,39.5144178507076
PHL,2004,38.1226507186152
PHL,2003,26.5656467843521
PHL,2002,18.5183661238084
PHL,2001,14.9372736282167
PHL,2000,8.10590495391816
PHL,1999,3.737724571
PHL,1998,2.327302138
PHL,1997,1.847691816
PHL,1996,1.351785776
PHL,1995,0.713153303
PHL,1994,0.254105367
PHL,1993,0.154955895
PHL,1992,0.086831328
PHL,1991,0.054886004
PHL,1990,0.0
POL,2024,138.016156588197
POL,2023,135.146301442691
POL,2022,137.002148115476
POL,2021,132.987203939653
POL,2020,129.288487295019
POL,2019,126.597314882311
POL,2018,126.266191655563
POL,2017,131.901471911132
POL,2016,138.518696718641
POL,2015,142.520207198425
POL,2014,148.713283559361
POL,2013,148.912446350899
POL,2012,141.409735570098
POL,2011,131.279778766286
POL,2010,123.248926095995
POL,2009,117.905502990554
POL,2008,115.608164796298
POL,2007,108.859325887002
POL,2006,96.5178030922982
POL,2005,76.5032553054831
POL,2004,60.5122720407785
POL,2003,45.54873524233
POL,2002,36.3554439556061
POL,2001,26.1577839221675
POL,2000,17.6354944816742
POL,1999,10.3154857
POL,1998,5.023560454
POL,1997,2.115317351
POL,1996,0.56482304
POL,1995,0.19530244
POL,1994,0.101476311
POL,1993,0.040968916
POL,1992,0.005738221
POL,1991,0.0
POL,1990,0.0
PRT,2024,124.129981203404
PRT,2023,123.001507659381
PRT,2022,122.80130896654
PRT,2021,119.768700781718
PRT,2020,114.276382888841
PRT,2019,115.145564535894
PRT,2018,114.858523480989
PRT,2017,113.873619619075
PRT,2016,111.846790353179
PRT,2015,112.964237082806
PRT,2014,114.312891767686
PRT,2013,114.655300508744
PRT,2012,113.358650832529
PRT,2011,116.837494027689
PRT,2010,115.42460954412
PRT,2009,111.524037734675
PRT,2008,132.990148409502
PRT,2007,127.786457061722
PRT,2006,116.175404689418
PRT,2005,108.990950580377
PRT,2004,100.855984531046
PRT,2003,95.6807976090095
PRT,2002,83.2609561622903
PRT,2001,77.0454568501568
PRT,2000,64.8139529275117
PRT,1999,45.64926761
PRT,1998,30.20441744
PRT,1997,14.87538336
PRT,1996,6.578849672
PRT,1995,3.391071437
PRT,1994,1.731944488
PRT,1993,1.013800598
PRT,1992,0.373413728
PRT,1991,0.126171404
PRT,1990,0.064952286
PRI,2024,126.426375391555
PRI,2023,124.513459651582
PRI,2022,120.215904630962
PRI,2021,112.540413929626
PRI,2020,106.682174305247
PRI,2019,102.552928381388
PRI,2018,101.222406345401
PRI,2017,100.519829625899
PRI,2016,93.5606592389891
PRI,2015,91.0041169159844
PRI,2014,89.9998233000979
PRI,2013,85.5376654285317
PRI,2012,83.6353280009829
PRI,2011,84.3815609806418
PRI,2010,78.9802833826312
PRI,2009,72.616040363961
PRI,2008,67.844762835518
PRI,2007,64.6148057127551
PRI,2006,58.2288084762123
PRI,2005,52.6200271089625
PRI,2004,48.6468507159241
PRI,2003,44.9039067609063
PRI,2002,43.2184738131683
PRI,2001,42.7001166793819
PRI,2000,34.5969910752767
PRI,1999,21.35893536
PRI,1998,15.32268248
PRI,1997,9.761889689
PRI,1996,8.813733136
PRI,1995,7.746401702
PRI,1994,4.760934438
PRI,1993,2.606297858
PRI,1992,1.660840346
PRI,1991,0.933644455
PRI,1990,0.574782379
QAT,2024,153.612474384296
QAT,2023,157.82063065065
QAT,2022,162.248539735277
QAT,2021,137.709548409191
QAT,2020,135.497890935034
QAT,2019,140.01721278049
QAT,2018,142.911085340776
QAT,2017,147.358360281803
QAT,2016,140.517748133011
QAT,2015,154.098019594361
QAT,2014,149.020182367971
QAT,2013,162.859698293993
QAT,2012,136.39488295684
QAT,2011,127.128026726304
QAT,2010,127.920073904667
QAT,2009,122.869392515999
QAT,2008,100.178564170272
QAT,2007,104.601293237189
QAT,2006,94.5460208402076
QAT,2005,86.8374185857176
QAT,2004,63.4052386297218
QAT,2003,50.5631934167873
QAT,2002,37.50015818224
QAT,2001,26.2461186709444
QAT,2000,18.7376838984851
QAT,1999,13.75586579
QAT,1998,11.31778649
QAT,1997,7.896242401
QAT,1996,5.43620788
QAT,1995,3.585287683
QAT,1994,2.303458083
QAT,1993,0.882437659
QAT,1992,0.898167382
QAT,1991,0.888745767
QAT,1990,0.862851644
ROU,2024,119.804862328273
ROU,2023,123.252482585042
ROU,2022,121.14194294167
ROU,2021,119.123068432356
ROU,2020,116.478206049988
ROU,2019,116.252345583749
ROU,2018,115.492130982384
ROU,2017,113.76679260075
ROU,2016,115.790771839543
ROU,2015,116.350349219635
ROU,2014,114.782653636732
ROU,2013,114.190750190364
ROU,2012,113.302350795587
ROU,2011,115.471784331445
ROU,2010,119.221396188263
ROU,2009,121.98128515497
ROU,2008,118.105626297195
ROU,2007,97.7446101992859
ROU,2006,76.018272147601
ROU,2005,62.9514625386572
ROU,2004,47.7282830894066
ROU,2003,32.6020066270096
ROU,2002,23.4753652236468
ROU,2001,17.5416540126498
ROU,2000,11.3352549289308
ROU,1999,6.150458594
ROU,1998,2.901461931
ROU,1997,0.901768476
ROU,1996,0.075832364
ROU,1995,0.04024296
ROU,1994,0.012260979
ROU,1993,0.00352087
ROU,1992,0.0
ROU,1991,0.0
ROU,1990,0.0
RUS,2024,186.103787309059
RUS,2023,180.841776534047
RUS,2022,168.475831268436
RUS,2021,169.07261384221
RUS,2020,163.101112466044
RUS,2019,163.646302441755
RUS,2018,156.682905991229
RUS,2017,155.485765168167
RUS,2016,157.173982310184
RUS,2015,156.4185651494
RUS,2014,152.512941154001
RUS,2013,150.964167004451
RUS,2012,144.198197519265
RUS,2011,141.451225637367
RUS,2010,165.137115700538
RUS,2009,159.902264510778
RUS,2008,138.738465483788
RUS,2007,119.004783019107
RUS,2006,104.559970556605
RUS,2005,82.9887662809782
RUS,2004,50.7798407105349
RUS,2003,24.7850242412544
RUS,2002,12.0657916465385
RUS,2001,5.30429993483865
RUS,2000,2.22413393473919
RUS,1999,0.932935006
RUS,1998,0.507028324
RUS,1997,0.328222391
RUS,1996,0.150655806
RUS,1995,0.059723075
RUS,1994,0.018701789
RUS,1993,0.006739744
RUS,1992,0.00404671
RUS,1991,0.000202709
RUS,1990,0.0
RWA,2024,93.201462876722
RWA,2023,91.4622704078141
RWA,2022,80.5952224850433
RWA,2021,81.6381635400584
RWA,2020,81.2378724761376
RWA,2019,75.5985451901883
RWA,2018,77.679469147812
RWA,2017,72.2764598764471
RWA,2016,74.8502057565523
RWA,2015,75.2543165296423
RWA,2014,68.1670448387062
RWA,2013,60.2988640030865
RWA,2012,52.5466576287262
RWA,2011,42.049425685328
RWA,2010,34.395374562166
RWA,2009,24.1465972832976
RWA,2008,13.4904193265199
RWA,2007,6.650695873992
RWA,2006,3.37877931178506
RWA,2005,2.46261318094107
RWA,2004,1.55691764536154
RWA,2003,1.52232331319601
RWA,2002,0.980824220433372
RWA,2001,0.784352150464324
RWA,2000,0.474803111932642
RWA,1999,0.137335421
RWA,1998,0.063174027
RWA,1997,0.0
RWA,1996,0.0
RWA,1995,0.0
RWA,1994,0.0
RWA,1993,0.0
RWA,1992,0.0
RWA,1991,0.0
RWA,1990,0.0
WSM,2022,62.398669522115
WSM,2021,32.2763227445165
WSM,2020,32.5557694485336
WSM,2019,40.0419487081705
WSM,2018,48.1737337534083
WSM,2017,60.4683202297787
WSM,2016,74.2057700529241
WSM,2015,59.7263383255196
WSM,2014,53.2521483525548
WSM,2013,50.3797889725019
WSM,2012,51.0447943490519
WSM,2010,46.6265678183429
WSM,2007,45.5621897400306
WSM,2006,24.2396475395426
WSM,2005,12.8357346853641
WSM,2004,8.59065015114175
WSM,2003,5.66251415628539
WSM,2002,1.46364469211963
WSM,2001,1.36488212877936
WSM,2000,1.37600792580565
WSM,1999,1.334716345
WSM,1998,0.820467334
WSM,1997,0.429028301
WSM,1996,0.0
WSM,1995,0.0
WSM,1994,0.0
WSM,1993,0.0
WSM,1992,0.0
WSM,1991,0.0
WSM,1990,0.0
SMR,2022,120.269873863303
SMR,2021,115.700566932778
SMR,2020,112.168886076677
SMR,2019,111.822930193634
SMR,2018,111.500477859191
SMR,2017,110.535807784048
SMR,2016,107.051901290946
SMR,2015,108.032211439191
SMR,2014,111.489992587102
SMR,2013,109.399167162403
SMR,2012,107.568649714644
SMR,2011,110.245888899251
SMR,2010,99.8791797283177
SMR,2009,99.531405782652
SMR,2008,82.1588498703747
SMR,2007,59.694364851958
SMR,2006,60.0856886186165
SMR,2005,60.0237995240095
SMR,2004,60.5786618444846
SMR,2003,60.6974823115325
SMR,2002,60.9617693063184
SMR,2001,58.409166267546
SMR,2000,54.1176909586179
SMR,1999,36.28238146
SMR,1998,19.15605647
SMR,1997,9.18112205
SMR,1996,9.031107589
SMR,1995,9.40287712
SMR,1994,7.744039128
SMR,1993,5.375899429
SMR,1992,3.780241935
SMR,1990,0.0
STP,2024,62.4367400312479
STP,2023,63.4540500972405
STP,2022,86.7784626941517
STP,2021,85.2577705092336
STP,2020,80.1172764274381
STP,2019,77.6791069955762
STP,2018,77.3644421396185
STP,2017,84.0522781079383
STP,2016,87.4112004084658
STP,2015,92.3511291071491
STP,2014,65.3056660923834
STP,2013,64.8875473729989
STP,2012,64.4914721889368
STP,2011,61.9653216553819
STP,2010,56.5065290810882
STP,2009,45.4470827031312
STP,2008,29.0869022342672
STP,2007,17.736593989393
STP,2006,11.1230514736957
STP,2005,7.39487376190152
STP,2004,4.91106813354047
STP,2003,3.13300479800278
STP,2002,1.3206867571137
STP,2001,0.0
STP,2000,0.0
STP,1999,0.0
STP,1998,0.0
STP,1997,0.0
STP,1996,0.0
STP,1995,0.0
STP,1994,0.0
STP,1993,0.0
STP,1992,0.0
STP,1991,0.0
STP,1990,0.0
SAU,2024,159.541370566589
SAU,2023,157.775388696083
SAU,2022,149.79788255308
SAU,2021,145.003757775499
SAU,2020,139.444194606554
SAU,2019,135.526154774497
SAU,2018,136.046169550913
SAU,2017,130.629718239662
SAU,2016,156.041476006361
SAU,2015,176.134029034522
SAU,2014,181.856566741136
SAU,2013,189.475618447684
SAU,2012,195.843368612361
SAU,2011,206.851813084871
SAU,2010,204.969243706992
SAU,2009,185.254752586687
SAU,2008,154.586869382726
SAU,2007,126.96531919953
SAU,2006,91.8023570744481
SAU,2005,68.8923141125755
SAU,2004,46.6497538318247
SAU,2003,38.5283109116113
SAU,2002,27.9604163049225
SAU,2001,14.8382201294882
SAU,2000,8.50478825139905
SAU,1999,3.982111086
SAU,1998,3.064200995
SAU,1997,1.665471568
SAU,1996,0.982654552
SAU,1995,0.084748378
SAU,1994,0.086887032
SAU,1993,0.089149328
SAU,1992,0.091590067
SAU,1991,0.092054437
SAU,1990,0.092791133
SEN,2024,123.894453697506
SEN,2023,123.911572643075
SEN,2022,118.150293497239
SEN,2021,115.325093678501
SEN,2020,113.638091206029
SEN,2019,109.341890091569
SEN,2018,104.055698143919
SEN,2017,101.831108002442
SEN,2016,101.010767153806
SEN,2015,102.508995376039
SEN,2014,101.608432443463
SEN,2013,95.7910921489982
SEN,2012,86.1774562103062
SEN,2011,72.1733338879073
SEN,2010,66.0343828887904
SEN,2009,55.9396481702895
SEN,2008,44.7269593995631
SEN,2007,30.8470508593462
SEN,2006,25.9356401782455
SEN,2005,15.3986054168441
SEN,2004,10.2163287202352
SEN,2003,7.29792142205295
SEN,2002,5.28795799512603
SEN,2001,2.9551817683876
SEN,2000,2.51047825799086
SEN,1999,0.92713411
SEN,1998,0.296786944
SEN,1997,0.076694149
SEN,1996,0.01596667
SEN,1995,0.001413234
SEN,1994,0.001164311
SEN,1993,0.0
SEN,1992,0.0
SEN,1991,0.0
SEN,1990,0.0
SRB,2024,123.822194984291
SRB,2023,128.471147595832
SRB,2022,129.813149647571
SRB,2021,125.075587327252
SRB,2020,120.216859464106
SRB,2019,122.047741314232
SRB,2018,121.074823902706
SRB,2017,123.142754551775
SRB,2016,129.17749484679
SRB,2015,129.383588087229
SRB,2014,131.35311754636
SRB,2013,128.668140961621
SRB,2012,127.199184289925
SRB,2011,141.043436487447
SRB,2010,136.015037810579
SRB,2009,135.323308847551
SRB,2008,130.694616797607
SRB,2007,114.29611072521
SRB,2006,89.3758549177073
SRB,2005,73.7200175354083
SRB,2004,51.1718128306345
SYC,2024,125.616862703001
SYC,2023,129.24400747161
SYC,2022,163.429518331448
SYC,2021,149.479213250181
SYC,2020,152.5450781854
SYC,2019,164.617084572886
SYC,2018,155.551112656467
SYC,2017,148.791660366282
SYC,2016,138.276832299833
SYC,2015,138.248624452112
SYC,2014,144.60603512527
SYC,2013,133.985679723389
SYC,2012,137.106577057151
SYC,2011,130.476995382586
SYC,2010,123.813585199693
SYC,2009,118.199683855257
SYC,2008,101.003814278151
SYC,2007,84.4863777495955
SYC,2006,77.8329810894847
SYC,2005,65.8772657002666
SYC,2004,61.6736240301284
SYC,2003,56.5629524094032
SYC,2002,52.0994211304844
SYC,2001,43.3574450984564
SYC,2000,31.1589332437168
SYC,1999,20.69691627
SYC,1998,6.68263288
SYC,1997,2.936065124
SYC,1996,1.380542687
SYC,1995,0.066903057
SYC,1994,0.0
SYC,1993,0.0
SYC,1992,0.0
SYC,1991,0.0
SYC,1990,0.0
SLE,2022,107.882000873042
SLE,2021,101.636782141976
SLE,2020,87.0034823125467
SLE,2019,87.0384355077496
SLE,2018,84.1233437327877
SLE,2017,89.7781754066341
SLE,2016,87.1475941136892
SLE,2015,80.3818885694169
SLE,2014,69.1758823858757
SLE,2013,59.5765507292095
SLE,2012,33.7348956202641
SLE,2011,33.4572729332228
SLE,2010,32.1403169099528
SLE,2009,19.1556771977754
SLE,2008,17.113614518208
SLE,2007,13.4971732466546
SLE,2003,2.18657481612929
SLE,2002,1.34769940671054
SLE,2001,0.573122260115464
SLE,2000,0.269915234409174
SLE,1999,0.0
SLE,1998,0.0
SLE,1997,0.0
SLE,1996,0.0
SLE,1995,0.0
SLE,1994,0.0
SLE,1993,0.0
SLE,1992,0.0
SLE,1991,0.0
SLE,1990,0.0
SGP,2024,170.78256295407
SGP,2023,173.199932977376
SGP,2022,173.005291258141
SGP,2021,157.977675166643
SGP,2020,150.259334715266
SGP,2019,159.347378272364
SGP,2018,152.07381696158
SGP,2017,149.567868255938
SGP,2016,151.681717052742
SGP,2015,149.006215002154
SGP,2014,148.478352479892
SGP,2013,156.679270675737
SGP,2012,152.410387392459
SGP,2011,150.404101393239
SGP,2010,145.451637517643
SGP,2009,138.567088142902
SGP,2008,133.454246858734
SGP,2007,128.882425054634
SGP,2006,108.657521639152
SGP,2005,102.723197927824
SGP,2004,95.6367801029868
SGP,2003,86.4376082131435
SGP,2002,79.8911570400194
SGP,2001,72.6792845575227
SGP,2000,68.0850852922189
SGP,1999,41.11452948
SGP,1998,28.31395042
SGP,1997,22.56524803
SGP,1996,11.80233977
SGP,1995,8.634616063
SGP,1994,6.85247021
SGP,1993,5.368715266
SGP,1992,3.717206111
SGP,1991,2.624670739
SGP,1990,1.711595724
SXM,2022,205.372695128029
SXM,2012,196.556548553808
SVK,2024,139.967676092657
SVK,2023,138.232946210214
SVK,2022,136.029289645522
SVK,2021,135.268252737261
SVK,2020,133.632904273198
SVK,2019,135.755672834643
SVK,2018,133.040480361667
SVK,2017,130.944551759663
SVK,2016,128.792489910653
SVK,2015,123.158867497202
SVK,2014,117.780685215586
SVK,2013,114.749126777911
SVK,2012,112.758768895687
SVK,2011,110.836202084841
SVK,2010,109.888273989767
SVK,2009,102.091819368094
SVK,2008,102.619815137048
SVK,2007,112.852224819086
SVK,2006,91.0056192794065
SVK,2005,84.445444645828
SVK,2004,79.5225777793981
SVK,2003,68.4270811555234
SVK,2002,54.3613352057613
SVK,2001,39.9173928424108
SVK,2000,23.1177738137126
SVK,1999,12.35570143
SVK,1998,8.664253744
SVK,1997,3.729898959
SVK,1996,0.534834907
SVK,1995,0.230187088
SVK,1994,0.111373113
SVK,1993,0.058720083
SVK,1992,0.028989651
SVK,1991,0.002253691
SVK,1990,0.0
SVN,2024,130.86090177123
SVN,2023,129.227963043737
SVN,2022,126.45918075971
SVN,2021,123.362924143622
SVN,2020,121.331428226248
SVN,2019,120.568876746571
SVN,2018,119.153401263409
SVN,2017,118.461993493049
SVN,2016,115.736307790972
SVN,2015,114.271192414174
SVN,2014,113.019086174171
SVN,2013,111.044907196462
SVN,2012,109.148058194505
SVN,2011,105.844580545528
SVN,2010,103.782526953769
SVN,2009,103.184650482804
SVN,2008,101.472234498799
SVN,2007,95.7428364606947
SVN,2006,90.8371665317101
SVN,2005,88.0975344957269
SVN,2004,92.7311397535546
SVN,2003,87.285055382963
SVN,2002,83.71447278833
SVN,2001,73.8855363101284
SVN,2000,61.183370780183
SVN,1999,31.78892401
SVN,1998,8.127933756
SVN,1997,4.70447697
SVN,1996,2.069909231
SVN,1995,1.371147493
SVN,1994,0.820106365
SVN,1993,0.326356829
SVN,1992,0.175761045
SVN,1991,0.026284088
SVN,1990,0.0
SLB,2022,62.0734995506142
SLB,2021,62.1565164026326
SLB,2020,63.6670615636308
SLB,2019,65.6620160489572
SLB,2018,67.9774813460988
SLB,2017,67.8649558389434
SLB,2016,62.8902788282841
SLB,2015,66.42196382631
SLB,2014,61.0619411646469
SLB,2013,54.3083814470245
SLB,2012,52.6750068862599
SLB,2011,49.7105498738573
SLB,2010,21.6710946998694
SLB,2009,9.64988294691985
SLB,2008,5.89634230232512
SLB,2007,2.17932005214373
SLB,2006,1.42393926695607
SLB,2005,1.24203030553946
SLB,2004,0.632096601216575
SLB,2003,0.227392664226843
SLB,2002,0.218279069462562
SLB,2001,0.21530754244364
SLB,2000,0.261312373856049
SLB,1999,0.260716697
SLB,1998,0.171997697
SLB,1997,0.165722201
SLB,1996,0.087290096
SLB,1995,0.061302437
SLB,1994,0.039505739
SLB,1993,0.0
SLB,1992,0.0
SLB,1991,0.0
SLB,1990,0.0
SOM,2023,53.9579646939598
SOM,2022,49.6800986995936
SOM,2021,51.2059481348129
SOM,2020,53.1133178401473
SOM,2019,51.3194116563494
SOM,2018,49.5262671956948
SOM,2017,47.725260177752
SOM,2016,46.366719307758
SOM,2015,42.2685278435236
SOM,2014,41.2309585125849
SOM,2013,40.2732207402969
SOM,2012,18.457350680033
SOM,2011,14.5762796961332
SOM,2010,5.28635539640489
SOM,2009,5.35899363283001
SOM,2008,5.37593658761268
SOM,2007,5.29914466505961
SOM,2006,5.01116030956944
SOM,2005,4.6973815292194
SOM,2004,4.86334108809281
SOM,2003,2.01833516211319
SOM,2002,1.04711351118836
SOM,2001,0.924064409246167
SOM,2000,0.905109148809335
SOM,1999,0.0
SOM,1998,0.0
SOM,1997,0.0
SOM,1996,0.0
SOM,1995,0.0
SOM,1994,0.0
SOM,1993,0.0
SOM,1992,0.0
SOM,1991,0.0
SOM,1990,0.0
ZAF,2024,179.336329840585
ZAF,2023,171.508619260428
ZAF,2022,160.728511675754
ZAF,2021,163.12806305125
ZAF,2020,158.447269436121
ZAF,2019,162.73854828041
ZAF,2018,157.691905248121
ZAF,2017,153.547950468153
ZAF,2016,143.92861725374
ZAF,2015,155.137526067883
ZAF,2014,142.60448245213
ZAF,2013,140.576037974212
ZAF,2012,127.16760060932
ZAF,2011,120.765642853915
ZAF,2010,96.2325212467793
ZAF,2009,89.7686684071896
ZAF,2008,88.0374704690533
ZAF,2007,83.7149918944889
ZAF,2006,79.3267335992398
ZAF,2005,68.6197925954101
ZAF,2004,42.5360187041727
ZAF,2003,34.762637167057
ZAF,2002,28.5342918067619
ZAF,2001,22.6775818427979
ZAF,2000,17.6824632903347
ZAF,1999,11.18955156
ZAF,1998,7.27773689
ZAF,1997,4.054318326
ZAF,1996,2.133823992
ZAF,1995,1.216293771
ZAF,1994,0.785800456
ZAF,1993,0.094061343
ZAF,1992,0.029956355
ZAF,1991,0.017354763
ZAF,1990,0.014243596
SSD,2023,46.6152369503945
SSD,2022,48.4888320004297
SSD,2021,30.151042999214
SSD,2019,21.3171365460584
SSD,2018,18.9297575209348
SSD,2017,27.1848244017002
SSD,2016,24.930513119821
SSD,2015,26.0993389998038
SSD,2014,25.599272919722
SSD,2013,25.5521917559795
SSD,2012,21.3829367883201
SSD,2011,17.4959266080871
SSD,2010,15.3910038351303
ESP,2024,130.260997343256
ESP,2023,127.715490236713
ESP,2022,123.399528756795
ESP,2021,118.999806936801
ESP,2020,116.712041523767
ESP,2019,116.69612128516
ESP,2018,115.009066880916
ESP,2017,112.030085134191
ESP,2016,110.247061960011
ESP,2015,109.391040801705
ESP,2014,108.745818831037
ESP,2013,107.038567264134
ESP,2012,107.756074158579
ESP,2011,111.899355043358
ESP,2010,109.711571858447
ESP,2009,109.472490510383
ESP,2008,107.328389840315
ESP,2007,106.384415658258
ESP,2006,102.236498446106
ESP,2005,97.1228342120143
ESP,2004,89.3326464755076
ESP,2003,87.5626112431679
ESP,2002,80.3027940805405
ESP,2001,71.9003474770726
ESP,2000,59.1545409294551
ESP,1999,37.00760234
ESP,1998,15.94912844
ESP,1997,10.7956461
ESP,1996,7.494773352
ESP,1995,2.373389764
ESP,1994,1.039604429
ESP,1993,0.652606384
ESP,1992,0.459912366
ESP,1991,0.27810043
ESP,1990,0.140653526
LKA,2024,132.548743018664
LKA,2023,142.277402587724
LKA,2022,151.72675762805
LKA,2021,135.522602889503
LKA,2020,131.773421339878
LKA,2019,126.514451763616
LKA,2018,136.084228735946
LKA,2017,127.669744935625
LKA,2016,117.737517418373
LKA,2015,109.984693490847
LKA,2014,102.671053139637
LKA,2013,95.1136033828075
LKA,2012,91.3242275735165
LKA,2011,87.1978920701214
LKA,2010,83.1420949448513
LKA,2009,78.5559610790581
LKA,2008,53.721706975363
LKA,2007,38.9580161956458
LKA,2006,26.593881186853
LKA,2005,16.6288477682909
LKA,2004,11.0075740736638
LKA,2003,6.98394373040532
LKA,2002,4.70268940053374
LKA,2001,3.40637586183357
LKA,2000,2.22982841389445
LKA,1999,1.374661758
LKA,1998,0.938548009
LKA,1997,0.622728788
LKA,1996,0.387659854
LKA,1995,0.282303929
LKA,1994,0.162016515
LKA,1993,0.082392688
LKA,1992,0.015001881
LKA,1991,0.01033497
LKA,1990,0.005870696
KNA,2023,118.893023653706
KNA,2022,116.923933289088
KNA,2021,121.256121292475
KNA,2020,133.400896095584
KNA,2019,138.916340092009
KNA,2018,152.301735874745
KNA,2017,163.396386822529
KNA,2016,162.682952734997
KNA,2015,155.051288041285
KNA,2014,138.036484104568
KNA,2013,163.589623743865
KNA,2012,161.588671783641
KNA,2011,164.228127799343
KNA,2010,170.772317807283
KNA,2009,160.925910137267
KNA,2008,159.069072275008
KNA,2007,138.097888922194
KNA,2006,109.514913354377
KNA,2005,109.826216163835
KNA,2004,62.6147036597215
KNA,2003,47.6437976437976
KNA,2002,10.8648413733159
KNA,2001,4.58906055374664
KNA,2000,2.65205091937765
KNA,1999,1.561628555
KNA,1998,0.99479991
KNA,1997,0.469580356
KNA,1996,0.696104137
KNA,1990,0.0
LCA,2022,98.6676436534083
LCA,2021,96.2374385229832
LCA,2020,81.8687237026648
LCA,2019,83.1865181441059
LCA,2018,104.478100973353
LCA,2017,100.199612117363
LCA,2016,100.570465595573
LCA,2015,107.338841085161
LCA,2014,108.161917559637
LCA,2013,122.318869001955
LCA,2012,125.154270020338
LCA,2011,126.035354858237
LCA,2010,115.977203843048
LCA,2009,111.696660367695
LCA,2008,103.694730107578
LCA,2007,87.6262234885967
LCA,2006,63.370519506238
LCA,2005,63.8597763674826
LCA,2004,61.4957470515529
LCA,2003,60.7451403887689
LCA,2002,8.85480787671445
LCA,2001,1.6850040876951
LCA,2000,1.57613355525294
LCA,1999,1.453341421
LCA,1998,1.211309808
LCA,1997,1.029243377
LCA,1996,0.909273945
LCA,1995,0.656391945
LCA,1994,0.348031695
LCA,1990,0.0
VCT,2024,108.354536057883
VCT,2023,101.631416361537
VCT,2022,102.334241420536
VCT,2021,95.5173520288601
VCT,2020,96.9437629194598
VCT,2019,92.5177839430914
VCT,2018,107.164096601414
VCT,2017,109.635350122559
VCT,2016,105.923892091134
VCT,2015,105.99382946896
VCT,2014,106.957734691031
VCT,2013,115.945808480141
VCT,2012,116.789287816363
VCT,2011,120.539739732416
VCT,2010,119.85467310543
VCT,2009,109.597495203967
VCT,2008,117.175847533955
VCT,2007,99.067523827456
VCT,2006,78.2348634992055
VCT,2005,62.8012449977768
VCT,2004,63.8099880356272
VCT,2003,55.6040692587126
VCT,2002,8.80658508826877
VCT,2001,6.60082290023876
VCT,2000,2.07935179884627
VCT,1999,1.245679597
VCT,1998,0.656949651
VCT,1997,0.302775736
VCT,1996,0.244990813
VCT,1995,0.188309072
VCT,1994,0.131643614
VCT,1993,0.073049876
VCT,1992,0.06182544
VCT,1990,0.0
SDN,2022,70.2084038614961
SDN,2021,71.767230205952
SDN,2020,75.2207425678785
SDN,2019,72.4818502607404
SDN,2018,68.0533719238149
SDN,2017,67.0598253428254
SDN,2016,67.3954575547604
SDN,2015,69.8036331859409
SDN,2014,71.597721245773
SDN,2013,73.1963836514564
SDN,2012,74.908489729676
SDN,2011,69.3293475524591
SDN,2010,51.0900410875249
SDN,2009,44.3745692867503
SDN,2008,35.6634431735922
SDN,2007,25.0825849667632
SDN,2006,14.6382324446389
SDN,2005,5.84707964610828
SDN,2004,3.43152291268178
SDN,2003,1.76355493295348
SDN,2002,0.652707180849854
SDN,2001,0.364157651795768
SDN,2000,0.0826840092181885
SDN,1999,0.050713575
SDN,1998,0.034359945
SDN,1997,0.015539144
SDN,1996,0.00921958
SDN,1995,0.0
SDN,1994,0.0
SDN,1993,0.0
SDN,1992,0.0
SDN,1991,0.0
SDN,1990,0.0
SUR,2024,142.122626416427
SUR,2023,157.24614636039
SUR,2022,149.052255906952
SUR,2021,146.654129497521
SUR,2020,146.874739718153
SUR,2019,134.34912375695
SUR,2018,125.480181413914
SUR,2017,134.049784997128
SUR,2016,137.281393501056
SUR,2015,129.027366336157
SUR,2014,161.251918320811
SUR,2013,152.648413061052
SUR,2012,101.14390730725
SUR,2011,95.9107913617333
SUR,2010,94.7707224465971
SUR,2009,140.536602596179
SUR,2008,122.310305354168
SUR,2007,71.560932250629
SUR,2006,60.952729253691
SUR,2005,44.8255676249198
SUR,2004,41.410678253357
SUR,2003,33.2775160244385
SUR,2002,21.8231359920733
SUR,2001,17.8806313712595
SUR,2000,8.6118961151218
SUR,1999,3.719779449
SUR,1998,1.300923229
SUR,1997,0.498580217
SUR,1996,0.544347662
SUR,1995,0.388271307
SUR,1994,0.323996361
SUR,1993,0.255223439
SUR,1992,0.0
SUR,1991,0.0
SUR,1990,0.0
SWE,2024,140.686673016562
SWE,2023,140.265691285045
SWE,2022,140.781664517726
SWE,2021,124.96149481991
SWE,2020,123.548656971054
SWE,2019,125.456729050381
SWE,2018,124.086284526267
SWE,2017,124.472904877796
SWE,2016,126.401633330915
SWE,2015,128.974452830716
SWE,2014,126.980024510044
SWE,2013,125.141584605994
SWE,2012,124.465204900222
SWE,2011,121.218520944341
SWE,2010,117.211932910169
SWE,2009,112.273275734132
SWE,2008,108.612891679953
SWE,2007,110.587549083029
SWE,2006,105.79670579871
SWE,2005,100.822047425123
SWE,2004,97.6783137909993
SWE,2003,98.2426498568778
SWE,2002,89.0639567500317
SWE,2001,80.6877500977403
SWE,2000,71.8240245461588
SWE,1999,57.92826117
SWE,1998,46.54174661
SWE,1997,35.97919088
SWE,1996,28.36493884
SWE,1995,22.92631064
SWE,1994,15.83087445
SWE,1993,8.919313209
SWE,1992,7.592353574
SWE,1991,6.611458698
SWE,1990,5.395157881
CHE,2024,129.471369643132
CHE,2023,130.221876609608
CHE,2022,123.971228075124
CHE,2021,123.21236546636
CHE,2020,127.376373489656
CHE,2019,126.920635838501
CHE,2018,126.681143927488
CHE,2017,131.169694242519
CHE,2016,134.235676338144
CHE,2015,135.723075533919
CHE,2014,136.137729869778
CHE,2013,136.551244178553
CHE,2012,132.03116268359
CHE,2011,127.39653885362
CHE,2010,123.236153760539
CHE,2009,120.4834287435
CHE,2008,116.422699159143
CHE,2007,108.793498963141
CHE,2006,99.4336839067788
CHE,2005,91.9590388522439
CHE,2004,84.9755978783873
CHE,2003,84.3941464361848
CHE,2002,78.808880973002
CHE,2001,73.0072729250327
CHE,2000,64.5672951042503
CHE,1999,42.80907642
CHE,1998,23.89578208
CHE,1997,14.73654995
CHE,1996,9.374002343
CHE,1995,6.353340872
CHE,1994,4.750957515
CHE,1993,3.715376361
CHE,1992,3.128988784
CHE,1991,2.568755037
CHE,1990,1.86312157
SYR,2024,71.2231424453527
SYR,2023,72.4405852977604
SYR,2022,78.6567844526885
SYR,2021,78.5558300193552
SYR,2020,79.1482419784404
SYR,2019,87.1297289207859
SYR,2018,87.4952069545959
SYR,2017,80.032591460097
SYR,2016,69.5528574436978
SYR,2015,73.6810937543276
SYR,2014,69.2511845049776
SYR,2013,56.7277291919289
SYR,2012,57.0304708357464
SYR,2011,56.4601130740851
SYR,2010,52.0228671102636
SYR,2009,45.6016523479648
SYR,2008,32.6121929526333
SYR,2007,29.8536903030412
SYR,2006,23.807072172145
SYR,2005,15.6797370651604
SYR,2004,12.7938920890283
SYR,2003,6.62407285339792
SYR,2002,2.2898580127742
SYR,2001,1.1729284822106
SYR,2000,0.180311347209453
SYR,1999,0.025155331
SYR,1998,0.0
SYR,1997,0.0
SYR,1996,0.0
SYR,1995,0.0
SYR,1994,0.0
SYR,1993,0.0
SYR,1992,0.0
SYR,1991,0.0
SYR,1990,0.0
TJK,2023,76.215892145748
TJK,2022,63.8442080716763
TJK,2021,64.0874682499327
TJK,2020,62.2826230779409
TJK,2019,115.372919483658
TJK,2018,107.442164151643
TJK,2017,109.003509375909
TJK,2016,106.027422075203
TJK,2015,98.2086665185843
TJK,2014,94.9385868130658
TJK,2013,91.7287717099905
TJK,2012,81.4565956633347
TJK,2011,80.8201119902975
TJK,2010,77.6363373335646
TJK,2009,65.4185519002754
TJK,2008,50.0588479537033
TJK,2007,29.6445453922502
TJK,2006,30.4637604522579
TJK,2005,3.82686953407502
TJK,2004,1.98805781036491
TJK,2003,0.715122980517603
TJK,2002,0.202092298308442
TJK,2001,0.0254394270853736
TJK,2000,0.0184574210368456
TJK,1999,0.01009764
TJK,1998,0.006821721
TJK,1997,0.005231264
TJK,1996,0.001689973
TJK,1995,0.0
TJK,1994,0.0
TJK,1993,0.0
TJK,1992,0.0
TJK,1991,0.0
TJK,1990,0.0
TZA,2024,126.559163217786
TZA,2023,105.40028112088
TZA,2022,93.0159746238635
TZA,2021,86.0162814148027
TZA,2020,84.0050558283384
TZA,2019,80.5835569684446
TZA,2018,75.7301934140355
TZA,2017,71.7911684370749
TZA,2016,74.3983656514054
TZA,2015,76.2492627491202
TZA,2014,63.2804353521698
TZA,2013,56.2075025692215
TZA,2012,57.4558483868666
TZA,2011,55.7610427273527
TZA,2010,46.8823991552172
TZA,2009,40.036423904653
TZA,2008,30.5533722608643
TZA,2007,19.9152842614808
TZA,2006,13.9198750253816
TZA,2005,7.56468340268647
TZA,2004,5.09581977990467
TZA,2003,3.49963756642537
TZA,2002,1.68005839434811
TZA,2001,0.782878740816424
TZA,2000,0.322584797452223
TZA,1999,0.152090587
TZA,1998,0.116285848
TZA,1997,0.063550298
TZA,1996,0.02902308
TZA,1995,0.011452853
TZA,1994,0.001253449
TZA,1993,0.0
TZA,1992,0.0
TZA,1991,0.0
TZA,1990,0.0
THA,2024,160.639312286761
THA,2023,168.642808295144
THA,2022,176.22279253783
THA,2021,168.485285358167
THA,2020,162.327737376294
THA,2019,181.221874232713
THA,2018,175.266001933225
THA,2017,170.783699598766
THA,2016,168.88127084564
THA,2015,145.932577028654
THA,2014,138.28115031927
THA,2013,134.367308785551
THA,2012,122.431994954555
THA,2011,112.233203232914
THA,2010,104.588624052335
THA,2009,96.8163056134753
THA,2008,91.4482689471417
THA,2007,78.9450134968359
THA,2006,60.2776989983143
THA,2005,46.1396976737352
THA,2004,41.1989375977806
THA,2003,33.3243736226487
THA,2002,27.1524154979994
THA,2001,11.8615312803269
THA,2000,4.85019199602462
THA,1999,3.746479249
THA,1998,3.201797801
THA,1997,3.613604252
THA,1996,3.063599772
THA,1995,2.183979176
THA,1994,1.257947235
THA,1993,0.715792739
THA,1992,0.440091874
THA,1991,0.220234042
THA,1990,0.114475503
TLS,2024,116.382391453038
TLS,2023,112.647241971673
TLS,2022,108.158358863503
TLS,2021,102.668836319816
TLS,2020,103.911005065408
TLS,2019,109.555438546595
TLS,2018,115.089356319443
TLS,2017,124.360491266698
TLS,2016,121.477605038459
TLS,2015,114.23397124462
TLS,2014,116.401176746315
TLS,2013,56.0975925502397
TLS,2012,54.7192006238518
TLS,2011,55.3186027470553
TLS,2010,43.6092152609205
TLS,2009,33.1410054194348
TLS,2008,12.1075638131048
TLS,2007,7.7834467289422
TLS,2006,5.02766238274334
TLS,2005,3.48746350089791
TLS,2004,2.76856310692152
TLS,2003,2.18764110383279
TLS,1990,0.0
TGO,2024,80.8035554767112
TGO,2023,75.7906769713952
TGO,2022,72.2147547047011
TGO,2021,70.4496733018494
TGO,2020,75.164019137873
TGO,2019,73.7224727486533
TGO,2018,74.3997114343066
TGO,2017,75.3357270694068
TGO,2016,70.0588130571426
TGO,2015,63.3574638254671
TGO,2014,60.4368580586019
TGO,2013,58.5138554393817
TGO,2012,46.6464180614517
TGO,2011,38.9697843149559
TGO,2010,38.6520343582485
TGO,2009,33.384906435038
TGO,2008,24.3301576494957
TGO,2007,19.2348550759298
TGO,2006,11.7790568369439
TGO,2005,7.41937343863111
TGO,2004,5.83805025815816
TGO,2003,4.38771023998378
TGO,2002,3.05061225424761
TGO,2001,1.80013499117555
TGO,2000,0.97275564358778
TGO,1999,0.349223553
TGO,1998,0.158619478
TGO,1997,0.065214314
TGO,1996,0.0
TGO,1995,0.0
TGO,1994,0.0
TGO,1993,0.0
TGO,1992,0.0
TGO,1991,0.0
TGO,1990,0.0
TON,2022,61.7257858761257
TON,2021,60.9801876955162
TON,2020,58.6543555589192
TON,2019,58.772203768371
TON,2018,102.245967016208
TON,2017,102.450738448688
TON,2016,75.8121375232175
TON,2015,69.2709364249022
TON,2014,63.7844834863848
TON,2013,53.6991725657932
TON,2012,52.1124139214591
TON,2011,51.1294970716743
TON,2010,50.5586592178771
TON,2009,49.4389149557382
TON,2008,47.1612782657447
TON,2007,43.5929389277215
TON,2006,28.2824955530667
TON,2005,28.2688722544501
TON,2004,15.6084933045274
TON,2003,10.7213968448461
TON,2002,3.22891195101758
TON,2001,0.228487336379831
TON,2000,0.175307030785862
TON,1999,0.137279128
TON,1998,0.128277237
TON,1997,0.119215562
TON,1996,0.301412246
TON,1995,0.300072017
TON,1994,0.0
TON,1993,0.0
TON,1992,0.0
TON,1991,0.0
TON,1990,0.0
TTO,2024,118.786668099235
TTO,2023,134.230557337258
TTO,2022,133.631989924602
TTO,2021,134.221562299819
TTO,2020,134.231180588566
TTO,2019,145.715788467056
TTO,2018,134.142866663312
TTO,2017,140.503134035998
TTO,2016,150.717314787624
TTO,2015,148.572056300501
TTO,2014,139.365477214979
TTO,2013,137.604422317441
TTO,2012,134.183710177097
TTO,2011,130.911989608476
TTO,2010,136.605093988839
TTO,2009,133.884700838835
TTO,2008,131.633340232814
TTO,2007,110.577518150665
TTO,2006,111.783486838135
TTO,2005,68.3488728833742
TTO,2004,48.4018641573385
TTO,2003,25.1251018705335
TTO,2002,19.7274647131292
TTO,2001,19.3204870066922
TTO,2000,12.2642209954129
TTO,1999,2.913126892
TTO,1998,1.989078855
TTO,1997,1.300286533
TTO,1996,0.725883448
TTO,1995,0.48576947
TTO,1994,0.199709081
TTO,1993,0.129755312
TTO,1992,0.099338624
TTO,1991,0.03337972
TTO,1990,0.0
TUN,2024,117.606816067203
TUN,2023,132.653682480562
TUN,2022,131.875365428496
TUN,2021,129.846077003661
TUN,2020,124.041976750236
TUN,2019,124.386924181822
TUN,2018,125.532926143303
TUN,2017,123.034053994945
TUN,2016,123.883093580407
TUN,2015,128.008569175385
TUN,2014,126.692106854109
TUN,2013,114.100647129197
TUN,2012,116.660316175441
TUN,2011,113.794012236779
TUN,2010,103.234503500842
TUN,2009,91.9849726040992
TUN,2008,81.5940606878641
TUN,2007,75.1086269269129
TUN,2006,70.9332705740445
TUN,2005,55.3921457734954
TUN,2004,36.746361434496
TUN,2003,19.0389204053524
TUN,2002,5.75974663829919
TUN,2001,3.94347251688176
TUN,2000,1.22033582404798
TUN,1999,0.564544562
TUN,1998,0.402990633
TUN,1997,0.080100875
TUN,1996,0.06892493
TUN,1995,0.034269045
TUN,1994,0.029628764
TUN,1993,0.025275217
TUN,1992,0.022425345
TUN,1991,0.014368794
TUN,1990,0.011291437
TUR,2024,107.826875714392
TUR,2023,105.684032912794
TUR,2022,103.720593629066
TUR,2021,99.5415432248525
TUR,2020,95.3960853737199
TUR,2019,94.6498130829997
TUR,2018,94.9085818111026
TUR,2017,93.6407569517097
TUR,2016,91.9286950751339
TUR,2015,92.0327105332494
TUR,2014,92.1219361989572
TUR,2013,91.1758435342703
TUR,2012,90.0040810031246
TUR,2011,88.0166628392838
TUR,2010,84.215890954924
TUR,2009,86.6344934581247
TUR,2008,91.981497306586
TUR,2007,87.5975882376437
TUR,2006,75.1837213345885
TUR,2005,62.9009716591727
TUR,2004,50.5995404724097
TUR,2003,41.1128169663371
TUR,2002,34.7852903247553
TUR,2001,29.5461682857644
TUR,2000,24.659026406964
TUR,1999,12.85342716
TUR,1998,5.633037995
TUR,1997,2.627083259
TUR,1996,1.337350088
TUR,1995,0.737081845
TUR,1994,0.29973978
TUR,1993,0.146933448
TUR,1992,0.109045788
TUR,1991,0.086455146
TUR,1990,0.058554077
TKM,2021,88.1929367884543
TKM,2020,88.7029504834018
TKM,2019,88.2099411752948
TKM,2018,87.7729687399519
TKM,2016,134.826174862709
TKM,2015,126.162969350539
TKM,2014,118.613404511362
TKM,2013,103.130970254107
TKM,2012,101.574473198628
TKM,2011,93.2537591382086
TKM,2010,57.4662009404143
TKM,2009,39.1241677660397
TKM,2008,21.2374900117474
TKM,2007,7.27815888724088
TKM,2006,4.21339762837556
TKM,2005,2.07827907408511
TKM,2004,1.01046914610113
TKM,2003,0.18888270953244
TKM,2002,0.171360938805505
TKM,2001,0.174808236028121
TKM,2000,0.163659799719684
TKM,1999,0.088867561
TKM,1998,0.067696893
TKM,1997,0.057291199
TKM,1996,0.0
TKM,1995,0.0
TKM,1994,0.0
TKM,1993,0.0
TKM,1992,0.0
TKM,1991,0.0
TKM,1990,0.0
TCA,2004,109.752362618131
TCA,2003,89.1103235605468
TCA,2002,43.9481477885129
TCA,1996,0.0
TCA,1995,0.0
TCA,1994,0.0
TCA,1993,0.0
TCA,1992,0.0
TCA,1991,0.0
TCA,1990,0.0
TUV,2022,98.8590872698158
TUV,2021,88.2872277810477
TUV,2020,86.5467833445524
TUV,2019,85.0581230507513
TUV,2018,79.0624127988094
TUV,2017,73.6038273990248
TUV,2016,69.5333943275389
TUV,2015,60.2024993158807
TUV,2014,34.5957756737072
TUV,2013,30.9062812471593
TUV,2012,25.6081946222791
TUV,2011,19.7588126159555
TUV,2010,15.0744299981157
TUV,2009,9.5593155530064
TUV,2007,17.6782557454331
TUV,2006,15.9108989657916
TUV,2005,13.0784708249497
TUV,2004,5.09372453137734
TUV,2003,0.0
TUV,2002,0.0
TUV,2001,0.0
TUV,2000,0.0
TUV,1999,0.0
TUV,1998,0.0
TUV,1997,0.0
TUV,1996,0.0
TUV,1995,0.0
TUV,1994,0.0
TUV,1993,0.0
TUV,1992,0.0
TUV,1991,0.0
TUV,1990,0.0
UGA,2024,83.165031466902
UGA,2023,76.2966796632588
UGA,2022,70.1401117953081
UGA,2021,65.6220730009172
UGA,2020,62.2824129624858
UGA,2019,59.0598078769828
UGA,2018,58.8753608703264
UGA,2017,62.0968142578109
UGA,2016,58.8633638178484
UGA,2015,53.8755501186925
UGA,2014,55.9572451997482
UGA,2013,51.1323160552035
UGA,2012,47.6342672974029
UGA,2011,50.0591238800663
UGA,2010,39.6046507276973
UGA,2009,29.8359001233373
UGA,2008,28.0124073852685
UGA,2007,14.147698933985
UGA,2006,6.97651521394924
UGA,2005,4.70366701141629
UGA,2004,4.29039148738249
UGA,2003,2.94537548472374
UGA,2002,1.54040654262525
UGA,2001,1.14573552163214
UGA,2000,0.528800861661281
UGA,1999,0.24209546
UGA,1998,0.133110548
UGA,1997,0.022855121
UGA,1996,0.018823909
UGA,1995,0.008447436
UGA,1994,0.0
UGA,1993,0.0
UGA,1992,0.0
UGA,1991,0.0
UGA,1990,0.0
UKR,2023,133.38012811971
UKR,2022,120.261144906234
UKR,2021,135.025688989835
UKR,2020,129.341230786476
UKR,2019,130.629436256062
UKR,2018,127.753861022152
UKR,2017,131.356511508927
UKR,2016,133.168953931474
UKR,2015,142.003037907188
UKR,2014,144.278847394403
UKR,2013,138.441124320457
UKR,2012,130.859020572585
UKR,2011,121.941606633464
UKR,2010,117.767819669863
UKR,2009,119.456421121144
UKR,2008,120.558086000585
UKR,2007,119.08760668951
UKR,2006,105.276792245749
UKR,2005,64.0053648197035
UKR,2004,29.0897362980988
UKR,2003,13.657727308332
UKR,2002,7.69639725156479
UKR,2001,4.59600703553104
UKR,2000,1.67592702664619
UKR,1999,0.439366038
UKR,1998,0.232167426
UKR,1997,0.113968483
UKR,1996,0.059309101
UKR,1995,0.027501844
UKR,1994,0.00977526
UKR,1993,0.000126662
UKR,1992,0.0
UKR,1991,0.0
UKR,1990,0.0
ARE,2024,203.206410299544
ARE,2023,199.423843889179
ARE,2022,195.624592490241
ARE,2021,186.30089463245
ARE,2020,194.467749671801
ARE,2019,209.033214126867
ARE,2018,214.842134318761
ARE,2017,214.701342068567
ARE,2016,220.411614691071
ARE,2015,206.839413263939
ARE,2014,204.191832969644
ARE,2013,205.105475119726
ARE,2012,183.740632066882
ARE,2011,162.893623558443
ARE,2010,157.472576744687
ARE,2009,159.114145128907
ARE,2008,148.472693451531
ARE,2007,137.457950604795
ARE,2006,110.185322712663
ARE,2005,97.1992951451191
ARE,2004,83.1597300228247
ARE,2003,70.897113554176
ARE,2002,61.3641085051503
ARE,2001,51.2758654953956
ARE,2000,40.8783266424794
ARE,1999,26.86844465
ARE,1998,16.88654733
ARE,1997,11.26583053
ARE,1996,7.534161116
ARE,1995,5.298629246
ARE,1994,3.928169053
ARE,1993,3.174853055
ARE,1992,2.311609649
ARE,1991,2.14142422
ARE,1990,1.767122718
GBR,2024,121.643331373201
GBR,2023,122.781542240418
GBR,2022,119.833999505569
GBR,2021,117.887430294308
GBR,2020,117.304850715261
GBR,2019,120.250108782533
GBR,2018,118.184381927412
GBR,2017,119.206737402819
GBR,2016,119.786558760596
GBR,2015,121.211739725133
GBR,2014,120.958261038047
GBR,2013,122.184696024755
GBR,2012,122.465231814068
GBR,2011,121.49766447536
GBR,2010,121.780844361683
GBR,2009,122.357496035675
GBR,2008,120.819267888243
GBR,2007,119.988923530842
GBR,2006,114.785700646085
GBR,2005,108.045990346443
GBR,2004,99.198849485824
GBR,2003,90.698548663637
GBR,2002,82.6794913595582
GBR,2001,78.064582616846
GBR,2000,73.5759542700689
GBR,1999,46.36293399
GBR,1998,25.45932146
GBR,1997,15.17763081
GBR,1996,12.48025391
GBR,1995,9.901172035
GBR,1994,6.818272277
GBR,1993,3.934258199
GBR,1992,2.620448471
GBR,1991,2.196673629
GBR,1990,1.947196982
USA,2024,113.190481805755
USA,2023,112.410910606372
USA,2022,108.785640656159
USA,2021,106.324514306135
USA,2020,103.855170008567
USA,2019,105.32074052965
USA,2018,103.935307364
USA,2017,102.380562632686
USA,2016,102.751864866695
USA,2015,101.831958781319
USA,2014,99.839569071329
USA,2013,97.0595305732914
USA,2012,96.1284261999864
USA,2011,94.682964660635
USA,2010,91.6593077558393
USA,2009,89.0461412720864
USA,2008,85.680465188068
USA,2007,82.5922706237223
USA,2006,76.8586480652849
USA,2005,68.8835039746019
USA,2004,63.1242068595345
USA,2003,55.4096280855899
USA,2002,49.3931508029532
USA,2001,45.2019710071462
USA,2000,38.8931449211963
USA,1999,30.82116044
USA,1998,25.09083926
USA,1997,20.30588082
USA,1996,16.37381226
USA,1995,12.71760532
USA,1994,9.202002036
USA,1993,6.186519908
USA,1992,4.323596882
USA,1991,3.004111275
USA,1990,2.129545117
URY,2024,145.501755749445
URY,2023,141.71948663565
URY,2022,139.828801269747
URY,2021,138.112989243956
URY,2020,133.90170192835
URY,2019,133.236724531865
URY,2018,131.363332934653
URY,2017,150.440084782428
URY,2016,151.414841550708
URY,2015,153.368406394623
URY,2014,163.782686705197
URY,2013,157.471339957678
URY,2012,149.770867131119
URY,2011,143.001961329496
URY,2010,133.706525080004
URY,2009,124.212899282829
URY,2008,106.227376666968
URY,2007,91.1740061842348
URY,2006,70.8316385499829
URY,2005,35.1492237286165
URY,2004,18.2680768579424
URY,2003,15.163114800563
URY,2002,15.6617514525597
URY,2001,15.8812198576102
URY,2000,12.5768858424729
URY,1999,9.732680729
URY,1998,4.638544413
URY,1997,3.058024344
URY,1996,2.436006067
URY,1995,1.243773961
URY,1994,0.213953532
URY,1993,0.156664401
URY,1992,0.054284892
URY,1991,0.0
URY,1990,0.0
UZB,2024,110.492018573638
UZB,2023,106.884847592051
UZB,2022,105.471643327627
UZB,2021,102.410090312681
UZB,2020,99.4063901870675
UZB,2019,101.259829415713
UZB,2018,71.744368617656
UZB,2017,76.2604866788199
UZB,2016,74.3669818295078
UZB,2015,70.8415066778981
UZB,2014,71.5984657244746
UZB,2013,72.3319640163618
UZB,2012,69.2849333824939
UZB,2011,88.2684522563008
UZB,2010,73.8123181598383
UZB,2009,58.7627376005608
UZB,2008,45.0095498148121
UZB,2007,21.020299595125
UZB,2006,9.47736216612708
UZB,2005,2.73172471423598
UZB,2004,2.09033264372718
UZB,2003,1.24776075726202
UZB,2002,0.735827351045158
UZB,2001,0.510205484728889
UZB,2000,0.214337694185037
UZB,1999,0.164164855
UZB,1998,0.110591783
UZB,1997,0.072168997
UZB,1996,0.040526847
UZB,1995,0.016203277
UZB,1994,0.003997388
UZB,1993,0.002263886
UZB,1992,0.0
UZB,1991,0.0
UZB,1990,0.0
VUT,2023,89.2943082123161
VUT,2022,81.6202730589115
VUT,2021,81.6914485987419
VUT,2020,82.3909682859418
VUT,2019,90.8330907409627
VUT,2018,88.1402514907505
VUT,2017,81.8708326900222
VUT,2016,80.3430520385024
VUT,2015,65.6961078688167
VUT,2014,59.9642637565324
VUT,2013,50.0011788653029
VUT,2012,58.6958530715236
VUT,2011,56.2507701027625
VUT,2010,71.3269366374534
VUT,2009,56.5812031916676
VUT,2008,15.8662999788449
VUT,2007,11.7500316347006
VUT,2006,6.94692089309615
VUT,2005,6.02201556272537
VUT,2004,5.10619266835512
VUT,2003,3.88550705867116
VUT,2002,2.50174867126512
VUT,2001,0.183216336615523
VUT,2000,0.195940541440082
VUT,1999,0.160058048
VUT,1998,0.120160797
VUT,1997,0.115725858
VUT,1996,0.088144053
VUT,1995,0.070921154
VUT,1994,0.038424592
VUT,1993,0.0
VUT,1992,0.0
VUT,1991,0.0
VUT,1990,0.0
VEN,2024,71.0075917225029
VEN,2023,70.2197325918151
VEN,2022,66.4667731210739
VEN,2021,60.2344883065715
VEN,2020,58.1625657953324
VEN,2019,63.8474442929871
VEN,2018,69.5499623049054
VEN,2017,80.1355411817503
VEN,2016,89.713138519105
VEN,2015,95.1577930404332
VEN,2014,100.905474597326
VEN,2013,103.28923003251
VEN,2012,103.435247267139
VEN,2011,98.6184338835709
VEN,2010,96.7619972595105
VEN,2009,98.8932952316626
VEN,2008,97.7210881589364
VEN,2007,86.1507478490553
VEN,2006,69.0162817672167
VEN,2005,46.6505354851398
VEN,2004,31.9692942191133
VEN,2003,27.0930423911324
VEN,2002,25.7193686771621
VEN,2001,25.9111457593823
VEN,2000,22.2091444151412
VEN,1999,15.79146876
VEN,1998,8.550767856
VEN,1997,4.652836296
VEN,1996,2.577074097
VEN,1995,1.826547139
VEN,1994,1.474065254
VEN,1993,0.862455779
VEN,1992,0.379508456
VEN,1991,0.082071711
VEN,1990,0.037578645
VNM,2024,127.606471743496
VNM,2023,130.991428667547
VNM,2022,137.852422819653
VNM,2021,136.806313165021
VNM,2020,141.655558720912
VNM,2019,140.192561828615
VNM,2018,146.137840768403
VNM,2017,126.097912313395
VNM,2016,128.297962650408
VNM,2015,129.627056599416
VNM,2014,148.504309214861
VNM,2013,136.614018439735
VNM,2012,147.104457946743
VNM,2011,143.91372373164
VNM,2010,127.574189111237
VNM,2009,113.606245143275
VNM,2008,87.903278335388
VNM,2007,53.8350245939495
VNM,2006,22.9925319860626
VNM,2005,11.8305581224757
VNM,2004,6.17384058852335
VNM,2003,3.44629189737938
VNM,2002,2.41504924375374
VNM,2001,1.60472650276049
VNM,2000,1.02205833472481
VNM,1999,0.420705811
VNM,1998,0.288739207
VNM,1997,0.210964958
VNM,1996,0.091945652
VNM,1995,0.031860471
VNM,1994,0.017241121
VNM,1993,0.005704137
VNM,1992,0.001146317
VNM,1991,0.0
VNM,1990,0.0
VIR,2022,91.4619626157421
VIR,2021,91.7189273471447
VIR,2020,91.2127880328822
VIR,2019,89.5124925872467
VIR,2005,74.6240915934056
VIR,2004,59.5354013075532
VIR,2003,45.5764075067024
VIR,2002,41.6443763950635
VIR,2001,37.7793135222299
VIR,2000,32.2345941664594
VIR,1999,27.82234505
VIR,1998,23.39334506
VIR,1997,15.12501772
VIR,1990,0.0
PSE,2023,76.6918854204372
PSE,2022,76.5666403406424
PSE,2021,78.1621094563592
PSE,2020,80.1297988122355
PSE,2019,86.7372172316252
PSE,2018,90.2055254286487
PSE,2017,84.2593832303374
PSE,2016,80.1510726160054
PSE,2015,78.0924303863817
PSE,2014,72.4102229180943
PSE,2013,73.9290856335225
PSE,2012,74.3645845516098
PSE,2011,70.0930147126709
PSE,2010,64.8154454810606
PSE,2009,45.903776503693
PSE,2008,34.3272897835254
PSE,2007,27.3365124384114
PSE,2006,22.5453595735201
PSE,2005,15.9550188466243
PSE,2004,12.5641945719599
PSE,2003,7.77179398894078
PSE,2002,7.57298116642246
PSE,2001,5.42645079010636
PSE,2000,0.224507129751224
PSE,1994,0.0
PSE,1993,0.0
PSE,1992,0.0
PSE,1990,0.0
YEM,2023,50.8937810578557
YEM,2022,46.4534353720531
YEM,2021,47.8090200303014
YEM,2020,42.0037568704771
YEM,2019,43.3990001198471
YEM,2018,44.8810541777362
YEM,2017,46.4111228575355
YEM,2016,51.1789525743709
YEM,2015,48.2100525815999
YEM,2014,56.5732322792042
YEM,2013,57.4650413919417
YEM,2012,48.8857444140036
YEM,2011,42.3015755016596
YEM,2010,41.4324574134328
YEM,2009,32.0622049201079
YEM,2008,25.6650810066812
YEM,2007,17.8838117249543
YEM,2006,12.6482202861877
YEM,2005,9.99363977799995
YEM,2004,6.68019390846876
YEM,2003,3.14667260491624
YEM,2002,2.3358050933891
YEM,2001,0.730920229146955
YEM,2000,0.163278484393279
YEM,1999,0.152788763
YEM,1998,0.091696258
YEM,1997,0.071571853
YEM,1996,0.053026527
YEM,1995,0.051231611
YEM,1994,0.052664502
YEM,1993,0.034494156
YEM,1992,0.010738704
YEM,1991,0.0
YEM,1990,0.0
ZMB,2024,108.704779873813
ZMB,2023,102.06156495632
ZMB,2022,98.4372601156219
ZMB,2021,103.28257957834
ZMB,2020,100.235122888213
ZMB,2019,93.0147820773422
ZMB,2018,86.0723321005416
ZMB,2017,77.0500111230113
ZMB,2016,71.0460770668914
ZMB,2015,70.4778478853307
ZMB,2014,63.6342658198343
ZMB,2013,67.5095981900639
ZMB,2012,70.5708583739075
ZMB,2011,56.5498570557445
ZMB,2010,39.0029310604332
ZMB,2009,32.6653441943001
ZMB,2008,27.1785188664379
ZMB,2007,21.0028503587521
ZMB,2006,13.7130197625584
ZMB,2005,8.10285575705197
ZMB,2004,4.095483250513
ZMB,2003,2.19418141328044
ZMB,2002,1.30627973518656
ZMB,2001,1.17382884665021
ZMB,2000,0.986790190215631
ZMB,1999,0.292997637
ZMB,1998,0.088130826
ZMB,1997,0.049818486
ZMB,1996,0.0305661
ZMB,1995,0.017814096
ZMB,1994,0.0
ZMB,1993,0.0
ZMB,1992,0.0
ZMB,1991,0.0
ZMB,1990,0.0
ZWE,2024,94.2451753366358
ZWE,2023,91.6344110473757
ZWE,2022,88.9958314912836
ZWE,2021,90.2538486226365
ZWE,2020,84.9604118996672
ZWE,2019,86.4094297249598
ZWE,2018,85.8627371320218
ZWE,2017,95.136682697741
ZWE,2016,88.2100456333277
ZWE,2015,88.5991977366782
ZWE,2014,83.0460608477621
ZWE,2013,97.2838146490947
ZWE,2012,91.2870035773198
ZWE,2011,67.6698277302716
ZWE,2010,57.6496262357609
ZWE,2009,30.3664594808256
ZWE,2008,12.7687473922863
ZWE,2007,9.57238712914296
ZWE,2006,6.71981716376718
ZWE,2005,5.18375075059487
ZWE,2004,3.44289649532877
ZWE,2003,2.97286950320066
ZWE,2002,2.80268634448722
ZWE,2001,2.62282489639699
ZWE,2000,2.24049586047155
ZWE,1999,1.485090967
ZWE,1998,0.164525469
ZWE,1997,0.050464682
ZWE,1996,0.0
ZWE,1995,0.0
ZWE,1994,0.0
ZWE,1993,0.0
ZWE,1992,0.0
ZWE,1991,0.0
ZWE,1990,0.0
