iso,year,ores_exports
AFG,2019,2.19992094192385
AFG,2018,1.20988438299409
AFG,2017,0.83809143240314
AFG,2016,1.12452208638717
AFG,2015,1.06525272819338
AFG,2011,0.305786388425507
AFG,2010,0.275244541510738
AFG,2009,0.137976802486954
ALB,2024,5.64934031462141
ALB,2023,5.34944752843742
ALB,2022,0.0613901739063739
ALB,2021,2.47454305915757
ALB,2020,4.08685599913531
ALB,2019,3.10433628032436
ALB,2018,2.02773332086022
ALB,2017,5.05918674025811
ALB,2016,8.80533257546907
ALB,2015,7.54584263344886
ALB,2014,4.58216010178408
ALB,2013,9.78060057087312
ALB,2012,10.9118328438961
ALB,2011,11.8992063321516
ALB,2010,12.8160980293912
ALB,2009,9.55255174912569
ALB,2008,32.5786009009848
ALB,2007,13.556991094879
ALB,2006,37.8643455707951
ALB,2005,24.1407825764506
ALB,2004,5.55303918360657
ALB,2003,4.09518729937779
ALB,2002,3.43255983968605
ALB,2001,2.91299499497097
ALB,2000,3.7179233054858
ALB,1999,3.91057422218601
ALB,1998,12.5983303691208
ALB,1997,9.3259391302539
ALB,1996,11.5926724587052
DZA,2017,0.165401420227525
DZA,2016,0.251775038423141
DZA,2015,0.309061621803374
DZA,2014,0.179690702278308
DZA,2013,0.167011835510265
DZA,2012,0.24608003183097
DZA,2011,0.255945929207127
DZA,2010,0.29121687605806
DZA,2009,0.470471726874241
DZA,2008,0.632777159338741
DZA,2007,0.508916486832056
DZA,2006,0.721648354313415
DZA,2005,0.491152211167111
DZA,2004,0.414819808828625
DZA,2003,0.382587437708857
DZA,2002,0.427039949647696
DZA,2001,0.314753141902234
DZA,2000,0.254196613039328
DZA,1999,0.466549200603716
DZA,1998,0.706625825559123
DZA,1997,0.537861736239984
DZA,1996,0.682564236401342
DZA,1995,0.515464278037815
DZA,1994,0.327071508258852
DZA,1993,0.309517892757541
DZA,1992,0.381798525233195
DZA,1987,0.490492126886128
DZA,1986,0.777389009370995
DZA,1985,0.399498095300789
AND,2023,1.77400635480091
AND,2022,1.30285025291511
AND,2021,3.37964936679901
AND,2020,1.96973650891559
AND,2019,3.61898604647194
AND,2018,3.21302764493708
AND,2017,2.65224401857042
AND,2016,2.4287686353391
AND,2015,4.50860643403967
AND,2014,3.9969773546561
AND,2013,3.23080975672319
AND,2012,3.60900357806592
AND,2011,3.45045818590949
AND,2010,4.28346709428229
AND,2009,2.87709545495436
AND,2008,3.61329476605585
AND,2007,2.86275108752025
AND,2006,1.82200271689541
AND,2005,2.18896354486335
AND,2004,2.56704139737746
AND,2003,2.35995314121409
AND,2002,2.14867273955292
AND,2001,2.32001965157747
AND,2000,2.19826613149543
AND,1999,2.1112519505349
AND,1998,1.51417337793656
AND,1997,1.66116587733965
AND,1996,2.18180773109279
AND,1995,2.28774093082588
AGO,2024,4.35688565012152
AGO,2023,4.34074978568308
AGO,2022,4.13015252901342
AGO,2021,4.73446732916134
AGO,2020,5.37285733742943
AGO,2019,3.54452524881699
AGO,2018,2.9599977992618
AGO,2017,3.2888111877969
AGO,2016,3.5430584083964
AGO,2015,3.24392135052176
AGO,2014,2.18366735941927
AGO,2013,1.70731149604581
AGO,2012,1.56671577949772
AGO,2011,1.82030992184898
AGO,2010,2.03762931763898
AGO,2009,2.00203147222072
AGO,2008,1.91922873173295
AGO,2007,2.6754262387962
AGO,1991,4.85604896004024
AGO,1990,6.22259790016432
ATG,2024,0.482961925425427
ATG,2023,0.0
ATG,2022,0.0
ATG,2021,0.514114116333737
ATG,2020,7.38825540755649e-05
ATG,2019,0.0
ATG,2018,0.307319818753686
ATG,2017,7.27206580468804
ATG,2016,7.50610085291906
ATG,2015,15.6204515801356
ATG,2014,17.5317077380815
ATG,2013,30.9908270679986
ATG,2012,2.70235544410556
ATG,2011,1.98029913853413
ATG,2010,1.77617053610648
ATG,2009,6.14438097066872
ATG,2007,0.54754745232019
ATG,2005,1.5747754095473
ATG,2000,6.46433432489683
ATG,1999,8.98954714100898
ARG,2024,0.170904833823205
ARG,2023,0.39379723312782
ARG,2022,0.279738031699619
ARG,2021,0.0559330328460208
ARG,2020,0.217988929465899
ARG,2019,0.440466498242655
ARG,2018,0.475460975897366
ARG,2017,3.19025791652857
ARG,2016,3.21486753032155
ARG,2015,2.74931567838647
ARG,2014,3.26437711403037
ARG,2013,3.17808809731559
ARG,2012,4.06073948658929
ARG,2011,3.93876593149719
ARG,2010,4.2913752113995
ARG,2009,3.75718173585009
ARG,2008,3.20115086300142
ARG,2007,3.81560735354694
ARG,2006,4.22283436478006
ARG,2005,3.21539774249875
ARG,2004,3.91732292241496
ARG,2003,3.00518542990703
ARG,2002,3.86643385692681
ARG,2001,3.05270707923539
ARG,2000,2.95260482914875
ARG,1999,3.27440510617291
ARG,1998,2.72640652681059
ARG,1997,1.54525234767863
ARG,1996,1.16622888074536
ARG,1995,1.6319182010604
ARG,1994,1.31190920146745
ARG,1993,1.15900037878705
ARG,1992,1.16809954166824
ARG,1987,2.41126818011
ARG,1986,1.82566668529541
ARG,1985,1.7241380649244
ARM,2024,16.1462440928624
ARM,2023,14.7119096760444
ARM,2022,21.8592963976107
ARM,2021,39.6480325509172
ARM,2020,36.820585926971
ARM,2019,36.1418001345159
ARM,2018,33.9061842659703
ARM,2017,39.4460702351596
ARM,2016,34.6664941240264
ARM,2015,40.9761824108989
ARM,2014,35.230494315673
ARM,2013,37.4789355590973
ARM,2012,40.221886097324
ARM,2011,47.3695609850977
ARM,2010,50.7772242753667
ARM,2009,44.0860659129662
ARM,2008,28.548310685311
ARM,2007,31.4565241791176
ARM,2006,23.5372102420667
ARM,2005,9.40870946056114
ARM,2004,21.287034246159
ARM,2003,19.2133766077605
ARM,2002,14.445423781967
ARM,2001,27.4245575233752
ARM,2000,25.7575724877869
ARM,1999,12.7389844900015
ARM,1997,26.1086484976101
ABW,2023,6.76571849783155
ABW,2022,6.71883194281519
ABW,2021,3.68467599944075
ABW,2020,4.16334665433535
ABW,2019,5.64271256444269
ABW,2018,6.46186099415558
ABW,2017,17.1621313741709
ABW,2016,12.8205281680644
ABW,2015,4.37936083511966
ABW,2014,2.58868403929088
ABW,2013,1.82475490320263
ABW,2012,1.9733066698771
ABW,2011,1.29325828901818
ABW,2010,0.203725059530665
ABW,2009,0.173127115119192
ABW,2008,1.70076889286821
ABW,2007,0.603313301445307
ABW,2006,0.349718425137364
ABW,2005,0.097091478446803
ABW,2004,0.0886561304133523
ABW,2003,0.105130154944915
ABW,2002,0.111562661455705
ABW,2001,0.184955756611719
ABW,2000,0.0217232356540141
AUS,2025,34.6431987175618
AUS,2024,34.1553248854625
AUS,2023,35.3042339341114
AUS,2022,30.1757700607275
AUS,2021,42.8423223013758
AUS,2020,40.6984142625159
AUS,2019,34.4951798416859
AUS,2018,29.7317933529164
AUS,2017,31.3992387696894
AUS,2016,31.5276869213515
AUS,2015,32.1805032494418
AUS,2014,37.0261770580942
AUS,2013,38.2226138969482
AUS,2012,34.1293825867081
AUS,2011,36.6251497222705
AUS,2010,33.9592479625193
AUS,2009,27.6964739947355
AUS,2008,27.8135739734934
AUS,2007,29.0846590114225
AUS,2006,27.362988550363
AUS,2005,23.0063825416372
AUS,2004,19.8156853732279
AUS,2003,18.5657879828597
AUS,2002,18.2467566917432
AUS,2001,19.3343557016681
AUS,2000,19.6274302028013
AUS,1999,20.9102903773522
AUS,1998,20.0662547233913
AUS,1997,18.6810630985749
AUS,1996,18.8015444307134
AUS,1995,20.2649372474352
AUS,1994,17.7798448455903
AUS,1993,20.0311092083798
AUS,1992,21.2750652378062
AUS,1991,23.5387006115261
AUS,1990,25.3446134983235
AUS,1989,26.0709192164046
AUS,1988,23.8698807570558
AUS,1987,17.7897666345516
AUS,1986,18.1742273846861
AUS,1985,18.1309328732305
AUT,2024,3.27026243038932
AUT,2023,3.02826727077609
AUT,2022,3.44223633456495
AUT,2021,3.46976797539861
AUT,2020,2.99075729896985
AUT,2019,2.90741836568379
AUT,2018,3.1315905069502
AUT,2017,3.39543254731648
AUT,2016,3.14265791076177
AUT,2015,3.27015967706261
AUT,2014,3.07965916100777
AUT,2013,3.23948473319676
AUT,2012,3.72523120716525
AUT,2011,3.82212306620259
AUT,2010,3.83863185955932
AUT,2009,3.07543478256446
AUT,2008,3.37659472741913
AUT,2007,3.35847359103035
AUT,2006,3.27475544453107
AUT,2005,2.70396684717196
AUT,2004,2.60321583463051
AUT,2003,2.51799343005021
AUT,2002,2.24138777755563
AUT,2001,2.41501424519314
AUT,2000,2.53427616898314
AUT,1999,2.22552283245826
AUT,1998,2.51796457626976
AUT,1997,2.63055569102268
AUT,1996,3.20417721232538
AUT,1995,3.31489504747825
AUT,1994,2.83430838841431
AUT,1993,2.66319113175205
AUT,1992,2.83339129198418
AUT,1991,3.00742237015881
AUT,1990,3.21864013981564
AUT,1989,3.63795295876636
AUT,1988,3.67960438290476
AUT,1987,3.56115259097915
AUT,1986,3.34408540803527
AUT,1985,3.61394863531147
AZE,2025,1.52277391038872
AZE,2024,1.02707733667075
AZE,2023,0.762659458805416
AZE,2022,0.777041765952475
AZE,2021,1.24163681141355
AZE,2020,1.29170993599265
AZE,2019,0.999163914865887
AZE,2018,0.918083805378015
AZE,2017,1.21424571242954
AZE,2016,1.0959919101039
AZE,2015,0.863908492008998
AZE,2014,0.512269048937149
AZE,2013,0.487873498318595
AZE,2012,0.704493440603918
AZE,2011,0.194087430095086
AZE,2010,0.118246246777953
AZE,2009,0.273775066472502
AZE,2008,0.403601395200117
AZE,2007,2.81091859291466
AZE,2006,3.77277718486295
AZE,2005,3.66815156425269
AZE,2004,2.80245606627803
AZE,2003,2.31054578108109
AZE,2002,0.832718306060542
AZE,2001,0.998665830465038
AZE,2000,2.92723668979789
AZE,1999,3.66913990655855
AZE,1998,1.46570868728345
AZE,1997,1.66279796252492
AZE,1996,1.1840505050034
BHS,2024,16.0508789788562
BHS,2023,25.7722064329118
BHS,2022,21.2250014640383
BHS,2021,4.85042588918349
BHS,2020,5.82212549845937
BHS,2019,2.98715618125877
BHS,2018,3.55557414413161
BHS,2017,2.45879849006135
BHS,2016,2.04009425862707
BHS,2015,10.2197928434957
BHS,2014,9.52541435386065
BHS,2013,6.25530292536778
BHS,2012,6.7123021045359
BHS,2011,8.99902391346606
BHS,2010,11.0364205028879
BHS,2009,9.60552528438173
BHS,2008,10.9131436511875
BHS,2007,11.2620270954477
BHS,2006,3.98151689997822
BHS,2005,5.48614661750262
BHS,2004,9.05397782679463
BHS,2003,11.2866119677956
BHS,2002,8.74815547963699
BHS,2001,8.61411856074836
BHS,2000,5.74838688204421
BHS,1999,8.98604848486746
BHS,1998,16.1384574771579
BHS,1997,27.1588687489872
BHS,1987,2.75571289814099
BHS,1986,2.00109408531284
BHS,1985,1.65033354026458
BHR,2024,64.7786518591568
BHR,2023,62.3200686306776
BHR,2022,44.1100396241829
BHR,2021,41.522451201791
BHR,2020,31.1602640812126
BHR,2019,23.7550562090269
BHR,2018,22.7763946036025
BHR,2017,24.8675918731589
BHR,2016,28.0139463125409
BHR,2015,22.8877066172616
BHR,2014,15.091486540845
BHR,2013,18.3403450533954
BHR,2012,21.0929435373761
BHR,2011,21.4450767553946
BHR,2010,18.0993102406196
BHR,2009,15.3644145121216
BHR,2008,17.0844162960393
BHR,2007,10.8142981960867
BHR,2006,13.8293818588166
BHR,2005,15.2279471863808
BHR,2004,15.3212359978619
BHR,2003,17.2730286341837
BHR,2002,17.4608099674132
BHR,2001,19.6253201675694
BHR,2000,16.171774669641
BHR,1996,57.0411263502787
BHR,1995,26.3051742354452
BHR,1994,25.0651247854138
BHR,1987,70.1423905847609
BHR,1986,84.1880620598218
BHR,1985,57.3575917095666
BGD,2018,0.293795364051544
BGD,2017,0.27752243063948
BGD,2016,0.199272689588463
BGD,2015,0.171611767409981
BGD,2013,0.314194015485004
BGD,2012,0.417876025550295
BGD,2011,0.448393262306309
BGD,2010,0.461533261380147
BGD,2009,0.331266388916683
BGD,2008,0.326725359622683
BGD,2007,0.425047394742913
BGD,2006,0.334982177296064
BGD,2005,0.197936065954641
BGD,2004,0.159890241832099
BGD,2003,0.0234516661687324
BGD,2002,0.0410228945664486
BGD,2001,0.00875724890827912
BGD,2000,0.0141371379781013
BGD,1998,0.00212273712445526
BGD,1997,0.0305066967042256
BGD,1996,0.000854257908088261
BGD,1994,0.0162680148004803
BGD,1993,0.061663615762241
BGD,1986,2.76724837946435e-05
BRB,2024,7.62916158715904
BRB,2023,6.72142012750725
BRB,2022,3.7291549541843
BRB,2021,2.62466513476253
BRB,2020,2.77842723237982
BRB,2019,1.52044437203694
BRB,2018,1.43572166566511
BRB,2017,0.744969770357196
BRB,2016,0.699242972272679
BRB,2015,0.992124595163528
BRB,2014,1.24356355057018
BRB,2013,0.969629793579988
BRB,2012,0.770534088698877
BRB,2011,1.02356517998682
BRB,2010,1.01756538281327
BRB,2009,1.61300099265184
BRB,2008,2.70525018431841
BRB,2007,2.35329767281046
BRB,2006,1.50545438389599
BRB,2005,1.04846695480096
BRB,2004,0.90613929572652
BRB,2003,0.248965013559044
BRB,2002,0.267299366235007
BRB,2001,0.134232546724927
BRB,2000,0.226439018876371
BRB,1999,0.338057152477597
BRB,1998,0.263017647938208
BRB,1997,0.489087060547187
BRB,1996,0.500024175654431
BRB,1995,0.368475906582896
BRB,1994,0.337321258202383
BRB,1993,0.437197553765847
BRB,1992,0.473728806383485
BRB,1987,0.209956125967763
BRB,1986,0.47810368590364
BRB,1985,0.0671678498336409
BLR,2021,1.14504386655469
BLR,2020,1.25760287868434
BLR,2019,1.19713012809201
BLR,2018,1.09428113528576
BLR,2017,1.24287299184423
BLR,2016,1.23443353839957
BLR,2015,0.924685139506525
BLR,2014,0.862393216943491
BLR,2013,0.912586019560614
BLR,2012,0.612967215433543
BLR,2011,0.59268245732263
BLR,2010,0.704441491780973
BLR,2009,0.594920082534629
BLR,2008,0.50992269282586
BLR,2007,0.654563966483715
BLR,2006,0.492787628898696
BLR,2005,0.531004118882829
BLR,2004,0.734917886077151
BLR,2003,0.981971061661872
BLR,2002,1.33298931592816
BLR,2001,0.88712868310444
BLR,2000,0.75144259512848
BLR,1999,0.754270467703529
BLR,1998,1.03955774694558
BEL,2024,3.51802851603446
BEL,2023,3.67137717060197
BEL,2022,3.9270101316318
BEL,2021,4.92750514871567
BEL,2020,4.36795342800232
BEL,2019,3.78378864789919
BEL,2018,3.5123631521487
BEL,2017,2.7066942443397
BEL,2016,2.41418719107926
BEL,2015,2.78669944994158
BEL,2014,2.7948775193134
BEL,2013,3.31591363730275
BEL,2012,4.1306352162829
BEL,2011,4.20088249123054
BEL,2010,4.28571775446529
BEL,2009,2.71486724599043
BEL,2008,3.30904384994604
BEL,2007,3.65372451520351
BEL,2006,3.50468918414622
BEL,2005,2.59857311443977
BEL,2004,2.52377003609957
BEL,2003,2.11990649413701
BEL,2002,2.25101082413828
BEL,2001,2.59095200263024
BEL,2000,2.79025209509763
BEL,1999,2.70493117277107
BEL,1987,3.81641500462617
BEL,1986,4.05549837765144
BEL,1985,4.70958925193877
BLZ,2025,0.578463558546483
BLZ,2024,0.435202560735789
BLZ,2023,0.716152282718424
BLZ,2022,0.690884201579686
BLZ,2021,1.02940939359212
BLZ,2020,0.559066913235734
BLZ,2019,0.604867424732142
BLZ,2018,0.532374635412515
BLZ,2017,0.255115152435969
BLZ,2016,0.186814220100827
BLZ,2015,0.12295214623729
BLZ,2014,0.197689502696228
BLZ,2013,0.0106100068352302
BLZ,2012,0.000720932903446682
BLZ,2011,0.00025566940342559
BLZ,2010,0.00016704211016779
BLZ,2009,0.000466900444325505
BLZ,2008,0.00489429493888928
BLZ,2007,0.00201298987487365
BLZ,2006,0.00030049612469423
BLZ,2005,0.0213526205113632
BLZ,2004,0.0158014912910243
BLZ,2003,0.000966603817149925
BLZ,2002,0.00276317488319871
BLZ,2001,0.0624424903267634
BLZ,2000,0.0126730598710664
BLZ,1999,2.39376704111885
BLZ,1998,0.126145702469377
BLZ,1997,0.131671377034141
BLZ,1996,0.195023092527962
BLZ,1995,0.162186306423128
BLZ,1994,0.157745566100794
BLZ,1993,0.00750657451506116
BLZ,1992,0.0136980154367137
BEN,2024,0.0708610340008799
BEN,2023,0.262688240888072
BEN,2022,0.357911777997014
BEN,2021,0.19442028260652
BEN,2020,0.0730241971742847
BEN,2019,0.133769155928354
BEN,2018,0.221962327295871
BEN,2017,0.536547485699829
BEN,2016,2.334836574266
BEN,2015,1.93424573435646
BEN,2014,4.37903960709347
BEN,2013,2.87445918505393
BEN,2012,2.23392683287111
BEN,2011,3.57189559019471
BEN,2010,0.99834562553885
BEN,2009,0.717989245392386
BEN,2008,1.78064272230666
BEN,2007,1.16023297032455
BEN,2006,0.642109709843069
BEN,2005,0.549277174532844
BEN,2004,0.374631626779775
BEN,2003,0.168931912483678
BEN,2002,0.113155802213012
BEN,2001,0.0960138375675408
BEN,2000,0.0658852459178777
BEN,1999,0.386105016692667
BEN,1998,0.0776240690973841
BMU,2024,0.00379302354389126
BMU,2023,0.0338841219569918
BMU,2022,0.0323413065804343
BMU,2021,0.00318518842677152
BMU,2020,0.00491009500876803
BMU,2019,0.0076735153629815
BMU,2018,0.025894247335234
BMU,2017,0.0490028841356867
BMU,2016,0.0307067518424352
BMU,2015,0.0332040967569467
BMU,2014,0.0327944159423139
BMU,2013,0.396888618066497
BMU,2012,0.00381330277426609
BMU,1985,0.279685393502779
BTN,2025,25.9975941717936
BTN,2023,28.198015003149
BTN,2022,21.9845199576436
BTN,2020,23.0631201264381
BTN,2019,33.939135678699
BTN,2018,20.7580663311228
BTN,2017,17.1860065542424
BTN,2016,15.2900564619917
BTN,2012,11.5094290221172
BTN,2011,21.4084610573437
BTN,2010,21.9335876606203
BTN,2009,10.2339953444031
BTN,2008,1.30154272797893
BTN,2007,14.8806861198291
BTN,2006,11.682288440842
BTN,2005,8.37028143043405
BTN,1999,3.11231425752185
BTN,1998,3.33498434230566
BTN,1994,3.49866004648788
BTN,1993,1.7598289645164
BOL,2024,43.5898503549869
BOL,2023,29.5215239053543
BOL,2022,26.7709560207193
BOL,2021,30.7299289920912
BOL,2020,26.9900375271782
BOL,2019,28.7308578790733
BOL,2018,31.649587526274
BOL,2017,34.6200209998608
BOL,2016,32.6279589961985
BOL,2015,24.2831109200154
BOL,2014,19.8526075048587
BOL,2013,20.5196465688681
BOL,2012,22.3428743824272
BOL,2011,34.4913812656436
BOL,2010,32.876655560038
BOL,2009,31.9678407586727
BOL,2008,25.8817263896327
BOL,2007,26.2629671426936
BOL,2006,22.0373220569285
BOL,2005,16.3854420918351
BOL,2004,18.5649435013146
BOL,2003,17.6932791680357
BOL,2002,18.5272050685105
BOL,2001,18.2065420131146
BOL,2000,23.1026067009569
BOL,1999,21.7611775878767
BOL,1998,23.9613251655874
BOL,1997,29.9772275189085
BOL,1996,32.3243289328342
BOL,1995,31.456281931947
BOL,1994,28.3131675463629
BOL,1993,38.1696156786383
BOL,1992,49.0791740494336
BOL,1987,36.3524217747793
BOL,1986,30.8335417090773
BOL,1985,39.0305963282701
BIH,2025,9.70220134578208
BIH,2024,8.26696745615403
BIH,2023,7.01678771456472
BIH,2022,11.0691116965748
BIH,2021,9.55607236207608
BIH,2020,5.5054757533271
BIH,2019,6.95031546125849
BIH,2018,8.79749238974213
BIH,2017,8.6133788945846
BIH,2016,7.31568328422097
BIH,2015,9.04626554805388
BIH,2014,9.98664989459744
BIH,2013,11.2081708994328
BIH,2012,13.8812201411414
BIH,2011,14.7489634570659
BIH,2010,14.3518293177313
BIH,2009,10.7185151072861
BIH,2008,15.0294476539482
BIH,2007,17.5666810984185
BIH,2006,20.4268467439523
BIH,2005,22.5414758916863
BIH,2004,16.9822050440838
BIH,2003,14.1458087590531
BWA,2023,10.746517291364
BWA,2022,4.93737697816672
BWA,2021,2.50339632023003
BWA,2020,1.48964248285021
BWA,2019,0.782897705093807
BWA,2018,1.01152178764121
BWA,2017,2.5686042046248
BWA,2016,4.03406783470444
BWA,2015,7.23455616795649
BWA,2014,6.87842773234643
BWA,2013,9.17675940466915
BWA,2012,9.36861731308661
BWA,2011,8.65765255185259
BWA,2010,14.8128125013666
BWA,2009,15.7011045706592
BWA,2008,18.9550650392239
BWA,2007,23.2177835575531
BWA,2006,16.6329202962184
BWA,2005,11.4506030201838
BWA,2004,11.2106514139581
BWA,2003,10.7245002172124
BWA,2002,4.91441317938724
BWA,2001,5.48060046066201
BWA,2000,6.96948854260272
BRA,2025,12.2050024227843
BRA,2024,12.6428158614818
BRA,2023,12.3830665434344
BRA,2022,11.9487430335173
BRA,2021,19.7712118224733
BRA,2020,16.15139770501
BRA,2019,14.1508177854909
BRA,2018,12.6374485933875
BRA,2017,13.0831098475533
BRA,2016,11.7957523334983
BRA,2015,12.1341102758254
BRA,2014,15.4956460079532
BRA,2013,17.5580001748735
BRA,2012,16.3040965781489
BRA,2011,20.1070531698883
BRA,2010,18.1365432959484
BRA,2009,12.5107496684766
BRA,2008,12.9310514381352
BRA,2007,11.824211244797
BRA,2006,11.5153137673912
BRA,2005,10.0039567544992
BRA,2004,8.93935202180293
BRA,2003,8.53329654962629
BRA,2002,8.74037070967909
BRA,2001,8.59153360869163
BRA,2000,10.1135110678242
BRA,1999,10.1704623298126
BRA,1998,10.0118801178597
BRA,1997,9.47165881315684
BRA,1996,10.0435399192307
BRA,1995,10.2855727154252
BRA,1994,9.65743613080772
BRA,1993,10.6614353693522
BRA,1992,11.9505802506673
BRA,1991,14.3961730893782
BRA,1990,13.6806877385978
BRA,1989,12.1892803096413
BRA,1987,10.2343136563114
BRA,1986,10.9021707434212
BRA,1985,9.39303518224068
BRN,2024,0.137017534092583
BRN,2023,0.151145042609978
BRN,2022,0.204665223177887
BRN,2021,0.26096019044916
BRN,2020,0.0754568825427551
BRN,2019,0.329762097085723
BRN,2018,0.0003529183229291
BRN,2017,0.256823962524456
BRN,2016,0.319455885689357
BRN,2015,0.160154124555056
BRN,2014,0.109636732551252
BRN,2013,0.0948178122853143
BRN,2012,0.105984266942402
BRN,2011,0.0906380106381912
BRN,2010,0.154269766795549
BRN,2009,0.0790415209183255
BRN,2008,0.0855337580516146
BRN,2007,0.0918781888801317
BRN,2006,0.115295319261917
BRN,2004,0.117652360794579
BRN,2003,0.000749943140981633
BRN,2002,0.0
BRN,2001,0.00123871590232952
BRN,1998,0.0851608004914191
BRN,1997,0.0485735691305719
BRN,1994,3.36443539989857e-06
BRN,1992,0.0075436997740828
BRN,1987,0.0233060075722163
BRN,1986,0.0338221551556928
BRN,1985,0.0202209368822831
BGR,2024,15.6388377530089
BGR,2023,12.6457286634428
BGR,2022,13.122072543618
BGR,2021,15.2812134441165
BGR,2020,14.7513336995357
BGR,2019,12.7794276047779
BGR,2018,14.0561046130611
BGR,2017,14.1761487545018
BGR,2016,11.488830046822
BGR,2015,14.0130966871205
BGR,2014,14.6635303250958
BGR,2013,15.9566320700464
BGR,2012,17.1531973742066
BGR,2011,18.7636942529551
BGR,2010,16.8658433297609
BGR,2009,14.9950206940799
BGR,2008,16.6980369422908
BGR,2007,17.7706799962176
BGR,2006,20.1509339985827
BGR,2005,14.2274001792765
BGR,2004,12.4085273371493
BGR,2003,10.2773692422357
BGR,2002,9.77907729735915
BGR,2001,10.5849429718236
BGR,2000,12.6697832453913
BGR,1999,9.38716082091839
BGR,1998,9.00882473018314
BGR,1997,10.998269189294
BGR,1996,9.65207598604901
BFA,2024,0.247414696660435
BFA,2023,0.322414970435841
BFA,2022,1.43528940684307
BFA,2021,3.43899283581014
BFA,2020,2.68969335407012
BFA,2019,4.9165872152444
BFA,2018,5.856068296676
BFA,2017,5.87685117621051
BFA,2016,3.70052450116218
BFA,2015,2.64907973391541
BFA,2014,3.91985632282814
BFA,2013,1.0683296718819
BFA,2012,0.104225183245606
BFA,2011,0.32271966861051
BFA,2010,0.491640973412152
BFA,2009,0.273755032434139
BFA,2008,0.211108783463173
BFA,2007,0.178953782654883
BFA,2005,0.326762715126647
BFA,2004,0.151539848392103
BFA,2003,0.0213163134052237
BFA,2002,0.0505931759200546
BFA,2001,0.0435813812570503
BFA,2000,0.0318199563243219
BFA,1999,0.0839413614151795
BFA,1998,0.222624967184317
BFA,1997,0.369624297495649
BFA,1996,0.432632274648513
BFA,1995,0.339545859591547
BDI,2023,1.90126959438202
BDI,2022,4.02652903670665
BDI,2021,10.216274425957
BDI,2020,5.87353339721305
BDI,2019,7.82145535592867
BDI,2018,8.70085637837147
BDI,2017,5.67385991330614
BDI,2016,3.86878972252472
BDI,2015,2.14053054373925
BDI,2014,2.69896464662459
BDI,2013,5.34548600287672
BDI,2012,7.47997046218224
BDI,2011,5.71370430932496
BDI,2010,4.64547000400198
BDI,2009,3.59246932143744
BDI,2008,5.27097031201033
BDI,2007,2.06294116618935
BDI,2006,2.12838853762094
BDI,2005,1.34042996357413
BDI,2004,0.731753556244
BDI,2003,0.631444165985592
BDI,2002,2.97646720941016
BDI,2001,8.7508610906579
BDI,2000,0.737869180478963
BDI,1999,0.988146744544589
BDI,1998,0.503906781095397
BDI,1997,1.07252130659007
BDI,1996,0.873261049824828
BDI,1995,0.729505170510933
BDI,1994,0.380369194037666
BDI,1993,0.573797158368693
CPV,2023,5.83139625688506e-05
CPV,2022,0.00576283024949212
CPV,2021,0.173682604274348
CPV,2020,0.000900344434486032
CPV,2019,0.162556583851755
CPV,2018,0.00728704497851126
CPV,2017,0.000450583027402477
CPV,2016,0.000624574643130971
CPV,2015,0.000751167785340548
CPV,2014,0.00132697365972209
CPV,2013,0.195153427652698
CPV,2012,8.96488802989324e-05
CPV,2011,0.942327818292646
CPV,2010,0.886651706391125
CPV,2009,0.665352818458037
CPV,2007,0.0
CPV,2006,0.252610584713906
CPV,2005,0.0246615055571856
CPV,2004,0.0928992909305998
CPV,2003,0.0146357785407712
CPV,2002,0.041923266103174
CPV,2000,0.0
CPV,1999,0.0
CPV,1998,0.172889637554244
CPV,1997,0.0
KHM,2024,2.32384862542691
KHM,2023,2.39994779110805
KHM,2022,1.11698274839515
KHM,2021,1.17918260132275
KHM,2020,0.558161545736656
KHM,2019,0.488076414316141
KHM,2018,0.273950400208494
KHM,2017,0.28104413339852
KHM,2016,0.127397850611072
KHM,2015,0.124488903858139
KHM,2014,0.259411640523026
KHM,2013,0.24245728980932
KHM,2012,0.157583279131326
KHM,2011,0.0803694500061509
KHM,2010,0.130283280576471
KHM,2009,0.760522378035563
KHM,2008,2.78724412660386
KHM,2007,0.121352039392554
KHM,2006,0.027667968493213
KHM,2005,0.0149248014869918
KHM,2004,0.0072995346803209
KHM,2003,0.0199753195594025
KHM,2002,0.000592878337197222
KHM,2001,0.0017778600611389
KHM,2000,0.00539369854205809
CMR,2023,2.21406928262342
CMR,2022,1.70198514355599
CMR,2021,2.0203363785866
CMR,2020,3.30322583764507
CMR,2019,2.87678049882067
CMR,2018,3.6994540520828
CMR,2017,5.59093811728154
CMR,2016,7.2820530562766
CMR,2015,4.57387519048093
CMR,2014,3.963613992554
CMR,2013,2.07848274318292
CMR,2012,2.13266836486717
CMR,2011,6.44601946508511
CMR,2010,3.60510444872873
CMR,2009,7.39040789002304
CMR,2008,12.7081290276679
CMR,2007,6.16185982086304
CMR,2006,4.90759445036331
CMR,2005,4.78205402791316
CMR,2004,5.06553789677676
CMR,2003,4.15754299713749
CMR,2002,4.32423576866907
CMR,2001,5.37432241460935
CMR,2000,5.59191006685656
CMR,1997,5.73926757291675
CMR,1996,6.36507223313564
CMR,1995,8.36562564417253
CMR,1990,6.8789777299795
CMR,1987,8.55211544131559
CMR,1986,8.25634601023475
CAN,2024,7.21859335754214
CAN,2023,6.86872537579518
CAN,2022,7.20264166838275
CAN,2021,8.29415109423537
CAN,2020,7.70223671673035
CAN,2019,6.52600997886215
CAN,2018,7.53044628928381
CAN,2017,7.31666886721892
CAN,2016,6.85096938677528
CAN,2015,7.07782826449341
CAN,2014,7.06901814566853
CAN,2013,6.97314384892527
CAN,2012,7.27699468961734
CAN,2011,8.7097407762028
CAN,2010,7.99427194909637
CAN,2009,7.10416068916213
CAN,2008,8.25104308459543
CAN,2007,9.24435217999991
CAN,2006,7.96768372439263
CAN,2005,5.85003684469677
CAN,2004,5.46924018318962
CAN,2003,4.45212340428914
CAN,2002,4.44360609524797
CAN,2001,4.5763397781131
CAN,2000,4.61309970982318
CAN,1999,4.44212142179388
CAN,1998,5.31048193630592
CAN,1997,5.94187552205493
CAN,1996,6.12078323334853
CAN,1995,6.69255405328772
CAN,1994,5.88975359365213
CAN,1993,6.01838427444729
CAN,1992,7.18879882809228
CAN,1991,7.71331432499954
CAN,1990,8.46457276593594
CAN,1989,9.05696196803814
CAN,1988,8.65953147545503
CAN,1987,8.52781666784847
CAN,1986,8.45809485865031
CAN,1985,8.45044532055589
CYM,2024,3.80799663867728
CYM,2023,5.56449812338449
CYM,2022,10.0991050334533
CYM,2021,17.7054489449611
CYM,2020,6.0539376234006
CAF,2024,6.31887204148749
CAF,2023,12.6689665953919
CAF,2022,12.20271544904
CAF,2021,19.9483943864465
CAF,2020,16.7055945931343
CAF,2019,4.84862130405419
CAF,2018,13.9117395814817
CAF,2017,3.71771062746912
CAF,2016,2.19732333466574
CAF,2015,0.0123609137787959
CAF,2014,0.293929465526799
CAF,2013,45.7112889245984
CAF,2012,57.8085217674326
CAF,2011,60.6801604344611
CAF,2010,57.8317269539369
CAF,2009,61.6353148967196
CAF,2008,35.656003903309
CAF,2007,26.576755668597
CAF,2006,15.7146700640248
CAF,2005,17.7717761821553
CAF,2004,36.7893669865716
CAF,2003,36.5638934976707
CAF,2002,21.7486667328819
CAF,2001,20.2036330785047
CAF,2000,7.56487393143999
CAF,1999,1.29711653339934
CAF,1998,0.836027816293992
CAF,1997,35.5866500455737
CAF,1996,25.5697690303921
CAF,1995,30.1190681772241
CAF,1994,41.1962704801338
CAF,1993,40.8353874472937
CHL,2025,57.1421752973795
CHL,2024,56.1402892229553
CHL,2023,52.0026997226168
CHL,2022,49.8300184342932
CHL,2021,62.2188844607438
CHL,2020,57.372617205842
CHL,2019,51.3740514871807
CHL,2018,52.4217199941519
CHL,2017,54.0633105038381
CHL,2016,50.4034333744308
CHL,2015,52.3409634632125
CHL,2014,54.4938258485244
CHL,2013,56.5992316305558
CHL,2012,59.1484541659561
CHL,2011,60.7043853671838
CHL,2010,63.2866711696578
CHL,2009,58.2801559676936
CHL,2008,55.7247442835048
CHL,2007,64.309994713649
CHL,2006,62.5205610453167
CHL,2005,56.3235896677862
CHL,2004,52.8933113223763
CHL,2003,41.0324638250931
CHL,2002,40.5582790018529
CHL,2001,40.693103600054
CHL,2000,44.5230597731378
CHL,1999,42.4625152976902
CHL,1998,42.0280694627684
CHL,1997,46.9501411076941
CHL,1996,44.9532097157166
CHL,1995,47.1214207701391
CHL,1994,42.2189682487632
CHL,1993,42.0244888023848
CHL,1992,45.5275123196896
CHL,1991,46.9649211588354
CHL,1990,53.1049624594718
CHL,1987,52.3845283685646
CHL,1986,53.356610755464
CHL,1985,59.2082876647162
CHN,2024,1.5142975856954
CHN,2023,1.32245246342569
CHN,2022,1.51241196259416
CHN,2021,1.38279589662737
CHN,2020,1.12206922684085
CHN,2019,1.26063099024319
CHN,2018,1.32756116052616
CHN,2017,1.20473204723595
CHN,2016,1.12761789812447
CHN,2015,1.17086953037954
CHN,2014,1.24906371312883
CHN,2013,1.17807626251683
CHN,2012,1.22562185968402
CHN,2011,1.43198201047339
CHN,2010,1.35551382378782
CHN,2009,1.16055322491633
CHN,2008,1.64162254167846
CHN,2007,1.798056229728
CHN,2006,2.15043213751421
CHN,2005,1.79072067915524
CHN,2004,1.89169429050215
CHN,2003,1.59380319283648
CHN,2002,1.57791210521067
CHN,2001,1.74535415424609
CHN,2000,1.83767957725455
CHN,1999,1.95591009512052
CHN,1998,2.00362274524883
CHN,1997,2.07175462677437
CHN,1996,1.79073619811341
CHN,1995,2.06554120824078
CHN,1994,1.85593706296079
CHN,1993,1.65044352178807
CHN,1992,1.69054452864012
CHN,1987,3.08700557244464
CHN,1986,1.43441147933416
CHN,1985,1.52152102105662
COL,2024,1.83962796660093
COL,2023,1.77130475609424
COL,2022,1.40491616097376
COL,2021,1.65857830550253
COL,2020,1.30101834218228
COL,2019,1.04528557470578
COL,2018,1.19144344591569
COL,2017,1.24583665497229
COL,2016,1.16347146041294
COL,2015,1.26412035679976
COL,2014,0.968201673645253
COL,2013,1.09600943006824
COL,2012,1.08359471000988
COL,2011,1.18351924617809
COL,2010,1.5548615358086
COL,2009,1.57475366846857
COL,2008,1.99773759376982
COL,2007,2.34100721501799
COL,2006,2.38449374633024
COL,2005,1.34002058452425
COL,2004,1.2620352687624
COL,2003,1.01255652251846
COL,2002,0.825699801958899
COL,2001,0.810077376530152
COL,2000,0.663275879909817
COL,1999,0.679749505864758
COL,1998,0.631338563007447
COL,1997,0.533180015331823
COL,1996,0.557599755047315
COL,1995,0.600806217316927
COL,1994,0.882108533692113
COL,1993,0.426894744823821
COL,1992,0.255494444346662
COL,1991,0.274800798681609
COL,1987,0.191433365963724
COL,1986,0.333614823805262
COL,1985,0.414907632261246
COM,2023,1.23197156881377
COM,2022,0.517962654358925
COM,2021,6.54854738738506
COM,2020,0.75010829723588
COM,2019,0.318173040040997
COM,2018,0.0877257182600293
COM,2017,0.126857513563295
COM,2016,0.0166783171742393
COM,2015,0.0444425057124696
COM,2014,0.0618031951656029
COM,2013,0.0203651863526018
COM,2012,0.110774025742152
COM,2011,0.847733671298026
COM,2010,0.813905646134158
COM,2009,0.0372923820621511
COM,2008,0.522391765016685
COM,2005,0.149600348390232
COM,2004,0.66520249263739
COM,2002,0.00208806695434875
COM,2001,0.00524507584340624
COM,2000,0.00423400451590008
COM,1999,0.00189154646390435
COM,1997,1.10917842123124
COM,1996,0.000423404842611463
COD,2023,76.344497695925
COD,2022,83.1096927962329
COD,2021,71.0236615792102
COD,2020,74.1476837170452
COD,2019,67.1352960154318
COD,2018,45.2313432845268
COD,2017,56.5053710280869
COD,2016,69.2768524098617
COD,2015,70.6893964675775
COG,2023,1.19935592976496
COG,2022,1.43657443739868
COG,2021,4.64029512490845
COG,2020,0.831440752613757
COG,2019,1.55912218977186
COG,2018,0.927424742561132
COG,2017,2.28755494586862
COG,2016,0.0184843607142912
COG,2015,0.0120404843620738
COG,2014,0.0136861319359873
COG,2013,0.0146800156868154
COG,2012,0.0140743008856092
COG,2011,0.0193554921266908
COG,2010,0.0210088059797555
COG,2009,0.0186792596942976
COG,2008,0.0282945243019541
COG,2007,0.0364830291043684
COG,1995,0.325081843092646
COG,1994,1.0871533621195
COG,1993,0.0556104231076522
COG,1986,0.104589903558524
COG,1985,0.110811636685409
CRI,2024,1.39829772346223
CRI,2023,1.50937140629287
CRI,2022,1.45143574332589
CRI,2021,1.65528808128059
CRI,2020,1.42269448012349
CRI,2019,1.37490331980926
CRI,2018,1.43490019554813
CRI,2017,1.33459998968336
CRI,2016,1.09214883019012
CRI,2015,1.21795803880745
CRI,2014,1.60539880440734
CRI,2013,1.46279654613949
CRI,2012,2.33207214786887
CRI,2011,1.47558229776724
CRI,2010,1.14213447976051
CRI,2009,0.736285165169548
CRI,2008,1.40820985107273
CRI,2007,1.45732403864289
CRI,2006,1.58636848850852
CRI,2005,1.16819915002574
CRI,2004,1.03354286931436
CRI,2003,0.711479995835235
CRI,2002,0.814737294693017
CRI,2001,0.808246722992823
CRI,2000,0.760437542106638
CRI,1999,0.536497861946718
CRI,1998,0.7848536292395
CRI,1997,0.950115575754852
CRI,1996,1.18742621168758
CRI,1995,1.06186090125111
CRI,1994,0.950714325253474
CRI,1987,0.875046255781254
CRI,1986,0.451935438655981
CRI,1985,0.473556335013136
CIV,2024,0.7696455104056
CIV,2023,0.932912891480029
CIV,2022,1.10726007801245
CIV,2021,1.01844264392404
CIV,2020,1.43286910395292
CIV,2019,1.41087055742866
CIV,2018,1.12444850636875
CIV,2017,0.533847337852105
CIV,2016,0.182949942529029
CIV,2015,0.225931899206963
CIV,2014,0.434254556183484
CIV,2013,0.340950280192448
CIV,2012,0.235680858964045
CIV,2011,0.189149965439685
CIV,2010,0.313152551679008
CIV,2009,0.403566085971238
CIV,2008,0.642278457684634
CIV,2007,0.380226862544706
CIV,2006,0.160241811029383
CIV,2005,0.212418475709056
CIV,2004,0.233205505010063
CIV,2003,0.157326473164042
CIV,2002,0.163403618117846
CIV,2001,0.213893623604401
CIV,2000,0.168600313289144
CIV,1999,0.128112868814737
CIV,1998,0.130442877751062
CIV,1997,0.158625063611406
CIV,1996,0.12986059767881
CIV,1995,0.158160046219748
CIV,1985,0.194251786324412
HRV,2024,4.33865937994052
HRV,2023,4.01353681138671
HRV,2022,4.48865562382228
HRV,2021,4.9656928362241
HRV,2020,4.38530028892353
HRV,2019,4.05184800780586
HRV,2018,3.88320618536719
HRV,2017,3.80140504044553
HRV,2016,2.80371526734313
HRV,2015,2.82004732437204
HRV,2014,3.69162990852728
HRV,2013,4.42951200166939
HRV,2012,5.19459070846999
HRV,2011,5.16768820989798
HRV,2010,4.50785404777907
HRV,2009,3.62799684712098
HRV,2008,4.29179270428804
HRV,2007,4.58755890470055
HRV,2006,4.38216596713458
HRV,2005,3.77534154653081
HRV,2004,3.40409153854028
HRV,2003,2.27026881473396
HRV,2002,2.59431082175214
HRV,2001,2.66229103665213
HRV,2000,3.02217894548663
HRV,1999,2.227457724479
HRV,1998,2.18428506344833
HRV,1997,2.58408258027762
HRV,1996,2.1806747188356
HRV,1995,2.33807761665747
HRV,1994,1.95963810579541
HRV,1993,1.60880993331246
HRV,1992,4.83122445785582
CUB,2022,53.4234884310835
CUB,2021,49.0118080736196
CUB,2020,43.1269888701656
CUB,2019,38.463494720428
CUB,2018,7.22286231925514
CUB,2017,1.99053387712111
CUB,2016,23.2150531133196
CUB,2006,2.06230300373913
CUB,2005,48.7993777218892
CUB,2004,47.6538390881152
CUB,2003,39.0646672561117
CUB,2002,32.709320892927
CUB,2001,29.1802983008979
CUB,2000,37.2739389979455
CUB,1999,29.3123098963983
CYP,2024,4.42526376005569
CYP,2023,3.98527553557786
CYP,2022,6.70456092000687
CYP,2021,6.84273158005649
CYP,2020,4.87338889082273
CYP,2019,4.57678906558326
CYP,2018,4.2218874609881
CYP,2017,4.72481568108836
CYP,2016,5.2934037971295
CYP,2015,6.73410411229818
CYP,2014,9.44378442725303
CYP,2013,11.4983139277849
CYP,2012,16.4418305002461
CYP,2011,16.8429285734584
CYP,2010,13.6898329003854
CYP,2009,11.0429912717288
CYP,2008,12.6279004899326
CYP,2007,14.2263785665861
CYP,2006,12.567749867026
CYP,2005,6.94255296417022
CYP,2004,4.2997477985446
CYP,2003,4.80124892620898
CYP,2002,4.89470968618493
CYP,2001,4.84679419380432
CYP,2000,4.85055667713502
CYP,1999,5.39812257912622
CYP,1998,4.37661358440642
CYP,1997,4.61528422249991
CYP,1996,1.99891381218706
CYP,1995,1.1381566070624
CYP,1994,1.35197133504129
CYP,1993,1.03704104387459
CYP,1992,0.720604320524021
CYP,1991,0.684502632590732
CYP,1990,0.702862926870443
CYP,1989,0.658216094233137
CYP,1987,2.09799173462952
CYP,1986,2.09738831043849
CYP,1985,2.36588584084156
CZE,2024,1.40367567949443
CZE,2023,1.35386813778064
CZE,2022,1.56813504665432
CZE,2021,1.61350866676839
CZE,2020,1.21934907977933
CZE,2019,1.21207230157379
CZE,2018,1.37184820325273
CZE,2017,1.4753298665411
CZE,2016,1.32252672188299
CZE,2015,1.57528728811662
CZE,2014,2.02976631783117
CZE,2013,2.17847766542176
CZE,2012,2.31960647306695
CZE,2011,2.15954835843991
CZE,2010,2.12469327473449
CZE,2009,1.73239359976707
CZE,2008,1.88765898374338
CZE,2007,1.90292154670999
CZE,2006,1.96340749220861
CZE,2005,1.6205284243772
CZE,2004,1.9561834974089
CZE,2003,1.69114211895355
CZE,2002,1.40794743623513
CZE,2001,1.66518003502921
CZE,2000,1.8599731963174
CZE,1999,1.89140411125207
CZE,1998,1.8162963812287
CZE,1997,2.23686287732363
CZE,1996,2.47235022554126
CZE,1995,2.78263371858843
CZE,1994,2.90507618855085
CZE,1993,3.2678678546284
DNK,2025,1.90947055917077
DNK,2024,1.96131728577918
DNK,2023,2.00423993416193
DNK,2022,1.88025218853746
DNK,2021,1.91206467745315
DNK,2020,1.37226205427576
DNK,2019,1.34249528051417
DNK,2018,1.51915585527309
DNK,2017,1.47944287237049
DNK,2016,1.30427258459606
DNK,2015,1.30256286563184
DNK,2014,1.51389259604188
DNK,2013,1.29962030070922
DNK,2012,1.43420672114477
DNK,2011,1.65076046234192
DNK,2010,1.62457039603576
DNK,2009,1.28710103290384
DNK,2008,1.70694764321709
DNK,2007,1.79890080475418
DNK,2006,1.45918813432424
DNK,2005,1.28683966061961
DNK,2004,1.4259873302526
DNK,2003,1.26762779172568
DNK,2002,1.09363642130214
DNK,2001,1.03892442726229
DNK,2000,1.01904608550717
DNK,1999,0.895359292561754
DNK,1998,0.943038133941114
DNK,1997,0.986990260120346
DNK,1996,0.946329140034947
DNK,1995,1.23563209057653
DNK,1994,1.00162451600908
DNK,1993,0.890669067912944
DNK,1992,0.947449502323352
DNK,1991,0.971971686027814
DNK,1990,1.20189045567811
DNK,1989,1.43288507808319
DNK,1988,1.3530716642056
DNK,1987,1.23138496695821
DNK,1986,1.30031097446232
DNK,1985,1.48094345521
DJI,2023,0.527328783503672
DJI,2022,0.719550395475568
DJI,2021,0.582915174231163
DJI,2009,0.318660143179232
DJI,1987,0.266812340935972
DJI,1986,0.223071489661023
DMA,2023,0.929642781152361
DMA,2022,1.74623746065708
DMA,2021,5.72887239706608
DMA,2020,2.14689437461653
DMA,2019,3.09073303083036
DMA,2018,6.26865631127784
DMA,2017,8.1747999022035
DMA,2016,11.8288815609459
DMA,2013,8.53038403437001
DMA,2012,12.2485323706899
DMA,2010,6.70370779385094
DMA,2009,8.13231955829599
DMA,2008,14.2351086183328
DMA,2007,10.6387946960552
DMA,2006,6.85694733344657
DMA,2005,6.88983592826647
DMA,2004,5.61633075863733
DMA,2003,4.38973183206148
DMA,2002,3.74047696678161
DMA,2001,4.27828410194972
DMA,2000,4.22487992259826
DMA,1999,2.82537331755421
DMA,1997,1.8494467575168
DMA,1996,1.66957930051533
DMA,1995,1.31252243657206
DMA,1994,0.544731035567051
DMA,1993,0.130713363155595
DMA,1987,0.000370890027686607
DMA,1986,0.0177941500639132
DMA,1985,0.0471341011641925
DOM,2024,3.28093047847441
DOM,2023,2.69043160707394
DOM,2022,2.53941382245587
DOM,2021,2.53117700795709
DOM,2020,1.53332089649435
DOM,2019,1.7796768037
DOM,2018,1.88249411363481
DOM,2017,1.40257834921898
DOM,2016,1.34702483700504
DOM,2015,1.78327753384111
DOM,2014,3.14640792194024
DOM,2013,3.88571548684355
DOM,2012,3.93575854467474
DOM,2011,4.62313088265565
DOM,2010,3.68496953894326
DOM,2009,2.50389439109212
DOM,2008,2.23234163636278
DOM,2007,1.25546262236398
DOM,2006,0.934232233285488
DOM,2005,0.66806770432309
DOM,2004,0.56342466433077
DOM,2003,0.451525526676631
DOM,2002,0.311642729585602
DOM,2001,1.71351596638312
DOM,1997,0.128352504893757
DOM,1996,0.123950031870247
DOM,1987,0.667766120453089
DOM,1986,0.134225272367361
DOM,1985,0.256164551412018
ECU,2024,6.88594032491159
ECU,2023,6.99936072862236
ECU,2022,6.60995491048726
ECU,2021,6.61445465526514
ECU,2020,4.12023735620389
ECU,2019,1.39691194692572
ECU,2018,1.33949761872664
ECU,2017,1.35925235768237
ECU,2016,1.07250605981619
ECU,2015,0.992358606198248
ECU,2014,0.74278506267087
ECU,2013,0.847310221074743
ECU,2012,0.65714730012745
ECU,2011,0.62204150951619
ECU,2010,0.62297890547862
ECU,2009,0.49230884676117
ECU,2008,0.654153512760265
ECU,2007,0.824224237178258
ECU,2006,0.709601344870952
ECU,2005,0.448753824817946
ECU,2004,0.260353137241963
ECU,2003,0.188013321764884
ECU,2002,0.263377478596076
ECU,2001,0.237367080261315
ECU,2000,0.203257023837646
ECU,1999,0.127887166128151
ECU,1998,0.154204597634885
ECU,1997,0.147930922157966
ECU,1996,0.193814288685163
ECU,1995,0.306109386997715
ECU,1994,0.221832671094404
ECU,1993,0.161481100668041
ECU,1992,0.729145971708188
ECU,1991,0.147113986953369
ECU,1990,0.152910146258777
ECU,1987,0.173209690439282
ECU,1986,3.25856833837186
ECU,1985,3.54628813348116
EGY,2024,5.40785612895585
EGY,2023,4.6694996946509
EGY,2022,2.91694131479414
EGY,2021,3.5475375524115
EGY,2020,3.63017505658444
EGY,2019,3.4285889519429
EGY,2018,3.93760292987062
EGY,2017,3.85875417701215
EGY,2016,3.66341693440169
EGY,2015,4.43959491401161
EGY,2014,4.10353466655057
EGY,2013,4.97337081128656
EGY,2012,5.6950686321686
EGY,2011,5.75973597078864
EGY,2010,6.00964225683771
EGY,2009,7.13017414738842
EGY,2008,6.47542351525831
EGY,2007,2.77345298681996
EGY,2006,2.25748526585406
EGY,2005,2.80682569835647
EGY,2004,3.6007091699792
EGY,2003,3.12730798783112
EGY,2002,4.58464863148707
EGY,2001,4.55933870538842
EGY,2000,3.8724542503985
EGY,1999,4.38505216215119
EGY,1998,5.50338337530886
EGY,1997,4.96131262789031
EGY,1996,5.94605150043486
EGY,1995,6.41026692683267
EGY,1994,5.32840006537966
EGY,1987,8.11902294170008
EGY,1986,5.78686038806745
EGY,1985,4.06162276193039
SLV,2024,1.27838950619101
SLV,2023,1.12538630226481
SLV,2022,1.12672812630008
SLV,2021,1.06667410327226
SLV,2020,0.90218527850289
SLV,2019,1.06688895694381
SLV,2018,1.26795177041228
SLV,2017,1.15638828382003
SLV,2016,1.12619341923859
SLV,2015,1.23613153909728
SLV,2014,1.53576875268343
SLV,2013,1.36818616220759
SLV,2012,1.77742535831435
SLV,2011,2.00585034068723
SLV,2010,1.69920510445875
SLV,2009,1.29712979888706
SLV,2008,1.74053641550667
SLV,2007,2.00278861682249
SLV,2006,1.85692050804381
SLV,2005,1.44832477015354
SLV,2004,1.34659452951972
SLV,2003,1.31534426733791
SLV,2002,1.15584362357537
SLV,2001,1.0918389014826
SLV,2000,1.07203175658097
SLV,1999,2.49748173669244
SLV,1998,2.34983392388896
SLV,1997,1.88715125953098
SLV,1996,2.19500666078485
SLV,1995,2.86007290950737
SLV,1994,2.48633351045412
SLV,1987,2.27949316839574
SLV,1986,1.11065150293855
SLV,1985,2.21575637117323
ERI,2003,1.75483552385025
ERI,2002,4.79801704740224
ERI,2001,3.02574219444538
ERI,2000,8.32837194579451
EST,2024,1.87499765183745
EST,2023,2.14143873651271
EST,2022,2.1027438271375
EST,2021,2.90267324961105
EST,2020,2.13043592205078
EST,2019,2.41631163524727
EST,2018,2.75086658238913
EST,2017,2.35841269089017
EST,2016,1.66618656806521
EST,2015,1.63649560074123
EST,2014,1.90384941929347
EST,2013,2.15486337484092
EST,2012,2.68309199729124
EST,2011,2.6179099640865
EST,2010,2.94612857707817
EST,2009,2.57266405705559
EST,2008,4.54683697485613
EST,2007,3.52696244890846
EST,2006,3.06963906723222
EST,2005,2.40669048368645
EST,2004,2.42263556517411
EST,2003,2.34375279542194
EST,2002,2.13507929677069
EST,2001,2.79898414238744
EST,2000,5.4978307127511
EST,1999,4.96574879485704
EST,1998,3.27740736280637
EST,1997,3.0842210569668
EST,1996,2.37430717010453
EST,1995,3.09674140680994
SWZ,2023,0.606121284662495
SWZ,2022,0.427200574976774
SWZ,2021,0.258104851670951
SWZ,2020,0.171358147893786
SWZ,2019,0.191500644926506
SWZ,2018,0.241373820860526
SWZ,2017,0.208812083737069
SWZ,2016,0.137876958421922
SWZ,2015,0.157896597177095
SWZ,2014,2.01180714958384
SWZ,2013,3.74428747787606
SWZ,2012,5.78637637833919
SWZ,2011,0.512942471203624
SWZ,2010,0.436095573162673
SWZ,2009,0.384051662581888
SWZ,2008,0.719407974130607
SWZ,2007,0.540540883857131
SWZ,2006,0.240303978887475
SWZ,2005,0.451465736637262
SWZ,2004,0.21034852188841
SWZ,2003,0.198614420455275
SWZ,2002,0.236438012252563
SWZ,2001,0.447899792495747
SWZ,2000,0.433078085462426
ETH,2023,0.720590411591821
ETH,2022,0.670250624917404
ETH,2021,0.34981780344132
ETH,2020,0.324961749379858
ETH,2019,0.417258764730303
ETH,2018,0.815476613183693
ETH,2017,0.538936387709205
ETH,2016,0.489305949785615
ETH,2015,0.46364536030442
ETH,2014,0.549836106787534
ETH,2013,0.126242533310652
ETH,2012,0.861647817788996
ETH,2011,1.64148270661664
ETH,2010,1.76352373238568
ETH,2009,1.26154404333598
ETH,2008,0.935603559938025
ETH,2007,4.97334641971951
ETH,2006,0.654345628657769
ETH,2005,1.06218438683818
ETH,2004,0.962038149260378
ETH,2003,0.710764053641536
ETH,2002,1.28504957578626
ETH,2001,0.614876874188377
ETH,2000,0.862182753675184
ETH,1999,1.54168259548571
ETH,1998,0.783628530916786
ETH,1997,0.353575357165592
ETH,1995,0.0702451679579743
FRO,2009,0.112920902098654
FRO,2008,0.180894038885145
FRO,2007,0.198220149417045
FRO,2006,0.229729223000157
FRO,1998,0.000284373698711531
FRO,1990,0.0265212831709361
FRO,1989,0.134647317912687
FRO,1988,0.331977907825826
FRO,1987,8.26824493556362e-05
FJI,2024,2.26797286248223
FJI,2023,1.4262914079969
FJI,2022,1.70246176799379
FJI,2021,1.55906543051202
FJI,2020,1.28185483309287
FJI,2019,1.15537275873902
FJI,2018,1.33442469289395
FJI,2017,1.30365771587364
FJI,2016,1.4716217264015
FJI,2015,2.32668047490659
FJI,2014,2.08859282078155
FJI,2013,2.40938662974436
FJI,2012,2.00706569729676
FJI,2011,1.90024418530722
FJI,2010,1.43632067178433
FJI,2009,0.889002820503783
FJI,2008,1.1506532861719
FJI,2007,1.12780489952063
FJI,2006,1.01455958643552
FJI,2005,0.695154837062384
FJI,2004,0.664583915054472
FJI,2003,0.404616506824677
FJI,2002,0.299304052544433
FJI,2001,0.177808249554769
FJI,2000,0.160479668261851
FJI,1994,0.370733539746001
FJI,1993,0.333778685065397
FJI,1992,0.179182205894669
FJI,1991,0.152579700424826
FJI,1990,0.168620330204951
FJI,1989,0.160331696745108
FJI,1987,0.184437814649911
FJI,1986,0.172513772401096
FJI,1985,0.175005068530834
FIN,2024,7.95818749984781
FIN,2023,7.19073331390488
FIN,2022,7.75162787848801
FIN,2021,7.17679219447999
FIN,2020,6.87189065381557
FIN,2019,5.60325974345396
FIN,2018,5.86084315766425
FIN,2017,5.68640270333235
FIN,2016,4.88490053282647
FIN,2015,4.6061579259411
FIN,2014,5.12112673050603
FIN,2013,5.00267427474915
FIN,2012,5.48506681026777
FIN,2011,5.4220720824758
FIN,2010,5.19161268948637
FIN,2009,3.50881295975782
FIN,2008,4.28872396767722
FIN,2007,5.21294691962384
FIN,2006,4.93577190443786
FIN,2005,3.47465272509445
FIN,2004,3.48207640640233
FIN,2003,2.83066230263387
FIN,2002,2.88066822484008
FIN,2001,2.90224467954024
FIN,2000,3.11697752421697
FIN,1999,2.92279178254058
FIN,1998,2.76316077105882
FIN,1997,3.56423481851312
FIN,1996,3.10279778818419
FIN,1995,3.06254707600948
FIN,1994,3.24766528653845
FIN,1993,3.51043439226414
FIN,1992,3.80777829114185
FIN,1991,3.45359250786779
FIN,1990,3.57122137541796
FIN,1989,4.30300860520484
FIN,1988,3.7090248142718
FIN,1987,2.78837851803489
FIN,1986,2.78662478656247
FIN,1985,3.39465461024493
FRA,2024,2.39024182700127
FRA,2023,2.2621472914111
FRA,2022,2.53388659273505
FRA,2021,2.62521550149252
FRA,2020,2.05535644990595
FRA,2019,2.01518529515345
FRA,2018,2.16882045181769
FRA,2017,2.17114519793476
FRA,2016,1.93198020258662
FRA,2015,2.06187886467425
FRA,2014,2.23331096053479
FRA,2013,2.25962213716718
FRA,2012,2.40010727643714
FRA,2011,2.63854694560427
FRA,2010,2.48276254260081
FRA,2009,1.96884856912771
FRA,2008,2.60547611123395
FRA,2007,2.88032413307707
FRA,2006,2.81772991319338
FRA,2005,2.12258436237601
FRA,2004,2.11089744571794
FRA,2003,1.69333593305147
FRA,2002,1.74724241978841
FRA,2001,1.85415041359199
FRA,2000,1.91882811085848
FRA,1999,1.85452901366686
FRA,1998,1.9830411516398
FRA,1997,2.20357107210581
FRA,1996,2.27307416728917
FRA,1995,2.53108404039755
FRA,1994,2.4195406712886
FRA,1993,2.27192782381996
FRA,1992,2.35010965814631
FRA,1991,2.48723675905535
FRA,1990,2.78999565854717
FRA,1989,3.28082105322784
FRA,1988,2.98151718509461
FRA,1987,2.57162213547082
FRA,1986,2.64438622141681
FRA,1985,3.22464122659687
PYF,2024,0.000692171557321636
PYF,2023,0.0930273960029802
PYF,2022,0.416874202743597
PYF,2021,0.4990261088779
PYF,2020,0.670466230407596
PYF,2019,0.470883746723041
PYF,2018,0.390503836058389
PYF,2017,0.408382743228539
PYF,2016,0.319149064136548
PYF,2015,0.581936460905997
PYF,2014,0.595821595561009
PYF,2013,0.626774186962112
PYF,2012,1.58978477108585
PYF,2011,0.974880424971493
PYF,2010,0.9723894346274
PYF,2009,0.285013270060359
PYF,2008,0.240523391864856
PYF,2007,0.205980185774453
PYF,2006,0.141274787246371
PYF,2005,0.0873750562090131
PYF,2004,0.166103011301803
PYF,2003,0.113161772368366
PYF,2002,0.28626746205318
PYF,2001,0.0919508599685496
PYF,2000,0.2364702444223
PYF,1999,0.0486712335395889
PYF,1998,0.046705481586609
PYF,1997,0.0359168279834117
PYF,1996,0.0762998580319605
GAB,2023,23.3145469906779
GAB,2022,6.4339342258012
GAB,2021,6.75461904672039
GAB,2020,6.19989793138207
GAB,2019,4.31465619463794
GAB,2018,3.11836475453618
GAB,2017,3.31591796865075
GAB,2016,1.82553919658524
GAB,2015,1.57938272358853
GAB,2014,1.09231849999857
GAB,2013,1.3868214654464
GAB,2012,1.21683062244485
GAB,2011,3.8579113367887
GAB,2010,2.48688091630774
GAB,2009,3.03112583114056
GAB,2008,2.21111070998674
GAB,2007,3.60059532421835
GAB,2006,3.15100423734133
GAB,2005,3.59283990122888
GAB,2004,5.50841106598959
GAB,2003,1.05563054621456
GAB,2002,1.77445857699742
GAB,2001,1.50392082996856
GAB,2000,1.72758181671812
GAB,1999,2.32661268599637
GAB,1998,2.67767518545674
GAB,1997,5.71758317328856
GAB,1996,2.02807203361812
GAB,1994,3.40569349524068
GAB,1993,6.11242788493743
GMB,2024,7.25401728860874
GMB,2023,18.3407584022912
GMB,2022,7.16489862767608
GMB,2021,2.00514668506969
GMB,2020,7.45944989729253
GMB,2019,6.86056436493584
GMB,2018,1.96370986191764
GMB,2017,0.319245723489674
GMB,2016,0.421155110437423
GMB,2015,0.131945999596352
GMB,2014,2.5051053467183
GMB,2013,1.16332414492652
GMB,2012,0.45786601607713
GMB,2011,9.37945577733623
GMB,2010,9.99434453240147
GMB,2009,17.4842045721017
GMB,2008,19.7091636784096
GMB,2007,0.0
GMB,2006,0.80370436886944
GMB,2005,0.0425717253232971
GMB,2004,0.985833564792292
GMB,2003,0.818503619213777
GMB,2001,0.0
GMB,2000,0.0
GMB,1999,0.131063017507675
GMB,1998,0.474663642317632
GMB,1997,0.980600775681417
GMB,1996,6.47657988816625
GMB,1995,1.03893300568354
GEO,2024,13.6105213577844
GEO,2023,21.2397224759839
GEO,2022,32.7979025501132
GEO,2021,32.4372531660103
GEO,2020,36.9196916215406
GEO,2019,31.7197591634292
GEO,2018,26.4965811398285
GEO,2017,24.3437615637949
GEO,2016,23.1801819906018
GEO,2015,15.2943151229285
GEO,2014,7.02141310273315
GEO,2013,7.38402919227685
GEO,2012,10.54586482423
GEO,2011,17.4166786620434
GEO,2010,19.0136549836365
GEO,2009,16.3767080410488
GEO,2008,20.2382480864755
GEO,2007,19.5083700513852
GEO,2006,21.6949403301736
GEO,2005,17.0975788402177
GEO,2004,24.1908885799925
GEO,2003,25.0579102732238
GEO,2002,21.0880785677073
GEO,2001,26.2634854473157
GEO,2000,28.9604013252665
GEO,1999,19.4253040750637
GEO,1998,7.83496993841262
GEO,1997,5.94965958013271
GEO,1996,8.02757993438701
DEU,2024,2.72353839400857
DEU,2023,2.72269311920232
DEU,2022,3.20293652588426
DEU,2021,3.37551358136732
DEU,2020,2.83242984391125
DEU,2019,2.55894433814177
DEU,2018,2.56915136679601
DEU,2017,2.543077062625
DEU,2016,2.31084898157863
DEU,2015,2.46485437516914
DEU,2014,2.6811267823272
DEU,2013,2.76715898866833
DEU,2012,3.04691827865277
DEU,2011,3.30754600631597
DEU,2010,3.00262778857456
DEU,2009,2.56724520881715
DEU,2008,3.11834578635162
DEU,2007,3.28306933470103
DEU,2006,3.24106059312103
DEU,2005,2.55683845334251
DEU,2004,2.32225166446631
DEU,2003,2.13366197300079
DEU,2002,2.32325935289554
DEU,2001,2.43980575497065
DEU,2000,2.46346214301618
DEU,1999,2.23788369998884
DEU,1998,2.33583581215988
DEU,1997,2.54887187737716
DEU,1996,2.30725624736911
DEU,1995,2.59242826427235
DEU,1994,2.4181546293218
DEU,1993,2.40302593062153
DEU,1992,2.35954547225395
DEU,1991,2.3938014475285
DEU,1990,2.52039038541417
DEU,1989,2.86741727081781
DEU,1988,2.66517680551437
DEU,1987,2.30909804184579
DEU,1986,2.33890598384162
DEU,1985,2.70803665315673
GHA,2023,3.79789972324939
GHA,2022,1.8752282216153
GHA,2021,2.90277951595568
GHA,2019,3.04129705781624
GHA,2018,2.79589844396489
GHA,2017,1.94503330731125
GHA,2016,1.90382388267575
GHA,2015,1.53114850582018
GHA,2014,1.73605428922296
GHA,2013,2.06865588093151
GHA,2012,1.47263285139011
GHA,2011,1.36513638736008
GHA,2010,4.01489450472122
GHA,2009,1.74904889698946
GHA,2008,3.51368318139587
GHA,2007,2.87234023304386
GHA,2006,2.16102136221263
GHA,2005,3.60406853600616
GHA,2004,1.49737393398241
GHA,2003,2.46857072038619
GHA,2001,10.8636065668465
GHA,2000,11.9158631786585
GHA,1999,7.69066693696787
GHA,1998,6.8683726093234
GHA,1997,11.3563809019957
GHA,1996,6.10007692802773
GHA,1992,9.88645844966271
GRC,2024,8.40665835134244
GRC,2023,7.74800044317647
GRC,2022,8.26741158029574
GRC,2021,9.10974624952373
GRC,2020,8.68777585031482
GRC,2019,8.40877922249186
GRC,2018,9.05447796786826
GRC,2017,9.41025237648499
GRC,2016,8.61869070411616
GRC,2015,8.84628292817813
GRC,2014,7.7342745445756
GRC,2013,7.28125080814386
GRC,2012,7.57301310927524
GRC,2011,8.82709112148929
GRC,2010,8.28992249752207
GRC,2009,6.7912478776731
GRC,2008,8.56804533371907
GRC,2007,10.6098047989006
GRC,2006,10.755417817886
GRC,2005,8.30282845585775
GRC,2004,9.11717843994865
GRC,2003,8.50894523857891
GRC,2002,8.55148654688925
GRC,2001,8.85458307698438
GRC,2000,7.68583265619637
GRC,1999,7.21175246510715
GRC,1998,7.77080454303642
GRC,1997,7.50665111767593
GRC,1996,6.71749564063216
GRC,1995,7.88092928431741
GRC,1994,6.74354535498312
GRC,1993,6.5001284961024
GRC,1992,6.29972131137645
GRC,1991,6.65411827880621
GRC,1990,7.67363143953716
GRC,1989,8.52967057592503
GRC,1988,8.98700859911767
GRC,1987,6.6695600367936
GRC,1986,6.25787575194509
GRC,1985,7.38203058829558
GRL,2018,0.103210288853998
GRL,2017,0.0849913379861368
GRL,2016,0.129451775323338
GRL,2015,0.151235407148698
GRL,2014,0.50339883995225
GRL,2013,0.115738013954152
GRL,2012,0.259648102396516
GRL,2011,0.298395870459819
GRL,2010,0.833504873851636
GRL,2009,5.36033160111456
GRL,2008,9.13540934473474
GRL,2007,11.7231862979607
GRL,2006,7.32327087908504
GRL,2005,6.37042726139033
GRL,2004,6.01902662586866
GRL,2003,0.00748632465466788
GRL,2002,0.0145181041108657
GRL,2001,0.00466351323382809
GRL,2000,0.0102185819395288
GRL,1999,0.00852522638393708
GRL,1998,0.00516198495235556
GRL,1997,0.0112763291293194
GRL,1996,0.00622870210196608
GRL,1995,0.0262521480430193
GRL,1994,0.0315871895235283
GRL,1993,0.0127512949660511
GRL,1992,0.0116121713635295
GRL,1991,0.0176669835613358
GRL,1990,0.0153089246731317
GRL,1989,18.5602900873352
GRL,1988,17.9589046593949
GRL,1987,12.053898674601
GRL,1986,14.4825005716476
GRL,1985,18.195101409821
GRD,2024,1.48030890168803
GRD,2023,1.13207023013456
GRD,2022,1.30927087490738
GRD,2021,0.183026883838946
GRD,2020,0.664594764475158
GRD,2019,0.878414956986683
GRD,2018,1.37953013219299
GRD,2017,0.926490251114031
GRD,2016,0.0949684587437557
GRD,2015,0.132159967052998
GRD,2014,0.0494167521988235
GRD,2013,0.0758615328759799
GRD,2012,0.053928953223931
GRD,2011,0.00463454236291343
GRD,2010,0.0118265832367857
GRD,2008,0.247129905210492
GRD,2007,0.139005663097239
GRD,2006,0.080101458919477
GRD,2005,0.0445847020661989
GRD,2004,0.023615908855153
GRD,2003,0.144868009490849
GRD,2002,0.0117925997789191
GRD,2001,0.0203892068098952
GRD,2000,0.0886411767386317
GRD,1999,1.39514573930222
GRD,1998,0.581975177897161
GRD,1997,0.0285844571201031
GRD,1996,0.053739516245709
GRD,1995,0.185598075639445
GRD,1994,0.109083910465982
GRD,1993,0.0974208126512105
GRD,1987,0.0502921285754995
GRD,1986,0.00246320127716422
GRD,1985,0.00169544711048157
GTM,2024,0.800281678243913
GTM,2023,0.880937617051219
GTM,2022,1.0314912584959
GTM,2021,1.34790558731064
GTM,2020,0.965056394414869
GTM,2019,0.763295310955501
GTM,2018,1.05309087465843
GTM,2017,3.57652400864886
GTM,2016,6.51105731928332
GTM,2015,7.32998592292712
GTM,2014,8.36121793211082
GTM,2013,5.68324807653903
GTM,2012,6.24905586877563
GTM,2011,9.60398048065433
GTM,2010,6.4814721290323
GTM,2009,5.14889014336207
GTM,2008,4.3044379205498
GTM,2007,3.99130572305598
GTM,2006,1.05484688638205
GTM,2005,0.504369281673816
GTM,2004,0.499021938915106
GTM,2003,0.385124889688843
GTM,2002,0.524514055435472
GTM,2001,0.956628887423008
GTM,2000,1.87308530588971
GTM,1999,0.699224751151095
GTM,1998,0.521287729196173
GTM,1997,0.549607766734811
GTM,1996,0.535836749854255
GTM,1995,0.469865167791435
GTM,1994,0.407136352545594
GTM,1993,0.421649945269253
GTM,1987,0.533524134981401
GTM,1986,0.365781850263831
GTM,1985,0.316740095739889
GIN,2016,25.8241585170912
GIN,2015,36.6907365805971
GIN,2014,34.4442960467048
GIN,2013,30.74770496475
GIN,2008,51.5371217304826
GIN,2007,73.4419716903088
GIN,2006,55.8518318570931
GIN,2005,65.0433136630908
GIN,2004,77.2956770112997
GIN,2002,53.9134297315455
GIN,2001,53.9995857757205
GIN,2000,51.7164793135118
GIN,1999,61.6049536265989
GIN,1998,65.0739000407861
GIN,1997,67.3647586841412
GIN,1996,73.153905609477
GIN,1995,65.3869591549398
GNB,2005,0.628835415498488
GNB,2004,0.0878671775223499
GNB,2003,0.0050532215362794
GUY,2025,0.977452250892603
GUY,2024,0.694800191106439
GUY,2023,1.13100523084098
GUY,2022,0.999218642106356
GUY,2021,2.03078175505954
GUY,2020,3.08115508881147
GUY,2019,9.58751420362942
GUY,2018,9.89146919230117
GUY,2017,8.9595201197312
GUY,2016,8.71851457860381
GUY,2015,9.34600643844565
GUY,2014,11.2362283140168
GUY,2013,10.3209281591119
GUY,2012,11.2101939273392
GUY,2011,12.0699101207659
GUY,2010,13.7928199089307
GUY,2009,11.5173362691517
GUY,2008,16.9541362264923
GUY,2007,13.2307571670555
GUY,2006,8.51342561951512
GUY,2005,7.06483449403864
GUY,2004,5.16307269776892
GUY,2003,5.36334743544851
GUY,2002,7.04053135173573
GUY,2001,17.2490518187486
GUY,2000,15.2928323304
GUY,1999,14.651145861817
GUY,1998,15.8691994226337
GUY,1997,15.6005699110819
HTI,2016,3.90329778217313
HTI,2014,9.45664716442303
HTI,1997,0.0774870325804562
HTI,1996,0.0965993718117905
HTI,1995,0.0459361705918063
HTI,1993,0.00770602851833746
HTI,1992,0.00254792099809204
HTI,1991,0.0129638240399831
HTI,1990,0.116965280402487
HTI,1989,0.104103753967247
HTI,1988,0.0127854553823651
HND,2024,3.18629943072344
HND,2023,3.40869496897492
HND,2021,2.25309701265772
HND,2020,3.16148759564147
HND,2019,2.70409749738022
HND,2018,3.25414714557368
HND,2017,2.56662601397788
HND,2016,1.26665531676927
HND,2015,1.61786742021013
HND,2014,3.88606656605623
HND,2012,3.33445569742246
HND,2011,4.17320433144657
HND,2010,6.01471210389409
HND,2009,3.90285624713461
HND,2007,7.36587469232269
HND,2006,7.16490680582052
HND,2005,7.55946701876683
HND,2004,6.35794151098228
HND,2003,5.89556144708822
HND,2002,5.75154382363693
HND,2001,4.90513815679267
HND,2000,9.62228763974218
HND,1999,6.30463346590148
HND,1998,4.59508710038294
HND,1997,7.78469468520527
HND,1996,3.49861117345504
HND,1995,0.467177190105994
HND,1994,1.05856524935711
HND,1993,1.09474818267722
HND,1987,0.768254902200713
HND,1986,1.41233555604783
HND,1985,4.48162974587117
HKG,2024,1.82537051234853
HKG,2023,2.15847705664223
HKG,2022,1.74354603668291
HKG,2021,2.25001097039149
HKG,2020,1.47244036489582
HKG,2019,1.06667493972405
HKG,2018,1.15924264498164
HKG,2017,1.27614189710421
HKG,2016,2.57138135948508
HKG,2015,5.07885233064028
HKG,2014,6.56347176912372
HKG,2013,3.93181628441166
HKG,2012,4.49757773775722
HKG,2011,6.81578992521392
HKG,2010,5.713833271617
HKG,2009,2.80739083433319
HKG,2008,5.3612384995499
HKG,2007,4.05180542171598
HKG,2006,2.74763595973411
HKG,2005,2.48868581414597
HKG,2004,2.20832543286422
HKG,2003,1.72441128137672
HKG,2002,1.5339569453791
HKG,2001,1.56394993453208
HKG,2000,1.8775790167315
HKG,1999,1.81183697273749
HKG,1998,1.43615377438827
HKG,1997,1.41362603322753
HKG,1996,1.47891168689622
HKG,1995,1.40543698021788
HKG,1994,1.17567349363718
HKG,1993,1.09543193668999
HKG,1992,1.10136752277941
HKG,1987,0.828408213763178
HKG,1986,0.677426587242594
HKG,1985,1.04616366211178
HUN,2025,1.25428042781768
HUN,2024,1.31939331705371
HUN,2023,1.27806090595818
HUN,2022,1.61848112861363
HUN,2021,1.54208953732149
HUN,2020,1.22862887551063
HUN,2019,1.30814909180621
HUN,2018,1.48496935736457
HUN,2017,1.38088988204167
HUN,2016,1.20120060028288
HUN,2015,1.27861929684595
HUN,2014,1.4966513494331
HUN,2013,1.70937207260648
HUN,2012,1.84908758477489
HUN,2011,1.94492768963375
HUN,2010,1.65716826388936
HUN,2009,1.23602660843956
HUN,2008,1.64535238442953
HUN,2007,1.78314883878328
HUN,2006,2.02612082094317
HUN,2005,1.87151209714555
HUN,2004,1.97921288683327
HUN,2003,1.82588196687277
HUN,2002,1.87762131135763
HUN,2001,2.01971170368512
HUN,2000,2.24316734848005
HUN,1999,2.00503066785126
HUN,1998,2.38204080415726
HUN,1997,2.9857751881398
HUN,1996,4.05074275305343
HUN,1995,4.98746275394055
HUN,1994,3.7192227960728
HUN,1993,4.17694821132152
HUN,1992,4.02271492837278
HUN,1987,3.10757105082636
HUN,1986,3.03829142834896
HUN,1985,2.71478994198622
ISL,2025,36.2222066543692
ISL,2024,34.306807912609
ISL,2023,36.3695667357812
ISL,2022,42.1109481069052
ISL,2021,39.8457077323209
ISL,2020,36.1126589413398
ISL,2019,35.093777466838
ISL,2018,40.9998053608375
ISL,2017,41.5488472709282
ISL,2016,36.3625305906611
ISL,2015,40.2234723685203
ISL,2014,39.0143129278785
ISL,2013,37.9497870960384
ISL,2012,37.7080328564274
ISL,2011,40.3100501672604
ISL,2010,41.9968812302979
ISL,2009,35.1152701752812
ISL,2008,39.8608258566713
ISL,2007,27.0501532407185
ISL,2006,24.0938258840869
ISL,2005,19.048120440224
ISL,2004,18.695152655043
ISL,2003,19.298011949165
ISL,2002,19.3827236344298
ISL,2001,20.6634266710951
ISL,2000,19.2972915044224
ISL,1999,16.3801182957288
ISL,1998,14.3938103567018
ISL,1997,12.6510749053456
ISL,1996,10.6419963824176
ISL,1995,12.0365533070626
ISL,1994,10.7926656474474
ISL,1993,9.48385286174982
ISL,1992,9.83035812512704
ISL,1991,9.44435122552783
ISL,1990,11.0573768160495
ISL,1989,13.550270566861
ISL,1988,11.6113353955169
ISL,1987,10.4607046368835
ISL,1986,10.0336210044063
ISL,1985,10.9928489693407
IND,2024,3.68720358535662
IND,2023,3.88575987351437
IND,2022,3.72613048820678
IND,2021,4.82679996577803
IND,2020,4.703645380644
IND,2019,3.54087990043718
IND,2018,3.53369671804044
IND,2017,4.00964790911576
IND,2016,3.15923171416737
IND,2015,3.37741762924188
IND,2014,3.16343902186514
IND,2013,3.08061973564483
IND,2012,3.44326884760231
IND,2011,3.91432268407082
IND,2010,7.59240821219674
IND,2009,6.31070592693835
IND,2008,6.43019011195547
IND,2007,7.75049690967274
IND,2006,8.02759324673593
IND,2005,7.5598167974124
IND,2004,5.80485000658225
IND,2003,3.82716185417028
IND,2002,4.25872737663468
IND,2001,2.99103280483348
IND,2000,2.82941294983969
IND,1999,2.50943322479782
IND,1998,2.46723510198795
IND,1997,3.13838652537645
IND,1996,3.58521767125147
IND,1995,3.58312630659566
IND,1994,3.75439608627527
IND,1993,4.09023366733146
IND,1992,4.5656363931437
IND,1991,5.64597626490017
IND,1990,5.77153972711275
IND,1989,6.76015392862458
IND,1988,6.32690490334777
IND,1987,5.11446612986005
IND,1986,5.9210775558411
IND,1985,7.56691447002319
IDN,2025,9.15253296016074
IDN,2024,10.2519087023766
IDN,2023,8.66175888912423
IDN,2022,8.59372096129526
IDN,2021,6.81269893133157
IDN,2020,5.57311674337461
IDN,2019,5.44737577698621
IDN,2018,6.87227675160072
IDN,2017,5.95372322129355
IDN,2016,5.74987617185474
IDN,2015,5.47643413638519
IDN,2014,4.73488924231125
IDN,2013,7.0309491461098
IDN,2012,6.27516219022441
IDN,2011,7.76117826342944
IDN,2010,9.79274966912068
IDN,2009,9.09437717746705
IDN,2008,7.91307569898443
IDN,2007,10.6517979568693
IDN,2006,9.91353850435018
IDN,2005,8.4459049483566
IDN,2004,6.4100507196535
IDN,2003,5.69921507004627
IDN,2002,5.235108330847
IDN,2001,5.44539585686858
IDN,2000,4.8992234566188
IDN,1999,4.66659132751676
IDN,1998,4.3698271584448
IDN,1997,4.73675825711393
IDN,1996,5.69073866001726
IDN,1995,5.96814153238371
IDN,1994,4.147252166093
IDN,1993,3.52550934507416
IDN,1992,4.22743363305405
IDN,1991,4.19586162999376
IDN,1990,4.35924665450851
IDN,1989,6.43607646469667
IDN,1987,4.43685961297763
IDN,1986,4.55757056513115
IDN,1985,4.25229394185218
IRN,2022,6.07369800540942
IRN,2021,6.47182698562761
IRN,2020,5.96771360144154
IRN,2019,6.69890769432838
IRN,2018,2.76598507569438
IRN,2017,3.24087064640965
IRN,2016,3.16133917735259
IRN,2015,2.88562521176017
IRN,2014,2.89653091005246
IRN,2013,3.38911662136194
IRN,2011,2.19494146879362
IRN,2010,3.12655912514173
IRN,2006,2.41649482188879
IRN,2005,1.16603617276545
IRN,2004,1.02344532580443
IRN,2003,1.09517527524565
IRN,2002,0.842352969559356
IRN,2001,1.03352723811914
IRN,2000,0.770666837184689
IRN,1999,0.874426605338371
IRN,1998,0.574887392831311
IRN,1997,0.597974518139472
IRQ,2013,0.00039000741894287
IRQ,2012,0.00431273185474657
IRQ,2011,0.00338461831676954
IRQ,2010,0.000470060145031071
IRQ,2009,0.0481577138334307
IRQ,2008,0.152130246604655
IRQ,2007,8.8879210934631e-05
IRQ,2006,0.00720020411497278
IRQ,2005,0.03433026854802
IRQ,2004,0.0235271930773391
IRQ,2002,0.0262329660377358
IRQ,2001,0.0171733858267717
IRQ,2000,0.010575299313052
IRL,2024,0.609748885370901
IRL,2023,0.585779533272327
IRL,2022,0.737702824148593
IRL,2021,0.850570043921372
IRL,2020,0.613661867444033
IRL,2019,0.823606863459568
IRL,2018,1.01928317088799
IRL,2017,1.05124791225945
IRL,2016,0.830317368885397
IRL,2015,1.06081765439499
IRL,2014,1.29762510611796
IRL,2013,1.30319085814621
IRL,2012,1.25215546913954
IRL,2011,1.35937647812609
IRL,2010,1.13574439508563
IRL,2009,0.768181510681042
IRL,2008,1.07590702888584
IRL,2007,1.31431185162591
IRL,2006,1.35003396023797
IRL,2005,0.848373059474768
IRL,2004,0.773327637734362
IRL,2003,0.834027488783115
IRL,2002,0.547073828220462
IRL,2001,0.665950255696323
IRL,2000,0.773769670151053
IRL,1999,0.783924726246048
IRL,1998,0.801711385006384
IRL,1997,1.04420596209122
IRL,1996,1.08898191414081
IRL,1995,1.10151573099255
IRL,1994,1.26858818608572
IRL,1993,1.50502301158236
IRL,1992,1.49733284305381
IRL,1991,1.87285564450386
IRL,1990,2.01238429124562
IRL,1989,2.51440385181134
IRL,1988,2.65842997127695
IRL,1987,1.4544175775178
IRL,1986,1.66526525384578
IRL,1985,2.02748841612458
ISR,2024,1.19930105964575
ISR,2023,1.52564125373689
ISR,2022,1.41284113227542
ISR,2021,1.61863415154063
ISR,2020,1.32536585966938
ISR,2019,1.10111966349058
ISR,2018,1.15445068921132
ISR,2017,1.09444228427862
ISR,2016,0.963441072958899
ISR,2015,0.962617325591464
ISR,2014,1.18245908127786
ISR,2013,1.18202715323789
ISR,2012,1.45454508020073
ISR,2011,1.46038735313216
ISR,2010,1.42794514949644
ISR,2009,1.15208813405695
ISR,2008,1.36843726148863
ISR,2007,1.16541272414956
ISR,2006,1.22098662647112
ISR,2005,1.08444901247725
ISR,2004,1.27358345466053
ISR,2003,1.26223210934839
ISR,2002,1.25745313725903
ISR,2001,1.27628152036163
ISR,2000,1.22230864921195
ISR,1999,1.29985621093861
ISR,1998,1.35635551991851
ISR,1997,1.19172240196861
ISR,1996,1.23427622396781
ISR,1995,1.40115024843022
ISR,1994,1.25038172962844
ISR,1993,1.18220396819993
ISR,1992,1.35800468924453
ISR,1991,1.56348902786493
ISR,1990,1.60074672627127
ISR,1989,1.8625773885246
ISR,1988,1.72039022680099
ISR,1987,1.89187070038099
ISR,1986,2.31061411052997
ISR,1985,2.63550501415606
ITA,2024,2.40552881733977
ITA,2023,2.3671450406078
ITA,2022,2.84846667997646
ITA,2021,2.89371816843881
ITA,2020,2.36923313520368
ITA,2019,2.1396705602172
ITA,2018,2.09661757092006
ITA,2017,2.07230829145132
ITA,2016,1.90982215322686
ITA,2015,1.9364198973376
ITA,2014,2.00835153385994
ITA,2013,1.98671514125351
ITA,2012,2.0626853664562
ITA,2011,2.27013694546359
ITA,2010,2.15312731726185
ITA,2009,1.64167033158873
ITA,2008,1.80554016349422
ITA,2007,1.99555279619232
ITA,2006,2.05581028573271
ITA,2005,1.48703124007983
ITA,2004,1.43448920830144
ITA,2003,1.29515403814363
ITA,2002,1.32350167743371
ITA,2001,1.33330567900006
ITA,2000,1.38879346868573
ITA,1999,1.2739282422982
ITA,1998,1.28265353602292
ITA,1997,1.29630137556662
ITA,1996,1.27954554851851
ITA,1995,1.42415954754849
ITA,1994,1.31444877798816
ITA,1993,1.21176118819508
ITA,1992,1.2484051136312
ITA,1991,1.32984318904349
ITA,1990,1.41822092241844
ITA,1989,1.61331287582756
ITA,1988,1.52713619639599
ITA,1987,1.24520362263582
ITA,1986,1.27348696793305
ITA,1985,1.41932040809457
JAM,2023,37.604098048612
JAM,2022,23.4441969813905
JAM,2021,37.0167324348966
JAM,2020,45.3383675601283
JAM,2019,53.8234637203428
JAM,2018,65.2013439008651
JAM,2017,50.1049158741135
JAM,2016,50.4129949655701
JAM,2015,56.4341402998641
JAM,2014,50.0197883808134
JAM,2013,45.5969371537392
JAM,2012,39.3061776314495
JAM,2011,48.9598085498852
JAM,2010,44.2998718718147
JAM,2009,37.4724718537071
JAM,2008,57.7399342148308
JAM,2007,64.2235693524351
JAM,2006,64.388837177649
JAM,2005,69.8264509321408
JAM,2004,67.5771349962895
JAM,2003,67.4192690897854
JAM,2002,65.8349797571158
JAM,2001,61.9861375844538
JAM,2000,58.6256443718522
JAM,1999,57.1317725869489
JAM,1998,54.3105205008822
JAM,1997,54.3564475262836
JAM,1996,51.2114286304272
JAM,1995,51.1911753980183
JAM,1994,51.9728040238887
JAM,1993,50.0175609365234
JAM,1992,54.8640645666223
JAM,1991,62.3904592301105
JAM,1987,16.6359579123438
JAM,1986,16.3662661559263
JAM,1985,15.0421865022516
JPN,2025,3.56324938693145
JPN,2024,3.40853387907624
JPN,2023,3.36894550677221
JPN,2022,3.4405823594586
JPN,2021,3.50428845966949
JPN,2020,3.12739508129515
JPN,2019,2.42229921438742
JPN,2018,2.51618461172461
JPN,2017,2.4236894271064
JPN,2016,2.31280447850218
JPN,2015,2.47487398731731
JPN,2014,2.67378416411769
JPN,2013,2.80664770663769
JPN,2012,2.74337339795033
JPN,2011,2.57453394705375
JPN,2010,2.57283126658044
JPN,2009,2.63029185657313
JPN,2008,2.4147697205401
JPN,2007,2.42206298603946
JPN,2006,2.23362413033632
JPN,2005,1.74672948868638
JPN,2004,1.55315826979317
JPN,2003,1.32840485295458
JPN,2002,1.30458455245236
JPN,2001,1.36019056115868
JPN,2000,1.23442610611071
JPN,1999,1.21560490521611
JPN,1998,1.22557988807622
JPN,1997,1.14578690926681
JPN,1996,1.07938886188533
JPN,1995,1.04924875334061
JPN,1994,0.871032646486807
JPN,1993,0.842985916120932
JPN,1992,0.849527457576956
JPN,1991,0.81026173273689
JPN,1990,0.902946554856456
JPN,1989,0.913598829688261
JPN,1988,0.891133415122531
JPN,1987,0.868590388782077
JPN,1986,0.853708868576731
JPN,1985,0.925776787761133
JOR,2024,8.49611967128758
JOR,2023,9.38432509607852
JOR,2022,11.2956928860016
JOR,2021,8.69874576135076
JOR,2020,6.5270659968103
JOR,2019,7.09697939752347
JOR,2018,7.71070807339597
JOR,2017,8.14396429922163
JOR,2016,8.81527005731854
JOR,2015,9.01353326875913
JOR,2014,8.1849601413612
JOR,2013,7.33262407510611
JOR,2012,11.1113902698849
JOR,2011,11.6963850840199
JOR,2010,8.34627088879283
JOR,2009,9.08221567014082
JOR,2008,10.5113104275044
JOR,2007,7.19113589256071
JOR,2006,12.767111640863
JOR,2005,76.8482479774029
JOR,2004,14.1003646191113
JOR,2003,16.1105492429046
JOR,2002,16.7360177189512
JOR,2001,18.9366925266791
JOR,2000,23.4279151392484
JOR,1999,25.5662900245799
JOR,1998,27.4648306921173
JOR,1997,27.5070880026579
JOR,1995,24.3164445557886
JOR,1994,25.4120619462173
JOR,1993,27.4417986355928
JOR,1992,33.9284776813728
JOR,1991,37.8603248016032
JOR,1990,38.165500191186
JOR,1989,41.9529881251969
JOR,1987,36.4941780456831
JOR,1986,43.1197771967705
JOR,1985,38.3639624454837
KAZ,2024,15.4598535578386
KAZ,2023,14.6008672804896
KAZ,2022,9.14600106668177
KAZ,2021,12.4082628140823
KAZ,2020,12.1957647364909
KAZ,2019,14.7750977836769
KAZ,2018,12.3470889684396
KAZ,2017,16.1720512068241
KAZ,2016,15.5906292955463
KAZ,2015,12.7083992552071
KAZ,2014,8.96795902235569
KAZ,2013,10.2213021546156
KAZ,2012,13.1924949381927
KAZ,2011,13.1836858542643
KAZ,2010,11.5473437580521
KAZ,2009,11.7030070174124
KAZ,2008,12.2115410251468
KAZ,2007,15.0922748301695
KAZ,2006,15.7778618856574
KAZ,2005,14.0126443093885
KAZ,2004,15.2290794239696
KAZ,2003,14.153219045929
KAZ,2002,17.7177876738248
KAZ,2001,20.2424203955837
KAZ,2000,2.20679925075601
KAZ,1999,20.7940340287217
KAZ,1998,25.9043654519138
KAZ,1997,22.8686871030394
KAZ,1996,19.7169188372026
KAZ,1995,24.1366611305836
KEN,2024,5.12139249435883
KEN,2023,5.32428005533122
KEN,2022,6.78261238103048
KEN,2021,6.38746779763161
KEN,2020,5.13265627350615
KEN,2019,4.98578217433066
KEN,2018,5.99535617568078
KEN,2017,5.36354394694724
KEN,2016,4.26489839463264
KEN,2015,4.08741066311494
KEN,2013,2.20574818456868
KEN,2010,1.9852461441657
KEN,2009,1.96524408325836
KEN,2008,3.22160944495378
KEN,2007,2.8267779266884
KEN,2006,2.45940713366363
KEN,2005,1.93568467588894
KEN,2004,5.50820095089847
KEN,2003,2.9543556082054
KEN,2002,2.17858807244344
KEN,2001,3.50360665021878
KEN,2000,3.15992851899508
KEN,1999,2.89757544017052
KEN,1998,2.64151810600166
KEN,1997,2.81478468102373
KEN,1996,2.74478502031921
KEN,1995,2.79811046161134
KEN,1994,2.60481346352303
KEN,1993,2.88021447148963
KEN,1992,2.37097082139666
KEN,1991,3.30611852483644
KEN,1990,2.90487998540358
KEN,1987,2.59721700943969
KEN,1986,2.05067504143076
KEN,1985,2.44506172307103
KIR,2021,0.602701750126473
KIR,2020,0.451514991354771
KIR,2018,0.942702357232301
KIR,2017,0.488136500343848
KIR,2016,0.974359202207304
KIR,2015,0.510515392144981
KIR,2014,0.974363608585811
KIR,2012,0.320316340758947
KIR,2009,0.0372860176955616
KIR,2008,1.12225156908775
KIR,2007,0.661359491299847
KIR,2005,1.60919926231274
KIR,1998,0.151791190158375
KIR,1997,0.00265460905311754
KIR,1995,0.114644586589446
KIR,1994,0.0
KIR,1993,0.0
KIR,1992,0.0
KIR,1991,0.0
KIR,1990,0.0
KIR,1989,0.0
KIR,1987,2.01535119986933
KOR,2024,2.40115103484146
KOR,2023,2.68899251710656
KOR,2022,2.97096696912327
KOR,2021,3.15233559798272
KOR,2020,2.61255316161782
KOR,2019,2.26381495270832
KOR,2018,2.16840811796804
KOR,2017,2.04910486031759
KOR,2016,2.06979592169607
KOR,2015,2.02339834140321
KOR,2014,2.00934289201238
KOR,2013,1.97919763468727
KOR,2012,2.10725658615463
KOR,2011,2.27200535172172
KOR,2010,2.06565902803235
KOR,2009,1.9064887741861
KOR,2008,2.21121549724015
KOR,2007,2.47335926490762
KOR,2006,2.47560427217358
KOR,2005,1.69230693236814
KOR,2004,1.6559362801057
KOR,2003,1.45942304004666
KOR,2002,1.33572532183322
KOR,2001,1.25589035245266
KOR,2000,1.23734962147702
KOR,1999,1.35658260184179
KOR,1998,1.66622373829104
KOR,1997,1.35252065176805
KOR,1996,0.90340513544394
KOR,1995,1.01210039332816
KOR,1994,0.956557822813576
KOR,1993,0.763835071580404
KOR,1992,0.831291256168538
KOR,1991,0.706813847804872
KOR,1990,0.833591523222604
KOR,1989,1.06046328325605
KOR,1988,0.8629253384607
KOR,1987,0.73503730891832
KOR,1986,0.659321459216801
KOR,1985,0.683968327476395
KWT,2024,0.129047853313013
KWT,2023,0.137319652411819
KWT,2022,0.0733627337730976
KWT,2021,0.162222705074137
KWT,2020,0.189371199096136
KWT,2019,0.144591531581481
KWT,2018,0.166819303869064
KWT,2017,0.160652911913752
KWT,2016,0.185593259346522
KWT,2015,0.161552848461689
KWT,2014,0.155491386100118
KWT,2013,0.15535925893358
KWT,2011,0.178163576211141
KWT,2010,0.236538127835728
KWT,2009,0.222934071000115
KWT,2008,0.133162279913271
KWT,2007,0.204697302958067
KWT,2006,0.185916868050557
KWT,2004,0.116351416305104
KWT,2003,0.167306428093533
KWT,2002,0.146239801825248
KWT,2001,0.10748993674385
KWT,2000,0.100087774218472
KWT,1999,0.284068533120542
KWT,1998,0.345006218017442
KWT,1997,0.240719207872346
KWT,1996,0.22261562840749
KWT,1995,0.288465968763085
KWT,1994,0.346610614485439
KWT,1993,0.320829668307975
KWT,1992,0.257538621938695
KWT,1991,0.268447621626474
KWT,1990,0.155192737378228
KWT,1989,1.76887511983794
KWT,1988,1.98182369248353
KWT,1987,2.53793256731068
KWT,1986,2.04840210724085
KGZ,2025,18.6199016432669
KGZ,2024,9.15208447252274
KGZ,2023,10.0562615076351
KGZ,2022,11.6674586086112
KGZ,2021,12.6261137766156
KGZ,2020,10.2386431417202
KGZ,2019,13.9136412048231
KGZ,2018,15.4276468814993
KGZ,2017,12.3309597631682
KGZ,2016,6.63813457325965
KGZ,2015,3.15939770942659
KGZ,2014,4.01043456712793
KGZ,2013,2.79732339723069
KGZ,2012,6.06023395382128
KGZ,2011,3.09382338750327
KGZ,2010,2.06134394189887
KGZ,2009,1.62765199628751
KGZ,2008,2.91474833895845
KGZ,2007,3.5670540289719
KGZ,2006,3.9013475501861
KGZ,2005,4.01191709879507
KGZ,2004,4.38744236626253
KGZ,2003,3.10243524678608
KGZ,2002,3.99363816893904
KGZ,2001,3.17010904135635
KGZ,2000,6.85384492657275
KGZ,1999,5.79819062341729
KGZ,1998,3.34380879649995
KGZ,1996,6.19316249863845
KGZ,1995,11.651980354978
LAO,2023,20.1790222280288
LAO,2022,16.1081894779321
LAO,2021,12.0566454155105
LAO,2020,15.7371132898682
LAO,2019,22.4776810760171
LAO,2018,26.3496762535103
LAO,2017,24.5288042004796
LAO,2016,36.9265235809299
LAO,2015,40.3151982457758
LAO,2014,46.8833424966076
LAO,2013,57.2548464474494
LAO,2012,56.4399674429617
LAO,2011,62.5003690223523
LAO,2010,50.2168628992353
LVA,2025,1.64692308335735
LVA,2024,1.78688571916691
LVA,2023,1.78596783445736
LVA,2022,1.89303068075529
LVA,2021,2.59066285295254
LVA,2020,1.75418689739946
LVA,2019,1.77168747370953
LVA,2018,2.24600909807457
LVA,2017,2.0850315423882
LVA,2016,1.7324035353265
LVA,2015,2.21080177918085
LVA,2014,2.83228555629035
LVA,2013,3.17966387249577
LVA,2012,3.57382626439348
LVA,2011,4.5552170741267
LVA,2010,3.73214791947913
LVA,2009,2.78955575667289
LVA,2008,4.18138197861875
LVA,2007,3.50414380735867
LVA,2006,3.97173874478011
LVA,2005,3.52246380055115
LVA,2004,3.24040197402701
LVA,2003,3.95101708379676
LVA,2002,5.60555696488159
LVA,2001,5.31285377079389
LVA,2000,6.03291011460911
LVA,1999,4.15960840031026
LVA,1998,2.62112734839716
LVA,1997,2.14568575355084
LVA,1996,0.940917484443665
LVA,1995,0.937321931933965
LVA,1994,0.587351188099303
LBN,2024,9.34050438527481
LBN,2023,8.60379953605471
LBN,2022,11.0482493293111
LBN,2021,10.4101088610053
LBN,2020,6.98125587350249
LBN,2019,6.12915291617678
LBN,2018,8.79160657959927
LBN,2017,9.531113389086
LBN,2016,6.14197008535402
LBN,2015,7.6287112013812
LBN,2014,8.30753174435821
LBN,2013,10.8313325383782
LBN,2012,8.28040319401358
LBN,2011,9.91304966732045
LBN,2010,8.61330220292034
LBN,2009,5.75747151447646
LBN,2008,11.0920416531535
LBN,2007,14.0018864556331
LBN,2006,10.7073982921193
LBN,2005,11.3261589994321
LBN,2004,10.4295979786321
LBN,2003,7.41199982338085
LBN,2002,5.6852442083825
LBN,2001,5.21408996655369
LBN,2000,6.90403389518945
LBN,1999,8.89431174313046
LBN,1998,7.80729286949929
LBN,1997,8.09820389868012
LSO,2024,1.45669819893022
LSO,2023,0.178601333491684
LSO,2022,0.19064142421531
LSO,2021,0.192321778563757
LSO,2020,0.179631190163663
LSO,2019,0.223234842534879
LSO,2018,1.23558386743794
LSO,2017,0.329155539469625
LSO,2016,0.257535354573301
LSO,2015,31.4254236706505
LSO,2014,46.9397510539114
LSO,2013,4.11336141524726
LSO,2012,0.176395233303756
LSO,2011,0.192080755656678
LSO,2010,0.442932312242704
LSO,2009,0.104317436196333
LSO,2008,0.255444865389448
LSO,2007,0.483044966560215
LSO,2004,0.0475347806597082
LSO,2003,0.0974033934785549
LSO,2002,0.0657612002029595
LSO,2001,0.0525032217130086
LSO,2000,0.0070200611059745
LBR,2023,0.060568928284225
LBR,2022,0.655892560057936
LBR,2021,0.158186306044195
LBR,2020,43.2333831498581
LBR,2019,29.3580325518457
LBR,2018,9.40313760246578
LBR,2017,22.2746134221442
LBY,2019,0.710524366427344
LBY,2018,0.664788411642842
LBY,2017,1.25265817119731
LBY,2016,1.25265817119731
LBY,2010,0.000391595444128488
LBY,2009,0.000157557103320555
LBY,2008,0.00717185363701543
LBY,2007,0.00719080698552263
LBY,1987,0.0012397822594465
LBY,1986,0.000720631254357895
LTU,2025,1.83506115336091
LTU,2024,1.85501572595526
LTU,2023,1.79129603184735
LTU,2022,2.10566830666842
LTU,2021,2.94343073725516
LTU,2020,2.18434852775421
LTU,2019,1.89532194590274
LTU,2018,1.89636990440123
LTU,2017,1.70950127378266
LTU,2016,1.26489658252207
LTU,2015,1.29746135292864
LTU,2014,1.35881273697137
LTU,2013,1.344888559106
LTU,2012,1.50992417836651
LTU,2011,1.77618677176912
LTU,2010,1.43948232775385
LTU,2009,1.07189998735884
LTU,2008,1.73357011313373
LTU,2007,2.04846144785701
LTU,2006,1.70876014224856
LTU,2005,1.49856400555868
LTU,2004,1.89642449160213
LTU,2003,1.57872741824083
LTU,2002,1.84617028631996
LTU,2001,1.80172877949119
LTU,2000,2.07666716802062
LTU,1999,1.56250012432051
LTU,1998,1.7536470544762
LTU,1997,2.04841743639048
LTU,1996,2.48981389654354
LTU,1995,4.98418977066926
LTU,1994,2.45533594652168
LTU,1992,0.831509324670749
LUX,2024,4.29982018624819
LUX,2023,4.33708298279887
LUX,2022,5.3449508908293
LUX,2021,5.01803676746935
LUX,2020,4.41434886286635
LUX,2019,4.47027456687779
LUX,2018,4.59205275755081
LUX,2017,5.01406241825481
LUX,2016,4.25377629362931
LUX,2015,4.80090229210457
LUX,2014,4.72256737546925
LUX,2013,4.94103541308824
LUX,2012,5.29168706624439
LUX,2011,5.41454927226148
LUX,2010,5.54609346818979
LUX,2009,4.87700606297509
LUX,2008,6.14523127870348
LUX,2007,6.76715018214194
LUX,2006,6.98490411811247
LUX,2005,5.73763427230509
LUX,2004,4.96726016697274
LUX,2003,4.48418168653265
LUX,2002,4.63525235552184
LUX,2001,4.68513413142653
LUX,2000,5.01022808487638
LUX,1999,4.52972435769944
MAC,2024,32.8331615369533
MAC,2023,19.8622104081638
MAC,2022,21.6225375889091
MAC,2021,24.0730271281974
MAC,2020,17.9232048667689
MAC,2019,19.277132468758
MAC,2018,22.6052016974852
MAC,2017,18.3860611104044
MAC,2016,1.04409684118757
MAC,2015,2.11555351510338
MAC,2014,10.4037261799776
MAC,2013,0.0
MAC,2012,0.0
MAC,2011,0.0
MAC,2010,0.0
MAC,2009,0.0
MAC,2008,0.0
MAC,2007,0.0
MAC,2006,2.65374780351676
MAC,2005,2.06201141324786
MAC,2004,1.13780725729118
MAC,2003,0.310894097207751
MAC,2002,0.00565120557847524
MAC,2001,0.00781264449236931
MAC,2000,0.0125760076872345
MAC,1999,0.0286386227115061
MAC,1998,0.0130582188255307
MAC,1997,0.175913740226429
MAC,1996,0.0578531838736193
MAC,1995,0.0402304878944229
MAC,1994,0.0481759059772123
MAC,1993,0.16688654057991
MAC,1992,0.113551656226215
MAC,1991,0.0544010179390158
MAC,1990,0.0581562514149432
MAC,1989,0.121715911670193
MAC,1987,0.065573565979019
MAC,1986,0.109938701985172
MAC,1985,0.152416518810933
MDG,2024,32.8646357716195
MDG,2023,39.3062064198727
MDG,2022,38.6910739823686
MDG,2021,31.3612347027315
MDG,2020,17.5126752610862
MDG,2019,27.0785964227918
MDG,2018,25.0397521272223
MDG,2017,23.3050125115698
MDG,2016,24.9275155512368
MDG,2015,33.9889516567676
MDG,2014,35.8201508250248
MDG,2013,29.9469137490599
MDG,2012,19.1029482349438
MDG,2011,9.62871472992812
MDG,2010,8.407930499621
MDG,2009,2.82139609258415
MDG,2008,2.99429861711979
MDG,2007,3.31374246344962
MDG,2006,3.60694833869441
MDG,2005,3.93978695499798
MDG,2004,2.49119521107705
MDG,2003,1.41185429792336
MDG,2002,1.37329736562457
MDG,2001,1.26899268046265
MDG,2000,2.06915158080291
MDG,1999,3.77571952104967
MDG,1998,7.15117332807817
MDG,1997,6.64061667433
MDG,1996,15.5273823514809
MDG,1995,6.93449963540219
MDG,1994,3.58948734041786
MDG,1993,6.20825843344014
MDG,1992,6.50990139587768
MDG,1991,7.03839305562959
MDG,1990,7.66290437862956
MDG,1985,5.34807001299451
MWI,2024,0.849897159593092
MWI,2023,1.20089218272746
MWI,2022,1.27210127418756
MWI,2021,1.01525000176507
MWI,2020,0.553708230618883
MWI,2019,0.352027471896745
MWI,2018,0.520621161876729
MWI,2017,0.229142663268431
MWI,2016,1.03700262392103
MWI,2015,0.177886221046924
MWI,2014,3.01877107061923
MWI,2013,11.3740204477911
MWI,2012,10.9638195846174
MWI,2011,8.81717154535936
MWI,2010,9.78759288872105
MWI,2009,0.787664435165699
MWI,2008,0.0211694043715299
MWI,2007,0.0158415905432311
MWI,2006,0.103519814903851
MWI,2005,0.195519483895518
MWI,2004,0.321710246678735
MWI,2003,0.103044705457276
MWI,2002,0.269744707847486
MWI,2001,0.242545939230887
MWI,2000,0.216157815910987
MWI,1999,0.0529231106898835
MWI,1998,0.029125873106814
MWI,1997,0.13053670879051
MWI,1996,0.0626081690272316
MWI,1995,0.126760791134715
MWI,1994,0.196309510528951
MWI,1991,0.0223716090941029
MWI,1990,0.030359179246537
MWI,1987,0.0255866643771912
MWI,1986,0.0423831966027664
MWI,1985,0.00467254032357482
MYS,2025,3.78593904372909
MYS,2024,3.6968299912749
MYS,2023,3.79046184791075
MYS,2022,3.94576691783134
MYS,2021,4.71802600814694
MYS,2020,3.50293974590154
MYS,2019,3.86055942973732
MYS,2018,4.26651904642306
MYS,2017,3.94778108538485
MYS,2016,3.8542428518838
MYS,2015,3.92523548375553
MYS,2014,2.8776981536232
MYS,2013,3.29270010178921
MYS,2012,2.32139853223928
MYS,2011,2.47740028216928
MYS,2010,1.95008385089786
MYS,2009,1.53300434287036
MYS,2008,1.78781000240496
MYS,2007,1.58482886498104
MYS,2006,1.33413613927732
MYS,2005,1.12341466163758
MYS,2004,1.10960259462128
MYS,2003,0.87114324922253
MYS,2002,0.934102942850581
MYS,2001,1.02358956472504
MYS,2000,1.03989617981973
MYS,1999,1.1509148696633
MYS,1998,1.19655036074314
MYS,1997,1.20948827302944
MYS,1996,1.22259310061571
MYS,1995,1.34620998334869
MYS,1994,1.26943051353493
MYS,1993,1.23658119104857
MYS,1992,1.53543154473017
MYS,1991,1.53283715931142
MYS,1990,2.07630453965873
MYS,1989,3.00117033279223
MYS,1988,2.99463700600567
MYS,1987,3.05532957078934
MYS,1986,2.9682204213866
MYS,1985,5.31829412448798
MDV,2024,4.28673601995497
MDV,2023,3.07190390093365
MDV,2022,3.72371466010848
MDV,2021,4.14323926353735
MDV,2020,2.13595952883617
MDV,2019,2.12940975313823
MDV,2018,1.4349776544841
MDV,2017,1.32164504382369
MDV,2016,1.09072108953478
MDV,2015,2.03404186677901
MDV,2014,2.02877491193347
MDV,2013,1.52378449038064
MDV,2012,1.70076183820882
MDV,2011,2.83649657745698
MDV,2010,3.77091092852297
MDV,2009,2.26226896637579
MDV,2008,1.55282376608304
MDV,2007,1.97342939951438
MDV,2006,0.986242901979943
MDV,2005,1.0353240813359
MDV,2004,0.438255966467697
MDV,2003,0.29104663725494
MDV,2002,0.103885651496678
MDV,2001,0.247547242873472
MDV,2000,0.138292431987902
MDV,1999,0.178070120078412
MDV,1998,0.0961638653813622
MDV,1997,0.12505168472551
MDV,1996,0.194037972167426
MDV,1995,0.193830341829373
MLI,2023,0.734126231592023
MLI,2022,0.465542416344314
MLI,2021,0.735906326423798
MLI,2020,0.273248645586813
MLI,2019,0.15758018951255
MLI,2018,0.190304416010658
MLI,2017,0.355270255929781
MLI,2016,0.13851630766098
MLI,2012,1.01744530332626
MLI,2011,0.756622607919208
MLI,2010,0.121403497186661
MLI,2008,0.195917061532098
MLI,2007,0.19335825731546
MLI,2006,0.044677138936644
MLI,2005,0.0401062590165369
MLI,2004,0.0545558717550678
MLI,2003,0.0325521722557949
MLI,2002,0.0251505306969446
MLI,2001,0.0360330895001694
MLI,2000,0.121020350022568
MLI,1999,0.0223648173887448
MLI,1998,0.0304362853059319
MLI,1997,0.0217452714237062
MLI,1996,0.0256903235741376
MLI,1987,0.111344059357294
MLT,2024,0.677896282605602
MLT,2023,0.79359587623627
MLT,2022,1.17818066286719
MLT,2021,0.838589400866917
MLT,2020,0.350022332274339
MLT,2019,0.200423414426542
MLT,2018,0.318104826522463
MLT,2017,0.244516225241973
MLT,2016,0.243055106955339
MLT,2015,0.340715419409411
MLT,2014,0.309689181938792
MLT,2013,0.302521482475789
MLT,2012,0.374505775644427
MLT,2011,0.434535962441697
MLT,2010,0.477892592123463
MLT,2009,0.515916800611779
MLT,2008,0.513446403588841
MLT,2007,0.488217525161742
MLT,2006,0.382928925211947
MLT,2005,0.294107978510011
MLT,2004,0.327695056521099
MLT,2003,0.270556652480089
MLT,2002,0.265965988689458
MLT,2001,0.300085671674313
MLT,2000,0.35884992839498
MLT,1999,0.473520491691452
MLT,1998,0.590699101188238
MLT,1997,0.567105613907988
MLT,1996,0.360591296875578
MLT,1995,0.448771838864433
MLT,1994,0.454906189132725
MLT,1993,0.498908905838113
MLT,1992,0.511189326328478
MLT,1991,0.881598640385076
MLT,1990,1.47796587972342
MLT,1987,1.52882509756241
MLT,1986,0.632502202090906
MLT,1985,0.538645615670405
MRT,2024,33.7483319050619
MRT,2023,38.0527188819004
MRT,2022,39.470645411406
MRT,2021,62.9785687040529
MRT,2020,42.4009407093743
MRT,2019,48.4936351346802
MRT,2018,35.9743053189711
MRT,2017,41.0389802400417
MRT,2016,42.4373225770653
MRT,2015,40.9750242282128
MRT,2014,50.5502707437565
MRT,2013,64.2633912019786
MRT,2012,51.2249230139277
MRT,2011,7.61434261921362
MRT,2010,35.3547808620966
MRT,2009,11.3512173171589
MRT,2008,55.4904530517892
MRT,2007,53.8583464092032
MRT,2005,68.5813777817114
MRT,2004,59.8267494727192
MRT,2003,57.9052255149375
MRT,2002,61.9119267419632
MRT,2001,58.9401317812245
MRT,2000,45.7235524326876
MUS,2024,2.28264807314074
MUS,2023,2.71357901381266
MUS,2022,3.71676048721141
MUS,2021,3.60745133316616
MUS,2020,2.1325117880145
MUS,2019,1.02397400870357
MUS,2018,0.665568678139165
MUS,2017,0.373356537430083
MUS,2016,0.324032041173332
MUS,2015,0.444337519393904
MUS,2014,0.598448366342473
MUS,2013,0.655070066127879
MUS,2012,0.866348554664539
MUS,2011,0.725063019175926
MUS,2010,0.355998519905526
MUS,2009,0.651406016254335
MUS,2008,0.849435362047844
MUS,2007,0.727020678284967
MUS,2006,0.781936099464793
MUS,2005,0.462901773398235
MUS,2004,0.362424391879673
MUS,2003,0.215656475142303
MUS,2002,0.215656410297194
MUS,2001,0.206718357696323
MUS,2000,0.232152432391393
MUS,1999,0.435929338904893
MUS,1998,0.422164051612987
MUS,1997,0.449677447404764
MUS,1996,0.209413982505528
MUS,1995,0.188291286568836
MUS,1994,0.148838271664607
MUS,1993,0.098597766459817
MUS,1992,0.0619448505013957
MUS,1991,0.0929497473435754
MUS,1990,0.213152214471625
MUS,1989,0.139238408560808
MUS,1988,0.278117853971041
MEX,2025,2.35532371656973
MEX,2024,2.07437256506146
MEX,2023,2.05900174904773
MEX,2022,2.12395342069418
MEX,2021,2.49514955203276
MEX,2020,2.85135208518446
MEX,2019,2.22337036962658
MEX,2018,2.31464690168355
MEX,2017,2.23108008587638
MEX,2016,2.16352470294929
MEX,2015,1.99392018198418
MEX,2014,2.28162965878083
MEX,2013,3.04389770048601
MEX,2012,3.71577528064262
MEX,2011,3.89167761244504
MEX,2010,2.92419977770177
MEX,2009,2.48075392025362
MEX,2008,2.6338838036573
MEX,2007,2.73047590101559
MEX,2006,2.37000075410409
MEX,2005,1.82472689148914
MEX,2004,1.63807528761798
MEX,2003,1.2113452610816
MEX,2002,1.15409992527956
MEX,2001,1.25388131337708
MEX,2000,1.33083303993083
MEX,1999,1.45461516317471
MEX,1998,1.7518657816927
MEX,1997,1.88300711665126
MEX,1996,2.02662481554096
MEX,1995,2.87546156701292
MEX,1994,2.34053877470508
MEX,1993,2.53530907057677
MEX,1992,2.83136104592302
MEX,1991,4.7585060648645
MEX,1990,5.66775706205554
MEX,1989,6.80249364676691
MEX,1987,5.79292417160557
MEX,1986,5.1312077621222
MEX,1985,3.84921639536098
FSM,2013,0.0500191137746941
FSM,2012,0.0174361883631739
FSM,2011,0.0403610067217837
FSM,2010,0.0461107059779969
FSM,2009,0.0699183579798093
FSM,2008,0.0745408223063434
FSM,2007,0.104159203045898
FSM,2006,0.0994806183713445
FSM,2005,0.00610731233203447
FSM,2004,0.00881978809084367
FSM,2003,0.00933739176658454
FSM,2002,0.0865723285421946
MDA,2024,2.30971292114317
MDA,2023,1.90626156763818
MDA,2022,2.49722737438562
MDA,2021,3.80559688805376
MDA,2020,1.75455207746927
MDA,2019,1.16483916128771
MDA,2018,1.35269523704838
MDA,2017,1.42442037974781
MDA,2016,1.26264239762192
MDA,2015,1.72711456511776
MDA,2014,2.31089245704511
MDA,2013,4.10880002281716
MDA,2012,3.34348156038613
MDA,2011,5.95287591100589
MDA,2010,4.08749205259118
MDA,2009,2.08751047533606
MDA,2008,8.0099261849396
MDA,2007,8.85054915139805
MDA,2006,4.98885136775403
MDA,2005,3.01805200925169
MDA,2004,2.33510790735056
MDA,2003,2.80388501473551
MDA,2002,2.24992159753649
MDA,2001,1.24402175376059
MDA,2000,1.45654637215288
MDA,1999,2.66391847395795
MDA,1998,0.684069201730758
MDA,1997,0.818110124016639
MDA,1996,0.658998505075369
MDA,1995,2.97331189947997
MDA,1994,1.19621733913029
MNG,2023,26.2663019687269
MNG,2022,30.9025030911564
MNG,2021,49.359351617341
MNG,2020,40.085425006193
MNG,2019,38.882707655427
MNG,2018,42.0160927024391
MNG,2017,38.5693760214141
MNG,2016,45.8214514736479
MNG,2015,61.0710138062835
MNG,2014,57.8127429502267
MNG,2013,43.6262686220198
MNG,2007,61.1985671211292
MNG,2006,54.7060161699379
MNG,2005,39.8484073517289
MNG,2004,39.8719187634697
MNG,2003,33.2836542198608
MNG,2002,35.968627173726
MNG,2001,33.9628085015687
MNG,2000,35.5540123396456
MNG,1999,42.2243978442453
MNG,1998,47.5592239630309
MNG,1997,59.6657409885764
MNG,1996,59.8910685651447
MNE,2024,16.4157801794885
MNE,2023,16.4553023665982
MNE,2022,30.7491925119269
MNE,2021,32.6450902392881
MNE,2020,29.1019535342757
MNE,2019,27.9162126056811
MNE,2018,31.2139381270913
MNE,2017,37.7613784966757
MNE,2016,31.9442552043276
MNE,2015,31.3732474514126
MNE,2014,31.9676096020072
MNE,2013,30.8965152222355
MNE,2012,44.1278838060498
MNE,2011,52.9193977737204
MNE,2010,49.9867649311587
MNE,2009,52.2114432308468
MNE,2008,62.1106195693911
MNE,2007,68.3021237581418
MNE,2006,67.5652170808233
MAR,2024,3.15160489702946
MAR,2023,4.40788917871175
MAR,2022,5.85006591806819
MAR,2021,5.89803620420549
MAR,2020,5.49442002494985
MAR,2019,5.43234682174159
MAR,2018,6.17363219492484
MAR,2017,7.03658640570464
MAR,2016,6.41215376931413
MAR,2015,8.16155226057383
MAR,2014,7.83879227001786
MAR,2013,9.08869186543583
MAR,2012,12.0817038190653
MAR,2011,13.1676881924562
MAR,2010,11.5598510305131
MAR,2009,8.36651286024193
MAR,2008,15.4520646395586
MAR,2007,10.2574168739394
MAR,2006,9.30186827180076
MAR,2005,8.73465911920544
MAR,2004,8.19270869376801
MAR,2003,7.06029662997887
MAR,2002,8.16544858736886
MAR,2001,8.46860474068497
MAR,2000,8.74849637252077
MAR,1999,9.28111840313959
MAR,1998,10.2636585973684
MAR,1997,15.0814548404807
MAR,1996,12.6588480938418
MAR,1995,11.5457550335771
MAR,1994,12.5724692692442
MAR,1993,11.4363246361764
MAR,1987,17.8728151304133
MAR,1986,21.2921773057607
MAR,1985,27.734917342143
MOZ,2024,23.2777710502032
MOZ,2023,23.2868932752681
MOZ,2022,30.4675661590987
MOZ,2021,34.7879108669746
MOZ,2020,34.9241235099286
MOZ,2019,30.5783345210747
MOZ,2018,27.2619529507557
MOZ,2017,30.2596151140669
MOZ,2016,32.537015600755
MOZ,2015,38.1666974909423
MOZ,2014,34.424834860925
MOZ,2013,31.0274419767266
MOZ,2012,38.9540091086089
MOZ,2011,50.6164892492421
MOZ,2010,54.4350322992141
MOZ,2009,3.89577007455685
MOZ,2008,57.1767016900715
MOZ,2007,63.9600174907897
MOZ,2006,59.89562468604
MOZ,2005,59.4119247777805
MOZ,2004,61.5258863677345
MOZ,2003,54.8763997123292
MOZ,2002,45.0710523770754
MOZ,2001,54.8850522217756
MOZ,2000,17.3045831707706
MOZ,1999,1.65775920871146
MOZ,1997,2.26262997971364
MOZ,1996,3.95868810403167
MOZ,1995,2.30012335408359
MOZ,1994,1.76183245211219
MMR,2024,2.43179309201462
MMR,2023,1.40135875616036
MMR,2022,1.2515222317234
MMR,2021,3.10175654811143
MMR,2020,6.3905243432933
MMR,2019,5.16875976838706
MMR,2018,5.56324179550988
MMR,2017,4.0196903922581
MMR,2016,2.53534311966461
MMR,2015,2.24793834601003
MMR,2014,1.72778717166188
MMR,2013,1.13070721638158
MMR,2012,1.24709767158348
MMR,2011,0.772259417745363
MMR,2010,0.714114529020115
MMR,1992,1.06275326226287
NAM,2024,32.2873344750115
NAM,2023,24.9383252013053
NAM,2022,26.518437687903
NAM,2021,27.4732735217223
NAM,2020,31.1750030209145
NAM,2019,32.4864115651513
NAM,2018,28.2843145094375
NAM,2017,19.8156734654732
NAM,2016,20.6938330168728
NAM,2015,26.2402867219328
NAM,2014,24.4448866918562
NAM,2013,27.0692376564231
NAM,2012,28.5258009515605
NAM,2011,27.0724156333109
NAM,2010,27.2440537959122
NAM,2009,26.3993027720677
NAM,2008,30.9247117272254
NAM,2007,34.5158930034676
NAM,2006,25.6759432318379
NAM,2005,14.5929364315082
NAM,2004,19.466650862059
NAM,2003,7.20776304354371
NAM,2002,10.6573429449743
NAM,2001,9.22183315752496
NAM,2000,10.8735905396762
NPL,2022,1.44460468329415
NPL,2021,0.96321770268593
NPL,2020,0.895210140513274
NPL,2019,1.5495550282837
NPL,2018,2.34037873822339
NPL,2017,1.74772512234926
NPL,2016,1.57482692787798
NPL,2015,2.00684420671161
NPL,2014,3.8595362414148
NPL,2013,3.21910941485056
NPL,2012,4.12327922492228
NPL,2011,4.28805048306195
NPL,2010,3.96000669177798
NPL,2009,5.46515419094088
NPL,2003,4.29431059801483
NPL,2000,0.234551367937404
NPL,1999,1.50653928545576
NPL,1998,0.140452888199784
NPL,1994,0.182672321702601
NPL,1986,0.244571810815092
NPL,1985,0.187912342772654
NLD,2024,2.34432343327845
NLD,2023,2.38352350050341
NLD,2022,2.62242932433025
NLD,2021,2.81345984335787
NLD,2020,2.20823001994933
NLD,2019,2.33062444278619
NLD,2018,2.47908378428291
NLD,2017,2.39672769835099
NLD,2016,2.27817186258673
NLD,2015,2.46167603215343
NLD,2014,2.48091417395346
NLD,2013,2.28351003564609
NLD,2012,2.55236345901496
NLD,2011,2.83195484176319
NLD,2010,2.3695600729325
NLD,2009,1.90001527292617
NLD,2008,2.34974708894427
NLD,2007,2.92189856920429
NLD,2006,2.86762998131529
NLD,2005,2.25393522835657
NLD,2004,2.21740941107599
NLD,2003,1.98321794163608
NLD,2002,1.72917054238921
NLD,2001,1.66429117852894
NLD,2000,1.87380433671056
NLD,1999,2.18774891690982
NLD,1998,2.37997893888575
NLD,1997,2.35442028729867
NLD,1996,2.32034127047532
NLD,1995,2.73827060472566
NLD,1994,2.44335732015629
NLD,1993,2.53058546770168
NLD,1992,2.3530543684382
NLD,1991,2.50307310195976
NLD,1990,2.78168506342678
NLD,1989,3.41182480799543
NLD,1988,3.14572816331507
NLD,1987,2.66156791005008
NLD,1986,2.63367307004108
NLD,1985,2.78038174428032
NCL,2015,37.7519607832418
NCL,2014,32.1609542193376
NCL,2013,39.0209778509536
NCL,2012,35.0286470528162
NCL,2011,35.0389377394198
NCL,2010,40.5339269449874
NCL,2009,16.765402455695
NCL,2008,45.891599590392
NCL,2007,38.6088457472696
NCL,2006,35.3409467820001
NCL,2005,27.6457095821681
NCL,2004,30.2459246145513
NCL,2003,24.6814049197605
NCL,2002,22.6116024589446
NCL,2001,30.2513812431498
NCL,2000,34.3661760797379
NCL,1999,32.0088969748731
NZL,2025,3.24759379421406
NZL,2024,3.30880641293208
NZL,2023,3.2657826564058
NZL,2022,3.17983764822286
NZL,2021,3.23397796677983
NZL,2020,2.46221492728178
NZL,2019,2.68523234719206
NZL,2018,3.0180641997771
NZL,2017,3.0287743551194
NZL,2016,3.14488195666464
NZL,2015,3.13507882686078
NZL,2014,3.04246436425911
NZL,2013,3.26836249350515
NZL,2012,3.55947089616401
NZL,2011,3.96696454417491
NZL,2010,4.1672433557808
NZL,2009,3.32761532379507
NZL,2008,4.45123051001771
NZL,2007,5.25124018277207
NZL,2006,5.38990879263595
NZL,2005,4.3204880053099
NZL,2004,3.99377919212926
NZL,2003,3.79453628959584
NZL,2002,4.1279493752451
NZL,2001,4.31065676542434
NZL,2000,4.88864061785333
NZL,1999,4.61720272163998
NZL,1998,4.89666984903468
NZL,1997,4.74513750915171
NZL,1996,4.33670490480357
NZL,1995,4.97525228560581
NZL,1994,4.30918395410631
NZL,1993,4.24559979225632
NZL,1992,4.55787650001726
NZL,1991,5.09685455026799
NZL,1990,5.64768934438865
NZL,1989,6.46281478797239
NZL,1988,6.35921253889769
NZL,1987,5.46718040040876
NZL,1986,4.97982716605437
NZL,1985,5.34326582440588
NIC,2024,1.12278358190894
NIC,2023,0.934234123515587
NIC,2022,0.862075378592764
NIC,2021,1.1082286483178
NIC,2020,0.766253218196019
NIC,2019,0.697279499253811
NIC,2018,0.948880495617114
NIC,2017,0.730802106374299
NIC,2016,0.734210848308071
NIC,2015,0.77721391549123
NIC,2014,0.811310553411476
NIC,2013,0.869107131459725
NIC,2012,0.882055499437503
NIC,2011,1.73255084269771
NIC,2010,1.75670058622749
NIC,2009,1.18197532820163
NIC,2008,1.23420751891551
NIC,2007,2.18604355854271
NIC,2006,2.06013627773525
NIC,2005,0.999479447891217
NIC,2004,0.883286074457994
NIC,2003,0.65376741232376
NIC,2002,0.551183282742895
NIC,2001,0.466635562626908
NIC,2000,0.364759811641619
NIC,1999,0.405017458719205
NIC,1998,0.527418263011501
NIC,1997,1.06190481899556
NIC,1996,0.850383621253763
NIC,1995,0.842658169166074
NIC,1994,0.797000884607161
NIC,1993,5.262085890543
NIC,1986,0.180425302292725
NIC,1985,0.680391310482934
NER,2024,0.0225744207288111
NER,2023,43.9810702361495
NER,2022,32.2263338332376
NER,2021,25.9041815242586
NER,2020,36.0483403516329
NER,2019,31.695630837349
NER,2018,23.3315968860907
NER,2017,33.6473206443165
NER,2016,45.1943907569733
NER,2015,50.9043365371471
NER,2014,45.9055426510308
NER,2013,49.345601083404
NER,2012,0.0709574206197524
NER,2011,68.904579045996
NER,2010,50.3002984500295
NER,2009,55.5650183630841
NER,2008,43.11064435735
NER,2007,47.9146894604503
NER,2006,32.9194044453079
NER,2005,31.3150221527887
NER,2004,33.9798709322618
NER,2003,50.2575182155316
NER,2002,45.4245387152518
NER,2001,41.1624956488516
NER,2000,40.6733327252818
NER,1999,59.2473284577088
NER,1998,67.2616437235008
NER,1997,70.4584006787021
NER,1996,64.2194446984041
NER,1995,79.9568883452521
NGA,2024,1.22423135300286
NGA,2023,1.17584162239168
NGA,2022,1.01390050979922
NGA,2021,0.896061886697277
NGA,2020,0.301988963774128
NGA,2019,0.300890835359539
NGA,2018,0.309226565700945
NGA,2017,0.137564074740535
NGA,2016,0.171031713155767
NGA,2015,0.336962635009992
NGA,2014,0.369046050502819
NGA,2013,0.628497950155988
NGA,2012,0.43351869808324
NGA,2011,0.316956342414508
NGA,2010,1.08132645763685
NGA,2009,0.198132507701918
NGA,2008,0.331171706573541
NGA,2007,0.404775616248185
NGA,2006,0.00574614302506904
NGA,2003,0.00284400377525826
NGA,2002,0.0285256210881831
NGA,2001,0.0127645956911564
NGA,2000,0.00870537097689142
NGA,1999,0.0026758514171316
NGA,1998,0.00455359705455378
NGA,1997,0.0146418597282077
NGA,1996,0.0134463571333213
NGA,1987,0.0673921655566013
NGA,1986,0.0279072776679254
NGA,1985,0.0496994310017649
MKD,2024,4.69084691478699
MKD,2023,3.99367795124718
MKD,2022,4.62489506666878
MKD,2021,5.15801329013125
MKD,2020,4.46183356922234
MKD,2019,4.80139295051173
MKD,2018,5.11231941639777
MKD,2017,5.32347724684427
MKD,2016,3.85954518179231
MKD,2015,4.59806222249091
MKD,2014,5.11846217600112
MKD,2013,6.27022767607195
MKD,2012,6.23227824787938
MKD,2011,5.90499182810197
MKD,2010,7.38164592345343
MKD,2009,6.10919773664511
MKD,2008,6.4364821701674
MKD,2007,4.559949390431
MKD,2006,4.25909536308086
MKD,2005,3.02525615728899
MKD,2004,2.21075293876976
MKD,2003,4.67499102445679
MKD,2002,7.4574831438003
MKD,2001,8.34823565690142
MKD,2000,8.81660699540084
MKD,1999,8.71823198110593
MKD,1998,8.67230926463614
MKD,1997,10.2412157143296
MKD,1996,9.52490718372299
MKD,1995,17.7163109954453
MKD,1994,19.0383683632757
NOR,2025,5.40227874514336
NOR,2024,5.22612607802498
NOR,2023,5.18768066986379
NOR,2022,4.01517083066805
NOR,2021,5.60665182188866
NOR,2020,8.19836589342756
NOR,2019,6.69954220330805
NOR,2018,6.18246132107391
NOR,2017,6.54067659978779
NOR,2016,6.23890729160383
NOR,2015,6.07882831005954
NOR,2014,5.32706000780678
NOR,2013,4.75795522817943
NOR,2012,5.15669141196318
NOR,2011,5.9434314323853
NOR,2010,6.32366583035729
NOR,2009,5.13787441249515
NOR,2008,5.55182990833102
NOR,2007,8.32264604171929
NOR,2006,7.13924598873227
NOR,2005,6.00833281346051
NOR,2004,6.92259885660009
NOR,2003,6.64523026280214
NOR,2002,6.08305758284393
NOR,2001,5.99753056563106
NOR,2000,6.07442251293033
NOR,1999,7.21312565291376
NOR,1998,8.58571141523668
NOR,1997,7.11667606316336
NOR,1996,7.01733569237347
NOR,1995,8.72327575113282
NOR,1994,8.34335176665381
NOR,1993,7.36144731812011
NOR,1992,8.092981370102
NOR,1991,8.85639017497926
NOR,1990,10.1160686366151
NOR,1989,13.698631595382
NOR,1988,14.2524438809528
NOR,1985,8.72342866950776
OMN,2024,5.47963321487277
OMN,2023,5.94084621917315
OMN,2022,6.45247223821924
OMN,2021,6.14989195067512
OMN,2020,6.18457048755305
OMN,2019,5.05770874145454
OMN,2018,5.42181854803066
OMN,2017,6.23374311419373
OMN,2016,3.98223122115235
OMN,2015,4.79658796032046
OMN,2014,3.94979866045857
OMN,2013,4.84529095012406
OMN,2012,3.53034182525696
OMN,2011,2.5091411334202
OMN,2010,2.67017753168595
OMN,2009,3.82754180988086
OMN,2008,1.31577074731665
OMN,2007,1.13049594089986
OMN,2006,0.900665298143283
OMN,2005,0.813042854041652
OMN,2004,0.889688757838642
OMN,2003,0.0526365665882346
OMN,2002,0.600794858361952
OMN,2001,0.828872946233488
OMN,2000,0.660819963053185
OMN,1999,0.995928872081319
OMN,1998,1.58957433304159
OMN,1997,1.45889764164728
OMN,1996,1.35631761327452
OMN,1995,1.8197741713372
OMN,1994,1.71464183490924
OMN,1993,1.33592721527609
OMN,1992,0.981640557197912
OMN,1991,1.01996366588822
OMN,1990,0.952947109466461
OMN,1989,1.67820816175931
OMN,1988,1.74177152870553
OMN,1987,0.857943731691833
OMN,1986,0.981247627924548
OMN,1985,0.475239024638092
PAK,2024,4.33562939812151
PAK,2023,4.50449223225348
PAK,2022,4.40534065808737
PAK,2021,4.61896170905835
PAK,2020,3.32696265002863
PAK,2019,2.7507753083849
PAK,2018,2.11969841349404
PAK,2017,1.9663813915249
PAK,2016,1.49009381168309
PAK,2015,1.56689191421064
PAK,2014,1.8033611683323
PAK,2013,2.09188614611273
PAK,2012,2.0221530747153
PAK,2011,1.49042000633085
PAK,2010,1.57026675868481
PAK,2009,1.05318875353553
PAK,2008,1.28884444252292
PAK,2007,1.11610039326653
PAK,2006,0.57339350213325
PAK,2005,0.410622606618719
PAK,2004,0.268714071505803
PAK,2003,0.205644528839039
PAK,2002,0.202718457365695
PAK,2001,0.184047332220487
PAK,2000,0.216655999337337
PAK,1999,0.264177325550705
PAK,1998,0.186672213356445
PAK,1997,0.181634423053205
PAK,1996,0.22124394083733
PAK,1995,0.162229988621904
PAK,1993,0.210025151378373
PAK,1992,0.216255325441693
PAK,1991,0.238508160981044
PAK,1990,0.302621705878934
PAK,1987,0.276679128912071
PAK,1986,0.408103438102148
PAK,1985,0.452799224332368
PLW,2018,2.11141332212338
PLW,2017,3.44206013931985
PLW,2016,1.65555475871071
PLW,2015,1.90977734013233
PLW,2014,2.19362120870957
PLW,2012,2.6679764068768
PAN,2024,9.59331459466598
PAN,2023,76.4718000052085
PAN,2022,78.9089923340266
PAN,2021,79.9718329828951
PAN,2020,32.3038837448821
PAN,2019,8.52379811614123
PAN,2018,12.563211703042
PAN,2017,12.5124276504847
PAN,2016,10.0045045186238
PAN,2015,9.45423282530129
PAN,2014,11.3451433207884
PAN,2013,11.133092124339
PAN,2012,12.130833082517
PAN,2011,12.7472710837079
PAN,2010,10.3195283017929
PAN,2009,4.67619406187405
PAN,2008,5.06174588859461
PAN,2007,3.90298304261797
PAN,2006,3.83653112428466
PAN,2005,3.972499789476
PAN,2004,3.90700674466538
PAN,2003,1.97118764042385
PAN,2002,1.42615727487893
PAN,2001,1.58283516180022
PAN,2000,2.17597163223667
PAN,1999,1.66954199205821
PAN,1998,1.74577106293968
PAN,1997,1.70300331193586
PAN,1996,1.61178670711754
PAN,1995,1.13039304829347
PAN,1987,1.63094615687196
PAN,1986,1.19580618498629
PAN,1985,1.62949532577607
PNG,2023,29.8008015088604
PNG,2022,30.9204399891275
PNG,2021,27.3902084177837
PNG,2020,36.0411087665842
PNG,2019,41.467532578577
PNG,2012,54.4459467483598
PNG,2011,56.649862225745
PNG,2004,21.1045623398456
PNG,2003,46.2571238045423
PNG,2002,29.6189622824883
PNG,2001,27.1714665887542
PNG,2000,51.2996326718958
PNG,1998,44.3846863627364
PNG,1987,57.5114073159752
PNG,1986,45.9886685957159
PNG,1985,42.0715009627122
PRY,2025,1.71796064330273
PRY,2024,1.49687210638199
PRY,2023,1.10475195932188
PRY,2022,1.48242293802149
PRY,2021,1.09645716000824
PRY,2020,0.633689883641747
PRY,2019,0.879827565258584
PRY,2018,0.90508901482829
PRY,2017,0.730905901888808
PRY,2016,0.52742858306544
PRY,2015,0.675987440151955
PRY,2014,0.813048734524132
PRY,2013,0.829578837918687
PRY,2012,0.878036670471362
PRY,2011,1.00217743381306
PRY,2010,0.561772567696444
PRY,2009,0.360957490933964
PRY,2008,0.475038193415667
PRY,2007,0.479965820376082
PRY,2006,0.571097196782024
PRY,2005,0.66027654931864
PRY,2004,0.405642122783139
PRY,2003,0.16678446090689
PRY,2002,0.208514130939562
PRY,2001,0.157085537624532
PRY,2000,0.141926419980933
PRY,1999,0.345331060293257
PRY,1998,0.443543557783562
PRY,1997,0.452608438407728
PRY,1996,0.281077511916773
PRY,1995,0.274666908082897
PRY,1994,0.238677467425976
PRY,1993,0.187703889095981
PRY,1992,0.119552944092801
PRY,1991,0.0633075050674008
PRY,1990,0.0525339770336335
PRY,1989,0.0471439951706087
PRY,1987,0.204921795078329
PRY,1986,0.0134819773442918
PRY,1985,0.000987160178663883
PER,2024,47.7744538607891
PER,2023,51.3043308679882
PER,2022,43.071188539675
PER,2021,47.8118088684
PER,2020,43.5085907829651
PER,2019,45.4968752494035
PER,2018,45.6280434226608
PER,2017,46.3213014126421
PER,2016,42.8065553842375
PER,2015,36.8868771785759
PER,2014,38.9398253275215
PER,2013,36.4157818681371
PER,2012,36.903977189865
PER,2011,39.9040907481187
PER,2010,39.9270984898696
PER,2009,36.6022097950135
PER,2008,43.0583368488927
PER,2007,49.5566787105114
PER,2006,47.4525510268847
PER,2005,39.9606879450802
PER,2004,39.0245043877429
PER,2003,30.6922278826042
PER,2002,31.9798239013752
PER,2001,30.6873942655311
PER,2000,35.5248216393834
PER,1999,32.1299436379435
PER,1998,35.0410860748969
PER,1997,35.6162160503222
PER,1996,37.8576955936615
PER,1995,41.7203802974859
PER,1994,39.6246333802182
PER,1993,40.8387866660666
PER,1992,45.6247050043456
PER,1987,43.5292554534749
PER,1986,37.6225578127637
PER,1985,42.5647362526622
PHL,2024,7.50901105484672
PHL,2023,7.87761742498115
PHL,2022,6.93456443095209
PHL,2021,7.4874740704197
PHL,2020,6.59574178209328
PHL,2019,5.11553589688116
PHL,2018,4.9082068510258
PHL,2017,5.58406561295369
PHL,2016,4.00252116995127
PHL,2015,5.0613767306783
PHL,2014,6.58834024151498
PHL,2013,6.11404772690842
PHL,2012,5.04619608005299
PHL,2011,5.59382537456056
PHL,2010,3.9111085891633
PHL,2009,3.91237655213636
PHL,2008,5.189114885564
PHL,2007,5.42409367069035
PHL,2006,4.44204904598112
PHL,2005,2.27096876092626
PHL,2004,2.39356179458319
PHL,2003,1.72482301745632
PHL,2002,1.44923205289897
PHL,2001,1.87203977106435
PHL,2000,1.61954409495253
PHL,1999,1.69163321860556
PHL,1998,1.55244069789094
PHL,1997,2.72855295334533
PHL,1996,3.14554666527257
PHL,1995,4.33948865543335
PHL,1994,4.04312567436281
PHL,1993,4.39688033769439
PHL,1992,5.79328076871217
PHL,1991,7.21284731195071
PHL,1987,7.19968179041754
PHL,1986,10.0163766521808
PHL,1985,10.6791292108225
POL,2024,3.20228542082086
POL,2023,3.04634974229626
POL,2022,3.45108388683856
POL,2021,3.97229976431864
POL,2020,3.22051878025648
POL,2019,3.23396660447958
POL,2018,3.04370184401185
POL,2017,3.1899653859486
POL,2016,3.02516272847308
POL,2015,3.60543706487631
POL,2014,4.00955235840735
POL,2013,4.18057255756479
POL,2012,4.82897688239305
POL,2011,5.02501418840566
POL,2010,4.69486882284057
POL,2009,3.68530049292514
POL,2008,3.96214660186794
POL,2007,4.53281165240271
POL,2006,5.22903327226686
POL,2005,4.02274429487668
POL,2004,4.08914996089988
POL,2003,3.75466809130164
POL,2002,4.02227590259449
POL,2001,4.04518985574774
POL,2000,5.00513039982941
POL,1999,4.88045591148379
POL,1998,4.60310562262309
POL,1997,5.85463483116864
POL,1996,5.8335927562514
POL,1995,7.26193948541181
POL,1994,8.03251362117447
POL,1993,8.92609442368128
POL,1992,11.3322811433713
POL,1987,8.26760017503392
PRT,2025,2.70852169351224
PRT,2024,2.58903250022659
PRT,2023,2.52971110792555
PRT,2022,2.73426069633125
PRT,2021,2.93086469176063
PRT,2020,2.17126177491599
PRT,2019,2.16706704875644
PRT,2018,2.434851674538
PRT,2017,2.25281965305294
PRT,2016,2.00764618663799
PRT,2015,2.15813994544385
PRT,2014,2.25220653101037
PRT,2013,2.32362938767847
PRT,2012,2.83058672331513
PRT,2011,3.20271416306362
PRT,2010,3.50667270247104
PRT,2009,2.89606706746845
PRT,2008,3.20474396609653
PRT,2007,3.72775210015921
PRT,2006,3.82483146719832
PRT,2005,2.82012959705461
PRT,2004,1.85965386303846
PRT,2003,1.57531572685566
PRT,2002,1.64152232751203
PRT,2001,1.78475436998865
PRT,2000,1.88632962472796
PRT,1999,1.49234686262156
PRT,1998,1.4130133830547
PRT,1997,1.41229711803918
PRT,1996,1.41830776767772
PRT,1995,1.82646470348467
PRT,1994,1.92628914251898
PRT,1993,2.06193407281122
PRT,1992,2.12580297345722
PRT,1991,2.48848838274424
PRT,1990,2.90437679922873
PRT,1989,2.90066679638953
PRT,1988,1.77141211403634
PRT,1987,1.17486441726391
PRT,1986,0.880601061151603
PRT,1985,1.07738453315706
QAT,2024,2.49497468125356
QAT,2023,2.33291761974842
QAT,2022,2.46572186451205
QAT,2021,2.79751145368207
QAT,2020,2.59716473860935
QAT,2019,2.24477154291504
QAT,2018,1.81446564020088
QAT,2017,2.53602637474615
QAT,2016,2.54574439613324
QAT,2015,2.36949271094662
QAT,2014,0.250470194595494
QAT,2013,1.4549996311141
QAT,2012,2.33134786640568
QAT,2011,0.345141436873865
QAT,2010,0.265173247119746
QAT,2009,0.133761828512641
QAT,2008,0.408873281859897
QAT,2007,0.129421353793938
QAT,2006,0.0895118209197128
QAT,2005,0.138772232521004
QAT,2004,0.127990870115735
QAT,2003,0.11476394159958
QAT,2002,0.110910327832227
QAT,2001,0.0663283042066893
QAT,2000,0.11634070989974
QAT,1999,0.110989468543986
QAT,1998,0.101262073426515
QAT,1996,0.129180062989924
QAT,1995,0.184409165962623
QAT,1994,0.181280434520203
QAT,1993,0.106236795377097
QAT,1992,0.139113363956344
QAT,1991,0.114125851466453
ROU,2024,2.68710025626505
ROU,2023,2.47796891956889
ROU,2022,2.78929714304173
ROU,2021,2.80466122236143
ROU,2020,2.2989315798619
ROU,2019,2.1926188654676
ROU,2018,2.22792611963379
ROU,2017,2.10951156385024
ROU,2016,2.00820906359327
ROU,2015,2.35870523830703
ROU,2014,2.69272331387427
ROU,2013,3.23653895835825
ROU,2012,3.79071454336541
ROU,2011,4.14141567149189
ROU,2010,4.23715422099536
ROU,2009,3.60848133654177
ROU,2008,4.72324875734715
ROU,2007,5.20227714691062
ROU,2006,5.25412030982878
ROU,2005,3.92891510818202
ROU,2004,4.67662140096493
ROU,2003,4.14660575863074
ROU,2002,4.2419741366313
ROU,2001,4.88636183878211
ROU,2000,6.91601258888057
ROU,1999,5.26828670152389
ROU,1998,4.82519352486943
ROU,1997,4.27474896069196
ROU,1996,3.21009719689582
ROU,1995,3.44925815683414
ROU,1994,3.649978553135
ROU,1993,3.10246683996229
ROU,1992,4.02353043649009
ROU,1991,3.36503233985745
ROU,1990,4.13457569838293
ROU,1989,2.71853409402473
RUS,2021,7.40377266771173
RUS,2020,8.63720072203089
RUS,2019,6.17355170558279
RUS,2018,5.65644967703026
RUS,2017,6.02759162477638
RUS,2016,6.04896824432423
RUS,2015,5.90115777218879
RUS,2014,4.62236197775783
RUS,2013,4.57539836873419
RUS,2012,5.13944663103542
RUS,2011,4.79733097260547
RUS,2010,5.46295347541622
RUS,2009,5.25762018292406
RUS,2008,5.4575239167651
RUS,2007,8.13641951091464
RUS,2006,8.00467825169443
RUS,2005,6.51179321692703
RUS,2004,7.54616354995644
RUS,2003,6.79267321171407
RUS,2002,7.23812309172877
RUS,2001,7.76359075824941
RUS,2000,9.13824279912298
RUS,1999,11.399865385519
RUS,1998,16.11753846322
RUS,1997,11.3379394627793
RUS,1996,9.92371391351388
RWA,2022,20.9179316429293
RWA,2021,14.4742019090766
RWA,2020,8.24267617414299
RWA,2019,14.8783110729202
RWA,2018,30.314438220422
RWA,2017,29.4136298769588
RWA,2016,22.4094104292018
RWA,2015,29.177973798398
RWA,2014,45.3122231010092
RWA,2013,47.728426891862
RWA,2012,39.8735818164701
RWA,2011,45.1668198317922
RWA,2010,35.8800089645487
RWA,2009,25.0637471463376
RWA,2008,27.933112466431
RWA,2007,46.3016117072326
RWA,2006,31.4407560198606
RWA,2005,35.1376159794075
RWA,2004,34.1911048887464
RWA,2003,26.6428584667642
RWA,2002,35.088175963992
RWA,2001,37.4569874520354
RWA,1999,11.2942149346842
RWA,1998,8.61258072307645
RWA,1997,6.33897789186091
RWA,1996,12.3818393199225
WSM,2024,1.31501150839331
WSM,2023,1.52450671582897
WSM,2022,1.23892376594614
WSM,2021,1.34446918731882
WSM,2019,0.638829194762302
WSM,2018,1.29034091334291
WSM,2017,1.53685838150667
WSM,2016,0.573306948123184
WSM,2015,0.582488137297813
WSM,2014,1.28420364195849
WSM,2013,1.0185790785436
WSM,2012,0.576139172223999
WSM,2011,0.720787846781144
WSM,2010,0.318967504451416
WSM,2009,0.183255903686575
WSM,2008,0.130417124077179
WSM,2007,0.147258431580946
WSM,2006,0.002053820788203
WSM,2005,0.0719685217589917
WSM,2004,0.00111426930334486
WSM,2003,0.0248203386022644
WSM,2002,0.00950478235098901
WSM,2001,0.0959623710954923
STP,2023,0.181792712332166
STP,2022,0.256021001906655
STP,2021,0.111260345976181
STP,2020,0.144772036496155
STP,2019,0.625425440939643
STP,2018,1.69042686283506
STP,2017,3.15685800955466
STP,2016,1.10064661472948
STP,2015,1.31007931969682
STP,2014,0.133214471679445
STP,2013,1.13803781871473
STP,2012,0.120436900027286
STP,2011,0.179058445587164
STP,2010,0.0146365688247039
STP,2009,0.0217502397087677
STP,2008,0.0168895633675306
STP,2007,0.0198462515743544
STP,2005,0.0863198165301424
STP,2004,0.0895842480326928
STP,2003,0.000316794593854999
STP,2001,0.00106761592974477
STP,2000,0.0146545594676596
SAU,2024,1.88115150595924
SAU,2023,1.5019514801573
SAU,2022,1.53347926710053
SAU,2021,1.63492146185275
SAU,2020,2.00497032043963
SAU,2019,1.28729151886568
SAU,2018,1.23841153981194
SAU,2017,1.41508824303705
SAU,2016,1.42046701416935
SAU,2015,1.31618970402186
SAU,2014,0.768227403977672
SAU,2013,0.402796097147209
SAU,2012,0.13826943855079
SAU,2011,0.122149631834301
SAU,2010,0.154478800944879
SAU,2009,0.231975459893341
SAU,2008,0.221472078668656
SAU,2007,0.283339865220026
SAU,2006,0.218876090049362
SAU,2005,0.136856334587532
SAU,2004,0.172369585319018
SAU,2003,0.182297848800483
SAU,2002,0.223014841432731
SAU,2001,0.200969366718857
SAU,2000,0.147266966485606
SAU,1999,0.262434981439132
SAU,1998,0.506592115515466
SAU,1996,0.304719093811097
SAU,1995,0.56618177748965
SAU,1994,0.350598821008922
SAU,1993,0.432177884036125
SAU,1992,0.549276799092951
SAU,1991,0.242732417598381
SAU,1985,0.116943755174018
SEN,2024,7.85005360318967
SEN,2023,7.91160881238856
SEN,2022,8.67310693880965
SEN,2021,7.26296018851439
SEN,2020,6.7523481096606
SEN,2019,6.62308019774993
SEN,2018,6.89623747146186
SEN,2017,7.51256460856649
SEN,2016,6.69316539977657
SEN,2015,8.13298380367881
SEN,2014,4.62550762872484
SEN,2013,4.11404798239952
SEN,2012,4.10510228785388
SEN,2011,3.70911760141206
SEN,2010,3.52640976199386
SEN,2009,3.07138060847192
SEN,2008,4.20945765759815
SEN,2007,4.09941776123282
SEN,2006,6.80535867111246
SEN,2005,2.80799127270505
SEN,2004,3.85826880765766
SEN,2003,3.36692256599382
SEN,2002,5.91623145355821
SEN,2001,4.48357933815668
SEN,2000,4.7524544164362
SEN,1999,9.82761294472464
SEN,1998,8.29268911952927
SEN,1997,12.9972262184201
SEN,1996,12.4685612222155
SEN,1987,8.21466976635494
SEN,1986,11.3940956092269
SRB,2007,10.2945597528689
SRB,2006,11.2944829162076
SRB,2005,9.20219714313351
SRB,2004,10.8968524632872
SRB,2002,12.147882359447
SRB,2001,14.1530589793912
SRB,2000,15.5916104456047
SRB,1999,12.6061409532198
SRB,1998,10.4347682510546
SRB,1997,14.2553696423577
SRB,1996,14.839614196365
SRB,1992,9.77940364846476
SYC,2024,13.7185316539041
SYC,2023,11.6900044741911
SYC,2022,0.708125394858405
SYC,2021,0.623680740993814
SYC,2020,0.335907813524439
SYC,2019,0.209249092826996
SYC,2018,0.208781439922779
SYC,2017,0.265276042802722
SYC,2016,0.0220737111352172
SYC,2015,0.00898335667236647
SYC,2014,0.0111489055716854
SYC,2013,0.0246570604130509
SYC,2012,0.117272480478865
SYC,2011,0.0181881223731395
SYC,2010,0.0538854067505307
SYC,2009,0.00399654587486714
SYC,2008,0.00644599682818596
SYC,2007,0.0105438213706045
SYC,2006,0.0170288977704726
SYC,2005,0.0121100850364656
SYC,2004,0.00199689155454377
SYC,2003,0.000487825584131394
SYC,2002,0.00759101136635465
SYC,2001,0.0232076178507915
SYC,2000,0.0062018848566236
SYC,1999,0.012243186636764
SYC,1998,0.0101598893010615
SYC,1997,0.100496056688398
SYC,1996,0.320388151154793
SYC,1995,0.0677318757845913
SYC,1994,0.209616482529966
SYC,1993,0.215949964859596
SYC,1992,0.0868880266124106
SYC,1987,0.156760966612716
SYC,1986,0.961839390253981
SYC,1985,0.0322062820072564
SLE,2018,19.708507181177
SLE,2017,9.23607569467904
SLE,2016,0.52250323873849
SLE,2015,0.988737482926271
SLE,2014,86.4196189147314
SLE,2002,0.115001778766282
SLE,2000,1.35806284223158
SGP,2024,0.731093287901306
SGP,2023,0.809638959840998
SGP,2022,0.955098805547699
SGP,2021,1.19554185193546
SGP,2020,0.715717514808364
SGP,2019,0.723461507461781
SGP,2018,0.872884059699682
SGP,2017,1.0282289180264
SGP,2016,1.09646722509989
SGP,2015,1.23964372978781
SGP,2014,1.15860012116163
SGP,2013,1.18662500123941
SGP,2012,1.04030328151159
SGP,2011,1.18276920275837
SGP,2010,1.17367084813641
SGP,2009,1.19344097453952
SGP,2008,1.35326163797883
SGP,2007,1.67461991104337
SGP,2006,1.35240730496431
SGP,2005,1.04800700996418
SGP,2004,1.1723248694138
SGP,2003,1.07415745191144
SGP,2002,1.08067169213012
SGP,2001,1.14914201108119
SGP,2000,1.11743390909275
SGP,1999,1.25346313451641
SGP,1998,1.27354705504214
SGP,1997,1.69825273333833
SGP,1996,1.62320058743476
SGP,1995,1.96929468220519
SGP,1994,1.39226471869762
SGP,1993,1.44721881527171
SGP,1992,1.54122943778506
SGP,1991,1.45960690787085
SGP,1990,1.5385940556141
SGP,1989,2.51703895559948
SGP,1987,1.59613591165331
SGP,1986,1.7973756132832
SGP,1985,2.15541284687117
SVK,2024,1.74565593994345
SVK,2023,1.48495237277126
SVK,2022,2.14228590243134
SVK,2021,2.33537749533956
SVK,2020,1.82530337418008
SVK,2019,2.02562522713495
SVK,2018,2.058891979144
SVK,2017,2.0947752210728
SVK,2016,1.73795322119081
SVK,2015,2.07702257913598
SVK,2014,2.25569773540476
SVK,2013,2.21886544374219
SVK,2012,3.09189867854254
SVK,2011,3.09128794797588
SVK,2010,3.06339387755563
SVK,2009,2.34997546535549
SVK,2008,2.44430465149053
SVK,2007,2.78073501654963
SVK,2006,3.62702670437243
SVK,2005,2.544834523225
SVK,2004,2.87450444611421
SVK,2003,2.42643979216738
SVK,2002,3.08982972415369
SVK,2001,3.46489944651835
SVK,2000,3.42852199843062
SVK,1999,3.45760958493441
SVK,1998,3.70219462897764
SVK,1997,4.38628787119449
SVK,1996,5.23854470417299
SVK,1995,3.62030334653623
SVK,1994,3.52596348297409
SVN,2024,3.02692030138335
SVN,2023,3.13835009485939
SVN,2022,3.90301974294686
SVN,2021,4.34050714716847
SVN,2020,3.63692852871633
SVN,2019,4.02979133902762
SVN,2018,4.2822692607303
SVN,2017,4.09263687333458
SVN,2016,4.06286659046935
SVN,2015,4.4784313285968
SVN,2014,4.29552333310219
SVN,2013,4.47652028853792
SVN,2012,4.71471141059676
SVN,2011,4.85705661189599
SVN,2010,4.75514904527604
SVN,2009,3.61372711076552
SVN,2008,4.52088443668789
SVN,2007,5.53923909402388
SVN,2006,5.92423324066306
SVN,2005,4.7822162511827
SVN,2004,4.22241608055866
SVN,2003,3.78112943777451
SVN,2002,3.77904706345591
SVN,2001,4.28875544141273
SVN,2000,4.1732421648271
SVN,1999,3.75622182116314
SVN,1998,3.70683947238899
SVN,1997,3.98383992999746
SVN,1996,3.34182330525223
SVN,1995,3.40444095195451
SVN,1993,2.93981766447672
SVN,1992,3.02390578945593
SLB,2018,3.77957939916417
SLB,2017,4.22408530148576
SLB,2016,0.162552546552045
SLB,2015,0.709884794452891
SLB,2014,0.382901213722633
SLB,2013,0.286397571590278
SLB,2012,0.481516704333512
SLB,2011,0.231026951563001
SLB,2010,0.145449273451894
SLB,2009,0.0455196295381308
SLB,2008,0.199009675367661
SLB,2007,0.0543463882801275
SLB,2006,0.0315310922323191
SLB,2005,0.0445471208959641
SLB,2004,0.0284651218928002
SLB,2003,0.0410792651000092
SLB,2002,0.0355635138303772
ZAF,2025,30.3392517456071
ZAF,2024,29.1712554651673
ZAF,2023,29.1169283744823
ZAF,2022,31.5450035556722
ZAF,2021,37.7780356859312
ZAF,2020,31.4389170033873
ZAF,2019,28.4545998457312
ZAF,2018,25.6101432342632
ZAF,2017,24.185244340361
ZAF,2016,22.069403504453
ZAF,2015,23.2733809317436
ZAF,2014,24.2293790861848
ZAF,2013,27.8724763359246
ZAF,2012,25.2999847349273
ZAF,2011,28.0454412835201
ZAF,2010,28.2409908532572
ZAF,2009,29.2198675573527
ZAF,2008,29.0413837735149
ZAF,2007,29.3348942321308
ZAF,2006,28.4686593780611
ZAF,2005,22.2629845616509
ZAF,2004,21.9852655048325
ZAF,2003,19.0277419846124
ZAF,2002,11.2346894321467
ZAF,2001,22.8319929720272
ZAF,2000,10.6456581556563
ZAF,1999,21.2307273051505
ZAF,1998,9.48120220296762
ZAF,1997,8.09500030295954
ZAF,1996,11.3766485203764
ZAF,1995,7.99962827216631
ZAF,1994,6.41297116707479
ZAF,1993,7.68503687453623
ZAF,1992,10.1041673840215
ESP,2024,3.42743394375482
ESP,2023,3.20080590303441
ESP,2022,3.70351654042085
ESP,2021,3.88819800713491
ESP,2020,3.20291695687462
ESP,2019,3.47791209244656
ESP,2018,3.78115212635428
ESP,2017,3.72813715185895
ESP,2016,3.12394579217233
ESP,2015,3.431949189632
ESP,2014,3.37388702291901
ESP,2013,3.41226150663797
ESP,2012,3.746022846104
ESP,2011,3.83147061891332
ESP,2010,3.38387629327614
ESP,2009,2.49931426717884
ESP,2008,2.70479062059669
ESP,2007,2.95925759273902
ESP,2006,3.19753365298321
ESP,2005,2.46943236876249
ESP,2004,2.00605504938666
ESP,2003,1.98483622334095
ESP,2002,2.02416535084025
ESP,2001,2.18407350244654
ESP,2000,2.25929549969063
ESP,1999,2.23411893827895
ESP,1998,2.13345690355748
ESP,1997,2.54247574570114
ESP,1996,2.33811839172552
ESP,1995,2.36115234578535
ESP,1994,2.34811397957811
ESP,1993,2.4738524075552
ESP,1992,2.50338439991082
ESP,1991,2.59786815824636
ESP,1990,2.54869356486783
ESP,1989,3.44748486536376
ESP,1988,3.12640576392531
ESP,1987,2.54918791045568
ESP,1986,2.80461288704114
ESP,1985,3.42785995942688
LKA,2024,0.566958693554718
LKA,2023,0.599148181330232
LKA,2022,0.67746966890084
LKA,2021,0.681639263401587
LKA,2020,0.552811053515783
LKA,2019,0.73801712721378
LKA,2017,0.778839492862646
LKA,2016,0.597589673351454
LKA,2015,0.537232352990438
LKA,2014,0.555241520911473
LKA,2013,0.621745135398051
LKA,2012,0.757834426205087
LKA,2011,0.611659075040682
LKA,2010,0.875207413596527
LKA,2009,1.41195321485931
LKA,2008,1.65493324221432
LKA,2007,2.1019368588222
LKA,2006,1.82413360827755
LKA,2005,3.6175738210404
LKA,2004,3.12078954906743
LKA,2003,2.85516105965057
LKA,2002,1.86793085461174
LKA,2001,0.300083134964803
LKA,2000,0.27752697953711
LKA,1999,0.228913616734358
LKA,1994,0.645031952639682
LKA,1993,0.75514131622867
LKA,1992,0.778973624037233
LKA,1991,0.695909400954574
LKA,1990,1.5774141996044
LKA,1987,1.14587538821208
LKA,1986,1.64061984391382
LKA,1985,1.05631455387119
KNA,2017,0.00218395725279318
KNA,2016,0.0
KNA,2014,0.0467042406053462
KNA,2013,0.25645333126574
KNA,2012,0.663710320981995
KNA,2011,0.0966496001817182
KNA,2010,0.125152371407093
KNA,2009,5.4969756098276e-05
KNA,2008,1.42210561839958
KNA,2007,0.0794212512445077
KNA,2006,0.0117410235455413
KNA,2005,0.00253207213112203
KNA,2004,0.0211463460843657
KNA,2003,0.00931644656773286
KNA,2002,0.0425300579747911
KNA,2001,0.0039700368389985
KNA,2000,0.0195850595728325
KNA,1999,0.0
KNA,1997,0.000154583032786443
KNA,1996,0.000239059223717109
KNA,1995,0.104219378154247
KNA,1994,0.00946959181432444
KNA,1993,0.0280706373702526
KNA,1987,7.90964026956054e-05
KNA,1986,0.0
LCA,2020,5.53904086850376
LCA,2019,4.92284119131449
LCA,2018,4.69292529223214
LCA,2017,2.91551437375661
LCA,2016,1.58011911213473
LCA,2015,5.63058112994969
LCA,2014,9.40543475850765
LCA,2013,4.18877073461455
LCA,2012,4.96253255078906
LCA,2011,2.78501702156017
LCA,2010,2.19040487440918
LCA,2009,1.08884936114442
LCA,2008,5.30678657115583
LCA,2007,3.16042707918615
LCA,2006,1.19845807486672
LCA,2005,1.11631436129806
LCA,2004,1.94223944219887
LCA,2003,0.787650852471263
LCA,2002,0.20453086293705
LCA,2001,0.00938318507759385
LCA,2000,0.000154985947474958
LCA,1999,0.000111604683894646
LCA,1998,0.0460195407731806
LCA,1997,0.000284245425409737
LCA,1996,1.81409409874542e-05
LCA,1995,0.019085306885069
LCA,1994,0.0038626769867799
LCA,1993,0.00551801348415412
LCA,1992,0.0837365323387491
LCA,1991,0.000115981332477411
LCA,1987,0.00129946251910207
LCA,1986,0.000101270551735004
LCA,1985,0.000368736240607182
VCT,2023,0.575679248473049
VCT,2022,0.20767748079
VCT,2021,0.29005424716515
VCT,2020,0.50565329870237
VCT,2019,0.561131287387612
VCT,2018,0.4323342066836
VCT,2017,0.189189733197777
VCT,2016,0.107003458529325
VCT,2015,0.296389267761542
VCT,2014,0.135554960686441
VCT,2013,0.721602537320296
VCT,2012,2.45168953411327
VCT,2011,1.36661867422287
VCT,2010,1.92629512001782
VCT,2009,1.69667310572261
VCT,2008,1.14826437926426
VCT,2007,0.265095739534328
VCT,2006,0.0427757262012383
VCT,2005,0.00309777034810686
VCT,2004,0.133162897071613
VCT,2003,0.001395085630749
VCT,2002,0.0534957706613413
VCT,2001,0.0915865683390645
VCT,2000,0.0714277088903865
VCT,1999,0.0784281712830177
VCT,1998,0.0131536652769595
VCT,1997,0.000261624353012992
VCT,1996,8.49975373026036e-05
VCT,1995,0.0274696560104642
VCT,1994,0.227262867253165
VCT,1993,0.00102716436671287
SDN,2018,0.686044401891745
SDN,2017,0.818729040062267
SDN,2016,2.23902261626485
SDN,2015,0.421694483467272
SDN,2014,0.558258819063773
SDN,2013,0.0836333261397869
SDN,2012,1.04079144900625
SDN,2011,0.400279894271093
SDN,2010,0.214431109195651
SDN,2009,0.249499824867255
SDN,2008,0.545178576144779
SDN,2007,0.335207865383974
SDN,2006,0.349035372679534
SDN,2005,0.402155047754506
SDN,2004,0.59751495834652
SDN,2003,0.41099560051547
SDN,2002,0.330233190585116
SDN,2001,0.179100411844198
SDN,2000,0.460937722171495
SDN,1999,1.33867224848494
SDN,1998,0.382416008870915
SDN,1997,0.747696348210123
SDN,1996,0.360169058886282
SDN,1995,0.383573780039249
SDN,1985,0.431961686881059
SUR,2024,3.9843319988084
SUR,2023,1.10150303041812
SUR,2022,0.549141405957667
SUR,2021,0.760178456916599
SUR,2020,0.237126388461746
SUR,2019,0.32483152120101
SUR,2018,0.316538273973665
SUR,2017,0.329613334121727
SUR,2016,0.125610426672316
SUR,2015,0.20871706618307
SUR,2014,0.348019789328195
SUR,2013,0.369679086339385
SUR,2012,0.430536274855499
SUR,2011,0.360168963523823
SUR,2010,0.256200614780289
SUR,2009,0.264139279409153
SUR,2008,0.302921501407796
SUR,2007,0.350272925378514
SUR,2006,0.227621018985144
SUR,2005,0.146094386423322
SUR,2004,0.181339482302297
SUR,2003,0.101216137699506
SUR,2002,0.186358015395229
SUR,2001,0.0435219570453215
SUR,2000,0.0391637417408621
SUR,1999,80.8779759696713
SUR,1998,80.7017149798206
SUR,1997,76.2697459795584
SUR,1996,66.1708204991239
SUR,1995,75.1027522913897
SUR,1994,79.3317165461588
SWE,2024,5.53625805390112
SWE,2023,5.1056533111485
SWE,2022,5.48872826646114
SWE,2021,6.00596153517669
SWE,2020,4.98753114074155
SWE,2019,4.37747790322695
SWE,2018,4.56420997427681
SWE,2017,4.76473096014425
SWE,2016,3.99595434992421
SWE,2015,4.00896573366298
SWE,2014,4.67743376747936
SWE,2013,4.66026191009486
SWE,2012,5.2789312392961
SWE,2011,5.21123306380418
SWE,2010,4.81890262733144
SWE,2009,3.70919048007781
SWE,2008,3.99775423131116
SWE,2007,3.88152149242944
SWE,2006,3.8634693315986
SWE,2005,3.08552531635167
SWE,2004,2.65485241504412
SWE,2003,2.33474581873445
SWE,2002,2.4167864230731
SWE,2001,2.467299446145
SWE,2000,2.3575459313613
SWE,1999,2.52773537783698
SWE,1998,2.531083063932
SWE,1997,2.84722669997725
SWE,1996,2.64916229396788
SWE,1995,2.91918406722869
SWE,1994,2.90742326414233
SWE,1993,3.13198368011123
SWE,1992,3.20976138908937
SWE,1991,3.19877414691567
SWE,1990,3.39246176436261
SWE,1989,3.54165545505505
SWE,1988,3.41046556649031
SWE,1987,3.22177559886725
SWE,1986,3.41954647420936
SWE,1985,3.9344113452868
CHE,2024,1.49057879417026
CHE,2023,1.56807129365079
CHE,2022,1.92124997304165
CHE,2021,2.17657553050765
CHE,2020,1.99548928724067
CHE,2019,1.88762308659221
CHE,2018,1.69967135131589
CHE,2017,1.63892100363295
CHE,2016,1.47295448047255
CHE,2015,1.63770810947011
CHE,2014,2.20032513980616
CHE,2013,2.40172909909558
CHE,2012,2.92128708262365
CHE,2011,3.71805123531328
CHE,2010,4.0129442729803
CHE,2009,2.39258904866423
CHE,2008,3.05437539041993
CHE,2007,3.05194762079875
CHE,2006,3.5014418517828
CHE,2005,2.72136103638806
CHE,2004,3.12039211621662
CHE,2003,3.06662604068372
CHE,2002,3.64695686219904
CHE,2001,4.05797097794386
CHE,2000,5.64125825975811
CHE,1999,4.09871482882512
CHE,1998,3.35447407288013
CHE,1997,3.22692080489058
CHE,1996,2.47212349476364
CHE,1995,2.52374686335285
CHE,1994,2.56787831773854
CHE,1993,2.15668178044942
CHE,1992,2.48706360109913
CHE,1991,2.64344497122097
CHE,1990,2.62780716400872
CHE,1989,3.06334058453129
CHE,1988,3.60815412843141
CHE,1987,2.73430309909768
CHE,1986,2.51898358968188
CHE,1985,2.94128485785992
SYR,2010,2.663429877637
SYR,2009,2.20676154252829
SYR,2008,4.09131667695063
SYR,2007,1.16946728726448
SYR,2006,1.15322881237854
SYR,2005,1.25954881691309
SYR,2004,1.06286010191439
SYR,2003,0.869046643727821
SYR,2002,0.827703116152759
SYR,2001,0.0438075381503897
SYR,2000,0.75633110531875
SYR,1987,4.23536373630998
SYR,1986,2.94478357394413
SYR,1985,1.21901165054623
TJK,2023,52.7838225011079
TJK,2022,62.3955743796389
TJK,2021,40.4377820028109
TJK,2020,48.1251680938906
TJK,2019,56.9267333181742
TJK,2018,58.7751933427573
TJK,2017,62.2793348129521
TJK,2016,51.5458244203429
TJK,2015,42.6690219316894
TJK,2014,51.6850011417489
TJK,2000,53.9257827733532
TZA,2024,5.64619619149418
TZA,2023,4.97181072389695
TZA,2022,5.47998490709586
TZA,2021,3.952845900026
TZA,2020,7.16842722557704
TZA,2019,1.19349009849919
TZA,2018,1.33472814164304
TZA,2017,2.37246365533661
TZA,2016,7.39038816130408
TZA,2015,9.71497005387568
TZA,2014,13.3403283009553
TZA,2013,10.0805702581627
TZA,2012,16.2993206590418
TZA,2011,22.5778719904617
TZA,2010,25.4274314948111
TZA,2009,17.8323997537099
TZA,2008,12.7364924429117
TZA,2007,12.6269052492145
TZA,2006,11.1375397749838
TZA,2005,7.65185121660297
TZA,2004,8.33073598329359
TZA,2003,6.17005787028101
TZA,2002,8.74938757282012
TZA,2001,6.439722843554
TZA,2000,0.443287698041927
TZA,1999,0.771190646366719
TZA,1998,0.886680133773829
TZA,1997,0.347058518834664
TZA,1987,0.108562482134876
THA,2024,2.78898927714551
THA,2023,2.33563248838574
THA,2022,2.64263355598009
THA,2021,2.56033524529213
THA,2020,1.85814213636656
THA,2019,1.64938216526872
THA,2018,1.61255552650403
THA,2017,1.48384617050478
THA,2016,1.19789494768318
THA,2015,1.13618740026878
THA,2014,1.3163815435656
THA,2013,1.28548754173568
THA,2012,1.31509391319902
THA,2011,1.38498108484036
THA,2010,1.27347411007709
THA,2009,1.06440966686133
THA,2008,1.2994420060433
THA,2007,1.78117708143106
THA,2006,1.50426840498653
THA,2005,1.24270806747185
THA,2004,1.1496641197681
THA,2003,0.989806399078282
THA,2002,1.11668522195147
THA,2001,1.07137652405813
THA,2000,1.1563108263753
THA,1999,1.00963415715529
THA,1998,1.04050941479637
THA,1997,0.952827964192969
THA,1996,0.696275878938974
THA,1995,0.617369350881412
THA,1994,0.534114306335493
THA,1993,0.527760392929132
THA,1992,0.59465863765922
THA,1991,0.685725930015671
THA,1990,1.03908829044852
THA,1989,1.41151901103339
THA,1987,1.58176431499899
THA,1986,2.1775502147401
THA,1985,4.43639230793401
TLS,2023,0.063626117225633
TLS,2022,0.018868788949626
TLS,2021,0.0174046353746236
TLS,2020,0.0206415451127129
TLS,2019,0.0441639666989068
TLS,2018,0.319096505701208
TLS,2017,0.259350202320542
TLS,2013,0.0410380731730713
TLS,2005,0.0
TLS,2004,0.000143426258249878
TGO,2024,20.7477406306692
TGO,2023,26.975189515959
TGO,2022,28.4433162164688
TGO,2021,14.7940324439184
TGO,2020,12.3894738229348
TGO,2019,8.53426798670881
TGO,2018,11.7056150408771
TGO,2017,8.63388209198161
TGO,2016,14.8244197612232
TGO,2015,12.9963915509866
TGO,2014,19.9518236467291
TGO,2013,19.0603278855612
TGO,2012,17.9715547687622
TGO,2011,14.2058822449102
TGO,2010,13.0495189234842
TGO,2009,19.4071524468103
TGO,2008,18.3558829810484
TGO,2007,12.7952856450931
TGO,2005,10.2685491438283
TGO,2004,12.6916701690283
TGO,2003,9.24136066925989
TGO,2002,16.7416940474733
TGO,2001,20.5086835969488
TGO,2000,25.5057916123775
TGO,1999,26.6477311835323
TGO,1998,40.1651181127779
TGO,1997,34.6549236565574
TGO,1996,36.4993662979341
TGO,1995,32.1437128683946
TGO,1994,42.1404004546313
TGO,1991,49.2761875879208
TGO,1988,50.140264197406
TGO,1987,46.0594422766303
TGO,1986,48.4205906558098
TON,2023,0.95672762850806
TON,2022,0.160033769317215
TON,2021,0.57061476983779
TON,2020,0.225097004293308
TON,2019,0.346181381753334
TON,2018,0.108257657853997
TON,2017,0.0508092745092541
TON,2014,5.82776390132419
TON,2013,3.31934538079337
TON,2012,2.49705986334678
TON,2011,2.17875312872624
TON,2010,1.50404279880703
TON,2009,1.54885027361735
TON,2008,19.7321675028637
TON,2007,1.44573070639178
TON,2006,0.154851855104225
TON,2005,0.469642588423411
TON,2004,0.584910097593016
TON,2003,0.123631680776923
TON,2001,0.0
TON,2000,0.0
TON,1985,0.0139315958643063
TTO,2024,0.773937569548522
TTO,2023,2.67042704744757
TTO,2022,0.464563420310877
TTO,2021,0.770894440188744
TTO,2020,2.57243662842193
TTO,2019,0.777561785050153
TTO,2018,0.549153041636741
TTO,2017,0.38432209586331
TTO,2016,3.69452325219084
TTO,2015,3.43591047689388
TTO,2014,0.513719638878181
TTO,2013,0.716669840864406
TTO,2012,0.3619512574049
TTO,2011,0.419406020175253
TTO,2010,0.308859878720351
TTO,2009,2.47563274602388
TTO,2008,2.92849978893305
TTO,2007,2.84379093378492
TTO,2006,0.318617090225899
TTO,2005,0.418130554026797
TTO,2004,0.228356130176136
TTO,2003,0.1909207079365
TTO,2002,0.206390272379381
TTO,2001,0.15048661514101
TTO,2000,0.146665900488477
TTO,1999,0.278496543689982
TTO,1998,0.461324274675606
TTO,1997,0.400553641863032
TTO,1996,0.351689501870369
TTO,1995,0.220935130592225
TTO,1994,0.0929206584289796
TTO,1993,0.117752423032233
TTO,1992,0.0909238927774615
TTO,1991,0.0656840240432754
TTO,1987,0.662248496978596
TTO,1986,0.484360550031095
TTO,1985,0.325244175436693
TUN,2024,1.52690825348576
TUN,2023,1.42589803126179
TUN,2022,1.77628583182134
TUN,2021,2.02720053386233
TUN,2020,1.83166986977073
TUN,2019,1.75045612626091
TUN,2018,1.83645151845132
TUN,2017,1.82183831733188
TUN,2016,1.62468650036307
TUN,2015,1.39887400159344
TUN,2014,1.59015720781767
TUN,2013,1.49740188611581
TUN,2012,1.69041089721155
TUN,2011,1.65292293453506
TUN,2010,1.56058678205267
TUN,2009,1.24526974063459
TUN,2008,1.71851769670089
TUN,2007,1.36955082361609
TUN,2006,1.24100072200247
TUN,2005,1.1528723753659
TUN,2004,1.06995980926129
TUN,2003,1.33578364625531
TUN,2002,1.38670442651623
TUN,2001,1.39400822278712
TUN,2000,1.54101349196287
TUN,1999,1.36055161989261
TUN,1998,1.24283989819942
TUN,1997,1.24630124686457
TUN,1996,1.59311248157018
TUN,1995,1.72007982017968
TUN,1994,1.34778034345683
TUN,1993,1.44795640177375
TUN,1992,1.29977293707457
TUN,1991,1.06270642688407
TUN,1990,1.64847717917162
TUN,1987,2.14431597315308
TUN,1986,2.52829478608376
TUN,1985,2.50946776587386
TUR,2024,4.29374178896157
TUR,2023,4.3728944868115
TUR,2022,5.23576905684485
TUR,2021,4.95569588303999
TUR,2020,4.03207772591812
TUR,2019,3.71998956366181
TUR,2018,4.06888580471921
TUR,2017,3.91929179921383
TUR,2016,3.44890074870409
TUR,2015,3.54672011566835
TUR,2014,3.77275740316469
TUR,2013,4.12529656355575
TUR,2012,3.9116817174711
TUR,2011,4.16567762541554
TUR,2010,4.33438550944431
TUR,2009,3.06416488010223
TUR,2008,3.30885763140431
TUR,2007,3.46792498148786
TUR,2006,3.30022892926736
TUR,2005,2.46801961858388
TUR,2004,2.17626873029513
TUR,2003,2.00613415868092
TUR,2002,2.00856035026057
TUR,2001,2.22073372004527
TUR,2000,2.58742298214187
TUR,1999,2.78892828430064
TUR,1998,2.87914953975665
TUR,1997,3.04631392332155
TUR,1996,3.06030333573608
TUR,1995,3.30526954295593
TUR,1994,2.62345553332915
TUR,1993,2.59469081658141
TUR,1992,2.91049650236219
TUR,1991,3.37041967517524
TUR,1990,4.47239868523898
TUR,1989,5.9110542332822
TUR,1987,3.82529824194316
TUR,1986,4.65153120042071
TUR,1985,4.30408871960411
TKM,2000,0.399116592549954
TKM,1999,0.711618123613368
TKM,1998,1.55192857504825
TKM,1997,1.29128786049788
TCA,2012,0.831080495089627
TCA,2011,1.70739062169833
TCA,2009,0.245626824123737
TCA,2008,0.0248897282090127
TCA,2007,0.0235785423822608
TCA,2006,0.392181758826588
TCA,2004,0.000926143483890614
TCA,2003,0.0796844665119655
TCA,2002,0.0733157012957708
TCA,2000,0.136789552380455
TCA,1999,0.0172566287481359
UGA,2024,0.711051042553324
UGA,2023,1.45187874568621
UGA,2022,1.37573978710851
UGA,2021,0.744614230461867
UGA,2020,0.252231889793945
UGA,2019,0.266865230610442
UGA,2018,0.350411758566397
UGA,2017,0.374878241048121
UGA,2016,0.459348713405027
UGA,2015,0.48170424939709
UGA,2014,0.604683661904989
UGA,2013,0.886734970078216
UGA,2012,1.10642751669081
UGA,2011,1.12817381744177
UGA,2010,1.90384686894177
UGA,2009,2.46285043236365
UGA,2008,2.23975133840974
UGA,2007,2.17189206117311
UGA,2006,2.11282581613079
UGA,2005,2.41799274891198
UGA,2004,0.371713098517081
UGA,2003,0.34518152165646
UGA,2002,1.81303780824033
UGA,2001,3.24813087048735
UGA,2000,4.45196880032573
UGA,1999,0.709100501254624
UGA,1998,1.82982278770281
UGA,1997,0.115775172762046
UGA,1996,0.107090419677277
UGA,1995,0.631144513506387
UGA,1994,0.291634416035388
UKR,2024,8.18038486628225
UKR,2023,5.98222472007035
UKR,2022,8.08380904386312
UKR,2021,13.3174565858135
UKR,2020,11.0877422634527
UKR,2019,9.55193134628034
UKR,2018,9.38430227414885
UKR,2017,9.41641241262383
UKR,2016,7.97283522075588
UKR,2015,9.38171392918825
UKR,2014,9.69361702554444
UKR,2013,8.98527430630586
UKR,2012,7.57914598549043
UKR,2011,8.74589706978953
UKR,2010,8.12828542400859
UKR,2009,6.89443871110542
UKR,2008,6.82167565134447
UKR,2007,6.40853145429686
UKR,2006,6.92489059011881
UKR,2005,7.04988734349557
UKR,2004,6.20671410904734
UKR,2003,6.51814296015948
UKR,2002,8.62422286786132
UKR,2001,10.4403206625015
UKR,2000,14.1301524456446
UKR,1999,12.7800469550347
UKR,1998,12.5382130822996
UKR,1997,10.396229151201
UKR,1996,8.16137734247608
ARE,2023,3.4327739631214
ARE,2022,4.52970103395539
ARE,2021,4.79280902285031
ARE,2020,3.41081233456813
ARE,2019,3.77275733996035
ARE,2018,6.00505065769388
ARE,2017,5.35466404065746
ARE,2016,4.88854854395622
ARE,2015,4.52368131648225
ARE,2014,3.27214956130429
ARE,2013,1.98932139408331
ARE,2012,1.61864434587426
ARE,2011,1.13331007043112
ARE,2010,1.02364676133139
ARE,2009,0.862793085303155
ARE,2008,0.91452342479419
ARE,2007,1.21861594925912
ARE,2006,1.37797638535551
ARE,2005,0.968747921724651
ARE,2004,1.07668388293058
ARE,2003,1.70610997692075
ARE,2002,2.058972392629
ARE,2001,3.70983529958869
ARE,2000,3.17123176217688
ARE,1999,4.01040426808986
ARE,1993,54.886383240713
ARE,1992,67.7339781897313
ARE,1991,78.0927765118536
GBR,2025,5.70704171115552
GBR,2024,4.54180165284014
GBR,2023,4.52329389386415
GBR,2022,6.3443561242002
GBR,2021,6.9118678026751
GBR,2020,6.60053768600958
GBR,2019,3.87668770218372
GBR,2018,3.80493061222039
GBR,2017,3.76091537779836
GBR,2016,3.30367400940286
GBR,2015,3.3447181856556
GBR,2014,3.51067472962863
GBR,2013,3.25105027960383
GBR,2012,3.71702985858318
GBR,2011,4.37928098239928
GBR,2010,3.77754807011745
GBR,2009,3.02029693245409
GBR,2008,4.27586499165398
GBR,2007,4.01010128832781
GBR,2006,3.0910735549954
GBR,2005,2.83972495612444
GBR,2004,2.74305822475285
GBR,2003,2.22918404628181
GBR,2002,2.04908353235747
GBR,2001,2.20906839925781
GBR,2000,2.22085228199581
GBR,1999,1.83878094704542
GBR,1998,2.06261180505803
GBR,1997,2.28011755885262
GBR,1996,2.32520383011763
GBR,1995,2.71189438180429
GBR,1994,2.48589865748493
GBR,1993,2.51332029076689
GBR,1992,2.37002620140419
GBR,1991,2.86379246022276
GBR,1990,3.08455334015457
GBR,1989,3.25209562512269
GBR,1988,3.16514819205787
GBR,1987,2.92200056222746
GBR,1986,3.29976388464664
GBR,1985,2.98758737340043
USA,2024,2.87778686360623
USA,2023,2.8511687408118
USA,2022,3.07529985951185
USA,2021,3.65231110135565
USA,2020,3.21390841591217
USA,2019,2.8211533321336
USA,2018,2.95741195061027
USA,2017,2.74624450462334
USA,2016,2.60130444554912
USA,2015,2.8088360190064
USA,2014,3.06248036458276
USA,2013,3.21071352130306
USA,2012,3.50844555096218
USA,2011,4.02265717679681
USA,2010,3.95873998985648
USA,2009,3.39369213730218
USA,2008,3.96871886047058
USA,2007,3.73864793129764
USA,2006,3.52056099629305
USA,2005,2.7857976488932
USA,2004,2.39014858804396
USA,2003,2.01323529883149
USA,2002,1.91170026820431
USA,2001,1.91205830386319
USA,2000,1.86988994936663
USA,1999,1.76567167818683
USA,1998,1.90405140377849
USA,1997,2.11690771905574
USA,1996,2.17800837933151
USA,1995,2.62197237487825
USA,1994,2.15048546036731
USA,1993,2.09421720177806
USA,1992,2.30243112932218
USA,1991,2.77790675977808
USA,1990,3.04268821212894
USA,1989,3.21408660909693
USA,1987,2.55384204001357
USA,1986,2.6555660309349
USA,1985,2.81506006676623
URY,2024,0.331132184653809
URY,2023,0.355278930515298
URY,2022,0.304286345769239
URY,2021,0.340811844644457
URY,2020,0.385873674975743
URY,2019,0.331000567556373
URY,2018,0.35941392233575
URY,2017,0.319545647864705
URY,2016,0.312914284574473
URY,2015,0.236525973692642
URY,2014,0.286186993540697
URY,2013,0.301652164047018
URY,2012,0.326605593663299
URY,2011,0.340161334055212
URY,2010,0.258529609451583
URY,2009,0.268695472370516
URY,2008,0.376570033697427
URY,2007,0.84826239615519
URY,2006,0.809930898532225
URY,2005,0.515169701998772
URY,2004,0.509229360763127
URY,2003,0.53713700071276
URY,2002,0.451206613411574
URY,2001,0.578066535543876
URY,2000,0.481342281383309
URY,1999,0.434804100586546
URY,1998,0.572995615250669
URY,1997,0.666444312396714
URY,1996,0.625960455667958
URY,1995,0.662542908134165
URY,1994,0.524175849950534
URY,1993,0.446552591922941
URY,1987,0.316523929083608
URY,1986,0.231904310023727
URY,1985,0.19968405506285
UZB,2024,8.10048140248817
UZB,2023,8.39123120304255
UZB,2022,11.2856964615134
UZB,2021,13.9619291123545
UZB,2020,8.33762446780379
UZB,2019,8.37864671560409
UZB,2018,7.6354853444308
UZB,2017,8.20354028371555
VUT,2011,1.56923807506826
VUT,2010,0.149579723792411
VUT,2009,0.712175516247439
VUT,2007,0.00287569067987648
VUT,2006,0.43031580998799
VUT,2000,0.0429313131996406
VUT,1994,0.000207387309594335
VUT,1991,0.0370045365557589
VUT,1990,0.106243490062333
VEN,2013,0.441779842959862
VEN,2012,0.0460182045396548
VEN,2011,0.891443496040358
VEN,2010,2.3573078829314
VEN,2009,1.20638690168558
VEN,2008,1.88460854572586
VEN,2006,2.08818528782387
VEN,2005,2.32505838590638
VEN,2004,3.21971376759069
VEN,2003,4.08245262236796
VEN,2002,4.35033958431729
VEN,2001,3.98947482607954
VEN,2000,3.33227544879703
VEN,1999,4.26300133966284
VEN,1998,5.85597575442254
VEN,1997,4.8056482307645
VEN,1996,4.49239975846932
VEN,1995,6.55661930202742
VEN,1994,5.89376749826447
VEN,1993,5.37565069801416
VEN,1992,6.76270380019404
VEN,1991,7.69936529436233
VEN,1990,7.37221216579258
VEN,1987,5.02195163942421
VEN,1986,5.06845679340767
VEN,1985,6.77495873277036
VNM,2023,1.11053745518843
VNM,2022,1.17550554672327
VNM,2021,1.15683907100239
VNM,2020,1.05424438145282
VNM,2019,1.09068113673607
VNM,2018,1.12953315423142
VNM,2017,1.01499869930366
VNM,2016,0.824603887403562
VNM,2015,0.797117049899595
VNM,2014,0.786280339122938
VNM,2013,0.710582349461454
VNM,2012,0.636657416395891
VNM,2011,0.833895040389376
VNM,2010,1.01634485063783
VNM,2009,0.722575399049385
VNM,2008,0.901530699131761
VNM,2007,0.771353509653311
VNM,2006,0.687448177953374
VNM,2005,0.574678638101654
VNM,2004,0.69603534994892
VNM,2003,0.517852054592614
VNM,2002,0.508523786701465
VNM,2001,0.654006370246594
VNM,2000,0.436402137357543
VNM,1999,0.495626269812491
VNM,1998,0.542089577945449
VNM,1997,0.472684438175447
PSE,2023,14.4323282782474
PSE,2022,15.9148878581792
PSE,2021,13.6197714453218
PSE,2020,10.9690039465975
PSE,2019,10.2211723475195
PSE,2018,12.0538532072502
PSE,2017,8.66561737755397
PSE,2016,6.16683821767458
PSE,2015,8.35860478041684
PSE,2014,9.95820596917778
PSE,2013,12.663643453478
PSE,2012,14.2316179441057
PSE,2011,16.9055645568475
PSE,2010,12.448180568576
PSE,2009,7.21551064834692
PSE,2008,12.5281920933068
PSE,2007,9.38177917614561
PSE,2006,5.28348189080114
PSE,2005,1.51249511215203
PSE,2004,1.80513207458653
PSE,2003,2.9462773249326
PSE,2002,3.66298814551812
PSE,2001,3.34749259708152
PSE,2000,2.55876044384439
YEM,2019,0.0
YEM,2018,2.82180020176709
YEM,2015,0.47428150513596
YEM,2014,0.66927520794855
YEM,2013,0.47522815709816
YEM,2012,0.103141289981742
YEM,2011,0.15816867036602
YEM,2010,0.163699927451738
YEM,2009,0.145151267429537
YEM,2008,0.133969875350638
YEM,2007,0.248243460178679
YEM,2006,0.0860938345770529
YEM,2005,0.0939407080170517
YEM,2004,0.166094467737126
YEM,2003,0.212879113589276
YEM,2002,0.137683661484795
YEM,2001,0.142472350854244
ZMB,2024,72.9899534292382
ZMB,2023,71.3565858556083
ZMB,2022,75.6024881567735
ZMB,2021,79.2520502689073
ZMB,2020,78.8010057390337
ZMB,2019,74.58257510545
ZMB,2018,77.4606084696989
ZMB,2017,79.5303550713286
ZMB,2016,73.2307379852017
ZMB,2015,74.7917338140349
ZMB,2014,73.0113024824784
ZMB,2013,70.5950312224802
ZMB,2012,69.6772640831742
ZMB,2011,78.5928539303859
ZMB,2010,82.3283419185778
ZMB,2009,78.5949410783729
ZMB,2008,79.7857145794274
ZMB,2007,78.115678057786
ZMB,2006,80.8375615687607
ZMB,2005,67.4376806672762
ZMB,2004,46.5515777026805
ZMB,2003,60.0262278586003
ZMB,2002,59.3239690503369
ZMB,2001,60.42152558648
ZMB,2000,64.4408880435118
ZMB,1999,62.8673096145898
ZMB,1998,69.8963770609985
ZMB,1997,77.4006651253511
ZMB,1996,78.3539900516249
ZMB,1995,86.5381177779718
ZMB,1993,88.1791381986028
ZWE,2024,33.8441587265371
ZWE,2023,42.9777779829568
ZWE,2022,40.1848643345893
ZWE,2021,46.030100180394
ZWE,2020,44.7588118464982
ZWE,2019,35.1674796763683
ZWE,2018,30.0734594454263
ZWE,2017,31.2086640347963
ZWE,2016,31.1529142671985
ZWE,2015,31.1220181748029
ZWE,2014,29.9527518117793
ZWE,2013,32.9939638207084
ZWE,2012,40.2623830727427
ZWE,2011,40.6435201173897
ZWE,2010,38.1334746504532
ZWE,2009,25.7209447212092
ZWE,2008,18.2334506305702
ZWE,2007,22.4291920831063
ZWE,2006,7.03409299664565
ZWE,2005,16.8277188038139
ZWE,2004,21.5271344085408
ZWE,2003,23.151671399918
ZWE,2002,30.7167475850409
ZWE,2001,17.678935254187
ZWE,2000,8.6519166034186
ZWE,1999,10.7079416743596
ZWE,1997,9.78240994159449
ZWE,1996,9.65672919203718
ZWE,1995,11.5895188111528
ZWE,1994,9.87770176577234
ZWE,1993,12.4220190195938
ZWE,1992,15.1043961164309
ZWE,1991,14.2954409049551
ZWE,1990,15.9103966318794
ZWE,1986,15.4084875292008
ZWE,1985,16.2554833548614
