iso,year,popgrowth
AFG,2025,2.76719430653303
AFG,2024,2.83657317243522
AFG,2023,2.13559384981397
AFG,2022,1.43570437048699
AFG,2021,2.35609779179185
AFG,2020,3.15360920291972
AFG,2019,2.98438913621969
AFG,2018,2.91080959861384
AFG,2017,2.80833730805469
AFG,2016,2.53571991833963
AFG,2015,3.11995924146907
AFG,2014,3.63251884652008
AFG,2013,3.41822667584596
AFG,2012,4.04786256315645
AFG,2011,3.69150308391849
AFG,2010,2.93468670173474
AFG,2009,3.64638090813246
AFG,2008,2.18654618162979
AFG,2007,1.8925975396006
AFG,2006,4.09270201656348
AFG,2005,3.51921696042587
AFG,2004,3.57583485398158
AFG,2003,6.14519400188515
AFG,2002,5.25202958527833
AFG,2001,0.762004896898895
AFG,2000,1.21217597601851
AFG,1999,3.72811603964771
AFG,1998,3.7646866376293
AFG,1997,3.80450803445817
AFG,1996,4.00540467357125
AFG,1995,4.89368011973163
AFG,1994,8.38872960212999
AFG,1993,11.8072591071712
AFG,1992,8.15641941048095
AFG,1991,1.59132588364829
AFG,1990,1.43458821147838
ALB,2025,-1.16564475393365
ALB,2024,-1.44214414486444
ALB,2023,-1.64410790425763
ALB,2022,-1.54315667695786
ALB,2021,-1.54312080996395
ALB,2020,-1.54315589345436
ALB,2019,-1.54313709096794
ALB,2018,-1.54309991591532
ALB,2017,-1.54315156766944
ALB,2016,-1.54313470861992
ALB,2015,-1.54312006878448
ALB,2014,-1.54313753739282
ALB,2013,-1.54314471365633
ALB,2012,-1.54313670532257
ALB,2011,-0.269017331764615
ALB,2010,-0.49646196338738
ALB,2009,-0.673894046451936
ALB,2008,-0.767342959142321
ALB,2007,-0.75571875541991
ALB,2006,-0.630911244851673
ALB,2005,-0.511790116421897
ALB,2004,-0.417931377925999
ALB,2003,-0.374149169291299
ALB,2002,-0.299876697084691
ALB,2001,-0.93847042771206
ALB,2000,-0.637356833943492
ALB,1999,-0.63335227398725
ALB,1998,-0.629334392525913
ALB,1997,-0.625430096900055
ALB,1996,-0.62151139901728
ALB,1995,-0.617703658436963
ALB,1994,-0.613880506929603
ALB,1993,-0.610165792730247
ALB,1992,-0.606434726201759
ALB,1991,-0.602809679480026
ALB,1990,1.79908559333186
DZA,2025,1.31780475504384
DZA,2024,1.39838651912702
DZA,2023,1.49897601193923
DZA,2022,1.58758210690673
DZA,2021,1.61936460233826
DZA,2020,1.71191216459393
DZA,2019,1.84041291439333
DZA,2018,1.93780623340147
DZA,2017,2.03200060784518
DZA,2016,2.05569111181654
DZA,2015,2.05624795728459
DZA,2014,2.03786524232338
DZA,2013,2.01953115835273
DZA,2012,1.99280790148967
DZA,2011,1.9568943735315
DZA,2010,1.9470588317966
DZA,2009,1.91588522187232
DZA,2008,1.81885306168943
DZA,2007,1.6690716779345
DZA,2006,1.54127363754195
DZA,2005,1.46330884553002
DZA,2004,1.39644042529783
DZA,2003,1.32961524189621
DZA,2002,1.33039477696898
DZA,2001,1.37329134127777
DZA,2000,1.3996685583388
DZA,1999,1.3885288478211
DZA,1998,1.59253627896162
DZA,1997,1.86401965879386
DZA,1996,1.95770195001196
DZA,1995,2.06869750539347
DZA,1994,2.21250190534871
DZA,1993,2.40609915355137
DZA,1992,2.43525019358237
DZA,1991,2.38357644702334
DZA,1990,2.47896733157691
ASM,2025,-1.5863427255336
ASM,2024,-1.60366587175019
ASM,2023,-1.71290294190977
ASM,2022,-1.81008765020754
ASM,2021,-1.0829920166826
ASM,2020,-0.896274880494128
ASM,2019,-1.38257886328442
ASM,2018,-1.32302357149178
ASM,2017,-1.26938746413556
ASM,2016,-1.20431808595042
ASM,2015,-1.10585645130594
ASM,2014,-1.00492136443654
ASM,2013,-0.890369493241287
ASM,2012,-0.742342325127959
ASM,2011,-0.604780136721016
ASM,2010,-0.541732698337665
ASM,2009,-0.538813760911533
ASM,2008,-0.509197909248079
ASM,2007,-0.464054456743541
ASM,2006,-0.43012341626739
ASM,2005,-0.354388346392294
ASM,2004,-0.268918950346124
ASM,2003,-0.159602955841036
ASM,2002,0.015773561790571
ASM,2001,0.347649330019057
ASM,2000,1.07336821798259
ASM,1999,1.63829370882346
ASM,1998,1.77221674438368
ASM,1997,1.87351717706436
ASM,1996,1.96279569672393
ASM,1995,2.05671216036268
ASM,1994,2.15371701014893
ASM,1993,2.26024521597422
ASM,1992,2.38558568502606
ASM,1991,2.62811088695503
ASM,1990,3.15605900743314
AND,2025,1.17204481645642
AND,2024,1.32930689449906
AND,2023,1.43374756867515
AND,2022,1.69676808598242
AND,2021,1.26362889534188
AND,2020,1.17775354895761
AND,2019,1.73050296926809
AND,2018,1.87885332176802
AND,2017,2.16803975005007
AND,2016,0.00969831319383994
AND,2015,-2.14248382559065
AND,2014,-1.95667320426838
AND,2013,-2.15758099819573
AND,2012,-1.22756477898092
AND,2011,-3.68900236441521
AND,2010,-3.86696538756774
AND,2009,0.469582600578118
AND,2008,1.95686286864098
AND,2007,2.83924882561682
AND,2006,2.7567571256705
AND,2005,4.08106927409514
AND,2004,6.73220754538658
AND,2003,4.38331242746588
AND,2002,0.988236936986141
AND,2001,0.253921086430399
AND,2000,-0.038053198830509
AND,1999,0.500412968697236
AND,1998,1.04857897159494
AND,1997,1.11281494023923
AND,1996,0.112591492472177
AND,1995,-1.08930148717707
AND,1994,2.09572588343954
AND,1993,4.97705409023407
AND,1992,6.0480321596983
AND,1991,7.45329468211735
AND,1990,3.83123287796408
AGO,2025,3.00100954627922
AGO,2024,3.04419972245653
AGO,2023,3.08065530722915
AGO,2022,3.14302612044601
AGO,2021,3.18132259995095
AGO,2020,3.26795864914978
AGO,2019,3.38788422184303
AGO,2018,3.45323300897802
AGO,2017,3.54061221486272
AGO,2016,3.57644143982026
AGO,2015,3.60507162233632
AGO,2014,3.73272806660513
AGO,2013,3.84998068971631
AGO,2012,3.88358355528674
AGO,2011,3.8879459971363
AGO,2010,3.85109824897149
AGO,2009,3.80156187494836
AGO,2008,3.77828976645524
AGO,2007,3.74258021023639
AGO,2006,3.68489201610335
AGO,2005,3.64626893356444
AGO,2004,3.59445752400652
AGO,2003,3.49334277776736
AGO,2002,3.40747615681454
AGO,2001,3.35370941359163
AGO,2000,3.31228746945312
AGO,1999,3.29527663572252
AGO,1998,3.34679546644871
AGO,1997,3.39551504166387
AGO,1996,3.3816089218138
AGO,1995,3.33998873703717
AGO,1994,3.24168920160086
AGO,1993,3.19559442992564
AGO,1992,3.27414246108306
AGO,1991,3.35905461487339
AGO,1990,3.39240335400398
ATG,2025,0.464941443253073
ATG,2024,0.487472101887911
ATG,2023,0.511400156215609
ATG,2022,0.530270318994476
ATG,2021,0.546161676855974
ATG,2020,0.526173366134419
ATG,2019,0.480553889847623
ATG,2018,0.504979187034594
ATG,2017,0.553103046635761
ATG,2016,0.624381829779871
ATG,2015,0.722892009464778
ATG,2014,0.792860528793727
ATG,2013,0.917165517536032
ATG,2012,1.06918387987395
ATG,2011,1.17914352935743
ATG,2010,1.35346888620455
ATG,2009,1.50944003614049
ATG,2008,1.46768441039016
ATG,2007,1.35546842030699
ATG,2006,1.23960018151071
ATG,2005,1.12677248463423
ATG,2004,1.06640091579038
ATG,2003,1.09996203153919
ATG,2002,1.25800968019549
ATG,2001,1.53267318275276
ATG,2000,1.67727282735622
ATG,1999,1.71693315212405
ATG,1998,1.89459540759207
ATG,1997,2.04891111658493
ATG,1996,2.06537047537748
ATG,1995,1.99366754947741
ATG,1994,1.89690804434566
ATG,1993,1.820176259723
ATG,1992,1.59169498831994
ATG,1991,0.507699603022036
ATG,1990,-0.409839881846658
ARG,2025,0.339100654860035
ARG,2024,0.345829819817895
ARG,2023,0.286976121920089
ARG,2022,0.210808731072658
ARG,2021,0.265879395046274
ARG,2020,0.484665636741261
ARG,2019,0.710900853077743
ARG,2018,0.822969480473088
ARG,2017,0.881249595012674
ARG,2016,0.968911125580978
ARG,2015,1.04725888735726
ARG,2014,1.0317435786984
ARG,2013,0.992958989681133
ARG,2012,1.0276613644946
ARG,2011,1.06474009749784
ARG,2010,1.05636332156278
ARG,2009,1.05977470732485
ARG,2008,1.01288878477428
ARG,2007,0.991101935066697
ARG,2006,1.02824760534561
ARG,2005,1.02745772191722
ARG,2004,1.01407652046238
ARG,2003,1.0331399769648
ARG,2002,1.06941318335345
ARG,2001,1.09794672757946
ARG,2000,1.13312807570195
ARG,1999,1.15304317167294
ARG,1998,1.17552563201514
ARG,1997,1.21464795933597
ARG,1996,1.25745217924583
ARG,1995,1.3103115077878
ARG,1994,1.3401375748685
ARG,1993,1.35364018555542
ARG,1992,1.38438120034139
ARG,1991,1.43788006980649
ARG,1990,1.49157462934909
ARM,2025,1.73854906675217
ARM,2024,2.30761515133256
ARM,2023,-0.165163937436499
ARM,2022,0.2326562627468
ARM,2021,0.0270096898904032
ARM,2020,-0.0337609726366775
ARM,2019,-0.219168932037313
ARM,2018,-0.349674218173286
ARM,2017,-0.432038450211669
ARM,2016,-0.410212518071397
ARM,2015,-0.305729335573084
ARM,2014,-0.271712284863074
ARM,2013,-0.0694662703047376
ARM,2012,-0.125578337719131
ARM,2011,-0.556590762896162
ARM,2010,-0.693856288987436
ARM,2009,-0.685835845567342
ARM,2008,-0.655422477046795
ARM,2007,-0.631969382170487
ARM,2006,-0.615288463799411
ARM,2005,-0.586251738490671
ARM,2004,-0.554559192905497
ARM,2003,-0.542125640304999
ARM,2002,-0.374321979277905
ARM,2001,-0.289138848080883
ARM,2000,1.68478463633775
ARM,1999,-1.28976124297341
ARM,1998,-1.1739815592385
ARM,1997,-0.994517948945717
ARM,1996,-0.87594292287609
ARM,1995,-1.70949509169847
ARM,1994,-2.60275046427601
ARM,1993,-3.37471864205292
ARM,1992,-1.17220795270319
ARM,1991,1.72619674936504
ARM,1990,3.1174632144082
ABW,2025,0.728852751394889
ABW,2024,0.590657103226071
ABW,2023,0.0456516784920034
ABW,2022,-0.362774222330685
ABW,2021,-0.82021108315363
ABW,2020,-0.565684046703506
ABW,2019,0.270504632854835
ABW,2018,0.158975971141518
ABW,2017,0.007357607309414
ABW,2016,0.75796755862231
ABW,2015,1.02370103122312
ABW,2014,1.06551209965487
ABW,2013,1.49203139661921
ABW,2012,1.46978228958006
ABW,2011,0.736689418341162
ABW,2010,0.230041095930877
ABW,2009,0.678450763317743
ABW,2008,0.762933470313563
ABW,2007,0.746664790352749
ABW,2006,1.79663785158395
ABW,2005,2.59075665615847
ABW,2004,2.13535781849357
ABW,2003,1.13822893851655
ABW,2002,0.692051826700269
ABW,2001,0.93503293482838
ABW,2000,1.03081685259869
ABW,1999,1.35648590551186
ABW,1998,2.4607540856619
ABW,1997,3.87475976651232
ABW,1996,3.95074287081186
ABW,1995,2.80831670109337
ABW,1994,5.17037414583618
ABW,1993,6.5620284925223
ABW,1992,4.61012241010557
ABW,1991,4.88713560049167
ABW,1990,3.75056134586705
AUS,2025,1.53308964338105
AUS,2024,1.98454886891555
AUS,2023,2.43450716351535
AUS,2022,1.28931130985537
AUS,2021,0.14089508329287
AUS,2020,1.23342825131378
AUS,2019,1.47749071058438
AUS,2018,1.49599671041328
AUS,2017,1.64682779735017
AUS,2016,1.56194049810399
AUS,2015,1.43921665259925
AUS,2014,1.49156648912847
AUS,2013,1.721151439989
AUS,2012,1.74582000067359
AUS,2011,1.38952731561803
AUS,2010,1.55570626204128
AUS,2009,2.06083316277243
AUS,2008,2.00391140524272
AUS,2007,1.82499679529254
AUS,2006,1.34945083098893
AUS,2005,1.21729073052406
AUS,2004,1.06919812205752
AUS,2003,1.15019273319182
AUS,2002,1.1375387361946
AUS,2001,1.28396809127349
AUS,2000,1.14447285147721
AUS,1999,1.09397580294231
AUS,1998,0.996734717801419
AUS,1997,1.0820399195962
AUS,1996,1.21385498322201
AUS,1995,1.11373422085118
AUS,1994,0.963092494678111
AUS,1993,0.889539825558206
AUS,1992,1.11959770147047
AUS,1991,1.2746217855676
AUS,1990,1.48004693689661
AUT,2025,0.328301850203979
AUT,2024,0.504879813795986
AUT,2023,0.989464653969154
AUT,2022,0.956287797076634
AUT,2021,0.435671684056384
AUT,2020,0.415176731565556
AUT,2019,0.444673639004876
AUT,2018,0.487071924768999
AUT,2017,0.694621103604983
AUT,2016,1.08139629872802
AUT,2015,1.12099250236958
AUT,2014,0.781541632525841
AUT,2013,0.589387254692989
AUT,2012,0.45593747231891
AUT,2011,0.337080841831645
AUT,2010,0.240394299500766
AUT,2009,0.261953189906348
AUT,2008,0.313041437661508
AUT,2007,0.324146535285463
AUT,2006,0.494797775098466
AUT,2005,0.681267248299787
AUT,2004,0.620413127334181
AUT,2003,0.487133894826838
AUT,2002,0.49198046425522
AUT,2001,0.382799394483217
AUT,2000,0.240466652446524
AUT,1999,0.194563153264961
AUT,1998,0.109728368100981
AUT,1997,0.113316608322994
AUT,1996,0.135019833748789
AUT,1995,0.153106260702748
AUT,1994,0.384869546678302
AUT,1993,0.824627940995206
AUT,1992,1.10055228652823
AUT,1991,0.998418103144403
AUT,1990,0.762001611316115
AZE,2025,0.431945667113889
AZE,2024,0.480155257252915
AZE,2023,0.120242150339289
AZE,2022,0.039507866238038
AZE,2021,0.441197735816311
AZE,2020,0.684365325388407
AZE,2019,0.846646726414021
AZE,2018,0.866316916370841
AZE,2017,0.98126180450475
AZE,2016,1.11785721013911
AZE,2015,1.19120985807018
AZE,2014,1.24820899735588
AZE,2013,1.29344702700591
AZE,2012,1.32876382733755
AZE,2011,1.30300085487651
AZE,2010,1.18978770786007
AZE,2009,2.07614826384645
AZE,2008,2.09985403259251
AZE,2007,1.13385546615645
AZE,2006,1.09858657441812
AZE,2005,1.02226559239828
AZE,2004,0.875427280482454
AZE,2003,0.757650955616913
AZE,2002,0.746173582716985
AZE,2001,0.774765939386613
AZE,2000,0.821519963674211
AZE,1999,0.877598699856844
AZE,1998,0.949138146647058
AZE,1997,0.964673773704232
AZE,1996,1.01179991660887
AZE,1995,1.15566613988888
AZE,1994,1.34847501163452
AZE,1993,1.51580689251655
AZE,1992,1.51162852010951
AZE,1991,1.33044567943037
AZE,1990,1.38441350150675
BHS,2025,0.43515303971882
BHS,2024,0.460334786075668
BHS,2023,0.477303918283875
BHS,2022,0.293483989063331
BHS,2021,0.128749531818761
BHS,2020,0.300555038290333
BHS,2019,0.497339072752345
BHS,2018,0.569969444023085
BHS,2017,0.624247409539043
BHS,2016,0.700545015838571
BHS,2015,0.794122280116855
BHS,2014,0.878822235669929
BHS,2013,0.923627563339724
BHS,2012,1.00108170366546
BHS,2011,1.15016412529445
BHS,2010,1.27841716584672
BHS,2009,1.30111554909733
BHS,2008,1.34543405372794
BHS,2007,1.41342994265638
BHS,2006,1.2946015448339
BHS,2005,1.20292348556941
BHS,2004,1.23306270632529
BHS,2003,1.20019665232897
BHS,2002,1.14581585690751
BHS,2001,1.22793565259293
BHS,2000,1.31201091278679
BHS,1999,1.33738067724252
BHS,1998,1.42560280610243
BHS,1997,1.50236472132864
BHS,1996,1.58198810753699
BHS,1995,1.65630824579208
BHS,1994,1.75900345094607
BHS,1993,1.87510041150555
BHS,1992,1.83396180238937
BHS,1991,1.71953449633695
BHS,1990,1.7426138665052
BHR,2025,0.733516488465226
BHR,2024,0.733546811160036
BHR,2023,3.37686417721007
BHR,2022,1.34221960637543
BHR,2021,2.16102845934147
BHR,2020,-0.781611308056263
BHR,2019,-1.29469437720599
BHR,2018,0.131482303617889
BHR,2017,5.29314527321994
BHR,2016,3.82316300255316
BHR,2015,4.15422184212278
BHR,2014,4.78104318433597
BHR,2013,3.59293039406627
BHR,2012,1.1600872869288
BHR,2011,-2.76659927564461
BHR,2010,4.16585991920366
BHR,2009,6.56869933315068
BHR,2008,5.99407232077657
BHR,2007,7.89230240298341
BHR,2006,7.74778631282051
BHR,2005,7.60408303822153
BHR,2004,7.46118982341814
BHR,2003,7.32007217674901
BHR,2002,7.18117509546341
BHR,2001,3.65488929440491
BHR,2000,2.63695278007044
BHR,1999,2.6346101512442
BHR,1998,2.63458561251159
BHR,1997,2.63544494635445
BHR,1996,2.63339695459039
BHR,1995,2.63111770149598
BHR,1994,2.63203699876798
BHR,1993,2.6307476061814
BHR,1992,2.63004242215019
BHR,1991,-2.30791037210701
BHR,1990,3.45248907691035
BGD,2025,1.21664463269168
BGD,2024,1.21462115417186
BGD,2023,1.22171475464107
BGD,2022,1.02423384746683
BGD,2021,0.814977993693211
BGD,2020,0.836310836229073
BGD,2019,0.84641125179804
BGD,2018,0.820955197842845
BGD,2017,0.850917315689336
BGD,2016,0.892432416039535
BGD,2015,0.89381937776758
BGD,2014,0.911167733810249
BGD,2013,0.938408350120779
BGD,2012,0.958355912717609
BGD,2011,0.908525895582217
BGD,2010,0.876530534249878
BGD,2009,0.931892491457971
BGD,2008,0.9984405660693
BGD,2007,1.07564253185597
BGD,2006,1.16116775095831
BGD,2005,1.2606651625389
BGD,2004,1.36154790691024
BGD,2003,1.45530530506763
BGD,2002,1.54340635736975
BGD,2001,1.66689324749509
BGD,2000,1.82732806740512
BGD,1999,1.89951780093278
BGD,1998,1.88796139153147
BGD,1997,1.85349089461291
BGD,1996,1.82805195849607
BGD,1995,1.85825551797916
BGD,1994,1.85417955110796
BGD,1993,1.86277225280699
BGD,1992,1.8848730627462
BGD,1991,1.91061096227259
BGD,1990,1.9903336888239
BRB,2025,0.0552124454380577
BRB,2024,0.0463878564204179
BRB,2023,0.00637558575909917
BRB,2022,0.0605883465692588
BRB,2021,0.159263661079578
BRB,2020,0.174452216457154
BRB,2019,0.176538259610281
BRB,2018,0.192553930005438
BRB,2017,0.204727378663704
BRB,2016,0.217691837314076
BRB,2015,0.230380947989644
BRB,2014,0.245677832545378
BRB,2013,0.26216966601587
BRB,2012,0.288929228963865
BRB,2011,0.325001827653213
BRB,2010,0.407743308362451
BRB,2009,0.515328376885536
BRB,2008,0.524263979237198
BRB,2007,0.475162083022934
BRB,2006,0.481152127044188
BRB,2005,0.525370422072861
BRB,2004,0.57102921384559
BRB,2003,0.614429662267209
BRB,2002,0.65442252041875
BRB,2001,0.138039405089234
BRB,2000,-0.173090896850965
BRB,1999,0.0308599057983595
BRB,1998,0.0167673981201888
BRB,1997,0.0411682644242812
BRB,1996,0.0934538510922293
BRB,1995,0.160027838504736
BRB,1994,0.226921901192945
BRB,1993,0.291582308049379
BRB,1992,0.34408470557972
BRB,1991,0.30543217651289
BRB,1990,0.183088202476835
BLR,2025,-0.511982816210923
BLR,2024,-0.49881794290787
BLR,2023,-0.540824986374776
BLR,2022,-0.804228426880244
BLR,2021,-0.82823272086807
BLR,2020,-0.42347525027949
BLR,2019,-0.201786600970723
BLR,2018,-0.213824206997671
BLR,2017,-0.109782322950581
BLR,2016,0.0877210878706449
BLR,2015,0.132853236725342
BLR,2014,0.056151567510169
BLR,2013,-0.0383800002667846
BLR,2012,-0.156617600248906
BLR,2011,-0.234282914157686
BLR,2010,-0.218522755959381
BLR,2009,-0.245915441295321
BLR,2008,-0.345415054298517
BLR,2007,-0.458847535622636
BLR,2006,-0.612296198031047
BLR,2005,-0.683005560010688
BLR,2004,-0.682169472243919
BLR,2003,-0.699809190918934
BLR,2002,-0.636565666436346
BLR,2001,-0.512966688341309
BLR,2000,-0.471131334643547
BLR,1999,-0.450029843493719
BLR,1998,-0.450435237181926
BLR,1997,-0.415604443400529
BLR,1996,-0.336671341030207
BLR,1995,-0.324414829587043
BLR,1994,-0.118196017328142
BLR,1993,0.220771793347495
BLR,1992,0.219690718485616
BLR,1991,0.0461355862589733
BLR,1990,0.19006508287506
BEL,2025,0.698907329339411
BEL,2024,0.66555918543206
BEL,2023,0.850263748167955
BEL,2022,0.808165350001861
BEL,2021,0.411601996532257
BEL,2020,0.430996815099722
BEL,2019,0.540461327098122
BEL,2018,0.455184695275022
BEL,2017,0.385228018372369
BEL,2016,0.506300002451376
BEL,2015,0.579446241677791
BEL,2014,0.44392928847521
BEL,2013,0.471340143966627
BEL,2012,0.620163579337378
BEL,2011,1.3010029017038
BEL,2010,0.913639391631709
BEL,2009,0.804599572619861
BEL,2008,0.789976845480149
BEL,2007,0.734330830765919
BEL,2006,0.659558214980699
BEL,2005,0.550055708089009
BEL,2004,0.432788248129175
BEL,2003,0.418641508069053
BEL,2002,0.448268894821562
BEL,2001,0.343951157623668
BEL,2000,0.242517956221334
BEL,1999,0.229189103029716
BEL,1998,0.213527650670943
BEL,1997,0.241991884983082
BEL,1996,0.1953931762382
BEL,1995,0.209436838020324
BEL,1994,0.308197073686726
BEL,1993,0.390638517826929
BEL,1992,0.405713495856337
BEL,1991,0.371593165668169
BEL,1990,0.298235706313592
BLZ,2025,1.39336251081714
BLZ,2024,1.44077799785791
BLZ,2023,2.05772774277288
BLZ,2022,1.85124805102003
BLZ,2021,1.1534704907648
BLZ,2020,1.28323598131052
BLZ,2019,1.46284533510266
BLZ,2018,1.86459847610366
BLZ,2017,2.30310203964335
BLZ,2016,2.32231207163985
BLZ,2015,2.10144194153298
BLZ,2014,2.11317688838933
BLZ,2013,2.13397522406827
BLZ,2012,2.15086754763262
BLZ,2011,2.17847430341063
BLZ,2010,2.41171251993503
BLZ,2009,2.67547057673273
BLZ,2008,2.75172617782414
BLZ,2007,2.81604558312441
BLZ,2006,2.87083521745194
BLZ,2005,2.91740780047982
BLZ,2004,2.95389266992451
BLZ,2003,2.99028222861427
BLZ,2002,3.02567946888712
BLZ,2001,3.09932448206021
BLZ,2000,3.26709202067925
BLZ,1999,3.44226447456504
BLZ,1998,3.4918451808564
BLZ,1997,3.33679111455288
BLZ,1996,2.97472085581548
BLZ,1995,2.50432809859251
BLZ,1994,2.12952750179899
BLZ,1993,2.03124492836904
BLZ,1992,2.08619211260685
BLZ,1991,2.14211305492924
BLZ,1990,2.19179745611304
BEN,2025,2.40291500851022
BEN,2024,2.46175361912328
BEN,2023,2.52274772277722
BEN,2022,2.54740926342667
BEN,2021,2.59230167510348
BEN,2020,2.66259875153288
BEN,2019,2.73538842831436
BEN,2018,2.8136418840483
BEN,2017,2.88117869411855
BEN,2016,2.92460216679542
BEN,2015,2.95391627666724
BEN,2014,2.9550187594558
BEN,2013,2.94885160135819
BEN,2012,2.96766540040992
BEN,2011,2.97782202797765
BEN,2010,2.98424162798508
BEN,2009,2.99903642214246
BEN,2008,3.01959398464251
BEN,2007,2.95509554727715
BEN,2006,3.12066888297415
BEN,2005,3.22061199704122
BEN,2004,3.06173106096489
BEN,2003,3.04920259714654
BEN,2002,3.04010801597376
BEN,2001,3.05435506649292
BEN,2000,3.07665265205002
BEN,1999,3.09369584671073
BEN,1998,3.0829668212606
BEN,1997,2.95210198459104
BEN,1996,2.6166771873555
BEN,1995,2.11424008856257
BEN,1994,3.74003044963406
BEN,1993,4.43675552850148
BEN,1992,3.08954460200877
BEN,1991,3.0846342257467
BEN,1990,3.07281526239198
BMU,2025,-0.125395748331922
BMU,2024,-0.0958758017988935
BMU,2023,-0.0787967316952785
BMU,2022,0.156108751379667
BMU,2021,0.412307799470137
BMU,2020,0.428052860400885
BMU,2019,0.431459657274573
BMU,2018,0.397146720463835
BMU,2017,0.203106496014494
BMU,2016,-0.0236382404794606
BMU,2015,-0.102367855986115
BMU,2014,-0.0708087171509757
BMU,2013,-0.113189762124124
BMU,2012,-0.136600245767712
BMU,2011,0.0125531547811924
BMU,2010,0.251394586009326
BMU,2009,0.417767525195533
BMU,2008,0.459188519616631
BMU,2007,0.279711571071929
BMU,2006,0.19594573954294
BMU,2005,0.249070107845201
BMU,2004,0.270527854058021
BMU,2003,0.391880239398635
BMU,2002,0.443516923428655
BMU,2001,0.513706697004768
BMU,2000,0.694526488745174
BMU,1999,0.796633731004024
BMU,1998,0.764803092230042
BMU,1997,0.606719087580199
BMU,1996,0.480983673904791
BMU,1995,0.559300649360705
BMU,1994,0.640625866899154
BMU,1993,0.69781810683388
BMU,1992,0.726863524436884
BMU,1991,0.735660172807902
BMU,1990,0.749864004764586
BTN,2025,0.649540189970473
BTN,2024,0.651370664586926
BTN,2023,0.698146584889649
BTN,2022,0.703183917780367
BTN,2021,0.703488233671584
BTN,2020,0.675256502719854
BTN,2019,0.66444642692507
BTN,2018,0.716471130925301
BTN,2017,0.86127488782821
BTN,2016,0.973884473914115
BTN,2015,1.01496572424441
BTN,2014,1.07871798585886
BTN,2013,1.10832494505463
BTN,2012,1.10777662014052
BTN,2011,1.0978069996978
BTN,2010,1.0954380761045
BTN,2009,1.10655106118336
BTN,2008,1.12968896454968
BTN,2007,1.16227298430616
BTN,2006,1.34079315421153
BTN,2005,1.72526717067528
BTN,2004,1.99990053168434
BTN,2003,2.10043282502438
BTN,2002,2.2045852261164
BTN,2001,2.30721437926679
BTN,2000,2.42228077592733
BTN,1999,2.28201573945798
BTN,1998,1.9037354324329
BTN,1997,1.79023653749442
BTN,1996,0.144970771387412
BTN,1995,-1.18061827424054
BTN,1994,-0.0317354420831988
BTN,1993,-4.0804037833298
BTN,1992,-3.73868016502051
BTN,1991,1.76562588713205
BTN,1990,2.70054497941616
BOL,2025,1.34850560934918
BOL,2024,1.37206798819615
BOL,2023,1.37334382280772
BOL,2022,1.16425907336882
BOL,2021,1.01931284088344
BOL,2020,1.23396442673807
BOL,2019,1.40657823805422
BOL,2018,1.43337090655267
BOL,2017,1.46124572329841
BOL,2016,1.48970583998181
BOL,2015,1.51686119793977
BOL,2014,1.54455877769864
BOL,2013,1.57374447646261
BOL,2012,1.59965176170266
BOL,2011,1.62276978666345
BOL,2010,1.64440681785103
BOL,2009,1.66527120616965
BOL,2008,1.68811436886035
BOL,2007,1.71051652675101
BOL,2006,1.70464062326774
BOL,2005,1.68564890189224
BOL,2004,1.68272509947837
BOL,2003,1.67509392038728
BOL,2002,1.67248263752338
BOL,2001,1.68688229604066
BOL,2000,1.71712723342906
BOL,1999,1.74582928419343
BOL,1998,1.76561111828867
BOL,1997,1.80569805808475
BOL,1996,1.85028162992902
BOL,1995,1.88896808659587
BOL,1994,1.93553666553041
BOL,1993,1.98359137070415
BOL,1992,2.04005205570035
BOL,1991,2.08394091464415
BOL,1990,2.10292567074217
BIH,2025,-0.766395454237064
BIH,2024,-0.655819991673837
BIH,2023,-0.617510129445164
BIH,2022,-1.24363802761194
BIH,2021,-1.66384860150923
BIH,2020,-1.39008469041609
BIH,2019,-1.23185506471358
BIH,2018,-1.22313569369776
BIH,2017,-1.28437067954589
BIH,2016,-1.30267774814121
BIH,2015,-1.30696713269434
BIH,2014,-1.2829607801223
BIH,2013,-1.62767576055568
BIH,2012,-1.93437927837206
BIH,2011,-1.84492216631166
BIH,2010,-1.77665932121615
BIH,2009,-1.73115539384589
BIH,2008,-1.65511289388464
BIH,2007,-1.23438180520165
BIH,2006,-0.814268145096121
BIH,2005,-1.08029233976901
BIH,2004,-0.902366959162245
BIH,2003,-0.226593575129443
BIH,2002,0.204698282637517
BIH,2001,0.471676305567227
BIH,2000,0.710877055593974
BIH,1999,0.99637536807999
BIH,1998,1.7546739878352
BIH,1997,3.62316159046938
BIH,1996,4.20786610562907
BIH,1995,-0.264696613722251
BIH,1994,-4.6947674302463
BIH,1993,-8.11675269849187
BIH,1992,-5.14845213063333
BIH,1991,0.217604339601392
BIH,1990,0.330285176304849
BWA,2025,1.61250378521521
BWA,2024,1.63538411022867
BWA,2023,1.64031664035479
BWA,2022,1.58848021878269
BWA,2021,1.49130106425067
BWA,2020,1.4394103578493
BWA,2019,1.42262847077389
BWA,2018,1.41898108514606
BWA,2017,1.42047647332447
BWA,2016,1.41970172619868
BWA,2015,1.42753223737773
BWA,2014,1.45441898422222
BWA,2013,1.50921875015756
BWA,2012,1.67774021157009
BWA,2011,1.96877479635498
BWA,2010,2.10943597528371
BWA,2009,2.06587846755776
BWA,2008,2.0082147581123
BWA,2007,1.9381347493906
BWA,2006,1.86517712065057
BWA,2005,1.79499163132533
BWA,2004,1.75338203751141
BWA,2003,1.75962550604573
BWA,2002,1.88080986109573
BWA,2001,2.05763865830609
BWA,2000,2.13210606291764
BWA,1999,2.16069492392568
BWA,1998,2.21541249490062
BWA,1997,2.30264662254376
BWA,1996,2.44368367103611
BWA,1995,2.62366178434921
BWA,1994,2.77143347713386
BWA,1993,2.86304423228008
BWA,1992,2.81282080899369
BWA,1991,2.72429719004269
BWA,1990,2.75036067045791
BRA,2025,0.383150642409967
BRA,2024,0.405467027627251
BRA,2023,0.395928695574996
BRA,2022,0.360180890872169
BRA,2021,0.425360907216456
BRA,2020,0.579350709708032
BRA,2019,0.651994346081362
BRA,2018,0.683439571425594
BRA,2017,0.72824666001736
BRA,2016,0.761972670496742
BRA,2015,0.791721773592796
BRA,2014,0.806314177734439
BRA,2013,0.810511647523289
BRA,2012,0.811598483382088
BRA,2011,0.81381388423754
BRA,2010,0.84088322514573
BRA,2009,0.895632239477021
BRA,2008,0.957984635895359
BRA,2007,1.01236820635667
BRA,2006,1.05833842529955
BRA,2005,1.09590612526605
BRA,2004,1.12991417032023
BRA,2003,1.18021395482771
BRA,2002,1.24142062598122
BRA,2001,1.30335503159977
BRA,2000,1.37521128317928
BRA,1999,1.45652767159292
BRA,1998,1.48772098102752
BRA,1997,1.48650426533337
BRA,1996,1.51410759163045
BRA,1995,1.53901255207011
BRA,1994,1.56329973533197
BRA,1993,1.61992855794359
BRA,1992,1.66724681782032
BRA,1991,1.71576956519978
BRA,1990,1.78613575086263
VGB,2025,0.659068330129875
VGB,2024,1.23892682902476
VGB,2023,1.72311000328138
VGB,2022,1.33986872052852
VGB,2021,1.79872484022046
VGB,2020,2.01285185510385
VGB,2019,4.8931677135622
VGB,2018,5.81552290387566
VGB,2017,-3.54213397683474
VGB,2016,-1.8135515178247
VGB,2015,4.55459685304489
VGB,2014,3.89440691825982
VGB,2013,4.37795543415716
VGB,2012,5.53862651548459
VGB,2011,3.6716015538272
VGB,2010,1.66509594565746
VGB,2009,3.47659578432137
VGB,2008,3.57028666496744
VGB,2007,3.50223322043735
VGB,2006,3.4390199082653
VGB,2005,3.36902915080001
VGB,2004,3.31919840076176
VGB,2003,3.23230783571079
VGB,2002,3.00311489640163
VGB,2001,2.70504102080714
VGB,2000,2.55699302788739
VGB,1999,2.52528303041001
VGB,1998,2.5373788503084
VGB,1997,2.53232763348439
VGB,1996,2.47472977406325
VGB,1995,2.46281527845414
VGB,1994,2.42488985675443
VGB,1993,2.3585156119127
VGB,1992,2.47724687288271
VGB,1991,3.02929939776637
VGB,1990,3.39366850066762
BRN,2025,0.776925734682091
BRN,2024,0.81851878860359
BRN,2023,0.782881746925984
BRN,2022,0.804554269312164
BRN,2021,0.96027430523198
BRN,2020,1.06148281648515
BRN,2019,1.10621350885567
BRN,2018,1.15739958778106
BRN,2017,1.2107045656128
BRN,2016,1.25964272152269
BRN,2015,1.30210359279592
BRN,2014,1.34019436885468
BRN,2013,1.38231470645459
BRN,2012,1.53255515873327
BRN,2011,1.78274591747739
BRN,2010,1.89897689252094
BRN,2009,1.87722246166003
BRN,2008,1.84867406299599
BRN,2007,1.68860465252749
BRN,2006,1.58852615956489
BRN,2005,1.68724773243682
BRN,2004,1.79377776163247
BRN,2003,1.90413711851639
BRN,2002,2.00587619956124
BRN,2001,2.09808399029796
BRN,2000,2.17184750364769
BRN,1999,2.22422733142457
BRN,1998,2.28072165867432
BRN,1997,2.34099524940066
BRN,1996,2.40260865216409
BRN,1995,2.46985364733686
BRN,1994,2.53818018062453
BRN,1993,2.60873227190994
BRN,1992,2.72087553865121
BRN,1991,2.82087413872675
BRN,1990,2.87212106847642
BGR,2025,-0.126123118551665
BGR,2024,-0.0803071609561488
BGR,2023,-0.286577641861364
BGR,2022,-0.650676134087796
BGR,2021,-0.664652622488209
BGR,2020,-1.00293821352921
BGR,2019,-1.41171852077109
BGR,2018,-1.3714611289258
BGR,2017,-1.32391481752631
BGR,2016,-1.29824041616821
BGR,2015,-1.2711551188344
BGR,2014,-1.21450935947823
BGR,2013,-2.01699190933907
BGR,2012,-0.579220596364389
BGR,2011,-0.641228920515067
BGR,2010,-0.658275446635908
BGR,2009,-0.644281362547054
BGR,2008,-0.70192274454598
BGR,2007,-0.735282283991309
BGR,2006,-0.759505915531059
BGR,2005,-0.752977445493645
BGR,2004,-0.754796951273604
BGR,2003,-0.79211363763553
BGR,2002,-2.17069878030004
BGR,2001,-1.99063220438276
BGR,2000,-0.493896416633318
BGR,1999,-0.560648224779443
BGR,1998,-0.66730270106626
BGR,1997,-0.608797354537911
BGR,1996,-0.515729879636827
BGR,1995,-0.44539850047226
BGR,1994,-0.339586079485037
BGR,1993,-0.797665851516421
BGR,1992,-1.07385319076042
BGR,1991,-0.990425980099359
BGR,1990,-1.80375047906806
BFA,2025,2.20824551344995
BFA,2024,2.24597728439097
BFA,2023,2.26973666268599
BFA,2022,2.30907147387783
BFA,2021,2.37649218888363
BFA,2020,2.43522959287393
BFA,2019,2.52989803984158
BFA,2018,2.69713675384815
BFA,2017,2.85291595529266
BFA,2016,2.92508251378454
BFA,2015,2.96196306547686
BFA,2014,2.9733794200807
BFA,2013,3.00083639274971
BFA,2012,3.0171707485343
BFA,2011,2.95657078370668
BFA,2010,2.92577947499021
BFA,2009,2.91916025918168
BFA,2008,2.93816522811728
BFA,2007,3.03277637197036
BFA,2006,3.12034537509581
BFA,2005,3.14680149143287
BFA,2004,3.14512608695879
BFA,2003,3.11812174449527
BFA,2002,3.09039308299234
BFA,2001,3.05099351122556
BFA,2000,2.98414422391968
BFA,1999,2.9303462196778
BFA,1998,2.76403220911076
BFA,1997,2.57799245224128
BFA,1996,2.55894111772828
BFA,1995,2.56393697670826
BFA,1994,2.52154952786592
BFA,1993,2.48654572072589
BFA,1992,2.46694750828756
BFA,1991,2.53625917894951
BFA,1990,2.6348206163474
BDI,2025,2.40689260858279
BDI,2024,2.5839340108674
BDI,2023,2.72764441044431
BDI,2022,2.70585008916716
BDI,2021,2.72425539520386
BDI,2020,2.9086530249822
BDI,2019,3.28367531420808
BDI,2018,3.01898182778662
BDI,2017,2.35048627086438
BDI,2016,1.72186004024144
BDI,2015,2.26851729292704
BDI,2014,3.39447686677984
BDI,2013,3.59186709345175
BDI,2012,3.56852147814432
BDI,2011,3.57769854786004
BDI,2010,4.68101057302388
BDI,2009,5.06613607694958
BDI,2008,4.12553206908571
BDI,2007,3.69817167466282
BDI,2006,3.6016417629351
BDI,2005,3.71426552783148
BDI,2004,3.72769286109058
BDI,2003,3.15909277106132
BDI,2002,2.82021948884885
BDI,2001,2.50568660000274
BDI,2000,2.07761630416467
BDI,1999,2.39621572131493
BDI,1998,1.91022480299428
BDI,1997,-0.00764380652711988
BDI,1996,0.0690460841637087
BDI,1995,5.98577493416484
BDI,1994,0.649848385023095
BDI,1993,-3.14824552751545
BDI,1992,2.67351109579947
BDI,1991,2.06908349172423
BDI,1990,2.0861326947595
CPV,2025,0.465500368710652
CPV,2024,0.486246288487151
CPV,2023,0.497087597239901
CPV,2022,0.596688345869947
CPV,2021,0.38203217521266
CPV,2020,0.11178257414313
CPV,2019,0.134109462358547
CPV,2018,0.101723857752759
CPV,2017,0.0661175101881539
CPV,2016,0.0312210963482392
CPV,2015,0.0132719182020122
CPV,2014,0.0197159536864678
CPV,2013,0.052725108136232
CPV,2012,0.0992767342106355
CPV,2011,0.325685661710053
CPV,2010,0.717181999615317
CPV,2009,0.950085360363308
CPV,2008,1.03555151023311
CPV,2007,1.10689150817132
CPV,2006,1.15040265762577
CPV,2005,1.19132344131983
CPV,2004,1.25679558194683
CPV,2003,1.34770321112892
CPV,2002,1.45645106544752
CPV,2001,1.52715832330257
CPV,2000,1.51097073984668
CPV,1999,1.51982553166013
CPV,1998,1.60125908365746
CPV,1997,1.6815812275736
CPV,1996,1.77250887678015
CPV,1995,1.90171027115883
CPV,1994,2.03480825423247
CPV,1993,2.14999857933375
CPV,1992,2.26976033226457
CPV,1991,2.41007225580579
CPV,1990,2.05192397342069
KHM,2025,1.17893708663597
KHM,2024,1.22593986324555
KHM,2023,1.28320677599476
KHM,2022,1.33088813106016
KHM,2021,1.47677836241244
KHM,2020,1.47062988552696
KHM,2019,1.26258301009769
KHM,2018,1.24368277407927
KHM,2017,1.38176596089867
KHM,2016,1.45860767566845
KHM,2015,1.46023762985186
KHM,2014,1.4824372519955
KHM,2013,1.49510212980529
KHM,2012,1.49998418675996
KHM,2011,1.51839242344005
KHM,2010,1.55621745380597
KHM,2009,1.57665618141569
KHM,2008,1.51791486007376
KHM,2007,1.47554433066197
KHM,2006,1.47594305468246
KHM,2005,1.4576145365221
KHM,2004,1.47375057040259
KHM,2003,1.5110719151833
KHM,2002,1.54239258007881
KHM,2001,1.56166865874357
KHM,2000,1.59016992993238
KHM,1999,1.70665891380385
KHM,1998,4.12422750057528
KHM,1997,6.883669247052
KHM,1996,7.52306354037061
KHM,1995,8.09818955055196
KHM,1994,6.97860299679541
KHM,1993,6.01872150772546
KHM,1992,5.39668671425508
KHM,1991,4.14488021704792
KHM,1990,4.17106846959568
CMR,2025,2.56133847709635
CMR,2024,2.61268294319567
CMR,2023,2.64245336134821
CMR,2022,2.62905090961273
CMR,2021,2.65496076580698
CMR,2020,2.7244863481235
CMR,2019,2.78164441246944
CMR,2018,2.77030987519388
CMR,2017,2.83499798189177
CMR,2016,2.98933225067819
CMR,2015,3.13934346036401
CMR,2014,3.02592195035823
CMR,2013,2.80909371019789
CMR,2012,2.8130471843416
CMR,2011,2.82842297078772
CMR,2010,2.85766146651935
CMR,2009,2.86539222671372
CMR,2008,2.86258453269924
CMR,2007,2.80627824632764
CMR,2006,2.74855128044116
CMR,2005,2.75573848394242
CMR,2004,2.74741504067453
CMR,2003,2.72747133462562
CMR,2002,2.68124815756453
CMR,2001,2.62643255915311
CMR,2000,2.63276307164066
CMR,1999,2.65296340314705
CMR,1998,2.64804169057659
CMR,1997,2.65155206464138
CMR,1996,2.69148816728723
CMR,1995,2.74525060356896
CMR,1994,2.8078428743676
CMR,1993,2.84736268467474
CMR,1992,2.86561545097735
CMR,1991,2.91649859858171
CMR,1990,2.94699987458872
CAN,2025,0.939110272846239
CAN,2024,2.9844051252484
CAN,2023,2.78237404482922
CAN,2022,1.84036295796994
CAN,2021,0.553902422386893
CAN,2020,1.08436897113225
CAN,2019,1.46171259938134
CAN,2018,1.43322615679352
CAN,2017,1.19543575451553
CAN,2016,1.13153974027004
CAN,2015,0.760300145238936
CAN,2014,1.00142284689661
CAN,2013,1.05338098055318
CAN,2012,1.08374652233653
CAN,2011,0.97540725097113
CAN,2010,1.11135202971694
CAN,2009,1.14470768476526
CAN,2008,1.083871149194
CAN,2007,0.970654173316653
CAN,2006,1.01355939144957
CAN,2005,0.94708626967041
CAN,2004,0.932186964148048
CAN,2003,0.899226809998674
CAN,2002,1.08479328329522
CAN,2001,1.0861994547665
CAN,2000,0.931281553452429
CAN,1999,0.812842623716166
CAN,1998,0.829909353323744
CAN,1997,0.993788591465188
CAN,1996,1.04531178311831
CAN,1995,1.03476948386834
CAN,1994,1.09525810706129
CAN,1993,1.09893087887878
CAN,1992,1.18367554138942
CAN,1991,1.24276123131684
CAN,1990,1.50766067284807
CYM,2025,1.84568216276921
CYM,2024,1.92419238887509
CYM,2023,2.00104859136332
CYM,2022,2.09324575309515
CYM,2021,2.05206347593734
CYM,2020,1.9954930548265
CYM,2019,2.08009420729087
CYM,2018,2.15526905432315
CYM,2017,2.24869427399836
CYM,2016,2.33773131582921
CYM,2015,2.43357767472909
CYM,2014,2.53348566839008
CYM,2013,2.6238432105591
CYM,2012,2.71432817487524
CYM,2011,2.74754077100958
CYM,2010,2.77574348652733
CYM,2009,2.827622397931
CYM,2008,2.90387130778235
CYM,2007,2.97206282837332
CYM,2006,3.03959413986438
CYM,2005,3.11724827664581
CYM,2004,3.17657692300086
CYM,2003,3.28550743410603
CYM,2002,3.40929876733717
CYM,2001,3.50443844716451
CYM,2000,3.56640069722567
CYM,1999,3.62244749852824
CYM,1998,3.80643482541395
CYM,1997,4.01856441263758
CYM,1996,4.18683881903638
CYM,1995,4.34111378801683
CYM,1994,4.48809994059442
CYM,1993,4.62563473725116
CYM,1992,4.74738163029526
CYM,1991,4.86088220725656
CYM,1990,4.42349945118073
CAF,2025,3.36794044132968
CAF,2024,3.40139844069992
CAF,2023,1.06107453184959
CAF,2022,-0.275432271573156
CAF,2021,1.68608971248183
CAF,2020,1.64324789708014
CAF,2019,1.34469255324203
CAF,2018,1.76068487647458
CAF,2017,1.67978155291511
CAF,2016,1.80553237158984
CAF,2015,0.132677645471712
CAF,2014,-0.415235398986532
CAF,2013,0.682377856508138
CAF,2012,0.998867377606297
CAF,2011,1.59035970102042
CAF,2010,-0.799202484181735
CAF,2009,-0.65882495965577
CAF,2008,2.1330142206447
CAF,2007,1.92738176317224
CAF,2006,2.04865266623958
CAF,2005,2.2634335589763
CAF,2004,2.16355960798951
CAF,2003,2.39269152862068
CAF,2002,2.18516803355959
CAF,2001,2.2204466205594
CAF,2000,2.74955419856204
CAF,1999,2.73513141405881
CAF,1998,2.7130114137794
CAF,1997,2.74815236149256
CAF,1996,2.59191336397251
CAF,1995,2.7279293178596
CAF,1994,3.12114580888137
CAF,1993,3.18551160699761
CAF,1992,3.17660886218298
CAF,1991,3.12894145604828
CAF,1990,3.10993470955643
TCD,2025,3.41211675890953
TCD,2024,4.94853027382671
TCD,2023,4.57399213394625
TCD,2022,3.45668911084691
TCD,2021,3.44423869357111
TCD,2020,3.18197036099619
TCD,2019,3.21991132048391
TCD,2018,3.35956028710956
TCD,2017,3.30639583736028
TCD,2016,3.13868697646131
TCD,2015,3.18336105662872
TCD,2014,3.56998697827762
TCD,2013,3.5694788341769
TCD,2012,3.51265481153462
TCD,2011,3.53020185416521
TCD,2010,3.46077094768596
TCD,2009,3.57296976276489
TCD,2008,3.49922011538019
TCD,2007,3.44475544445336
TCD,2006,3.59763738193098
TCD,2005,4.03110110056051
TCD,2004,4.4546309402426
TCD,2003,3.9958067889148
TCD,2002,3.48319249588089
TCD,2001,3.3732389780589
TCD,2000,3.45886279310456
TCD,1999,3.51320614922956
TCD,1998,3.44028362441506
TCD,1997,3.45193185234224
TCD,1996,4.429169919678
TCD,1995,4.40674928139961
TCD,1994,2.30098346349967
TCD,1993,2.35805086936322
TCD,1992,4.2431121638925
TCD,1991,3.65701555224212
TCD,1990,2.76650764072333
CHI,2025,0.202025072
CHI,2024,0.25906981677504
CHI,2023,0.284259058075622
CHI,2022,0.283869921965387
CHI,2021,0.30392604241618
CHI,2020,0.359172843142478
CHI,2019,0.417438625700863
CHI,2018,0.38266747377841
CHI,2017,0.265690188653133
CHI,2016,0.262115340226344
CHI,2015,0.446380040967648
CHI,2014,0.584896106024657
CHI,2013,0.626273191358049
CHI,2012,0.662148684316799
CHI,2011,0.681691594926131
CHI,2010,0.70224119137965
CHI,2009,0.702731939855193
CHI,2008,0.705129687243067
CHI,2007,0.707543263751395
CHI,2006,0.70801362983327
CHI,2005,0.712404500701567
CHI,2004,0.712216582260157
CHI,2003,0.717325515279559
CHI,2002,0.690255844571338
CHI,2001,0.498384652290452
CHI,2000,0.376103046296504
CHI,1999,0.440128401854177
CHI,1998,0.47216244923927
CHI,1997,0.444857971479324
CHI,1996,0.218698077621589
CHI,1995,0.057849249228729
CHI,1994,0.123385747713563
CHI,1993,0.173272581725528
CHI,1992,0.32110532016154
CHI,1991,0.822677561252511
CHI,1990,1.11460526770246
CHL,2025,0.480257021978241
CHL,2024,0.537425495656651
CHL,2023,0.53962870957127
CHL,2022,0.495789591494285
CHL,2021,0.441498091207504
CHL,2020,0.896491953505063
CHL,2019,1.59911795256016
CHL,2018,1.78538584857741
CHL,2017,1.58394825779579
CHL,2016,1.2094154366484
CHL,2015,1.0215666887643
CHL,2014,0.996818460180589
CHL,2013,0.95374468290385
CHL,2012,0.959562935237505
CHL,2011,0.986604121119825
CHL,2010,1.00455362363927
CHL,2009,1.00886800592722
CHL,2008,0.999137869915681
CHL,2007,0.978803488234499
CHL,2006,0.976434392610197
CHL,2005,0.992481122862039
CHL,2004,1.00938163923532
CHL,2003,1.04651515030085
CHL,2002,1.10379186272101
CHL,2001,1.15569441781061
CHL,2000,1.19601925947085
CHL,1999,1.25802753178631
CHL,1998,1.29984189219994
CHL,1997,1.33747554386278
CHL,1996,1.41256567140629
CHL,1995,1.46395387384967
CHL,1994,1.50594720365816
CHL,1993,1.55575470326431
CHL,1992,1.61244609996212
CHL,1991,1.66290007957355
CHL,1990,1.66722675551771
CHN,2025,-0.169770885652674
CHN,2024,-0.123063407363995
CHN,2023,-0.103794531589067
CHN,2022,-0.0130995013525784
CHN,2021,0.0892522000412526
CHN,2020,0.238040870229883
CHN,2019,0.354740890170827
CHN,2018,0.467672053461959
CHN,2017,0.605245013482969
CHN,2016,0.573050906069647
CHN,2015,0.581456146657648
CHN,2014,0.630326389541893
CHN,2013,0.666072977690069
CHN,2012,0.678345458846803
CHN,2011,0.546457594880274
CHN,2010,0.482959688678361
CHN,2009,0.497381400884935
CHN,2008,0.51238693163744
CHN,2007,0.522271866392275
CHN,2006,0.558374367373002
CHN,2005,0.588124989556992
CHN,2004,0.593932815112141
CHN,2003,0.622860936133583
CHN,2002,0.669999567758626
CHN,2001,0.726380637838525
CHN,2000,0.787956592953992
CHN,1999,0.865851392993279
CHN,1998,0.959550406298151
CHN,1997,1.02345002419879
CHN,1996,1.04814151412165
CHN,1995,1.08650915088974
CHN,1994,1.13026063215591
CHN,1993,1.14961943083465
CHN,1992,1.2255362283362
CHN,1991,1.36443400840349
CHN,1990,1.46730321087928
COL,2025,1.01451696044498
COL,2024,1.07447920962035
COL,2023,1.12092864340999
COL,2022,1.06829295530618
COL,2021,1.09642825395961
COL,2020,1.43632167326968
COL,2019,1.78615507724394
COL,2018,1.83913784861099
COL,2017,1.45147726169193
COL,2016,0.990548549326914
COL,2015,0.864942376762699
COL,2014,0.892711563926366
COL,2013,0.948709328751527
COL,2012,1.00290782655336
COL,2011,1.07133727666266
COL,2010,1.13596836363633
COL,2009,1.16491370094378
COL,2008,1.20339154806457
COL,2007,1.26689099629201
COL,2006,1.32542990992624
COL,2005,1.4002642115634
COL,2004,1.46883725533231
COL,2003,1.5081090586904
COL,2002,1.53792282248162
COL,2001,1.57194688390217
COL,2000,1.63798274950516
COL,1999,1.73833578882204
COL,1998,1.79149449060697
COL,1997,1.78958066993845
COL,1996,1.82129460113512
COL,1995,1.9096370992151
COL,1994,1.97202887200902
COL,1993,1.99678655879278
COL,1992,1.98094862084333
COL,1991,2.00897406347511
COL,1990,2.06742882129527
COM,2025,1.85420936957363
COM,2024,1.89182789744612
COM,2023,1.92327433672711
COM,2022,1.93837687010445
COM,2021,1.97631988078353
COM,2020,1.96199379762606
COM,2019,1.92385702700328
COM,2018,1.95274153616222
COM,2017,1.99257798738542
COM,2016,2.05111578193354
COM,2015,2.11093338446849
COM,2014,2.17541496047092
COM,2013,2.11384957294193
COM,2012,2.01149862727803
COM,2011,1.99871797531046
COM,2010,1.98790768401212
COM,2009,1.98865318234701
COM,2008,1.98685114604965
COM,2007,1.99305922756432
COM,2006,2.0170547631074
COM,2005,2.04084019817184
COM,2004,1.89592485384757
COM,2003,1.92701943618421
COM,2002,2.11608023442771
COM,2001,2.05675116831034
COM,2000,1.91989444545768
COM,1999,1.78213857663893
COM,1998,1.72206986217565
COM,1997,1.72218731995402
COM,1996,1.72199066913724
COM,1995,1.73619184593212
COM,1994,1.77024659975985
COM,1993,1.82558236566461
COM,1992,2.07617358522542
COM,1991,2.43526463269378
COM,1990,2.61904296351893
COD,2025,3.20249618590858
COD,2024,3.24257627586721
COD,2023,3.25963514299902
COD,2022,3.2234019442495
COD,2021,3.23790848096045
COD,2020,3.22098049233111
COD,2019,3.1695285579572
COD,2018,3.34726508426912
COD,2017,3.65684620577994
COD,2016,3.54100823238224
COD,2015,3.3022434270539
COD,2014,3.39069033335839
COD,2013,3.40170849300578
COD,2012,3.33860489598034
COD,2011,3.28016564590395
COD,2010,3.18751592835336
COD,2009,3.09097719189927
COD,2008,3.01581282864875
COD,2007,3.02531584938763
COD,2006,3.08284543640824
COD,2005,3.07172770424984
COD,2004,2.94457864295254
COD,2003,2.92124332432638
COD,2002,3.05620605844951
COD,2001,3.1670663452371
COD,2000,3.20780748301006
COD,1999,3.35830626776397
COD,1998,2.7168325472246
COD,1997,1.60697628662433
COD,1996,1.92231853470865
COD,1995,4.15133342018812
COD,1994,4.73302553589306
COD,1993,3.57407160295395
COD,1992,3.37819074562411
COD,1991,3.32896574554935
COD,1990,3.31797538712724
COG,2025,2.36370989746216
COG,2024,2.39829082784283
COG,2023,2.41919038084212
COG,2022,2.39665300284304
COG,2021,2.39414288318435
COG,2020,2.39477691216791
COG,2019,2.40634419722279
COG,2018,2.43884022378671
COG,2017,2.43024073423953
COG,2016,2.42169941927317
COG,2015,2.41638740919909
COG,2014,2.41608932821437
COG,2013,2.43092781986762
COG,2012,2.79640825415116
COG,2011,3.25058981932031
COG,2010,4.14243050486562
COG,2009,3.99594017742806
COG,2008,3.28885266905607
COG,2007,3.65924543843284
COG,2006,3.74399199815897
COG,2005,3.60380377830421
COG,2004,3.41769832826944
COG,2003,2.79519896193446
COG,2002,2.36249435317099
COG,2001,3.77361792459761
COG,2000,3.83186610159414
COG,1999,2.70071143354333
COG,1998,2.19871345259958
COG,1997,2.13764124883637
COG,1996,2.77351309990398
COG,1995,2.81495847083628
COG,1994,2.96210080829983
COG,1993,2.95877222797506
COG,1992,2.82732962442827
COG,1991,2.84375270288645
COG,1990,2.85491548331506
CRI,2025,0.448125104429705
CRI,2024,0.476482848761595
CRI,2023,0.46646444898736
CRI,2022,0.429453043658398
CRI,2021,0.508564932290693
CRI,2020,0.6929953994471
CRI,2019,0.838278384859255
CRI,2018,0.904494518403601
CRI,2017,0.944345948457895
CRI,2016,1.01105286688192
CRI,2015,1.06246520512643
CRI,2014,1.07499865275958
CRI,2013,1.11328546681261
CRI,2012,1.16676672488044
CRI,2011,1.17549258554055
CRI,2010,1.24057536472066
CRI,2009,1.33639622760454
CRI,2008,1.35616451871952
CRI,2007,1.35398044462869
CRI,2006,1.40053416057494
CRI,2005,1.44571011925289
CRI,2004,1.47010716590985
CRI,2003,1.53582870223889
CRI,2002,1.65151245454059
CRI,2001,1.79219125961783
CRI,2000,1.93953648052985
CRI,1999,2.07368143393479
CRI,1998,2.16793763840442
CRI,1997,2.25938084660032
CRI,1996,2.34382507825926
CRI,1995,2.40636903822296
CRI,1994,2.45483655616742
CRI,1993,2.50102787685133
CRI,1992,2.53101725222341
CRI,1991,2.5450931455096
CRI,1990,2.52640419852885
CIV,2025,2.40496595908985
CIV,2024,2.43618201263834
CIV,2023,2.50384681190665
CIV,2022,2.51622934953513
CIV,2021,2.47398737434864
CIV,2020,2.53019803537112
CIV,2019,2.61916841176218
CIV,2018,2.69696827034562
CIV,2017,2.82237176165589
CIV,2016,2.90076810314127
CIV,2015,2.88906178023194
CIV,2014,2.42493545476417
CIV,2013,1.99427988380631
CIV,2012,2.08872019159152
CIV,2011,2.17265768049368
CIV,2010,2.20359114199838
CIV,2009,2.22245214914258
CIV,2008,2.27477682329573
CIV,2007,2.3271214491968
CIV,2006,2.35559796287643
CIV,2005,2.38748971138117
CIV,2004,2.42497124712807
CIV,2003,2.49227881118865
CIV,2002,2.58396350857445
CIV,2001,2.67539291726228
CIV,2000,2.76729583954346
CIV,1999,3.25878249601035
CIV,1998,3.7715073412938
CIV,1997,3.84212357223658
CIV,1996,3.87367317960594
CIV,1995,3.90104410052876
CIV,1994,3.93475451975512
CIV,1993,3.97762421552749
CIV,1992,3.99092066742327
CIV,1991,3.97333758123589
CIV,1990,3.93204869696274
HRV,2025,0.258317977905583
HRV,2024,0.168627948783285
HRV,2023,0.104856226330186
HRV,2022,-0.603521952188318
HRV,2021,-0.904000889163613
HRV,2020,-0.894863743984583
HRV,2019,-0.992302961069294
HRV,2018,-1.31087324504252
HRV,2017,-1.60675520461679
HRV,2016,-1.08634598144505
HRV,2015,-1.19410185876662
HRV,2014,-0.766382113019195
HRV,2013,-0.622679127955842
HRV,2012,-0.474278461071106
HRV,2011,-0.345264228485821
HRV,2010,-0.226821270818422
HRV,2009,-0.10502751669287
HRV,2008,-0.0118794578559279
HRV,2007,-0.0218526602655707
HRV,2006,0.0235231237565747
HRV,2005,0.128732789322745
HRV,2004,0.0279042785156658
HRV,2003,0.0284699231131846
HRV,2002,0.0588712912047699
HRV,2001,-3.8476707266781
HRV,2000,-0.986434858645568
HRV,1999,-0.432031162225091
HRV,1998,-0.061431194309139
HRV,1997,-0.487835515074698
HRV,1996,-1.37154005901268
HRV,1995,-0.690119513541903
HRV,1994,1.11454431106051
HRV,1993,0.537147004460399
HRV,1992,-2.44385513691215
HRV,1991,-1.86657353088556
HRV,1990,0.211805086145315
CUB,2025,-0.388557565092683
CUB,2024,-0.364986968189241
CUB,2023,-0.361317873522215
CUB,2022,-0.562151275082133
CUB,2021,-0.486006262271645
CUB,2020,-0.236755669324081
CUB,2019,-0.216424863402489
CUB,2018,-0.1843030451865
CUB,2017,-0.157976772172404
CUB,2016,-0.0838750367097098
CUB,2015,-0.0949432805207596
CUB,2014,-0.109741702698894
CUB,2013,-0.0443159532912746
CUB,2012,0.0141917100302061
CUB,2011,0.0368335212213653
CUB,2010,0.023813604568028
CUB,2009,0.0261838045235437
CUB,2008,0.0397714096996831
CUB,2007,0.0773027495682228
CUB,2006,0.141927411231616
CUB,2005,0.211525541164423
CUB,2004,0.261696675732895
CUB,2003,0.28557024938914
CUB,2002,0.298241158634859
CUB,2001,0.314767893063089
CUB,2000,0.332523063476085
CUB,1999,0.339423118944191
CUB,1998,0.333850361499209
CUB,1997,0.327177811070877
CUB,1996,0.334878342165694
CUB,1995,0.360738635076928
CUB,1994,0.41413869035025
CUB,1993,0.510755528742472
CUB,1992,0.633956474992599
CUB,1991,0.804156611215522
CUB,1990,0.931316010174928
CUW,2025,0.189603874500038
CUW,2024,0.845408275786684
CUW,2023,0.865660085534404
CUW,2022,-0.408112025783182
CUW,2021,-0.991508623687595
CUW,2020,-1.25208156177086
CUW,2019,-1.19643951751799
CUW,2018,-0.525178744011738
CUW,2017,0.319536038312865
CUW,2016,1.06031644056836
CUW,2015,1.31959390251523
CUW,2014,1.34764139563651
CUW,2013,1.13367890654299
CUW,2012,0.829929595036991
CUW,2011,1.42089766276671
CUW,2010,1.26551415533004
CUW,2009,0.65115206175087
CUW,2008,1.25822530732751
CUW,2007,1.97486219793502
CUW,2006,2.56811425717747
CUW,2005,2.55007380740239
CUW,2004,1.72502952808587
CUW,2003,2.06210246711066
CUW,2002,0.122361119924304
CUW,2001,-3.6617798581649
CUW,2000,-4.07538613162288
CUW,1999,-3.55373781613171
CUW,1998,-1.70475050957122
CUW,1997,0.443290344067027
CUW,1996,0.800841487823614
CUW,1995,0.351314684120746
CUW,1994,0.229122133675804
CUW,1993,0.268553408849753
CUW,1992,-0.340600020579915
CUW,1991,-0.688056323323484
CUW,1990,-1.05153583877637
CYP,2025,0.914028750872649
CYP,2024,0.984449687113221
CYP,2023,1.0167681770201
CYP,2022,1.06174678712373
CYP,2021,1.1499785451605
CYP,2020,1.20329712567783
CYP,2019,1.24612155650882
CYP,2018,1.30393306995205
CYP,2017,1.377808546931
CYP,2016,1.43370522557944
CYP,2015,1.46213136863434
CYP,2014,1.50114149056878
CYP,2013,1.57480485967812
CYP,2012,1.63540837414934
CYP,2011,1.6424698555703
CYP,2010,1.64898311615441
CYP,2009,1.66746501269811
CYP,2008,1.69266521990115
CYP,2007,1.72029297747734
CYP,2006,1.74760698284514
CYP,2005,1.77957653069647
CYP,2004,1.8127204878139
CYP,2003,1.83243139832695
CYP,2002,1.77978522540643
CYP,2001,1.72198539478757
CYP,2000,1.74925863858297
CYP,1999,1.80806341864318
CYP,1998,1.87410706426377
CYP,1997,1.94374848704265
CYP,1996,2.01901883303889
CYP,1995,2.11187434623439
CYP,1994,2.23065319444484
CYP,1993,1.91807881710741
CYP,1992,1.41642910298543
CYP,1991,1.33474335456999
CYP,1990,1.39626772860371
CZE,2025,-0.16657564691038
CZE,2024,0.376553049157494
CZE,2023,1.78238907045946
CZE,2022,1.5709725672011
CZE,2021,-1.81187141002542
CZE,2020,0.243222682211879
CZE,2019,0.393788864202175
CZE,2018,0.334427262299794
CZE,2017,0.265642663548985
CZE,2016,0.192048415842684
CZE,2015,0.196588748472653
CZE,2014,0.105277581527518
CZE,2013,0.0331699460503076
CZE,2012,0.139925655740972
CZE,2011,0.206747667335417
CZE,2010,0.29136167418042
CZE,2009,0.569729451418061
CZE,2008,0.829412602993033
CZE,2007,0.583542205385113
CZE,2006,0.270795629232185
CZE,2005,0.138325980046718
CZE,2004,0.0304348483027166
CZE,2003,-0.028620590719166
CZE,2002,-0.192901617564167
CZE,2001,-0.375719704335905
CZE,2000,-0.280414108078884
CZE,1999,-0.102175934295454
CZE,1998,-0.0947447516571582
CZE,1997,-0.107762749274352
CZE,1996,-0.11638129923463
CZE,1995,-0.0613140627238111
CZE,1994,0.0361217655856125
CZE,1993,0.103947042476644
CZE,1992,0.102241165106867
CZE,1991,-0.240064841789636
CZE,1990,-0.267830773210837
DNK,2025,0.536903805914283
DNK,2024,0.503861198167737
DNK,2023,0.741185515720057
DNK,2022,0.787502464739957
DNK,2021,0.433414489409722
DNK,2020,0.291641177476633
DNK,2019,0.358130915892652
DNK,2018,0.495838925879129
DNK,2017,0.643350903737356
DNK,2016,0.780392644135167
DNK,2015,0.706423849687002
DNK,2014,0.507053283010163
DNK,2013,0.416901360752097
DNK,2012,0.376272242619955
DNK,2011,0.411737855195019
DNK,2010,0.444197154509531
DNK,2009,0.535079062079429
DNK,2008,0.587547590258978
DNK,2007,0.443466054321374
DNK,2006,0.328645158919929
DNK,2005,0.275481733409308
DNK,2004,0.258432282052875
DNK,2003,0.272010444031566
DNK,2002,0.319487125340996
DNK,2001,0.358315678955486
DNK,2000,0.334233618829261
DNK,1999,0.330886246186545
DNK,1998,0.363162523600756
DNK,1997,0.415564969331455
DNK,1996,0.565926341934592
DNK,1995,0.520962181078711
DNK,1994,0.337707376243322
DNK,1993,0.333166395661953
DNK,1992,0.330671401713551
DNK,1991,0.259518212115074
DNK,1990,0.162456320242469
DJI,2025,1.30518794764358
DJI,2024,1.3592172957681
DJI,2023,1.38410272350128
DJI,2022,1.40352932560807
DJI,2021,1.44268944208775
DJI,2020,1.50228656339009
DJI,2019,1.55766086478885
DJI,2018,1.60259372935612
DJI,2017,1.64286125399062
DJI,2016,1.68519891610854
DJI,2015,1.73961273409176
DJI,2014,1.80056496059208
DJI,2013,1.85261177020025
DJI,2012,1.8993890613377
DJI,2011,1.94884944824561
DJI,2010,2.03332270229716
DJI,2009,2.08325510197307
DJI,2008,2.06043519210448
DJI,2007,2.16896750475782
DJI,2006,1.95849040506805
DJI,2005,1.56648498246787
DJI,2004,1.53756010632665
DJI,2003,2.23054155487864
DJI,2002,3.09696092483835
DJI,2001,3.16034601005493
DJI,2000,3.13983453232405
DJI,1999,3.49382600154796
DJI,1998,4.01682100112432
DJI,1997,3.55583927718347
DJI,1996,2.38402702915598
DJI,1995,1.01034052435923
DJI,1994,2.00900423413595
DJI,1993,-1.89724740533846
DJI,1992,-0.808530681693408
DJI,1991,8.52204178299047
DJI,1990,10.1971224309312
DMA,2025,-0.505770483641074
DMA,2024,-0.459632350460969
DMA,2023,-0.473991407609536
DMA,2022,-0.561078261856387
DMA,2021,-0.550548598917183
DMA,2020,-0.453294538586472
DMA,2019,-0.432182012456847
DMA,2018,-0.471208891199626
DMA,2017,-1.60754211187345
DMA,2016,-1.14845280097172
DMA,2015,0.0525631657968539
DMA,2014,0.9394164226089
DMA,2013,0.860031375499996
DMA,2012,0.094086320276983
DMA,2011,0.281339010328044
DMA,2010,-0.00726095133303796
DMA,2009,0.0145224299184914
DMA,2008,0.0101669559495206
DMA,2007,0.059570080147079
DMA,2006,0.104696825035423
DMA,2005,0.123741672326271
DMA,2004,0.172036782480506
DMA,2003,0.239594557194758
DMA,2002,0.115619638945565
DMA,2001,-0.326026063827631
DMA,2000,-0.522635323904246
DMA,1999,-0.368132363513844
DMA,1998,-0.252848288556863
DMA,1997,-0.16004732741785
DMA,1996,-0.0849660546943118
DMA,1995,-0.0115152649357831
DMA,1994,0.0633503728623354
DMA,1993,0.155666731732821
DMA,1992,0.0418407029570831
DMA,1991,-0.476523867679645
DMA,1990,-0.752614798747924
DOM,2025,0.809920950082305
DOM,2024,0.846199988604412
DOM,2023,0.891159203732232
DOM,2022,0.959629735113671
DOM,2021,1.04082961778304
DOM,2020,1.04334076460591
DOM,2019,1.0333133463082
DOM,2018,1.07428473724925
DOM,2017,1.08787494846018
DOM,2016,1.11122425240832
DOM,2015,1.14988204322301
DOM,2014,1.18674032060011
DOM,2013,1.21814094005704
DOM,2012,1.24691664021516
DOM,2011,1.26934108138221
DOM,2010,1.28013209833069
DOM,2009,1.26774062661765
DOM,2008,1.23469232350419
DOM,2007,1.21803887479734
DOM,2006,1.25120281923629
DOM,2005,1.31090240619311
DOM,2004,1.37429292476688
DOM,2003,1.43989527377933
DOM,2002,1.50182779865574
DOM,2001,1.57295522360966
DOM,2000,1.62045560357101
DOM,1999,1.62144133588108
DOM,1998,1.65352423438546
DOM,1997,1.74230660119003
DOM,1996,1.81876652347671
DOM,1995,1.87366695978571
DOM,1994,1.91867451075805
DOM,1993,1.95588671013188
DOM,1992,2.00207035295166
DOM,1991,2.0578790631895
DOM,1990,2.10374678686355
ECU,2025,0.847864596028112
ECU,2024,0.860548498593581
ECU,2023,0.872456027022398
ECU,2022,0.796723652034201
ECU,2021,0.774314023514489
ECU,2020,1.18125258230486
ECU,2019,1.68935479627168
ECU,2018,1.71572391035149
ECU,2017,1.52946083980042
ECU,2016,1.45809147770557
ECU,2015,1.43093059839379
ECU,2014,1.43205886583809
ECU,2013,1.49740896116979
ECU,2012,1.59213440589397
ECU,2011,1.6415369766541
ECU,2010,1.67708805313164
ECU,2009,1.7057702083506
ECU,2008,1.70519778784789
ECU,2007,1.70789173160639
ECU,2006,1.7182541754606
ECU,2005,1.72987869573938
ECU,2004,1.75235156486952
ECU,2003,1.76411317879339
ECU,2002,1.74851970226664
ECU,2001,1.73078123060297
ECU,2000,1.73622001498213
ECU,1999,1.77669252856716
ECU,1998,1.81253773221791
ECU,1997,1.84701407802257
ECU,1996,1.88400623342994
ECU,1995,1.90154880558548
ECU,1994,1.93487740447413
ECU,1993,2.02997298367132
ECU,1992,2.10568663668025
ECU,1991,2.16013714348183
ECU,1990,2.23823125724436
EGY,2025,1.55618628611795
EGY,2024,1.73324205302065
EGY,2023,1.68834126904494
EGY,2022,1.48609697540294
EGY,2021,1.4908053906311
EGY,2020,1.62495386951696
EGY,2019,1.75497438173801
EGY,2018,1.89713831833082
EGY,2017,1.99817843887244
EGY,2016,2.03468294927084
EGY,2015,2.09892554805563
EGY,2014,2.27643956620182
EGY,2013,2.30526364315625
EGY,2012,2.24475795490011
EGY,2011,2.1044607622412
EGY,2010,1.91795124102801
EGY,2009,1.88836522446639
EGY,2008,1.86740413264217
EGY,2007,1.88753217077119
EGY,2006,1.95291342300488
EGY,2005,2.02220952721924
EGY,2004,2.06437734857129
EGY,2003,2.09545323003183
EGY,2002,2.10372359745955
EGY,2001,2.12380362345226
EGY,2000,2.16091978529782
EGY,1999,2.23056416641405
EGY,1998,2.18480759530922
EGY,1997,2.07255934283796
EGY,1996,2.07336196347662
EGY,1995,2.10420542038277
EGY,1994,2.15400517051219
EGY,1993,2.30727793019304
EGY,1992,2.3894924999556
EGY,1991,2.7569751613283
EGY,1990,2.92960944817985
SLV,2025,0.429954275845337
SLV,2024,0.451762522948611
SLV,2023,0.465531145369394
SLV,2022,0.39146192798287
SLV,2021,0.338002420196154
SLV,2020,0.198362574897496
SLV,2019,0.0403628806830014
SLV,2018,0.100922206462958
SLV,2017,0.205133928097967
SLV,2016,0.276539934558171
SLV,2015,0.335654632494608
SLV,2014,0.392073398284828
SLV,2013,0.405850184762601
SLV,2012,0.390819912101065
SLV,2011,0.359883978139975
SLV,2010,0.329632681613896
SLV,2009,0.314334857085954
SLV,2008,0.32349566022278
SLV,2007,0.124956903635591
SLV,2006,-0.0542809466140504
SLV,2005,0.0151037668199
SLV,2004,0.101172439142576
SLV,2003,0.199712545823042
SLV,2002,0.310690003422966
SLV,2001,0.414627692393218
SLV,2000,0.497012728838862
SLV,1999,0.561593603832819
SLV,1998,0.61751823622014
SLV,1997,0.674551204861833
SLV,1996,0.746151024345767
SLV,1995,0.836549188274834
SLV,1994,0.952558466946274
SLV,1993,1.32228263595871
SLV,1992,1.63408681572402
SLV,1991,1.75043889541275
SLV,1990,1.88340510512497
GNQ,2025,2.39717222444002
GNQ,2024,2.40472649031131
GNQ,2023,2.41057232825781
GNQ,2022,2.5130374213272
GNQ,2021,2.43551071649529
GNQ,2020,2.73390823188935
GNQ,2019,3.271454421427
GNQ,2018,3.39945242088076
GNQ,2017,3.53129362583944
GNQ,2016,3.66421838047825
GNQ,2015,3.79160484192286
GNQ,2014,3.90501924555756
GNQ,2013,3.99605995538999
GNQ,2012,4.07484554769573
GNQ,2011,4.34060206449919
GNQ,2010,4.59586770504622
GNQ,2009,4.60787133294314
GNQ,2008,4.57370994415875
GNQ,2007,4.51135451899463
GNQ,2006,4.43647900593476
GNQ,2005,5.13840208613784
GNQ,2004,5.95846501494265
GNQ,2003,6.06631754137354
GNQ,2002,6.2200195333548
GNQ,2001,6.41008323195062
GNQ,2000,5.26428495953201
GNQ,1999,3.93421808112877
GNQ,1998,3.90730641331893
GNQ,1997,3.86718544941997
GNQ,1996,3.8172285032395
GNQ,1995,3.76822937217459
GNQ,1994,3.72487540140105
GNQ,1993,3.70010107990884
GNQ,1992,3.69997148660368
GNQ,1991,3.71344624108483
GNQ,1990,3.75220424317215
ERI,2025,1.99933689205926
ERI,2024,1.86168851424672
ERI,2023,1.77168715176453
ERI,2022,1.75351368458045
ERI,2021,1.77411588481268
ERI,2020,1.56406078076077
ERI,2019,1.47474580694345
ERI,2018,1.33731409848117
ERI,2017,0.817496698225399
ERI,2016,0.614809318134095
ERI,2015,0.334574415524454
ERI,2014,0.674705166672434
ERI,2013,1.22305147270022
ERI,2012,1.27590736754429
ERI,2011,1.79351881087532
ERI,2010,1.96475727107645
ERI,2009,2.50908465799155
ERI,2008,2.63004117479615
ERI,2007,1.45851723438561
ERI,2006,1.57651841967655
ERI,2005,2.39315582930907
ERI,2004,4.10022739741036
ERI,2003,4.13103377544635
ERI,2002,3.43914956264516
ERI,2001,2.85373304958379
ERI,2000,1.53601457156771
ERI,1999,1.47325833975698
ERI,1998,1.30566874934995
ERI,1997,1.10597798501552
ERI,1996,4.96990491051363
ERI,1995,5.65506612874117
ERI,1994,3.07240153138472
ERI,1993,3.13359997818341
ERI,1992,-6.50108562382429
ERI,1991,-5.72814372342133
ERI,1990,2.27486416634711
EST,2025,-0.428360939161402
EST,2024,0.149856351926424
EST,2023,1.57745133607335
EST,2022,1.33655151148286
EST,2021,0.105996956310127
EST,2020,0.197559185177642
EST,2019,0.371554389037477
EST,2018,0.348039137980543
EST,2017,0.121070631466687
EST,2016,0.0291122255540077
EST,2015,0.0655525295417938
EST,2014,-0.262256175097854
EST,2013,-0.355891802625531
EST,2012,-0.357944411443807
EST,2011,-0.303582823643979
EST,2010,-0.22805796852935
EST,2009,-0.192768077420229
EST,2008,-0.268133719541207
EST,2007,-0.456188535090031
EST,2006,-0.589655559840225
EST,2005,-0.572255524659659
EST,2004,-0.597820510395586
EST,2003,-0.627622448059203
EST,2002,-0.633433796423808
EST,2001,-0.63696312445507
EST,2000,0.483707161729931
EST,1999,0.294482275915173
EST,1998,-0.960559004588775
EST,1997,-1.14091924023266
EST,1996,-1.47536463752721
EST,1995,-1.78539953576165
EST,1994,-2.13858863504971
EST,1993,-2.57431997803655
EST,1992,-1.82418155532121
EST,1991,-0.502159185195728
EST,1990,0.0664901906843683
SWZ,2025,1.06859931393766
SWZ,2024,0.995913343966098
SWZ,2023,0.946270731993531
SWZ,2022,1.01620740015869
SWZ,2021,1.15567266949473
SWZ,2020,1.0836305772053
SWZ,2019,0.931970814127083
SWZ,2018,0.922518621738631
SWZ,2017,0.752960394981198
SWZ,2016,0.584038792817515
SWZ,2015,0.57162769864017
SWZ,2014,0.556770676458685
SWZ,2013,0.54369252057836
SWZ,2012,0.537986822820009
SWZ,2011,0.554659161024556
SWZ,2010,0.586161116007687
SWZ,2009,0.6410569310186
SWZ,2008,0.6748941459051
SWZ,2007,0.576423998080883
SWZ,2006,0.500496085577333
SWZ,2005,0.544843998142576
SWZ,2004,0.603686468671865
SWZ,2003,0.682836011828583
SWZ,2002,0.793842610388924
SWZ,2001,0.922357932930459
SWZ,2000,1.02616676195214
SWZ,1999,1.08553641403639
SWZ,1998,1.28492880676892
SWZ,1997,1.68240400828878
SWZ,1996,1.98019605226475
SWZ,1995,-0.0802412430488199
SWZ,1994,-0.0109136023747648
SWZ,1993,2.91465814625799
SWZ,1992,3.80548239176343
SWZ,1991,4.01723775393439
SWZ,1990,4.05007206685909
ETH,2025,2.55107529460765
ETH,2024,2.58350411214521
ETH,2023,2.6036241976442
ETH,2022,2.62269500936104
ETH,2021,2.67249538803955
ETH,2020,2.71077284780816
ETH,2019,2.69123978261516
ETH,2018,2.69675179524869
ETH,2017,2.72524097063889
ETH,2016,2.70788250761242
ETH,2015,2.68480186138776
ETH,2014,2.68299781796922
ETH,2013,2.71847231803133
ETH,2012,2.80390393439601
ETH,2011,2.84354457485296
ETH,2010,2.83517457968806
ETH,2009,2.83966010377931
ETH,2008,2.89435688963486
ETH,2007,2.93015925736888
ETH,2006,2.93729031507005
ETH,2005,2.96602247201649
ETH,2004,2.99474712931538
ETH,2003,3.02102233073437
ETH,2002,3.04403477269573
ETH,2001,3.03351132311934
ETH,2000,3.06823302462214
ETH,1999,3.12448426110007
ETH,1998,3.14046071441714
ETH,1997,3.20515425246965
ETH,1996,3.2998173533243
ETH,1995,3.40438831875411
ETH,1994,3.48116024765652
ETH,1993,3.51513575633339
ETH,1992,4.20762887536633
ETH,1991,4.33132322477119
ETH,1990,3.70151417338649
FRO,2025,0.474713325295028
FRO,2024,0.443882678235839
FRO,2023,0.914125348702147
FRO,2022,1.14186736137659
FRO,2021,1.37930615088331
FRO,2020,1.47773194347557
FRO,2019,1.54302729710577
FRO,2018,1.61701949833066
FRO,2017,1.43716971528022
FRO,2016,1.14884194797275
FRO,2015,0.967898642781007
FRO,2014,0.376531394874872
FRO,2013,-0.093230441310346
FRO,2012,-0.52049026956171
FRO,2011,-0.234572835394122
FRO,2010,-0.275024289273695
FRO,2009,0.499297296665857
FRO,2008,0.34872359301474
FRO,2007,0.0889229014371259
FRO,2006,-0.0496411369740636
FRO,2005,-0.0516833270758382
FRO,2004,0.730172510601633
FRO,2003,1.46174758701968
FRO,2002,1.48986474020279
FRO,2001,1.90721125852353
FRO,2000,1.33775372322055
FRO,1999,1.0510005450021
FRO,1998,1.22065340133054
FRO,1997,1.25638673392033
FRO,1996,-0.0688136553441187
FRO,1995,-2.45522264275184
FRO,1994,-3.90313778916051
FRO,1993,-1.73423998530045
FRO,1992,-0.337788232597582
FRO,1991,-0.617726887604201
FRO,1990,-0.455591174656709
FJI,2025,0.469404246979013
FJI,2024,0.500721796949901
FJI,2023,0.51237740019889
FJI,2022,0.295294727557318
FJI,2021,0.190863715994045
FJI,2020,0.00699506301854314
FJI,2019,-0.24900685817593
FJI,2018,-0.172010114641272
FJI,2017,-0.0442890767199793
FJI,2016,0.0639915048086223
FJI,2015,0.108160342715375
FJI,2014,0.134464835572885
FJI,2013,0.156612656036956
FJI,2012,0.211061144367838
FJI,2011,0.28188992280493
FJI,2010,0.34990116341096
FJI,2009,0.424160517694519
FJI,2008,0.618134789575492
FJI,2007,0.835147738211046
FJI,2006,0.900982208728377
FJI,2005,0.912261662506839
FJI,2004,0.928394421815226
FJI,2003,0.955390066776006
FJI,2002,0.990026503572045
FJI,2001,1.02774927786764
FJI,2000,1.08577609197596
FJI,1999,1.1571474257357
FJI,1998,1.23827066451942
FJI,1997,1.03347108524829
FJI,1996,0.629379907071343
FJI,1995,0.498897500907314
FJI,1994,0.555409782867107
FJI,1993,0.63755400111807
FJI,1992,0.727158824335362
FJI,1991,0.816503481425083
FJI,1990,0.908661993627988
FIN,2025,0.470872218110853
FIN,2024,0.642640054363343
FIN,2023,0.499192375381062
FIN,2022,0.271944526506117
FIN,2021,0.207288594407348
FIN,2020,0.143641197212847
FIN,2019,0.110191690491055
FIN,2018,0.132641040791912
FIN,2017,0.234670531705453
FIN,2016,0.287421401687637
FIN,2015,0.329383885818507
FIN,2014,0.413560207519414
FIN,2013,0.460723772785295
FIN,2012,0.475809486683209
FIN,2011,0.463558707499131
FIN,2010,0.457494535465831
FIN,2009,0.478246393482911
FIN,2008,0.465549284507694
FIN,2007,0.425429832100631
FIN,2006,0.383777136305104
FIN,2005,0.342248594286999
FIN,2004,0.290350361518584
FIN,2003,0.238457240068217
FIN,2002,0.242381050233372
FIN,2001,0.227687341886374
FIN,2000,0.2076065154133
FIN,1999,0.232116249119004
FIN,1998,0.265472962436301
FIN,1997,0.297377330426395
FIN,1996,0.328037913627481
FIN,1995,0.381655333457214
FIN,1994,0.431048902829755
FIN,1993,0.483854088858285
FIN,1992,0.561909850746084
FIN,1991,0.546172018187903
FIN,1990,0.443382073914297
FRA,2025,0.245766211891762
FRA,2024,0.261995241898747
FRA,2023,0.275093143443794
FRA,2022,0.502320929337976
FRA,2021,0.356902332389048
FRA,2020,0.324557781035362
FRA,2019,0.332559129027963
FRA,2018,0.358494581816163
FRA,2017,0.29020211635109
FRA,2016,0.263868788565368
FRA,2015,0.355569240058298
FRA,2014,0.474847846171767
FRA,2013,0.516915013016667
FRA,2012,0.483714919435185
FRA,2011,0.482667411007127
FRA,2010,0.492976371032656
FRA,2009,0.513351013325229
FRA,2008,0.558020613148126
FRA,2007,0.618225682593305
FRA,2006,0.696338574828463
FRA,2005,0.751885116821619
FRA,2004,0.732625502527391
FRA,2003,0.705638836747311
FRA,2002,0.727033002641047
FRA,2001,0.7289939490983
FRA,2000,0.686335719566776
FRA,1999,0.515860143523548
FRA,1998,0.37054023067343
FRA,1997,0.356761847855923
FRA,1996,0.357448008376034
FRA,1995,0.364159563395629
FRA,1994,0.374521801846337
FRA,1993,0.43494888453875
FRA,1992,0.498024782624795
FRA,1991,0.502041652701803
FRA,1990,0.547228307056949
PYF,2025,0.23322096373719
PYF,2024,0.244792945440769
PYF,2023,0.263581727538977
PYF,2022,0.209222276724143
PYF,2021,0.208586464560115
PYF,2020,0.0626967129843171
PYF,2019,-0.279503231980126
PYF,2018,-0.0971598677616479
PYF,2017,0.325069797127642
PYF,2016,0.471058812613167
PYF,2015,0.53369255935478
PYF,2014,0.602054021803628
PYF,2013,0.600207711920296
PYF,2012,0.498155436017889
PYF,2011,0.423008262968887
PYF,2010,0.406991623911333
PYF,2009,0.409772633029491
PYF,2008,0.725858946942358
PYF,2007,1.21399894849188
PYF,2006,1.42179044575073
PYF,2005,1.49587093988006
PYF,2004,1.58373949574295
PYF,2003,1.54664965449538
PYF,2002,1.49553890144445
PYF,2001,1.55235821897967
PYF,2000,1.56922864809839
PYF,1999,1.57792856584233
PYF,1998,1.63202846612279
PYF,1997,1.59788710227746
PYF,1996,1.50626050741578
PYF,1995,1.53341056008052
PYF,1994,1.62185522370334
PYF,1993,1.71521949579713
PYF,1992,1.81973669430827
PYF,1991,1.9285201110263
PYF,1990,2.04905798046173
GAB,2025,2.11142428155027
GAB,2024,2.15636509762581
GAB,2023,2.19891289669511
GAB,2022,2.24763901253797
GAB,2021,2.30612435799096
GAB,2020,2.38922359813697
GAB,2019,2.47279132038176
GAB,2018,2.53688289832205
GAB,2017,2.65889572463952
GAB,2016,2.86485541015556
GAB,2015,3.11465625322556
GAB,2014,3.35844001734251
GAB,2013,3.52009296367142
GAB,2012,3.57746904510728
GAB,2011,3.54739719912158
GAB,2010,3.44994267851283
GAB,2009,3.32765333333101
GAB,2008,3.22072516127824
GAB,2007,3.12630083622847
GAB,2006,3.01803087434569
GAB,2005,2.90380819435636
GAB,2004,2.80043793009716
GAB,2003,2.72905696679518
GAB,2002,2.67810322358967
GAB,2001,2.6318642070048
GAB,2000,2.58540209287646
GAB,1999,2.54866423910635
GAB,1998,2.53208551111539
GAB,1997,2.52206040049182
GAB,1996,2.53192547257579
GAB,1995,2.56947054894018
GAB,1994,2.62054442635647
GAB,1993,2.66313721619497
GAB,1992,2.69019023311537
GAB,1991,2.71596477280142
GAB,1990,2.74079536205552
GMB,2025,2.22524763449017
GMB,2024,2.27730257212036
GMB,2023,2.30124049704572
GMB,2022,2.31992109797091
GMB,2021,2.36774778418782
GMB,2020,2.3686612920428
GMB,2019,2.35622071960344
GMB,2018,2.42294300881827
GMB,2017,2.52588138504562
GMB,2016,2.62819405087404
GMB,2015,2.73428839872651
GMB,2014,2.84475839442236
GMB,2013,2.92894143394412
GMB,2012,2.94591935774346
GMB,2011,2.92337692748517
GMB,2010,2.90737929979677
GMB,2009,2.90429853945953
GMB,2008,2.90664631280342
GMB,2007,2.90157035551494
GMB,2006,2.852561853424
GMB,2005,2.78121010687734
GMB,2004,2.73240205558954
GMB,2003,2.69312348458537
GMB,2002,2.68468779375919
GMB,2001,2.70699337593192
GMB,2000,2.73837212713207
GMB,1999,2.77821307558819
GMB,1998,2.80576133005976
GMB,1997,2.83918735061881
GMB,1996,2.89194004292625
GMB,1995,2.97725538054394
GMB,1994,3.2177925037665
GMB,1993,3.66656079991363
GMB,1992,4.06398984278952
GMB,1991,4.20203326368108
GMB,1990,4.19595803109441
GEO,2025,3.1815662969341
GEO,2024,2.57811800562047
GEO,2023,0.0802640328443946
GEO,2022,0.104889950638883
GEO,2021,-0.379636607027231
GEO,2020,0.0686562494680967
GEO,2019,-0.171565740223868
GEO,2018,-0.0390365463489613
GEO,2017,0.0133860746662629
GEO,2016,0.0598165991047394
GEO,2015,0.157481405176007
GEO,2014,0.0469539002549217
GEO,2013,-0.300972141406188
GEO,2012,-0.736565518814038
GEO,2011,-0.802164039694326
GEO,2010,-0.729475256932528
GEO,2009,-0.888185042750245
GEO,2008,-0.303790529341209
GEO,2007,-0.521646734447263
GEO,2006,-0.568484712403705
GEO,2005,-0.635292218459481
GEO,2004,-0.619262410024726
GEO,2003,-0.675365805865971
GEO,2002,-0.89725367267161
GEO,2001,-1.55123839698929
GEO,2000,-1.9446291567975
GEO,1999,-2.05737687863556
GEO,1998,-2.474222975613
GEO,1997,-3.20751817162219
GEO,1996,-3.62954607972126
GEO,1995,-3.75771606823635
GEO,1994,-1.5394301205047
GEO,1993,0.76855845063073
GEO,1992,0.774511050286416
GEO,1991,0.703475649320206
GEO,1990,-0.0270683894920024
DEU,2025,-0.0303506708320264
DEU,2024,0.274957829184881
DEU,2023,0.131511079477747
DEU,2022,-0.0219565701848977
DEU,2021,0.0423270572552137
DEU,2020,0.0816931586494595
DEU,2019,0.22551987421288
DEU,2018,0.300526701992065
DEU,2017,0.373724559895838
DEU,2016,0.807218538573871
DEU,2015,0.865702643950251
DEU,2014,0.416877359168292
DEU,2013,0.272900214681538
DEU,2012,0.187727800567293
DEU,2011,-1.8537146287573
DEU,2010,-0.153198446937304
DEU,2009,-0.253383410163402
DEU,2008,-0.190142844695674
DEU,2007,-0.133718572600486
DEU,2006,-0.112797497644931
DEU,2005,-0.0567782618352031
DEU,2004,-0.021709727650009
DEU,2003,0.0553633035873241
DEU,2002,0.168128319406931
DEU,2001,0.168225361337335
DEU,2000,0.135431600393084
DEU,1999,0.0646345779052372
DEU,1998,0.0151436508552808
DEU,1997,0.146313281561803
DEU,1996,0.289474899455448
DEU,1995,0.293904443716697
DEU,1994,0.346856648630233
DEU,1993,0.657391218087626
DEU,1992,0.760346946721127
DEU,1991,0.728605546561364
DEU,1990,0.861969448764933
GHA,2025,1.83295547173437
GHA,2024,1.87500010333119
GHA,2023,1.90860289687983
GHA,2022,1.92029034344132
GHA,2021,1.95904584379494
GHA,2020,1.99181985149439
GHA,2019,2.00780519953703
GHA,2018,2.07517136640112
GHA,2017,2.19535792776401
GHA,2016,2.27621203911157
GHA,2015,2.30712733064921
GHA,2014,2.36498553072391
GHA,2013,2.40927930949909
GHA,2012,2.4199090803465
GHA,2011,2.40497145453178
GHA,2010,2.43301424000427
GHA,2009,2.49528498609835
GHA,2008,2.5377798286274
GHA,2007,2.57742881770877
GHA,2006,2.59967236461776
GHA,2005,2.62275723095941
GHA,2004,2.64856422445373
GHA,2003,2.69999623325849
GHA,2002,2.75013769977312
GHA,2001,2.6631054412646
GHA,2000,2.51243583964957
GHA,1999,2.44120807599366
GHA,1998,2.43236771924415
GHA,1997,2.37895957415826
GHA,1996,2.33565497080505
GHA,1995,2.36010348077285
GHA,1994,2.40415651514833
GHA,1993,2.46951819870346
GHA,1992,2.48576941139296
GHA,1991,2.51983177629257
GHA,1990,2.55156185640349
GIB,2025,2.00623430210837
GIB,2024,2.20574495293092
GIB,2023,2.26613272520816
GIB,2022,2.01706920456894
GIB,2021,1.87597072209458
GIB,2020,1.89493160765265
GIB,2019,1.81957598739227
GIB,2018,1.76273395885819
GIB,2017,1.72897993589869
GIB,2016,1.39117589725216
GIB,2015,1.1514231987378
GIB,2014,1.24503294852893
GIB,2013,1.17327064425681
GIB,2012,1.15876879502585
GIB,2011,1.30986803185429
GIB,2010,1.3694209589518
GIB,2009,1.33910159620069
GIB,2008,1.34727869179767
GIB,2007,1.38257235844791
GIB,2006,1.46708555733008
GIB,2005,1.54811481907819
GIB,2004,1.54769798714191
GIB,2003,1.57921471055966
GIB,2002,0.627164685467723
GIB,2001,-0.187840968427667
GIB,2000,0.0613707353064771
GIB,1999,0.151783484743528
GIB,1998,0.246234191619789
GIB,1997,0.345022042311084
GIB,1996,0.400992080034465
GIB,1995,0.505347494076379
GIB,1994,0.622366626171664
GIB,1993,0.711799550133746
GIB,1992,-0.0743826276485017
GIB,1991,-1.11650389005942
GIB,1990,-1.2567752734271
GRC,2025,0.0848067613416544
GRC,2024,-0.0213045199396999
GRC,2023,-0.292192792101549
GRC,2022,-1.25977874589147
GRC,2021,-1.20806995499074
GRC,2020,-0.214592106571664
GRC,2019,-0.105339392724138
GRC,2018,-0.202880238259165
GRC,2017,-0.197783224759792
GRC,2016,-0.415913028277122
GRC,2015,-0.658861360878339
GRC,2014,-0.666113290031891
GRC,2013,-0.725120806658085
GRC,2012,-0.540752950543684
GRC,2011,-0.147951277402184
GRC,2010,0.128880432668041
GRC,2009,0.263026401346927
GRC,2008,0.265457836726293
GRC,2007,0.254757581935775
GRC,2006,0.30033180096664
GRC,2005,0.293249074052818
GRC,2004,0.247413542822812
GRC,2003,0.238643175320258
GRC,2002,0.366566462148184
GRC,2001,0.51988446396193
GRC,2000,0.409041838238246
GRC,1999,0.383471311618576
GRC,1998,0.554211902922578
GRC,1997,0.493267144825827
GRC,1996,0.44067053086068
GRC,1995,0.467197289199787
GRC,1994,0.500703437870186
GRC,1993,0.588261919240559
GRC,1992,0.76388272245526
GRC,1991,1.20035253672646
GRC,1990,1.05780801198192
GRL,2025,-0.00879762816511268
GRL,2024,-0.0510109860579076
GRL,2023,0.359389425458904
GRL,2022,0.0141200557976914
GRL,2021,0.506106194434674
GRL,2020,0.252238303411568
GRL,2019,0.359917714454119
GRL,2018,-0.265609140509557
GRL,2017,-0.0249203440297217
GRL,2016,0.128227978389047
GRL,2015,-0.322038549275343
GRL,2014,-0.333398666658893
GRL,2013,-0.577265864735276
GRL,2012,-0.14072121935205
GRL,2011,0.62773516895633
GRL,2010,0.373924959638993
GRL,2009,-0.00887697402292811
GRL,2008,-0.402186876651222
GRL,2007,-0.388247200827777
GRL,2006,-0.281417827094618
GRL,2005,0.0650075132923012
GRL,2004,0.258691377800952
GRL,2003,0.275263526725236
GRL,2002,0.382389334180998
GRL,2001,0.344693138270771
GRL,2000,0.151400483121501
GRL,1999,0.0
GRL,1998,0.178412179350139
GRL,1997,0.178731057409588
GRL,1996,0.179051077378829
GRL,1995,0.539084863487637
GRL,1994,0.542006746933911
GRL,1993,-0.180995524523942
GRL,1992,-0.361011222409979
GRL,1991,-0.180018050414785
GRL,1990,0.54102927282477
GRD,2025,0.081872845816827
GRD,2024,0.107559936614412
GRD,2023,0.143593450145476
GRD,2022,0.192636221230939
GRD,2021,0.297817230024271
GRD,2020,0.309914935427349
GRD,2019,0.250354079448358
GRD,2018,0.218925449466702
GRD,2017,0.26716646126376
GRD,2016,0.39511639438688
GRD,2015,0.475508745345535
GRD,2014,0.566738037163935
GRD,2013,0.629360962214971
GRD,2012,0.619070350394075
GRD,2011,0.440838574124411
GRD,2010,0.297971859311282
GRD,2009,0.322305028053305
GRD,2008,0.337822901198071
GRD,2007,0.350771012752736
GRD,2006,0.364763058562721
GRD,2005,0.375245239614051
GRD,2004,0.402370769308206
GRD,2003,0.44181066675233
GRD,2002,0.385413918499282
GRD,2001,0.497591980928424
GRD,2000,0.676075747933343
GRD,1999,0.675017605197415
GRD,1998,0.677705597105252
GRD,1997,0.675636393755152
GRD,1996,0.686008648507177
GRD,1995,0.706259245855209
GRD,1994,0.735698141186243
GRD,1993,0.764769591406898
GRD,1992,0.79943112085571
GRD,1991,0.83288152698663
GRD,1990,0.839876746030971
GUM,2025,0.725708104538761
GUM,2024,0.760437189316384
GUM,2023,0.799555642468131
GUM,2022,0.881705873116992
GUM,2021,0.964756108149453
GUM,2020,0.216072141009173
GUM,2019,-0.536848682318792
GUM,2018,-0.49728924043186
GUM,2017,-0.453432485979039
GUM,2016,-0.408339926567039
GUM,2015,-0.351704858120325
GUM,2014,-0.289634900711689
GUM,2013,-0.219683082780057
GUM,2012,-0.127375540693071
GUM,2011,0.0126101511883972
GUM,2010,0.209801847347007
GUM,2009,0.289273583143063
GUM,2008,0.257433064578674
GUM,2007,0.259310790976279
GUM,2006,0.287967538398627
GUM,2005,0.338234496297291
GUM,2004,0.411688102683209
GUM,2003,0.505144689798619
GUM,2002,0.609313350805491
GUM,2001,0.786577544702888
GUM,2000,1.11575065774253
GUM,1999,1.30483910040137
GUM,1998,1.30263524924074
GUM,1997,1.33559873499167
GUM,1996,1.39965160010713
GUM,1995,1.46752454118036
GUM,1994,1.50860377751961
GUM,1993,1.56448336556319
GUM,1992,1.63116255707427
GUM,1991,1.76132526731674
GUM,1990,2.0488382898029
GTM,2025,1.5179036167086
GTM,2024,1.54129399660934
GTM,2023,1.53986971917384
GTM,2022,1.40623710213146
GTM,2021,1.3807587059317
GTM,2020,1.47137710546514
GTM,2019,1.52062955252943
GTM,2018,1.66602273310221
GTM,2017,1.81876091504989
GTM,2016,1.84256060230578
GTM,2015,1.83250767864618
GTM,2014,1.89511231857489
GTM,2013,1.95360189099984
GTM,2012,1.99138673642109
GTM,2011,1.99386386318175
GTM,2010,1.9815646590713
GTM,2009,1.99245795432888
GTM,2008,2.05271863868285
GTM,2007,2.10656403182052
GTM,2006,2.11558878139909
GTM,2005,2.16441478461999
GTM,2004,2.22294147751077
GTM,2003,2.25198017204481
GTM,2002,2.29188375209677
GTM,2001,2.29722223631695
GTM,2000,2.37572059022903
GTM,1999,2.51603216485806
GTM,1998,2.55860019843295
GTM,1997,2.55808378912126
GTM,1996,2.58937937554223
GTM,1995,2.64574830362473
GTM,1994,2.66323183173165
GTM,1993,2.66822004304583
GTM,1992,2.65707563037112
GTM,1991,2.70887378380925
GTM,1990,2.80043619096186
GIN,2025,2.31092272302565
GIN,2024,2.39595802290484
GIN,2023,2.46199049961035
GIN,2022,2.48250409145397
GIN,2021,2.50610419423246
GIN,2020,2.55139953603925
GIN,2019,2.56100451729991
GIN,2018,2.54385572881799
GIN,2017,2.55652318226129
GIN,2016,2.56690869267138
GIN,2015,2.53151277572433
GIN,2014,2.48019346390261
GIN,2013,2.44471498509098
GIN,2012,2.45416156342286
GIN,2011,2.47697352651722
GIN,2010,2.45929310036327
GIN,2009,2.44158489420853
GIN,2008,2.41908604968745
GIN,2007,2.31497296404672
GIN,2006,2.09058658116716
GIN,2005,2.00041954618802
GIN,2004,2.14071157501219
GIN,2003,2.24251877202579
GIN,2002,1.55813303817429
GIN,2001,1.3098114321983
GIN,2000,1.96135964318577
GIN,1999,2.24064838568983
GIN,1998,1.8812346948277
GIN,1997,2.05511135158285
GIN,1996,2.82968670530382
GIN,1995,2.79434245679932
GIN,1994,2.99788557428445
GIN,1993,3.04542453399326
GIN,1992,3.19168243312344
GIN,1991,4.00298960201175
GIN,1990,3.45583486210679
GNB,2025,2.16429203622489
GNB,2024,2.20520563612008
GNB,2023,2.24529187264064
GNB,2022,2.24235388639993
GNB,2021,2.23903878745423
GNB,2020,2.28895000835492
GNB,2019,2.34095994762157
GNB,2018,2.37405997248475
GNB,2017,2.4363257519627
GNB,2016,2.51155296505032
GNB,2015,2.57045957815277
GNB,2014,2.62731155689981
GNB,2013,2.66229101877146
GNB,2012,2.65952739224803
GNB,2011,2.62922766462762
GNB,2010,2.58492032110101
GNB,2009,2.54277273891846
GNB,2008,2.52259007377628
GNB,2007,2.48996828898925
GNB,2006,2.41122516333709
GNB,2005,2.34505544706955
GNB,2004,2.30540545476551
GNB,2003,2.26219170729877
GNB,2002,2.19833363261225
GNB,2001,2.12602969093669
GNB,2000,2.00706384351502
GNB,1999,1.89630732259312
GNB,1998,1.86387310391317
GNB,1997,1.90644469915242
GNB,1996,2.08411932394768
GNB,1995,2.52438833577734
GNB,1994,3.09550207753633
GNB,1993,3.3020121973914
GNB,1992,2.94395441757296
GNB,1991,2.13084470989571
GNB,1990,1.64439069661036
GUY,2025,0.58773840166977
GUY,2024,0.571243951310838
GUY,2023,0.57233513230005
GUY,2022,0.751934221097092
GUY,2021,0.985982406099209
GUY,2020,-0.0227843180487706
GUY,2019,2.0146740033225
GUY,2018,2.95873919098606
GUY,2017,0.643724559372237
GUY,2016,0.626279284065059
GUY,2015,0.601716278706478
GUY,2014,0.559482928582681
GUY,2013,0.498962145496388
GUY,2012,0.0180911674723709
GUY,2011,-0.41500411640408
GUY,2010,-0.378060196527414
GUY,2009,-0.333444259304938
GUY,2008,-0.298385829541619
GUY,2007,-0.277736358188614
GUY,2006,-0.256336166889951
GUY,2005,-0.197461943777183
GUY,2004,-0.0895433023955464
GUY,2003,-0.0721793274906879
GUY,2002,-0.107975187978655
GUY,2001,-0.0464261972402426
GUY,2000,0.0456413500238234
GUY,1999,0.117403088869874
GUY,1998,0.17577311579919
GUY,1997,0.225772716999827
GUY,1996,0.281517111831782
GUY,1995,0.338922930937764
GUY,1994,0.37871527455042
GUY,1993,0.406421315369503
GUY,1992,0.273740099309668
GUY,1991,-0.271473137937932
GUY,1990,-0.660706210543192
HTI,2025,1.12793089533676
HTI,2024,1.15472671204546
HTI,2023,1.15633263604117
HTI,2022,1.12789828650149
HTI,2021,1.15604339382525
HTI,2020,1.24109993204209
HTI,2019,1.29423660619831
HTI,2018,1.32790959369268
HTI,2017,1.36160662434986
HTI,2016,1.39862723308259
HTI,2015,1.43574035756707
HTI,2014,1.46512576303264
HTI,2013,1.50397078747826
HTI,2012,1.54988860322553
HTI,2011,1.13206279763289
HTI,2010,1.16672671353074
HTI,2009,1.65252529367171
HTI,2008,1.66611362408622
HTI,2007,1.68627123390703
HTI,2006,1.69924650861823
HTI,2005,1.6805859467599
HTI,2004,1.70178992075307
HTI,2003,1.75355620763416
HTI,2002,1.77837458948683
HTI,2001,1.82314699522453
HTI,2000,1.84581482966936
HTI,1999,1.84675522078588
HTI,1998,1.86484829220057
HTI,1997,1.88596217408093
HTI,1996,1.89933701618306
HTI,1995,1.90597118137502
HTI,1994,1.92672258189762
HTI,1993,1.96485594576854
HTI,1992,1.997247117895
HTI,1991,2.03631743410881
HTI,1990,2.05931426942796
HND,2025,1.65037355718421
HND,2024,1.68469129774697
HND,2023,1.71477388415816
HND,2022,1.67679658023776
HND,2021,1.66825063176954
HND,2020,1.75456432541029
HND,2019,1.81063773761993
HND,2018,1.82994643094924
HND,2017,1.85007611234979
HND,2016,1.87756675968273
HND,2015,1.90365241356179
HND,2014,1.93678209287486
HND,2013,1.97914318489325
HND,2012,2.02251270813154
HND,2011,2.06679823709264
HND,2010,2.12597244017857
HND,2009,2.18878854544431
HND,2008,2.24385864950969
HND,2007,2.29767725446285
HND,2006,2.35854731680492
HND,2005,2.42763175756451
HND,2004,2.49393448320234
HND,2003,2.56598338265854
HND,2002,2.64113992979828
HND,2001,2.70297142800253
HND,2000,2.73259067031821
HND,1999,2.62830155529534
HND,1998,2.64892008444086
HND,1997,2.79758191616759
HND,1996,2.82263280263084
HND,1995,2.83430430416844
HND,1994,2.83578425221741
HND,1993,2.83932196540695
HND,1992,2.84070727716059
HND,1991,2.83669117205293
HND,1990,2.82334774964439
HKG,2025,-0.33548590342358
HKG,2024,-0.159360467186035
HKG,2023,2.55352466697343
HKG,2022,-0.907914524343304
HKG,2021,-0.91177674914823
HKG,2020,-0.358932661902885
HKG,2019,0.739283471323064
HKG,2018,0.800230596967774
HKG,2017,0.768513877614955
HKG,2016,0.619366345332479
HKG,2015,0.851197911086988
HKG,2014,0.702370950536049
HKG,2013,0.401982535858444
HKG,2012,1.1039579972368
HKG,2011,0.672543291818633
HKG,2010,0.734446396338105
HKG,2009,0.215353334344996
HKG,2008,0.598238786949717
HKG,2007,0.859633272217027
HKG,2006,0.642270482876128
HKG,2005,0.436871406105885
HKG,2004,0.77991856230718
HKG,2003,-0.197404126472125
HKG,2002,0.44284682728195
HKG,2001,0.736962668138432
HKG,2000,0.881594075853745
HKG,1999,0.955125814331738
HKG,1998,0.834808807338866
HKG,1997,0.832512854813318
HKG,1996,4.43860779481101
HKG,1995,1.98013277729748
HKG,1994,2.25203043111788
HKG,1993,1.71777073417072
HKG,1992,0.839650031457883
HKG,1991,0.829228336445851
HKG,1990,0.321315033221987
HUN,2025,-0.501292808614035
HUN,2024,-0.314510077464087
HUN,2023,-0.134269181500181
HUN,2022,-0.268850150860009
HUN,2021,-0.409163639262836
HUN,2020,-0.252049642963059
HUN,2019,-0.125143121699401
HUN,2018,-0.203687269785053
HUN,2017,-0.338685889370073
HUN,2016,-0.388598014975531
HUN,2015,-0.35946625276649
HUN,2014,-0.402887577253118
HUN,2013,-0.481259646558662
HUN,2012,-0.516437606548041
HUN,2011,-0.283360435946948
HUN,2010,-0.226013875689698
HUN,2009,-0.154908813950621
HUN,2008,-0.17509736747488
HUN,2007,-0.154915158060948
HUN,2006,-0.155716484651578
HUN,2005,-0.198878843237103
HUN,2004,-0.221439378654807
HUN,2003,-0.286433268128688
HUN,2002,-0.28475137719698
HUN,2001,-0.229379183308447
HUN,2000,-0.259764908288633
HUN,1999,-0.283260610485194
HUN,1998,-0.232679336866497
HUN,1997,-0.201458936335808
HUN,1996,-0.171771608629025
HUN,1995,-0.139220003601429
HUN,1994,-0.13688310430324
HUN,1993,-0.114035594392761
HUN,1992,-0.0391365832684134
HUN,1991,-0.00566818338922841
HUN,1990,-1.03311729690015
ISL,2025,1.51445294794602
ISL,2024,0.218346070592545
ISL,2023,0.953546915490719
ISL,2022,2.51377343254216
ISL,2021,1.6393166402584
ISL,2020,1.6230862512591
ISL,2019,2.19893225826166
ISL,2018,2.67814276922904
ISL,2017,2.34558267643862
ISL,2016,1.38808149583838
ISL,2015,1.04194038662969
ISL,2014,1.11250475522796
ISL,2013,0.945885900369151
ISL,2012,0.532100734916982
ISL,2011,0.305468368224399
ISL,2010,-0.143903000294037
ISL,2009,0.341241978970882
ISL,2008,1.85957217059918
ISL,2007,2.53008548940662
ISL,2006,2.34742243028387
ISL,2005,1.58289197780465
ISL,2004,0.8779361576874
ISL,2003,0.692497620476186
ISL,2002,0.892596377462957
ISL,2001,1.32929525456819
ISL,2000,1.36919283329812
ISL,1999,1.20923878595741
ISL,1998,1.07085904319717
ISL,1997,0.819197091458816
ISL,1996,0.539913016609299
ISL,1995,0.542467997811547
ISL,1994,0.866835946606811
ISL,1993,1.01681192843817
ISL,1992,1.25663207739645
ISL,1991,1.15914942010018
ISL,1990,0.777662198585402
IND,2025,0.887183543977214
IND,2024,0.890706546985984
IND,2023,0.883289539766135
IND,2022,0.790200540609834
IND,2021,0.822648220128724
IND,2020,0.973438646910149
IND,2019,1.04001395098104
IND,2018,1.09729906702925
IND,2017,1.1623961434697
IND,2016,1.19162966402099
IND,2015,1.19285563384335
IND,2014,1.26129027125347
IND,2013,1.33270430507476
IND,2012,1.37405616603306
IND,2011,1.41682761544376
IND,2010,1.45460361883041
IND,2009,1.44601731955273
IND,2008,1.43877181746736
IND,2007,1.50599144392136
IND,2006,1.56412522526913
IND,2005,1.63142146860079
IND,2004,1.7035704679088
IND,2003,1.73438204419235
IND,2002,1.81129424097937
IND,2001,1.87060822112685
IND,2000,1.87939826197393
IND,1999,1.90202919152067
IND,1998,1.93596384442712
IND,1997,1.966425183613
IND,1996,1.99775909414655
IND,1995,2.01296632914892
IND,1994,2.04435418122792
IND,1993,2.09986069412181
IND,1992,2.12998519274824
IND,1991,2.16777668657973
IND,1990,2.213130886438
IDN,2025,0.784708535785041
IDN,2024,0.813871513351669
IDN,2023,0.842666137328498
IDN,2022,0.746050469653246
IDN,2021,0.704601321926319
IDN,2020,0.849801187379341
IDN,2019,0.935604959235128
IDN,2018,0.969743409524713
IDN,2017,1.02232939771064
IDN,2016,1.0744882002252
IDN,2015,1.12233981761262
IDN,2014,1.17536091203837
IDN,2013,1.24038001568984
IDN,2012,1.28583816632167
IDN,2011,1.27668830646548
IDN,2010,1.26054140134601
IDN,2009,1.26698625068088
IDN,2008,1.29735043016571
IDN,2007,1.32086532413059
IDN,2006,1.32525502272966
IDN,2005,1.28380661170743
IDN,2004,1.27101139474106
IDN,2003,1.32378197652859
IDN,2002,1.35572575488289
IDN,2001,1.38801892806803
IDN,2000,1.43244007763682
IDN,1999,1.50317096427875
IDN,1998,1.58071800042293
IDN,1997,1.62630782020292
IDN,1996,1.64546182640737
IDN,1995,1.66278546327292
IDN,1994,1.6859518715422
IDN,1993,1.70158442607601
IDN,1992,1.7332257161332
IDN,1991,1.77013689509296
IDN,1990,1.81442604896274
IRN,2025,0.923930875479985
IRN,2024,1.05286922170537
IRN,2023,1.20408185634218
IRN,2022,1.20100285857304
IRN,2021,0.831029236943935
IRN,2020,0.768757498195729
IRN,2019,1.07831720901251
IRN,2018,1.27524656861717
IRN,2017,1.43870442098455
IRN,2016,1.43348558597155
IRN,2015,1.36159478810594
IRN,2014,1.343129076071
IRN,2013,1.30690505728311
IRN,2012,1.25130743376216
IRN,2011,1.2358675452331
IRN,2010,1.25167392158024
IRN,2009,1.24185106066412
IRN,2008,1.214476845232
IRN,2007,1.63508865342221
IRN,2006,2.15444092874448
IRN,2005,2.21304950909032
IRN,2004,2.13922055681238
IRN,2003,1.10838882782602
IRN,2002,0.82578098646242
IRN,2001,1.54382818918331
IRN,2000,1.47619563346635
IRN,1999,1.4243001822483
IRN,1998,1.37365526787202
IRN,1997,1.19876929995268
IRN,1996,1.08043248596744
IRN,1995,1.10724517815505
IRN,1994,0.190450849489937
IRN,1993,0.356575347965537
IRN,1992,1.9775061761777
IRN,1991,2.71517805230603
IRN,1990,2.91140676618439
IRQ,2025,2.10351548706844
IRQ,2024,2.12476784890538
IRQ,2023,2.25148890849618
IRQ,2022,2.29369659225826
IRQ,2021,2.24127347113109
IRQ,2020,2.21938669515023
IRQ,2019,2.27501115691232
IRQ,2018,2.33235769663486
IRQ,2017,2.23055046409754
IRQ,2016,2.39151227352058
IRQ,2015,2.72710976935126
IRQ,2014,3.53101933211143
IRQ,2013,4.7215668344982
IRQ,2012,4.53892168180122
IRQ,2011,3.53181678520421
IRQ,2010,3.23138521802744
IRQ,2009,3.6839129631095
IRQ,2008,2.02029989529593
IRQ,2007,-0.789042539847969
IRQ,2006,0.733263441372763
IRQ,2005,2.96374347121646
IRQ,2004,2.85128305805808
IRQ,2003,3.01523235753789
IRQ,2002,3.15904988797352
IRQ,2001,3.1189728301308
IRQ,2000,3.27752785249419
IRQ,1999,3.23378577144745
IRQ,1998,3.14180487468003
IRQ,1997,3.09229881638508
IRQ,1996,3.19188913877724
IRQ,1995,3.34971793938993
IRQ,1994,4.77257876446699
IRQ,1993,4.80252830355296
IRQ,1992,2.95901898094252
IRQ,1991,1.05265532486063
IRQ,1990,1.2400179630516
IRL,2025,1.62826615443033
IRL,2024,1.57375843711631
IRL,2023,1.87573900211149
IRL,2022,1.98101664069715
IRL,2021,1.39579966615221
IRL,2020,1.26378913010119
IRL,2019,1.58865409604595
IRL,2018,1.45141079540844
IRL,2017,1.34979886553997
IRL,2016,1.28405485082411
IRL,2015,0.944845307474728
IRL,2014,0.731001376585771
IRL,2013,0.526556158855653
IRL,2012,0.4237438032978
IRL,2011,0.436072439258428
IRL,2010,0.544884384079014
IRL,2009,1.01566327592341
IRL,2008,2.03870801117202
IRL,2007,2.89096000464164
IRL,2006,2.69600564359576
IRL,2005,2.17870301355631
IRL,2004,1.82831381790901
IRL,2003,1.62895096193019
IRL,2002,1.68514885730282
IRL,2001,1.59215149039299
IRL,2000,1.33304266586712
IRL,1999,1.12729955649471
IRL,1998,1.04307683611147
IRL,1997,1.00281473521859
IRL,1996,0.791271346994459
IRL,1995,0.512695055318523
IRL,1994,0.394187638653739
IRL,1993,0.499840487112985
IRL,1992,0.6822567779864
IRL,1991,0.574927781205802
IRL,1990,0.0844130206737995
IMN,2025,-0.0499173996269448
IMN,2024,-0.00594088816452728
IMN,2023,0.0392163858214135
IMN,2022,0.0309085940239317
IMN,2021,0.0499494569462143
IMN,2020,0.12736504896945
IMN,2019,0.181209143421298
IMN,2018,0.234150178061123
IMN,2017,0.171180649312203
IMN,2016,-0.152042122202678
IMN,2015,-0.35704727903332
IMN,2014,-0.296370572754953
IMN,2013,-0.230299966457986
IMN,2012,-0.0557146004442705
IMN,2011,0.605035871432298
IMN,2010,1.1198352163156
IMN,2009,1.10325545585427
IMN,2008,1.08105185778631
IMN,2007,1.05674263402304
IMN,2006,0.973663908803054
IMN,2005,0.914679040487355
IMN,2004,0.947463428784622
IMN,2003,0.996634656137498
IMN,2002,1.03935218980227
IMN,2001,1.07405640261461
IMN,2000,1.15522158904352
IMN,1999,1.24992377427321
IMN,1998,1.29728602762707
IMN,1997,1.1893404357479
IMN,1996,0.743943247223677
IMN,1995,0.483597216679532
IMN,1994,0.557983693730622
IMN,1993,0.593801567634365
IMN,1992,0.777681019315905
IMN,1991,1.2860244711094
IMN,1990,1.64736802272855
ISR,2025,1.19852366348133
ISR,2024,1.54351416100292
ISR,2023,3.00437405991345
ISR,2022,1.96636884788361
ISR,2021,1.68190551747412
ISR,2020,1.76367939210866
ISR,2019,1.90898263957994
ISR,2018,1.92662286520241
ISR,2017,1.93872567441099
ISR,2016,1.9603489624817
ISR,2015,1.98128897562083
ISR,2014,1.91954379859591
ISR,2013,1.86605289478673
ISR,2012,1.84615132126711
ISR,2011,1.84807786159597
ISR,2010,1.82675240987847
ISR,2009,2.39020733801215
ISR,2008,1.7765791059698
ISR,2007,1.7761008691798
ISR,2006,1.76780587358185
ISR,2005,1.76289766113006
ISR,2004,1.76762364154994
ISR,2003,1.80551975888109
ISR,2002,2.01405839404727
ISR,2001,2.35711729946802
ISR,2000,2.64233191305756
ISR,1999,2.54643388659354
ISR,1998,2.28687869043162
ISR,1997,2.49839504329334
ISR,1996,2.61650594252757
ISR,1995,2.66828695661805
ISR,1994,2.58926284874797
ISR,1993,2.6580917791605
ISR,1992,3.45546689873163
ISR,1991,6.01700878321945
ISR,1990,3.09460300917429
ITA,2025,-0.0628633523365352
ITA,2024,-0.0534387378437725
ITA,2023,-0.0499178457490556
ITA,2022,-0.20230086688254
ITA,2021,-0.515599998844444
ITA,2020,-0.487095091717782
ITA,2019,-0.247712826621699
ITA,2018,-0.208594586223998
ITA,2017,-0.188100912559894
ITA,2016,-0.190090486385849
ITA,2015,-0.151143561276007
ITA,2014,0.0150772197985246
ITA,2013,0.199772918304074
ITA,2012,0.273513088134657
ITA,2011,0.346167211080488
ITA,2010,0.442226157086815
ITA,2009,0.579748620940622
ITA,2008,0.771291301351719
ITA,2007,0.608396959196212
ITA,2006,0.400079310970985
ITA,2005,0.583653375692943
ITA,2004,0.744609563112575
ITA,2003,0.540420007681938
ITA,2002,0.197854295667482
ITA,2001,0.0612241572425483
ITA,2000,0.045303631138613
ITA,1999,0.0168208444553697
ITA,1998,0.0287740158774372
ITA,1997,0.05290695026061
ITA,1996,0.0281044080072756
ITA,1995,0.00158856230917393
ITA,1994,0.0203720739457194
ITA,1993,0.061135853002924
ITA,1992,0.0679244330808808
ITA,1991,0.0692311889532843
ITA,1990,0.0837085729587984
JAM,2025,-0.0739220209228623
JAM,2024,-0.0215180207209529
JAM,2023,0.0226098931571573
JAM,2022,0.0515076570013975
JAM,2021,0.244971341124232
JAM,2020,0.264166647844328
JAM,2019,0.112486030848061
JAM,2018,0.153765355594745
JAM,2017,0.207939418780596
JAM,2016,0.263022586225724
JAM,2015,0.313958647771979
JAM,2014,0.360811344710918
JAM,2013,0.405211603822983
JAM,2012,0.431454273219438
JAM,2011,0.432960044008846
JAM,2010,0.421944554103184
JAM,2009,0.415917474774269
JAM,2008,0.435156176173166
JAM,2007,0.473963945332093
JAM,2006,0.516033523535749
JAM,2005,0.553843332498697
JAM,2004,0.585569135450925
JAM,2003,0.606020700548159
JAM,2002,0.614211874970001
JAM,2001,0.633651755909455
JAM,2000,0.693820204754118
JAM,1999,0.777555210444778
JAM,1998,0.855408859585008
JAM,1997,0.922071445759518
JAM,1996,0.96772367916816
JAM,1995,1.00218490909892
JAM,1994,1.0275542704578
JAM,1993,1.03455204361498
JAM,1992,0.987746266754911
JAM,1991,0.878194947525997
JAM,1990,0.757565161496706
JPN,2025,-0.492142838725375
JPN,2024,-0.435651699326323
JPN,2023,-0.487370782049143
JPN,2022,-0.443851919148528
JPN,2021,-0.459952415807642
JPN,2020,-0.294194617750067
JPN,2019,-0.140464977878172
JPN,2018,-0.126880068088791
JPN,2017,-0.081874296046114
JPN,2016,-0.0511374152133631
JPN,2015,-0.106124993746747
JPN,2014,-0.132694222147042
JPN,2013,-0.144271883387076
JPN,2012,-0.159710675844347
JPN,2011,-0.185226486410846
JPN,2010,0.0179605415195644
JPN,2009,-0.0124946312294096
JPN,2008,0.0484253945978966
JPN,2007,0.114908847726211
JPN,2006,0.0633735894181335
JPN,2005,0.00939209655766336
JPN,2004,0.0336622582725446
JPN,2003,0.213980948779682
JPN,2002,0.232527187105684
JPN,2001,0.240952587521069
JPN,2000,0.167275578113187
JPN,1999,0.182586374140107
JPN,1998,0.271729610231193
JPN,1997,0.238271217591483
JPN,1996,0.226884732460898
JPN,1995,0.234590173412918
JPN,1994,0.279192363973672
JPN,1993,0.32416759914373
JPN,1992,0.371192387198527
JPN,1991,0.392819832481862
JPN,1990,0.33178288536374
JOR,2025,-0.279038179525473
JOR,2024,0.988722042141178
JOR,2023,1.61225050235636
JOR,2022,1.70151702842564
JOR,2021,1.83419162693059
JOR,2020,1.79543228239066
JOR,2019,1.98343822476301
JOR,2018,2.20412998393259
JOR,2017,2.25160030043779
JOR,2016,4.72325254401232
JOR,2015,8.21798329205466
JOR,2014,9.53920898641561
JOR,2013,5.19641467868427
JOR,2012,1.41635205030682
JOR,2011,2.48202772730679
JOR,2010,2.15109331746781
JOR,2009,2.14968786053504
JOR,2008,2.35427976058258
JOR,2007,6.03529982681035
JOR,2006,6.38870724302854
JOR,2005,2.47713068142819
JOR,2004,2.41295841696554
JOR,2003,2.21462077394044
JOR,2002,2.10844376833598
JOR,2001,2.0568547225817
JOR,2000,2.07260479051429
JOR,1999,2.14859183776887
JOR,1998,2.3114138594789
JOR,1997,2.68660948168777
JOR,1996,3.32004503110433
JOR,1995,4.09548745418131
JOR,1994,4.79103402702833
JOR,1993,5.20019138057655
JOR,1992,5.28652677916716
JOR,1991,7.78524286596351
JOR,1990,7.81519624530496
KAZ,2025,1.21239553353742
KAZ,2024,1.28276364646616
KAZ,2023,1.46415151694869
KAZ,2022,1.46316879039749
KAZ,2021,1.33325722721198
KAZ,2020,1.4089156380377
KAZ,2019,1.45157995956237
KAZ,2018,1.49423322942686
KAZ,2017,1.5579235201186
KAZ,2016,1.53335297365685
KAZ,2015,1.49239879824091
KAZ,2014,1.46885610538904
KAZ,2013,1.4364978420859
KAZ,2012,1.39710899026626
KAZ,2011,1.35207363651395
KAZ,2010,1.29700375015965
KAZ,2009,1.17001171080735
KAZ,2008,1.03606576058941
KAZ,2007,0.948669591386937
KAZ,2006,0.845600611531775
KAZ,2005,0.74145148778579
KAZ,2004,0.650552959098631
KAZ,2003,0.577653086141081
KAZ,2002,0.519509431468551
KAZ,2001,0.479119436795366
KAZ,2000,0.292205742065896
KAZ,1999,-1.23402481599988
KAZ,1998,-2.49588892763766
KAZ,1997,-2.29698510244531
KAZ,1996,-1.89774390163026
KAZ,1995,-1.85492469940638
KAZ,1994,-1.34458733859617
KAZ,1993,-0.335989057351318
KAZ,1992,0.312182211847612
KAZ,1991,0.72342110581087
KAZ,1990,0.919690778132869
KEN,2025,1.92967823977399
KEN,2024,1.95751431565234
KEN,2023,1.98296028478422
KEN,2022,1.92297608206469
KEN,2021,1.90040858948898
KEN,2020,1.96197633664853
KEN,2019,1.96381549826771
KEN,2018,2.03083744189606
KEN,2017,2.17412854990493
KEN,2016,2.20775684612709
KEN,2015,2.2270329432256
KEN,2014,2.33901192230694
KEN,2013,2.47210752389349
KEN,2012,2.6080744180495
KEN,2011,2.75013743696978
KEN,2010,2.90158845467743
KEN,2009,3.0211086032266
KEN,2008,3.02964938264436
KEN,2007,3.02220921188685
KEN,2006,3.04704867411558
KEN,2005,3.07223123352542
KEN,2004,3.10482476419105
KEN,2003,3.08528898836117
KEN,2002,3.14626442047843
KEN,2001,3.13629206541925
KEN,2000,3.01293994477925
KEN,1999,2.88430050146184
KEN,1998,2.75957646009425
KEN,1997,2.73276496655617
KEN,1996,2.75278021555245
KEN,1995,2.83906557159965
KEN,1994,2.903399231403
KEN,1993,2.96883713169678
KEN,1992,3.06483168454324
KEN,1991,3.23997624716531
KEN,1990,3.44045635367696
KIR,2025,1.45386795887331
KIR,2024,1.48889841912877
KIR,2023,1.56733842415292
KIR,2022,1.61644031663411
KIR,2021,1.79039347594032
KIR,2020,1.74230469268591
KIR,2019,1.4934933399344
KIR,2018,1.49285448135933
KIR,2017,1.50534982546091
KIR,2016,1.41358025249878
KIR,2015,1.28285862528713
KIR,2014,1.29865154429976
KIR,2013,1.37450090282755
KIR,2012,1.46864224692138
KIR,2011,1.77163616343889
KIR,2010,2.07935139998903
KIR,2009,2.1311838506713
KIR,2008,2.08839816441385
KIR,2007,2.02990862877029
KIR,2006,2.00156137723437
KIR,2005,2.00913413829946
KIR,2004,2.00784628062857
KIR,2003,2.05007206544672
KIR,2002,2.11290506977471
KIR,2001,1.92464085158861
KIR,2000,1.69232269333491
KIR,1999,1.70043973834358
KIR,1998,1.77856800157891
KIR,1997,1.82771772474094
KIR,1996,1.69542133889923
KIR,1995,1.5044778514244
KIR,1994,1.4855934105912
KIR,1993,1.53375279442251
KIR,1992,1.65449724886793
KIR,1991,1.99977567861685
KIR,1990,2.3081793896625
PRK,2025,0.272143344374275
PRK,2024,0.304699893187806
PRK,2023,0.338821174570736
PRK,2022,0.366471008261931
PRK,2021,0.36747843663433
PRK,2020,0.378273559953142
PRK,2019,0.409804313568107
PRK,2018,0.438418123483477
PRK,2017,0.463479822191171
PRK,2016,0.479685660941037
PRK,2015,0.486366779009783
PRK,2014,0.479753931920185
PRK,2013,0.465850679497933
PRK,2012,0.452614172409074
PRK,2011,0.44171264179715
PRK,2010,0.436879111426513
PRK,2009,0.458128289665172
PRK,2008,0.478578548402947
PRK,2007,0.495725212967157
PRK,2006,0.523597022459874
PRK,2005,0.581650142448516
PRK,2004,0.680784098097041
PRK,2003,0.609594776390389
PRK,2002,0.538597623627137
PRK,2001,0.629505065124145
PRK,2000,0.713737031349431
PRK,1999,0.79486992536677
PRK,1998,0.864820763436327
PRK,1997,0.935020971783511
PRK,1996,0.993936643105458
PRK,1995,1.22198132137694
PRK,1994,1.44208603503307
PRK,1993,1.47154474015851
PRK,1992,1.49273900122265
PRK,1991,1.48801633223606
PRK,1990,1.46851717868943
KOR,2025,-0.128584337535563
KOR,2024,0.0743178674548815
KOR,2023,0.077477253324535
KOR,2022,-0.187486566698935
KOR,2021,-0.128757315474928
KOR,2020,0.137869266247028
KOR,2019,0.347874968577526
KOR,2018,0.433519027613049
KOR,2017,0.280968018301691
KOR,2016,0.396851823381145
KOR,2015,0.527288497407793
KOR,2014,0.628149861433639
KOR,2013,0.455218622164662
KOR,2012,0.525713660600414
KOR,2011,0.768971758582589
KOR,2010,0.49822508440111
KOR,2009,0.514682827535803
KOR,2008,0.759316681850927
KOR,2007,0.505234032920336
KOR,2006,0.525199940498775
KOR,2005,0.211997784117548
KOR,2004,0.396331436697806
KOR,2003,0.518321452985646
KOR,2002,0.577957276814842
KOR,2001,0.767241774760276
KOR,2000,0.836180864297766
KOR,1999,0.710794593061376
KOR,1998,0.72186501759031
KOR,1997,0.937713808920155
KOR,1996,0.952779421852704
KOR,1995,1.00620085457685
KOR,1994,1.00615724501748
KOR,1993,1.01582143742509
KOR,1992,1.03916135557339
KOR,1991,0.989785981821526
KOR,1990,0.985130494218767
XKX,2025,-1.10223367296906
XKX,2024,-5.39126176551648
XKX,2023,-4.95226324203524
XKX,2022,-1.01194530149251
XKX,2021,-0.227725943787301
XKX,2020,0.0704099058940516
XKX,2019,-0.457058941890623
XKX,2018,0.338173257577919
XKX,2017,0.753859367983812
XKX,2016,-0.600477091754396
XKX,2015,-1.36150828171389
XKX,2014,-0.293645848305844
XKX,2013,0.606471214728733
XKX,2012,0.843388368514639
XKX,2011,0.179071579276493
XKX,2010,-0.331415173591033
XKX,2009,-0.343592772985139
XKX,2008,-0.345681218030727
XKX,2007,-0.330647483019233
XKX,2006,-0.290519126204048
XKX,2005,-0.242727164946393
XKX,2004,-0.20064639951827
XKX,2003,-0.165650264252757
XKX,2002,0.518048842761047
XKX,2001,0.967073945714176
XKX,2000,-3.75823655438575
XKX,1999,-10.5116620490498
XKX,1998,-5.53523595220767
XKX,1997,1.30697042333343
XKX,1996,1.45088764824469
XKX,1995,1.52063965732157
XKX,1994,1.56023385614181
XKX,1993,1.60207220574227
XKX,1992,1.69894212328555
XKX,1991,1.58690407165236
XKX,1990,1.40053802870022
KWT,2025,-0.654851001278566
KWT,2024,0.899286654502241
KWT,2023,5.58813678140227
KWT,2022,5.11318110910574
KWT,2021,-0.899478872255975
KWT,2020,-0.951064116715736
KWT,2019,2.71071332448015
KWT,2018,3.9801548230671
KWT,2017,3.69493434034851
KWT,2016,4.32594906785888
KWT,2015,4.49910219971801
KWT,2014,4.40657207759868
KWT,2013,4.98967404324728
KWT,2012,6.31732211154715
KWT,2011,6.23757792955185
KWT,2010,5.15506049102987
KWT,2009,5.29095352887972
KWT,2008,5.5655156760957
KWT,2007,5.87754467695609
KWT,2006,5.56242109286012
KWT,2005,3.61741976368303
KWT,2004,2.22351628059893
KWT,2003,2.39381864306604
KWT,2002,2.54939023844888
KWT,2001,2.69581257247854
KWT,2000,2.83716577319158
KWT,1999,2.97687893931174
KWT,1998,3.11805181601371
KWT,1997,3.26567730356611
KWT,1996,2.85696115718215
KWT,1995,1.02527173759103
KWT,1994,-0.466955560472215
KWT,1993,2.24918707357862
KWT,1992,19.0478598691413
KWT,1991,-22.0517787474627
KWT,1990,-27.4707864795381
KGZ,2025,1.66425490124613
KGZ,2024,1.70540730430368
KGZ,2023,1.76957037310792
KGZ,2022,1.7936545985598
KGZ,2021,1.83581016918265
KGZ,2020,2.04838545399769
KGZ,2019,2.24236415055009
KGZ,2018,2.15497985981547
KGZ,2017,2.10483082494568
KGZ,2016,2.21536456642779
KGZ,2015,2.24669257424341
KGZ,2014,2.20325649556304
KGZ,2013,2.18875701963339
KGZ,2012,1.88401276584283
KGZ,2011,1.44419717615299
KGZ,2010,1.4261662918386
KGZ,2009,1.32447839254888
KGZ,2008,0.951050106115373
KGZ,2007,0.953819648780638
KGZ,2006,1.07375909231552
KGZ,2005,1.1283845920008
KGZ,2004,1.2102014656817
KGZ,2003,1.0485234010087
KGZ,2002,0.9185254624642
KGZ,2001,0.949086383559028
KGZ,2000,1.18989565060204
KGZ,1999,1.48621223857268
KGZ,1998,1.53390553506084
KGZ,1997,1.45812831070495
KGZ,1996,1.47972661930702
KGZ,1995,1.00017108296949
KGZ,1994,-0.0378217259319961
KGZ,1993,0.0304909881785774
KGZ,1992,1.15305440513392
KGZ,1991,1.63524960358477
KGZ,1990,1.92530470146006
LAO,2025,1.31981575540414
LAO,2024,1.35832703035837
LAO,2023,1.39237667233214
LAO,2022,1.40971670105791
LAO,2021,1.44141640887407
LAO,2020,1.49338675171473
LAO,2019,1.52576304616693
LAO,2018,1.55377801997365
LAO,2017,1.57029722559747
LAO,2016,1.56317561333482
LAO,2015,1.45836474920589
LAO,2014,1.37876842701215
LAO,2013,1.40755477426746
LAO,2012,1.42735442034268
LAO,2011,1.44814949802327
LAO,2010,1.47192872108695
LAO,2009,1.49588633029834
LAO,2008,1.5195940495706
LAO,2007,1.54812352499039
LAO,2006,1.58338798520366
LAO,2005,1.50884118892528
LAO,2004,1.45793744820894
LAO,2003,1.53964095162728
LAO,2002,1.60628714871708
LAO,2001,1.64839890567014
LAO,2000,1.67898547843134
LAO,1999,1.74747223421126
LAO,1998,1.85106124399662
LAO,1997,2.08550886313317
LAO,1996,2.33129326891339
LAO,1995,2.46841937666729
LAO,1994,2.61561863671144
LAO,1993,2.71337335048279
LAO,1992,2.769076698737
LAO,1991,2.81628243868286
LAO,1990,2.84582324059542
LVA,2025,-0.987592806179397
LVA,2024,-0.93796839712162
LVA,2023,0.22997050070229
LVA,2022,-0.271369577775699
LVA,2021,-0.843294678005026
LVA,2020,-0.701211570733301
LVA,2019,-0.695239140136066
LVA,2018,-0.779138396192231
LVA,2017,-0.886215573292392
LVA,2016,-0.913885332226604
LVA,2015,-0.818626340945853
LVA,2014,-0.941743354234222
LVA,2013,-1.07103480329077
LVA,2012,-1.24035915329271
LVA,2011,-1.82076700208005
LVA,2010,-2.08130508988111
LVA,2009,-1.65102496759116
LVA,2008,-1.0509395443743
LVA,2007,-0.816175506582982
LVA,2006,-0.91727295748817
LVA,2005,-1.08057145691172
LVA,2004,-1.09131295557421
LVA,2003,-0.966400801237561
LVA,2002,-1.1618382239436
LVA,2001,-1.29148694354873
LVA,2000,-0.963935407092365
LVA,1999,-0.813961203872195
LVA,1998,-0.942918937122207
LVA,1997,-0.996762288757542
LVA,1996,-1.12637509582344
LVA,1995,-1.42581081215727
LVA,1994,-1.67382870075107
LVA,1993,-1.97193209570356
LVA,1992,-1.37679506583504
LVA,1991,-0.473114694040671
LVA,1990,-0.142736397581795
LBN,2025,0.745736135898232
LBN,2024,0.560805065461567
LBN,2023,0.503630953855672
LBN,2022,0.460053063032864
LBN,2021,0.275364167930295
LBN,2020,-1.60386258157574
LBN,2019,-3.21837128976045
LBN,2018,-2.89884297122412
LBN,2017,-2.61057116476665
LBN,2016,-2.33543749400836
LBN,2015,1.95769583624838
LBN,2014,9.99230472656041
LBN,2013,9.25490649315042
LBN,2012,2.70487296695382
LBN,2011,1.07982379188685
LBN,2010,0.976748358836896
LBN,2009,1.34979711881761
LBN,2008,1.66309647863534
LBN,2007,1.93814380795793
LBN,2006,1.69887292002787
LBN,2005,1.54954660675644
LBN,2004,1.6169716035759
LBN,2003,1.37957282493925
LBN,2002,1.38937527602441
LBN,2001,1.66252495800846
LBN,2000,1.72552456653499
LBN,1999,1.75422008711836
LBN,1998,1.75827835901774
LBN,1997,1.80828501715332
LBN,1996,1.85224110517078
LBN,1995,1.8072128760113
LBN,1994,1.79377053397478
LBN,1993,1.93652525509607
LBN,1992,2.1159367104979
LBN,1991,2.03024916398365
LBN,1990,1.96313846488939
LSO,2025,1.1020485314959
LSO,2024,1.11644894351979
LSO,2023,1.10328678263994
LSO,2022,1.08048016923391
LSO,2021,1.14804266920884
LSO,2020,1.18432063043163
LSO,2019,1.17469837087993
LSO,2018,1.22069019410404
LSO,2017,1.24492806980041
LSO,2016,1.21894302061673
LSO,2015,1.17199706979444
LSO,2014,1.14032275206417
LSO,2013,1.08291299578498
LSO,2012,1.00510607755205
LSO,2011,0.885634151913232
LSO,2010,0.772821659424366
LSO,2009,0.726654299508152
LSO,2008,0.677229463442686
LSO,2007,0.420949997112671
LSO,2006,-0.411119833657806
LSO,2005,-0.920090941162442
LSO,2004,-0.704216157980622
LSO,2003,-0.483449852068026
LSO,2002,-0.30904544946415
LSO,2001,-0.152817947191406
LSO,2000,0.0338894483530851
LSO,1999,0.259167017289072
LSO,1998,0.497670599964471
LSO,1997,0.793429718638376
LSO,1996,1.06941770060456
LSO,1995,1.22348105728494
LSO,1994,1.35340882923336
LSO,1993,1.510942325487
LSO,1992,1.6630030854951
LSO,1991,1.78987959126126
LSO,1990,1.91128488033215
LBR,2025,2.08732472424606
LBR,2024,2.15725346515291
LBR,2023,2.20390696065654
LBR,2022,2.14388170425267
LBR,2021,2.11098738475006
LBR,2020,2.07483340649162
LBR,2019,1.98225492944197
LBR,2018,1.95645231379837
LBR,2017,1.94324776688719
LBR,2016,2.04312155500225
LBR,2015,2.06297096669961
LBR,2014,2.08217532534285
LBR,2013,2.19827693086756
LBR,2012,3.53448694358844
LBR,2011,3.92046987945605
LBR,2010,2.89605811562763
LBR,2009,3.14360024630264
LBR,2008,4.05801806274783
LBR,2007,4.98055607463838
LBR,2006,5.58972152870902
LBR,2005,4.46419976403406
LBR,2004,1.19050087276777
LBR,2003,0.79655231018503
LBR,2002,2.60055374367034
LBR,2001,2.9352375714594
LBR,2000,3.70256844774732
LBR,1999,5.52089565583152
LBR,1998,10.1258685289522
LBR,1997,7.78387115678537
LBR,1996,2.86865985716056
LBR,1995,0.890656464561814
LBR,1994,-0.241483731724842
LBR,1993,3.91124005265588
LBR,1992,5.75704272691874
LBR,1991,-12.7991272233588
LBR,1990,-12.4250905106672
LBY,2025,1.04494488295615
LBY,2024,1.02629935747641
LBY,2023,1.12674309223491
LBY,2022,1.23450447871795
LBY,2021,1.26619979488109
LBY,2020,1.3484498033463
LBY,2019,1.47795950725002
LBY,2018,1.62332708641058
LBY,2017,1.59519992425695
LBY,2016,1.52399514586306
LBY,2015,1.61383897825773
LBY,2014,1.92631083217923
LBY,2013,2.00744391901146
LBY,2012,-2.61743182302169
LBY,2011,-2.4085814162192
LBY,2010,2.0390577056462
LBY,2009,2.08315407578494
LBY,2008,2.12409959672873
LBY,2007,2.05506946829407
LBY,2006,2.05113885258773
LBY,2005,2.10615511958762
LBY,2004,2.06583711688529
LBY,2003,1.99485254520156
LBY,2002,1.92033997804202
LBY,2001,1.84188849101584
LBY,2000,1.65322614160708
LBY,1999,1.49314341029578
LBY,1998,1.49071733534102
LBY,1997,1.53695333635977
LBY,1996,1.628256686488
LBY,1995,1.74343085926812
LBY,1994,1.8627694303479
LBY,1993,1.97785331609755
LBY,1992,2.08945197161358
LBY,1991,2.20620699142416
LBY,1990,2.32867028630405
LIE,2025,1.4090617793704
LIE,2024,1.50446197178693
LIE,2023,0.889858277389592
LIE,2022,0.790598334689517
LIE,2021,0.719750043098349
LIE,2020,0.872668968896405
LIE,2019,0.825428790511035
LIE,2018,0.745332024798021
LIE,2017,0.650125178937136
LIE,2016,0.590348742843119
LIE,2015,0.658266806602704
LIE,2014,0.711286542304829
LIE,2013,0.888098068342956
LIE,2012,0.945614084833038
LIE,2011,0.801840223929879
LIE,2010,0.780339504026041
LIE,2009,0.755462414857941
LIE,2008,0.596594686745767
LIE,2007,0.640125089403045
LIE,2006,0.81387467447858
LIE,2005,0.884398828059777
LIE,2004,1.07405521315503
LIE,2003,1.13615788435917
LIE,2002,1.49506432654852
LIE,2001,1.66774320599301
LIE,2000,1.30732907481793
LIE,1999,1.73117065812303
LIE,1998,1.38634970785053
LIE,1997,0.639205581201736
LIE,1996,0.831598896867056
LIE,1995,0.999257245237642
LIE,1994,1.25829365403492
LIE,1993,1.54735487321845
LIE,1992,1.42092267625387
LIE,1991,1.61174133104902
LIE,1990,1.48971366411381
LTU,2025,0.0171713878019065
LTU,2024,0.579633464785161
LTU,2023,1.40084461829591
LTU,2022,0.824789131191284
LTU,2021,-0.070798680741267
LTU,2020,-0.0256161303326233
LTU,2019,-0.288120400605037
LTU,2018,-0.82796893028899
LTU,2017,-1.21281970207312
LTU,2016,-1.16730651563847
LTU,2015,-0.89406825888146
LTU,2014,-0.813668566231451
LTU,2013,-0.937390957711289
LTU,2012,-1.2954927649989
LTU,2011,-2.25846389882827
LTU,2010,-2.09694341985475
LTU,2009,-1.11034575437238
LTU,2008,-1.02848317546539
LTU,2007,-1.187947957259
LTU,2006,-1.59637831830094
LTU,2005,-1.62840112593427
LTU,2004,-1.12299127483243
LTU,2003,-0.812278097406687
LTU,2002,-0.802765710748508
LTU,2001,-0.824008723044179
LTU,2000,-0.703385440488978
LTU,1999,-0.709489234071613
LTU,1998,-0.724436206600195
LTU,1997,-0.737830358066631
LTU,1996,-0.760343408174495
LTU,1995,-0.769728017770742
LTU,1994,-0.694003962919015
LTU,1993,-0.474107542700159
LTU,1992,-0.108586324904251
LTU,1991,0.170116869352429
LTU,1990,0.367999030323355
LUX,2025,1.46016251329208
LUX,2024,1.57538901671221
LUX,2023,2.02002574712319
LUX,2022,2.01666790212729
LUX,2021,1.51834936706612
LUX,2020,1.66635867423273
LUX,2019,1.9628449198635
LUX,2018,1.92883751398765
LUX,2017,2.43097641776115
LUX,2016,2.15531198799205
LUX,2015,2.35995118136865
LUX,2014,2.35697870484045
LUX,2013,2.31117625275217
LUX,2012,2.40154189982875
LUX,2011,2.22266050326725
LUX,2010,1.8254058035237
LUX,2009,1.85177523043645
LUX,2008,1.78749663225793
LUX,2007,1.54438684650549
LUX,2006,1.59505191774492
LUX,2005,1.53005466340868
LUX,2004,1.42133256471314
LUX,2003,1.21520087964639
LUX,2002,1.04766081596443
LUX,2001,1.19045634528707
LUX,2000,1.34408299573143
LUX,1999,1.35062128530242
LUX,1998,1.24387080269218
LUX,1997,1.25350248369427
LUX,1996,1.36114394109864
LUX,1995,1.40474246355929
LUX,1994,1.36184013740089
LUX,1993,1.34238702924688
LUX,1992,1.32834757125223
LUX,1991,1.33968316953886
LUX,1990,1.25174570700817
MAC,2025,-0.160244771707362
MAC,2024,1.20077588622782
MAC,2023,0.221222713921319
MAC,2022,-0.764822083825685
MAC,2021,-0.424008238139362
MAC,2020,1.9744268917359
MAC,2019,1.96865626033754
MAC,2018,1.60639880582531
MAC,2017,-0.630334933532746
MAC,2016,1.48219480492074
MAC,2015,3.3531529872349
MAC,2014,4.91199595786127
MAC,2013,4.13923548132925
MAC,2012,3.27546059752472
MAC,2011,2.31926463992749
MAC,2010,0.373134761285818
MAC,2009,-1.05978494919527
MAC,2008,3.73065116368133
MAC,2007,4.31524098841543
MAC,2006,5.22537622408586
MAC,2005,4.05140517951681
MAC,2004,2.47146053547528
MAC,2003,1.17915198424063
MAC,2002,1.03176428295007
MAC,2001,0.763450787404228
MAC,2000,0.74592420452155
MAC,1999,1.20043809451493
MAC,1998,1.19105743423909
MAC,1997,0.528593253851375
MAC,1996,1.40710715606357
MAC,1995,3.10160080876396
MAC,1994,3.2789822822991
MAC,1993,3.47100680921818
MAC,1992,5.3296121741518
MAC,1991,4.86550957997506
MAC,1990,2.98484396444169
MDG,2025,2.39781026296956
MDG,2024,2.43524760129506
MDG,2023,2.46201530433165
MDG,2022,2.48207836172625
MDG,2021,2.51537360931706
MDG,2020,2.56778870397591
MDG,2019,2.60136633480103
MDG,2018,2.60334538024635
MDG,2017,2.60345495087599
MDG,2016,2.61335935661539
MDG,2015,2.63948434650119
MDG,2014,2.68077948175383
MDG,2013,2.71964840033078
MDG,2012,2.76626312576328
MDG,2011,2.83965714379658
MDG,2010,2.90919662127516
MDG,2009,2.93604117284744
MDG,2008,2.93532927308935
MDG,2007,2.93494950819065
MDG,2006,2.93769107946479
MDG,2005,2.92926937068758
MDG,2004,2.91610861061954
MDG,2003,2.93067077025108
MDG,2002,2.9899935045994
MDG,2001,3.0798984770565
MDG,2000,3.17297260783499
MDG,1999,3.24667519014568
MDG,1998,3.27159813295267
MDG,1997,3.25505471239561
MDG,1996,3.2173927391356
MDG,1995,3.16254820979997
MDG,1994,3.10719838973684
MDG,1993,3.0502535632257
MDG,1992,3.00913797217694
MDG,1991,2.98892403647048
MDG,1990,2.95165872036178
MWI,2025,2.55685698114353
MWI,2024,2.57641467045761
MWI,2023,2.57135708610945
MWI,2022,2.567947782963
MWI,2021,2.59415828794597
MWI,2020,2.63573735113183
MWI,2019,2.65059567621331
MWI,2018,2.67117568591664
MWI,2017,2.70808949087835
MWI,2016,2.72595787740448
MWI,2015,2.75359183453625
MWI,2014,2.80479012384928
MWI,2013,2.83808966369485
MWI,2012,2.87064589887138
MWI,2011,2.91504427220952
MWI,2010,2.94779608735928
MWI,2009,2.95642545456471
MWI,2008,2.90426164632368
MWI,2007,2.82103771276785
MWI,2006,2.75507030698051
MWI,2005,2.67801100189358
MWI,2004,2.58631203946607
MWI,2003,2.50311318898405
MWI,2002,2.44868795908692
MWI,2001,2.41939427546647
MWI,2000,2.39808527580859
MWI,1999,2.33453883328598
MWI,1998,2.16203188036192
MWI,1997,2.00642058000582
MWI,1996,1.97165297305688
MWI,1995,-0.145478657197626
MWI,1994,-1.16516040362747
MWI,1993,1.45890484790257
MWI,1992,2.91173826494271
MWI,1991,3.07784774072047
MWI,1990,3.94913594593981
MYS,2025,1.17471679693395
MYS,2024,1.22058891015438
MYS,2023,1.23402869169549
MYS,2022,1.1977720012836
MYS,2021,1.15251304394292
MYS,2020,1.33363323143911
MYS,2019,1.59646653343981
MYS,2018,1.70174731907235
MYS,2017,1.76466064017847
MYS,2016,1.76731054757933
MYS,2015,1.73319445645586
MYS,2014,1.7147407282165
MYS,2013,1.70946282045073
MYS,2012,1.70269513202166
MYS,2011,1.75128008243176
MYS,2010,1.87040612656176
MYS,2009,1.99206021194285
MYS,2008,2.09531674831339
MYS,2007,2.17350461828888
MYS,2006,2.22705351047756
MYS,2005,2.26772984873607
MYS,2004,2.31172452935085
MYS,2003,2.36624571909165
MYS,2002,2.41855547054066
MYS,2001,2.40351289519482
MYS,2000,2.34480241175698
MYS,1999,2.38527879909653
MYS,1998,2.45609059309708
MYS,1997,2.48740927032502
MYS,1996,2.52310298452386
MYS,1995,2.54130598813685
MYS,1994,2.54353236939425
MYS,1993,2.55845902443816
MYS,1992,2.64753082839941
MYS,1991,2.8158546560368
MYS,1990,2.94872577944909
MDV,2025,0.35499694483684
MDV,2024,0.342572358181693
MDV,2023,0.359585188904548
MDV,2022,1.528878337276
MDV,2021,2.75700187362712
MDV,2020,2.90711274683574
MDV,2019,3.04593554452725
MDV,2018,3.18090435033978
MDV,2017,3.3230837355609
MDV,2016,3.47818441091268
MDV,2015,3.45425190846638
MDV,2014,3.33008930667728
MDV,2013,3.36852336235274
MDV,2012,3.45705386277423
MDV,2011,3.50821445523557
MDV,2010,3.53092174013543
MDV,2009,3.53754131988817
MDV,2008,3.53961652894355
MDV,2007,3.33024681100438
MDV,2006,2.39322700867029
MDV,2005,1.65046635945583
MDV,2004,1.64645534671167
MDV,2003,1.65789955318333
MDV,2002,1.67678289699847
MDV,2001,1.66955947887464
MDV,2000,1.64706787778788
MDV,1999,1.70471377146204
MDV,1998,1.85635292041612
MDV,1997,2.02250438967603
MDV,1996,2.19586623197496
MDV,1995,2.29658684319165
MDV,1994,2.39588951749495
MDV,1993,2.62350414564248
MDV,1992,2.86660285823986
MDV,1991,3.08414944112238
MDV,1990,3.17495594408846
MLI,2025,2.89981455024173
MLI,2024,2.94115084753028
MLI,2023,2.97400537620334
MLI,2022,3.00942592606239
MLI,2021,3.06035796580474
MLI,2020,3.01751361469378
MLI,2019,3.01814494306617
MLI,2018,3.1254232369578
MLI,2017,3.18823649379751
MLI,2016,3.16701291267986
MLI,2015,3.1289280097663
MLI,2014,3.16065691731413
MLI,2013,2.92078257453733
MLI,2012,2.91998728475051
MLI,2011,3.23250831038309
MLI,2010,3.2485140091385
MLI,2009,3.25780569403424
MLI,2008,3.2862188900418
MLI,2007,3.28796078422057
MLI,2006,3.2804387949943
MLI,2005,3.27522299158149
MLI,2004,3.23794608826987
MLI,2003,3.17894001404545
MLI,2002,3.10676861781848
MLI,2001,3.00701165563643
MLI,2000,2.91308874187569
MLI,1999,2.78016882660174
MLI,1998,2.53261369818345
MLI,1997,2.27253609178861
MLI,1996,2.15534830365536
MLI,1995,2.1669139807504
MLI,1994,2.15247098778735
MLI,1993,2.08462699306597
MLI,1992,2.01579765286114
MLI,1991,1.98540443777679
MLI,1990,1.96820571058385
MLT,2025,1.8906123268828
MLT,2024,2.87111128593908
MLT,2023,3.99255876861009
MLT,2022,2.47100289980875
MLT,2021,0.51468710034629
MLT,2020,2.2716254974907
MLT,2019,4.05171762437788
MLT,2018,3.53282607673569
MLT,2017,2.73472979835887
MLT,2016,2.28889794467689
MLT,2015,2.44719692467224
MLT,2014,2.02059558233422
MLT,2013,1.13206344183411
MLT,2012,0.899209211902256
MLT,2011,0.423700885195294
MLT,2010,0.49118281065151
MLT,2009,0.753906931031973
MLT,2008,0.650655460565174
MLT,2007,0.348755082369901
MLT,2006,0.364336947162944
MLT,2005,0.637436918202842
MLT,2004,0.67162845452858
MLT,2003,0.657732334391546
MLT,2002,0.745506921127166
MLT,2001,0.75110649818537
MLT,2000,0.645267230900854
MLT,1999,0.592860773979805
MLT,1998,0.649936278938043
MLT,1997,0.756792686540295
MLT,1996,0.656524533590292
MLT,1995,0.697143006602962
MLT,1994,0.93526391926236
MLT,1993,0.998755132026019
MLT,1992,1.03164027783494
MLT,1991,2.69509289211785
MLT,1990,0.978313699279678
MHL,2025,-3.42983639556145
MHL,2024,-3.34957664335036
MHL,2023,-3.16867227675357
MHL,2022,-3.16808578519291
MHL,2021,-3.18559640580083
MHL,2020,-3.00092865880133
MHL,2019,-2.86271396531764
MHL,2018,-2.70999222878463
MHL,2017,-2.50442852271303
MHL,2016,-2.26102535172131
MHL,2015,-2.0204346660438
MHL,2014,-1.76164273882982
MHL,2013,-1.44566670550716
MHL,2012,-0.944590187330327
MHL,2011,-0.263585880501686
MHL,2010,0.0480478181120274
MHL,2009,-0.0211438842102896
MHL,2008,-0.00960937876105589
MHL,2007,0.0826708497774886
MHL,2006,0.165547016575545
MHL,2005,0.221800143004125
MHL,2004,0.293918803877236
MHL,2003,0.415276541845766
MHL,2002,0.588994174565557
MHL,2001,0.81902470029652
MHL,2000,0.998938024888359
MHL,1999,0.970793961160646
MHL,1998,0.925483489018507
MHL,1997,0.987420553055034
MHL,1996,1.04905074757535
MHL,1995,1.15444404510935
MHL,1994,1.30585685625334
MHL,1993,1.50835649253379
MHL,1992,1.78350893049463
MHL,1991,2.08218438524189
MHL,1990,2.36478740634723
MRT,2025,2.77895808619534
MRT,2024,2.88395898961435
MRT,2023,2.96653079197429
MRT,2022,2.92956466448208
MRT,2021,2.88703345850902
MRT,2020,2.92092559048913
MRT,2019,2.95347297852629
MRT,2018,2.97356403059489
MRT,2017,2.98778789331469
MRT,2016,2.99795842489143
MRT,2015,3.00605924056849
MRT,2014,3.01218949095495
MRT,2013,3.135806545909
MRT,2012,3.26413503920642
MRT,2011,3.24512473547367
MRT,2010,3.19159403639576
MRT,2009,3.12899450909418
MRT,2008,2.87480873438379
MRT,2007,2.60052819123955
MRT,2006,2.50658248493226
MRT,2005,2.42430459268211
MRT,2004,2.34965515386841
MRT,2003,2.28829406566231
MRT,2002,2.2112923085405
MRT,2001,2.46862570579989
MRT,2000,2.78353822069134
MRT,1999,2.67329856414459
MRT,1998,2.593086654003
MRT,1997,2.22749819161846
MRT,1996,1.97732237962951
MRT,1995,2.74327836229324
MRT,1994,3.39678688176153
MRT,1993,4.04483281809764
MRT,1992,3.82669577865452
MRT,1991,2.92123792785109
MRT,1990,2.5335174710203
MUS,2025,-0.163726377394902
MUS,2024,-0.2299528038748
MUS,2023,-1.1051534726941
MUS,2022,-0.301401216835277
MUS,2021,0.0252729878913446
MUS,2020,0.00229068020969373
MUS,2019,0.0322330642925213
MUS,2018,0.0545354541381391
MUS,2017,0.0901672663767558
MUS,2016,0.0687082325715694
MUS,2015,0.132404330287967
MUS,2014,0.181022097854624
MUS,2013,0.242165626741126
MUS,2012,0.277321025514609
MUS,2011,0.160140420765724
MUS,2010,0.237886692890185
MUS,2009,0.265537672832765
MUS,2008,0.361630847401639
MUS,2007,0.455526400702738
MUS,2006,0.466403525955087
MUS,2005,0.592099659929956
MUS,2004,0.627103982385528
MUS,2003,0.723661765578573
MUS,2002,0.694240135210974
MUS,2001,0.790047581068153
MUS,2000,0.982676166064297
MUS,1999,1.27124855157122
MUS,1998,1.05142162473208
MUS,1997,1.25209760994193
MUS,1996,1.02276454116174
MUS,1995,0.859933461061684
MUS,1994,1.40006449419438
MUS,1993,1.18554061440712
MUS,1992,1.31574311449685
MUS,1991,1.07946362530249
MUS,1990,0.712313471132199
MEX,2025,0.826382426690595
MEX,2024,0.860515443690537
MEX,2023,0.872178517508623
MEX,2022,0.753116988604166
MEX,2021,0.66740537533078
MEX,2020,0.820454117563552
MEX,2019,0.950144329831411
MEX,2018,0.9466023549862
MEX,2017,0.935239396499786
MEX,2016,0.969124204799117
MEX,2015,1.06956376155677
MEX,2014,1.21002702971431
MEX,2013,1.29730808025224
MEX,2012,1.35716327923769
MEX,2011,1.41534883852036
MEX,2010,1.43974472572946
MEX,2009,1.4619172053372
MEX,2008,1.46015632826518
MEX,2007,1.40789058424163
MEX,2006,1.35374920696209
MEX,2005,1.34857895792648
MEX,2004,1.3653083154997
MEX,2003,1.398263627903
MEX,2002,1.43770526775457
MEX,2001,1.48303091731143
MEX,2000,1.54272528221216
MEX,1999,1.5989280275378
MEX,1998,1.63934798033611
MEX,1997,1.68231791926668
MEX,1996,1.73503044582092
MEX,1995,1.78023269604442
MEX,1994,1.81495080594105
MEX,1993,1.8526849091274
MEX,1992,1.89386319441602
MEX,1991,1.92579327419213
MEX,1990,1.91754932281513
FSM,2025,0.46111268735637
FSM,2024,0.469463637376133
FSM,2023,0.459189928699194
FSM,2022,0.438013018270765
FSM,2021,0.636292251926478
FSM,2020,0.573243642479669
FSM,2019,0.338797095962346
FSM,2018,0.390173246703998
FSM,2017,0.371529920950747
FSM,2016,0.329674160226437
FSM,2015,0.294778945170204
FSM,2014,0.254021760761961
FSM,2013,0.213878078483849
FSM,2012,0.178117567546797
FSM,2011,0.146814250624888
FSM,2010,-0.387012831252087
FSM,2009,-0.902755412822123
FSM,2008,-0.862830740479894
FSM,2007,-0.769691346591573
FSM,2006,-0.614926692700671
FSM,2005,-0.459396250703375
FSM,2004,-0.321127790347554
FSM,2003,-0.145061053412724
FSM,2002,0.0738391496676066
FSM,2001,0.286084977816685
FSM,2000,0.325401227572671
FSM,1999,0.271679603302952
FSM,1998,0.275120651130129
FSM,1997,0.325546659835609
FSM,1996,0.434507789615144
FSM,1995,1.05333729655509
FSM,1994,1.85902522746243
FSM,1993,2.13344445785382
FSM,1992,1.97732400975085
FSM,1991,1.8326791405429
FSM,1990,1.88608379478079
MDA,2025,-1.75442101889586
MDA,2024,-2.28306147072637
MDA,2023,-2.84274212689094
MDA,2022,-2.62110760462091
MDA,2021,-1.50342952349937
MDA,2020,-1.09803165876287
MDA,2019,-1.60031653578231
MDA,2018,-1.75700442074845
MDA,2017,-1.72705846625605
MDA,2016,-1.16302237797705
MDA,2015,-0.767049559673864
MDA,2014,-0.0609720602101012
MDA,2013,-0.0267837694756349
MDA,2012,-0.0131095435392298
MDA,2011,-0.0578362648793712
MDA,2010,-0.0998329740168972
MDA,2009,-0.12626339171085
MDA,2008,-0.190349156188775
MDA,2007,-0.231718324871942
MDA,2006,-0.277922768195992
MDA,2005,-0.243318711825946
MDA,2004,-0.247447154059097
MDA,2003,-0.281602495320467
MDA,2002,-0.231580062051396
MDA,2001,-0.223625637302563
MDA,2000,-0.203371722054682
MDA,1999,-0.157010551960425
MDA,1998,-0.0403975726076274
MDA,1997,-0.369835352113778
MDA,1996,-0.200220624729015
MDA,1995,-0.457606401290052
MDA,1994,-0.310329995862598
MDA,1993,-0.167838142610697
MDA,1992,-0.0201592243976584
MDA,1991,0.122628205285669
MDA,1990,0.264729975010194
MCO,2025,-0.753524326194984
MCO,2024,-0.837774113919638
MCO,2023,0.064195567574974
MCO,2022,1.04315542231896
MCO,2021,1.24582098923186
MCO,2020,-0.15493904017385
MCO,2019,-0.118012680389237
MCO,2018,1.2554231770143
MCO,2017,1.07266818197735
MCO,2016,1.40210042123736
MCO,2015,1.7260495743784
MCO,2014,1.90295648042493
MCO,2013,2.09819835631417
MCO,2012,2.22856128605207
MCO,2011,2.33362301181285
MCO,2010,2.4388102675618
MCO,2009,1.64489690019902
MCO,2008,-0.00314104879645484
MCO,2007,-0.688643282374539
MCO,2006,-0.476139508779456
MCO,2005,-0.300696167174622
MCO,2004,-0.207170649691514
MCO,2003,-0.148157320761246
MCO,2002,-0.077078423400188
MCO,2001,-0.0246525532048751
MCO,2000,0.138749733197593
MCO,1999,0.442198101388181
MCO,1998,0.63423187882689
MCO,1997,0.707358191973761
MCO,1996,0.71872452628236
MCO,1995,0.743049271679595
MCO,1994,0.76466914483534
MCO,1993,0.802932259811704
MCO,1992,0.851871454058648
MCO,1991,0.875659466022369
MCO,1990,0.906660524051086
MNG,2025,1.24589876857071
MNG,2024,1.24590299529718
MNG,2023,1.3708886685104
MNG,2022,1.46704738017187
MNG,2021,1.684959051396
MNG,2020,1.80542008661223
MNG,2019,1.8371507310985
MNG,2018,1.86480192831175
MNG,2017,1.92577883760149
MNG,2016,2.02736957640078
MNG,2015,2.12866951701474
MNG,2014,2.18707605433318
MNG,2013,2.06694708057063
MNG,2012,1.89795214519602
MNG,2011,1.7265777901103
MNG,2010,1.74992683110286
MNG,2009,1.79649232006396
MNG,2008,1.57679522082476
MNG,2007,1.34193846720281
MNG,2006,1.20548331364776
MNG,2005,1.10986290557005
MNG,2004,1.12405283429406
MNG,2003,1.27185524409713
MNG,2002,1.28530335948394
MNG,2001,1.22563721499933
MNG,2000,1.32711144076984
MNG,1999,1.41026329390347
MNG,1998,1.38919318660692
MNG,1997,1.41690699648118
MNG,1996,1.54144516833781
MNG,1995,1.61069462565483
MNG,1994,1.11448441138802
MNG,1993,-0.122780957606697
MNG,1992,0.112989877088484
MNG,1991,3.12554463819911
MNG,1990,-1.20653291340797
MNE,2025,-0.0635300593940256
MNE,2024,-0.000641511915285095
MNE,2023,-0.00994290846928265
MNE,2022,-0.234174139002603
MNE,2021,-0.245597310506825
MNE,2020,-0.0260104378320954
MNE,2019,0.0502716675485305
MNE,2018,0.0728190255904537
MNE,2017,0.100532639617139
MNE,2016,0.11231965238542
MNE,2015,0.145306599207243
MNE,2014,0.185665017136334
MNE,2013,0.187941422115648
MNE,2012,0.172818849821581
MNE,2011,0.147930333573243
MNE,2010,0.183239906425096
MNE,2009,0.214529295893828
MNE,2008,0.177475866720179
MNE,2007,0.138110347731053
MNE,2006,0.12429981279666
MNE,2005,0.147929262061512
MNE,2004,0.177216475615812
MNE,2003,0.399151168806326
MNE,2002,0.400750772330341
MNE,2001,0.402363248322291
MNE,2000,-0.0279740186992493
MNE,1999,-0.4193256157655
MNE,1998,-0.305295583261971
MNE,1997,-0.243010697842063
MNE,1996,-0.115971437246349
MNE,1995,0.0528165715682825
MNE,1994,0.199581093444201
MNE,1993,0.271440061763539
MNE,1992,0.232144826993095
MNE,1991,0.120809885832418
MNE,1990,-0.0328127540676757
MAR,2025,0.913842778572571
MAR,2024,0.972827595296714
MAR,2023,1.02195181223548
MAR,2022,1.00863622672701
MAR,2021,1.00691847923959
MAR,2020,1.02565486360782
MAR,2019,1.03022315933698
MAR,2018,1.1036421008163
MAR,2017,1.20034336418867
MAR,2016,1.19450726277516
MAR,2015,1.17075639938741
MAR,2014,1.22723874148544
MAR,2013,1.28781015302784
MAR,2012,1.3359712863904
MAR,2011,1.36305168989377
MAR,2010,1.35274286216317
MAR,2009,1.33260098178586
MAR,2008,1.33869604527126
MAR,2007,1.34058101398506
MAR,2006,1.35136550551358
MAR,2005,1.34347301576107
MAR,2004,1.28219021585352
MAR,2003,1.27031081599857
MAR,2002,1.32213816814169
MAR,2001,1.36697144784375
MAR,2000,1.40392630100829
MAR,1999,1.45749048336448
MAR,1998,1.48926290977857
MAR,1997,1.5002842238488
MAR,1996,1.53619606424248
MAR,1995,1.52142282241445
MAR,1994,1.49661980506301
MAR,1993,1.58233207878875
MAR,1992,1.65347397517767
MAR,1991,1.72232725594236
MAR,1990,1.80543997877046
MOZ,2025,2.84630186701375
MOZ,2024,2.91994049442347
MOZ,2023,2.95358093047219
MOZ,2022,2.9473431712575
MOZ,2021,2.9577768101764
MOZ,2020,2.96490034295304
MOZ,2019,2.9397415898529
MOZ,2018,2.98089902972538
MOZ,2017,2.98845927899068
MOZ,2016,2.93066434696089
MOZ,2015,2.90106067133475
MOZ,2014,2.89895498583923
MOZ,2013,2.89055494992619
MOZ,2012,2.87101074780924
MOZ,2011,2.78615253564474
MOZ,2010,2.67685903538336
MOZ,2009,2.59095643753164
MOZ,2008,2.46564120587285
MOZ,2007,2.37944111058302
MOZ,2006,2.3486041998682
MOZ,2005,2.31300566720779
MOZ,2004,2.28307737180822
MOZ,2003,2.26412694670583
MOZ,2002,2.24357740312433
MOZ,2001,2.22591756896921
MOZ,2000,2.20366517231952
MOZ,1999,2.24695033794385
MOZ,1998,2.27759580542587
MOZ,1997,2.73622524372659
MOZ,1996,3.2785719951388
MOZ,1995,5.98142746197679
MOZ,1994,6.7597292831862
MOZ,1993,3.16588006726726
MOZ,1992,1.93755044660082
MOZ,1991,1.94778065719176
MOZ,1990,1.44375619693715
MMR,2025,0.641162929716532
MMR,2024,0.674364862610485
MMR,2023,0.698879396261223
MMR,2022,0.690074759264932
MMR,2021,0.696558038955431
MMR,2020,0.711376906349628
MMR,2019,0.702425162747352
MMR,2018,0.72443284342539
MMR,2017,0.772302033467657
MMR,2016,0.792792538685626
MMR,2015,0.800670952631538
MMR,2014,0.830118073348831
MMR,2013,0.849578652965248
MMR,2012,0.841507088171189
MMR,2011,0.803379211413432
MMR,2010,0.745099607969388
MMR,2009,0.555720175554536
MMR,2008,0.550688224031359
MMR,2007,0.708807824555326
MMR,2006,0.728331835978341
MMR,2005,0.78215232398828
MMR,2004,0.856837524813252
MMR,2003,0.93550676889734
MMR,2002,1.00325836797547
MMR,2001,1.05489130356671
MMR,2000,1.11707426022512
MMR,1999,1.1902615071828
MMR,1998,1.24820598731574
MMR,1997,1.27543675227322
MMR,1996,1.28154909567186
MMR,1995,1.2997864871869
MMR,1994,1.32297300734248
MMR,1993,1.33917937317586
MMR,1992,1.36750903862328
MMR,1991,1.43848109338153
MMR,1990,1.52506751457934
NAM,2025,2.04761498541566
NAM,2024,2.23715227334598
NAM,2023,2.50947899094054
NAM,2022,2.77600581415178
NAM,2021,2.95314556354467
NAM,2020,2.91019887709682
NAM,2019,2.79932223646079
NAM,2018,2.77246337174234
NAM,2017,2.73527353433315
NAM,2016,2.69727890929136
NAM,2015,2.65295870908636
NAM,2014,2.61288080068243
NAM,2013,2.60198589808047
NAM,2012,2.22673258326321
NAM,2011,1.71587072736176
NAM,2010,1.54841464345813
NAM,2009,1.47115601688196
NAM,2008,1.39984615902945
NAM,2007,1.3321269140493
NAM,2006,1.27859222127371
NAM,2005,1.25364169808749
NAM,2004,1.27571138513782
NAM,2003,1.44425237074387
NAM,2002,1.75728257510242
NAM,2001,2.08953121470852
NAM,2000,2.35219877188535
NAM,1999,2.48639740874389
NAM,1998,2.54139251078514
NAM,1997,2.58822548786846
NAM,1996,2.70517158693344
NAM,1995,2.90451809453557
NAM,1994,3.10674150290496
NAM,1993,3.19048589219443
NAM,1992,3.17286989481137
NAM,1991,3.33109552708536
NAM,1990,6.04762452874674
NRU,2025,0.650761515673821
NRU,2024,0.604485091438176
NRU,2023,0.625107627709329
NRU,2022,0.782649677702407
NRU,2021,0.565263581170869
NRU,2020,0.482136103995375
NRU,2019,0.953874731639391
NRU,2018,1.34206654488781
NRU,2017,1.54848693435255
NRU,2016,1.77348115445981
NRU,2015,1.95433948782621
NRU,2014,2.11682959453762
NRU,2013,2.40581272210636
NRU,2012,1.65974838801037
NRU,2011,0.546151002552194
NRU,2010,0.269206005345923
NRU,2009,0.0699126120860941
NRU,2008,-0.109840741983694
NRU,2007,-0.139623040534244
NRU,2006,-0.149380100476041
NRU,2005,-0.109403760477152
NRU,2004,0.00994085193919146
NRU,2003,-0.228389950823792
NRU,2002,-0.474966260015287
NRU,2001,-0.374421562656096
NRU,2000,-0.186686372077639
NRU,1999,-0.107922502503471
NRU,1998,0.00980632508753104
NRU,1997,0.137389619256035
NRU,1996,0.176921610921852
NRU,1995,0.275835068004739
NRU,1994,0.34586723544018
NRU,1993,0.805053296966897
NRU,1992,1.72114358921943
NRU,1991,2.34193119067356
NRU,1990,2.44068500570903
NPL,2025,-0.111140420150509
NPL,2024,-0.146800968936231
NPL,2023,-0.0700958873206174
NPL,2022,0.81238557412485
NPL,2021,1.74002411752275
NPL,2020,1.92583106605859
NPL,2019,1.18377302604311
NPL,2018,0.244000280298262
NPL,2017,0.199389989212823
NPL,2016,0.472697719209503
NPL,2015,0.545118124856758
NPL,2014,0.298119921280857
NPL,2013,0.199840751964584
NPL,2012,0.256079255262795
NPL,2011,0.447181720951167
NPL,2010,0.619710468212554
NPL,2009,0.675732337813135
NPL,2008,0.749540559520267
NPL,2007,0.83618340426827
NPL,2006,0.968206396130087
NPL,2005,1.11915460082368
NPL,2004,1.26834840063401
NPL,2003,1.41042300664335
NPL,2002,1.52057612057996
NPL,2001,1.61738284845393
NPL,2000,1.73127486408485
NPL,1999,1.86110099800161
NPL,1998,1.96550365283425
NPL,1997,2.07834822711058
NPL,1996,2.20703682810923
NPL,1995,2.40195786457922
NPL,1994,2.50525729621082
NPL,1993,2.73026688257275
NPL,1992,2.82065681366559
NPL,1991,2.58817841764484
NPL,1990,2.41969921944806
NLD,2025,0.521869714098474
NLD,2024,0.648823280021657
NLD,2023,0.990139686700227
NLD,2022,0.953278922854537
NLD,2021,0.523490508168757
NLD,2020,0.55554079025497
NLD,2019,0.65507157480522
NLD,2018,0.583933408920832
NLD,2017,0.591203366164118
NLD,2016,0.532178879608489
NLD,2015,0.443220089035769
NLD,2014,0.359828172726548
NLD,2013,0.294820793441482
NLD,2012,0.370055034770235
NLD,2011,0.466428782200821
NLD,2010,0.512923100553586
NLD,2009,0.514284544827762
NLD,2008,0.389292461499527
NLD,2007,0.217521601194242
NLD,2006,0.160613668857538
NLD,2005,0.23366314793854
NLD,2004,0.347475412048658
NLD,2003,0.471814398788212
NLD,2002,0.638291666268526
NLD,2001,0.754840057734904
NLD,2000,0.714770362784392
NLD,1999,0.665493187073143
NLD,1998,0.616640530679659
NLD,1997,0.514767002117464
NLD,1996,0.461395747607711
NLD,1995,0.49392737251493
NLD,1994,0.602938474274189
NLD,1993,0.696991330125143
NLD,1992,0.756056593396787
NLD,1991,0.788031035375139
NLD,1990,0.688603823438797
NCL,2025,0.916376579929707
NCL,2024,0.95072208560765
NCL,2023,0.952185123510063
NCL,2022,0.66709196832953
NCL,2021,0.364601116942216
NCL,2020,0.200781353226217
NCL,2019,0.0229217470195887
NCL,2018,-0.00176339785610822
NCL,2017,0.0433886162840042
NCL,2016,0.0900120253294113
NCL,2015,0.688885628400534
NCL,2014,1.57768044469833
NCL,2013,1.89228098410746
NCL,2012,1.89163090783472
NCL,2011,1.8787771558269
NCL,2010,1.66994351621015
NCL,2009,1.34033215268725
NCL,2008,1.22883322130144
NCL,2007,1.27562580041589
NCL,2006,1.28719801022213
NCL,2005,1.45458459025355
NCL,2004,1.74820694207225
NCL,2003,1.89464715384192
NCL,2002,1.96943812043973
NCL,2001,2.04485779933828
NCL,2000,2.07015601128576
NCL,1999,2.07139596197975
NCL,1998,2.11855225357606
NCL,1997,2.18342754952717
NCL,1996,2.29652457440987
NCL,1995,2.40672436191472
NCL,1994,2.46188731434976
NCL,1993,2.5390760953236
NCL,1992,2.63226109383085
NCL,1991,2.67395311361723
NCL,1990,2.54084862578377
NZL,2025,0.653812611006536
NZL,2024,1.71596202828263
NZL,2023,2.3012774309073
NZL,2022,-0.0570512394609476
NZL,2021,0.240228529431089
NZL,2020,2.03338779187545
NZL,2019,1.41225538599445
NZL,2018,1.79124016759035
NZL,2017,2.08872272281936
NZL,2016,2.24603210015584
NZL,2015,2.0360339086492
NZL,2014,1.66101200071152
NZL,2013,0.768347998194806
NZL,2012,0.548220797298334
NZL,2011,0.762479795105218
NZL,2010,1.1117260560215
NZL,2009,0.999728031208421
NZL,2008,0.848701402422591
NZL,2007,0.932407687512324
NZL,2006,1.21898486028427
NZL,2005,1.12877350967992
NZL,2004,1.48621908244575
NZL,2003,1.97355854434158
NZL,2002,1.73717486434422
NZL,2001,0.589286034969052
NZL,2000,0.587564086381346
NZL,1999,0.525484536213216
NZL,1998,0.887279888633483
NZL,1997,1.31235828649882
NZL,1996,1.58266192727998
NZL,1995,1.46436378746179
NZL,1994,1.32923733494336
NZL,1993,1.14023110662887
NZL,1992,1.04173538422176
NZL,1990,0.92322272881111
NIC,2025,1.31234789341176
NIC,2024,1.34687135560209
NIC,2023,1.37167812196347
NIC,2022,1.28466010240759
NIC,2021,1.20325375827905
NIC,2020,1.25084741191992
NIC,2019,1.29742127419157
NIC,2018,1.31878207820366
NIC,2017,1.33184988677682
NIC,2016,1.34468900607336
NIC,2015,1.35767667855894
NIC,2014,1.37171758610881
NIC,2013,1.3892875213501
NIC,2012,1.40332726881517
NIC,2011,1.41223292768918
NIC,2010,1.41916789623706
NIC,2009,1.42451653487476
NIC,2008,1.43313226086457
NIC,2007,1.43621553103677
NIC,2006,1.42647684672934
NIC,2005,1.30369984372022
NIC,2004,1.18180960798577
NIC,2003,1.1785630920639
NIC,2002,1.21286138243943
NIC,2001,1.28961325996451
NIC,2000,1.3755333704478
NIC,1999,1.43050495553198
NIC,1998,1.52856081444745
NIC,1997,1.66886011283246
NIC,1996,1.85738578138211
NIC,1995,2.03689558542684
NIC,1994,2.12344956001799
NIC,1993,2.19526818654442
NIC,1992,2.26057691432804
NIC,1991,2.30539160027034
NIC,1990,2.33532526542317
NER,2025,3.22289981385576
NER,2024,3.28101480132484
NER,2023,3.29489175812772
NER,2022,3.25170642220024
NER,2021,3.25425239869281
NER,2020,3.29977391625444
NER,2019,3.36654855482346
NER,2018,3.45088050525461
NER,2017,3.56007044831691
NER,2016,3.67426137513091
NER,2015,3.69640590007582
NER,2014,3.6892808045974
NER,2013,3.75837207594511
NER,2012,3.77324639644684
NER,2011,3.72138303234104
NER,2010,3.72535077368531
NER,2009,3.71708044318123
NER,2008,3.70203244818704
NER,2007,3.68110827846052
NER,2006,3.65709371425878
NER,2005,3.62970414217364
NER,2004,3.59824904350361
NER,2003,3.5622769230714
NER,2002,3.53148102432579
NER,2001,3.50878624306039
NER,2000,3.46716382832898
NER,1999,3.4405793301062
NER,1998,3.38434700775298
NER,1997,3.32029101351841
NER,1996,3.34376645351566
NER,1995,3.3098246971535
NER,1994,3.21632398923127
NER,1993,3.16076464061933
NER,1992,3.11848225510655
NER,1991,3.0994180029753
NER,1990,3.07948454709256
NGA,2025,2.06227178599451
NGA,2024,2.08297776184189
NGA,2023,2.09838916935738
NGA,2022,2.09281687128387
NGA,2021,2.09618685225463
NGA,2020,2.13029714344341
NGA,2019,2.1944019229433
NGA,2018,2.31217263003389
NGA,2017,2.43170936923065
NGA,2016,2.47183239057048
NGA,2015,2.53617348598208
NGA,2014,2.64221399374699
NGA,2013,2.71468991073627
NGA,2012,2.77422930277333
NGA,2011,2.80278519998649
NGA,2010,2.795149361277
NGA,2009,2.78730820935027
NGA,2008,2.78453384410814
NGA,2007,2.77180099910734
NGA,2006,2.76124698861505
NGA,2005,2.76883385211034
NGA,2004,2.77053967849452
NGA,2003,2.75673506428828
NGA,2002,2.74147056608815
NGA,2001,2.7163954653619
NGA,2000,2.67439784501828
NGA,1999,2.63592921799734
NGA,1998,2.61337639810203
NGA,1997,2.60308705392213
NGA,1996,2.61429682326517
NGA,1995,2.63662927453146
NGA,1994,2.64135723468862
NGA,1993,2.65014775362862
NGA,1992,2.62528760714312
NGA,1991,2.64110316371064
NGA,1990,2.70288804324942
MKD,2025,-0.189286550678574
MKD,2024,-0.189311904958652
MKD,2023,-0.212923714310977
MKD,2022,-0.294481335654044
MKD,2021,-1.02945804668594
MKD,2020,-1.07910572041332
MKD,2019,-0.679308688552216
MKD,2018,-0.507220756968942
MKD,2017,-0.40242158713311
MKD,2016,-0.320367473371963
MKD,2015,-0.267729528193655
MKD,2014,-0.268678976911211
MKD,2013,-0.368848270904885
MKD,2012,-0.391858319665176
MKD,2011,-0.458327097678151
MKD,2010,-0.63937448291812
MKD,2009,-0.646827222901633
MKD,2008,-0.578593804248589
MKD,2007,-0.570953120211137
MKD,2006,-0.55220427661592
MKD,2005,-0.539897211401132
MKD,2004,-0.323800435972555
MKD,2003,0.127038105260946
MKD,2002,-0.726260079023056
MKD,2001,0.420168685369998
MKD,2000,0.455448702114895
MKD,1999,0.478003427125101
MKD,1998,0.532116992485007
MKD,1997,-0.782361148312478
MKD,1996,0.699015358344186
MKD,1995,0.294047115056872
MKD,1994,-0.709488114346886
MKD,1993,-1.27095567119672
MKD,1992,-1.14815508117598
MKD,1991,-0.373572867090514
MKD,1990,0.390354479735865
MNP,2025,-1.67849167730668
MNP,2024,-1.93472893815204
MNP,2023,-2.05003835843766
MNP,2022,-1.93650806828242
MNP,2021,-1.16183177026859
MNP,2020,-1.25658949836081
MNP,2019,-1.95055872430955
MNP,2018,-1.78121757640998
MNP,2017,-1.61620481831009
MNP,2016,-1.44888981594755
MNP,2015,-1.28073347255599
MNP,2014,-1.10544695125402
MNP,2013,-0.898187033104677
MNP,2012,-0.700102071490281
MNP,2011,-0.896950274724624
MNP,2010,-2.25570725189976
MNP,2009,-3.24545043037063
MNP,2008,-3.08575533313163
MNP,2007,-2.9110170154091
MNP,2006,-2.71807103115674
MNP,2005,-2.50860397803261
MNP,2004,-2.29294440205974
MNP,2003,-2.05303771417549
MNP,2002,-1.7898698391983
MNP,2001,-0.545695941220662
MNP,2000,3.63481386361787
MNP,1999,7.19979543858211
MNP,1998,8.04449384289569
MNP,1997,9.0364482394478
MNP,1996,7.071285719985
MNP,1995,3.04746150270432
MNP,1994,1.67889832865758
MNP,1993,1.69207289433758
MNP,1992,1.75948451311367
MNP,1991,2.39596575611076
MNP,1990,4.8187005236071
NOR,2025,0.690166127329719
NOR,2024,0.949855138372357
NOR,2023,1.13831142739624
NOR,2022,0.898395220610608
NOR,2021,0.534772281874925
NOR,2020,0.588757324043059
NOR,2019,0.675061373245644
NOR,2018,0.660090844249
NOR,2017,0.807673181884948
NOR,2016,0.880969815359919
NOR,2015,0.995084736958414
NOR,2014,1.12773667734928
NOR,2013,1.20914158930136
NOR,2012,1.31344098868985
NOR,2011,1.297189390693
NOR,2010,1.24566617956207
NOR,2009,1.2611272893768
NOR,2008,1.24633301535167
NOR,2007,1.03473451527827
NOR,2006,0.805392739160981
NOR,2005,0.681072964187373
NOR,2004,0.590930939690253
NOR,2003,0.586532691986894
NOR,2002,0.539290805050494
NOR,2001,0.506046910557235
NOR,2000,0.649044821192665
NOR,1999,0.684759433412698
NOR,1998,0.595410343346654
NOR,1997,0.54221993602931
NOR,1996,0.506881682762136
NOR,1995,0.519125519812519
NOR,1994,0.569388227765026
NOR,1993,0.5952293301816
NOR,1992,0.577180268126687
NOR,1991,0.476503585004921
NOR,1990,0.344151412835214
OMN,2025,3.95650101545376
OMN,2024,4.49738628465102
OMN,2023,6.52704988451128
OMN,2022,4.98013669293962
OMN,2021,-0.489266037731458
OMN,2020,-1.50860829621662
OMN,2019,-0.144431732263903
OMN,2018,1.32413960038748
OMN,2017,3.28242998732701
OMN,2016,4.80473653238819
OMN,2015,4.45776887230624
OMN,2014,4.30179726376903
OMN,2013,7.77538929058871
OMN,2012,14.2253989455262
OMN,2011,10.9573181300856
OMN,2010,2.6751170964985
OMN,2009,2.18905153725591
OMN,2008,2.16896017651993
OMN,2007,2.17823116003406
OMN,2006,2.21104303950359
OMN,2005,2.26053863867014
OMN,2004,1.72066711093441
OMN,2003,1.13408417793778
OMN,2002,1.158650010904
OMN,2001,1.22318039389784
OMN,2000,1.2887385532573
OMN,1999,1.35945310317145
OMN,1998,1.43974820927183
OMN,1997,1.55461970088471
OMN,1996,1.70189456325344
OMN,1995,1.84158782920155
OMN,1994,2.9322860255282
OMN,1993,4.21470627849959
OMN,1992,4.57977744514796
OMN,1991,4.84236583473938
OMN,1990,5.10118491533865
PAK,2025,1.55994397009632
PAK,2024,1.50959876314033
PAK,2023,1.54880458608849
PAK,2022,1.74799739792983
PAK,2021,1.8867779716011
PAK,2020,1.80375141301202
PAK,2019,1.69187124669657
PAK,2018,1.62371483290292
PAK,2017,1.41409990353131
PAK,2016,1.30216393815952
PAK,2015,1.40250113589189
PAK,2014,1.50032405388564
PAK,2013,1.62722414834854
PAK,2012,1.90619981284679
PAK,2011,2.23690940334662
PAK,2010,2.47081701538021
PAK,2009,2.5412831091032
PAK,2008,2.67715693120755
PAK,2007,2.6420312522935
PAK,2006,2.3820052866049
PAK,2005,2.40377350441569
PAK,2004,2.4680911760913
PAK,2003,2.35391613887513
PAK,2002,2.45080308981688
PAK,2001,2.79615830892104
PAK,2000,2.82475983542412
PAK,1999,2.7219371038823
PAK,1998,2.76128567260809
PAK,1997,2.82827034753681
PAK,1996,2.9106898704011
PAK,1995,2.89031173222832
PAK,1994,2.89269657804833
PAK,1993,2.7725055318492
PAK,1992,2.86254207102062
PAK,1991,3.30645345087216
PAK,1990,3.34304854189447
PLW,2025,-0.181005762412027
PLW,2024,-0.180678723422048
PLW,2023,-0.180352864081089
PLW,2022,-0.135051508906549
PLW,2021,-0.0505973306648282
PLW,2020,-0.0337173366498603
PLW,2019,-0.0898573575007226
PLW,2018,0.0112277550221814
PLW,2017,0.0842483691607325
PLW,2016,0.151826160128869
PLW,2015,0.309990384912456
PLW,2014,0.378927580628865
PLW,2013,-0.66077669618437
PLW,2012,-1.74654999032287
PLW,2011,-1.74375203014582
PLW,2010,-1.68714418256042
PLW,2009,-1.59078597207349
PLW,2008,-1.52961662609278
PLW,2007,-1.49636421036855
PLW,2006,-1.14687139535809
PLW,2005,-0.00504553596313102
PLW,2004,0.815628017637243
PLW,2003,0.796694883502806
PLW,2002,0.777252658271531
PLW,2001,0.903198457623669
PLW,2000,1.45489580126701
PLW,1999,2.01476421003137
PLW,1998,2.27133590447933
PLW,1997,2.53914429756709
PLW,1996,2.63437427138116
PLW,1995,2.5027068049112
PLW,1994,2.4019017204961
PLW,1993,2.36715728268732
PLW,1992,2.37330381051841
PLW,1991,2.29984547885007
PLW,1990,2.07926971736973
PAN,2025,1.22403711826792
PAN,2024,1.26624987466078
PAN,2023,1.30902688797168
PAN,2022,1.26612423517538
PAN,2021,1.20723809203153
PAN,2020,1.37340966978709
PAN,2019,1.59097727067192
PAN,2018,1.67311565171591
PAN,2017,1.71320068899723
PAN,2016,1.72866876171939
PAN,2015,1.73037489560864
PAN,2014,1.73046380036004
PAN,2013,1.74234111694192
PAN,2012,1.76451937667994
PAN,2011,1.774688616656
PAN,2010,1.78385792968885
PAN,2009,1.80423120361282
PAN,2008,1.82065403181381
PAN,2007,1.83391184872287
PAN,2006,1.85404642513367
PAN,2005,1.8851653336108
PAN,2004,1.90499044238143
PAN,2003,1.91370154774712
PAN,2002,1.92966620283568
PAN,2001,1.94640732840296
PAN,2000,1.96400557919623
PAN,1999,1.98126957046463
PAN,1998,1.99702689961855
PAN,1997,2.01070630711665
PAN,1996,2.02267329531161
PAN,1995,2.03974255911592
PAN,1994,2.06064651920927
PAN,1993,2.07729579468022
PAN,1992,2.09377182912446
PAN,1991,2.12270714752088
PAN,1990,2.13050689339337
PNG,2025,1.74625754996746
PNG,2024,1.78260733820852
PNG,2023,1.81103162496893
PNG,2022,1.88244961375761
PNG,2021,1.98860312209741
PNG,2020,2.12866309675902
PNG,2019,2.25754045467385
PNG,2018,2.32386877655607
PNG,2017,2.3925157995011
PNG,2016,2.46804330802257
PNG,2015,2.54613840522555
PNG,2014,2.62396103229344
PNG,2013,2.70166347823205
PNG,2012,2.7860490568137
PNG,2011,2.9153928127454
PNG,2010,3.01998467654888
PNG,2009,3.06322204516619
PNG,2008,3.10574391860633
PNG,2007,3.1455292294859
PNG,2006,3.18938474785493
PNG,2005,3.23201129836566
PNG,2004,3.27757216652727
PNG,2003,3.32025850994105
PNG,2002,3.35700333077379
PNG,2001,3.39779731324978
PNG,2000,3.44925161413658
PNG,1999,3.47976948021788
PNG,1998,3.51626141886498
PNG,1997,3.56159785450897
PNG,1996,3.5759668470744
PNG,1995,3.59664503111954
PNG,1994,3.62122401820228
PNG,1993,3.63331181284897
PNG,1992,3.53853521817667
PNG,1991,3.16649253096029
PNG,1990,2.61054096368867
PRY,2025,1.20391081847026
PRY,2024,1.23438951533718
PRY,2023,1.23021616038983
PRY,2022,1.13476871860664
PRY,2021,1.21078357917422
PRY,2020,1.35198907049682
PRY,2019,1.35488116957369
PRY,2018,1.38999117307295
PRY,2017,1.42257756735462
PRY,2016,1.45104639106418
PRY,2015,1.46036822105512
PRY,2014,1.44981205714477
PRY,2013,1.43842436376869
PRY,2012,1.40686361602641
PRY,2011,1.32708039585856
PRY,2010,1.16985801191993
PRY,2009,1.0219490065143
PRY,2008,0.969992282647573
PRY,2007,0.980401604621513
PRY,2006,1.04172810758939
PRY,2005,1.1059635782753
PRY,2004,1.15243910027232
PRY,2003,1.22988802352585
PRY,2002,1.40951477388826
PRY,2001,1.6877597301062
PRY,2000,1.93460053752763
PRY,1999,2.08244088073438
PRY,1998,2.17892340656023
PRY,1997,2.25425084909918
PRY,1996,2.32519254374256
PRY,1995,2.39512785223415
PRY,1994,2.4615145741962
PRY,1993,2.53245316780671
PRY,1992,2.60163442704891
PRY,1991,2.65579242385309
PRY,1990,2.71114328092203
PER,2025,1.04316532874658
PER,2024,1.0937871324756
PER,2023,1.09975320783678
PER,2022,0.959183909355287
PER,2021,0.961612354333265
PER,2020,1.19250495254373
PER,2019,1.71486934751345
PER,2018,1.81253577188754
PER,2017,1.47336535107465
PER,2016,1.33357065112944
PER,2015,1.12847381931302
PER,2014,0.994129278893009
PER,2013,0.901339196033327
PER,2012,0.83691693370644
PER,2011,0.746934823460309
PER,2010,0.652636898148331
PER,2009,0.617089075143821
PER,2008,0.657968680657885
PER,2007,0.725382868960412
PER,2006,0.791526842084803
PER,2005,0.889996951132914
PER,2004,0.980296012446146
PER,2003,1.06536414066423
PER,2002,1.19300655774598
PER,2001,1.3676462262452
PER,2000,1.56043059120612
PER,1999,1.72719734410339
PER,1998,1.81901745317137
PER,1997,1.84880202733493
PER,1996,1.88065410074516
PER,1995,1.93836467845591
PER,1994,1.977894145288
PER,1993,2.01664193906499
PER,1992,2.0364508690957
PER,1991,2.10803008186069
PER,1990,2.21460821954372
PHL,2025,0.810982768568445
PHL,2024,0.825602488528657
PHL,2023,0.810000998681961
PHL,2022,0.760479216015364
PHL,2021,0.905660310915421
PHL,2020,1.1455140860985
PHL,2019,1.21615534645287
PHL,2018,1.23686033319068
PHL,2017,1.28830186666283
PHL,2016,1.34190709540685
PHL,2015,1.47875384302116
PHL,2014,1.64283283802775
PHL,2013,1.87971579705684
PHL,2012,1.94226237851608
PHL,2011,1.96473852483036
PHL,2010,2.04795425200975
PHL,2009,1.801550616238
PHL,2008,1.76733466433421
PHL,2007,1.73463407300361
PHL,2006,1.68208380821541
PHL,2005,1.85941217176991
PHL,2004,1.94326756715565
PHL,2003,1.98211355051959
PHL,2002,2.02766985591781
PHL,2001,2.20604531885261
PHL,2000,2.37926588939747
PHL,1999,2.55605721072455
PHL,1998,2.51478327457395
PHL,1997,2.35271515939024
PHL,1996,2.30364180162275
PHL,1995,2.18824211617999
PHL,1994,2.1804905774884
PHL,1993,2.4046342517232
PHL,1992,2.36968384705809
PHL,1991,2.40127859344235
PHL,1990,2.56122112841079
POL,2025,-0.338028518667454
POL,2024,-0.349832361234927
POL,2023,-0.365658526875775
POL,2022,-0.433070695882457
POL,2021,-1.4341408496549
POL,2020,-1.19164026205913
POL,2019,-0.0244271070993493
POL,2018,-0.000200132782838419
POL,2017,0.0124800985844923
POL,2016,-0.04298513087435
POL,2015,-0.0666411009657168
POL,2014,-0.0748462292920506
POL,2013,-0.0603600174744649
POL,2012,-0.000239076003298365
POL,2011,0.0537697088781007
POL,2010,-0.285609121534849
POL,2009,0.067763227021235
POL,2008,0.0136373796827091
POL,2007,-0.0543050208038707
POL,2006,-0.0633705742926632
POL,2005,-0.043948953332248
POL,2004,-0.0585127351273288
POL,2003,-0.067492701646486
POL,2002,-0.0463189372499392
POL,2001,-0.0275871247282958
POL,2000,-1.04433539837844
POL,1999,-0.0083027528251411
POL,1998,0.0357533013623718
POL,1997,0.0654553694247315
POL,1996,0.0760741823645528
POL,1995,0.13572103385363
POL,1994,0.211012328819338
POL,1993,0.254450913938076
POL,1992,0.306681390812185
POL,1991,0.354679168347882
POL,1990,0.392398205207372
PRT,2025,1.02505359028502
PRT,2024,1.09536933248007
PRT,2023,1.36912985956796
PRT,2022,0.697256448023043
PRT,2021,0.626850165433157
PRT,2020,0.10511412524675
PRT,2019,0.0237334946497115
PRT,2018,-0.160104021146769
PRT,2017,-0.243889410358812
PRT,2016,-0.315459016997883
PRT,2015,-0.414141101993213
PRT,2014,-0.539190466792077
PRT,2013,-0.548815210952228
PRT,2012,-0.405421787747567
PRT,2011,-0.147084878575482
PRT,2010,0.0459100367184907
PRT,2009,0.0953308592370666
PRT,2008,0.144191279853498
PRT,2007,0.196304384487306
PRT,2006,0.18033244147767
PRT,2005,0.185532266654625
PRT,2004,0.239128989611917
PRT,2003,0.375411414855816
PRT,2002,0.547667939660689
PRT,2001,0.705230637323876
PRT,2000,0.702859953319024
PRT,1999,0.565630442435222
PRT,1998,0.505389233382722
PRT,1997,0.446460604971181
PRT,1996,0.375996187340096
PRT,1995,0.346203938301886
PRT,1994,0.269089467950249
PRT,1993,0.122316595483017
PRT,1992,-0.0777492667122609
PRT,1991,-0.230481754329704
PRT,1990,-0.217948479672573
PRI,2025,-0.553782979963777
PRI,2024,-0.0397420363111939
PRI,2023,-0.509158872556824
PRI,2022,-1.31372535070036
PRI,2021,-0.576379102762983
PRI,2020,-0.640922494785493
PRI,2019,0.364032148393714
PRI,2018,-3.58604464903081
PRI,2017,-2.01987082911005
PRI,2016,-1.5604116086776
PRI,2015,-1.40026759210966
PRI,2014,-1.28624679549527
PRI,2013,-0.812294181036195
PRI,2012,-0.881614530044632
PRI,2011,-0.835844626893592
PRI,2010,-0.427201373092374
PRI,2009,-0.54540189449208
PRI,2008,-0.58667739163101
PRI,2007,-0.585620757159528
PRI,2006,-0.423467205495354
PRI,2005,-0.144242360500613
PRI,2004,0.0204626359646878
PRI,2003,0.0625899064015263
PRI,2002,0.128937305848895
PRI,2001,0.214145951376015
PRI,2000,0.276558688867414
PRI,1999,0.500714523269446
PRI,1998,0.574788689661522
PRI,1997,0.929312007272833
PRI,1996,1.12186266889252
PRI,1995,0.923749875729803
PRI,1994,0.928877577460167
PRI,1993,0.842176258032361
PRI,1992,0.645450037357204
PRI,1991,0.707415569453379
PRI,1990,0.890295757233682
QAT,2025,3.92476698437933
QAT,2024,7.32265165181291
QAT,2023,-0.0489708509014485
QAT,2022,5.90701824957099
QAT,2021,-10.9274424335586
QAT,2020,5.72571544841687
QAT,2019,2.21962210028933
QAT,2018,1.3621056096195
QAT,2017,2.73590293320866
QAT,2016,5.49972976958708
QAT,2015,8.58173306173289
QAT,2014,11.5817147814941
QAT,2013,10.6721263976401
QAT,2012,5.83800010216327
QAT,2011,0.489204894825294
QAT,2010,0.491609879237911
QAT,2009,12.0021690542876
QAT,2008,16.6072361839519
QAT,2007,21.700342942038
QAT,2006,16.4332567938557
QAT,2005,6.51693576890975
QAT,2004,3.77511702353838
QAT,2003,4.59965670712594
QAT,2002,4.79240521936012
QAT,2001,4.98033999658033
QAT,2000,5.16843199678991
QAT,1999,5.35902375394354
QAT,1998,5.31317487167119
QAT,1997,3.98026081252323
QAT,1996,2.81689866772079
QAT,1995,2.93298487226868
QAT,1994,3.0315206362832
QAT,1993,3.12076652290476
QAT,1992,3.20283512184474
QAT,1991,3.28019147147729
QAT,1990,3.35643602188212
ROU,2025,-0.165649007627974
ROU,2024,-0.0485820204761977
ROU,2023,0.0659152146414443
ROU,2022,-0.385412679960785
ROU,2021,-0.746036478523061
ROU,2020,-0.550759892541776
ROU,2019,-0.526814821936341
ROU,2018,-0.587493307403584
ROU,2017,-0.578007015146885
ROU,2016,-0.573660845379617
ROU,2015,-0.470052227864654
ROU,2014,-0.374575497762261
ROU,2013,-0.371323062878035
ROU,2012,-0.445177936198383
ROU,2011,-0.491866212866043
ROU,2010,-0.593959183588628
ROU,2009,-0.833088754778975
ROU,2008,-1.66638264306554
ROU,2007,-1.47722298197717
ROU,2006,-0.592402560029107
ROU,2005,-0.61753095660306
ROU,2004,-0.569786272532879
ROU,2003,-0.7212622974018
ROU,2002,-1.83065499370162
ROU,2001,-1.39542998635748
ROU,2000,-0.129440039806255
ROU,1999,-0.156978616024445
ROU,1998,-0.206980241940766
ROU,1997,-0.287897951541563
ROU,1996,-0.288129485530899
ROU,1995,-0.20231879638046
ROU,1994,-0.14537906455364
ROU,1993,-0.136109142211483
ROU,1992,-0.9034629284532
ROU,1991,-0.868693831241648
ROU,1990,0.17417662808295
RUS,2025,-0.108864402490546
RUS,2024,-0.108858652841079
RUS,2023,-0.285217600763343
RUS,2022,-0.352843110363082
RUS,2021,-0.343724409889771
RUS,2020,-0.143202031827637
RUS,2019,0.037947213753429
RUS,2018,0.0721356165400605
RUS,2017,0.191382528772924
RUS,2016,0.258751057379474
RUS,2015,0.279352077762368
RUS,2014,0.299667432459938
RUS,2013,0.297503474179596
RUS,2012,0.251575708072649
RUS,2011,0.118045544446964
RUS,2010,0.0448964884428055
RUS,2009,0.030107060167659
RUS,2008,-0.0439492591634852
RUS,2007,-0.17108203294568
RUS,2006,-0.327445270108383
RUS,2005,-0.381452794741516
RUS,2004,-0.402681471328549
RUS,2003,-0.453780668020263
RUS,2002,-0.460024258081391
RUS,2001,-0.424090524785415
RUS,2000,-0.420614990249978
RUS,1999,-0.309278191504336
RUS,1998,-0.165486143348056
RUS,1997,-0.165341653753189
RUS,1996,-0.145451546598357
RUS,1995,-0.0216487632128753
RUS,1994,-0.0342679070319955
RUS,1993,-0.0534820276606834
RUS,1992,0.0969789790408762
RUS,1991,0.286681805330924
RUS,1990,0.168017665366762
RWA,2025,2.17017465948949
RWA,2024,2.14176839550509
RWA,2023,2.1984982050137
RWA,2022,2.19046619232976
RWA,2021,2.1909353521865
RWA,2020,2.24244883430144
RWA,2019,2.28086099658628
RWA,2018,2.31630729613291
RWA,2017,2.34556709244995
RWA,2016,2.36997866838859
RWA,2015,2.39322566941773
RWA,2014,2.41721473954366
RWA,2013,2.40340085493768
RWA,2012,2.39380128171382
RWA,2011,2.45262873450153
RWA,2010,2.52365134392041
RWA,2009,2.57922030255665
RWA,2008,2.62837643087324
RWA,2007,2.66008171576066
RWA,2006,2.66683575241351
RWA,2005,2.66009812240039
RWA,2004,2.6429108159401
RWA,2003,2.19817405049677
RWA,2002,1.35537693210796
RWA,2001,0.886774966312804
RWA,2000,0.806991709703052
RWA,1999,0.816180266067736
RWA,1998,4.12314094141164
RWA,1997,14.4953754701447
RWA,1996,16.7499598547072
RWA,1995,-17.9882140556853
RWA,1994,-16.1282982694482
RWA,1993,3.80355388592275
RWA,1992,2.05526782083456
RWA,1991,2.03545104921753
RWA,1990,2.61829283647187
WSM,2025,0.58857998761608
WSM,2024,0.62390639530784
WSM,2023,0.649190563116911
WSM,2022,0.690847424147793
WSM,2021,0.862068229419543
WSM,2020,1.0262726301153
WSM,2019,1.05329202031498
WSM,2018,1.04941192646969
WSM,2017,0.937123219994916
WSM,2016,0.847318414943751
WSM,2015,0.868555727857733
WSM,2014,0.888269859280603
WSM,2013,0.89673977043707
WSM,2012,0.912557360248924
WSM,2011,0.871732674893699
WSM,2010,0.785366135493998
WSM,2009,0.736861989277852
WSM,2008,0.714778949876493
WSM,2007,0.55463907450516
WSM,2006,0.390192842270374
WSM,2005,0.390647475706685
WSM,2004,0.440703577844664
WSM,2003,0.518518278484343
WSM,2002,0.709942405793495
WSM,2001,0.811842716200751
WSM,2000,0.779095553168233
WSM,1999,0.762852410408108
WSM,1998,0.761957610122648
WSM,1997,0.834803981602527
WSM,1996,0.855578710009327
WSM,1995,0.812128813006775
WSM,1994,0.803058822004789
WSM,1993,0.84360565196507
WSM,1992,0.566974044499184
WSM,1991,0.192665760966229
WSM,1990,0.162221402615498
SMR,2025,0.387745396648668
SMR,2024,0.344944841346899
SMR,2023,0.310582221115543
SMR,2022,-1.46164026701119
SMR,2021,-1.50099888558244
SMR,2020,0.308211037123611
SMR,2019,0.407603368403658
SMR,2018,2.03966279076457
SMR,2017,2.16366806498297
SMR,2016,0.618202520367254
SMR,2015,0.738348484872901
SMR,2014,-1.17512311839658
SMR,2013,-1.28704227360667
SMR,2012,2.56940400817854
SMR,2011,-1.97304928375177
SMR,2010,0.615052590123215
SMR,2009,4.33883404775675
SMR,2008,1.43466268697041
SMR,2007,3.34586141198724
SMR,2006,1.15962645690926
SMR,2005,1.2784145237654
SMR,2004,5.63499845738975
SMR,2003,1.27229099015188
SMR,2002,1.27394921306293
SMR,2001,1.27546128614055
SMR,2000,1.27682083101072
SMR,1999,1.27036547927293
SMR,1998,1.25182183574034
SMR,1997,1.24021713683827
SMR,1996,1.27963831425084
SMR,1995,1.34052946785269
SMR,1994,1.42410358895514
SMR,1993,1.42809596235528
SMR,1992,1.36891249128106
SMR,1991,1.36234972179124
SMR,1990,1.37684733107899
STP,2025,1.98329290197673
STP,2024,2.0004655038868
STP,2023,1.99754660166419
STP,2022,1.93819561963228
STP,2021,2.06017354745306
STP,2020,1.87691054092554
STP,2019,1.51332392108067
STP,2018,1.54237554431048
STP,2017,1.59795344333085
STP,2016,1.6823011731644
STP,2015,1.77510214302047
STP,2014,1.85635532189371
STP,2013,1.93896614465408
STP,2012,2.02092788368455
STP,2011,2.09396113456698
STP,2010,2.1960816383463
STP,2009,2.30924305588459
STP,2008,2.38327636004872
STP,2007,2.42274880138795
STP,2006,2.44392306226435
STP,2005,2.46392543668319
STP,2004,2.49821189998236
STP,2003,2.56289213876339
STP,2002,2.39433369314868
STP,2001,1.62335301537299
STP,2000,1.10033924534294
STP,1999,1.19425275204243
STP,1998,1.3079747242935
STP,1997,1.42091094568126
STP,1996,1.5206817055962
STP,1995,1.6164640326471
STP,1994,1.72117364864983
STP,1993,1.82310513532768
STP,1992,1.90150209053952
STP,1991,2.18525084376235
STP,1990,2.47050130575644
SAU,2025,4.63120314543082
SAU,2024,4.63120232685885
SAU,2023,4.63821572656175
SAU,2022,4.41891994509507
SAU,2021,-2.46456261487283
SAU,2020,4.833138517103
SAU,2019,-0.439701419074031
SAU,2018,-2.5537682578428
SAU,2017,0.0747825622238132
SAU,2016,3.74506540506437
SAU,2015,5.18685551856216
SAU,2014,2.45043139330282
SAU,2013,5.41149124124804
SAU,2012,4.20264227505544
SAU,2011,4.53867163626294
SAU,2010,-0.992481797243179
SAU,2009,3.91489465968371
SAU,2008,4.02875655811595
SAU,2007,4.14945109151013
SAU,2006,4.28087578648729
SAU,2005,4.42738945238289
SAU,2004,4.59154568390222
SAU,2003,4.77427146298185
SAU,2002,4.97645227766539
SAU,2001,5.20103909905512
SAU,2000,4.45983244526442
SAU,1999,3.61877543912069
SAU,1998,3.73624103162125
SAU,1997,3.85735211036338
SAU,1996,3.99580388744035
SAU,1995,4.1420652625708
SAU,1994,4.27991376620104
SAU,1993,4.42858817368274
SAU,1992,4.60467680578702
SAU,1991,4.7717195983932
SAU,1990,4.93426587149085
SEN,2025,2.29738465638923
SEN,2024,2.32058603495657
SEN,2023,2.38738348832592
SEN,2022,2.46764281803509
SEN,2021,2.53848919398481
SEN,2020,2.63303572524896
SEN,2019,2.71760793051867
SEN,2018,2.8004569855314
SEN,2017,2.88769908740551
SEN,2016,2.97843134010735
SEN,2015,3.07014792428801
SEN,2014,3.16757470346908
SEN,2013,2.96345954605318
SEN,2012,2.67702425205872
SEN,2011,2.52791519909846
SEN,2010,2.38690195279185
SEN,2009,2.36561415953051
SEN,2008,2.3395118470328
SEN,2007,2.32279384441662
SEN,2006,2.32792929230269
SEN,2005,2.33918136359556
SEN,2004,2.34632515714346
SEN,2003,2.40684962152091
SEN,2002,2.44966153599012
SEN,2001,2.42496943712898
SEN,2000,2.41009917724256
SEN,1999,2.37025662196919
SEN,1998,2.33643949046346
SEN,1997,2.35950995516652
SEN,1996,2.44401329997373
SEN,1995,2.56448010712284
SEN,1994,2.67683552339622
SEN,1993,2.75172642740774
SEN,1992,2.79707003044845
SEN,1991,2.84196309841074
SEN,1990,2.86848639350223
SRB,2025,-0.56842544719633
SRB,2024,-0.555761423984425
SRB,2023,-0.621120944154492
SRB,2022,-2.5170575672922
SRB,2021,-0.943688169512831
SRB,2020,-0.666107601320794
SRB,2019,-0.536610017822353
SRB,2018,-0.546351968633598
SRB,2017,-0.532191341024444
SRB,2016,-0.523694463062603
SRB,2015,-0.511754332722809
SRB,2014,-0.486295171509944
SRB,2013,-0.48641352023891
SRB,2012,-0.485136859373739
SRB,2011,-0.756021911874037
SRB,2010,-0.402005900874718
SRB,2009,-0.400994905201716
SRB,2008,-0.425705551624613
SRB,2007,-0.405458541825536
SRB,2006,-0.393204593401
SRB,2005,-0.300431132565912
SRB,2004,-0.233328451597809
SRB,2003,-0.259535430666336
SRB,2002,-0.0453495280597072
SRB,2001,-0.171946646904854
SRB,2000,-0.319524801286905
SRB,1999,-0.361977304916285
SRB,1998,-0.406072368732139
SRB,1997,-0.310721363571753
SRB,1996,-0.079722247154375
SRB,1995,0.072821576920751
SRB,1994,0.110034513212393
SRB,1993,0.134902586702462
SRB,1992,0.11088378609906
SRB,1991,-3.90277142857118
SRB,1990,0.0525591771428475
SYC,2025,1.12749264749076
SYC,2024,1.31136094801067
SYC,2023,-0.0876274304874622
SYC,2021,0.805183391179401
SYC,2020,0.853707878128979
SYC,2019,0.887925293341637
SYC,2018,0.954291917891324
SYC,2017,1.22403375818123
SYC,2016,1.33763477950025
SYC,2015,2.22979505321923
SYC,2014,1.55539570911507
SYC,2013,1.84687609296508
SYC,2012,0.980980190128322
SYC,2011,-2.62865635521684
SYC,2010,2.79232906929128
SYC,2009,0.39253094807516
SYC,2008,2.23628271543202
SYC,2007,0.510514982843497
SYC,2006,2.0805967352947
SYC,2005,0.463308214458562
SYC,2004,-0.370334934558794
SYC,2003,-1.13151642070391
SYC,2002,3.05738532610948
SYC,2001,0.0874745178458057
SYC,2000,0.892658566766174
SYC,1999,1.96419636705016
SYC,1998,1.95568618974172
SYC,1997,1.17345364830244
SYC,1996,1.46719302641952
SYC,1995,1.47017208971374
SYC,1994,2.66576847259254
SYC,1993,2.08375833946223
SYC,1992,0.458917817927268
SYC,1991,1.33196201246149
SYC,1990,0.490359665520713
SLE,2025,2.03619305233604
SLE,2024,2.1226891332086
SLE,2023,2.19524258771884
SLE,2022,2.22598462352813
SLE,2021,2.27463021517533
SLE,2020,2.30847202655897
SLE,2019,2.32146457882717
SLE,2018,2.34731039123252
SLE,2017,2.38578952940087
SLE,2016,2.35457342669593
SLE,2015,2.31819402812025
SLE,2014,2.38905832119365
SLE,2013,2.45725730456865
SLE,2012,2.53259491687101
SLE,2011,2.60978263924562
SLE,2010,2.72150859888002
SLE,2009,2.69336857329164
SLE,2008,2.49702214618885
SLE,2007,2.19611425557566
SLE,2006,2.2066693720303
SLE,2005,2.68947280362006
SLE,2004,3.38061570413438
SLE,2003,4.06499006251213
SLE,2002,5.76970115082171
SLE,2001,5.90551884410875
SLE,2000,2.41540405213567
SLE,1999,0.516798095780814
SLE,1998,0.984135554562289
SLE,1997,1.28965414945358
SLE,1996,0.478159659694952
SLE,1995,0.145445271515241
SLE,1994,0.38354307131519
SLE,1993,-0.221926070264204
SLE,1992,-1.89960509806835
SLE,1991,1.17112421590504
SLE,1990,3.95613903304841
SGP,2025,1.22350531679895
SGP,2024,1.99449365639324
SGP,2023,4.85831607781442
SGP,2022,3.30862052439523
SGP,2021,-4.17033630017526
SGP,2020,-0.311904961250833
SGP,2019,1.14428330688929
SGP,2018,0.469704298714121
SGP,2017,0.0885954699924263
SGP,2016,1.29743609938602
SGP,2015,1.18637693749822
SGP,2014,1.29844017799226
SGP,2013,1.61930809858875
SGP,2012,2.45339033031018
SGP,2011,2.08490245606007
SGP,2010,1.77183287926401
SGP,2009,3.0159499147579
SGP,2008,5.32151708302623
SGP,2007,4.16600286360933
SGP,2006,3.1293891560754
SGP,2005,2.35051128857175
SGP,2004,1.2519166730553
SGP,2003,-1.47453284191939
SGP,2002,0.912639805776796
SGP,2001,2.69735584326358
SGP,2000,1.73204223254257
SGP,1999,0.799148451003927
SGP,1998,3.39721227677289
SGP,1997,3.35744219516066
SGP,1996,4.06431846839031
SGP,1995,3.03781348481124
SGP,1994,3.13658693183625
SGP,1993,2.5298067473268
SGP,1992,3.00425639462047
SGP,1991,2.84548286486563
SGP,1990,3.88909360745296
SXM,2025,1.3131397652904
SXM,2024,1.39608999302398
SXM,2023,1.43721256242405
SXM,2022,1.35708688873829
SXM,2021,1.36356391629724
SXM,2020,1.53087407274557
SXM,2019,1.6805019872063
SXM,2018,1.81943322551715
SXM,2017,1.93416606270848
SXM,2016,2.05501156733828
SXM,2015,2.15537793742833
SXM,2014,2.25583842596276
SXM,2013,2.34501483099113
SXM,2012,2.18221965906343
SXM,2011,1.38995199936431
SXM,2010,0.900652591853574
SXM,2009,1.03848703265675
SXM,2008,1.07377881990499
SXM,2007,1.11318403688444
SXM,2006,1.15066788701478
SXM,2005,1.15143945524835
SXM,2004,1.15208281910581
SXM,2003,1.1784296790245
SXM,2002,0.758684701305817
SXM,2001,-0.152848043546464
SXM,2000,-0.660731148699809
SXM,1999,-0.694871703790685
SXM,1998,-0.674156266717121
SXM,1997,-0.615855411464812
SXM,1996,-0.549157132022842
SXM,1995,-0.455338443145306
SXM,1994,-0.34092896979464
SXM,1993,1.44358017700243
SXM,1992,4.93827304900289
SXM,1991,6.8348828682187
SXM,1990,6.98052078388536
SVK,2025,-0.152382641257418
SVK,2024,-0.0861108401600769
SVK,2023,-0.0923148510113108
SVK,2022,-0.284860959688394
SVK,2021,-0.212358807611049
SVK,2020,0.0857694756149868
SVK,2019,0.135328072840865
SVK,2018,0.138508159611326
SVK,2017,0.155178995687406
SVK,2016,0.128922329956911
SVK,2015,0.0950338786482762
SVK,2014,0.0970454215834878
SVK,2013,0.107458009492367
SVK,2012,0.170183855326072
SVK,2011,0.128936462723796
SVK,2010,0.0931912731899838
SVK,2009,0.133257321027673
SVK,2008,0.0857552995195914
SVK,2007,0.0291784011934372
SVK,2006,0.00459711883568263
SVK,2005,0.00980913417308711
SVK,2004,-0.0203617202597358
SVK,2003,-0.0658215070322074
SVK,2002,-0.0363525509687338
SVK,2001,-0.18301227099618
SVK,2000,-0.135376487794425
SVK,1999,0.102053161046239
SVK,1998,0.13412159848536
SVK,1997,0.184629991205462
SVK,1996,0.211674396431709
SVK,1995,0.29263220653253
SVK,1994,0.39405443003197
SVK,1993,0.381719886651125
SVK,1992,0.0324651148981277
SVK,1991,0.0774724369780578
SVK,1990,0.439617094726275
SVN,2025,0.168420657387838
SVN,2024,0.326705896075754
SVN,2023,0.396216782960902
SVN,2022,0.189424378732817
SVN,2021,0.268851969969908
SVN,2020,0.669754656164979
SVN,2019,0.696304046333357
SVN,2018,0.362584395134764
SVN,2017,0.0651590392490152
SVN,2016,0.0731972072415279
SVN,2015,0.075190689011533
SVN,2014,0.0983519219451147
SVN,2013,0.135726228915631
SVN,2012,0.210024305900448
SVN,2011,0.207732702329724
SVN,2010,0.43607948463593
SVN,2009,0.903875535210913
SVN,2008,0.158140843634363
SVN,2007,0.559207815536831
SVN,2006,0.31911453657107
SVN,2005,0.173208905073743
SVN,2004,0.0640662022616923
SVN,2003,0.0602967792572922
SVN,2002,0.123915442323272
SVN,2001,0.157498742047657
SVN,2000,0.29607496005045
SVN,1999,0.0714308445137258
SVN,1998,-0.218117656735081
SVN,1997,-0.134454343022371
SVN,1996,-0.0625361337459717
SVN,1995,0.0215614999899353
SVN,1994,-0.115694093241137
SVN,1993,-0.23830047754197
SVN,1992,-0.14669940294923
SVN,1991,0.0634382236559831
SVN,1990,0.0906243427921073
SLB,2025,2.34616812843002
SLB,2024,2.37078352276169
SLB,2023,2.39583243369756
SLB,2022,2.39378076885188
SLB,2021,2.40116798691356
SLB,2020,2.22072148638778
SLB,2019,2.65049803426017
SLB,2018,3.35985912747517
SLB,2017,3.45614796025836
SLB,2016,3.52842038261052
SLB,2015,3.58337916462009
SLB,2014,3.62509398993661
SLB,2013,3.65262148165308
SLB,2012,3.668421041016
SLB,2011,3.67971542315203
SLB,2010,2.82139788482931
SLB,2009,1.8212048247057
SLB,2008,1.71153079844048
SLB,2007,1.72668771876675
SLB,2006,1.74709011654713
SLB,2005,1.76867502615455
SLB,2004,1.79794695108568
SLB,2003,1.83654662621824
SLB,2002,1.8849339938907
SLB,2001,1.94611771082024
SLB,2000,2.28927444576947
SLB,1999,2.69069672268738
SLB,1998,2.80632296765175
SLB,1997,2.8540188695447
SLB,1996,2.88873510615365
SLB,1995,2.91631515355324
SLB,1994,2.94272259646508
SLB,1993,2.97458172666175
SLB,1992,3.01690308400192
SLB,1991,3.0612649631935
SLB,1990,3.11124698251204
SOM,2025,3.3397984923678
SOM,2024,3.48215481810475
SOM,2023,3.07939219638342
SOM,2022,3.0251275475745
SOM,2021,3.65720037777736
SOM,2020,3.79592066888979
SOM,2019,3.67525774477084
SOM,2018,3.52933303532182
SOM,2017,3.88144974373944
SOM,2016,3.8489103342184
SOM,2015,3.44441462928404
SOM,2014,3.58614089585868
SOM,2013,3.22508679396084
SOM,2012,0.905528519522503
SOM,2011,0.707617147612372
SOM,2010,2.48169887268086
SOM,2009,2.52395215945852
SOM,2008,2.96295013077131
SOM,2007,3.11334404047468
SOM,2006,3.06479248294565
SOM,2005,3.47204363776718
SOM,2004,3.68380578936556
SOM,2003,3.69115278037828
SOM,2002,3.75080850397474
SOM,2001,3.98983884745091
SOM,2000,4.00097862828906
SOM,1999,4.04491224932546
SOM,1998,4.14193373307933
SOM,1997,3.51230611737778
SOM,1996,3.63215700093217
SOM,1995,3.60874173050947
SOM,1994,5.04035864614898
SOM,1993,2.82782725608436
SOM,1992,-4.78949728181007
SOM,1991,-3.87267657909347
SOM,1990,-0.450864809500564
ZAF,2025,1.14969203871645
ZAF,2024,1.24951426055192
ZAF,2023,1.32810094082844
ZAF,2022,1.41397227960081
ZAF,2021,1.54055743832642
ZAF,2020,1.62216431400652
ZAF,2019,1.64957495527878
ZAF,2018,1.68236992028419
ZAF,2017,0.653837462693277
ZAF,2016,0.940521897823675
ZAF,2015,2.00988840160514
ZAF,2014,1.66144540694123
ZAF,2013,1.65265199501405
ZAF,2012,1.47479434391075
ZAF,2011,1.23631458705301
ZAF,2010,1.1829095702162
ZAF,2009,1.19390450655684
ZAF,2008,1.15309551684298
ZAF,2007,1.05506511201209
ZAF,2006,1.02172490694402
ZAF,2005,1.01260946155511
ZAF,2004,1.00742279739678
ZAF,2003,0.996556488051653
ZAF,2002,0.947036940076663
ZAF,2001,0.859492168208101
ZAF,2000,0.914659168313889
ZAF,1999,1.08969778624124
ZAF,1998,1.2124158688717
ZAF,1997,1.19798957270412
ZAF,1996,1.29699420436442
ZAF,1995,1.21388535311637
ZAF,1994,1.61967461179144
ZAF,1993,1.99129597975592
ZAF,1992,1.79631209038171
ZAF,1991,2.28466181858316
ZAF,1990,2.78138037228425
SSD,2025,2.0337018417734
SSD,2024,3.92792442239756
SSD,2023,4.10816463205266
SSD,2022,1.42002025455897
SSD,2021,1.55179411079181
SSD,2020,2.60487164966918
SSD,2019,2.92439531185626
SSD,2018,-1.33625896422837
SSD,2017,-5.41590990485178
SSD,2016,-2.52965683465808
SSD,2015,-1.14143555707987
SSD,2014,0.614232824755906
SSD,2013,3.74120236356755
SSD,2012,4.44972889782953
SSD,2011,5.41366403885379
SSD,2010,5.29254618151503
SSD,2009,4.71716057220357
SSD,2008,4.98590020248472
SSD,2007,5.03930740277703
SSD,2006,4.96525465188372
SSD,2005,4.81908754947047
SSD,2004,4.66850589649025
SSD,2003,4.53889048481808
SSD,2002,4.47049405409342
SSD,2001,4.47577583092792
SSD,2000,4.41687038815206
SSD,1999,2.66104262937174
SSD,1998,1.99359584146431
SSD,1997,2.80176886344108
SSD,1996,2.4775331375234
SSD,1995,3.00404641411754
SSD,1994,2.29749535929988
SSD,1993,0.937654698124933
SSD,1992,1.49949056534963
SSD,1991,2.06902707902113
SSD,1990,0.516440812279898
ESP,2025,1.03113431966787
ESP,2024,1.02121260938381
ESP,2023,1.17836618688432
ESP,2022,0.718854879160094
ESP,2021,0.178046695121711
ESP,2020,0.510010189620998
ESP,2019,0.716697775475724
ESP,2018,0.451573724507016
ESP,2017,0.243134086570712
ESP,2016,0.0771658726133905
ESP,2015,-0.0827492378541321
ESP,2014,-0.308309722343882
ESP,2013,-0.361668780017733
ESP,2012,0.0649259625617232
ESP,2011,0.355338396471428
ESP,2010,0.460408305051304
ESP,2009,0.88573598057307
ESP,2008,1.59533049906372
ESP,2007,1.85108130845179
ESP,2006,1.69035255626114
ESP,2005,1.68934904712031
ESP,2004,1.7254663034483
ESP,2003,1.80845446818345
ESP,2002,1.41259540475782
ESP,2001,0.694068084334464
ESP,2000,0.447137014535835
ESP,1999,0.405323025522848
ESP,1998,0.413847481113965
ESP,1997,0.41911951720212
ESP,1996,0.416515798212804
ESP,1995,0.441365749537872
ESP,1994,0.476100555169168
ESP,1993,0.518543520866421
ESP,1992,0.48975790543999
ESP,1991,0.254527424551043
ESP,1990,0.101828842607043
LKA,2025,-0.732738211545502
LKA,2024,-0.550589519145017
LKA,2023,-0.651320770103285
LKA,2022,0.112772639779474
LKA,2021,1.07544995696428
LKA,2020,0.530626559530355
LKA,2019,0.611875945764341
LKA,2018,1.0064319813899
LKA,2017,1.14388758411593
LKA,2016,1.13327749793807
LKA,2015,0.91981102654886
LKA,2014,0.933207942647201
LKA,2013,-2.79968273298027
LKA,2012,0.760628047767682
LKA,2011,0.620507027958285
LKA,2010,0.589181271319281
LKA,2009,0.614014271918797
LKA,2008,0.665501489405385
LKA,2007,0.686177993870037
LKA,2006,0.669909171598541
LKA,2005,0.639733163202014
LKA,2004,0.679757715006083
LKA,2003,0.733298046863635
LKA,2002,1.04243651089033
LKA,2001,1.58029006941291
LKA,2000,1.82192893868799
LKA,1999,1.85791802193191
LKA,1998,1.88802201260991
LKA,1997,1.89854362715713
LKA,1996,1.92257845082404
LKA,1995,1.65501088509534
LKA,1994,1.45683441097245
LKA,1993,1.69784789442256
LKA,1992,1.58927250831319
LKA,1991,0.748734482407864
LKA,1990,0.637411760252378
KNA,2025,0.168506412185747
KNA,2024,0.181622041143753
KNA,2023,0.104849849656036
KNA,2022,-0.11554263524381
KNA,2021,-0.228551998925832
KNA,2020,-0.174799132141861
KNA,2019,-0.119199673543347
KNA,2018,-0.0893066039921832
KNA,2017,-0.0531208511827516
KNA,2016,-0.0254879889232652
KNA,2015,-0.00424736663332803
KNA,2014,0.0424817865731795
KNA,2013,0.0765127239724214
KNA,2012,0.313035956599999
KNA,2011,0.0853497256607942
KNA,2010,-0.149314248854052
KNA,2009,0.172798199816465
KNA,2008,0.275815058165901
KNA,2007,0.293755236701893
KNA,2006,0.283852845256594
KNA,2005,0.263067255385927
KNA,2004,0.30057001145304
KNA,2003,0.338409798424049
KNA,2002,0.564388462760083
KNA,2001,1.12737297055115
KNA,2000,1.44021899747842
KNA,1999,1.36121019596059
KNA,1998,1.30397839701118
KNA,1997,1.27688427411293
KNA,1996,1.29339971902145
KNA,1995,1.30795424814889
KNA,1994,1.28648573786985
KNA,1993,1.28605796589797
KNA,1992,0.880693467540221
KNA,1991,-0.183191040214603
KNA,1990,-0.80305887913815
LCA,2025,0.225066989889272
LCA,2024,0.255689791113258
LCA,2023,0.281512532799571
LCA,2022,0.144975018605125
LCA,2021,0.152478363043745
LCA,2020,0.330981923965865
LCA,2019,0.3631466895222
LCA,2018,0.382048183874964
LCA,2017,0.395468542730377
LCA,2016,0.422763651310013
LCA,2015,0.439488105791393
LCA,2014,0.442581735190879
LCA,2013,0.452081381366467
LCA,2012,0.456462690189925
LCA,2011,0.52231324992803
LCA,2010,0.608614599646534
LCA,2009,0.626557735548289
LCA,2008,0.623950967419395
LCA,2007,0.669266875500453
LCA,2006,0.716076160693592
LCA,2005,0.734635032623395
LCA,2004,0.771973333919315
LCA,2003,0.822512392357976
LCA,2002,0.872385751343311
LCA,2001,1.01677824289198
LCA,2000,1.21402743138722
LCA,1999,1.30068408511276
LCA,1998,1.37221189361173
LCA,1997,1.40792081597188
LCA,1996,1.49210520637537
LCA,1995,1.57637794278676
LCA,1994,1.4944203866875
LCA,1993,1.47824786663391
LCA,1992,1.49182703899205
LCA,1991,1.19910441469639
LCA,1990,0.980439316482034
MAF,2025,-4.65327729336626
MAF,2024,-5.16855018990472
MAF,2023,-4.80716831631216
MAF,2022,-3.70935422542636
MAF,2021,-5.91294053455205
MAF,2020,-7.51568506574733
MAF,2019,-4.96694243141292
MAF,2018,-2.26505586002549
MAF,2017,-0.913371749973348
MAF,2016,-0.520499136043373
MAF,2015,-0.216522625657602
MAF,2014,0.082811315154676
MAF,2013,0.38289088882727
MAF,2012,0.556864711599445
MAF,2011,0.57626131737988
MAF,2010,0.965137402578689
MAF,2009,1.50154629037256
MAF,2008,1.7421017059346
MAF,2007,1.94019944267035
MAF,2006,2.12879470457641
MAF,2005,2.25646319439153
MAF,2004,2.36719103264538
MAF,2003,2.47203950414339
MAF,2002,2.56716070268805
MAF,2001,2.65480483944633
MAF,2000,2.40227476547467
MAF,1999,0.606259670624174
MAF,1998,-0.739349594205661
MAF,1997,-0.408399982270362
MAF,1996,-0.0916605906688667
MAF,1995,0.193604326560294
MAF,1994,0.446376071270989
MAF,1993,0.688795280176105
MAF,1992,0.970965282762913
MAF,1991,2.02027073175195
MAF,1990,6.48031064017155
VCT,2025,-0.690139370317183
VCT,2024,-0.700214310937747
VCT,2023,-0.711025816110263
VCT,2022,-0.776041417794061
VCT,2021,-0.663868269423874
VCT,2020,-0.617259161571258
VCT,2019,-0.725995928811949
VCT,2018,-0.699944450029761
VCT,2017,-0.647135439549124
VCT,2016,-0.572879410655285
VCT,2015,-0.536144317925753
VCT,2014,-0.55640705517064
VCT,2013,-0.554247952481518
VCT,2012,-0.562167608407819
VCT,2011,-0.556296690606872
VCT,2010,-0.498034748761649
VCT,2009,-0.469450522710604
VCT,2008,-0.452015740934878
VCT,2007,-0.432128431956044
VCT,2006,-0.388481492207911
VCT,2005,-0.341789621854884
VCT,2004,-0.270825385911129
VCT,2003,-0.181908142422976
VCT,2002,-0.135773754811697
VCT,2001,-0.0387586661300469
VCT,2000,0.157771141222912
VCT,1999,0.164205099002532
VCT,1998,0.0344643231392806
VCT,1997,0.0194466543528162
VCT,1996,0.0636700498150164
VCT,1995,0.114176986713966
VCT,1994,0.162195973569135
VCT,1993,0.200671339382992
VCT,1992,0.255416614554016
VCT,1991,0.366016281210552
VCT,1990,0.484123518217095
SDN,2025,2.3763155422004
SDN,2024,0.808373216038761
SDN,2023,1.32652175747925
SDN,2022,2.70189520043666
SDN,2021,2.6941220236505
SDN,2020,2.6882512565735
SDN,2019,2.93537902352139
SDN,2018,3.48828675547566
SDN,2017,3.46430091592296
SDN,2016,3.04008474256183
SDN,2015,3.04689971719172
SDN,2014,2.70863780408064
SDN,2013,2.30951835174238
SDN,2012,2.14168968629865
SDN,2011,2.0304098222439
SDN,2010,2.41578933319134
SDN,2009,2.77210926299041
SDN,2008,2.59050308685206
SDN,2007,2.38350034195252
SDN,2006,2.30819636827177
SDN,2005,2.28355924873297
SDN,2004,2.18560495236388
SDN,2003,2.25738358789851
SDN,2002,2.46596917532427
SDN,2001,2.48541577821616
SDN,2000,2.49754561643296
SDN,1999,2.50663940455787
SDN,1998,2.52287733643727
SDN,1997,2.22732302778578
SDN,1996,2.24195302329294
SDN,1995,2.57914709353572
SDN,1994,2.52008196636254
SDN,1993,2.23517636613403
SDN,1992,2.01195688460037
SDN,1991,2.0192784229958
SDN,1990,2.03430893863514
SUR,2025,0.850523968746845
SUR,2024,0.877853398525397
SUR,2023,0.914027369002208
SUR,2022,0.848956801428746
SUR,2021,0.907003624018977
SUR,2020,1.07530477821816
SUR,2019,1.03794155144619
SUR,2018,0.972162135207174
SUR,2017,1.00824404428043
SUR,2016,1.04842483742266
SUR,2015,1.08108226631897
SUR,2014,1.11029432439557
SUR,2013,1.12880323190541
SUR,2012,1.1375560373964
SUR,2011,1.14737217748715
SUR,2010,1.16234546951658
SUR,2009,1.17005849053812
SUR,2008,1.16620762103283
SUR,2007,1.13996043251437
SUR,2006,1.0885764053437
SUR,2005,1.04333354504085
SUR,2004,1.47189322083765
SUR,2003,1.96683193341399
SUR,2002,2.03259733141667
SUR,2001,2.0592440925481
SUR,2000,2.06184130338408
SUR,1999,2.05779708457492
SUR,1998,2.06286243195902
SUR,1997,2.08306804632028
SUR,1996,2.12435847636189
SUR,1995,1.69749645431176
SUR,1994,0.718288232960697
SUR,1993,0.421296747951677
SUR,1992,0.618785018405407
SUR,1991,0.6090609107497
SUR,1990,0.995011266767108
SWE,2025,0.254281358853672
SWE,2024,0.313432129983607
SWE,2023,0.472717863265105
SWE,2022,0.68058286829853
SWE,2021,0.600591532839468
SWE,2020,0.722703912882934
SWE,2019,1.01372226345511
SWE,2018,1.16164515996039
SWE,2017,1.34744505956262
SWE,2016,1.25645398510305
SWE,2015,1.05745468551674
SWE,2014,0.992219728591882
SWE,2013,0.847348652246305
SWE,2012,0.739763272434863
SWE,2011,0.755150133665177
SWE,2010,0.852524628765313
SWE,2009,0.851904412936677
SWE,2008,0.779033290770134
SWE,2007,0.741552514625445
SWE,2006,0.562483906481893
SWE,2005,0.399942762807279
SWE,2004,0.393298991357658
SWE,2003,0.372092942799084
SWE,2002,0.325438067703728
SWE,2001,0.268470527954234
SWE,2000,0.160575484575313
SWE,1999,0.0779271508703018
SWE,1998,0.0555121222123307
SWE,1997,0.0572622034229794
SWE,1996,0.159147080582875
SWE,1995,0.524703941553734
SWE,1994,0.710705461619655
SWE,1993,0.580838814302139
SWE,1992,0.586529928761034
SWE,1991,0.681643117607529
SWE,1990,0.772602675661167
CHE,2025,0.95982517858888
CHE,2024,1.30500749907811
CHE,2023,1.26498425447772
CHE,2022,0.829927183900371
CHE,2021,0.765501039496593
CHE,2020,0.730676195047382
CHE,2019,0.713313668444329
CHE,2018,0.736633975172522
CHE,2017,0.933155888738653
CHE,2016,1.09203117387253
CHE,2015,1.13833715247736
CHE,2014,1.22010397343287
CHE,2013,1.14987975781229
CHE,2012,1.06181932886789
CHE,2011,1.11187894263206
CHE,2010,1.0415580576588
CHE,2009,1.24948463127384
CHE,2008,1.27061807385776
CHE,2007,0.893690977823134
CHE,2006,0.627558473346134
CHE,2005,0.640601540243491
CHE,2004,0.687425960233006
CHE,2003,0.74191960337232
CHE,2002,0.756469145838096
CHE,2001,0.632771238018431
CHE,2000,0.561954617400164
CHE,1999,0.476919931285641
CHE,1998,0.297135765740057
CHE,1997,0.240891210155647
CHE,1996,0.441636406706345
CHE,1995,0.668242326234317
CHE,1994,0.797158411024818
CHE,1993,0.910715565788466
CHE,1992,1.10252107229095
CHE,1991,1.24982602441627
CHE,1990,1.02687307219521
SYR,2025,3.76901619394327
SYR,2024,4.46809539676654
SYR,2023,4.91861526815481
SYR,2022,3.78051313340953
SYR,2021,2.71541292038855
SYR,2020,3.36188761247899
SYR,2019,3.88559879868016
SYR,2018,1.82043236963093
SYR,2017,0.160516443980316
SYR,2016,-1.19521490586433
SYR,2015,-4.27812265662123
SYR,2014,-6.64640777600442
SYR,2013,-4.92076611917059
SYR,2012,-0.518583748688814
SYR,2011,1.74463187292712
SYR,2010,2.27386735787712
SYR,2009,1.561038004306
SYR,2008,3.53953603606328
SYR,2007,6.15726388722661
SYR,2006,4.28105517398245
SYR,2005,2.56920506363659
SYR,2004,2.47115145720736
SYR,2003,2.38129035278314
SYR,2002,2.41609659016013
SYR,2001,2.45461714631082
SYR,2000,2.49405999884142
SYR,1999,2.54408360788724
SYR,1998,2.57951161365654
SYR,1997,2.62495453798521
SYR,1996,2.70847861472762
SYR,1995,2.83254019010482
SYR,1994,2.94902840334724
SYR,1993,3.01785988391191
SYR,1992,3.07043753248059
SYR,1991,3.14276682156051
SYR,1990,3.23272086100047
TJK,2025,1.83193545840317
TJK,2024,1.91732317936133
TJK,2023,2.01812009749216
TJK,2022,2.13728529423458
TJK,2021,2.20738922074721
TJK,2020,2.27553632959872
TJK,2019,2.36385658944468
TJK,2018,2.40737599740749
TJK,2017,2.45467083241302
TJK,2016,2.53351872618566
TJK,2015,2.55779351442662
TJK,2014,2.50974038960922
TJK,2013,2.49710956677516
TJK,2012,2.39042338057157
TJK,2011,2.23107820470165
TJK,2010,2.13859732955825
TJK,2009,2.04782606461211
TJK,2008,1.98075956919701
TJK,2007,1.92134154744809
TJK,2006,1.90026148122724
TJK,2005,1.95661200705717
TJK,2004,1.96260002776105
TJK,2003,1.92429974773697
TJK,2002,1.92125173999603
TJK,2001,1.93263055464193
TJK,2000,1.22252956506886
TJK,1999,0.516328987572414
TJK,1998,0.593820013625566
TJK,1997,1.20112677928097
TJK,1996,1.96324157737844
TJK,1995,2.09310346198551
TJK,1994,1.73808466897799
TJK,1993,1.32919819031035
TJK,1992,1.93373586962239
TJK,1991,2.6041206740472
TJK,1990,2.46625645196378
TZA,2025,2.85515014149945
TZA,2024,2.87426672866542
TZA,2023,2.90250073555304
TZA,2022,2.95046658393064
TZA,2021,3.00113934816488
TZA,2020,2.99305168844906
TZA,2019,2.98060939385811
TZA,2018,3.15572113764533
TZA,2017,3.3414302210835
TZA,2016,3.40729531415315
TZA,2015,3.26181042317192
TZA,2014,3.08040316049107
TZA,2013,3.01455736724095
TZA,2012,2.8799437394168
TZA,2011,2.79985031213535
TZA,2010,2.54448522649017
TZA,2009,2.46693695085578
TZA,2008,2.70285900109119
TZA,2007,2.79133312179469
TZA,2006,2.80055623798532
TZA,2005,2.77513941065557
TZA,2004,2.71326096371365
TZA,2003,2.64525638066994
TZA,2002,2.58850722069614
TZA,2001,2.70152074754623
TZA,2000,2.84152432501121
TZA,1999,2.67776635574134
TZA,1998,2.63261492761807
TZA,1997,2.02274347919653
TZA,1996,1.83364600544135
TZA,1995,3.14652813346473
TZA,1994,3.84179855606781
TZA,1993,3.13737726435695
TZA,1992,2.49709386912698
TZA,1991,2.53453102605205
TZA,1990,2.60523548410201
THA,2025,-0.0672045728198196
THA,2024,-0.0480210554154485
THA,2023,-0.0458651887192549
THA,2022,0.0111485454856964
THA,2021,0.119758274714782
THA,2020,0.166540794566251
THA,2019,0.204609851692418
THA,2018,0.302929452489855
THA,2017,0.422963510133952
THA,2016,0.451266062797186
THA,2015,0.460976294059414
THA,2014,0.530129864137193
THA,2013,0.587325698680648
THA,2012,0.619591346751357
THA,2011,0.621807948253872
THA,2010,0.670617338343587
THA,2009,0.73854268159594
THA,2008,0.768156179389423
THA,2007,0.800044180541195
THA,2006,0.83006330336846
THA,2005,0.860087894461849
THA,2004,0.896077275303913
THA,2003,0.931947504633534
THA,2002,0.962026884907362
THA,2001,1.01584846841136
THA,2000,1.13127017975852
THA,1999,1.25409899110086
THA,1998,1.30564502997303
THA,1997,1.33372170098054
THA,1996,1.38103987322343
THA,1995,1.42705987153545
THA,1994,1.47432944245539
THA,1993,1.54362711687309
THA,1992,1.58945961673195
THA,1991,1.62920710678797
THA,1990,1.63811607952745
TLS,2025,1.26841125849065
TLS,2024,1.17433638550192
TLS,2023,1.08884743970717
TLS,2022,1.40884587356384
TLS,2021,1.80006893139932
TLS,2020,1.91159373351817
TLS,2019,1.93928707188808
TLS,2018,1.91930286555216
TLS,2017,1.88641549739516
TLS,2016,1.90525943887907
TLS,2015,1.94624234080117
TLS,2014,1.98314794878844
TLS,2013,2.07630476166789
TLS,2012,2.19848397897983
TLS,2011,2.32623937394203
TLS,2010,2.41648998363508
TLS,2009,2.52049124930661
TLS,2008,2.7037190705407
TLS,2007,2.85582868913771
TLS,2006,2.93915722136614
TLS,2005,2.04941163420411
TLS,2004,1.3213970309566
TLS,2003,4.20086521764908
TLS,2002,7.91588252986364
TLS,2001,8.63046111911907
TLS,2000,-11.356645253535
TLS,1999,-12.1498964309756
TLS,1998,2.7259642618715
TLS,1997,2.75258803206647
TLS,1996,2.74223228341134
TLS,1995,2.76234559956866
TLS,1994,2.76812017321357
TLS,1993,2.72963814698554
TLS,1992,2.66750772525115
TLS,1991,2.33115091847767
TLS,1990,2.05813665395536
TGO,2025,2.17758924189303
TGO,2024,2.197364628925
TGO,2023,1.90565010531245
TGO,2022,1.65504210377245
TGO,2021,1.88405259258743
TGO,2020,2.18244940997049
TGO,2019,2.14516244090598
TGO,2018,1.81055738571426
TGO,2017,1.70055326010166
TGO,2016,1.81308919594096
TGO,2015,1.91106686899123
TGO,2014,2.02090495483301
TGO,2013,2.15773898903495
TGO,2012,2.32840848204104
TGO,2011,2.72570995210441
TGO,2010,3.12855507905751
TGO,2009,3.22903074698961
TGO,2008,3.21297180409526
TGO,2007,3.15943065724402
TGO,2006,2.85028115220356
TGO,2005,2.465585096448
TGO,2004,2.43812237847062
TGO,2003,2.49455979585183
TGO,2002,2.47686827426846
TGO,2001,2.48616573955035
TGO,2000,2.49694541999729
TGO,1999,2.47629413171843
TGO,1998,2.51037911481296
TGO,1997,3.38312181757761
TGO,1996,4.30189881851522
TGO,1995,5.14839691135018
TGO,1994,0.416034311921291
TGO,1993,-1.14077539893679
TGO,1992,2.83557163245535
TGO,1991,2.88251198022219
TGO,1990,2.92614491062438
TON,2025,-0.416512960445247
TON,2024,-0.404269322267007
TON,2023,-0.424539964766316
TON,2022,-0.425589151486705
TON,2021,-0.202657341819835
TON,2020,0.0331168127621577
TON,2019,0.09657445504329
TON,2018,0.20007307916608
TON,2017,-0.159332355407353
TON,2016,-0.539650395978897
TON,2015,-0.483301677921251
TON,2014,-0.438960491824116
TON,2013,-0.356114444715887
TON,2012,-0.102311314323862
TON,2011,0.158161636914974
TON,2010,0.183594875501069
TON,2009,0.170850043659503
TON,2008,0.275093040718062
TON,2007,0.444175977594245
TON,2006,0.549254886800715
TON,2005,0.56941817120878
TON,2004,0.579379767566292
TON,2003,0.566388827048018
TON,2002,0.565742330137992
TON,2001,0.593306428110937
TON,2000,0.616444657597358
TON,1999,0.646895105662644
TON,1998,0.706716722309235
TON,1997,0.397116207949899
TON,1996,0.0498753127545872
TON,1995,0.0588848817609876
TON,1994,0.0629153808908238
TON,1993,0.0809494110412487
TON,1992,0.127052743972781
TON,1991,0.195395738411958
TON,1990,0.2983382674185
TTO,2025,-0.0415920932776015
TTO,2024,0.0601642729371072
TTO,2023,0.124756950526578
TTO,2022,-0.128266918103601
TTO,2021,0.0609300519200696
TTO,2020,0.200680476473799
TTO,2019,0.351942101931713
TTO,2018,0.18852465203732
TTO,2017,0.202027127649021
TTO,2016,0.312772812072739
TTO,2015,0.32088962269951
TTO,2014,0.356379989236334
TTO,2013,0.400859959050308
TTO,2012,0.538824146577348
TTO,2011,0.778994109506155
TTO,2010,0.579036711567976
TTO,2009,0.116012084682397
TTO,2008,0.413435896307233
TTO,2007,0.403209610635395
TTO,2006,0.26615888493115
TTO,2005,-3.855661582685
TTO,2004,0.497078430407533
TTO,2003,0.501588638492564
TTO,2002,0.48495379094578
TTO,2001,0.437978261429968
TTO,2000,0.384592207827917
TTO,1999,0.341570955039463
TTO,1998,0.335542949338288
TTO,1997,0.376559274218246
TTO,1996,0.443666738699283
TTO,1995,0.528584437291786
TTO,1994,0.61312700175952
TTO,1993,0.688993141481666
TTO,1992,0.750088861459708
TTO,1991,0.792486108298516
TTO,1990,0.850752261763777
TUN,2025,0.580403828948731
TUN,2024,0.626519256572759
TUN,2023,0.666925034776371
TUN,2022,0.585173208533683
TUN,2021,0.620790374510459
TUN,2020,0.830022185577052
TUN,2019,0.926946081730267
TUN,2018,0.982378425356264
TUN,2017,1.05116025482594
TUN,2016,1.10253911569433
TUN,2015,1.12871973379756
TUN,2014,1.18603354474404
TUN,2013,1.18925109300243
TUN,2012,1.12911133130148
TUN,2011,1.10896127086771
TUN,2010,1.07673286637757
TUN,2009,1.01963219046734
TUN,2008,0.961991588143559
TUN,2007,0.916799634880203
TUN,2006,0.8828182844401
TUN,2005,0.874656405933051
TUN,2004,0.934209359397325
TUN,2003,0.999023084325491
TUN,2002,1.02654008179225
TUN,2001,1.06692195988269
TUN,2000,1.12222559070037
TUN,1999,1.19074438326818
TUN,1998,1.26983091069473
TUN,1997,1.35543878502605
TUN,1996,1.44320056827616
TUN,1995,1.57112483149253
TUN,1994,1.79614120435734
TUN,1993,1.99999574167744
TUN,1992,2.10298061493524
TUN,1991,2.10770264279961
TUN,1990,2.09824676539887
TUR,2025,0.419954927193433
TUR,2024,0.225580501096507
TUR,2023,0.406389351118662
TUR,2022,0.984586244469359
TUR,2021,0.910444902564511
TUR,2020,0.970386031353162
TUR,2019,1.42969688109789
TUR,2018,1.35360298648434
TUR,2017,1.29675571220462
TUR,2016,1.34542593504869
TUR,2015,1.33411577030414
TUR,2014,1.3490889002021
TUR,2013,1.28441474668
TUR,2012,1.27471801981307
TUR,2011,1.46777416449143
TUR,2010,1.51943093763293
TUR,2009,1.3803027157145
TUR,2008,1.26560336535681
TUR,2007,0.160856263475951
TUR,2006,1.02715519431982
TUR,2005,1.06864181704433
TUR,2004,1.11548254617054
TUR,2003,1.16094416683032
TUR,2002,1.20587153637377
TUR,2001,1.2442785656482
TUR,2000,1.28297648712556
TUR,1999,1.33651905329422
TUR,1998,1.39260558297453
TUR,1997,1.44522126567333
TUR,1996,1.5070440949697
TUR,1995,1.63671354378767
TUR,1994,1.73850114428048
TUR,1993,1.72507084421117
TUR,1992,1.70479077867469
TUR,1991,1.75939857025913
TUR,1990,1.87208457619709
TKM,2025,1.64558945876185
TKM,2024,1.75064111797897
TKM,2023,1.83970100027524
TKM,2022,1.92922787802207
TKM,2021,2.02444537373143
TKM,2020,2.12265535789649
TKM,2019,2.20552575085177
TKM,2018,2.25592915498978
TKM,2017,2.28530711165221
TKM,2016,2.2945212778352
TKM,2015,2.28610385900461
TKM,2014,2.26303880447268
TKM,2013,2.22679030905497
TKM,2012,2.17776450077759
TKM,2011,2.11713816000684
TKM,2010,2.0473578649564
TKM,2009,1.97407060173285
TKM,2008,1.90736323009162
TKM,2007,1.86589170971238
TKM,2006,1.85993465591178
TKM,2005,1.88138831359517
TKM,2004,1.91878016561315
TKM,2003,1.95992500636987
TKM,2002,1.99174937358472
TKM,2001,2.00333203545625
TKM,2000,1.99474439724003
TKM,1999,1.83462323809047
TKM,1998,1.68690409367485
TKM,1997,1.69553703429869
TKM,1996,1.7177432660259
TKM,1995,1.79451640950769
TKM,1994,2.06791726669577
TKM,1993,2.19933509118075
TKM,1992,2.27672304793338
TKM,1991,2.50344724262282
TKM,1990,2.6433634576391
TCA,2025,0.685300893811321
TCA,2024,0.726821053031156
TCA,2023,0.762674129802692
TCA,2022,1.32618037626777
TCA,2021,1.91238576461203
TCA,2020,2.78709560637585
TCA,2019,3.79390439929271
TCA,2018,4.04120189777229
TCA,2017,4.08606209437612
TCA,2016,4.56566213237616
TCA,2015,4.34092296180069
TCA,2014,4.06734083176964
TCA,2013,4.64054070760549
TCA,2012,4.06897157854252
TCA,2011,3.65477665825526
TCA,2010,3.94722663611378
TCA,2009,4.1459119693161
TCA,2008,4.31003259671228
TCA,2007,4.4643842476665
TCA,2006,4.62300559145202
TCA,2005,4.83400403777914
TCA,2004,5.06579381753678
TCA,2003,5.34102926307635
TCA,2002,5.084110798197
TCA,2001,4.41778096843734
TCA,2000,4.20351344193977
TCA,1999,4.24845670602461
TCA,1998,4.33379386351613
TCA,1997,4.44765833441677
TCA,1996,4.62814202658333
TCA,1995,4.8179136428359
TCA,1994,4.97387455535085
TCA,1993,5.09539924209708
TCA,1992,5.26333144853333
TCA,1991,5.14430093946209
TCA,1990,4.32740915412679
TUV,2025,-1.6093983073263
TUV,2024,-1.74703857618302
TUV,2023,-1.77710654146662
TUV,2022,-2.00145390945735
TUV,2021,-1.99103357602457
TUV,2020,-1.73502922439289
TUV,2019,-1.59388335810663
TUV,2018,-1.09159270779589
TUV,2017,-0.559660160739733
TUV,2016,-0.301466450395575
TUV,2015,-0.1913701773267
TUV,2014,-0.154650929162867
TUV,2013,0.610897728449108
TUV,2012,1.41846349919564
TUV,2011,1.55186810751479
TUV,2010,1.45198280440794
TUV,2009,1.34734017778276
TUV,2008,1.3559199103652
TUV,2007,1.24519841921979
TUV,2006,1.16024506194636
TUV,2005,1.25533132598724
TUV,2004,1.24034187139951
TUV,2003,0.745422232035146
TUV,2002,0.385236563682417
TUV,2001,0.43910159418246
TUV,2000,0.504202748824808
TUV,1999,0.475010129444783
TUV,1998,0.541086673696092
TUV,1997,0.618932719604204
TUV,1996,0.665881528180704
TUV,1995,0.789748249240041
TUV,1994,0.883658180049794
TUV,1993,0.968957151612279
TUV,1992,1.22455053501328
TUV,1991,1.46679827124271
TUV,1990,1.55787801340932
UGA,2025,2.70194383324801
UGA,2024,2.75373170025335
UGA,2023,2.80083228962433
UGA,2022,3.00759449042677
UGA,2021,3.21773661761443
UGA,2020,3.33341751069644
UGA,2019,3.39132142318772
UGA,2018,3.39741097582772
UGA,2017,3.49059590870242
UGA,2016,3.32192491389275
UGA,2015,3.07329293941893
UGA,2014,2.95144499872136
UGA,2013,2.86955163863091
UGA,2012,2.90422608403173
UGA,2011,2.93194913680129
UGA,2010,2.9438913354304
UGA,2009,2.94129171098808
UGA,2008,2.9444861420196
UGA,2007,2.94106654284048
UGA,2006,2.92745935131587
UGA,2005,2.93492118829227
UGA,2004,2.99944519470383
UGA,2003,3.15822372497188
UGA,2002,3.13158750187579
UGA,2001,3.05906863525199
UGA,2000,3.14418360294887
UGA,1999,3.24006928294857
UGA,1998,2.97399633980632
UGA,1997,2.8989305129642
UGA,1996,2.70145587024081
UGA,1995,2.73161443108009
UGA,1994,3.35593325916572
UGA,1993,3.4537864825563
UGA,1992,3.40647506748478
UGA,1991,3.28085919198602
UGA,1990,3.2344599665248
UKR,2025,2.91573569457478
UKR,2024,0.33702862573394
UKR,2023,-8.42300777431605
UKR,2022,-7.61932022603164
UKR,2021,-0.857231073467664
UKR,2020,-0.619037730087783
UKR,2019,-0.557746010589576
UKR,2018,-0.501151978990809
UKR,2017,-0.397112648136029
UKR,2016,-0.36774838525265
UKR,2015,-0.40865263025121
UKR,2014,-0.335269423483557
UKR,2013,-0.180396113217713
UKR,2012,-0.211412120058561
UKR,2011,-0.319413470604977
UKR,2010,-0.360396778842802
UKR,2009,-0.418318079718443
UKR,2008,-0.518999631278387
UKR,2007,-0.457691249751745
UKR,2006,-0.646951976746368
UKR,2005,-0.824471243376951
UKR,2004,-0.697090406399135
UKR,2003,-0.746752569088852
UKR,2002,-0.878622609109747
UKR,2001,-0.911802334090355
UKR,2000,-0.843515300409476
UKR,1999,-0.803711705470069
UKR,1998,-0.804922047186478
UKR,1997,-0.861119151410882
UKR,1996,-0.854165873072084
UKR,1995,-0.791314942324349
UKR,1994,-0.525019256069775
UKR,1993,0.0505475129812724
UKR,1992,0.292283164777446
UKR,1991,0.224262872730958
UKR,1990,0.262138262818918
ARE,2025,4.68316292656212
ARE,2024,4.68316095317394
ARE,2023,3.97717097504667
ARE,2022,5.08834153373914
ARE,2021,1.83513009029147
ARE,2020,-0.474850154644905
ARE,2019,1.0545163442516
ARE,2018,1.32986873264335
ARE,2017,3.17379785893425
ARE,2016,4.93046894788046
ARE,2015,5.38380162241984
ARE,2014,4.65292210905658
ARE,2013,3.99911978796443
ARE,2012,3.95899214220379
ARE,2011,3.35932096341285
ARE,2010,2.39801204084647
ARE,2009,6.2188003600278
ARE,2008,11.3816344065238
ARE,2007,11.5899798855336
ARE,2006,7.12134410320015
ARE,2005,5.18764431874288
ARE,2004,5.48794157690806
ARE,2003,5.78447695225097
ARE,2002,6.07539320463732
ARE,2001,6.37626894621745
ARE,2000,6.73568170124179
ARE,1999,7.15727575370797
ARE,1998,7.61779694622865
ARE,1997,8.12439404457886
ARE,1996,6.47661448989632
ARE,1995,4.4717655242434
ARE,1994,4.66407380953512
ARE,1993,4.95223997523987
ARE,1992,5.24724401080608
ARE,1991,5.55380997102418
ARE,1990,5.8784228791753
GBR,2025,0.296898638478743
GBR,2024,1.09574630336216
GBR,2023,1.30728496203423
GBR,2022,0.977617841553254
GBR,2021,0.355973393742215
GBR,2020,0.167956370836665
GBR,2019,0.513111008030604
GBR,2018,0.48846608680317
GBR,2017,0.544198348436919
GBR,2016,0.794231868922694
GBR,2015,0.72163513014287
GBR,2014,0.747147320248681
GBR,2013,0.66797798607405
GBR,2012,0.712282568284022
GBR,2011,0.781506562236639
GBR,2010,0.783888646646516
GBR,2009,0.756390859593407
GBR,2008,0.787032622318939
GBR,2007,0.778666112441256
GBR,2006,0.73504867842129
GBR,2005,0.68661130607346
GBR,2004,0.568943113421317
GBR,2003,0.465641113602993
GBR,2002,0.423337079636281
GBR,2001,0.384975969564228
GBR,2000,0.357300887421605
GBR,1999,0.333405882184416
GBR,1998,0.291406085432392
GBR,1997,0.257553323280351
GBR,1996,0.254626384215086
GBR,1995,0.264547416858702
GBR,1994,0.254586486858912
GBR,1993,0.239745439286479
GBR,1992,0.270431182081877
GBR,1991,0.309247932319381
GBR,1990,0.298930554095876
USA,2025,0.522468081877868
USA,2024,0.960096778979565
USA,2023,0.822589035790284
USA,2022,0.569329881519084
USA,2021,0.157323851413364
USA,2020,0.408543376643957
USA,2019,0.515108555014533
USA,2018,0.586433075122573
USA,2017,0.692906252591617
USA,2016,0.785625485688815
USA,2015,0.797904713382564
USA,2014,0.796023797809134
USA,2013,0.756560083436754
USA,2012,0.79838290137163
USA,2011,0.79239433316435
USA,2010,0.846129865832117
USA,2009,0.876651298802912
USA,2008,0.945865287282592
USA,2007,0.951055242772428
USA,2006,0.964253917136075
USA,2005,0.921713167161207
USA,2004,0.925483968943482
USA,2003,0.859481712840946
USA,2002,0.927797485710314
USA,2001,0.989741382223669
USA,2000,1.11276899679534
USA,1999,1.14834004729055
USA,1998,1.16571452642589
USA,1997,1.20396029701272
USA,1996,1.16341161998189
USA,1995,1.19078709090209
USA,1994,1.2262960888682
USA,1993,1.31867999977741
USA,1992,1.38688569247935
USA,1991,1.33626074073779
USA,1990,1.12965052045579
URY,2025,-0.0561194093953689
URY,2024,-0.0440759548302792
URY,2023,-0.0835522251458198
URY,2022,-0.170369337727093
URY,2021,-0.0668956092956434
URY,2020,0.0518527053450753
URY,2019,0.0786838170441181
URY,2018,0.179744266709225
URY,2017,0.270549143036717
URY,2016,0.333941294134426
URY,2015,0.347483697847475
URY,2014,0.328187100513488
URY,2013,0.297452387025821
URY,2012,0.257451630638359
URY,2011,0.248141512237734
URY,2010,0.256129913246022
URY,2009,0.239373352045262
URY,2008,0.212934707039678
URY,2007,0.171519933968135
URY,2006,0.113607393322573
URY,2005,0.0798609372229262
URY,2004,0.0597775816533495
URY,2003,0.0707006512477159
URY,2002,0.140879525241248
URY,2001,0.246007398484151
URY,2000,0.373944815859448
URY,1999,0.45385356103469
URY,1998,0.493144265488424
URY,1997,0.529453063948236
URY,1996,0.527975679567825
URY,1995,0.522015798423953
URY,1994,0.52104822142472
URY,1993,0.528682164061756
URY,1992,0.554068643934089
URY,1991,0.576577815081659
URY,1990,0.5863044602648
UZB,2025,1.88404754637167
UZB,2024,1.97065383660565
UZB,2023,2.02114614047908
UZB,2022,2.00999064709715
UZB,2021,1.9382099918182
UZB,2020,1.86830671569358
UZB,2019,1.80974442927918
UZB,2018,1.72706882389247
UZB,2017,1.69442489458676
UZB,2016,1.7256215086876
UZB,2015,1.72657003352444
UZB,2014,1.66460383205049
UZB,2013,1.56705560068108
UZB,2012,1.51059514364954
UZB,2011,1.5301816854096
UZB,2010,1.58433607799586
UZB,2009,1.60393517508693
UZB,2008,1.53479281387558
UZB,2007,1.40203000437259
UZB,2006,1.28947762259063
UZB,2005,1.25081983337066
UZB,2004,1.22957581560979
UZB,2003,1.21806027288929
UZB,2002,1.2267746913706
UZB,2001,1.21591389648504
UZB,2000,1.26281282930164
UZB,1999,1.40332451286924
UZB,1998,1.57004048296478
UZB,1997,1.72779025760169
UZB,1996,1.87771255752777
UZB,1995,2.00222286057627
UZB,1994,2.1387662310173
UZB,1993,2.31355972382299
UZB,1992,2.46045204933374
UZB,1991,2.40407257640565
UZB,1990,2.41231876405867
VUT,2025,2.23013831174813
VUT,2024,2.27351944261437
VUT,2023,2.32481600892244
VUT,2022,2.31965082626492
VUT,2021,2.31850921412366
VUT,2020,2.32661131084294
VUT,2019,2.33048915705222
VUT,2018,2.39543458138902
VUT,2017,2.3321325606252
VUT,2016,2.22459321328248
VUT,2015,2.22716537972059
VUT,2014,2.23741755913055
VUT,2013,2.22472000551293
VUT,2012,2.19727458776971
VUT,2011,2.16980126854337
VUT,2010,2.34288677835416
VUT,2009,2.53915174529987
VUT,2008,2.50809716109013
VUT,2007,2.44889284600333
VUT,2006,2.42018173069706
VUT,2005,2.42477741761316
VUT,2004,2.44318438167928
VUT,2003,2.4624992109609
VUT,2002,2.49797166968152
VUT,2001,2.51794321791389
VUT,2000,2.29858977943606
VUT,1999,2.07299555325541
VUT,1998,2.08938889180461
VUT,1997,2.1503590941633
VUT,1996,2.23291177885691
VUT,1995,2.31391073037782
VUT,1994,2.38628076907314
VUT,1993,2.44718960885344
VUT,1992,2.48222737130955
VUT,1991,2.48798917256925
VUT,1990,2.50991100361919
VEN,2025,0.39124515392802
VEN,2024,0.369232130679939
VEN,2023,0.310851368612458
VEN,2022,-0.087895947265923
VEN,2021,-0.727752243229035
VEN,2020,-1.72190477685565
VEN,2019,-2.96041293052007
VEN,2018,-2.51030049026678
VEN,2017,-0.653495206896492
VEN,2016,0.62520243689416
VEN,2015,1.0518040406043
VEN,2014,1.13646612916995
VEN,2013,1.20531461336652
VEN,2012,1.25510683013417
VEN,2011,1.28319630933634
VEN,2010,1.30934216855774
VEN,2009,1.36163698615317
VEN,2008,1.45176982660994
VEN,2007,1.54785544927575
VEN,2006,1.62520895526481
VEN,2005,1.67515351433713
VEN,2004,1.71593189812023
VEN,2003,1.78086326604433
VEN,2002,1.80801767033013
VEN,2001,1.83097359469052
VEN,2000,1.89379499634952
VEN,1999,1.95213333149154
VEN,1998,2.01000402655574
VEN,1997,2.05088234370289
VEN,1996,2.08805824636671
VEN,1995,2.13415920641198
VEN,1994,2.19027461047796
VEN,1993,2.25329732143847
VEN,1992,2.31745661857209
VEN,1991,2.38168897149485
VEN,1990,2.44084938719203
VNM,2025,0.603044839155161
VNM,2024,0.631267006487247
VNM,2023,0.671429250652247
VNM,2022,0.750756665157789
VNM,2021,0.868883560805873
VNM,2020,0.927434295850725
VNM,2019,0.968366698803348
VNM,2018,1.10791395242199
VNM,2017,1.24420473643635
VNM,2016,1.25988366517733
VNM,2015,1.23975403093124
VNM,2014,1.21423463554626
VNM,2013,1.1802975549343
VNM,2012,1.1709874078049
VNM,2011,1.15183406119192
VNM,2010,1.14440259659988
VNM,2009,1.49648723830416
VNM,2008,1.82745521345807
VNM,2007,1.76779845772365
VNM,2006,1.32258336381927
VNM,2005,0.928402391177897
VNM,2004,0.969589431962946
VNM,2003,0.999847904782733
VNM,2002,1.02445055878013
VNM,2001,1.05123747397877
VNM,2000,1.12950984166849
VNM,1999,1.30328491482511
VNM,1998,1.43491495510774
VNM,1997,1.45262124184775
VNM,1996,1.52407678637018
VNM,1995,1.67325494682511
VNM,1994,1.80580242039077
VNM,1993,1.92400355460531
VNM,1992,2.02528655896492
VNM,1991,2.09563784726273
VNM,1990,2.09368868105156
VIR,2025,-0.562044819338406
VIR,2024,-0.516021671191835
VIR,2023,-0.471640678399366
VIR,2022,-0.432595819529278
VIR,2021,-0.395928119020198
VIR,2020,-0.35593743409178
VIR,2019,-0.310759832621892
VIR,2018,-0.261338011929093
VIR,2017,-0.218811336994337
VIR,2016,-0.182132486647949
VIR,2015,-0.157703864887906
VIR,2014,-0.147274749553357
VIR,2013,-0.135966981900308
VIR,2012,-0.0942359108531572
VIR,2011,-0.0618517700554086
VIR,2010,-0.0433657352905335
VIR,2009,0.00645753479219667
VIR,2008,0.0553674103119773
VIR,2007,-0.0295331003595483
VIR,2006,-0.077482916127075
VIR,2005,-0.0119860408867403
VIR,2004,-0.0359495051596945
VIR,2003,-0.00368639811298412
VIR,2002,-0.0368565088158972
VIR,2001,-0.0856389129235212
VIR,2000,0.0395873712251061
VIR,1999,0.0571070680909273
VIR,1998,0.165979733255787
VIR,1997,0.242086123441443
VIR,1996,0.256584968919025
VIR,1995,0.464823088884965
VIR,1994,0.691927808258402
VIR,1993,0.81586961582738
VIR,1992,0.859785173807118
VIR,1991,0.808549693974224
VIR,1990,2.85086915459893
PSE,2025,2.32556364928187
PSE,2024,2.36027908447521
PSE,2023,2.39326476511584
PSE,2022,2.42553777623863
PSE,2021,2.45703865277568
PSE,2020,2.48654993848325
PSE,2019,2.51178246264674
PSE,2018,2.5330114844554
PSE,2017,1.98868634871278
PSE,2016,2.24610527580178
PSE,2015,2.29048005844149
PSE,2014,2.3440772109436
PSE,2013,2.40084831983677
PSE,2012,2.46768715003228
PSE,2011,2.52518683079236
PSE,2010,2.59703221798976
PSE,2009,2.66795074941001
PSE,2008,2.75135880229092
PSE,2007,2.55525196026943
PSE,2006,2.55525867519272
PSE,2005,2.5552623734323
PSE,2004,2.55527589181892
PSE,2003,2.55524755562296
PSE,2002,2.55528456623402
PSE,2001,2.5552675698799
PSE,2000,2.55523569844846
PSE,1999,2.55526837039158
PSE,1998,2.55526947769926
PSE,1997,4.47787204469171
PSE,1996,4.47787800224899
PSE,1995,4.47787288220599
PSE,1994,4.47785249754387
PSE,1993,4.47788423489973
PSE,1992,4.47788607336765
PSE,1991,4.47788760269407
YEM,2025,2.8917915150724
YEM,2024,2.98210396880689
YEM,2023,3.00980765711571
YEM,2022,2.87334358526139
YEM,2021,2.74426152997255
YEM,2020,2.87320414785733
YEM,2019,2.96633475184571
YEM,2018,2.96037896642737
YEM,2017,3.01222786189552
YEM,2016,3.00213847021681
YEM,2015,3.04025873247851
YEM,2014,3.06832379522527
YEM,2013,3.04562687085895
YEM,2012,3.03772906888376
YEM,2011,3.04974468373417
YEM,2010,3.13856389755931
YEM,2009,3.1969350857355
YEM,2008,3.21232812061682
YEM,2007,3.23881270357261
YEM,2006,3.25064888639941
YEM,2005,3.09666761314071
YEM,2004,2.93369063852526
YEM,2003,2.93835979043048
YEM,2002,2.96622192090819
YEM,2001,3.02156813167324
YEM,2000,3.07742893586094
YEM,1999,3.11379530781424
YEM,1998,3.15046872402234
YEM,1997,3.18756744567655
YEM,1996,3.36633580657249
YEM,1995,3.59372988740852
YEM,1994,3.69122014011109
YEM,1993,3.76054738276682
YEM,1992,3.80262537048437
YEM,1991,3.8308080770016
YEM,1990,3.8437676769055
ZMB,2025,2.77109662765952
ZMB,2024,2.81182258530958
ZMB,2023,2.79406758723844
ZMB,2022,2.76365042984169
ZMB,2021,2.81534240626742
ZMB,2020,2.9041649369132
ZMB,2019,2.96162166175699
ZMB,2018,3.0060186177754
ZMB,2017,3.06754137743233
ZMB,2016,3.09409054089327
ZMB,2015,3.12013727876838
ZMB,2014,3.17220342906789
ZMB,2013,3.20268845716982
ZMB,2012,3.24260026203654
ZMB,2011,3.32527568350911
ZMB,2010,3.46192274224024
ZMB,2009,3.53891846603377
ZMB,2008,3.56663855229215
ZMB,2007,3.52770643018252
ZMB,2006,3.44488603404196
ZMB,2005,3.30186320062968
ZMB,2004,3.17745831747123
ZMB,2003,3.10355045228564
ZMB,2002,3.07812350873629
ZMB,2001,3.02394158044151
ZMB,2000,2.8105009556372
ZMB,1999,2.68033385502673
ZMB,1998,2.62143144676206
ZMB,1997,2.55491686835174
ZMB,1996,2.45422388426954
ZMB,1995,2.41336000162319
ZMB,1994,2.38767368508148
ZMB,1993,2.38360333328893
ZMB,1992,2.41410432516202
ZMB,1991,2.47962024274958
ZMB,1990,2.56206623134577
ZWE,2025,1.88435182354047
ZWE,2024,1.7804822981922
ZWE,2023,1.67709591394986
ZWE,2022,1.7062092862652
ZWE,2021,1.72601114303872
ZWE,2020,1.65935280874134
ZWE,2019,1.56353351552455
ZWE,2018,1.48741637841697
ZWE,2017,1.44285382068925
ZWE,2016,1.38820029316449
ZWE,2015,1.3399592762046
ZWE,2014,1.37169405347957
ZWE,2013,1.40792169753746
ZWE,2012,1.62306467591426
ZWE,2011,1.7726514046574
ZWE,2010,1.61334322032425
ZWE,2009,1.40712940970909
ZWE,2008,1.20398732561507
ZWE,2007,1.3177052771271
ZWE,2006,1.21827740248004
ZWE,2005,0.945996419158278
ZWE,2004,1.08604865181957
ZWE,2003,1.18973560223894
ZWE,2002,0.962219774230462
ZWE,2001,0.669179057812887
ZWE,2000,0.917384654947152
ZWE,1999,1.61833442459082
ZWE,1998,1.95502471203748
ZWE,1997,1.8774099417919
ZWE,1996,1.66055720411375
ZWE,1995,0.928715708662254
ZWE,1994,0.118343013050283
ZWE,1993,1.46167874062028
ZWE,1992,2.82272702015968
ZWE,1991,2.60489596345003
ZWE,1990,2.72471534157706
