iso,year,population
AFG,2025,43844111
AFG,2024,42647492
AFG,2023,41454761
AFG,2022,40578842
AFG,2021,40000412
AFG,2020,39068979
AFG,2019,37856121
AFG,2018,36743039
AFG,2017,35688935
AFG,2016,34700612
AFG,2015,33831764
AFG,2014,32792523
AFG,2013,31622704
AFG,2012,30560034
AFG,2011,29347708
AFG,2010,28284089
AFG,2009,27466101
AFG,2008,26482622
AFG,2007,25909852
AFG,2006,25424094
AFG,2005,24404567
AFG,2004,23560654
AFG,2003,22733049
AFG,2002,21378117
AFG,2001,20284307
AFG,2000,20130327
AFG,1999,19887785
AFG,1998,19159996
AFG,1997,18452091
AFG,1996,17763266
AFG,1995,17065836
AFG,1994,16250794
AFG,1993,14943172
AFG,1992,13278974
AFG,1991,12238879
AFG,1990,12045660
AFG,1989,11874088
AFG,1988,11523298
AFG,1987,11387818
AFG,1986,11420074
AFG,1985,11426852
ALB,2025,2349580
ALB,2024,2377128
ALB,2023,2411658
ALB,2022,2451636
ALB,2021,2489762
ALB,2020,2528480
ALB,2019,2567801
ALB,2018,2607733
ALB,2017,2648285
ALB,2016,2689469
ALB,2015,2731293
ALB,2014,2773767
ALB,2013,2816902
ALB,2012,2860708
ALB,2011,2905195
ALB,2010,2913021
ALB,2009,2927519
ALB,2008,2947314
ALB,2007,2970017
ALB,2006,2992547
ALB,2005,3011487
ALB,2004,3026939
ALB,2003,3039616
ALB,2002,3051010
ALB,2001,3060173
ALB,2000,3089027
ALB,1999,3108778
ALB,1998,3128530
ALB,1997,3148281
ALB,1996,3168033
ALB,1995,3187784
ALB,1994,3207536
ALB,1993,3227287
ALB,1992,3247039
ALB,1991,3266790
ALB,1990,3286542
ALB,1989,3227943
ALB,1988,3142336
ALB,1987,3083605
ALB,1986,3022635
ALB,1985,2964762
DZA,2025,47435312
DZA,2024,46814308
DZA,2023,46164219
DZA,2022,45477389
DZA,2021,44761099
DZA,2020,44042091
DZA,2019,43294546
DZA,2018,42505035
DZA,2017,41689299
DZA,2016,40850721
DZA,2015,40019529
DZA,2014,39205031
DZA,2013,38414171
DZA,2012,37646166
DZA,2011,36903376
DZA,2010,36188236
DZA,2009,35490445
DZA,2008,34816961
DZA,2007,34189416
DZA,2006,33623506
DZA,2005,33109249
DZA,2004,32628286
DZA,2003,32175818
DZA,2002,31750835
DZA,2001,31331221
DZA,2000,30903893
DZA,1999,30474354
DZA,1998,30054133
DZA,1997,29579301
DZA,1996,29033044
DZA,1995,28470191
DZA,1994,27887279
DZA,1993,27277048
DZA,1992,26628568
DZA,1991,25987928
DZA,1990,25375810
DZA,1989,24754485
DZA,1988,24109536
DZA,1987,23443624
DZA,1986,22745499
DZA,1985,22008544
ASM,2025,46029
ASM,2024,46765
ASM,2023,47521
ASM,2022,48342
ASM,2021,49225
ASM,2020,49761
ASM,2019,50209
ASM,2018,50908
ASM,2017,51586
ASM,2016,52245
ASM,2015,52878
ASM,2014,53466
ASM,2013,54006
ASM,2012,54489
ASM,2011,54895
ASM,2010,55228
ASM,2009,55528
ASM,2008,55828
ASM,2007,56113
ASM,2006,56374
ASM,2005,56617
ASM,2004,56818
ASM,2003,56971
ASM,2002,57062
ASM,2001,57053
ASM,2000,56855
ASM,1999,56248
ASM,1998,55334
ASM,1997,54362
ASM,1996,53353
ASM,1995,52316
ASM,1994,51251
ASM,1993,50159
ASM,1992,49038
ASM,1991,47882
ASM,1990,46640
ASM,1989,45191
ASM,1988,43615
ASM,1987,42072
ASM,1986,40571
ASM,1985,39103
AND,2025,82904
AND,2024,81938
AND,2023,80856
AND,2022,79705
AND,2021,78364
AND,2020,77380
AND,2019,76474
AND,2018,75162
AND,2017,73763
AND,2016,72181
AND,2015,72174
AND,2014,73737
AND,2013,75194
AND,2012,76834
AND,2011,77783
AND,2010,80706
AND,2009,83888
AND,2008,83495
AND,2007,81877
AND,2006,79585
AND,2005,77421
AND,2004,74325
AND,2003,69486
AND,2002,66506
AND,2001,65852
AND,2000,65685
AND,1999,65710
AND,1998,65382
AND,1997,64700
AND,1996,63984
AND,1995,63912
AND,1994,64612
AND,1993,63272
AND,1992,60200
AND,1991,56667
AND,1990,52597
AND,1989,50620
AND,1988,49416
AND,1987,47653
AND,1986,45734
AND,1985,43825
AGO,2025,39040039
AGO,2024,37885849
AGO,2023,36749906
AGO,2022,35635029
AGO,2021,34532429
AGO,2020,33451132
AGO,2019,32375632
AGO,2018,31297155
AGO,2017,30234839
AGO,2016,29183070
AGO,2015,28157798
AGO,2014,27160769
AGO,2013,26165620
AGO,2012,25177394
AGO,2011,24218352
AGO,2010,23294825
AGO,2009,22414773
AGO,2008,21578655
AGO,2007,20778561
AGO,2006,20015279
AGO,2005,19291161
AGO,2004,18600423
AGO,2003,17943712
AGO,2002,17327699
AGO,2001,16747208
AGO,2000,16194869
AGO,1999,15667235
AGO,1998,15159370
AGO,1997,14660413
AGO,1996,14170973
AGO,1995,13699778
AGO,1994,13249764
AGO,1993,12827135
AGO,1992,12423712
AGO,1991,12023529
AGO,1990,11626360
AGO,1989,11238562
AGO,1988,10861291
AGO,1987,10497858
AGO,1986,10139450
AGO,1985,9779120
ATG,2025,94209
ATG,2024,93772
ATG,2023,93316
ATG,2022,92840
ATG,2021,92349
ATG,2020,91846
ATG,2019,91364
ATG,2018,90926
ATG,2017,90468
ATG,2016,89969
ATG,2015,89409
ATG,2014,88765
ATG,2013,88064
ATG,2012,87260
ATG,2011,86332
ATG,2010,85320
ATG,2009,84173
ATG,2008,82912
ATG,2007,81704
ATG,2006,80604
ATG,2005,79611
ATG,2004,78719
ATG,2003,77884
ATG,2002,77032
ATG,2001,76069
ATG,2000,74912
ATG,1999,73666
ATG,1998,72412
ATG,1997,71053
ATG,1996,69612
ATG,1995,68189
ATG,1994,66843
ATG,1993,65587
ATG,1992,64404
ATG,1991,63387
ATG,1990,63066
ATG,1989,63325
ATG,1988,63623
ATG,1987,63946
ATG,1986,64276
ATG,1985,64591
ARG,2025,45851378
ARG,2024,45696159
ARG,2023,45538401
ARG,2022,45407904
ARG,2021,45312281
ARG,2020,45191965
ARG,2019,44973465
ARG,2018,44654882
ARG,2017,44288894
ARG,2016,43900313
ARG,2015,43477012
ARG,2014,43024071
ARG,2013,42582455
ARG,2012,42161721
ARG,2011,41730660
ARG,2010,41288694
ARG,2009,40854831
ARG,2008,40424148
ARG,2007,40016763
ARG,2006,39622115
ARG,2005,39216789
ARG,2004,38815916
ARG,2003,38424282
ARG,2002,38029349
ARG,2001,37624825
ARG,2000,37213984
ARG,1999,36794682
ARG,1998,36372860
ARG,1997,35947791
ARG,1996,35513793
ARG,1995,35070020
ARG,1994,34613491
ARG,1993,34152717
ARG,1992,33693527
ARG,1991,33230294
ARG,1990,32755901
ARG,1989,32270948
ARG,1988,31780532
ARG,1987,31291762
ARG,1986,30811980
ARG,1985,30336441
ARM,2025,3086700
ARM,2024,3033500
ARM,2023,2964300
ARM,2022,2969200
ARM,2021,2962300
ARM,2020,2961500
ARM,2019,2962500
ARM,2018,2969000
ARM,2017,2979400
ARM,2016,2992300
ARM,2015,3004600
ARM,2014,3013800
ARM,2013,3022000
ARM,2012,3024100
ARM,2011,3027900
ARM,2010,3044800
ARM,2009,3066000
ARM,2008,3087100
ARM,2007,3107400
ARM,2006,3127100
ARM,2005,3146400
ARM,2004,3164900
ARM,2003,3182500
ARM,2002,3199800
ARM,2001,3211800
ARM,2000,3221100
ARM,1999,3167286
ARM,1998,3208401
ARM,1997,3246289
ARM,1996,3278735
ARM,1995,3307581
ARM,1994,3364610
ARM,1993,3453332
ARM,1992,3571861
ARM,1991,3613977
ARM,1990,3552128
ARM,1989,3443100
ARM,1988,3355125
ARM,1987,3328520
ARM,1986,3294847
ARM,1985,3260432
ABW,2025,108785
ABW,2024,107995
ABW,2023,107359
ABW,2022,107310
ABW,2021,107700
ABW,2020,108587
ABW,2019,109203
ABW,2018,108908
ABW,2017,108735
ABW,2016,108727
ABW,2015,107906
ABW,2014,106807
ABW,2013,105675
ABW,2012,104110
ABW,2011,102591
ABW,2010,101838
ABW,2009,101604
ABW,2008,100917
ABW,2007,100150
ABW,2006,99405
ABW,2005,97635
ABW,2004,95138
ABW,2003,93128
ABW,2002,92074
ABW,2001,91439
ABW,2000,90588
ABW,1999,89659
ABW,1998,88451
ABW,1997,86301
ABW,1996,83021
ABW,1995,79805
ABW,1994,77595
ABW,1993,73685
ABW,1992,69005
ABW,1991,65896
ABW,1990,62753
ABW,1989,60443
ABW,1988,59331
ABW,1987,59159
ABW,1986,59931
ABW,1985,61728
AUS,2025,27614411
AUS,2024,27194286
AUS,2023,26659922
AUS,2022,26018721
AUS,2021,25685412
AUS,2020,25649248
AUS,2019,25334826
AUS,2018,24963258
AUS,2017,24592588
AUS,2016,24190907
AUS,2015,23815995
AUS,2014,23475686
AUS,2013,23128129
AUS,2012,22733465
AUS,2011,22340024
AUS,2010,22031750
AUS,2009,21691653
AUS,2008,21249199
AUS,2007,20827622
AUS,2006,20450966
AUS,2005,20176844
AUS,2004,19932722
AUS,2003,19720737
AUS,2002,19495210
AUS,2001,19274701
AUS,2000,19028802
AUS,1999,18812264
AUS,1998,18607584
AUS,1997,18423037
AUS,1996,18224767
AUS,1995,18004882
AUS,1994,17805468
AUS,1993,17634808
AUS,1992,17478635
AUS,1991,17284036
AUS,1990,17065128
AUS,1989,16814416
AUS,1988,16532164
AUS,1987,16263874
AUS,1986,16018350
AUS,1985,15788312
AUT,2025,9208163
AUT,2024,9177982
AUT,2023,9131761
AUT,2022,9041851
AUT,2021,8955797
AUT,2020,8916864
AUT,2019,8879920
AUT,2018,8840521
AUT,2017,8797566
AUT,2016,8736668
AUT,2015,8642699
AUT,2014,8546356
AUT,2013,8479823
AUT,2012,8429991
AUT,2011,8391643
AUT,2010,8363404
AUT,2009,8343323
AUT,2008,8321496
AUT,2007,8295487
AUT,2006,8268641
AUT,2005,8227829
AUT,2004,8171966
AUT,2003,8121423
AUT,2002,8081957
AUT,2001,8042293
AUT,2000,8011566
AUT,1999,7992324
AUT,1998,7976789
AUT,1997,7968041
AUT,1996,7959017
AUT,1995,7948278
AUT,1994,7936118
AUT,1993,7905633
AUT,1992,7840709
AUT,1991,7754891
AUT,1990,7677850
AUT,1989,7619567
AUT,1988,7585317
AUT,1987,7574586
AUT,1986,7569794
AUT,1985,7564985
AZE,2025,10246996
AZE,2024,10202830
AZE,2023,10153958
AZE,2022,10141756
AZE,2021,10137750
AZE,2020,10093121
AZE,2019,10024283
AZE,2018,9939771
AZE,2017,9854033
AZE,2016,9757812
AZE,2015,9649341
AZE,2014,9535079
AZE,2013,9416801
AZE,2012,9295784
AZE,2011,9173082
AZE,2010,9054332
AZE,2009,8947243
AZE,2008,8763400
AZE,2007,8581300
AZE,2006,8484550
AZE,2005,8391850
AZE,2004,8306500
AZE,2003,8234100
AZE,2002,8171950
AZE,2001,8111200
AZE,2000,8048600
AZE,1999,7982750
AZE,1998,7913000
AZE,1997,7838250
AZE,1996,7763000
AZE,1995,7684850
AZE,1994,7596550
AZE,1993,7494800
AZE,1992,7382050
AZE,1991,7271300
AZE,1990,7175200
AZE,1989,7076550
AZE,1988,6974600
AZE,1987,6875350
AZE,1986,6770300
AZE,1985,6670150
BHS,2025,403033
BHS,2024,401283
BHS,2023,399440
BHS,2022,397538
BHS,2021,396373
BHS,2020,395863
BHS,2019,394675
BHS,2018,392717
BHS,2017,390485
BHS,2016,388055
BHS,2015,385346
BHS,2014,382298
BHS,2013,378953
BHS,2012,375469
BHS,2011,371729
BHS,2010,367478
BHS,2009,362810
BHS,2008,358120
BHS,2007,353334
BHS,2006,348375
BHS,2005,343894
BHS,2004,339782
BHS,2003,335618
BHS,2002,331614
BHS,2001,327836
BHS,2000,323835
BHS,1999,319614
BHS,1998,315368
BHS,1997,310904
BHS,1996,306268
BHS,1995,301461
BHS,1994,296509
BHS,1993,291339
BHS,1992,285927
BHS,1991,280731
BHS,1990,275945
BHS,1989,271178
BHS,1988,266448
BHS,1987,261935
BHS,1986,257536
BHS,1985,253154
BHR,2025,1600366
BHR,2024,1588670
BHR,2023,1577059
BHR,2022,1524693
BHR,2021,1504365
BHR,2020,1472204
BHR,2019,1483756
BHR,2018,1503091
BHR,2017,1501116
BHR,2016,1423726
BHR,2015,1370322
BHR,2014,1314562
BHR,2013,1253191
BHR,2012,1208964
BHR,2011,1195020
BHR,2010,1228543
BHR,2009,1178415
BHR,2008,1103496
BHR,2007,1039295
BHR,2006,960424
BHR,2005,888822
BHR,2004,823741
BHR,2003,764517
BHR,2002,710553
BHR,2001,661316
BHR,2000,637582
BHR,1999,620989
BHR,1998,604842
BHR,1997,589115
BHR,1996,573792
BHR,1995,558879
BHR,1994,544366
BHR,1993,530225
BHR,1992,516458
BHR,1991,503052
BHR,1990,514797
BHR,1989,497327
BHR,1988,479929
BHR,1987,462854
BHR,1986,446286
BHR,1985,430358
BGD,2025,175686899
BGD,2024,173562364
BGD,2023,171466990
BGD,2022,169384897
BGD,2021,167658854
BGD,2020,166298024
BGD,2019,164913055
BGD,2018,163523103
BGD,2017,162186147
BGD,2016,160811932
BGD,2015,159383179
BGD,2014,157964929
BGD,2013,156532141
BGD,2012,155070101
BGD,2011,153591076
BGD,2010,152201981
BGD,2009,150873714
BGD,2008,149474264
BGD,2007,147989278
BGD,2006,146405973
BGD,2005,144715786
BGD,2004,142902856
BGD,2003,140970351
BGD,2002,138933658
BGD,2001,136805810
BGD,2000,134544304
BGD,1999,132108065
BGD,1998,129622332
BGD,1997,127198069
BGD,1996,124862179
BGD,1995,122600370
BGD,1994,120343179
BGD,1993,118132360
BGD,1992,115952192
BGD,1991,113787109
BGD,1990,111633717
BGD,1989,109433799
BGD,1988,107216008
BGD,1987,104959291
BGD,1986,102635572
BGD,1985,100253825
BRB,2025,282623
BRB,2024,282467
BRB,2023,282336
BRB,2022,282318
BRB,2021,282147
BRB,2020,281698
BRB,2019,281207
BRB,2018,280711
BRB,2017,280171
BRB,2016,279598
BRB,2015,278990
BRB,2014,278348
BRB,2013,277665
BRB,2012,276938
BRB,2011,276139
BRB,2010,275243
BRB,2009,274123
BRB,2008,272714
BRB,2007,271288
BRB,2006,270002
BRB,2005,268706
BRB,2004,267298
BRB,2003,265776
BRB,2002,264148
BRB,2001,262425
BRB,2000,262063
BRB,1999,262517
BRB,1998,262436
BRB,1997,262392
BRB,1996,262284
BRB,1995,262039
BRB,1994,261620
BRB,1993,261027
BRB,1992,260267
BRB,1991,259373
BRB,1990,258582
BRB,1989,258109
BRB,1988,257763
BRB,1987,257279
BRB,1986,256618
BRB,1985,255820
BLR,2025,9085991
BLR,2024,9132629
BLR,2023,9178298
BLR,2022,9228071
BLR,2021,9302585
BLR,2020,9379952
BLR,2019,9419758
BLR,2018,9438785
BLR,2017,9458989
BLR,2016,9469379
BLR,2015,9461076
BLR,2014,9448515
BLR,2013,9443211
BLR,2012,9446836
BLR,2011,9461643
BLR,2010,9483836
BLR,2009,9504583
BLR,2008,9527985
BLR,2007,9560953
BLR,2006,9604924
BLR,2005,9663915
BLR,2004,9730146
BLR,2003,9796749
BLR,2002,9865548
BLR,2001,9928549
BLR,2000,9979610
BLR,1999,10026738
BLR,1998,10071963
BLR,1997,10117433
BLR,1996,10159569
BLR,1995,10193831
BLR,1994,10226955
BLR,1993,10239050
BLR,1992,10216470
BLR,1991,10194050
BLR,1990,10189348
BLR,1989,10170000
BLR,1988,10140000
BLR,1987,10111000
BLR,1986,10043000
BLR,1985,9975000
BEL,2025,11941781
BEL,2024,11858610
BEL,2023,11779946
BEL,2022,11680210
BEL,2021,11586195
BEL,2020,11538604
BEL,2019,11488980
BEL,2018,11427054
BEL,2017,11375158
BEL,2016,11331422
BEL,2015,11274196
BEL,2014,11209057
BEL,2013,11159407
BEL,2012,11106932
BEL,2011,11038264
BEL,2010,10895586
BEL,2009,10796493
BEL,2008,10709973
BEL,2007,10625700
BEL,2006,10547958
BEL,2005,10478617
BEL,2004,10421137
BEL,2003,10376133
BEL,2002,10332785
BEL,2001,10286570
BEL,2000,10251250
BEL,1999,10226419
BEL,1998,10203008
BEL,1997,10181245
BEL,1996,10156637
BEL,1995,10136811
BEL,1994,10115603
BEL,1993,10084475
BEL,1992,10045158
BEL,1991,10004486
BEL,1990,9967379
BEL,1989,9937697
BEL,1988,9901664
BEL,1987,9870234
BEL,1986,9861823
BEL,1985,9858308
BLZ,2025,422924
BLZ,2024,417072
BLZ,2023,411106
BLZ,2022,402733
BLZ,2021,395346
BLZ,2020,390812
BLZ,2019,385829
BLZ,2018,380226
BLZ,2017,373202
BLZ,2016,364705
BLZ,2015,356333
BLZ,2014,348923
BLZ,2013,341627
BLZ,2012,334414
BLZ,2011,327298
BLZ,2010,320245
BLZ,2009,312614
BLZ,2008,304361
BLZ,2007,296100
BLZ,2006,287878
BLZ,2005,279731
BLZ,2004,271688
BLZ,2003,263780
BLZ,2002,256009
BLZ,2001,248379
BLZ,2000,240799
BLZ,1999,233059
BLZ,1998,225173
BLZ,1997,217446
BLZ,1996,210310
BLZ,1995,204146
BLZ,1994,199097
BLZ,1993,194902
BLZ,1992,190983
BLZ,1991,187040
BLZ,1990,183076
BLZ,1989,179107
BLZ,1988,175180
BLZ,1987,171338
BLZ,1986,167554
BLZ,1985,163796
BEN,2025,14814460
BEN,2024,14462724
BEN,2023,14111034
BEN,2022,13759501
BEN,2021,13413417
BEN,2020,13070169
BEN,2019,12726755
BEN,2018,12383347
BEN,2017,12039780
BEN,2016,11697842
BEN,2015,11360681
BEN,2014,11030004
BEN,2013,10708834
BEN,2012,10397657
BEN,2011,10093623
BEN,2010,9797484
BEN,2009,9509423
BEN,2008,9228466
BEN,2007,8953969
BEN,2006,8693242
BEN,2005,8426144
BEN,2004,8159094
BEN,2003,7913070
BEN,2002,7675426
BEN,2001,7445596
BEN,2000,7221619
BEN,1999,7002818
BEN,1998,6789489
BEN,1997,6583365
BEN,1996,6391858
BEN,1995,6226773
BEN,1994,6096506
BEN,1993,5872706
BEN,1992,5617844
BEN,1991,5446932
BEN,1990,5281479
BEN,1989,5121657
BEN,1988,4967341
BEN,1987,4818486
BEN,1986,4675420
BEN,1985,4538012
BMU,2025,64555
BMU,2024,64636
BMU,2023,64698
BMU,2022,64749
BMU,2021,64648
BMU,2020,64382
BMU,2019,64107
BMU,2018,63831
BMU,2017,63578
BMU,2016,63449
BMU,2015,63464
BMU,2014,63529
BMU,2013,63574
BMU,2012,63646
BMU,2011,63733
BMU,2010,63725
BMU,2009,63565
BMU,2008,63300
BMU,2007,63010
BMU,2006,62834
BMU,2005,62711
BMU,2004,62555
BMU,2003,62386
BMU,2002,62142
BMU,2001,61867
BMU,2000,61550
BMU,1999,61124
BMU,1998,60639
BMU,1997,60177
BMU,1996,59813
BMU,1995,59526
BMU,1994,59194
BMU,1993,58816
BMU,1992,58407
BMU,1991,57984
BMU,1990,57559
BMU,1989,57129
BMU,1988,56699
BMU,1987,56265
BMU,1986,55889
BMU,1985,55547
BTN,2025,796682
BTN,2024,791524
BTN,2023,786385
BTN,2022,780914
BTN,2021,775442
BTN,2020,770006
BTN,2019,764824
BTN,2018,759759
BTN,2017,754335
BTN,2016,747866
BTN,2015,740618
BTN,2014,733139
BTN,2013,725273
BTN,2012,717279
BTN,2011,709377
BTN,2010,701632
BTN,2009,693988
BTN,2008,686351
BTN,2007,678641
BTN,2006,670799
BTN,2005,661865
BTN,2004,650544
BTN,2003,637663
BTN,2002,624409
BTN,2001,610794
BTN,2000,596863
BTN,1999,582579
BTN,1998,569435
BTN,1997,558697
BTN,1996,548784
BTN,1995,547989
BTN,1994,554497
BTN,1993,554673
BTN,1992,577774
BTN,1991,599784
BTN,1990,589287
BTN,1989,573586
BTN,1988,556986
BTN,1987,540557
BTN,1986,524324
BTN,1985,508392
BOL,2025,12581843
BOL,2024,12413315
BOL,2023,12244159
BOL,2022,12077154
BOL,2021,11937360
BOL,2020,11816299
BOL,2019,11671386
BOL,2018,11508368
BOL,2017,11344587
BOL,2016,11180020
BOL,2015,11014705
BOL,2014,10848888
BOL,2013,10682608
BOL,2012,10515807
BOL,2011,10348929
BOL,2010,10182345
BOL,2009,10016275
BOL,2008,9850858
BOL,2007,9685960
BOL,2006,9521689
BOL,2005,9360754
BOL,2004,9204287
BOL,2003,9050700
BOL,2002,8900355
BOL,2001,8752736
BOL,2000,8606326
BOL,1999,8459806
BOL,1998,8313394
BOL,1997,8167900
BOL,1996,8021736
BOL,1995,7874676
BOL,1994,7727322
BOL,1993,7579195
BOL,1992,7430336
BOL,1991,7280289
BOL,1990,7130142
BOL,1989,6981766
BOL,1988,6835508
BOL,1987,6692162
BOL,1986,6552479
BOL,1985,6416185
BIH,2025,3140095
BIH,2024,3164253
BIH,2023,3185073
BIH,2022,3204802
BIH,2021,3244907
BIH,2020,3299349
BIH,2019,3345533
BIH,2018,3387000
BIH,2017,3428682
BIH,2016,3473003
BIH,2015,3518541
BIH,2014,3564829
BIH,2013,3610859
BIH,2012,3670113
BIH,2011,3741798
BIH,2010,3811472
BIH,2009,3879794
BIH,2008,3947544
BIH,2007,4013424
BIH,2006,4063272
BIH,2005,4096493
BIH,2004,4140987
BIH,2003,4178523
BIH,2002,4188002
BIH,2001,4179438
BIH,2000,4159771
BIH,1999,4130305
BIH,1998,4089356
BIH,1997,4018227
BIH,1996,3875246
BIH,1995,3715564
BIH,1994,3725412
BIH,1993,3904482
BIH,1992,4234616
BIH,1991,4458343
BIH,1990,4448652
BIH,1989,4433983
BIH,1988,4414404
BIH,1987,4390246
BIH,1986,4362115
BIH,1985,4330364
BWA,2025,2562122
BWA,2024,2521139
BWA,2023,2480244
BWA,2022,2439892
BWA,2021,2401441
BWA,2020,2365894
BWA,2019,2332083
BWA,2018,2299141
BWA,2017,2266747
BWA,2016,2234776
BWA,2015,2203273
BWA,2014,2172044
BWA,2013,2140682
BWA,2012,2108617
BWA,2011,2073535
BWA,2010,2033111
BWA,2009,1990673
BWA,2008,1949970
BWA,2007,1911201
BWA,2006,1874516
BWA,2005,1839877
BWA,2004,1807146
BWA,2003,1775736
BWA,2002,1744763
BWA,2001,1712254
BWA,2000,1677382
BWA,1999,1641997
BWA,1998,1606899
BWA,1997,1571691
BWA,1996,1535914
BWA,1995,1498836
BWA,1994,1460023
BWA,1993,1420115
BWA,1992,1380033
BWA,1991,1341756
BWA,1990,1305696
BWA,1989,1270274
BWA,1988,1235476
BWA,1987,1199167
BWA,1986,1160650
BWA,1985,1121945
BRA,2025,212812405
BRA,2024,211998573
BRA,2023,211140729
BRA,2022,210306415
BRA,2021,209550294
BRA,2020,208660842
BRA,2019,207455459
BRA,2018,206107261
BRA,2017,204703445
BRA,2016,203218114
BRA,2015,201675532
BRA,2014,200085127
BRA,2013,198478299
BRA,2012,196876111
BRA,2011,195284734
BRA,2010,193701929
BRA,2009,192079951
BRA,2008,190367302
BRA,2007,188552320
BRA,2006,186653106
BRA,2005,184688101
BRA,2004,182675143
BRA,2003,180622688
BRA,2002,178503484
BRA,2001,176301203
BRA,2000,174018282
BRA,1999,171641543
BRA,1998,169159655
BRA,1997,166661659
BRA,1996,164202549
BRA,1995,161735073
BRA,1994,159265006
BRA,1993,156794577
BRA,1992,154275079
BRA,1991,151724256
BRA,1990,149143223
BRA,1989,146502972
BRA,1988,143826357
BRA,1987,141104944
BRA,1986,138336370
BRA,1985,135515595
VGB,2025,39732
VGB,2024,39471
VGB,2023,38985
VGB,2022,38319
VGB,2021,37809
VGB,2020,37135
VGB,2019,36395
VGB,2018,34657
VGB,2017,32699
VGB,2016,33878
VGB,2015,34498
VGB,2014,32962
VGB,2013,31703
VGB,2012,30345
VGB,2011,28710
VGB,2010,27675
VGB,2009,27218
VGB,2008,26288
VGB,2007,25366
VGB,2006,24493
VGB,2005,23665
VGB,2004,22881
VGB,2003,22134
VGB,2002,21430
VGB,2001,20796
VGB,2000,20241
VGB,1999,19730
VGB,1998,19238
VGB,1997,18756
VGB,1996,18287
VGB,1995,17840
VGB,1994,17406
VGB,1993,16989
VGB,1992,16593
VGB,1991,16187
VGB,1990,15704
VGB,1989,15180
VGB,1988,14680
VGB,1987,14194
VGB,1986,13726
VGB,1985,13269
BRN,2025,466330
BRN,2024,462721
BRN,2023,458949
BRN,2022,455370
BRN,2021,451721
BRN,2020,447404
BRN,2019,442680
BRN,2018,437810
BRN,2017,432772
BRN,2016,427564
BRN,2015,422212
BRN,2014,416750
BRN,2013,411202
BRN,2012,405557
BRN,2011,399389
BRN,2010,392332
BRN,2009,384952
BRN,2008,377793
BRN,2007,370873
BRN,2006,364663
BRN,2005,358916
BRN,2004,352911
BRN,2003,346637
BRN,2002,340099
BRN,2001,333345
BRN,2000,326424
BRN,1999,319411
BRN,1998,312385
BRN,1997,305341
BRN,1996,298276
BRN,1995,291195
BRN,1994,284091
BRN,1993,276971
BRN,1992,269839
BRN,1991,262596
BRN,1990,255292
BRN,1989,248064
BRN,1988,240913
BRN,1987,233860
BRN,1986,226495
BRN,1985,218919
BGR,2025,6433302
BGR,2024,6441421
BGR,2023,6446596
BGR,2022,6465097
BGR,2021,6507301
BGR,2020,6550696
BGR,2019,6616726
BGR,2018,6710798
BGR,2017,6803468
BGR,2016,6894139
BGR,2015,6984225
BGR,2014,7073572
BGR,2013,7160005
BGR,2012,7305888
BGR,2011,7348328
BGR,2010,7395599
BGR,2009,7444443
BGR,2008,7492561
BGR,2007,7545338
BGR,2006,7601022
BGR,2005,7658972
BGR,2004,7716860
BGR,2003,7775327
BGR,2002,7837161
BGR,2001,8009142
BGR,2000,8170172
BGR,1999,8210624
BGR,1998,8256786
BGR,1997,8312068
BGR,1996,8362826
BGR,1995,8406067
BGR,1994,8443591
BGR,1993,8472313
BGR,1992,8540164
BGR,1991,8632367
BGR,1990,8718289
BGR,1989,8876972
BGR,1988,8981446
BGR,1987,8971359
BGR,1986,8958171
BGR,1985,8960547
BFA,2025,24074580
BFA,2024,23548781
BFA,2023,23025776
BFA,2022,22509038
BFA,2021,21995243
BFA,2020,21478690
BFA,2019,20961952
BFA,2018,20438288
BFA,2017,19894407
BFA,2016,19334856
BFA,2015,18777487
BFA,2014,18229461
BFA,2013,17695409
BFA,2012,17172287
BFA,2011,16661908
BFA,2010,16176498
BFA,2009,15710066
BFA,2008,15258093
BFA,2007,14816307
BFA,2006,14373707
BFA,2005,13932123
BFA,2004,13500533
BFA,2003,13082532
BFA,2002,12680897
BFA,2001,12295001
BFA,2000,11925546
BFA,1999,11574928
BFA,1998,11240664
BFA,1997,10934223
BFA,1996,10655942
BFA,1995,10386722
BFA,1994,10123798
BFA,1993,9871713
BFA,1992,9629275
BFA,1991,9394632
BFA,1990,9159356
BFA,1989,8921175
BFA,1988,8687435
BFA,1987,8457109
BFA,1986,8228847
BFA,1985,7999935
BDI,2025,14390003
BDI,2024,14047786
BDI,2023,13689450
BDI,2022,13321097
BDI,2021,12965481
BDI,2020,12617036
BDI,2019,12255336
BDI,2018,11859446
BDI,2017,11506762
BDI,2016,11239451
BDI,2015,11047580
BDI,2014,10799785
BDI,2013,10439341
BDI,2012,10071028
BDI,2011,9717978
BDI,2010,9376444
BDI,2009,8947646
BDI,2008,8505637
BDI,2007,8161874
BDI,2006,7865547
BDI,2005,7587299
BDI,2004,7310656
BDI,2003,7043154
BDI,2002,6824132
BDI,2001,6634365
BDI,2000,6470194
BDI,1999,6337155
BDI,1998,6187108
BDI,1997,6070042
BDI,1996,6070506
BDI,1995,6066316
BDI,1994,5713854
BDI,1993,5676843
BDI,1992,5858407
BDI,1991,5703857
BDI,1990,5587052
BDI,1989,5471706
BDI,1988,5365327
BDI,1987,5247787
BDI,1986,5129414
BDI,1985,5034042
CPV,2025,527326
CPV,2024,524877
CPV,2023,522331
CPV,2022,519741
CPV,2021,516649
CPV,2020,514679
CPV,2019,514104
CPV,2018,513415
CPV,2017,512893
CPV,2016,512554
CPV,2015,512394
CPV,2014,512326
CPV,2013,512225
CPV,2012,511955
CPV,2011,511447
CPV,2010,509784
CPV,2009,506141
CPV,2008,501355
CPV,2007,496190
CPV,2006,490728
CPV,2005,485115
CPV,2004,479370
CPV,2003,473383
CPV,2002,467046
CPV,2001,460293
CPV,2000,453317
CPV,1999,446519
CPV,1998,439784
CPV,1997,432798
CPV,1996,425581
CPV,1995,418104
CPV,1994,410228
CPV,1993,401965
CPV,1992,393415
CPV,1991,384586
CPV,1990,375428
CPV,1989,367803
CPV,1988,362329
CPV,1987,357302
CPV,1986,352312
CPV,1985,347365
KHM,2025,17847982
KHM,2024,17638801
KHM,2023,17423880
KHM,2022,17201724
KHM,2021,16974305
KHM,2020,16725474
KHM,2019,16481304
KHM,2018,16274522
KHM,2017,16073372
KHM,2016,15852803
KHM,2015,15623251
KHM,2014,15396772
KHM,2013,15170208
KHM,2012,14945085
KHM,2011,14722584
KHM,2010,14500726
KHM,2009,14276810
KHM,2008,14053479
KHM,2007,13841770
KHM,2006,13639028
KHM,2005,13439202
KHM,2004,13244731
KHM,2003,13050968
KHM,2002,12855241
KHM,2001,12658484
KHM,2000,12462336
KHM,1999,12265731
KHM,1998,12058173
KHM,1997,11570982
KHM,1996,10801270
KHM,1995,10018497
KHM,1994,9239162
KHM,1993,8616381
KHM,1992,8113083
KHM,1991,7686850
KHM,1990,7374752
KHM,1989,7073473
KHM,1988,6812014
KHM,1987,6557970
KHM,1986,6285693
KHM,1985,6043783
CMR,2025,29879337
CMR,2024,29123744
CMR,2023,28372687
CMR,2022,27632771
CMR,2021,26915758
CMR,2020,26210558
CMR,2019,25506095
CMR,2018,24806383
CMR,2017,24128601
CMR,2016,23454161
CMR,2015,22763414
CMR,2014,22059893
CMR,2013,21402376
CMR,2012,20809529
CMR,2011,20232304
CMR,2010,19668066
CMR,2009,19113974
CMR,2008,18574056
CMR,2007,18049896
CMR,2006,17550407
CMR,2005,17074594
CMR,2004,16610487
CMR,2003,16160340
CMR,2002,15725528
CMR,2001,15309490
CMR,2000,14912631
CMR,1999,14525140
CMR,1998,14144860
CMR,1997,13775214
CMR,1996,13414757
CMR,1995,13058516
CMR,1994,12704903
CMR,1993,12353131
CMR,1992,12006353
CMR,1991,11667180
CMR,1990,11331821
CMR,1989,11002745
CMR,1988,10684968
CMR,1987,10370749
CMR,1986,10060342
CMR,1985,9761730
CAN,2025,41651653
CAN,2024,41262329
CAN,2023,40049088
CAN,2022,38950132
CAN,2021,38239864
CAN,2020,38028638
CAN,2019,37618495
CAN,2018,37072620
CAN,2017,36545075
CAN,2016,36110803
CAN,2015,35704498
CAN,2014,35434066
CAN,2013,35080992
CAN,2012,34713395
CAN,2011,34339221
CAN,2010,34005902
CAN,2009,33630069
CAN,2008,33247298
CAN,2007,32888886
CAN,2006,32571193
CAN,2005,32242732
CAN,2004,31938807
CAN,2003,31642461
CAN,2002,31359199
CAN,2001,31020855
CAN,2000,30685730
CAN,1999,30401286
CAN,1998,30155173
CAN,1997,29905948
CAN,1996,29610218
CAN,1995,29302311
CAN,1994,29000663
CAN,1993,28684764
CAN,1992,28371264
CAN,1991,28037420
CAN,1990,27691138
CAN,1989,27276781
CAN,1988,26791747
CAN,1987,26446601
CAN,1986,26100278
CAN,1985,25842116
CYM,2025,75844
CYM,2024,74457
CYM,2023,73038
CYM,2022,71591
CYM,2021,70108
CYM,2020,68684
CYM,2019,67327
CYM,2018,65941
CYM,2017,64535
CYM,2016,63100
CYM,2015,61642
CYM,2014,60160
CYM,2013,58655
CYM,2012,57136
CYM,2011,55606
CYM,2010,54099
CYM,2009,52618
CYM,2008,51151
CYM,2007,49687
CYM,2006,48232
CYM,2005,46788
CYM,2004,45352
CYM,2003,43934
CYM,2002,42514
CYM,2001,41089
CYM,2000,39674
CYM,1999,38284
CYM,1998,36922
CYM,1997,35543
CYM,1996,34143
CYM,1995,32743
CYM,1994,31352
CYM,1993,29976
CYM,1992,28621
CYM,1991,27294
CYM,1990,25999
CYM,1989,24874
CYM,1988,23951
CYM,1987,23073
CYM,1986,22197
CYM,1985,21324
CAF,2025,5513282
CAF,2024,5330690
CAF,2023,5152421
CAF,2022,5098039
CAF,2021,5112100
CAF,2020,5026628
CAF,2019,4944703
CAF,2018,4878657
CAF,2017,4793511
CAF,2016,4713663
CAF,2015,4629320
CAF,2014,4623182
CAF,2013,4642419
CAF,2012,4610848
CAF,2011,4565021
CAF,2010,4492995
CAF,2009,4529047
CAF,2008,4558984
CAF,2007,4462770
CAF,2006,4377579
CAF,2005,4288810
CAF,2004,4192826
CAF,2003,4103086
CAF,2002,4006077
CAF,2001,3919487
CAF,2000,3833416
CAF,1999,3729450
CAF,1998,3628827
CAF,1997,3531700
CAF,1996,3435965
CAF,1995,3348052
CAF,1994,3257954
CAF,1993,3157839
CAF,1992,3058831
CAF,1991,2963191
CAF,1990,2871910
CAF,1989,2783970
CAF,1988,2713965
CAF,1987,2669155
CAF,1986,2634258
CAF,1985,2600932
TCD,2025,21003705
TCD,2024,20299123
TCD,2023,19319064
TCD,2022,18455316
TCD,2021,17828273
TCD,2020,17224679
TCD,2019,16685223
TCD,2018,16156531
TCD,2017,15622759
TCD,2016,15114655
TCD,2015,14647621
TCD,2014,14188678
TCD,2013,13691079
TCD,2012,13210998
TCD,2011,12754997
TCD,2010,12312575
TCD,2009,11893754
TCD,2008,11476296
TCD,2007,11081660
TCD,2006,10706424
TCD,2005,10328092
TCD,2004,9920036
TCD,2003,9487833
TCD,2002,9116192
TCD,2001,8804124
TCD,2000,8512093
TCD,1999,8222705
TCD,1998,7938840
TCD,1997,7670366
TCD,1996,7410108
TCD,1995,7089064
TCD,1994,6783450
TCD,1993,6629146
TCD,1992,6474656
TCD,1991,6205676
TCD,1990,5982833
TCD,1989,5819586
TCD,1988,5625602
TCD,1987,5438309
TCD,1986,5251069
TCD,1985,5096269
CHI,2025,168466
CHI,2024,168126
CHI,2023,167691
CHI,2022,167215
CHI,2021,166741
CHI,2020,166235
CHI,2019,165639
CHI,2018,164949
CHI,2017,164319
CHI,2016,163883
CHI,2015,163454
CHI,2014,162726
CHI,2013,161777
CHI,2012,160767
CHI,2011,159706
CHI,2010,158621
CHI,2009,157511
CHI,2008,156408
CHI,2007,155309
CHI,2006,154214
CHI,2005,153126
CHI,2004,152039
CHI,2003,150960
CHI,2002,149881
CHI,2001,148850
CHI,2000,148110
CHI,1999,147554
CHI,1998,146906
CHI,1997,146214
CHI,1996,145565
CHI,1995,145247
CHI,1994,145163
CHI,1993,144984
CHI,1992,144733
CHI,1991,144269
CHI,1990,143087
CHI,1989,141501
CHI,1988,140089
CHI,1987,138743
CHI,1986,137413
CHI,1985,136075
CHL,2025,19859921
CHL,2024,19764771
CHL,2023,19658835
CHL,2022,19553036
CHL,2021,19456334
CHL,2020,19370624
CHL,2019,19197744
CHL,2018,18893191
CHL,2017,18558868
CHL,2016,18267221
CHL,2015,18047625
CHL,2014,17864195
CHL,2013,17687006
CHL,2012,17519119
CHL,2011,17351816
CHL,2010,17181464
CHL,2009,17009731
CHL,2008,16838988
CHL,2007,16671581
CHL,2006,16509195
CHL,2005,16348778
CHL,2004,16187322
CHL,2003,16024752
CHL,2002,15857925
CHL,2001,15683849
CHL,2000,15503635
CHL,1999,15319313
CHL,1998,15127799
CHL,1997,14932434
CHL,1996,14734046
CHL,1995,14527381
CHL,1994,14316256
CHL,1993,14102276
CHL,1992,13884577
CHL,1991,13662491
CHL,1990,13437176
CHL,1989,13215005
CHL,1988,12999424
CHL,1987,12790150
CHL,1986,12588914
CHL,1985,12395274
CHN,2025,1406585000
CHN,2024,1408975000
CHN,2023,1410710000
CHN,2022,1412175000
CHN,2021,1412360000
CHN,2020,1411100000
CHN,2019,1407745000
CHN,2018,1402760000
CHN,2017,1396215000
CHN,2016,1387790000
CHN,2015,1379860000
CHN,2014,1371860000
CHN,2013,1363240000
CHN,2012,1354190000
CHN,2011,1345035000
CHN,2010,1337705000
CHN,2009,1331260000
CHN,2008,1324655000
CHN,2007,1317885000
CHN,2006,1311020000
CHN,2005,1303720000
CHN,2004,1296075000
CHN,2003,1288400000
CHN,2002,1280400000
CHN,2001,1271850000
CHN,2000,1262645000
CHN,1999,1252735000
CHN,1998,1241935000
CHN,1997,1230075000
CHN,1996,1217550000
CHN,1995,1204855000
CHN,1994,1191835000
CHN,1993,1178440000
CHN,1992,1164970000
CHN,1991,1150780000
CHN,1990,1135185000
CHN,1989,1118650000
CHN,1988,1101630000
CHN,1987,1084035000
CHN,1986,1066790000
CHN,1985,1051040000
COL,2025,53425635
COL,2024,52886363
COL,2023,52321152
COL,2022,51737944
COL,2021,51188173
COL,2020,50629997
COL,2019,49907985
COL,2018,49024465
COL,2017,48131078
COL,2016,47437512
COL,2015,46969940
COL,2014,46565429
COL,2013,46151584
COL,2012,45715810
COL,2011,45259614
COL,2010,44777319
COL,2009,44271541
COL,2008,43758808
COL,2007,43235374
COL,2006,42691084
COL,2005,42128977
COL,2004,41543171
COL,2003,40937429
COL,2002,40324680
COL,2001,39709262
COL,2000,39089934
COL,1999,38454863
COL,1998,37792165
COL,1997,37121149
COL,1996,36462745
COL,1995,35804662
COL,1994,35127410
COL,1993,34441473
COL,1992,33760571
COL,1991,33098372
COL,1990,32440069
COL,1989,31776279
COL,1988,31130524
COL,1987,30499467
COL,1986,29879112
COL,1985,29268470
COM,2025,882847
COM,2024,866628
COM,2023,850387
COM,2022,834188
COM,2021,818174
COM,2020,802163
COM,2019,786578
COM,2018,771590
COM,2017,756669
COM,2016,741741
COM,2015,726682
COM,2014,711503
COM,2013,696192
COM,2012,681630
COM,2011,668056
COM,2010,654836
COM,2009,641947
COM,2008,629307
COM,2007,616927
COM,2006,604753
COM,2005,592677
COM,2004,580704
COM,2003,569798
COM,2002,558923
COM,2001,547220
COM,2000,536080
COM,1999,525886
COM,1998,516597
COM,1997,507777
COM,1996,499107
COM,1995,490586
COM,1994,482142
COM,1993,473682
COM,1992,465113
COM,1991,455556
COM,1990,444596
COM,1989,433103
COM,1988,421687
COM,1987,410439
COM,1986,399318
COM,1985,388352
COD,2025,112832473
COD,2024,109276265
COD,2023,105789731
COD,2022,102396968
COD,2021,99148932
COD,2020,95989998
COD,2019,92947442
COD,2018,90047644
COD,2017,87083398
COD,2016,83956415
COD,2015,81035531
COD,2014,78403242
COD,2013,75789395
COD,2012,73254618
COD,2011,70849311
COD,2010,68563038
COD,2009,66412044
COD,2008,64390664
COD,2007,62477752
COD,2006,60615908
COD,2005,58775724
COD,2004,56997741
COD,2003,55343867
COD,2002,53750524
COD,2001,52132646
COD,2000,50507442
COD,1999,48912971
COD,1998,47297600
COD,1997,46029902
COD,1996,45296124
COD,1995,44433704
COD,1994,42626876
COD,1993,40656336
COD,1992,39228910
COD,1991,37925817
COD,1990,36684063
COD,1989,35486866
COD,1988,34382752
COD,1987,33298904
COD,1986,32265196
COD,1985,31264816
COG,2025,6484437
COG,2024,6332961
COG,2023,6182885
COG,2022,6035104
COG,2021,5892183
COG,2020,5752791
COG,2019,5616661
COG,2018,5483118
COG,2017,5351011
COG,2016,5222536
COG,2015,5097581
COG,2014,4975880
COG,2013,4857099
COG,2012,4740450
COG,2011,4609724
COG,2010,4462290
COG,2009,4281219
COG,2008,4113517
COG,2007,3980430
COG,2006,3837409
COG,2005,3696393
COG,2004,3565554
COG,2003,3445753
COG,2002,3350771
COG,2001,3272537
COG,2000,3151345
COG,1999,3032874
COG,1998,2952061
COG,1997,2887862
COG,1996,2826785
COG,1995,2749461
COG,1994,2673144
COG,1993,2595124
COG,1992,2519465
COG,1991,2449229
COG,1990,2380560
COG,1989,2313558
COG,1988,2247653
COG,1987,2183473
COG,1986,2120602
COG,1985,2059311
CRI,2025,5152950
CRI,2024,5129910
CRI,2023,5105525
CRI,2022,5081765
CRI,2021,5059988
CRI,2020,5034320
CRI,2019,4999553
CRI,2018,4957818
CRI,2017,4913177
CRI,2016,4866998
CRI,2015,4818038
CRI,2014,4767119
CRI,2013,4716147
CRI,2012,4663934
CRI,2011,4609833
CRI,2010,4555962
CRI,2009,4499791
CRI,2008,4440056
CRI,2007,4380248
CRI,2006,4321340
CRI,2005,4261240
CRI,2004,4200078
CRI,2003,4138784
CRI,2002,4075705
CRI,2001,4008947
CRI,2000,3937739
CRI,1999,3862101
CRI,1998,3782838
CRI,1997,3701711
CRI,1996,3619013
CRI,1995,3535176
CRI,1994,3451122
CRI,1993,3367434
CRI,1992,3284258
CRI,1991,3202176
CRI,1990,3121706
CRI,1989,3043827
CRI,1988,2968103
CRI,1987,2892699
CRI,1986,2817216
CRI,1985,2741894
CIV,2025,32711547
CIV,2024,31934230
CIV,2023,31165654
CIV,2022,30395002
CIV,2021,29639736
CIV,2020,28915449
CIV,2019,28193009
CIV,2018,27464173
CIV,2017,26733372
CIV,2016,25989405
CIV,2015,25246342
CIV,2014,24527395
CIV,2013,23939775
CIV,2012,23467078
CIV,2011,22982000
CIV,2010,22488065
CIV,2009,21997940
CIV,2008,21514439
CIV,2007,21030558
CIV,2006,20546802
CIV,2005,20068458
CIV,2004,19595000
CIV,2003,19125542
CIV,2002,18654771
CIV,2001,18178913
CIV,2000,17699004
CIV,1999,17215935
CIV,1998,16663948
CIV,1997,16047170
CIV,1996,15442312
CIV,1995,14855565
CIV,1994,14287201
CIV,1993,13735951
CIV,1992,13200310
CIV,1991,12683870
CIV,1990,12189778
CIV,1989,11719771
CIV,1988,11275189
CIV,1987,10851475
CIV,1986,10440917
CIV,1985,10040483
HRV,2025,3876200
HRV,2024,3866200
HRV,2023,3859686
HRV,2022,3855641
HRV,2021,3878981
HRV,2020,3914206
HRV,2019,3949390
HRV,2018,3988775
HRV,2017,4041407
HRV,2016,4106867
HRV,2015,4151725
HRV,2014,4201598
HRV,2013,4233922
HRV,2012,4260368
HRV,2011,4280622
HRV,2010,4295427
HRV,2009,4305181
HRV,2008,4309705
HRV,2007,4310217
HRV,2006,4311159
HRV,2005,4310145
HRV,2004,4304600
HRV,2003,4303399
HRV,2002,4302174
HRV,2001,4299642
HRV,2000,4468302
HRV,1999,4512597
HRV,1998,4532135
HRV,1997,4534920
HRV,1996,4557097
HRV,1995,4620030
HRV,1994,4652024
HRV,1993,4600463
HRV,1992,4575818
HRV,1991,4689022
HRV,1990,4777368
HRV,1989,4767260
HRV,1988,4755207
HRV,1987,4739745
HRV,1986,4721446
HRV,1985,4701417
CUB,2025,10937203
CUB,2024,10979783
CUB,2023,11019931
CUB,2022,11059820
CUB,2021,11122168
CUB,2020,11176354
CUB,2019,11202846
CUB,2018,11227118
CUB,2017,11247829
CUB,2016,11265612
CUB,2015,11275065
CUB,2014,11285775
CUB,2013,11298167
CUB,2012,11303175
CUB,2011,11301571
CUB,2010,11297409
CUB,2009,11294719
CUB,2008,11291762
CUB,2007,11287272
CUB,2006,11278550
CUB,2005,11262554
CUB,2004,11238756
CUB,2003,11209383
CUB,2002,11177418
CUB,2001,11144132
CUB,2000,11109109
CUB,1999,11072230
CUB,1998,11034712
CUB,1997,10997934
CUB,1996,10962010
CUB,1995,10925362
CUB,1994,10886021
CUB,1993,10841031
CUB,1992,10785801
CUB,1991,10717640
CUB,1990,10631799
CUB,1989,10533243
CUB,1988,10432585
CUB,1987,10335342
CUB,1986,10244247
CUB,1985,10157228
CUW,2025,156263
CUW,2024,155967
CUW,2023,154654
CUW,2022,153321
CUW,2021,153948
CUW,2020,155482
CUW,2019,157441
CUW,2018,159336
CUW,2017,160175
CUW,2016,159664
CUW,2015,157980
CUW,2014,155909
CUW,2013,153822
CUW,2012,152088
CUW,2011,150831
CUW,2010,148703
CUW,2009,146833
CUW,2008,145880
CUW,2007,144056
CUW,2006,141239
CUW,2005,137658
CUW,2004,134192
CUW,2003,131897
CUW,2002,129205
CUW,2001,129047
CUW,2000,133860
CUW,1999,139428
CUW,1998,144472
CUW,1997,146956
CUW,1996,146306
CUW,1995,145139
CUW,1994,144630
CUW,1993,144299
CUW,1992,143912
CUW,1991,144403
CUW,1990,145400
CUW,1989,146937
CUW,1988,149254
CUW,1987,151456
CUW,1986,152662
CUW,1985,152711
CYP,2025,1370754
CYP,2024,1358282
CYP,2023,1344976
CYP,2022,1331370
CYP,2021,1317309
CYP,2020,1302247
CYP,2019,1286671
CYP,2018,1270737
CYP,2017,1254275
CYP,2016,1237112
CYP,2015,1219502
CYP,2014,1201801
CYP,2013,1183895
CYP,2012,1165397
CYP,2011,1146493
CYP,2010,1127816
CYP,2009,1109371
CYP,2008,1091026
CYP,2007,1072714
CYP,2006,1054418
CYP,2005,1036151
CYP,2004,1017875
CYP,2003,999590
CYP,2002,981440
CYP,2001,964127
CYP,2000,947667
CYP,1999,931234
CYP,1998,914548
CYP,1997,897568
CYP,1996,880290
CYP,1995,862695
CYP,1994,844667
CYP,1993,826034
CYP,1992,810341
CYP,1991,798944
CYP,1990,788351
CYP,1989,777420
CYP,1988,766235
CYP,1987,754785
CYP,1986,743105
CYP,1985,731277
CZE,2025,10886878
CZE,2024,10905028
CZE,2023,10864042
CZE,2022,10672118
CZE,2021,10505772
CZE,2020,10697858
CZE,2019,10671870
CZE,2018,10629928
CZE,2017,10594438
CZE,2016,10566332
CZE,2015,10546059
CZE,2014,10525347
CZE,2013,10514272
CZE,2012,10510785
CZE,2011,10496088
CZE,2010,10474410
CZE,2009,10443936
CZE,2008,10384603
CZE,2007,10298828
CZE,2006,10238905
CZE,2005,10211216
CZE,2004,10197101
CZE,2003,10193998
CZE,2002,10196916
CZE,2001,10216605
CZE,2000,10255063
CZE,1999,10283860
CZE,1998,10294373
CZE,1997,10304131
CZE,1996,10315241
CZE,1995,10327253
CZE,1994,10333587
CZE,1993,10329855
CZE,1992,10319123
CZE,1991,10308578
CZE,1990,10333355
CZE,1989,10361068
CZE,1988,10355276
CZE,1987,10347318
CZE,1986,10342227
CZE,1985,10337118
DNK,2025,6009169
DNK,2024,5976992
DNK,2023,5946952
DNK,2022,5903037
DNK,2021,5856733
DNK,2020,5831404
DNK,2019,5814422
DNK,2018,5793636
DNK,2017,5764980
DNK,2016,5728010
DNK,2015,5683483
DNK,2014,5643475
DNK,2013,5614932
DNK,2012,5591572
DNK,2011,5570572
DNK,2010,5547683
DNK,2009,5523095
DNK,2008,5493621
DNK,2007,5461438
DNK,2006,5437272
DNK,2005,5419432
DNK,2004,5404523
DNK,2003,5390574
DNK,2002,5375931
DNK,2001,5358783
DNK,2000,5339616
DNK,1999,5321799
DNK,1998,5304219
DNK,1997,5284991
DNK,1996,5263074
DNK,1995,5233373
DNK,1994,5206180
DNK,1993,5188628
DNK,1992,5171370
DNK,1991,5154298
DNK,1990,5140939
DNK,1989,5132594
DNK,1988,5129516
DNK,1987,5127024
DNK,1986,5120534
DNK,1985,5113691
DJI,2025,1184076
DJI,2024,1168722
DJI,2023,1152944
DJI,2022,1137096
DJI,2021,1121248
DJI,2020,1105188
DJI,2019,1088709
DJI,2018,1071882
DJI,2017,1054841
DJI,2016,1037653
DJI,2015,1020313
DJI,2014,1002717
DJI,2013,984824
DJI,2012,966747
DJI,2011,948558
DJI,2010,930251
DJI,2009,911527
DJI,2008,892734
DJI,2007,874528
DJI,2006,855764
DJI,2005,839167
DJI,2004,826124
DJI,2003,813519
DJI,2002,795574
DJI,2001,771313
DJI,2000,747318
DJI,1999,724218
DJI,1998,699352
DJI,1997,671817
DJI,1996,648348
DJI,1995,633074
DJI,1994,626710
DJI,1993,614245
DJI,1992,626010
DJI,1991,631092
DJI,1990,579538
DJI,1989,523355
DJI,1988,484523
DJI,1987,454399
DJI,1986,426341
DJI,1985,402687
DMA,2025,65871
DMA,2024,66205
DMA,2023,66510
DMA,2022,66826
DMA,2021,67202
DMA,2020,67573
DMA,2019,67880
DMA,2018,68174
DMA,2017,68496
DMA,2016,69606
DMA,2015,70410
DMA,2014,70373
DMA,2013,69715
DMA,2012,69118
DMA,2011,69053
DMA,2010,68859
DMA,2009,68864
DMA,2008,68854
DMA,2007,68847
DMA,2006,68806
DMA,2005,68734
DMA,2004,68649
DMA,2003,68531
DMA,2002,68367
DMA,2001,68288
DMA,2000,68511
DMA,1999,68870
DMA,1998,69124
DMA,1997,69299
DMA,1996,69410
DMA,1995,69469
DMA,1994,69477
DMA,1993,69433
DMA,1992,69325
DMA,1991,69296
DMA,1990,69627
DMA,1989,70153
DMA,1988,70608
DMA,1987,71023
DMA,1986,71406
DMA,1985,71744
DOM,2025,11520487
DOM,2024,11427557
DOM,2023,11331265
DOM,2022,11230734
DOM,2021,11123476
DOM,2020,11008300
DOM,2019,10894043
DOM,2018,10782053
DOM,2017,10666843
DOM,2016,10551430
DOM,2015,10434829
DOM,2014,10315528
DOM,2013,10193833
DOM,2012,10070411
DOM,2011,9945621
DOM,2010,9820175
DOM,2009,9695265
DOM,2008,9573130
DOM,2007,9455658
DOM,2006,9341183
DOM,2005,9225034
DOM,2004,9104892
DOM,2003,8980620
DOM,2002,8852235
DOM,2001,8720283
DOM,2000,8584190
DOM,1999,8446208
DOM,1998,8310362
DOM,1997,8174078
DOM,1996,8032894
DOM,1995,7888115
DOM,1994,7741694
DOM,1993,7594572
DOM,1992,7447474
DOM,1991,7299853
DOM,1990,7151166
DOM,1989,7002295
DOM,1988,6855734
DOM,1987,6712515
DOM,1986,6571208
DOM,1985,6430404
ECU,2025,18289896
ECU,2024,18135478
ECU,2023,17980083
ECU,2022,17823897
ECU,2021,17682454
ECU,2020,17546065
ECU,2019,17340021
ECU,2018,17049547
ECU,2017,16759519
ECU,2016,16505139
ECU,2015,16266225
ECU,2014,16035124
ECU,2013,15807128
ECU,2012,15572194
ECU,2011,15326227
ECU,2010,15076695
ECU,2009,14825954
ECU,2008,14575202
ECU,2007,14328773
ECU,2006,14086131
ECU,2005,13846163
ECU,2004,13608701
ECU,2003,13372306
ECU,2002,13138472
ECU,2001,12910740
ECU,2000,12689206
ECU,1999,12470795
ECU,1998,12251184
ECU,1997,12031127
ECU,1996,11810950
ECU,1995,11590514
ECU,1994,11372197
ECU,1993,11154274
ECU,1992,10930128
ECU,1991,10702380
ECU,1990,10473673
ECU,1989,10241852
ECU,1988,10010808
ECU,1987,9779290
ECU,1986,9545998
ECU,1985,9311154
EGY,2025,118365995
EGY,2024,116538258
EGY,2023,114535772
EGY,2022,112618250
EGY,2021,110957008
EGY,2020,109315124
EGY,2019,107553158
EGY,2018,105682094
EGY,2017,103696057
EGY,2016,101644589
EGY,2015,99597342
EGY,2014,97528654
EGY,2013,95333553
EGY,2012,93161001
EGY,2011,91093059
EGY,2010,89196072
EGY,2009,87501636
EGY,2008,85864789
EGY,2007,84276225
EGY,2006,82700403
EGY,2005,81101004
EGY,2004,79477443
EGY,2003,77853548
EGY,2002,76239137
EGY,2001,74652029
EGY,2000,73083284
EGY,1999,71520954
EGY,1998,69943294
EGY,1997,68431740
EGY,1996,67028048
EGY,1995,65652622
EGY,1994,64285589
EGY,1993,62915681
EGY,1992,61480660
EGY,1991,60028997
EGY,1990,58396618
EGY,1989,56710642
EGY,1988,55187681
EGY,1987,53674435
EGY,1986,52206295
EGY,1985,50734968
SLV,2025,6365503
SLV,2024,6338193
SLV,2023,6309624
SLV,2022,6280319
SLV,2021,6255782
SLV,2020,6234673
SLV,2019,6222318
SLV,2018,6219807
SLV,2017,6213533
SLV,2016,6200800
SLV,2015,6183676
SLV,2014,6162955
SLV,2013,6138839
SLV,2012,6113975
SLV,2011,6090127
SLV,2010,6068249
SLV,2009,6048279
SLV,2008,6029297
SLV,2007,6009824
SLV,2006,6002319
SLV,2005,6005578
SLV,2004,6004671
SLV,2003,5998599
SLV,2002,5986631
SLV,2001,5968060
SLV,2000,5943366
SLV,1999,5913900
SLV,1998,5880781
SLV,1997,5844578
SLV,1996,5805286
SLV,1995,5762131
SLV,1994,5714129
SLV,1993,5659957
SLV,1992,5585609
SLV,1991,5495077
SLV,1990,5399726
SLV,1989,5298979
SLV,1988,5195833
SLV,1987,5092441
SLV,1986,4992769
SLV,1985,4894706
GNQ,2025,1938431
GNQ,2024,1892516
GNQ,2023,1847549
GNQ,2022,1803545
GNQ,2021,1758786
GNQ,2020,1716468
GNQ,2019,1670177
GNQ,2018,1616422
GNQ,2017,1562396
GNQ,2016,1508186
GNQ,2015,1453923
GNQ,2014,1399828
GNQ,2013,1346218
GNQ,2012,1293483
GNQ,2011,1241835
GNQ,2010,1189085
GNQ,2009,1135673
GNQ,2008,1084530
GNQ,2007,1036044
GNQ,2006,990343
GNQ,2005,947367
GNQ,2004,899917
GNQ,2003,847862
GNQ,2002,797957
GNQ,2001,749836
GNQ,2000,703279
GNQ,1999,667214
GNQ,1998,641474
GNQ,1997,616893
GNQ,1996,593492
GNQ,1995,571264
GNQ,1994,550138
GNQ,1993,530023
GNQ,1992,510770
GNQ,1991,492217
GNQ,1990,474274
GNQ,1989,456808
GNQ,1988,439651
GNQ,1987,422522
GNQ,1986,404728
GNQ,1985,385547
ERI,2025,3607003
ERI,2024,3535603
ERI,2023,3470390
ERI,2022,3409447
ERI,2021,3350183
ERI,2020,3291271
ERI,2019,3240194
ERI,2018,3192760
ERI,2017,3150347
ERI,2016,3124698
ERI,2015,3105546
ERI,2014,3095173
ERI,2013,3074360
ERI,2012,3036988
ERI,2011,2998485
ERI,2010,2945186
ERI,2009,2887885
ERI,2008,2816327
ERI,2007,2743222
ERI,2006,2703502
ERI,2005,2661215
ERI,2004,2598284
ERI,2003,2493903
ERI,2002,2392978
ERI,2001,2312079
ERI,2000,2247031
ERI,1999,2212780
ERI,1998,2180419
ERI,1997,2152135
ERI,1996,2128464
ERI,1995,2025267
ERI,1994,1913915
ERI,1993,1856006
ERI,1992,1798748
ERI,1991,1919571
ERI,1990,2032737
ERI,1989,1987017
ERI,1988,1938255
ERI,1987,1888669
ERI,1986,1845164
ERI,1985,1807816
EST,2025,1366475
EST,2024,1372341
EST,2023,1370286
EST,2022,1348840
EST,2021,1330932
EST,2020,1329522
EST,2019,1326898
EST,2018,1321977
EST,2017,1317384
EST,2016,1315790
EST,2015,1315407
EST,2014,1314545
EST,2013,1317997
EST,2012,1322696
EST,2011,1327439
EST,2010,1331475
EST,2009,1334515
EST,2008,1337090
EST,2007,1340680
EST,2006,1346810
EST,2005,1354775
EST,2004,1362550
EST,2003,1370720
EST,2002,1379350
EST,2001,1388115
EST,2000,1396985
EST,1999,1390244
EST,1998,1386156
EST,1997,1399535
EST,1996,1415594
EST,1995,1436634
EST,1994,1462514
EST,1993,1494128
EST,1992,1533091
EST,1991,1561314
EST,1990,1569174
EST,1989,1568131
EST,1988,1561900
EST,1987,1552221
EST,1986,1540190
EST,1985,1528781
SWZ,2025,1256174
SWZ,2024,1242822
SWZ,2023,1230506
SWZ,2022,1218917
SWZ,2021,1206593
SWZ,2020,1192729
SWZ,2019,1179874
SWZ,2018,1168929
SWZ,2017,1158195
SWZ,2016,1149507
SWZ,2015,1142813
SWZ,2014,1136299
SWZ,2013,1129990
SWZ,2012,1123863
SWZ,2011,1117833
SWZ,2010,1111650
SWZ,2009,1105153
SWZ,2008,1098091
SWZ,2007,1090705
SWZ,2006,1084436
SWZ,2005,1079022
SWZ,2004,1073159
SWZ,2003,1066700
SWZ,2002,1059441
SWZ,2001,1051064
SWZ,2000,1041414
SWZ,1999,1030782
SWZ,1998,1019653
SWZ,1997,1006635
SWZ,1996,989841
SWZ,1995,970433
SWZ,1994,971212
SWZ,1993,971318
SWZ,1992,943416
SWZ,1991,908189
SWZ,1990,872428
SWZ,1989,837800
SWZ,1988,799798
SWZ,1987,763811
SWZ,1986,734732
SWZ,1985,706196
ETH,2025,135472051
ETH,2024,132059767
ETH,2023,128691692
ETH,2022,125384287
ETH,2021,122138588
ETH,2020,118917671
ETH,2019,115737383
ETH,2018,112664152
ETH,2017,109666481
ETH,2016,106718162
ETH,2015,103867135
ETH,2014,101115610
ETH,2013,98438751
ETH,2012,95798767
ETH,2011,93149970
ETH,2010,90538514
ETH,2009,88007636
ETH,2008,85543668
ETH,2007,83103217
ETH,2006,80703490
ETH,2005,78367470
ETH,2004,76077206
ETH,2003,73832663
ETH,2002,71635517
ETH,2001,69487762
ETH,2000,67411494
ETH,1999,65374561
ETH,1998,63363524
ETH,1997,61404539
ETH,1996,59467635
ETH,1995,57537335
ETH,1994,55611508
ETH,1993,53708891
ETH,1992,51853747
ETH,1991,49717198
ETH,1990,47609755
ETH,1989,45879690
ETH,1988,44150825
ETH,1987,42460039
ETH,1986,41037656
ETH,1985,39842136
FRO,2025,54900
FRO,2024,54640
FRO,2023,54398
FRO,2022,53903
FRO,2021,53291
FRO,2020,52561
FRO,2019,51790
FRO,2018,50997
FRO,2017,50179
FRO,2016,49463
FRO,2015,48898
FRO,2014,48427
FRO,2013,48245
FRO,2012,48290
FRO,2011,48542
FRO,2010,48656
FRO,2009,48790
FRO,2008,48547
FRO,2007,48378
FRO,2006,48335
FRO,2005,48359
FRO,2004,48384
FRO,2003,48032
FRO,2002,47335
FRO,2001,46635
FRO,2000,45754
FRO,1999,45146
FRO,1998,44674
FRO,1997,44132
FRO,1996,43581
FRO,1995,43611
FRO,1994,44695
FRO,1993,46474
FRO,1992,47287
FRO,1991,47447
FRO,1990,47741
FRO,1989,47959
FRO,1988,47356
FRO,1987,46702
FRO,1986,46132
FRO,1985,45709
FJI,2025,933154
FJI,2024,928784
FJI,2023,924145
FJI,2022,919422
FJI,2021,916711
FJI,2020,914963
FJI,2019,914899
FJI,2018,917180
FJI,2017,918759
FJI,2016,919166
FJI,2015,918578
FJI,2014,917585
FJI,2013,916352
FJI,2012,914918
FJI,2011,912989
FJI,2010,910419
FJI,2009,907239
FJI,2008,903399
FJI,2007,897832
FJI,2006,890365
FJI,2005,882379
FJI,2004,874366
FJI,2003,866286
FJI,2002,858049
FJI,2001,849596
FJI,2000,840909
FJI,1999,831828
FJI,1998,822258
FJI,1997,812139
FJI,1996,803789
FJI,1995,798746
FJI,1994,794771
FJI,1993,790369
FJI,1992,785346
FJI,1991,779656
FJI,1990,773316
FJI,1989,766321
FJI,1988,758697
FJI,1987,750540
FJI,1986,739306
FJI,1985,723761
FIN,2025,5646436
FIN,2024,5619911
FIN,2023,5583911
FIN,2022,5556106
FIN,2021,5541017
FIN,2020,5529543
FIN,2019,5521606
FIN,2018,5515525
FIN,2017,5508214
FIN,2016,5495303
FIN,2015,5479531
FIN,2014,5461512
FIN,2013,5438972
FIN,2012,5413971
FIN,2011,5388272
FIN,2010,5363352
FIN,2009,5338871
FIN,2008,5313399
FIN,2007,5288720
FIN,2006,5266268
FIN,2005,5246096
FIN,2004,5228172
FIN,2003,5213014
FIN,2002,5200598
FIN,2001,5188008
FIN,2000,5176209
FIN,1999,5165474
FIN,1998,5153498
FIN,1997,5139835
FIN,1996,5124573
FIN,1995,5107790
FIN,1994,5088333
FIN,1993,5066447
FIN,1992,5041992
FIN,1991,5013740
FIN,1990,4986431
FIN,1989,4964371
FIN,1988,4946481
FIN,1987,4932123
FIN,1986,4918154
FIN,1985,4902206
FRA,2025,68720337
FRA,2024,68551653
FRA,2023,68372286
FRA,2022,68184457
FRA,2021,67842811
FRA,2020,67601110
FRA,2019,67382061
FRA,2018,67158348
FRA,2017,66918020
FRA,2016,66724104
FRA,2015,66548272
FRA,2014,66312067
FRA,2013,65997932
FRA,2012,65657659
FRA,2011,65340830
FRA,2010,65026211
FRA,2009,64706436
FRA,2008,64375116
FRA,2007,64016890
FRA,2006,63622342
FRA,2005,63180854
FRA,2004,62707588
FRA,2003,62249855
FRA,2002,61812142
FRA,2001,61364377
FRA,2000,60918661
FRA,1999,60501986
FRA,1998,60190684
FRA,1997,59968066
FRA,1996,59754504
FRA,1995,59541294
FRA,1994,59324863
FRA,1993,59103094
FRA,1992,58846584
FRA,1991,58554242
FRA,1990,58261012
FRA,1989,57943062
FRA,1988,57598186
FRA,1987,57266167
FRA,1986,56956002
FRA,1985,56665619
PYF,2025,282465
PYF,2024,281807
PYF,2023,281118
PYF,2022,280378
PYF,2021,279792
PYF,2020,279209
PYF,2019,279034
PYF,2018,279815
PYF,2017,280087
PYF,2016,279178
PYF,2015,277866
PYF,2014,276387
PYF,2013,274728
PYF,2012,273084
PYF,2011,271727
PYF,2010,270580
PYF,2009,269481
PYF,2008,268379
PYF,2007,266438
PYF,2006,263223
PYF,2005,259507
PYF,2004,255654
PYF,2003,251637
PYF,2002,247775
PYF,2001,244097
PYF,2000,240337
PYF,1999,236595
PYF,1998,232891
PYF,1997,229121
PYF,1996,225489
PYF,1995,222118
PYF,1994,218738
PYF,1993,215219
PYF,1992,211559
PYF,1991,207744
PYF,1990,203776
PYF,1989,199643
PYF,1988,195193
PYF,1987,190449
PYF,1986,185669
PYF,1985,180988
GAB,2025,2593130
GAB,2024,2538952
GAB,2023,2484789
GAB,2022,2430747
GAB,2021,2376722
GAB,2020,2322539
GAB,2019,2267706
GAB,2018,2212318
GAB,2017,2156900
GAB,2016,2100306
GAB,2015,2040989
GAB,2014,1978399
GAB,2013,1913059
GAB,2012,1846889
GAB,2011,1781985
GAB,2010,1719879
GAB,2009,1661556
GAB,2008,1607175
GAB,2007,1556237
GAB,2006,1508337
GAB,2005,1463495
GAB,2004,1421609
GAB,2003,1382350
GAB,2002,1345135
GAB,2001,1309589
GAB,2000,1275572
GAB,1999,1243016
GAB,1998,1211736
GAB,1997,1181439
GAB,1996,1152015
GAB,1995,1123213
GAB,1994,1094720
GAB,1993,1066405
GAB,1992,1038380
GAB,1991,1010818
GAB,1990,983734
GAB,1989,957138
GAB,1988,931020
GAB,1987,905479
GAB,1986,880705
GAB,1985,856726
GMB,2025,2822093
GMB,2024,2759988
GMB,2023,2697845
GMB,2022,2636470
GMB,2021,2576010
GMB,2020,2515733
GMB,2019,2456844
GMB,2018,2399632
GMB,2017,2342189
GMB,2016,2283769
GMB,2015,2224529
GMB,2014,2164528
GMB,2013,2103820
GMB,2012,2043094
GMB,2011,1983784
GMB,2010,1926630
GMB,2009,1871422
GMB,2008,1817852
GMB,2007,1765774
GMB,2006,1715275
GMB,2005,1667037
GMB,2004,1621312
GMB,2003,1577611
GMB,2002,1535691
GMB,2001,1495011
GMB,2000,1455084
GMB,1999,1415779
GMB,1998,1376987
GMB,1997,1338889
GMB,1996,1301410
GMB,1995,1264313
GMB,1994,1227226
GMB,1993,1188365
GMB,1992,1145582
GMB,1991,1099959
GMB,1990,1054696
GMB,1989,1011357
GMB,1988,970160
GMB,1987,931091
GMB,1986,894019
GMB,1985,858874
GEO,2025,3935766
GEO,2024,3812518
GEO,2023,3715483
GEO,2022,3712502
GEO,2021,3708610
GEO,2020,3722716
GEO,2019,3720161
GEO,2018,3726549
GEO,2017,3728004
GEO,2016,3727505
GEO,2015,3725276
GEO,2014,3719414
GEO,2013,3717668
GEO,2012,3728874
GEO,2011,3756441
GEO,2010,3786695
GEO,2009,3814419
GEO,2008,3848449
GEO,2007,3860158
GEO,2006,3880347
GEO,2005,3902469
GEO,2004,3927340
GEO,2003,3951736
GEO,2002,3978515
GEO,2001,4014373
GEO,2000,4077131
GEO,1999,4157192
GEO,1998,4243607
GEO,1997,4349913
GEO,1996,4491699
GEO,1995,4657722
GEO,1994,4836076
GEO,1993,4911100
GEO,1992,4873500
GEO,1991,4835900
GEO,1990,4802000
GEO,1989,4803300
GEO,1988,4790700
GEO,1987,4743500
GEO,1986,4704500
GEO,1985,4662900
DEU,2025,83491249
DEU,2024,83516593
DEU,2023,83287273
DEU,2022,83177813
DEU,2021,83196078
DEU,2020,83160871
DEU,2019,83092962
DEU,2018,82905782
DEU,2017,82657002
DEU,2016,82348669
DEU,2015,81686611
DEU,2014,80982500
DEU,2013,80645605
DEU,2012,80425823
DEU,2011,80274983
DEU,2010,81776930
DEU,2009,81902307
DEU,2008,82110097
DEU,2007,82266372
DEU,2006,82376451
DEU,2005,82469422
DEU,2004,82516260
DEU,2003,82534176
DEU,2002,82488495
DEU,2001,82349925
DEU,2000,82211508
DEU,1999,82100243
DEU,1998,82047195
DEU,1997,82034771
DEU,1996,81914831
DEU,1995,81678051
DEU,1994,81438348
DEU,1993,81156363
DEU,1992,80624598
DEU,1991,80013896
DEU,1990,79433029
DEU,1989,78751283
DEU,1988,78144619
DEU,1987,77839920
DEU,1986,77720436
DEU,1985,77684873
GHA,2025,35064272
GHA,2024,34427414
GHA,2023,33787914
GHA,2022,33149152
GHA,2021,32518665
GHA,2020,31887809
GHA,2019,31258945
GHA,2018,30637585
GHA,2017,30008354
GHA,2016,29356742
GHA,2015,28696068
GHA,2014,28041592
GHA,2013,27386193
GHA,2012,26734268
GHA,2011,26095088
GHA,2010,25474995
GHA,2009,24862664
GHA,2008,24249946
GHA,2007,23642279
GHA,2006,23040702
GHA,2005,22449438
GHA,2004,21868298
GHA,2003,21296705
GHA,2002,20729388
GHA,2001,20167069
GHA,2000,19637087
GHA,1999,19149864
GHA,1998,18688036
GHA,1997,18238958
GHA,1996,17810181
GHA,1995,17399017
GHA,1994,16993190
GHA,1993,16589519
GHA,1992,16184855
GHA,1991,15787496
GHA,1990,15394648
GHA,1989,15006813
GHA,1988,14636568
GHA,1987,14289108
GHA,1986,13965217
GHA,1985,13661229
GIB,2025,40126
GIB,2024,39329
GIB,2023,38471
GIB,2022,37609
GIB,2021,36858
GIB,2020,36173
GIB,2019,35494
GIB,2018,34854
GIB,2017,34245
GIB,2016,33658
GIB,2015,33193
GIB,2014,32813
GIB,2013,32407
GIB,2012,32029
GIB,2011,31660
GIB,2010,31248
GIB,2009,30823
GIB,2008,30413
GIB,2007,30006
GIB,2006,29594
GIB,2005,29163
GIB,2004,28715
GIB,2003,28274
GIB,2002,27831
GIB,2001,27657
GIB,2000,27709
GIB,1999,27692
GIB,1998,27650
GIB,1997,27582
GIB,1996,27487
GIB,1995,27377
GIB,1994,27239
GIB,1993,27070
GIB,1992,26878
GIB,1991,26898
GIB,1990,27200
GIB,1989,27544
GIB,1988,27839
GIB,1987,28096
GIB,1986,28328
GIB,1985,28512
GRC,2025,10413962
GRC,2024,10405134
GRC,2023,10407351
GRC,2022,10437805
GRC,2021,10570130
GRC,2020,10698599
GRC,2019,10721582
GRC,2018,10732882
GRC,2017,10754679
GRC,2016,10775971
GRC,2015,10820883
GRC,2014,10892413
GRC,2013,10965211
GRC,2012,11045011
GRC,2011,11104899
GRC,2010,11121341
GRC,2009,11107017
GRC,2008,11077841
GRC,2007,11048473
GRC,2006,11020362
GRC,2005,10987314
GRC,2004,10955141
GRC,2003,10928070
GRC,2002,10902022
GRC,2001,10862132
GRC,2000,10805808
GRC,1999,10761698
GRC,1998,10720509
GRC,1997,10661259
GRC,1996,10608800
GRC,1995,10562153
GRC,1994,10512922
GRC,1993,10460415
GRC,1992,10399061
GRC,1991,10319927
GRC,1990,10196792
GRC,1989,10089498
GRC,1988,10036983
GRC,1987,10000595
GRC,1986,9967213
GRC,1985,9934300
GRL,2025,56831
GRL,2024,56836
GRL,2023,56865
GRL,2022,56661
GRL,2021,56653
GRL,2020,56367
GRL,2019,56225
GRL,2018,56023
GRL,2017,56172
GRL,2016,56186
GRL,2015,56114
GRL,2014,56295
GRL,2013,56483
GRL,2012,56810
GRL,2011,56890
GRL,2010,56534
GRL,2009,56323
GRL,2008,56328
GRL,2007,56555
GRL,2006,56775
GRL,2005,56935
GRL,2004,56898
GRL,2003,56751
GRL,2002,56595
GRL,2001,56379
GRL,2000,56185
GRL,1999,56100
GRL,1998,56100
GRL,1997,56000
GRL,1996,55900
GRL,1995,55800
GRL,1994,55500
GRL,1993,55200
GRL,1992,55300
GRL,1991,55500
GRL,1990,55600
GRL,1989,55300
GRL,1988,54800
GRL,1987,54100
GRL,1986,53500
GRL,1985,53200
GRD,2025,117303
GRD,2024,117207
GRD,2023,117081
GRD,2022,116913
GRD,2021,116688
GRD,2020,116341
GRD,2019,115981
GRD,2018,115691
GRD,2017,115438
GRD,2016,115130
GRD,2015,114676
GRD,2014,114132
GRD,2013,113487
GRD,2012,112775
GRD,2011,112079
GRD,2010,111586
GRD,2009,111254
GRD,2008,110896
GRD,2007,110522
GRD,2006,110135
GRD,2005,109734
GRD,2004,109323
GRD,2003,108884
GRD,2002,108404
GRD,2001,107987
GRD,2000,107451
GRD,1999,106727
GRD,1998,106009
GRD,1997,105293
GRD,1996,104584
GRD,1995,103869
GRD,1994,103138
GRD,1993,102382
GRD,1992,101602
GRD,1991,100793
GRD,1990,99957
GRD,1989,99121
GRD,1988,98308
GRD,1987,97526
GRD,1986,96790
GRD,1985,96111
GUM,2025,168999
GUM,2024,167777
GUM,2023,166506
GUM,2022,165180
GUM,2021,163730
GUM,2020,162158
GUM,2019,161808
GUM,2018,162679
GUM,2017,163490
GUM,2016,164233
GUM,2015,164905
GUM,2014,165486
GUM,2013,165966
GUM,2012,166331
GUM,2011,166543
GUM,2010,166522
GUM,2009,166173
GUM,2008,165693
GUM,2007,165267
GUM,2006,164839
GUM,2005,164365
GUM,2004,163810
GUM,2003,163137
GUM,2002,162315
GUM,2001,161329
GUM,2000,160065
GUM,1999,158289
GUM,1998,156237
GUM,1997,154215
GUM,1996,152169
GUM,1995,150054
GUM,1994,147868
GUM,1993,145654
GUM,1992,143393
GUM,1991,141073
GUM,1990,138610
GUM,1989,135799
GUM,1988,132799
GUM,1987,129858
GUM,1986,126965
GUM,1985,124117
GTM,2025,18687881
GTM,2024,18406359
GTM,2023,18124838
GTM,2022,17847877
GTM,2021,17598650
GTM,2020,17357325
GTM,2019,17103803
GTM,2018,16845685
GTM,2017,16567357
GTM,2016,16268760
GTM,2015,15971743
GTM,2014,15681725
GTM,2013,15387337
GTM,2012,15089647
GTM,2011,14792126
GTM,2010,14500112
GTM,2009,14215611
GTM,2008,13935174
GTM,2007,13652040
GTM,2006,13367459
GTM,2005,13087629
GTM,2004,12807402
GTM,2003,12525842
GTM,2002,12246915
GTM,2001,11969422
GTM,2000,11697592
GTM,1999,11422965
GTM,1998,11139145
GTM,1997,10857754
GTM,1996,10583526
GTM,1995,10312996
GTM,1994,10043718
GTM,1993,9779761
GTM,1992,9522266
GTM,1991,9272584
GTM,1990,9024773
GTM,1989,8775546
GTM,1988,8532099
GTM,1987,8296485
GTM,1986,8070818
GTM,1985,7849693
GIN,2025,15099727
GIN,2024,14754785
GIN,2023,14405468
GIN,2022,14055137
GIN,2021,13710513
GIN,2020,13371183
GIN,2019,13034346
GIN,2018,12704774
GIN,2017,12385659
GIN,2016,12073030
GIN,2015,11767070
GIN,2014,11472924
GIN,2013,11191873
GIN,2012,10921581
GIN,2011,10656810
GIN,2010,10396086
GIN,2009,10143534
GIN,2008,9898870
GIN,2007,9662281
GIN,2006,9441171
GIN,2005,9245844
GIN,2004,9062726
GIN,2003,8870781
GIN,2002,8674066
GIN,2001,8539960
GIN,2000,8428832
GIN,1999,8265123
GIN,1998,8081990
GIN,1997,7931370
GIN,1996,7770035
GIN,1995,7553249
GIN,1994,7345107
GIN,1993,7128177
GIN,1992,6914366
GIN,1991,6697166
GIN,1990,6434374
GIN,1989,6215811
GIN,1988,6056574
GIN,1987,5900198
GIN,1986,5750668
GIN,1985,5610373
GNB,2025,2249515
GNB,2024,2201352
GNB,2023,2153339
GNB,2022,2105529
GNB,2021,2058841
GNB,2020,2013255
GNB,2019,1967696
GNB,2018,1922168
GNB,2017,1877072
GNB,2016,1831893
GNB,2015,1786457
GNB,2014,1741122
GNB,2013,1695973
GNB,2012,1651417
GNB,2011,1608076
GNB,2010,1566347
GNB,2009,1526377
GNB,2008,1488054
GNB,2007,1450986
GNB,2006,1415303
GNB,2005,1381585
GNB,2004,1349563
GNB,2003,1318806
GNB,2002,1289307
GNB,2001,1261273
GNB,2000,1234741
GNB,1999,1210206
GNB,1998,1187473
GNB,1997,1165545
GNB,1996,1143535
GNB,1995,1119949
GNB,1994,1092031
GNB,1993,1058745
GNB,1992,1024356
GNB,1991,994639
GNB,1990,973669
GNB,1989,957789
GNB,1988,942061
GNB,1987,926862
GNB,1986,912126
GNB,1985,897697
GUY,2025,835986
GUY,2024,831087
GUY,2023,826353
GUY,2022,821637
GUY,2021,815482
GUY,2020,807481
GUY,2019,807665
GUY,2018,791556
GUY,2017,768479
GUY,2016,763548
GUY,2015,758781
GUY,2014,754229
GUY,2013,750021
GUY,2012,746288
GUY,2011,746153
GUY,2010,749256
GUY,2009,752094
GUY,2008,754606
GUY,2007,756861
GUY,2006,758966
GUY,2005,760914
GUY,2004,762418
GUY,2003,763101
GUY,2002,763652
GUY,2001,764477
GUY,2000,764832
GUY,1999,764483
GUY,1998,763586
GUY,1997,762245
GUY,1996,760526
GUY,1995,758388
GUY,1994,755822
GUY,1993,752965
GUY,1992,749911
GUY,1991,747861
GUY,1990,749894
GUY,1989,754865
GUY,1988,759663
GUY,1987,764120
GUY,1986,768098
GUY,1985,771477
HTI,2025,11906095
HTI,2024,11772557
HTI,2023,11637398
HTI,2022,11503606
HTI,2021,11374586
HTI,2020,11243848
HTI,2019,11105163
HTI,2018,10962362
HTI,2017,10817754
HTI,2016,10671457
HTI,2015,10523242
HTI,2014,10373235
HTI,2013,10222362
HTI,2012,10069771
HTI,2011,9914904
HTI,2010,9803294
HTI,2009,9689581
HTI,2008,9530774
HTI,2007,9373296
HTI,2006,9216562
HTI,2005,9061273
HTI,2004,8910263
HTI,2003,8759912
HTI,2002,8607641
HTI,2001,8455918
HTI,2000,8303151
HTI,1999,8151296
HTI,1998,8002143
HTI,1997,7854298
HTI,1996,7707557
HTI,1995,7562546
HTI,1994,7419771
HTI,1993,7278181
HTI,1992,7136571
HTI,1991,6995450
HTI,1990,6854441
HTI,1989,6714730
HTI,1988,6578145
HTI,1987,6445123
HTI,1986,6316122
HTI,1985,6190862
HND,2025,11005850
HND,2024,10825703
HND,2023,10644851
HND,2022,10463872
HND,2021,10289877
HND,2020,10119640
HND,2019,9943633
HND,2018,9765210
HND,2017,9588137
HND,2016,9412380
HND,2015,9237305
HND,2014,9063122
HND,2013,8889278
HND,2012,8715076
HND,2011,8540583
HND,2010,8365878
HND,2009,8189899
HND,2008,8012587
HND,2007,7834798
HND,2006,7656832
HND,2005,7478355
HND,2004,7298994
HND,2003,7119213
HND,2002,6938859
HND,2001,6757993
HND,2000,6577773
HND,1999,6400463
HND,1998,6234431
HND,1997,6071454
HND,1996,5903954
HND,1995,5739637
HND,1994,5579242
HND,1993,5423249
HND,1992,5271431
HND,1991,5123792
HND,1990,4980488
HND,1989,4841838
HND,1988,4707677
HND,1987,4576910
HND,1986,4448899
HND,1985,4323342
HKG,2025,7498900
HKG,2024,7524100
HKG,2023,7536100
HKG,2022,7346100
HKG,2021,7413100
HKG,2020,7481000
HKG,2019,7507900
HKG,2018,7452600
HKG,2017,7393200
HKG,2016,7336600
HKG,2015,7291300
HKG,2014,7229500
HKG,2013,7178900
HKG,2012,7150100
HKG,2011,7071600
HKG,2010,7024200
HKG,2009,6972800
HKG,2008,6957800
HKG,2007,6916300
HKG,2006,6857100
HKG,2005,6813200
HKG,2004,6783500
HKG,2003,6730800
HKG,2002,6744100
HKG,2001,6714300
HKG,2000,6665000
HKG,1999,6606500
HKG,1998,6543700
HKG,1997,6489300
HKG,1996,6435500
HKG,1995,6156100
HKG,1994,6035400
HKG,1993,5901000
HKG,1992,5800500
HKG,1991,5752000
HKG,1990,5704500
HKG,1989,5686200
HKG,1988,5627600
HKG,1987,5580500
HKG,1986,5524600
HKG,1985,5456200
HUN,2025,9514251
HUN,2024,9562065
HUN,2023,9592186
HUN,2022,9605074
HUN,2021,9630932
HUN,2020,9670419
HUN,2019,9694824
HUN,2018,9706964
HUN,2017,9726756
HUN,2016,9759755
HUN,2015,9797755
HUN,2014,9833038
HUN,2013,9872734
HUN,2012,9920362
HUN,2011,9971727
HUN,2010,10000023
HUN,2009,10022650
HUN,2008,10038188
HUN,2007,10055780
HUN,2006,10071370
HUN,2005,10087065
HUN,2004,10107146
HUN,2003,10129552
HUN,2002,10158608
HUN,2001,10187576
HUN,2000,10210971
HUN,1999,10237530
HUN,1998,10266570
HUN,1997,10290486
HUN,1996,10311238
HUN,1995,10328965
HUN,1994,10343355
HUN,1993,10357523
HUN,1992,10369341
HUN,1991,10373400
HUN,1990,10373988
HUN,1989,10481719
HUN,1988,10596487
HUN,1987,10612741
HUN,1986,10630564
HUN,1985,10648713
ISL,2025,392404
ISL,2024,386506
ISL,2023,385663
ISL,2022,382003
ISL,2021,372520
ISL,2020,366463
ISL,2019,360563
ISL,2018,352721
ISL,2017,343400
ISL,2016,335439
ISL,2015,330815
ISL,2014,327386
ISL,2013,323764
ISL,2012,320716
ISL,2011,319014
ISL,2010,318041
ISL,2009,318499
ISL,2008,317414
ISL,2007,311566
ISL,2006,303782
ISL,2005,296734
ISL,2004,292074
ISL,2003,289521
ISL,2002,287523
ISL,2001,284968
ISL,2000,281205
ISL,1999,277381
ISL,1998,274047
ISL,1997,271128
ISL,1996,268916
ISL,1995,267468
ISL,1994,266021
ISL,1993,263725
ISL,1992,261057
ISL,1991,257797
ISL,1990,254826
ISL,1989,252852
ISL,1988,249740
ISL,1987,245859
ISL,1986,243180
ISL,1985,241405
IND,2025,1463865525
IND,2024,1450935791
IND,2023,1438069596
IND,2022,1425423212
IND,2021,1414203896
IND,2020,1402617695
IND,2019,1389030312
IND,2018,1374659064
IND,2017,1359657400
IND,2016,1343944296
IND,2015,1328024498
IND,2014,1312277191
IND,2013,1295829511
IND,2012,1278674502
IND,2011,1261224954
IND,2010,1243481564
IND,2009,1225524753
IND,2008,1207930964
IND,2007,1190676021
IND,2006,1172878890
IND,2005,1154676322
IND,2004,1135991513
IND,2003,1116803006
IND,2002,1097600380
IND,2001,1077898575
IND,2000,1057922733
IND,1999,1038225823
IND,1998,1018665080
IND,1997,999133762
IND,1996,979678458
IND,1995,960301044
IND,1994,941163767
IND,1993,922118387
IND,1992,902957070
IND,1991,883927600
IND,1990,864972221
IND,1989,846039529
IND,1988,827342990
IND,1987,808931270
IND,1986,790689978
IND,1985,772647793
IDN,2025,285721236
IDN,2024,283487931
IDN,2023,281190067
IDN,2022,278830529
IDN,2021,276758053
IDN,2020,274814866
IDN,2019,272489381
IDN,2018,269951846
IDN,2017,267346658
IDN,2016,264627418
IDN,2015,261799249
IDN,2014,258877399
IDN,2013,255852467
IDN,2012,252698525
IDN,2011,249470032
IDN,2010,246305322
IDN,2009,243220028
IDN,2008,240157903
IDN,2007,237062337
IDN,2006,233951652
IDN,2005,230871650
IDN,2004,227926649
IDN,2003,225048008
IDN,2002,222088495
IDN,2001,219097902
IDN,2000,216077790
IDN,1999,213004668
IDN,1998,209826788
IDN,1997,206536095
IDN,1996,203204348
IDN,1995,199888057
IDN,1994,196591828
IDN,1993,193305168
IDN,1992,190043744
IDN,1991,186778238
IDN,1990,183501098
IDN,1989,180201630
IDN,1988,176855065
IDN,1987,173511154
IDN,1986,170175065
IDN,1985,166776185
IRN,2025,92417681
IRN,2024,91567738
IRN,2023,90608707
IRN,2022,89524246
IRN,2021,88455488
IRN,2020,87723443
IRN,2019,87051648
IRN,2018,86117998
IRN,2017,85026754
IRN,2016,83812228
IRN,2015,82619362
IRN,2014,81502045
IRN,2013,80414686
IRN,2012,79370580
IRN,2011,78383598
IRN,2010,77420842
IRN,2009,76457825
IRN,2008,75514204
IRN,2007,74602648
IRN,2006,73392747
IRN,2005,71828455
IRN,2004,70256316
IRN,2003,68769340
IRN,2002,68011317
IRN,2001,67452005
IRN,2000,66418659
IRN,1999,65445391
IRN,1998,64519859
IRN,1997,63639638
IRN,1996,62881300
IRN,1995,62205567
IRN,1994,61520598
IRN,1993,61403543
IRN,1992,61184983
IRN,1991,59986931
IRN,1990,58380092
IRN,1989,56704914
IRN,1988,55072694
IRN,1987,53323493
IRN,1986,51446045
IRN,1985,49582289
IRQ,2025,47020774
IRQ,2024,46042015
IRQ,2023,45074049
IRQ,2022,44070551
IRQ,2021,43071211
IRQ,2020,42116605
IRQ,2019,41192171
IRQ,2018,40265624
IRQ,2017,39337353
IRQ,2016,38469627
IRQ,2015,37560535
IRQ,2014,36550059
IRQ,2013,35281989
IRQ,2012,33654842
IRQ,2011,32161424
IRQ,2010,31045366
IRQ,2009,30058206
IRQ,2008,28971036
IRQ,2007,28391607
IRQ,2006,28616515
IRQ,2005,28407448
IRQ,2004,27577878
IRQ,2003,26802659
IRQ,2002,26006559
IRQ,2001,25197840
IRQ,2000,24424056
IRQ,1999,23636527
IRQ,1998,22884399
IRQ,1997,22176593
IRQ,1996,21501321
IRQ,1995,20825860
IRQ,1994,20139807
IRQ,1993,19201195
IRQ,1992,18300845
IRQ,1991,17767253
IRQ,1990,17581206
IRQ,1989,17364542
IRQ,1988,16908819
IRQ,1987,16521049
IRQ,1986,16074145
IRQ,1985,15683430
IRL,2025,5484367
IRL,2024,5395790
IRL,2023,5311538
IRL,2022,5212836
IRL,2021,5110585
IRL,2020,5039747
IRL,2019,4976456
IRL,2018,4898022
IRL,2017,4827445
IRL,2016,4762722
IRL,2015,4701957
IRL,2014,4657740
IRL,2013,4623816
IRL,2012,4599533
IRL,2011,4580084
IRL,2010,4560155
IRL,2009,4535375
IRL,2008,4489544
IRL,2007,4398942
IRL,2006,4273591
IRL,2005,4159914
IRL,2004,4070262
IRL,2003,3996521
IRL,2002,3931947
IRL,2001,3866243
IRL,2000,3805174
IRL,1999,3754786
IRL,1998,3712696
IRL,1997,3674171
IRL,1996,3637510
IRL,1995,3608841
IRL,1994,3590386
IRL,1993,3576261
IRL,1992,3558430
IRL,1991,3534235
IRL,1990,3513974
IRL,1989,3511009
IRL,1988,3524949
IRL,1987,3540057
IRL,1986,3539690
IRL,1985,3538082
IMN,2025,84118
IMN,2024,84160
IMN,2023,84165
IMN,2022,84132
IMN,2021,84106
IMN,2020,84064
IMN,2019,83957
IMN,2018,83805
IMN,2017,83609
IMN,2016,83466
IMN,2015,83593
IMN,2014,83892
IMN,2013,84141
IMN,2012,84335
IMN,2011,84382
IMN,2010,83873
IMN,2009,82939
IMN,2008,82029
IMN,2007,81147
IMN,2006,80294
IMN,2005,79516
IMN,2004,78792
IMN,2003,78049
IMN,2002,77275
IMN,2001,76476
IMN,2000,75659
IMN,1999,74790
IMN,1998,73861
IMN,1997,72909
IMN,1996,72047
IMN,1995,71513
IMN,1994,71168
IMN,1993,70772
IMN,1992,70353
IMN,1991,69808
IMN,1990,68916
IMN,1989,67790
IMN,1988,66680
IMN,1987,65597
IMN,1986,64695
IMN,1985,64401
ISR,2025,10122800
ISR,2024,10002200
ISR,2023,9849000
ISR,2022,9557500
ISR,2021,9371400
ISR,2020,9215100
ISR,2019,9054000
ISR,2018,8882800
ISR,2017,8713300
ISR,2016,8546000
ISR,2015,8380100
ISR,2014,8215700
ISR,2013,8059500
ISR,2012,7910500
ISR,2011,7765800
ISR,2010,7623600
ISR,2009,7485600
ISR,2008,7308800
ISR,2007,7180100
ISR,2006,7053700
ISR,2005,6930100
ISR,2004,6809000
ISR,2003,6689700
ISR,2002,6570000
ISR,2001,6439000
ISR,2000,6289000
ISR,1999,6125000
ISR,1998,5971000
ISR,1997,5836000
ISR,1996,5692000
ISR,1995,5545000
ISR,1994,5399000
ISR,1993,5261000
ISR,1992,5123000
ISR,1991,4949000
ISR,1990,4660000
ISR,1989,4518000
ISR,1988,4442000
ISR,1987,4369000
ISR,1986,4299000
ISR,1985,4233000
ITA,2025,58915656
ITA,2024,58952704
ITA,2023,58984216
ITA,2022,59013667
ITA,2021,59133173
ITA,2020,59438851
ITA,2019,59729081
ITA,2018,59877221
ITA,2017,60002252
ITA,2016,60115223
ITA,2015,60229605
ITA,2014,60320707
ITA,2013,60311613
ITA,2012,60191247
ITA,2011,60026841
ITA,2010,59819407
ITA,2009,59555454
ITA,2008,59211181
ITA,2007,58756247
ITA,2006,58399861
ITA,2005,58166682
ITA,2004,57828179
ITA,2003,57399184
ITA,2002,57089824
ITA,2001,56976981
ITA,2000,56942108
ITA,1999,56916317
ITA,1998,56906744
ITA,1997,56890372
ITA,1996,56860281
ITA,1995,56844303
ITA,1994,56843400
ITA,1993,56831821
ITA,1992,56797087
ITA,1991,56758521
ITA,1990,56719240
ITA,1989,56671781
ITA,1988,56629288
ITA,1987,56601931
ITA,1986,56596155
ITA,1985,56593071
JAM,2025,2837077
JAM,2024,2839175
JAM,2023,2839786
JAM,2022,2839144
JAM,2021,2837682
JAM,2020,2830739
JAM,2019,2823271
JAM,2018,2820097
JAM,2017,2815764
JAM,2016,2809915
JAM,2015,2802534
JAM,2014,2793749
JAM,2013,2783687
JAM,2012,2772430
JAM,2011,2760494
JAM,2010,2748568
JAM,2009,2736995
JAM,2008,2725635
JAM,2007,2713800
JAM,2006,2700968
JAM,2005,2687066
JAM,2004,2672225
JAM,2003,2656623
JAM,2002,2640572
JAM,2001,2624403
JAM,2000,2607826
JAM,1999,2589795
JAM,1998,2569736
JAM,1997,2547848
JAM,1996,2524463
JAM,1995,2500151
JAM,1994,2475220
JAM,1993,2449916
JAM,1992,2424701
JAM,1991,2400869
JAM,1990,2379877
JAM,1989,2361916
JAM,1988,2345777
JAM,1987,2329813
JAM,1986,2312125
JAM,1985,2290656
JPN,2025,123366734
JPN,2024,123975371
JPN,2023,124516650
JPN,2022,125124989
JPN,2021,125681593
JPN,2020,126261000
JPN,2019,126633000
JPN,2018,126811000
JPN,2017,126972000
JPN,2016,127076000
JPN,2015,127141000
JPN,2014,127276000
JPN,2013,127445000
JPN,2012,127629000
JPN,2011,127833000
JPN,2010,128070000
JPN,2009,128047000
JPN,2008,128063000
JPN,2007,128001000
JPN,2006,127854000
JPN,2005,127773000
JPN,2004,127761000
JPN,2003,127718000
JPN,2002,127445000
JPN,2001,127149000
JPN,2000,126843000
JPN,1999,126631000
JPN,1998,126400000
JPN,1997,126057000
JPN,1996,125757000
JPN,1995,125472000
JPN,1994,125178000
JPN,1993,124829000
JPN,1992,124425000
JPN,1991,123964000
JPN,1990,123478000
JPN,1989,123069000
JPN,1988,122578000
JPN,1987,122069000
JPN,1986,121482000
JPN,1985,120837000
JOR,2025,11520684
JOR,2024,11552876
JOR,2023,11439213
JOR,2022,11256263
JOR,2021,11066356
JOR,2020,10865228
JOR,2019,10671891
JOR,2018,10462306
JOR,2017,10234226
JOR,2016,10006367
JOR,2015,9544729
JOR,2014,8791710
JOR,2013,7991809
JOR,2012,7587127
JOR,2011,7480424
JOR,2010,7297043
JOR,2009,7141753
JOR,2008,6989866
JOR,2007,6827227
JOR,2006,6427371
JOR,2005,6029587
JOR,2004,5882061
JOR,2003,5741828
JOR,2002,5616066
JOR,2001,5498894
JOR,2000,5386945
JOR,1999,5276444
JOR,1998,5164284
JOR,1997,5046285
JOR,1996,4912516
JOR,1995,4752096
JOR,1994,4561406
JOR,1993,4348020
JOR,1992,4127693
JOR,1991,3915149
JOR,1990,3621908
JOR,1989,3349627
JOR,1988,3193039
JOR,1987,3047634
JOR,1986,2909887
JOR,1985,2778810
KAZ,2025,20843754
KAZ,2024,20592571
KAZ,2023,20330104
KAZ,2022,20034609
KAZ,2021,19743603
KAZ,2020,19482117
KAZ,2019,19209555
KAZ,2018,18932727
KAZ,2017,18651931
KAZ,2016,18363600
KAZ,2015,18084169
KAZ,2014,17816285
KAZ,2013,17556502
KAZ,2012,17306106
KAZ,2011,17066002
KAZ,2010,16836810
KAZ,2009,16619846
KAZ,2008,16426525
KAZ,2007,16257214
KAZ,2006,16103716
KAZ,2005,15968117
KAZ,2004,15850159
KAZ,2003,15747380
KAZ,2002,15656677
KAZ,2001,15575550
KAZ,2000,15501103
KAZ,1999,15455874
KAZ,1998,15647785
KAZ,1997,16043251
KAZ,1996,16416027
KAZ,1995,16730536
KAZ,1994,17043771
KAZ,1993,17274487
KAZ,1992,17332625
KAZ,1991,17278600
KAZ,1990,17154054
KAZ,1989,16997013
KAZ,1988,16781168
KAZ,1987,16527715
KAZ,1986,16262702
KAZ,1985,16031090
KEN,2025,57532493
KEN,2024,56432944
KEN,2023,55339003
KEN,2022,54252461
KEN,2021,53219166
KEN,2020,52217334
KEN,2019,51202827
KEN,2018,50207107
KEN,2017,49197766
KEN,2016,48139687
KEN,2015,47088526
KEN,2014,46051440
KEN,2013,44986791
KEN,2012,43888303
KEN,2011,42758461
KEN,2010,41598567
KEN,2009,40408891
KEN,2008,39206351
KEN,2007,38036349
KEN,2006,36904008
KEN,2005,35796484
KEN,2004,34713455
KEN,2003,33652223
KEN,2002,32629808
KEN,2001,31619170
KEN,2000,30642890
KEN,1999,29733408
KEN,1998,28888057
KEN,1997,28101768
KEN,1996,27344211
KEN,1995,26601751
KEN,1994,25857130
KEN,1993,25117188
KEN,1992,24382460
KEN,1991,23646514
KEN,1990,22892651
KEN,1989,22118434
KEN,1988,21356219
KEN,1987,20616096
KEN,1986,19901646
KEN,1985,19201768
KIR,2025,136488
KIR,2024,134518
KIR,2023,132530
KIR,2022,130469
KIR,2021,128377
KIR,2020,126099
KIR,2019,123921
KIR,2018,122084
KIR,2017,120275
KIR,2016,118478
KIR,2015,116815
KIR,2014,115326
KIR,2013,113838
KIR,2012,112284
KIR,2011,110647
KIR,2010,108704
KIR,2009,106467
KIR,2008,104222
KIR,2007,102068
KIR,2006,100017
KIR,2005,98035
KIR,2004,96085
KIR,2003,94175
KIR,2002,92264
KIR,2001,90335
KIR,2000,88613
KIR,1999,87126
KIR,1998,85657
KIR,1997,84147
KIR,1996,82623
KIR,1995,81234
KIR,1994,80021
KIR,1993,78841
KIR,1992,77641
KIR,1991,76367
KIR,1990,74855
KIR,1989,73147
KIR,1988,71427
KIR,1987,69733
KIR,1986,68059
KIR,1985,66496
PRK,2025,26571036
PRK,2024,26498823
PRK,2023,26418204
PRK,2022,26328845
PRK,2021,26232534
PRK,2020,26136312
PRK,2019,26037632
PRK,2018,25931147
PRK,2017,25817709
PRK,2016,25698326
PRK,2015,25575350
PRK,2014,25451262
PRK,2013,25329451
PRK,2012,25211728
PRK,2011,25097874
PRK,2010,24987258
PRK,2009,24878332
PRK,2008,24764618
PRK,2007,24646383
PRK,2006,24524507
PRK,2005,24396433
PRK,2004,24254943
PRK,2003,24090380
PRK,2002,23943973
PRK,2001,23815358
PRK,2000,23665910
PRK,1999,23497599
PRK,1998,23311564
PRK,1997,23110830
PRK,1996,22895746
PRK,1995,22669304
PRK,1994,22393975
PRK,1993,22073352
PRK,1992,21750911
PRK,1991,21428638
PRK,1990,21112137
PRK,1989,20804367
PRK,1988,20503161
PRK,1987,20205483
PRK,1986,19910855
PRK,1985,19620388
KOR,2025,51684564
KOR,2024,51751065
KOR,2023,51712619
KOR,2022,51672569
KOR,2021,51769539
KOR,2020,51836239
KOR,2019,51764822
KOR,2018,51585058
KOR,2017,51361911
KOR,2016,51217803
KOR,2015,51014947
KOR,2014,50746659
KOR,2013,50428893
KOR,2012,50199853
KOR,2011,49936638
KOR,2010,49554112
KOR,2009,49307835
KOR,2008,49054708
KOR,2007,48683638
KOR,2006,48438292
KOR,2005,48184561
KOR,2004,48082519
KOR,2003,47892330
KOR,2002,47644736
KOR,2001,47370164
KOR,2000,47008111
KOR,1999,46616677
KOR,1998,46286503
KOR,1997,45953580
KOR,1996,45524681
KOR,1995,45092991
KOR,1994,44641540
KOR,1993,44194628
KOR,1992,43747962
KOR,1991,43295704
KOR,1990,42869283
KOR,1989,42449038
KOR,1988,42031247
KOR,1987,41621690
KOR,1986,41213674
KOR,1985,40805744
XKX,2025,1576876
XKX,2024,1594353
XKX,2023,1682668
XKX,2022,1768096
XKX,2021,1786079
XKX,2020,1790151
XKX,2019,1788891
XKX,2018,1797086
XKX,2017,1791019
XKX,2016,1777568
XKX,2015,1788274
XKX,2014,1812788
XKX,2013,1818119
XKX,2012,1807126
XKX,2011,1791949
XKX,2010,1788743
XKX,2009,1794681
XKX,2008,1800858
XKX,2007,1807094
XKX,2006,1813079
XKX,2005,1818354
XKX,2004,1822773
XKX,2003,1826434
XKX,2002,1829462
XKX,2001,1820009
XKX,2000,1802493
XKX,1999,1871524
XKX,1998,2078964
XKX,1997,2197284
XKX,1996,2168753
XKX,1995,2137514
XKX,1994,2105256
XKX,1993,2072664
XKX,1992,2039723
XKX,1991,2005362
XKX,1990,1973790
XKX,1989,1946339
XKX,1988,1917882
XKX,1987,1880590
XKX,1986,1836972
XKX,1985,1796018
KWT,2025,4865298
KWT,2024,4897263
KWT,2023,4853420
KWT,2022,4589643
KWT,2021,4360865
KWT,2020,4400267
KWT,2019,4442316
KWT,2018,4323515
KWT,2017,4154812
KWT,2016,4004096
KWT,2015,3834574
KWT,2014,3665876
KWT,2013,3507844
KWT,2012,3337109
KWT,2011,3132814
KWT,2010,2943372
KWT,2009,2795484
KWT,2008,2651421
KWT,2007,2507887
KWT,2006,2364733
KWT,2005,2236788
KWT,2004,2157320
KWT,2003,2109881
KWT,2002,2059974
KWT,2001,2008121
KWT,2000,1954709
KWT,1999,1900030
KWT,1998,1844302
KWT,1997,1787683
KWT,1996,1730246
KWT,1995,1681513
KWT,1994,1664361
KWT,1993,1672151
KWT,1992,1634961
KWT,1991,1351399
KWT,1990,1684819
KWT,1989,2217468
KWT,1988,2134707
KWT,1987,2052994
KWT,1986,1972520
KWT,1985,1894242
KGZ,2025,7343064
KGZ,2024,7221868
KGZ,2023,7099750
KGZ,2022,6975220
KGZ,2021,6851224
KGZ,2020,6726596
KGZ,2019,6590211
KGZ,2018,6444079
KGZ,2017,6306696
KGZ,2016,6175338
KGZ,2015,6040036
KGZ,2014,5905848
KGZ,2013,5777150
KGZ,2012,5652076
KGZ,2011,5546587
KGZ,2010,5467059
KGZ,2009,5389643
KGZ,2008,5318729
KGZ,2007,5268385
KGZ,2006,5218373
KGZ,2005,5162640
KGZ,2004,5104713
KGZ,2003,5043308
KGZ,2002,4990704
KGZ,2001,4945073
KGZ,2000,4898362
KGZ,1999,4840422
KGZ,1998,4769015
KGZ,1997,4696421
KGZ,1996,4628438
KGZ,1995,4560454
KGZ,1994,4515069
KGZ,1993,4516777
KGZ,1992,4515400
KGZ,1991,4463634
KGZ,1990,4391236
KGZ,1989,4307500
KGZ,1988,4218400
KGZ,1987,4144600
KGZ,1986,4066500
KGZ,1985,3990300
LAO,2025,7873046
LAO,2024,7769819
LAO,2023,7664993
LAO,2022,7559007
LAO,2021,7453194
LAO,2020,7346533
LAO,2019,7237636
LAO,2018,7128045
LAO,2017,7018147
LAO,2016,6908802
LAO,2015,6801645
LAO,2014,6703172
LAO,2013,6611385
LAO,2012,6518978
LAO,2011,6426590
LAO,2010,6334194
LAO,2009,6241642
LAO,2008,6148969
LAO,2007,6056236
LAO,2006,5963200
LAO,2005,5869523
LAO,2004,5781626
LAO,2003,5697945
LAO,2002,5610889
LAO,2001,5521482
LAO,2000,5431212
LAO,1999,5340784
LAO,1998,5248266
LAO,1997,5152011
LAO,1996,5045678
LAO,1995,4929409
LAO,1994,4809220
LAO,1993,4685060
LAO,1992,4559646
LAO,1991,4435118
LAO,1990,4311955
LAO,1989,4190974
LAO,1988,4072601
LAO,1987,3957612
LAO,1986,3846715
LAO,1985,3739985
LVA,2025,1847785
LVA,2024,1866124
LVA,2023,1883710
LVA,2022,1879383
LVA,2021,1884490
LVA,2020,1900449
LVA,2019,1913822
LVA,2018,1927174
LVA,2017,1942248
LVA,2016,1959537
LVA,2015,1977527
LVA,2014,1993782
LVA,2013,2012647
LVA,2012,2034319
LVA,2011,2059709
LVA,2010,2097555
LVA,2009,2141669
LVA,2008,2177322
LVA,2007,2200325
LVA,2006,2218357
LVA,2005,2238799
LVA,2004,2263122
LVA,2003,2287955
LVA,2002,2310173
LVA,2001,2337170
LVA,2000,2367550
LVA,1999,2390482
LVA,1998,2410019
LVA,1997,2432851
LVA,1996,2457222
LVA,1995,2485056
LVA,1994,2520742
LVA,1993,2563290
LVA,1992,2614338
LVA,1991,2650581
LVA,1990,2663151
LVA,1989,2666955
LVA,1988,2653434
LVA,1987,2626583
LVA,1986,2599892
LVA,1985,2578873
LBN,2025,5849421
LBN,2024,5805962
LBN,2023,5773493
LBN,2022,5744489
LBN,2021,5718122
LBN,2020,5702398
LBN,2019,5794594
LBN,2018,5984119
LBN,2017,6160128
LBN,2016,6323060
LBN,2015,6472469
LBN,2014,6346990
LBN,2013,5743436
LBN,2012,5235742
LBN,2011,5096020
LBN,2010,5041288
LBN,2009,4992287
LBN,2008,4925354
LBN,2007,4844118
LBN,2006,4751136
LBN,2005,4671102
LBN,2004,4599279
LBN,2003,4525508
LBN,2002,4463504
LBN,2001,4401918
LBN,2000,4329340
LBN,1999,4255277
LBN,1998,4181281
LBN,1997,4108405
LBN,1996,4034781
LBN,1995,3960735
LBN,1994,3889799
LBN,1993,3820647
LBN,1992,3747371
LBN,1991,3668912
LBN,1990,3595175
LBN,1989,3525285
LBN,1988,3454649
LBN,1987,3385555
LBN,1986,3300365
LBN,1985,3217376
LSO,2025,2363325
LSO,2024,2337423
LSO,2023,2311472
LSO,2022,2286110
LSO,2021,2261542
LSO,2020,2235727
LSO,2019,2209405
LSO,2018,2183603
LSO,2017,2157110
LSO,2016,2130422
LSO,2015,2104611
LSO,2014,2080089
LSO,2013,2056504
LSO,2012,2034354
LSO,2011,2014009
LSO,2010,1996251
LSO,2009,1980883
LSO,2008,1966541
LSO,2007,1953268
LSO,2006,1945063
LSO,2005,1953076
LSO,2004,1971129
LSO,2003,1985059
LSO,2002,1994679
LSO,2001,2000853
LSO,2000,2003913
LSO,1999,2003234
LSO,1998,1998049
LSO,1997,1988130
LSO,1996,1972418
LSO,1995,1951437
LSO,1994,1927707
LSO,1993,1901793
LSO,1992,1873274
LSO,1991,1842379
LSO,1990,1809696
LSO,1989,1775436
LSO,1988,1739841
LSO,1987,1703390
LSO,1986,1666138
LSO,1985,1624379
LBR,2025,5731206
LBR,2024,5612817
LBR,2023,5493031
LBR,2022,5373294
LBR,2021,5259323
LBR,2020,5149463
LBR,2019,5043721
LBR,2018,4944726
LBR,2017,4848925
LBR,2016,4755608
LBR,2015,4659431
LBR,2014,4564293
LBR,2013,4470239
LBR,2012,4373043
LBR,2011,4221178
LBR,2010,4058890
LBR,2009,3943028
LBR,2008,3821003
LBR,2007,3669050
LBR,2006,3490787
LBR,2005,3301015
LBR,2004,3156892
LBR,2003,3119532
LBR,2002,3094782
LBR,2001,3015338
LBR,2000,2928117
LBR,1999,2821684
LBR,1998,2670124
LBR,1997,2412989
LBR,1996,2232289
LBR,1995,2169162
LBR,1994,2149928
LBR,1993,2155126
LBR,1992,2072461
LBR,1991,1956518
LBR,1990,2223667
LBR,1989,2517858
LBR,1988,2446941
LBR,1987,2377229
LBR,1986,2308511
LBR,1985,2240539
LBY,2025,7458555
LBY,2024,7381023
LBY,2023,7305659
LBY,2022,7223805
LBY,2021,7135175
LBY,2020,7045399
LBY,2019,6951033
LBY,2018,6849055
LBY,2017,6738770
LBY,2016,6632126
LBY,2015,6531819
LBY,2014,6427252
LBY,2013,6304628
LBY,2012,6179328
LBY,2011,6343203
LBY,2010,6497839
LBY,2009,6366686
LBY,2008,6235430
LBY,2007,6104380
LBY,2006,5980211
LBY,2005,5858798
LBY,2004,5736693
LBY,2003,5619398
LBY,2002,5508410
LBY,2001,5403639
LBY,2000,5305021
LBY,1999,5218038
LBY,1998,5140704
LBY,1997,5064639
LBY,1996,4987393
LBY,1995,4906843
LBY,1994,4822037
LBY,1993,4733045
LBY,1992,4640352
LBY,1991,4544400
LBY,1990,4445239
LBY,1989,4342920
LBY,1988,4237755
LBY,1987,4129739
LBY,1986,4017403
LBY,1985,3898745
LIE,2025,41024
LIE,2024,40450
LIE,2023,39846
LIE,2022,39493
LIE,2021,39182
LIE,2020,38901
LIE,2019,38563
LIE,2018,38246
LIE,2017,37962
LIE,2016,37716
LIE,2015,37494
LIE,2014,37248
LIE,2013,36984
LIE,2012,36657
LIE,2011,36312
LIE,2010,36022
LIE,2009,35742
LIE,2008,35473
LIE,2007,35262
LIE,2006,35037
LIE,2005,34753
LIE,2004,34447
LIE,2003,34079
LIE,2002,33694
LIE,2001,33194
LIE,2000,32645
LIE,1999,32221
LIE,1998,31668
LIE,1997,31232
LIE,1996,31033
LIE,1995,30776
LIE,1994,30470
LIE,1993,30089
LIE,1992,29627
LIE,1991,29209
LIE,1990,28742
LIE,1989,28317
LIE,1988,27948
LIE,1987,27557
LIE,1986,27238
LIE,1985,26878
LTU,2025,2888774
LTU,2024,2888278
LTU,2023,2871585
LTU,2022,2831639
LTU,2021,2808380
LTU,2020,2810369
LTU,2019,2811089
LTU,2018,2819200
LTU,2017,2842639
LTU,2016,2877325
LTU,2015,2911109
LTU,2014,2937253
LTU,2013,2961250
LTU,2012,2989139
LTU,2011,3028115
LTU,2010,3097282
LTU,2009,3162916
LTU,2008,3198231
LTU,2007,3231294
LTU,2006,3269909
LTU,2005,3322528
LTU,2004,3377075
LTU,2003,3415213
LTU,2002,3443067
LTU,2001,3470818
LTU,2000,3499536
LTU,1999,3524238
LTU,1998,3549331
LTU,1997,3575137
LTU,1996,3601613
LTU,1995,3629102
LTU,1994,3657144
LTU,1993,3682613
LTU,1992,3700114
LTU,1991,3704134
LTU,1990,3697838
LTU,1989,3684255
LTU,1988,3655049
LTU,1987,3616367
LTU,1986,3578914
LTU,1985,3544543
LUX,2025,686970
LUX,2024,677012
LUX,2023,666430
LUX,2022,653103
LUX,2021,640064
LUX,2020,630419
LUX,2019,620001
LUX,2018,607950
LUX,2017,596336
LUX,2016,582014
LUX,2015,569604
LUX,2014,556319
LUX,2013,543360
LUX,2012,530946
LUX,2011,518347
LUX,2010,506953
LUX,2009,497783
LUX,2008,488650
LUX,2007,479993
LUX,2006,472637
LUX,2005,465158
LUX,2004,458095
LUX,2003,451630
LUX,2002,446175
LUX,2001,441525
LUX,2000,436300
LUX,1999,430475
LUX,1998,424700
LUX,1997,419450
LUX,1996,414225
LUX,1995,408625
LUX,1994,402925
LUX,1993,397475
LUX,1992,392175
LUX,1991,387000
LUX,1990,381850
LUX,1989,377100
LUX,1988,373450
LUX,1987,370750
LUX,1986,368355
LUX,1985,366706
MAC,2025,685900
MAC,2024,687000
MAC,2023,678800
MAC,2022,677300
MAC,2021,682500
MAC,2020,685400
MAC,2019,672000
MAC,2018,658900
MAC,2017,648400
MAC,2016,652500
MAC,2015,642900
MAC,2014,621700
MAC,2013,591900
MAC,2012,567900
MAC,2011,549600
MAC,2010,537000
MAC,2009,535000
MAC,2008,540700
MAC,2007,520900
MAC,2006,498900
MAC,2005,473500
MAC,2004,454700
MAC,2003,443600
MAC,2002,438400
MAC,2001,433900
MAC,2000,430600
MAC,1999,427400
MAC,1998,422300
MAC,1997,417300
MAC,1996,415100
MAC,1995,409300
MAC,1994,396800
MAC,1993,384000
MAC,1992,370900
MAC,1991,351650
MAC,1990,334950
MAC,1989,325100
MAC,1988,316000
MAC,1987,306850
MAC,1986,296050
MAC,1985,289700
MDG,2025,32740678
MDG,2024,31964956
MDG,2023,31195932
MDG,2022,30437261
MDG,2021,29691083
MDG,2020,28953556
MDG,2019,28219554
MDG,2018,27494926
MDG,2017,26788375
MDG,2016,26099952
MDG,2015,25426702
MDG,2014,24764348
MDG,2013,24109290
MDG,2012,23462438
MDG,2011,22822300
MDG,2010,22183340
MDG,2009,21547280
MDG,2008,20923840
MDG,2007,20318583
MDG,2006,19730909
MDG,2005,19159707
MDG,2004,18606608
MDG,2003,18071854
MDG,2002,17549913
MDG,2001,17032939
MDG,2000,16516338
MDG,1999,16000506
MDG,1998,15489364
MDG,1997,14990814
MDG,1996,14510711
MDG,1995,14051275
MDG,1994,13613850
MDG,1993,13197345
MDG,1992,12800870
MDG,1991,12421412
MDG,1990,12055639
MDG,1989,11704998
MDG,1988,11369462
MDG,1987,11047291
MDG,1986,10736857
MDG,1985,10433142
MWI,2025,22216120
MWI,2024,21655286
MWI,2023,21104482
MWI,2022,20568728
MWI,2021,20047258
MWI,2020,19533888
MWI,2019,19025752
MWI,2018,18528081
MWI,2017,18039715
MWI,2016,17557739
MWI,2015,17085587
MWI,2014,16621538
MWI,2013,16161816
MWI,2012,15709577
MWI,2011,15265022
MWI,2010,14826463
MWI,2009,14395788
MWI,2008,13976417
MWI,2007,13576343
MWI,2006,13198701
MWI,2005,12840031
MWI,2004,12500737
MWI,2003,12181574
MWI,2002,11880440
MWI,2001,11593058
MWI,2000,11315942
MWI,1999,11047804
MWI,1998,10792876
MWI,1997,10562035
MWI,1996,10352228
MWI,1995,10150117
MWI,1994,10164894
MWI,1993,10284024
MWI,1992,10135079
MWI,1991,9844227
MWI,1990,9545852
MWI,1989,9176220
MWI,1988,8753262
MWI,1987,8293174
MWI,1986,7906480
MWI,1985,7620508
MYS,2025,35977838
MYS,2024,35557673
MYS,2023,35126298
MYS,2022,34695493
MYS,2021,34282399
MYS,2020,33889558
MYS,2019,33440596
MYS,2018,32910967
MYS,2017,32355644
MYS,2016,31789685
MYS,2015,31232798
MYS,2014,30696137
MYS,2013,30174265
MYS,2012,29662831
MYS,2011,29162039
MYS,2010,28655776
MYS,2009,28124778
MYS,2008,27570059
MYS,2007,26998389
MYS,2006,26417909
MYS,2005,25836071
MYS,2004,25256772
MYS,2003,24679602
MYS,2002,24102477
MYS,2001,23526538
MYS,2000,22967816
MYS,1999,22435531
MYS,1998,21906713
MYS,1997,21375218
MYS,1996,20850087
MYS,1995,20330599
MYS,1994,19820446
MYS,1993,19322664
MYS,1992,18834572
MYS,1991,18342464
MYS,1990,17833171
MYS,1989,17314997
MYS,1988,16796605
MYS,1987,16276737
MYS,1986,15760419
MYS,1985,15252258
MDV,2025,529676
MDV,2024,527799
MDV,2023,525994
MDV,2022,524106
MDV,2021,516154
MDV,2020,502118
MDV,2019,487731
MDV,2018,473099
MDV,2017,458287
MDV,2016,443308
MDV,2015,428154
MDV,2014,413617
MDV,2013,400070
MDV,2012,386818
MDV,2011,373674
MDV,2010,360792
MDV,2009,348275
MDV,2008,336170
MDV,2007,324479
MDV,2006,313851
MDV,2005,306429
MDV,2004,301413
MDV,2003,296491
MDV,2002,291616
MDV,2001,286767
MDV,2000,282019
MDV,1999,277412
MDV,1998,272723
MDV,1997,267707
MDV,1996,262347
MDV,1995,256649
MDV,1994,250822
MDV,1993,244884
MDV,1992,238543
MDV,1991,231802
MDV,1990,224762
MDV,1989,217738
MDV,1988,210885
MDV,1987,203944
MDV,1986,196935
MDV,1985,190169
MLI,2025,25198821
MLI,2024,24478595
MLI,2023,23769127
MLI,2022,23072640
MLI,2021,22388630
MLI,2020,21713836
MLI,2019,21068405
MLI,2018,20442030
MLI,2017,19813011
MLI,2016,19191289
MLI,2015,18593022
MLI,2014,18020267
MLI,2013,17459615
MLI,2012,16957033
MLI,2011,16469049
MLI,2010,15945198
MLI,2009,15435539
MLI,2008,14940782
MLI,2007,14457775
MLI,2006,13990139
MLI,2005,13538647
MLI,2004,13102409
MLI,2003,12684955
MLI,2002,12288050
MLI,2001,11912158
MLI,2000,11559290
MLI,1999,11227415
MLI,1998,10919573
MLI,1997,10646495
MLI,1996,10407278
MLI,1995,10185365
MLI,1994,9967031
MLI,1993,9754786
MLI,1992,9553540
MLI,1991,9362888
MLI,1990,9178830
MLI,1989,8999938
MLI,1988,8833996
MLI,1987,8681164
MLI,1986,8531277
MLI,1985,8374663
MLT,2025,579704
MLT,2024,568847
MLT,2023,552747
MLT,2022,531113
MLT,2021,518150
MLT,2020,515490
MLT,2019,503912
MLT,2018,483903
MLT,2017,467106
MLT,2016,454505
MLT,2015,444220
MLT,2014,433481
MLT,2013,424810
MLT,2012,420028
MLT,2011,416268
MLT,2010,414508
MLT,2009,412477
MLT,2008,409379
MLT,2007,406724
MLT,2006,405308
MLT,2005,403834
MLT,2004,401268
MLT,2003,398582
MLT,2002,395969
MLT,2001,393028
MLT,2000,390087
MLT,1999,387578
MLT,1998,385287
MLT,1997,382791
MLT,1996,379905
MLT,1995,377419
MLT,1994,374797
MLT,1993,371308
MLT,1992,367618
MLT,1991,363845
MLT,1990,354170
MLT,1989,350722
MLT,1988,347325
MLT,1987,344485
MLT,1986,342121
MLT,1985,336452
MHL,2025,36282
MHL,2024,37548
MHL,2023,38827
MHL,2022,40077
MHL,2021,41367
MHL,2020,42706
MHL,2019,44007
MHL,2018,45285
MHL,2017,46529
MHL,2016,47709
MHL,2015,48800
MHL,2014,49796
MHL,2013,50681
MHL,2012,51419
MHL,2011,51907
MHL,2010,52044
MHL,2009,52019
MHL,2008,52030
MHL,2007,52035
MHL,2006,51992
MHL,2005,51906
MHL,2004,51791
MHL,2003,51639
MHL,2002,51425
MHL,2001,51123
MHL,2000,50706
MHL,1999,50202
MHL,1998,49717
MHL,1997,49259
MHL,1996,48775
MHL,1995,48266
MHL,1994,47712
MHL,1993,47093
MHL,1992,46388
MHL,1991,45568
MHL,1990,44629
MHL,1989,43586
MHL,1988,42321
MHL,1987,40828
MHL,1986,39286
MHL,1985,37761
MRT,2025,5315065
MRT,2024,5169395
MRT,2023,5022441
MRT,2022,4875637
MRT,2021,4734874
MRT,2020,4600131
MRT,2019,4467708
MRT,2018,4337685
MRT,2017,4210600
MRT,2016,4086657
MRT,2015,3965959
MRT,2014,3848514
MRT,2013,3734318
MRT,2012,3619034
MRT,2011,3502811
MRT,2010,3390965
MRT,2009,3284448
MRT,2008,3183269
MRT,2007,3093059
MRT,2006,3013660
MRT,2005,2939059
MRT,2004,2868664
MRT,2003,2802046
MRT,2002,2738655
MRT,2001,2678760
MRT,2000,2613441
MRT,1999,2541698
MRT,1998,2474651
MRT,1997,2411306
MRT,1996,2358188
MRT,1995,2312017
MRT,1994,2249454
MRT,1993,2174328
MRT,1992,2088135
MRT,1991,2009738
MRT,1990,1951878
MRT,1989,1903048
MRT,1988,1855859
MRT,1987,1803014
MRT,1986,1751835
MRT,1985,1702107
MUS,2025,1243741
MUS,2024,1245779
MUS,2023,1248647
MUS,2022,1262523
MUS,2021,1266334
MUS,2020,1266014
MUS,2019,1265985
MUS,2018,1265577
MUS,2017,1264887
MUS,2016,1263747
MUS,2015,1262879
MUS,2014,1261208
MUS,2013,1258927
MUS,2012,1255882
MUS,2011,1252404
MUS,2010,1250400
MUS,2009,1247429
MUS,2008,1244121
MUS,2007,1239630
MUS,2006,1233996
MUS,2005,1228254
MUS,2004,1221003
MUS,2003,1213370
MUS,2002,1204621
MUS,2001,1196287
MUS,2000,1186873
MUS,1999,1175267
MUS,1998,1160421
MUS,1997,1148284
MUS,1996,1133996
MUS,1995,1122457
MUS,1994,1112846
MUS,1993,1097374
MUS,1992,1084441
MUS,1991,1070266
MUS,1990,1058775
MUS,1989,1051260
MUS,1988,1043239
MUS,1987,1036082
MUS,1986,1028360
MUS,1985,1020528
MEX,2025,131946900
MEX,2024,130861007
MEX,2023,129739759
MEX,2022,128613117
MEX,2021,127648148
MEX,2020,126799054
MEX,2019,125762982
MEX,2018,124573711
MEX,2017,123400057
MEX,2016,122251351
MEX,2015,121072306
MEX,2014,119784261
MEX,2013,118343573
MEX,2012,116818208
MEX,2011,115243504
MEX,2010,113623895
MEX,2009,111999721
MEX,2008,110374288
MEX,2007,108774360
MEX,2006,107253666
MEX,2005,105811504
MEX,2004,104394131
MEX,2003,102978515
MEX,2002,101548624
MEX,2001,100099099
MEX,2000,98625552
MEX,1999,97115707
MEX,1998,95575245
MEX,1997,94021207
MEX,1996,92452702
MEX,1995,90862455
MEX,1994,89259205
MEX,1993,87653807
MEX,1992,86044809
MEX,1991,84430572
MEX,1990,82820170
MEX,1989,81247182
MEX,1988,79695531
MEX,1987,78136651
MEX,1986,76585637
MEX,1985,75043414
FSM,2025,113683
FSM,2024,113160
FSM,2023,112630
FSM,2022,112114
FSM,2021,111624
FSM,2020,110916
FSM,2019,110282
FSM,2018,109909
FSM,2017,109481
FSM,2016,109075
FSM,2015,108716
FSM,2014,108396
FSM,2013,108121
FSM,2012,107890
FSM,2011,107698
FSM,2010,107540
FSM,2009,107957
FSM,2008,108936
FSM,2007,109880
FSM,2006,110729
FSM,2005,111412
FSM,2004,111925
FSM,2003,112285
FSM,2002,112448
FSM,2001,112365
FSM,2000,112044
FSM,1999,111680
FSM,1998,111377
FSM,1997,111071
FSM,1996,110710
FSM,1995,110230
FSM,1994,109075
FSM,1993,107066
FSM,1992,104806
FSM,1991,102754
FSM,1990,100888
FSM,1989,99003
FSM,1988,97097
FSM,1987,94844
FSM,1986,92266
FSM,1985,89707
MDA,2025,2360527
MDA,2024,2402306
MDA,2023,2457783
MDA,2022,2528654
MDA,2021,2595809
MDA,2020,2635130
MDA,2019,2664224
MDA,2018,2707203
MDA,2017,2755189
MDA,2016,2803186
MDA,2015,2835978
MDA,2014,2857815
MDA,2013,2859558
MDA,2012,2860324
MDA,2011,2860699
MDA,2010,2862354
MDA,2009,2865213
MDA,2008,2868833
MDA,2007,2874299
MDA,2006,2880967
MDA,2005,2888985
MDA,2004,2896023
MDA,2003,2903198
MDA,2002,2911385
MDA,2001,2918135
MDA,2000,2924668
MDA,1999,2930622
MDA,1998,2935227
MDA,1997,2936413
MDA,1996,2947293
MDA,1995,2953200
MDA,1994,2966745
MDA,1993,2975966
MDA,1992,2980965
MDA,1991,2981566
MDA,1990,2977912
MDA,1989,2970039
MDA,1988,2948891
MDA,1987,2916306
MDA,1986,2883057
MDA,1985,2850787
MCO,2025,38341
MCO,2024,38631
MCO,2023,38956
MCO,2022,38931
MCO,2021,38527
MCO,2020,38050
MCO,2019,38109
MCO,2018,38154
MCO,2017,37678
MCO,2016,37276
MCO,2015,36757
MCO,2014,36128
MCO,2013,35447
MCO,2012,34711
MCO,2011,33946
MCO,2010,33163
MCO,2009,32364
MCO,2008,31836
MCO,2007,31837
MCO,2006,32057
MCO,2005,32210
MCO,2004,32307
MCO,2003,32374
MCO,2002,32422
MCO,2001,32447
MCO,2000,32455
MCO,1999,32410
MCO,1998,32267
MCO,1997,32063
MCO,1996,31837
MCO,1995,31609
MCO,1994,31375
MCO,1993,31136
MCO,1992,30887
MCO,1991,30625
MCO,1990,30358
MCO,1989,30084
MCO,1988,29781
MCO,1987,29446
MCO,1986,29093
MCO,1985,28731
MNG,2025,3568978
MNG,2024,3524788
MNG,2023,3481145
MNG,2022,3433748
MNG,2021,3383741
MNG,2020,3327204
MNG,2019,3267673
MNG,2018,3208189
MNG,2017,3148917
MNG,2016,3088856
MNG,2015,3026864
MNG,2014,2963113
MNG,2013,2899011
MNG,2012,2839705
MNG,2011,2786317
MNG,2010,2738622
MNG,2009,2691115
MNG,2008,2643201
MNG,2007,2601850
MNG,2006,2567168
MNG,2005,2536407
MNG,2004,2508412
MNG,2003,2480374
MNG,2002,2449027
MNG,2001,2417751
MNG,2000,2388299
MNG,1999,2356813
MNG,1998,2323809
MNG,1997,2291750
MNG,1996,2259507
MNG,1995,2224945
MNG,1994,2189395
MNG,1993,2165130
MNG,1992,2167790
MNG,1991,2165342
MNG,1990,2098710
MNG,1989,2124185
MNG,1988,2076322
MNG,1987,2022800
MNG,1986,1970965
MNG,1985,1921514
MNE,2025,623129
MNE,2024,623525
MNE,2023,623529
MNE,2022,623591
MNE,2021,625053
MNE,2020,626590
MNE,2019,626753
MNE,2018,626438
MNE,2017,625982
MNE,2016,625353
MNE,2015,624651
MNE,2014,623744
MNE,2013,622587
MNE,2012,621418
MNE,2011,620345
MNE,2010,619428
MNE,2009,618294
MNE,2008,616969
MNE,2007,615875
MNE,2006,615025
MNE,2005,614261
MNE,2004,613353
MNE,2003,612267
MNE,2002,609828
MNE,2001,607389
MNE,2000,604950
MNE,1999,606001
MNE,1998,607662
MNE,1997,609520
MNE,1996,611003
MNE,1995,611712
MNE,1994,611389
MNE,1993,610170
MNE,1992,608516
MNE,1991,607105
MNE,1990,606372
MNE,1989,606571
MNE,1988,607413
MNE,1987,608144
MNE,1986,607711
MNE,1985,605398
MAR,2025,38430770
MAR,2024,38081173
MAR,2023,37712505
MAR,2022,37329064
MAR,2021,36954442
MAR,2020,36584208
MAR,2019,36210898
MAR,2018,35839760
MAR,2017,35446392
MAR,2016,35023457
MAR,2015,34607588
MAR,2014,34204780
MAR,2013,33787571
MAR,2012,33355241
MAR,2011,32912588
MAR,2010,32467016
MAR,2009,32030778
MAR,2008,31606767
MAR,2007,31186468
MAR,2006,30771178
MAR,2005,30358144
MAR,2004,29953018
MAR,2003,29571415
MAR,2002,29198142
MAR,2001,28814643
MAR,2000,28423435
MAR,1999,28027179
MAR,1998,27621648
MAR,1997,27213337
MAR,1996,26808107
MAR,1995,26399429
MAR,1994,26000822
MAR,1993,25614586
MAR,1992,25212468
MAR,1991,24799014
MAR,1990,24375551
MAR,1989,23939414
MAR,1988,23500524
MAR,1987,23054392
MAR,1986,22600803
MAR,1985,22113953
MOZ,2025,35631653
MOZ,2024,34631766
MOZ,2023,33635160
MOZ,2022,32656246
MOZ,2021,31707800
MOZ,2020,30783688
MOZ,2019,29884380
MOZ,2018,29018644
MOZ,2017,28166393
MOZ,2016,27337105
MOZ,2015,26547572
MOZ,2014,25788475
MOZ,2013,25051611
MOZ,2012,24337846
MOZ,2011,23649039
MOZ,2010,22999235
MOZ,2009,22391745
MOZ,2008,21819036
MOZ,2007,21287635
MOZ,2006,20787087
MOZ,2005,20304569
MOZ,2004,19840313
MOZ,2003,19392475
MOZ,2002,18958338
MOZ,2001,18537729
MOZ,2000,18129653
MOZ,1999,17734506
MOZ,1998,17340464
MOZ,1997,16949982
MOZ,1996,16492480
MOZ,1995,15960530
MOZ,1994,15033853
MOZ,1993,14051192
MOZ,1992,13613316
MOZ,1991,13352090
MOZ,1990,13094537
MOZ,1989,12906842
MOZ,1988,12800558
MOZ,1987,12822574
MOZ,1986,12770578
MOZ,1985,12548949
MMR,2025,54850648
MMR,2024,54500091
MMR,2023,54133798
MMR,2022,53756787
MMR,2021,53387102
MMR,2020,53016522
MMR,2019,52640713
MMR,2018,52272247
MMR,2017,51894938
MMR,2016,51495696
MMR,2015,51089056
MMR,2014,50681634
MMR,2013,50262658
MMR,2012,49837446
MMR,2011,49419820
MMR,2010,49024382
MMR,2009,48660459
MMR,2008,48390793
MMR,2007,48125043
MMR,2006,47785135
MMR,2005,47438365
MMR,2004,47068772
MMR,2003,46667192
MMR,2002,46232653
MMR,2001,45771139
MMR,2000,45290841
MMR,1999,44787724
MMR,1998,44257793
MMR,1997,43708798
MMR,1996,43154860
MMR,1995,42605338
MMR,1994,42055143
MMR,1993,41502429
MMR,1992,40950342
MMR,1991,40394154
MMR,1990,39817251
MMR,1989,39214618
MMR,1988,38600927
MMR,1987,37971594
MMR,1986,37314878
MMR,1985,36622827
NAM,2025,3092816
NAM,2024,3030131
NAM,2023,2963095
NAM,2022,2889662
NAM,2021,2810548
NAM,2020,2728762
NAM,2019,2650494
NAM,2018,2577327
NAM,2017,2506853
NAM,2016,2439213
NAM,2015,2374300
NAM,2014,2312139
NAM,2013,2252508
NAM,2012,2194654
NAM,2011,2146325
NAM,2010,2109811
NAM,2009,2077394
NAM,2008,2047056
NAM,2007,2018600
NAM,2006,1991888
NAM,2005,1966582
NAM,2004,1942082
NAM,2003,1917464
NAM,2002,1889970
NAM,2001,1857048
NAM,2000,1818647
NAM,1999,1776368
NAM,1998,1732745
NAM,1997,1689264
NAM,1996,1646103
NAM,1995,1602170
NAM,1994,1556304
NAM,1993,1508697
NAM,1992,1461322
NAM,1991,1415684
NAM,1990,1369303
NAM,1989,1288947
NAM,1988,1209696
NAM,1987,1167889
NAM,1986,1131081
NAM,1985,1096890
NRU,2025,12025
NRU,2024,11947
NRU,2023,11875
NRU,2022,11801
NRU,2021,11709
NRU,2020,11643
NRU,2019,11587
NRU,2018,11477
NRU,2017,11324
NRU,2016,11150
NRU,2015,10954
NRU,2014,10742
NRU,2013,10517
NRU,2012,10267
NRU,2011,10098
NRU,2010,10043
NRU,2009,10016
NRU,2008,10009
NRU,2007,10020
NRU,2006,10034
NRU,2005,10049
NRU,2004,10060
NRU,2003,10059
NRU,2002,10082
NRU,2001,10130
NRU,2000,10168
NRU,1999,10187
NRU,1998,10198
NRU,1997,10197
NRU,1996,10183
NRU,1995,10165
NRU,1994,10137
NRU,1993,10102
NRU,1992,10021
NRU,1991,9850
NRU,1990,9622
NRU,1989,9390
NRU,1988,9165
NRU,1987,8946
NRU,1986,8742
NRU,1985,8551
NPL,2025,29618118
NPL,2024,29651054
NPL,2023,29694614
NPL,2022,29715436
NPL,2021,29475010
NPL,2020,28966574
NPL,2019,28414064
NPL,2018,28079689
NPL,2017,28011258
NPL,2016,27955462
NPL,2015,27823629
NPL,2014,27672370
NPL,2013,27589996
NPL,2012,27534915
NPL,2011,27464494
NPL,2010,27341952
NPL,2009,27173035
NPL,2008,26990037
NPL,2007,26788492
NPL,2006,26565425
NPL,2005,26309458
NPL,2004,26016656
NPL,2003,25688758
NPL,2002,25328981
NPL,2001,24946748
NPL,2000,24546509
NPL,1999,24125199
NPL,1998,23680357
NPL,1997,23219463
NPL,1996,22741862
NPL,1995,22245439
NPL,1994,21717479
NPL,1993,21180159
NPL,1992,20609707
NPL,1991,20036500
NPL,1990,19524573
NPL,1989,19057807
NPL,1988,18638661
NPL,1987,18250505
NPL,1986,17868124
NPL,1985,17477692
NLD,2025,18087633
NLD,2024,17993485
NLD,2023,17877117
NLD,2022,17700982
NLD,2021,17533044
NLD,2020,17441500
NLD,2019,17344874
NLD,2018,17231624
NLD,2017,17131296
NLD,2016,17030314
NLD,2015,16939923
NLD,2014,16865008
NLD,2013,16804432
NLD,2012,16754962
NLD,2011,16693074
NLD,2010,16615394
NLD,2009,16530388
NLD,2008,16445593
NLD,2007,16381696
NLD,2006,16346101
NLD,2005,16319868
NLD,2004,16281779
NLD,2003,16225302
NLD,2002,16148929
NLD,2001,16046180
NLD,2000,15925513
NLD,1999,15812088
NLD,1998,15707209
NLD,1997,15610650
NLD,1996,15530498
NLD,1995,15459006
NLD,1994,15382838
NLD,1993,15290368
NLD,1992,15184166
NLD,1991,15069798
NLD,1990,14951510
NLD,1989,14848907
NLD,1988,14760094
NLD,1987,14665037
NLD,1986,14572278
NLD,1985,14491632
NCL,2025,295333
NCL,2024,292639
NCL,2023,289870
NCL,2022,287123
NCL,2021,285214
NCL,2020,284176
NCL,2019,283606
NCL,2018,283541
NCL,2017,283546
NCL,2016,283423
NCL,2015,283168
NCL,2014,281224
NCL,2013,276822
NCL,2012,271633
NCL,2011,266543
NCL,2010,261582
NCL,2009,257250
NCL,2008,253825
NCL,2007,250725
NCL,2006,247547
NCL,2005,244381
NCL,2004,240852
NCL,2003,236678
NCL,2002,232236
NCL,2001,227707
NCL,2000,223098
NCL,1999,218527
NCL,1998,214047
NCL,1997,209560
NCL,1996,205034
NCL,1995,200379
NCL,1994,195614
NCL,1993,190857
NCL,1992,186072
NCL,1991,181238
NCL,1990,176456
NCL,1989,172029
NCL,1988,168502
NCL,1987,165650
NCL,1986,162898
NCL,1985,160234
NZL,2025,5324700
NZL,2024,5290000
NZL,2023,5200000
NZL,2022,5081700
NZL,2021,5084600
NZL,2020,5072400
NZL,2019,4970300
NZL,2018,4900600
NZL,2017,4813600
NZL,2016,4714100
NZL,2015,4609400
NZL,2014,4516500
NZL,2013,4442100
NZL,2012,4408100
NZL,2011,4384000
NZL,2010,4350700
NZL,2009,4302600
NZL,2008,4259800
NZL,2007,4223800
NZL,2006,4184600
NZL,2005,4133900
NZL,2004,4087500
NZL,2003,4027200
NZL,2002,3948500
NZL,2001,3880500
NZL,2000,3857700
NZL,1999,3835100
NZL,1998,3815000
NZL,1997,3781300
NZL,1996,3732000
NZL,1995,3673400
NZL,1994,3620000
NZL,1993,3572200
NZL,1992,3531700
NZL,1991,3495100
NZL,1990,3329800
NZL,1989,3299200
NZL,1988,3283400
NZL,1987,3274400
NZL,1986,3246300
NZL,1985,3247100
NIC,2025,7007502
NIC,2024,6916140
NIC,2023,6823613
NIC,2022,6730654
NIC,2021,6644741
NIC,2020,6565267
NIC,2019,6483657
NIC,2018,6400080
NIC,2017,6316231
NIC,2016,6232666
NIC,2015,6149417
NIC,2014,6066492
NIC,2013,5983845
NIC,2012,5901287
NIC,2011,5819051
NIC,2010,5737450
NIC,2009,5656601
NIC,2008,5576593
NIC,2007,5497243
NIC,2006,5418855
NIC,2005,5342105
NIC,2004,5272912
NIC,2003,5210963
NIC,2002,5149909
NIC,2001,5087825
NIC,2000,5022633
NIC,1999,4954018
NIC,1998,4883655
NIC,1997,4809573
NIC,1996,4729974
NIC,1995,4642931
NIC,1994,4549316
NIC,1993,4453732
NIC,1992,4357026
NIC,1991,4259637
NIC,1990,4162559
NIC,1989,4066476
NIC,1988,3972320
NIC,1987,3882164
NIC,1986,3794157
NIC,1985,3706479
NER,2025,27917831
NER,2024,27032412
NER,2023,26159867
NER,2022,25311973
NER,2021,24502140
NER,2020,23717613
NER,2019,22947757
NER,2018,22188069
NER,2017,21435446
NER,2016,20685753
NER,2015,19939498
NER,2014,19215909
NER,2013,18519898
NER,2012,17836769
NER,2011,17176283
NER,2010,16548835
NER,2009,15943675
NER,2008,15361915
NER,2007,14803610
NER,2006,14268581
NER,2005,13756192
NER,2004,13265836
NER,2003,12796984
NER,2002,12349144
NER,2001,11920647
NER,2000,11509630
NER,1999,11117411
NER,1998,10741413
NER,1997,10383969
NER,1996,10044852
NER,1995,9714529
NER,1994,9398258
NER,1993,9100789
NER,1992,8817633
NER,1991,8546900
NER,1990,8286059
NER,1989,8034780
NER,1988,7793748
NER,1987,7561150
NER,1986,7335811
NER,1985,7118457
NGA,2025,237527782
NGA,2024,232679478
NGA,2023,227882945
NGA,2022,223150896
NGA,2021,218529286
NGA,2020,213996181
NGA,2019,209485641
NGA,2018,204938755
NGA,2017,200254579
NGA,2016,195443700
NGA,2015,190671878
NGA,2014,185896915
NGA,2013,181049443
NGA,2012,176200625
NGA,2011,171379598
NGA,2010,166642886
NGA,2009,162049464
NGA,2008,157595014
NGA,2007,153267261
NGA,2006,149077334
NGA,2005,145017253
NGA,2004,141057045
NGA,2003,137202644
NGA,2002,133471989
NGA,2001,129862595
NGA,2000,126382494
NGA,1999,123047320
NGA,1998,119846254
NGA,1997,116754792
NGA,1996,113754779
NGA,1995,110819428
NGA,1994,107935714
NGA,1993,105122069
NGA,1992,102372770
NGA,1991,99720162
NGA,1990,97120925
NGA,1989,94531014
NGA,1988,92020090
NGA,1987,89591716
NGA,1986,87235953
NGA,1985,84897973
MKD,2025,1820909
MKD,2024,1824359
MKD,2023,1827816
MKD,2022,1831712
MKD,2021,1837114
MKD,2020,1856124
MKD,2019,1876262
MKD,2018,1889051
MKD,2017,1898657
MKD,2016,1906313
MKD,2015,1912430
MKD,2014,1917557
MKD,2013,1922716
MKD,2012,1929821
MKD,2011,1937398
MKD,2010,1946298
MKD,2009,1958782
MKD,2008,1971493
MKD,2007,1982933
MKD,2006,1994287
MKD,2005,2005330
MKD,2004,2016186
MKD,2003,2022725
MKD,2002,2020157
MKD,2001,2034882
MKD,2000,2026350
MKD,1999,2017142
MKD,1998,2007523
MKD,1997,1996869
MKD,1996,2012553
MKD,1995,1998534
MKD,1994,1992666
MKD,1993,2006854
MKD,1992,2032523
MKD,1991,2055994
MKD,1990,2063689
MKD,1989,2055649
MKD,1988,2045737
MKD,1987,2035157
MKD,1986,2024732
MKD,1985,2014331
MNP,2025,43541
MNP,2024,44278
MNP,2023,45143
MNP,2022,46078
MNP,2021,46979
MNP,2020,47528
MNP,2019,48129
MNP,2018,49077
MNP,2017,49959
MNP,2016,50773
MNP,2015,51514
MNP,2014,52178
MNP,2013,52758
MNP,2012,53234
MNP,2011,53608
MNP,2010,54091
MNP,2009,55325
MNP,2008,57150
MNP,2007,58941
MNP,2006,60682
MNP,2005,62354
MNP,2004,63938
MNP,2003,65421
MNP,2002,66778
MNP,2001,67984
MNP,2000,68356
MNP,1999,65916
MNP,1998,61337
MNP,1997,56596
MNP,1996,51706
MNP,1995,48176
MNP,1994,46730
MNP,1993,45952
MNP,1992,45181
MNP,1991,44393
MNP,1990,43342
MNP,1989,41303
MNP,1988,38519
MNP,1987,35736
MNP,1986,32980
MNP,1985,30258
NOR,2025,5610870
NOR,2024,5572279
NOR,2023,5519601
NOR,2022,5457127
NOR,2021,5408320
NOR,2020,5379475
NOR,2019,5347896
NOR,2018,5311916
NOR,2017,5276968
NOR,2016,5234519
NOR,2015,5188607
NOR,2014,5137232
NOR,2013,5079623
NOR,2012,5018573
NOR,2011,4953088
NOR,2010,4889252
NOR,2009,4828726
NOR,2008,4768212
NOR,2007,4709153
NOR,2006,4660677
NOR,2005,4623291
NOR,2004,4591910
NOR,2003,4564855
NOR,2002,4538159
NOR,2001,4513751
NOR,2000,4490967
NOR,1999,4461913
NOR,1998,4431464
NOR,1997,4405157
NOR,1996,4381336
NOR,1995,4359184
NOR,1994,4336613
NOR,1993,4311991
NOR,1992,4286401
NOR,1991,4261732
NOR,1990,4241473
NOR,1989,4226901
NOR,1988,4209488
NOR,1987,4186905
NOR,1986,4167354
NOR,1985,4152516
OMN,2025,5494691
OMN,2024,5281538
OMN,2023,5049269
OMN,2022,4730226
OMN,2021,4500424
OMN,2020,4522497
OMN,2019,4591241
OMN,2018,4597877
OMN,2017,4537396
OMN,2016,4390877
OMN,2015,4184895
OMN,2014,4002439
OMN,2013,3833913
OMN,2012,3547106
OMN,2011,3076763
OMN,2010,2757446
OMN,2009,2684659
OMN,2008,2626529
OMN,2007,2570174
OMN,2006,2514795
OMN,2005,2459802
OMN,2004,2404821
OMN,2003,2363796
OMN,2002,2337140
OMN,2001,2310217
OMN,2000,2282131
OMN,1999,2252909
OMN,1998,2222489
OMN,1997,2190720
OMN,1996,2156926
OMN,1995,2120528
OMN,1994,2081834
OMN,1993,2021675
OMN,1992,1938238
OMN,1991,1851473
OMN,1990,1763954
OMN,1989,1676228
OMN,1988,1588568
OMN,1987,1500996
OMN,1986,1413419
OMN,1985,1325480
PAK,2025,255219554
PAK,2024,251269164
PAK,2023,247504495
PAK,2022,243700667
PAK,2021,239477801
PAK,2020,235001746
PAK,2019,230800899
PAK,2018,226928892
PAK,2017,223273967
PAK,2016,220138869
PAK,2015,217290883
PAK,2014,214264647
PAK,2013,211073978
PAK,2012,207667125
PAK,2011,203746065
PAK,2010,199239047
PAK,2009,194376534
PAK,2008,189499113
PAK,2007,184493231
PAK,2006,179682690
PAK,2005,175453212
PAK,2004,171286000
PAK,2003,167110248
PAK,2002,163222549
PAK,2001,159270907
PAK,2000,154879127
PAK,1999,150565377
PAK,1998,146522356
PAK,1997,142531804
PAK,1996,138557092
PAK,1995,134582253
PAK,1994,130748083
PAK,1993,127020117
PAK,1992,123546848
PAK,1991,120060406
PAK,1990,116155576
PAK,1989,112336629
PAK,1988,108724739
PAK,1987,105130717
PAK,1986,101606764
PAK,1985,98229285
PLW,2025,17663
PLW,2024,17695
PLW,2023,17727
PLW,2022,17759
PLW,2021,17783
PLW,2020,17792
PLW,2019,17798
PLW,2018,17814
PLW,2017,17812
PLW,2016,17797
PLW,2015,17770
PLW,2014,17715
PLW,2013,17648
PLW,2012,17765
PLW,2011,18078
PLW,2010,18396
PLW,2009,18709
PLW,2008,19009
PLW,2007,19302
PLW,2006,19593
PLW,2005,19819
PLW,2004,19820
PLW,2003,19659
PLW,2002,19503
PLW,2001,19352
PLW,2000,19178
PLW,1999,18901
PLW,1998,18524
PLW,1997,18108
PLW,1996,17654
PLW,1995,17195
PLW,1994,16770
PLW,1993,16372
PLW,1992,15989
PLW,1991,15614
PLW,1990,15259
PLW,1989,14945
PLW,1988,14645
PLW,1987,14334
PLW,1986,14024
PLW,1985,13688
PAN,2025,4571189
PAN,2024,4515577
PAN,2023,4458759
PAN,2022,4400773
PAN,2021,4345405
PAN,2020,4293261
PAN,2019,4234700
PAN,2018,4167860
PAN,2017,4098707
PAN,2016,4029086
PAN,2015,3960035
PAN,2014,3892101
PAN,2013,3825329
PAN,2012,3759256
PAN,2011,3693505
PAN,2010,3628535
PAN,2009,3564381
PAN,2008,3500648
PAN,2007,3437490
PAN,2006,3375024
PAN,2005,3313026
PAN,2004,3251155
PAN,2003,3189807
PAN,2002,3129344
PAN,2001,3069537
PAN,2000,3010369
PAN,1999,2951822
PAN,1998,2893914
PAN,1997,2836695
PAN,1996,2780227
PAN,1995,2724557
PAN,1994,2669546
PAN,1993,2615099
PAN,1992,2561336
PAN,1991,2508265
PAN,1990,2455583
PAN,1989,2403820
PAN,1988,2352848
PAN,1987,2301970
PAN,1986,2251325
PAN,1985,2200915
PNG,2025,10762817
PNG,2024,10576502
PNG,2023,10389635
PNG,2022,10203169
PNG,2021,10012896
PNG,2020,9815746
PNG,2019,9609010
PNG,2018,9394513
PNG,2017,9178714
PNG,2016,8961718
PNG,2015,8743246
PNG,2014,8523441
PNG,2013,8302698
PNG,2012,8081390
PNG,2011,7859346
PNG,2010,7633523
PNG,2009,7406438
PNG,2008,7183002
PNG,2007,6963345
PNG,2006,6747720
PNG,2005,6535905
PNG,2004,6328041
PNG,2003,6123997
PNG,2002,5924003
PNG,2001,5728435
PNG,2000,5537064
PNG,1999,5349333
PNG,1998,5166390
PNG,1997,4987883
PNG,1996,4813361
PNG,1995,4644278
PNG,1994,4480208
PNG,1993,4320872
PNG,1992,4166699
PNG,1991,4021837
PNG,1990,3896481
PNG,1989,3796078
PNG,1988,3711880
PNG,1987,3632543
PNG,1986,3554793
PNG,1985,3478936
PRY,2025,7013078
PRY,2024,6929153
PRY,2023,6844146
PRY,2022,6760464
PRY,2021,6684182
PRY,2020,6603739
PRY,2019,6515058
PRY,2018,6427382
PRY,2017,6338660
PRY,2016,6249126
PRY,2015,6159103
PRY,2014,6069811
PRY,2013,5982445
PRY,2012,5897008
PRY,2011,5814626
PRY,2010,5737971
PRY,2009,5671236
PRY,2008,5613574
PRY,2007,5559386
PRY,2006,5505148
PRY,2005,5448097
PRY,2004,5388175
PRY,2003,5326436
PRY,2002,5261328
PRY,2001,5187689
PRY,2000,5100868
PRY,1999,5003135
PRY,1998,4900025
PRY,1997,4794412
PRY,1996,4687543
PRY,1995,4579806
PRY,1994,4471417
PRY,1993,4362696
PRY,1992,4253600
PRY,1991,4144364
PRY,1990,4035747
PRY,1989,3927802
PRY,1988,3820546
PRY,1987,3714889
PRY,1986,3611474
PRY,1985,3510671
PER,2025,34576665
PER,2024,34217848
PER,2023,33845617
PER,2022,33475438
PER,2021,33155882
PER,2020,32838579
PER,2019,32449303
PER,2018,31897584
PER,2017,31324637
PER,2016,30866494
PER,2015,30457600
PER,2014,30115826
PER,2013,29817919
PER,2012,29550366
PER,2011,29304086
PER,2010,29086019
PER,2009,28896811
PER,2008,28719041
PER,2007,28530699
PER,2006,28324491
PER,2005,28101180
PER,2004,27852190
PER,2003,27580490
PER,2002,27288217
PER,2001,26964601
PER,2000,26598331
PER,1999,26186504
PER,1998,25738095
PER,1997,25274147
PER,1996,24811171
PER,1995,24348919
PER,1994,23881493
PER,1993,23413783
PER,1992,22946340
PER,1991,22483775
PER,1990,22014771
PER,1989,21532589
PER,1988,21054702
PER,1987,20582320
PER,1986,20117122
PER,1985,19648204
PHL,2025,116786962
PHL,2024,115843670
PHL,2023,114891199
PHL,2022,113964338
PHL,2021,113100950
PHL,2020,112081264
PHL,2019,110804683
PHL,2018,109465287
PHL,2017,108119693
PHL,2016,106735719
PHL,2015,105312992
PHL,2014,103767130
PHL,2013,102076336
PHL,2012,100175512
PHL,2011,98248614
PHL,2010,96337125
PHL,2009,94384250
PHL,2008,92699095
PHL,2007,91075184
PHL,2006,89508986
PHL,2005,88015962
PHL,2004,86394504
PHL,2003,84731835
PHL,2002,83068889
PHL,2001,81401488
PHL,2000,79625397
PHL,1999,77753257
PHL,1998,75791024
PHL,1997,73908810
PHL,1996,72190242
PHL,1995,70546246
PHL,1994,69019291
PHL,1993,67530621
PHL,1992,65926125
PHL,1991,64382249
PHL,1990,62854666
PHL,1989,61265260
PHL,1988,59739052
PHL,1987,58157496
PHL,1986,56645077
PHL,1985,55213006
POL,2025,36435861
POL,2024,36559233
POL,2023,36687353
POL,2022,36821749
POL,2021,36981559
POL,2020,37515748
POL,2019,37965475
POL,2018,37974750
POL,2017,37974826
POL,2016,37970087
POL,2015,37986412
POL,2014,38011735
POL,2013,38040196
POL,2012,38063164
POL,2011,38063255
POL,2010,38042794
POL,2009,38151603
POL,2008,38125759
POL,2007,38120560
POL,2006,38141267
POL,2005,38165445
POL,2004,38182222
POL,2003,38204570
POL,2002,38230364
POL,2001,38248076
POL,2000,38258629
POL,1999,38660271
POL,1998,38663481
POL,1997,38649660
POL,1996,38624370
POL,1995,38594998
POL,1994,38542652
POL,1993,38461408
POL,1992,38363667
POL,1991,38246193
POL,1990,38110782
POL,1989,37961529
POL,1988,37824487
POL,1987,37668045
POL,1986,37456119
POL,1985,37201885
PRT,2025,10804871
PRT,2024,10694681
PRT,2023,10578174
PRT,2022,10434332
PRT,2021,10361831
PRT,2020,10297081
PRT,2019,10286263
PRT,2018,10283822
PRT,2017,10300300
PRT,2016,10325452
PRT,2015,10358076
PRT,2014,10401062
PRT,2013,10457295
PRT,2012,10514844
PRT,2011,10557560
PRT,2010,10573100
PRT,2009,10568247
PRT,2008,10558177
PRT,2007,10542964
PRT,2006,10522288
PRT,2005,10503330
PRT,2004,10483861
PRT,2003,10458821
PRT,2002,10419631
PRT,2001,10362722
PRT,2000,10289898
PRT,1999,10217828
PRT,1998,10160196
PRT,1997,10108977
PRT,1996,10063945
PRT,1995,10026176
PRT,1994,9991525
PRT,1993,9964675
PRT,1992,9952494
PRT,1991,9960235
PRT,1990,9983218
PRT,1989,10005000
PRT,1988,10019610
PRT,1987,10030031
PRT,1986,10032734
PRT,1985,10023613
PRI,2025,3184835
PRI,2024,3202521
PRI,2023,3203794
PRI,2022,3220148
PRI,2021,3262731
PRI,2020,3281591
PRI,2019,3302691
PRI,2018,3290690
PRI,2017,3410837
PRI,2016,3480432
PRI,2015,3535167
PRI,2014,3585017
PRI,2013,3631427
PRI,2012,3661045
PRI,2011,3693464
PRI,2010,3724465
PRI,2009,3740410
PRI,2008,3760866
PRI,2007,3782995
PRI,2006,3805214
PRI,2005,3821362
PRI,2004,3826878
PRI,2003,3826095
PRI,2002,3823701
PRI,2001,3818774
PRI,2000,3810605
PRI,1999,3800081
PRI,1998,3781101
PRI,1997,3759430
PRI,1996,3724655
PRI,1995,3683103
PRI,1994,3649237
PRI,1993,3615497
PRI,1992,3585176
PRI,1991,3562110
PRI,1990,3537000
PRI,1989,3505650
PRI,1988,3473898
PRI,1987,3441850
PRI,1986,3409554
PRI,1985,3377000
QAT,2025,2972215
QAT,2024,2857822
QAT,2023,2656032
QAT,2022,2657333
QAT,2021,2504910
QAT,2020,2794148
QAT,2019,2638657
QAT,2018,2580734
QAT,2017,2545820
QAT,2016,2477113
QAT,2015,2344557
QAT,2014,2151745
QAT,2013,1916426
QAT,2012,1722438
QAT,2011,1624761
QAT,2010,1616832
QAT,2009,1608903
QAT,2008,1426938
QAT,2007,1208595
QAT,2006,972831
QAT,2005,825408
QAT,2004,773332
QAT,2003,744682
QAT,2002,711205
QAT,2001,677925
QAT,2000,644989
QAT,1999,612500
QAT,1998,580540
QAT,1997,550500
QAT,1996,529019
QAT,1995,514325
QAT,1994,499459
QAT,1993,484545
QAT,1992,469657
QAT,1991,454853
QAT,1990,440175
QAT,1989,425646
QAT,1988,411264
QAT,1987,397005
QAT,1986,382422
QAT,1985,365940
ROU,2025,19020271
ROU,2024,19051804
ROU,2023,19061062
ROU,2022,19048502
ROU,2021,19122059
ROU,2020,19265250
ROU,2019,19371648
ROU,2018,19473970
ROU,2017,19588715
ROU,2016,19702267
ROU,2015,19815616
ROU,2014,19908979
ROU,2013,19983693
ROU,2012,20058035
ROU,2011,20147528
ROU,2010,20246871
ROU,2009,20367487
ROU,2008,20537875
ROU,2007,20882982
ROU,2006,21193760
ROU,2005,21319685
ROU,2004,21451748
ROU,2003,21574326
ROU,2002,21730496
ROU,2001,22131970
ROU,2000,22442971
ROU,1999,22472040
ROU,1998,22507344
ROU,1997,22553978
ROU,1996,22619004
ROU,1995,22684270
ROU,1994,22730211
ROU,1993,22763280
ROU,1992,22794284
ROU,1991,23001155
ROU,1990,23201835
ROU,1989,23161458
ROU,1988,23057662
ROU,1987,22949430
ROU,1986,22836841
ROU,1985,22732999
RUS,2025,143513328
RUS,2024,143669648
RUS,2023,143826130
RUS,2022,144236933
RUS,2021,144746762
RUS,2020,145245148
RUS,2019,145453291
RUS,2018,145398106
RUS,2017,145293260
RUS,2016,145015460
RUS,2015,144640716
RUS,2014,144237223
RUS,2013,143805638
RUS,2012,143378447
RUS,2011,143018195
RUS,2010,142849468
RUS,2009,142785348
RUS,2008,142742366
RUS,2007,142805114
RUS,2006,143049637
RUS,2005,143518814
RUS,2004,144067316
RUS,2003,144648618
RUS,2002,145306497
RUS,2001,145976482
RUS,2000,146596869
RUS,1999,147214776
RUS,1998,147670784
RUS,1997,147915361
RUS,1996,148160129
RUS,1995,148375787
RUS,1994,148407912
RUS,1993,148458777
RUS,1992,148538197
RUS,1991,148394216
RUS,1990,147969406
RUS,1989,147721000
RUS,1988,146857000
RUS,1987,145908000
RUS,1986,144894000
RUS,1985,143858000
RWA,2025,14569341
RWA,2024,14256567
RWA,2023,13954471
RWA,2022,13651030
RWA,2021,13355260
RWA,2020,13065837
RWA,2019,12776103
RWA,2018,12487996
RWA,2017,12202060
RWA,2016,11919183
RWA,2015,11640022
RWA,2014,11364757
RWA,2013,11093340
RWA,2012,10829901
RWA,2011,10573733
RWA,2010,10317553
RWA,2009,10060432
RWA,2008,9804269
RWA,2007,9549933
RWA,2006,9299246
RWA,2005,9054528
RWA,2004,8816844
RWA,2003,8586875
RWA,2002,8400180
RWA,2001,8287094
RWA,2000,8213931
RWA,1999,8147912
RWA,1998,8081681
RWA,1997,7755238
RWA,1996,6708764
RWA,1995,5674118
RWA,1994,6792352
RWA,1993,7981132
RWA,1992,7683266
RWA,1991,7526966
RWA,1990,7375307
RWA,1989,7184706
RWA,1988,6968071
RWA,1987,6749493
RWA,1986,6531881
RWA,1985,6317228
WSM,2025,219306
WSM,2024,218019
WSM,2023,216663
WSM,2022,215261
WSM,2021,213779
WSM,2020,211944
WSM,2019,209780
WSM,2018,207582
WSM,2017,205415
WSM,2016,203499
WSM,2015,201782
WSM,2014,200037
WSM,2013,198268
WSM,2012,196498
WSM,2011,194713
WSM,2010,193023
WSM,2009,191513
WSM,2008,190107
WSM,2007,188753
WSM,2006,187709
WSM,2005,186978
WSM,2004,186249
WSM,2003,185430
WSM,2002,184471
WSM,2001,183166
WSM,2000,181685
WSM,1999,180275
WSM,1998,178905
WSM,1997,177547
WSM,1996,176071
WSM,1995,174571
WSM,1994,173159
WSM,1993,171774
WSM,1992,170331
WSM,1991,169368
WSM,1990,169042
WSM,1989,168768
WSM,1988,168346
WSM,1987,167661
WSM,1986,167061
WSM,1985,166849
SMR,2025,34109
SMR,2024,33977
SMR,2023,33860
SMR,2022,33755
SMR,2021,34252
SMR,2020,34770
SMR,2019,34663
SMR,2018,34522
SMR,2017,33825
SMR,2016,33101
SMR,2015,32897
SMR,2014,32655
SMR,2013,33041
SMR,2012,33469
SMR,2011,32620
SMR,2010,33270
SMR,2009,33066
SMR,2008,31662
SMR,2007,31211
SMR,2006,30184
SMR,2005,29836
SMR,2004,29457
SMR,2003,27843
SMR,2002,27491
SMR,2001,27143
SMR,2000,26799
SMR,1999,26459
SMR,1998,26125
SMR,1997,25800
SMR,1996,25482
SMR,1995,25158
SMR,1994,24823
SMR,1993,24472
SMR,1992,24125
SMR,1991,23797
SMR,1990,23475
SMR,1989,23154
SMR,1988,22843
SMR,1987,22686
SMR,1986,22636
SMR,1985,22485
STP,2025,240254
STP,2024,235536
STP,2023,230871
STP,2022,226305
STP,2021,221961
STP,2020,217435
STP,2019,213392
STP,2018,210187
STP,2017,206970
STP,2016,203689
STP,2015,200291
STP,2014,196767
STP,2013,193148
STP,2012,189439
STP,2011,185649
STP,2010,181802
STP,2009,177853
STP,2008,173793
STP,2007,169700
STP,2006,165638
STP,2005,161639
STP,2004,157705
STP,2003,153814
STP,2002,149922
STP,2001,146375
STP,2000,144018
STP,1999,142442
STP,1998,140751
STP,1997,138922
STP,1996,136962
STP,1995,134895
STP,1994,132732
STP,1993,130467
STP,1992,128110
STP,1991,125697
STP,1990,122980
STP,1989,119979
STP,1988,116939
STP,1987,113919
STP,1986,111150
STP,1985,108658
SAU,2025,36973555
SAU,2024,35300280
SAU,2023,33702731
SAU,2022,32175224
SAU,2021,30784383
SAU,2020,31552510
SAU,2019,30063799
SAU,2018,30196281
SAU,2017,30977355
SAU,2016,30954198
SAU,2015,29816382
SAU,2014,28309273
SAU,2013,27624004
SAU,2012,26168861
SAU,2011,25091867
SAU,2010,23978487
SAU,2009,24217654
SAU,2008,23287877
SAU,2007,22368313
SAU,2006,21459144
SAU,2005,20559890
SAU,2004,19669480
SAU,2003,18786767
SAU,2002,17910910
SAU,2001,17041397
SAU,2000,16177722
SAU,1999,15472075
SAU,1998,14922185
SAU,1997,14374943
SAU,1996,13831009
SAU,1995,13289245
SAU,1994,12750040
SAU,1993,12215862
SAU,1992,11686676
SAU,1991,11160744
SAU,1990,10640691
SAU,1989,10128394
SAU,1988,9629165
SAU,1987,9130194
SAU,1986,8628639
SAU,1985,8151779
SEN,2025,18931966
SEN,2024,18501984
SEN,2023,18077573
SEN,2022,17651103
SEN,2021,17220867
SEN,2020,16789219
SEN,2019,16352922
SEN,2018,15914498
SEN,2017,15475002
SEN,2016,15034521
SEN,2015,14593331
SEN,2014,14152102
SEN,2013,13710849
SEN,2012,13310495
SEN,2011,12958897
SEN,2010,12635413
SEN,2009,12337389
SEN,2008,12048959
SEN,2007,11770344
SEN,2006,11500094
SEN,2005,11235472
SEN,2004,10975704
SEN,2003,10721176
SEN,2002,10466214
SEN,2001,10212942
SEN,2000,9968260
SEN,1999,9730887
SEN,1998,9502952
SEN,1997,9283495
SEN,1996,9067014
SEN,1995,8848101
SEN,1994,8624078
SEN,1993,8396288
SEN,1992,8168395
SEN,1991,7943085
SEN,1990,7720523
SEN,1989,7502207
SEN,1988,7289618
SEN,1987,7081530
SEN,1986,6878192
SEN,1985,6683287
SRB,2025,6549143
SRB,2024,6586476
SRB,2023,6623183
SRB,2022,6664449
SRB,2021,6834326
SRB,2020,6899126
SRB,2019,6945235
SRB,2018,6982604
SRB,2017,7020858
SRB,2016,7058322
SRB,2015,7095383
SRB,2014,7131787
SRB,2013,7166553
SRB,2012,7201497
SRB,2011,7236519
SRB,2010,7291436
SRB,2009,7320807
SRB,2008,7350222
SRB,2007,7381579
SRB,2006,7411569
SRB,2005,7440769
SRB,2004,7463157
SRB,2003,7480591
SRB,2002,7500031
SRB,2001,7503433
SRB,2000,7516346
SRB,1999,7540401
SRB,1998,7567745
SRB,1997,7598538
SRB,1996,7622185
SRB,1995,7628264
SRB,1994,7622711
SRB,1993,7614328
SRB,1992,7604063
SRB,1991,7595636
SRB,1990,7897937
SRB,1989,7893787
SRB,1988,7884218
SRB,1987,7868027
SRB,1986,7853824
SRB,1985,7835902
SYC,2025,122730
SYC,2024,121354
SYC,2023,119773
SYC,2022,119878
SYC,2021,99258
SYC,2020,98462
SYC,2019,97625
SYC,2018,96762
SYC,2017,95843
SYC,2016,94677
SYC,2015,93419
SYC,2014,91359
SYC,2013,89949
SYC,2012,88303
SYC,2011,87441
SYC,2010,89770
SYC,2009,87298
SYC,2008,86956
SYC,2007,85033
SYC,2006,84600
SYC,2005,82858
SYC,2004,82475
SYC,2003,82781
SYC,2002,83723
SYC,2001,81202
SYC,2000,81131
SYC,1999,80410
SYC,1998,78846
SYC,1997,77319
SYC,1996,76417
SYC,1995,75304
SYC,1994,74205
SYC,1993,72253
SYC,1992,70763
SYC,1991,70439
SYC,1990,69507
SYC,1989,69167
SYC,1988,68755
SYC,1987,68499
SYC,1986,65652
SYC,1985,65244
SLE,2025,8819794
SLE,2024,8642022
SLE,2023,8460512
SLE,2022,8276807
SLE,2021,8094602
SLE,2020,7912558
SLE,2019,7731991
SLE,2018,7554563
SLE,2017,7379299
SLE,2016,7205328
SLE,2015,7037655
SLE,2014,6876385
SLE,2013,6714051
SLE,2012,6551080
SLE,2011,6387251
SLE,2010,6222714
SLE,2009,6055646
SLE,2008,5894722
SLE,2007,5749352
SLE,2006,5624466
SLE,2005,5501712
SLE,2004,5355717
SLE,2003,5177687
SLE,2002,4971435
SLE,2001,4692716
SLE,2000,4423611
SLE,1999,4318043
SLE,1998,4295785
SLE,1997,4253716
SLE,1996,4199210
SLE,1995,4179179
SLE,1994,4173105
SLE,1993,4157130
SLE,1992,4166366
SLE,1991,4246267
SLE,1990,4196828
SLE,1989,4034037
SLE,1988,3934517
SLE,1987,3829718
SLE,1986,3728380
SLE,1985,3638438
SGP,2025,6111175
SGP,2024,6036860
SGP,2023,5917648
SGP,2022,5637022
SGP,2021,5453566
SGP,2020,5685807
SGP,2019,5703569
SGP,2018,5638676
SGP,2017,5612253
SGP,2016,5607283
SGP,2015,5535002
SGP,2014,5469724
SGP,2013,5399162
SGP,2012,5312437
SGP,2011,5183688
SGP,2010,5076732
SGP,2009,4987573
SGP,2008,4839396
SGP,2007,4588599
SGP,2006,4401365
SGP,2005,4265762
SGP,2004,4166664
SGP,2003,4114826
SGP,2002,4175950
SGP,2001,4138012
SGP,2000,4027887
SGP,1999,3958723
SGP,1998,3927213
SGP,1997,3796038
SGP,1996,3670704
SGP,1995,3524506
SGP,1994,3419048
SGP,1993,3313471
SGP,1992,3230698
SGP,1991,3135083
SGP,1990,3047132
SGP,1989,2930901
SGP,1988,2846108
SGP,1987,2774789
SGP,1986,2733373
SGP,1985,2735957
SXM,2025,43923
SXM,2024,43350
SXM,2023,42749
SXM,2022,42139
SXM,2021,41571
SXM,2020,41008
SXM,2019,40385
SXM,2018,39712
SXM,2017,38996
SXM,2016,38249
SXM,2015,37471
SXM,2014,36672
SXM,2013,35854
SXM,2012,35023
SXM,2011,34267
SXM,2010,33794
SXM,2009,33491
SXM,2008,33145
SXM,2007,32791
SXM,2006,32428
SXM,2005,32057
SXM,2004,31690
SXM,2003,31327
SXM,2002,30960
SXM,2001,30726
SXM,2000,30773
SXM,1999,30977
SXM,1998,31193
SXM,1997,31404
SXM,1996,31598
SXM,1995,31772
SXM,1994,31917
SXM,1993,32026
SXM,1992,31567
SXM,1991,30046
SXM,1990,28061
SXM,1989,26169
SXM,1988,24357
SXM,1987,22617
SXM,1986,20930
SXM,1985,19291
SVK,2025,5413813
SVK,2024,5422069
SVK,2023,5426740
SVK,2022,5431752
SVK,2021,5447247
SVK,2020,5458827
SVK,2019,5454147
SVK,2018,5446771
SVK,2017,5439232
SVK,2016,5430798
SVK,2015,5423801
SVK,2014,5418649
SVK,2013,5413393
SVK,2012,5407579
SVK,2011,5398384
SVK,2010,5391428
SVK,2009,5386406
SVK,2008,5379233
SVK,2007,5374622
SVK,2006,5373054
SVK,2005,5372807
SVK,2004,5372280
SVK,2003,5373374
SVK,2002,5376912
SVK,2001,5378867
SVK,2000,5388720
SVK,1999,5396020
SVK,1998,5390516
SVK,1997,5383291
SVK,1996,5373361
SVK,1995,5361999
SVK,1994,5346331
SVK,1993,5325305
SVK,1992,5305016
SVK,1991,5303294
SVK,1990,5299187
SVK,1989,5275942
SVK,1988,5250596
SVK,1987,5222840
SVK,1986,5193838
SVK,1985,5161768
SVN,2025,2130986
SVN,2024,2127400
SVN,2023,2120461
SVN,2022,2112076
SVN,2021,2108079
SVN,2020,2102419
SVN,2019,2088385
SVN,2018,2073894
SVN,2017,2066388
SVN,2016,2065042
SVN,2015,2063531
SVN,2014,2061980
SVN,2013,2059953
SVN,2012,2057159
SVN,2011,2052843
SVN,2010,2048583
SVN,2009,2039669
SVN,2008,2021316
SVN,2007,2018122
SVN,2006,2006868
SVN,2005,2000474
SVN,2004,1997012
SVN,2003,1995733
SVN,2002,1994530
SVN,2001,1992060
SVN,2000,1988925
SVN,1999,1983045
SVN,1998,1981629
SVN,1997,1985956
SVN,1996,1988628
SVN,1995,1989872
SVN,1994,1989443
SVN,1993,1991746
SVN,1992,1996498
SVN,1991,1999429
SVN,1990,1998161
SVN,1989,1996351
SVN,1988,1995196
SVN,1987,1989776
SVN,1986,1965964
SVN,1985,1941641
SLB,2025,838645
SLB,2024,819198
SLB,2023,800005
SLB,2022,781066
SLB,2021,762591
SLB,2020,744498
SLB,2019,728147
SLB,2018,709101
SLB,2017,685672
SLB,2016,662379
SLB,2015,639415
SLB,2014,616908
SLB,2013,594945
SLB,2012,573606
SLB,2011,552945
SLB,2010,532968
SLB,2009,518141
SLB,2008,508790
SLB,2007,500156
SLB,2006,491594
SLB,2005,483080
SLB,2004,474611
SLB,2003,466154
SLB,2002,457671
SLB,2001,449125
SLB,2000,440469
SLB,1999,430500
SLB,1998,419071
SLB,1997,407474
SLB,1996,396009
SLB,1995,384733
SLB,1994,373675
SLB,1993,362839
SLB,1992,352205
SLB,1991,341738
SLB,1990,331435
SLB,1989,321282
SLB,1988,311265
SLB,1987,301414
SLB,1986,291842
SLB,1985,282455
SOM,2025,19654739
SOM,2024,19009151
SOM,2023,18358615
SOM,2022,17801897
SOM,2021,17271431
SOM,2020,16651191
SOM,2019,16030971
SOM,2018,15452487
SOM,2017,14916629
SOM,2016,14348740
SOM,2015,13806963
SOM,2014,13339491
SOM,2013,12869594
SOM,2012,12461160
SOM,2011,12348830
SOM,2010,12261756
SOM,2009,11961201
SOM,2008,11663084
SOM,2007,11322582
SOM,2006,10975502
SOM,2005,10644228
SOM,2004,10280998
SOM,2003,9909157
SOM,2002,9550063
SOM,2001,9198493
SOM,2000,8838713
SOM,1999,8492059
SOM,1998,8155417
SOM,1997,7824525
SOM,1996,7554474
SOM,1995,7285007
SOM,1994,7026797
SOM,1993,6681399
SOM,1992,6495107
SOM,1991,6813760
SOM,1990,7082811
SOM,1989,7114817
SOM,1988,7235360
SOM,1987,7228302
SOM,1986,6974788
SOM,1985,6693289
ZAF,2025,64747319
ZAF,2024,64007187
ZAF,2023,63212384
ZAF,2022,62378410
ZAF,2021,61502603
ZAF,2020,60562381
ZAF,2019,59587885
ZAF,2018,58613001
ZAF,2017,57635162
ZAF,2016,57259551
ZAF,2015,56723537
ZAF,2014,55594838
ZAF,2013,54678791
ZAF,2012,53782567
ZAF,2011,52995205
ZAF,2010,52344051
ZAF,2009,51728516
ZAF,2008,51114599
ZAF,2007,50528584
ZAF,2006,49998277
ZAF,2005,49490033
ZAF,2004,48991421
ZAF,2003,48500348
ZAF,2002,48019415
ZAF,2001,47566800
ZAF,2000,47159719
ZAF,1999,46730335
ZAF,1998,46223880
ZAF,1997,45666838
ZAF,1996,45123018
ZAF,1995,44541554
ZAF,1994,44004139
ZAF,1993,43297156
ZAF,1992,42443509
ZAF,1991,41687898
ZAF,1990,40746268
ZAF,1989,39628575
ZAF,1988,38480649
ZAF,1987,37326190
ZAF,1986,36180515
ZAF,1985,35042093
SSD,2025,12188788
SSD,2024,11943408
SSD,2023,11483374
SSD,2022,11021177
SSD,2021,10865780
SSD,2020,10698467
SSD,2019,10423384
SSD,2018,10122977
SSD,2017,10259154
SSD,2016,10830102
SSD,2015,11107561
SSD,2014,11235073
SSD,2013,11166275
SSD,2012,10756240
SSD,2011,10288109
SSD,2010,9745953
SSD,2009,9243556
SSD,2008,8817647
SSD,2007,8388788
SSD,2006,7976526
SSD,2005,7590143
SSD,2004,7233041
SSD,2003,6903127
SSD,2002,6596806
SSD,2001,6308391
SSD,2000,6032267
SSD,1999,5771628
SSD,1998,5620068
SSD,1997,5509136
SSD,1996,5356925
SSD,1995,5225836
SSD,1994,5071184
SSD,1993,4956002
SSD,1992,4909749
SSD,1991,4836677
SSD,1990,4737633
SSD,1989,4713229
SSD,1988,4848029
SSD,1987,4962395
SSD,1986,4921240
SSD,1985,4834296
ESP,2025,49355143
ESP,2024,48848840
ESP,2023,48352528
ESP,2022,47786102
ESP,2021,47443821
ESP,2020,47359424
ESP,2019,47118501
ESP,2018,46782011
ESP,2017,46571232
ESP,2016,46458139
ESP,2015,46422303
ESP,2014,46460733
ESP,2013,46604197
ESP,2012,46773055
ESP,2011,46742697
ESP,2010,46576897
ESP,2009,46362946
ESP,2008,45954106
ESP,2007,45226803
ESP,2006,44397319
ESP,2005,43653155
ESP,2004,42921895
ESP,2003,42187645
ESP,2002,41431558
ESP,2001,40850412
ESP,2000,40567864
ESP,1999,40386875
ESP,1998,40223509
ESP,1997,40057389
ESP,1996,39889852
ESP,1995,39724050
ESP,1994,39549108
ESP,1993,39361262
ESP,1992,39157685
ESP,1991,38966376
ESP,1990,38867322
ESP,1989,38827764
ESP,1988,38766939
ESP,1987,38684815
ESP,1986,38584624
ESP,1985,38469512
LKA,2025,21756000
LKA,2024,21916000
LKA,2023,22037000
LKA,2022,22181000
LKA,2021,22156000
LKA,2020,21919000
LKA,2019,21803000
LKA,2018,21670000
LKA,2017,21453000
LKA,2016,21209000
LKA,2015,20970000
LKA,2014,20778000
LKA,2013,20585000
LKA,2012,21169458
LKA,2011,21009048
LKA,2010,20879089
LKA,2009,20756435
LKA,2008,20629378
LKA,2007,20492545
LKA,2006,20352411
LKA,2005,20216524
LKA,2004,20087605
LKA,2003,19951521
LKA,2002,19805752
LKA,2001,19600362
LKA,2000,19293054
LKA,1999,18944731
LKA,1998,18596003
LKA,1997,18248200
LKA,1996,17905018
LKA,1995,17564068
LKA,1994,17275773
LKA,1993,17025918
LKA,1992,16739284
LKA,1991,16475354
LKA,1990,16352458
LKA,1989,16248557
LKA,1988,16078621
LKA,1987,15916576
LKA,1986,15731256
LKA,1985,15544154
KNA,2025,46922
KNA,2024,46843
KNA,2023,46758
KNA,2022,46709
KNA,2021,46763
KNA,2020,46870
KNA,2019,46952
KNA,2018,47008
KNA,2017,47050
KNA,2016,47075
KNA,2015,47087
KNA,2014,47089
KNA,2013,47069
KNA,2012,47033
KNA,2011,46886
KNA,2010,46846
KNA,2009,46916
KNA,2008,46835
KNA,2007,46706
KNA,2006,46569
KNA,2005,46437
KNA,2004,46315
KNA,2003,46176
KNA,2002,46020
KNA,2001,45761
KNA,2000,45248
KNA,1999,44601
KNA,1998,43998
KNA,1997,43428
KNA,1996,42877
KNA,1995,42326
KNA,1994,41776
KNA,1993,41242
KNA,1992,40715
KNA,1991,40358
KNA,1990,40432
KNA,1989,40758
KNA,1988,41062
KNA,1987,41348
KNA,1986,41618
KNA,1985,41874
LCA,2025,180149
LCA,2024,179744
LCA,2023,179285
LCA,2022,178781
LCA,2021,178522
LCA,2020,178250
LCA,2019,177661
LCA,2018,177017
LCA,2017,176342
LCA,2016,175646
LCA,2015,174905
LCA,2014,174138
LCA,2013,173369
LCA,2012,172587
LCA,2011,171801
LCA,2010,170906
LCA,2009,169869
LCA,2008,168808
LCA,2007,167758
LCA,2006,166639
LCA,2005,165450
LCA,2004,164239
LCA,2003,162976
LCA,2002,161641
LCA,2001,160237
LCA,2000,158616
LCA,1999,156702
LCA,1998,154677
LCA,1997,152569
LCA,1996,150436
LCA,1995,148208
LCA,1994,145890
LCA,1993,143726
LCA,1992,141617
LCA,1991,139520
LCA,1990,137857
LCA,1989,136512
LCA,1988,135000
LCA,1987,133227
LCA,1986,131239
LCA,1985,129159
MAF,2025,24941
MAF,2024,26129
MAF,2023,27515
MAF,2022,28870
MAF,2021,29961
MAF,2020,31786
MAF,2019,34267
MAF,2018,36012
MAF,2017,36837
MAF,2016,37175
MAF,2015,37369
MAF,2014,37450
MAF,2013,37419
MAF,2012,37276
MAF,2011,37069
MAF,2010,36856
MAF,2009,36502
MAF,2008,35958
MAF,2007,35337
MAF,2006,34658
MAF,2005,33928
MAF,2004,33171
MAF,2003,32395
MAF,2002,31604
MAF,2001,30803
MAF,2000,29996
MAF,1999,29284
MAF,1998,29107
MAF,1997,29323
MAF,1996,29443
MAF,1995,29470
MAF,1994,29413
MAF,1993,29282
MAF,1992,29081
MAF,1991,28800
MAF,1990,28224
MAF,1989,26453
MAF,1988,23749
MAF,1987,21108
MAF,1986,18558
MAF,1985,16095
VCT,2025,99924
VCT,2024,100616
VCT,2023,101323
VCT,2022,102046
VCT,2021,102841
VCT,2020,103526
VCT,2019,104167
VCT,2018,104926
VCT,2017,105663
VCT,2016,106349
VCT,2015,106960
VCT,2014,107535
VCT,2013,108135
VCT,2012,108736
VCT,2011,109349
VCT,2010,109959
VCT,2009,110508
VCT,2008,111028
VCT,2007,111531
VCT,2006,112014
VCT,2005,112450
VCT,2004,112835
VCT,2003,113141
VCT,2002,113347
VCT,2001,113501
VCT,2000,113545
VCT,1999,113366
VCT,1998,113180
VCT,1997,113141
VCT,1996,113119
VCT,1995,113047
VCT,1994,112918
VCT,1993,112735
VCT,1992,112509
VCT,1991,112222
VCT,1990,111812
VCT,1989,111272
VCT,1988,110658
VCT,1987,110001
VCT,1986,109281
VCT,1985,108506
SDN,2025,51662147
SDN,2024,50448963
SDN,2023,50042791
SDN,2022,49383346
SDN,2021,48066924
SDN,2020,46789231
SDN,2019,45548175
SDN,2018,44230596
SDN,2017,42714306
SDN,2016,41259892
SDN,2015,40024431
SDN,2014,38823318
SDN,2013,37785849
SDN,2012,36923178
SDN,2011,36140806
SDN,2010,35414399
SDN,2009,34569113
SDN,2008,33623980
SDN,2007,32764135
SDN,2006,31992435
SDN,2005,31262444
SDN,2004,30556637
SDN,2003,29896035
SDN,2002,29228727
SDN,2001,28516770
SDN,2000,27816745
SDN,1999,27130613
SDN,1998,26458999
SDN,1997,25799821
SDN,1996,25231528
SDN,1995,24672143
SDN,1994,24043948
SDN,1993,23445592
SDN,1992,22927355
SDN,1991,22470676
SDN,1990,22021481
SDN,1989,21578022
SDN,1988,21138431
SDN,1987,20704904
SDN,1986,20288238
SDN,1985,19905872
SUR,2025,639850
SUR,2024,634431
SUR,2023,628886
SUR,2022,623164
SUR,2021,617896
SUR,2020,612317
SUR,2019,605768
SUR,2018,599513
SUR,2017,593713
SUR,2016,587757
SUR,2015,581627
SUR,2014,575373
SUR,2013,569020
SUR,2012,562633
SUR,2011,556269
SUR,2010,549923
SUR,2009,543568
SUR,2008,537245
SUR,2007,531016
SUR,2006,524997
SUR,2005,519313
SUR,2004,513923
SUR,2003,506414
SUR,2002,496551
SUR,2001,486560
SUR,2000,476643
SUR,1999,466916
SUR,1998,457406
SUR,1997,448067
SUR,1996,438830
SUR,1995,429606
SUR,1994,422375
SUR,1993,419352
SUR,1992,417589
SUR,1991,415013
SUR,1990,412493
SUR,1989,408409
SUR,1988,402227
SUR,1987,396911
SUR,1986,392330
SUR,1985,386972
SWE,2025,10596620
SWE,2024,10569709
SWE,2023,10536632
SWE,2022,10486941
SWE,2021,10415811
SWE,2020,10353442
SWE,2019,10278887
SWE,2018,10175214
SWE,2017,10057698
SWE,2016,9923085
SWE,2015,9799186
SWE,2014,9696110
SWE,2013,9600379
SWE,2012,9519374
SWE,2011,9449213
SWE,2010,9378126
SWE,2009,9298515
SWE,2008,9219637
SWE,2007,9148092
SWE,2006,9080505
SWE,2005,9029572
SWE,2004,8993531
SWE,2003,8958229
SWE,2002,8924958
SWE,2001,8895960
SWE,2000,8872109
SWE,1999,8857874
SWE,1998,8850974
SWE,1997,8846062
SWE,1996,8840998
SWE,1995,8826939
SWE,1994,8780745
SWE,1993,8718561
SWE,1992,8668067
SWE,1991,8617375
SWE,1990,8558835
SWE,1989,8492964
SWE,1988,8436489
SWE,1987,8397804
SWE,1986,8369829
SWE,1985,8350386
CHE,2025,9092436
CHE,2024,9005582
CHE,2023,8888822
CHE,2022,8777088
CHE,2021,8704546
CHE,2020,8638167
CHE,2019,8575280
CHE,2018,8514329
CHE,2017,8451840
CHE,2016,8373338
CHE,2015,8282396
CHE,2014,8188649
CHE,2013,8089346
CHE,2012,7996861
CHE,2011,7912398
CHE,2010,7824909
CHE,2009,7743831
CHE,2008,7647675
CHE,2007,7551117
CHE,2006,7483934
CHE,2005,7437115
CHE,2004,7389625
CHE,2003,7339001
CHE,2002,7284753
CHE,2001,7229854
CHE,2000,7184250
CHE,1999,7143991
CHE,1998,7110001
CHE,1997,7088906
CHE,1996,7071850
CHE,1995,7040687
CHE,1994,6993795
CHE,1993,6938265
CHE,1992,6875364
CHE,1991,6799978
CHE,1990,6715519
CHE,1989,6646912
CHE,1988,6593386
CHE,1987,6545106
CHE,1986,6504124
CHE,1985,6470365
SYR,2025,25620427
SYR,2024,24672760
SYR,2023,23594623
SYR,2022,22462173
SYR,2021,21628839
SYR,2020,21049429
SYR,2019,20353534
SYR,2018,19577845
SYR,2017,19224668
SYR,2016,19193834
SYR,2015,19424618
SYR,2014,20273659
SYR,2013,21666917
SYR,2012,22759763
SYR,2011,22878098
SYR,2010,22482421
SYR,2009,21976969
SYR,2008,21636564
SYR,2007,20884125
SYR,2006,19637022
SYR,2005,18814091
SYR,2004,18336875
SYR,2003,17889296
SYR,2002,17468332
SYR,2001,17051338
SYR,2000,16637888
SYR,1999,16228061
SYR,1998,15820413
SYR,1997,15417542
SYR,1996,15018104
SYR,1995,14616801
SYR,1994,14208583
SYR,1993,13795686
SYR,1992,13385571
SYR,1991,12980821
SYR,1990,12579208
SYR,1989,12179060
SYR,1988,11782264
SYR,1987,11388923
SYR,1986,11002844
SYR,1985,10625672
TJK,2025,10786734
TJK,2024,10590927
TJK,2023,10389799
TJK,2022,10182222
TJK,2021,9966908
TJK,2020,9749310
TJK,2019,9529966
TJK,2018,9307333
TJK,2017,9085946
TJK,2016,8865631
TJK,2015,8643840
TJK,2014,8425552
TJK,2013,8216724
TJK,2012,8014084
TJK,2011,7824785
TJK,2010,7652141
TJK,2009,7490230
TJK,2008,7338403
TJK,2007,7194477
TJK,2006,7057566
TJK,2005,6924720
TJK,2004,6790547
TJK,2003,6658575
TJK,2002,6531669
TJK,2001,6407377
TJK,2000,6284735
TJK,1999,6208370
TJK,1998,6176397
TJK,1997,6139829
TJK,1996,6066523
TJK,1995,5948584
TJK,1994,5825368
TJK,1993,5724993
TJK,1992,5649400
TJK,1991,5541205
TJK,1990,5398768
TJK,1989,5267249
TJK,1988,5114989
TJK,1987,4939059
TJK,1986,4772139
TJK,1985,4619003
TZA,2025,70545865
TZA,2024,68560157
TZA,2023,66617606
TZA,2022,64711821
TZA,2021,62830412
TZA,2020,60972798
TZA,2019,59174891
TZA,2018,57437145
TZA,2017,55652890
TZA,2016,53824013
TZA,2015,52020962
TZA,2014,50351512
TZA,2013,48824128
TZA,2012,47374260
TZA,2011,46029367
TZA,2010,44758488
TZA,2009,43633982
TZA,2008,42570728
TZA,2007,41435512
TZA,2006,40294902
TZA,2005,39182076
TZA,2004,38109668
TZA,2003,37089555
TZA,2002,36121304
TZA,2001,35198299
TZA,2000,34260139
TZA,1999,33300330
TZA,1998,32420458
TZA,1997,31578089
TZA,1996,30945762
TZA,1995,30383497
TZA,1994,29442356
TZA,1993,28332692
TZA,1992,27457588
TZA,1991,26780436
TZA,1990,26110207
TZA,1989,25438759
TZA,1988,24769686
TZA,1987,24030378
TZA,1986,23258959
TZA,1985,22501693
THA,2025,71619863
THA,2024,71668011
THA,2023,71702435
THA,2022,71735329
THA,2021,71727332
THA,2020,71641484
THA,2019,71522271
THA,2018,71376079
THA,2017,71160187
THA,2016,70859841
THA,2015,70540795
THA,2014,70216367
THA,2013,69845114
THA,2012,69436098
THA,2011,69007208
THA,2010,68579447
THA,2009,68121080
THA,2008,67619830
THA,2007,67102394
THA,2006,66567687
THA,2005,66017420
THA,2004,65452047
THA,2003,64868166
THA,2002,64266437
THA,2001,63651141
THA,2000,63007815
THA,1999,62299043
THA,1998,61522630
THA,1997,60724584
THA,1996,59920064
THA,1995,59098232
THA,1994,58260854
THA,1993,57408198
THA,1992,56528834
THA,1991,55637434
THA,1990,54738329
THA,1989,53848956
THA,1988,52969595
THA,1987,52074105
THA,1986,51177834
THA,1985,50270753
TLS,2025,1418517
TLS,2024,1400638
TLS,2023,1384286
TLS,2022,1369295
TLS,2021,1350139
TLS,2020,1326053
TLS,2019,1300945
TLS,2018,1275959
TLS,2017,1251703
TLS,2016,1228312
TLS,2015,1205131
TLS,2014,1181903
TLS,2013,1158695
TLS,2012,1134885
TLS,2011,1110207
TLS,2010,1084679
TLS,2009,1058782
TLS,2008,1032429
TLS,2007,1004889
TLS,2006,976597
TLS,2005,948311
TLS,2004,929074
TLS,2003,916878
TLS,2002,879159
TLS,2001,812249
TLS,2000,745088
TLS,1999,834697
TLS,1998,942530
TLS,1997,917184
TLS,1996,892282
TLS,1995,868146
TLS,1994,844493
TLS,1993,821437
TLS,1992,799318
TLS,1991,778278
TLS,1990,760345
TLS,1989,744856
TLS,1988,730745
TLS,1987,718476
TLS,1986,707185
TLS,1985,696665
TGO,2025,8591626
TGO,2024,8406558
TGO,2023,8223850
TGO,2022,8068616
TGO,2021,7936176
TGO,2020,7788054
TGO,2019,7619925
TGO,2018,7458206
TGO,2017,7324386
TGO,2016,7200884
TGO,2015,7071502
TGO,2014,6937644
TGO,2013,6798848
TGO,2012,6653718
TGO,2011,6500582
TGO,2010,6325788
TGO,2009,6130946
TGO,2008,5936138
TGO,2007,5748443
TGO,2006,5569664
TGO,2005,5413154
TGO,2004,5281320
TGO,2003,5154112
TGO,2002,5027130
TGO,2001,4904144
TGO,2000,4783722
TGO,1999,4665754
TGO,1998,4551635
TGO,1997,4438794
TGO,1996,4291136
TGO,1995,4110450
TGO,1994,3904183
TGO,1993,3887974
TGO,1992,3932581
TGO,1991,3822636
TGO,1990,3714021
TGO,1989,3606918
TGO,1988,3501545
TGO,1987,3397614
TGO,1986,3296340
TGO,1985,3194539
TON,2025,103742
TON,2024,104175
TON,2023,104597
TON,2022,105042
TON,2021,105490
TON,2020,105704
TON,2019,105669
TON,2018,105567
TON,2017,105356
TON,2016,105524
TON,2015,106095
TON,2014,106609
TON,2013,107078
TON,2012,107460
TON,2011,107570
TON,2010,107400
TON,2009,107203
TON,2008,107020
TON,2007,106726
TON,2006,106253
TON,2005,105671
TON,2004,105071
TON,2003,104464
TON,2002,103874
TON,2001,103288
TON,2000,102677
TON,1999,102046
TON,1998,101388
TON,1997,100674
TON,1996,100275
TON,1995,100225
TON,1994,100166
TON,1993,100103
TON,1992,100022
TON,1991,99895
TON,1990,99700
TON,1989,99403
TON,1988,98969
TON,1987,98376
TON,1986,98010
TON,1985,97984
TTO,2025,1367764
TTO,2024,1368333
TTO,2023,1367510
TTO,2022,1365805
TTO,2021,1367558
TTO,2020,1366725
TTO,2019,1363985
TTO,2018,1359193
TTO,2017,1356633
TTO,2016,1353895
TTO,2015,1349667
TTO,2014,1345343
TTO,2013,1340557
TTO,2012,1335194
TTO,2011,1328019
TTO,2010,1317714
TTO,2009,1310106
TTO,2008,1308587
TTO,2007,1303188
TTO,2006,1297944
TTO,2005,1294494
TTO,2004,1345380
TTO,2003,1338709
TTO,2002,1332011
TTO,2001,1325567
TTO,2000,1319774
TTO,1999,1314708
TTO,1998,1310225
TTO,1997,1305836
TTO,1996,1300928
TTO,1995,1295169
TTO,1994,1288341
TTO,1993,1280466
TTO,1992,1271674
TTO,1991,1262171
TTO,1990,1252208
TTO,1989,1241600
TTO,1988,1230069
TTO,1987,1217364
TTO,1986,1203124
TTO,1985,1187366
TUN,2025,12348573
TUN,2024,12277109
TUN,2023,12200431
TUN,2022,12119334
TUN,2021,12048622
TUN,2020,11974057
TUN,2019,11875081
TUN,2018,11765514
TUN,2017,11650498
TUN,2016,11528674
TUN,2015,11402264
TUN,2014,11274288
TUN,2013,11141361
TUN,2012,11009647
TUN,2011,10886035
TUN,2010,10765980
TUN,2009,10650681
TUN,2008,10542635
TUN,2007,10441702
TUN,2006,10346410
TUN,2005,10255472
TUN,2004,10166163
TUN,2003,10071632
TUN,2002,9971515
TUN,2001,9869677
TUN,2000,9764935
TUN,1999,9655963
TUN,1998,9541667
TUN,1997,9421270
TUN,1996,9294432
TUN,1995,9161258
TUN,1994,9018448
TUN,1993,8857910
TUN,1992,8682512
TUN,1991,8501827
TUN,1990,8324509
TUN,1989,8151660
TUN,1988,7974440
TUN,1987,7789987
TUN,1986,7600301
TUN,1985,7409903
TUR,2025,85878556
TUR,2024,85518661
TUR,2023,85325965
TUR,2022,84979913
TUR,2021,84147318
TUR,2020,83384680
TUR,2019,82579440
TUR,2018,81407204
TUR,2017,80312698
TUR,2016,79277962
TUR,2015,78218479
TUR,2014,77181884
TUR,2013,76147624
TUR,2012,75175827
TUR,2011,74223629
TUR,2010,73142150
TUR,2009,72039206
TUR,2008,71051678
TUR,2007,70158112
TUR,2006,70045349
TUR,2005,69329557
TUR,2004,68592617
TUR,2003,67831730
TUR,2002,67048795
TUR,2001,66245128
TUR,2000,65425961
TUR,1999,64591923
TUR,1998,63734383
TUR,1997,62852966
TUR,1996,61951134
TUR,1995,61024503
TUR,1994,60033836
TUR,1993,58999167
TUR,1992,57990118
TUR,1991,57009887
TUR,1990,56015628
TUR,1989,54976723
TUR,1988,53909626
TUR,1987,52843670
TUR,1986,51777772
TUR,1985,50687115
TKM,2025,7618847
TKM,2024,7494498
TKM,2023,7364438
TKM,2022,7230193
TKM,2021,7092043
TKM,2020,6949912
TKM,2019,6803944
TKM,2018,6655524
TKM,2017,6507061
TKM,2016,6360041
TKM,2015,6215770
TKM,2014,6075283
TKM,2013,5939341
TKM,2012,5808546
TKM,2011,5683417
TKM,2010,5564356
TKM,2009,5451592
TKM,2008,5345029
TKM,2007,5244046
TKM,2006,5147105
TKM,2005,5052257
TKM,2004,4958093
TKM,2003,4863865
TKM,2002,4769465
TKM,2001,4675409
TKM,2000,4582677
TKM,1999,4492170
TKM,1998,4410507
TKM,1997,4336730
TKM,1996,4263819
TKM,1995,4191203
TKM,1994,4116662
TKM,1993,4032407
TKM,1992,3944689
TKM,1991,3855894
TKM,1990,3760562
TKM,1989,3662459
TKM,1988,3559363
TKM,1987,3452731
TKM,1986,3347809
TKM,1985,3247534
TCA,2025,46855
TCA,2024,46535
TCA,2023,46198
TCA,2022,45847
TCA,2021,45243
TCA,2020,44386
TCA,2019,43166
TCA,2018,41559
TCA,2017,39913
TCA,2016,38315
TCA,2015,36605
TCA,2014,35050
TCA,2013,33653
TCA,2012,32127
TCA,2011,30846
TCA,2010,29739
TCA,2009,28588
TCA,2008,27427
TCA,2007,26270
TCA,2006,25123
TCA,2005,23988
TCA,2004,22856
TCA,2003,21727
TCA,2002,20597
TCA,2001,19576
TCA,2000,18730
TCA,1999,17959
TCA,1998,17212
TCA,1997,16482
TCA,1996,15765
TCA,1995,15052
TCA,1994,14344
TCA,1993,13648
TCA,1992,12970
TCA,1991,12305
TCA,1990,11688
TCA,1989,11193
TCA,1988,10775
TCA,1987,10361
TCA,1986,9941
TCA,1985,9521
TUV,2025,9492
TUV,2024,9646
TUV,2023,9816
TUV,2022,9992
TUV,2021,10194
TUV,2020,10399
TUV,2019,10581
TUV,2018,10751
TUV,2017,10869
TUV,2016,10930
TUV,2015,10963
TUV,2014,10984
TUV,2013,11001
TUV,2012,10934
TUV,2011,10780
TUV,2010,10614
TUV,2009,10461
TUV,2008,10321
TUV,2007,10182
TUV,2006,10056
TUV,2005,9940
TUV,2004,9816
TUV,2003,9695
TUV,2002,9623
TUV,2001,9586
TUV,2000,9544
TUV,1999,9496
TUV,1998,9451
TUV,1997,9400
TUV,1996,9342
TUV,1995,9280
TUV,1994,9207
TUV,1993,9126
TUV,1992,9038
TUV,1991,8928
TUV,1990,8798
TUV,1989,8662
TUV,1988,8518
TUV,1987,8371
TUV,1986,8217
TUV,1985,8046
UGA,2025,51384894
UGA,2024,50015092
UGA,2023,48656601
UGA,2022,47312719
UGA,2021,45910930
UGA,2020,44457152
UGA,2019,42999637
UGA,2018,41565831
UGA,2017,40177388
UGA,2016,38799152
UGA,2015,37531446
UGA,2014,36395539
UGA,2013,35337042
UGA,2012,34337438
UGA,2011,33354543
UGA,2010,32390802
UGA,2009,31451151
UGA,2008,30539553
UGA,2007,29653430
UGA,2006,28794003
UGA,2005,27963289
UGA,2004,27154515
UGA,2003,26352124
UGA,2002,25532870
UGA,2001,24745676
UGA,2000,24000150
UGA,1999,23257281
UGA,1998,22515806
UGA,1997,21856046
UGA,1996,21231550
UGA,1995,20665667
UGA,1994,20108801
UGA,1993,19445161
UGA,1992,18785032
UGA,1991,18155901
UGA,1990,17569897
UGA,1989,17010698
UGA,1988,16470483
UGA,1987,15954170
UGA,1986,15467579
UGA,1985,15023681
UKR,2025,38980376
UKR,2024,37860221
UKR,2023,37732836
UKR,2022,41048766
UKR,2021,44298640
UKR,2020,44680014
UKR,2019,44957458
UKR,2018,45208907
UKR,2017,45436041
UKR,2016,45616832
UKR,2015,45784896
UKR,2014,45972380
UKR,2013,46126770
UKR,2012,46210056
UKR,2011,46307853
UKR,2010,46456003
UKR,2009,46623731
UKR,2008,46819175
UKR,2007,47062798
UKR,2006,47278694
UKR,2005,47585556
UKR,2004,47979507
UKR,2003,48315136
UKR,2002,48677281
UKR,2001,49106855
UKR,2000,49556660
UKR,1999,49976446
UKR,1998,50379731
UKR,1997,50786885
UKR,1996,51226109
UKR,1995,51665539
UKR,1994,52075998
UKR,1993,52350126
UKR,1992,52323671
UKR,1991,52170961
UKR,1990,52054092
UKR,1989,51917817
UKR,1988,51724853
UKR,1987,51515732
UKR,1986,51318745
UKR,1985,51108770
ARE,2025,11513149
ARE,2024,10986400
ARE,2023,10483751
ARE,2022,10074977
ARE,2021,9575152
ARE,2020,9401038
ARE,2019,9445785
ARE,2018,9346701
ARE,2017,9223225
ARE,2016,8935095
ARE,2015,8505237
ARE,2014,8059440
ARE,2013,7693031
ARE,2012,7391448
ARE,2011,7104538
ARE,2010,6869838
ARE,2009,6707058
ARE,2008,6302664
ARE,2007,5624635
ARE,2006,5009100
ARE,2005,4664790
ARE,2004,4428967
ARE,2003,4192457
ARE,2002,3956826
ARE,2001,3723590
ARE,2000,3493575
ARE,1999,3266009
ARE,1998,3040421
ARE,1997,2817410
ARE,1996,2597564
ARE,1995,2434662
ARE,1994,2328188
ARE,1993,2222093
ARE,1992,2114730
ARE,1991,2006626
ARE,1990,1898220
ARE,1989,1789851
ARE,1988,1681788
ARE,1987,1574244
ARE,1986,1467383
ARE,1985,1377911
GBR,2025,69487000
GBR,2024,69281000
GBR,2023,68526000
GBR,2022,67636000
GBR,2021,66978000
GBR,2020,66740000
GBR,2019,66628000
GBR,2018,66287000
GBR,2017,65964000
GBR,2016,65606000
GBR,2015,65087000
GBR,2014,64619000
GBR,2013,64138000
GBR,2012,63711000
GBR,2011,63258810
GBR,2010,62766365
GBR,2009,62276270
GBR,2008,61806995
GBR,2007,61322463
GBR,2006,60846820
GBR,2005,60401206
GBR,2004,59987905
GBR,2003,59647577
GBR,2002,59370479
GBR,2001,59119673
GBR,2000,58892514
GBR,1999,58682466
GBR,1998,58487141
GBR,1997,58316954
GBR,1996,58166950
GBR,1995,58019030
GBR,1994,57865745
GBR,1993,57718614
GBR,1992,57580402
GBR,1991,57424897
GBR,1990,57247586
GBR,1989,57076711
GBR,1988,56928327
GBR,1987,56802050
GBR,1986,56681396
GBR,1985,56550268
USA,2025,341784857
USA,2024,340003797
USA,2023,336755052
USA,2022,333996304
USA,2021,332100166
USA,2020,331578104
USA,2019,330226227
USA,2018,328529577
USA,2017,326608609
USA,2016,324353340
USA,2015,321815121
USA,2014,319257560
USA,2013,316726282
USA,2012,314339099
USA,2011,311839461
USA,2010,309378227
USA,2009,306771529
USA,2008,304093966
USA,2007,301231207
USA,2006,298379912
USA,2005,295516599
USA,2004,292805298
USA,2003,290107933
USA,2002,287625193
USA,2001,284968955
USA,2000,282162411
USA,1999,279040000
USA,1998,275854000
USA,1997,272657000
USA,1996,269394000
USA,1995,266278000
USA,1994,263126000
USA,1993,259919000
USA,1992,256514000
USA,1991,252981000
USA,1990,249623000
USA,1989,246819000
USA,1988,244499000
USA,1987,242289000
USA,1986,240133000
USA,1985,237924000
URY,2025,3384688
URY,2024,3386588
URY,2023,3388081
URY,2022,3390913
URY,2021,3396695
URY,2020,3398968
URY,2019,3397206
URY,2018,3394534
URY,2017,3388438
URY,2016,3379283
URY,2015,3368017
URY,2014,3356334
URY,2013,3345337
URY,2012,3335401
URY,2011,3326825
URY,2010,3318580
URY,2009,3310091
URY,2008,3302177
URY,2007,3295153
URY,2006,3289506
URY,2005,3285771
URY,2004,3283148
URY,2003,3281186
URY,2002,3278867
URY,2001,3274251
URY,2000,3266206
URY,1999,3254015
URY,1998,3239280
URY,1997,3223345
URY,1996,3206324
URY,1995,3189440
URY,1994,3172834
URY,1993,3156345
URY,1992,3139702
URY,1991,3122354
URY,1990,3104403
URY,1989,3086255
URY,1988,3067961
URY,1987,3049896
URY,1986,3032845
URY,1985,3017037
UZB,2025,37053428
UZB,2024,36361859
UZB,2023,35652307
UZB,2022,34938955
UZB,2021,34243696
UZB,2020,33586372
UZB,2019,32964701
UZB,2018,32373490
UZB,2017,31819178
UZB,2016,31284568
UZB,2015,30749346
UZB,2014,30222994
UZB,2013,29724065
UZB,2012,29261903
UZB,2011,28823196
UZB,2010,28385506
UZB,2009,27939328
UZB,2008,27494774
UZB,2007,27076008
UZB,2006,26699043
UZB,2005,26356975
UZB,2004,26029350
UZB,2003,25711259
UZB,2002,25399980
UZB,2001,25090283
UZB,2000,24787054
UZB,1999,24476008
UZB,1998,24134929
UZB,1997,23758960
UZB,1996,23351981
UZB,1995,22917589
UZB,1994,22463291
UZB,1993,21987955
UZB,1992,21485090
UZB,1991,20962910
UZB,1990,20464956
UZB,1989,19977183
UZB,1988,19460630
UZB,1987,18930070
UZB,1986,18395621
UZB,1985,17875339
VUT,2025,335169
VUT,2024,327777
VUT,2023,320409
VUT,2022,313046
VUT,2021,305868
VUT,2020,298858
VUT,2019,291985
VUT,2018,285259
VUT,2017,278507
VUT,2016,272087
VUT,2015,266101
VUT,2014,260240
VUT,2013,254482
VUT,2012,248883
VUT,2011,243474
VUT,2010,238248
VUT,2009,232731
VUT,2008,226896
VUT,2007,221276
VUT,2006,215923
VUT,2005,210760
VUT,2004,205711
VUT,2003,200746
VUT,2002,195863
VUT,2001,191031
VUT,2000,186281
VUT,1999,182048
VUT,1998,178313
VUT,1997,174626
VUT,1996,170911
VUT,1995,167137
VUT,1994,163314
VUT,1993,159463
VUT,1992,155608
VUT,1991,151793
VUT,1990,148063
VUT,1989,144393
VUT,1988,140756
VUT,1987,137187
VUT,1986,133720
VUT,1985,130356
VEN,2025,28516896
VEN,2024,28405543
VEN,2023,28300854
VEN,2022,28213017
VEN,2021,28237826
VEN,2020,28444077
VEN,2019,28938098
VEN,2018,29807592
VEN,2017,30565323
VEN,2016,30765720
VEN,2015,30573972
VEN,2014,30254079
VEN,2013,29912198
VEN,2012,29553826
VEN,2011,29185212
VEN,2010,28813101
VEN,2009,28438298
VEN,2008,28053696
VEN,2007,27649363
VEN,2006,27224686
VEN,2005,26785804
VEN,2004,26340838
VEN,2003,25892703
VEN,2002,25435671
VEN,2001,24979922
VEN,2000,24526708
VEN,1999,24066593
VEN,1998,23601337
VEN,1997,23131685
VEN,1996,22662113
VEN,1995,22193821
VEN,1994,21725188
VEN,1993,21254520
VEN,1992,20780948
VEN,1991,20304896
VEN,1990,19827010
VEN,1989,19348921
VEN,1988,18871020
VEN,1987,18394963
VEN,1986,17923536
VEN,1985,17461434
VNM,2025,101598527
VNM,2024,100987686
VNM,2023,100352192
VNM,2022,99680655
VNM,2021,98935098
VNM,2020,98079191
VNM,2019,97173776
VNM,2018,96237319
VNM,2017,95176977
VNM,2016,94000117
VNM,2015,92823254
VNM,2014,91679578
VNM,2013,90573104
VNM,2012,89510356
VNM,2011,88468314
VNM,2010,87455152
VNM,2009,86460018
VNM,2008,85175788
VNM,2007,83633375
VNM,2006,82167897
VNM,2005,81088313
VNM,2004,80338971
VNM,2003,79563777
VNM,2002,78772224
VNM,2001,77969361
VNM,2000,77154011
VNM,1999,76287452
VNM,1998,75299660
VNM,1997,74226889
VNM,1996,73156447
VNM,1995,72049940
VNM,1994,70854391
VNM,1993,69586384
VNM,1992,68260337
VNM,1991,66891775
VNM,1990,65504552
VNM,1989,64147348
VNM,1988,62843228
VNM,1987,61584651
VNM,1986,60347048
VNM,1985,59060622
VIR,2025,103792
VIR,2024,104377
VIR,2023,104917
VIR,2022,105413
VIR,2021,105870
VIR,2020,106290
VIR,2019,106669
VIR,2018,107001
VIR,2017,107281
VIR,2016,107516
VIR,2015,107712
VIR,2014,107882
VIR,2013,108041
VIR,2012,108188
VIR,2011,108290
VIR,2010,108357
VIR,2009,108404
VIR,2008,108397
VIR,2007,108337
VIR,2006,108369
VIR,2005,108453
VIR,2004,108466
VIR,2003,108505
VIR,2002,108509
VIR,2001,108549
VIR,2000,108642
VIR,1999,108599
VIR,1998,108537
VIR,1997,108357
VIR,1996,108095
VIR,1995,107818
VIR,1994,107318
VIR,1993,106578
VIR,1992,105712
VIR,1991,104807
VIR,1990,103963
VIR,1989,101041
VIR,1988,100952
VIR,1987,100901
VIR,1986,100842
VIR,1985,100760
PSE,2025,5413596
PSE,2024,5289152
PSE,2023,5165775
PSE,2022,5043612
PSE,2021,4922749
PSE,2020,4803269
PSE,2019,4685306
PSE,2018,4569087
PSE,2017,4454805
PSE,2016,4367088
PSE,2015,4270092
PSE,2014,4173398
PSE,2013,4076708
PSE,2012,3979998
PSE,2011,3882986
PSE,2010,3786161
PSE,2009,3689099
PSE,2008,3591977
PSE,2007,3494496
PSE,2006,3406334
PSE,2005,3320396
PSE,2004,3236626
PSE,2003,3154969
PSE,2002,3075373
PSE,2001,2997784
PSE,2000,2922153
PSE,1999,2848431
PSE,1998,2776568
PSE,1997,2706518
PSE,1996,2587997
PSE,1995,2474666
PSE,1994,2366298
PSE,1993,2262676
PSE,1992,2163591
PSE,1991,2068845
PSE,1990,1978248
YEM,2025,41773878
YEM,2024,40583164
YEM,2023,39390799
YEM,2022,38222876
YEM,2021,37140230
YEM,2020,36134863
YEM,2019,35111408
YEM,2018,34085182
YEM,2017,33090921
YEM,2016,32109010
YEM,2015,31159379
YEM,2014,30226309
YEM,2013,29312952
YEM,2012,28433647
YEM,2011,27582897
YEM,2010,26754387
YEM,2009,25927724
YEM,2008,25111941
YEM,2007,24318082
YEM,2006,23543083
YEM,2005,22790085
YEM,2004,22095167
YEM,2003,21456379
YEM,2002,20835086
YEM,2001,20226147
YEM,2000,19624141
YEM,1999,19029420
YEM,1998,18446013
YEM,1997,17873936
YEM,1996,17313177
YEM,1995,16740058
YEM,1994,16149147
YEM,1993,15563914
YEM,1992,14989494
YEM,1991,14430201
YEM,1990,13887862
YEM,1989,13364174
YEM,1988,12859708
YEM,1987,12369912
YEM,1986,11901040
YEM,1985,11453825
ZMB,2025,21913874
ZMB,2024,21314956
ZMB,2023,20723965
ZMB,2022,20152938
ZMB,2021,19603607
ZMB,2020,19059395
ZMB,2019,18513839
ZMB,2018,17973569
ZMB,2017,17441320
ZMB,2016,16914423
ZMB,2015,16399089
ZMB,2014,15895315
ZMB,2013,15398997
ZMB,2012,14913629
ZMB,2011,14437796
ZMB,2010,13965594
ZMB,2009,13490389
ZMB,2008,13021324
ZMB,2007,12565085
ZMB,2006,12129553
ZMB,2005,11718819
ZMB,2004,11338198
ZMB,2003,10983595
ZMB,2002,10647949
ZMB,2001,10325185
ZMB,2000,10017631
ZMB,1999,9740005
ZMB,1998,9482408
ZMB,1997,9237063
ZMB,1996,9004053
ZMB,1995,8785763
ZMB,1994,8576269
ZMB,1993,8373921
ZMB,1992,8176680
ZMB,1991,7981650
ZMB,1990,7786169
ZMB,1989,7589216
ZMB,1988,7391440
ZMB,1987,7191282
ZMB,1986,6986471
ZMB,1985,6780953
ZWE,2025,16950795
ZWE,2024,16634373
ZWE,2023,16340822
ZWE,2022,16069056
ZWE,2021,15797210
ZWE,2020,15526888
ZWE,2019,15271368
ZWE,2018,15034452
ZWE,2017,14812482
ZWE,2016,14600294
ZWE,2015,14399013
ZWE,2014,14207359
ZWE,2013,14013808
ZWE,2012,13817887
ZWE,2011,13595424
ZWE,2010,13356548
ZWE,2009,13142790
ZWE,2008,12959149
ZWE,2007,12804058
ZWE,2006,12636445
ZWE,2005,12483432
ZWE,2004,12365896
ZWE,2003,12232323
ZWE,2002,12087653
ZWE,2001,11971901
ZWE,2000,11892055
ZWE,1999,11783458
ZWE,1998,11594297
ZWE,1997,11369827
ZWE,1996,11158360
ZWE,1995,10974599
ZWE,1994,10873148
ZWE,1993,10860288
ZWE,1992,10702700
ZWE,1991,10404816
ZWE,1990,10137281
ZWE,1989,9864798
ZWE,1988,9583094
ZWE,1987,9284644
ZWE,1986,8982578
ZWE,1985,8686813
