iso,year,urban
AFG,2025,25.9401644699898
AFG,2024,25.7007352636188
AFG,2023,25.4730529631167
AFG,2022,25.3939250580909
AFG,2021,25.3478620272481
AFG,2020,25.2622103446137
AFG,2019,25.1437258839803
AFG,2018,24.9991645191406
AFG,2017,24.8352821238871
AFG,2016,24.6588345720126
AFG,2015,24.4649118421568
AFG,2014,24.1910166387726
AFG,2013,23.8077136743646
AFG,2012,23.3434391310979
AFG,2011,22.8205691572485
AFG,2010,22.2614799010924
AFG,2009,21.6885475109053
AFG,2008,21.1241481349633
AFG,2007,20.5906579215423
AFG,2006,20.1104530189181
AFG,2005,19.7059095753667
AFG,2004,19.3993593959593
AFG,2003,19.1600346409089
AFG,2002,18.9412480133309
AFG,2001,18.7412381251552
AFG,2000,18.5581995230666
AFG,1999,18.3903267537499
AFG,1998,18.2358143638901
AFG,1997,18.0928569001719
AFG,1996,17.9596489092802
AFG,1995,17.8343849378999
AFG,1994,17.7152595327158
AFG,1993,17.6004672404128
AFG,1992,17.4882026076758
AFG,1991,17.3766601811896
AFG,1990,17.264034507639
ALB,2025,58.871474331067
ALB,2024,58.5463634043555
ALB,2023,58.2106086137857
ALB,2022,57.8643477747383
ALB,2021,57.5077187031778
ALB,2020,57.1408592155544
ALB,2019,56.7639071287255
ALB,2018,56.377000259892
ALB,2017,55.980276426546
ALB,2016,55.5738734464276
ALB,2015,55.1579291374894
ALB,2014,54.7325813178673
ALB,2013,54.2979678058548
ALB,2012,53.8637553661449
ALB,2011,53.2917382892465
ALB,2010,51.8815774292716
ALB,2009,50.6132439427449
ALB,2008,49.3850699230207
ALB,2007,48.2022815728384
ALB,2006,47.0701050949378
ALB,2005,45.9937666920583
ALB,2004,44.9784925669394
ALB,2003,44.0295089223208
ALB,2002,43.1520419609419
ALB,2001,42.354513990929
ALB,2000,41.6135829609314
ALB,1999,40.8972844798541
ALB,1998,40.2038749364394
ALB,1997,39.5368247261567
ALB,1996,38.8996042444751
ALB,1995,38.2956838868638
ALB,1994,37.728534048792
ALB,1993,37.201625125729
ALB,1992,36.7184275131439
ALB,1991,36.282411606506
ALB,1990,35.8970478012844
DZA,2025,75.8187358069877
DZA,2024,75.2792907190618
DZA,2023,74.732808364138
DZA,2022,74.1795862354514
DZA,2021,73.6199218261573
DZA,2020,73.0541126293395
DZA,2019,72.4824561380175
DZA,2018,71.905249845153
DZA,2017,71.3227912436551
DZA,2016,70.7353778263851
DZA,2015,70.1433070861612
DZA,2014,69.5468765157615
DZA,2013,68.9463836079277
DZA,2012,68.3421258553675
DZA,2011,67.7344007507578
DZA,2010,67.1235057867459
DZA,2009,66.5097384559521
DZA,2008,65.901485871159
DZA,2007,65.1690763324461
DZA,2006,64.4154348614309
DZA,2005,63.6598541890144
DZA,2004,62.9023132048725
DZA,2003,62.1427907986812
DZA,2002,61.3812658601162
DZA,2001,60.6177172788536
DZA,2000,59.8521239445692
DZA,1999,59.0844647469391
DZA,1998,58.3146995318038
DZA,1997,57.5455892957581
DZA,1996,56.7789140999889
DZA,1995,56.0131170977738
DZA,1994,55.2466217950637
DZA,1993,54.4778516978094
DZA,1992,53.7052303119619
DZA,1991,52.9271811434719
DZA,1990,52.1421276982904
ASM,2025,80.5123508239818
ASM,2024,80.9446986961818
ASM,2023,81.3721542708222
ASM,2022,81.794797704649
ASM,2021,82.2127091544092
ASM,2020,82.6240780620716
ASM,2019,83.0542171797274
ASM,2018,83.4779973316097
ASM,2017,83.8890385422071
ASM,2016,84.2862824389061
ASM,2015,84.668670649093
ASM,2014,85.0351448001542
ASM,2013,85.3846465194761
ASM,2012,85.7161174344451
ASM,2011,86.0284991724475
ASM,2010,86.3190673549669
ASM,2009,86.6035980447517
ASM,2008,86.9001769674517
ASM,2007,87.2017863350389
ASM,2006,87.4983609900321
ASM,2005,87.7798357749499
ASM,2004,88.0361455323111
ASM,2003,88.2572251046343
ASM,2002,88.4330093344384
ASM,2001,88.553433064242
ASM,2000,88.6075809307222
ASM,1999,88.4635561411951
ASM,1998,87.855646160744
ASM,1997,86.8531955481476
ASM,1996,85.5389811700152
ASM,1995,83.9957798929559
ASM,1994,82.3063685835789
ASM,1993,80.5535241084936
ASM,1992,78.8200233343089
ASM,1991,77.1886431276343
ASM,1990,75.75476136421
AND,2025,88.9492672283129
AND,2024,88.8850044816278
AND,2023,88.8201609217082
AND,2022,88.7548766267286
AND,2021,88.6627318165299
AND,2020,88.5907780427517
AND,2019,88.5391793666245
AND,2018,88.5080998493791
AND,2017,88.4977035522461
AND,2016,88.5027454634853
AND,2015,88.5180850122057
AND,2014,88.544042920911
AND,2013,88.5809399121053
AND,2012,88.6290967082924
AND,2011,88.6888340319763
AND,2010,88.7604726056609
AND,2009,88.84433315185
AND,2008,88.9407363930477
AND,2007,89.0500030517578
AND,2006,89.3789218918348
AND,2005,89.9563631945418
AND,2004,90.5157699584961
AND,2003,90.9887515425879
AND,2002,91.4605308311615
AND,2001,91.8949711110146
AND,2000,92.2559356689453
AND,1999,92.5402819766179
AND,1998,92.7782340488214
AND,1997,92.9837049870406
AND,1996,93.1706078927605
AND,1995,93.3528558674658
AND,1994,93.5443620126415
AND,1993,93.7590394297725
AND,1992,94.0108012203437
AND,1991,94.3135604858398
AND,1990,94.7658920288086
AGO,2025,71.4615915176085
AGO,2024,70.6551379036435
AGO,2023,69.8515032220457
AGO,2022,69.0506188977513
AGO,2021,68.2524163556969
AGO,2020,67.4568270208187
AGO,2019,66.6637823180533
AGO,2018,65.8732136723372
AGO,2017,65.0850525086068
AGO,2016,64.2992302517989
AGO,2015,63.51567832685
AGO,2014,62.723115793241
AGO,2013,62.1333075212361
AGO,2012,61.5114223949332
AGO,2011,60.8431610396073
AGO,2010,60.1310289535053
AGO,2009,59.3775316348744
AGO,2008,58.5851745819614
AGO,2007,57.7564632930133
AGO,2006,56.8939032662772
AGO,2005,56.0
AGO,2004,55.0445280863936
AGO,2003,54.0043545370761
AGO,2002,52.8926234794038
AGO,2001,51.7224790407329
AGO,2000,50.5070653484197
AGO,1999,49.2595265298203
AGO,1998,47.993006712291
AGO,1997,46.7206500231881
AGO,1996,45.4556005898678
AGO,1995,44.2110025396864
AGO,1994,43.0
AGO,1993,41.7840948723822
AGO,1992,40.5205765835195
AGO,1991,39.2162705484376
AGO,1990,37.878002182162
ATG,2025,24.3334834700661
ATG,2024,24.3906919254799
ATG,2023,24.4500156687422
ATG,2022,24.5114484000414
ATG,2021,24.574983819566
ATG,2020,24.6406156275043
ATG,2019,24.708337524045
ATG,2018,24.7781432093764
ATG,2017,24.8500263836871
ATG,2016,24.9239807471655
ATG,2015,25.0
ATG,2014,25.0899726107741
ATG,2013,25.2475667667937
ATG,2012,25.4555618588267
ATG,2011,25.694689859722
ATG,2010,26.0170447850587
ATG,2009,26.4808350768849
ATG,2008,27.0585906639822
ATG,2007,27.7201265838981
ATG,2006,28.43525787418
ATG,2005,29.1737995723752
ATG,2004,29.905566716031
ATG,2003,30.6003743426951
ATG,2002,31.2280374899146
ATG,2001,31.7554348168059
ATG,2000,32.2326072041227
ATG,1999,32.7288426074498
ATG,1998,33.2309527532477
ATG,1997,33.7221431953478
ATG,1996,34.1856194875816
ATG,1995,34.6045871837806
ATG,1994,34.9622518377762
ATG,1993,35.2418190034
ATG,1992,35.4264942344835
ATG,1991,35.4992668871244
ATG,1990,35.4900882982909
ARG,2025,92.3519221615173
ARG,2024,92.2742315972952
ARG,2023,92.1945132257907
ARG,2022,92.112838186126
ARG,2021,92.0292776175651
ARG,2020,91.9439026594897
ARG,2019,91.8567844513802
ARG,2018,91.7679941327998
ARG,2017,91.6776028433824
ARG,2016,91.5856817228217
ARG,2015,91.4923019108628
ARG,2014,91.3975345472954
ARG,2013,91.3014507719473
ARG,2012,91.2041217246797
ARG,2011,91.1072286738406
ARG,2010,90.9930051940977
ARG,2009,90.8209023233265
ARG,2008,90.6521912139817
ARG,2007,90.4796632279031
ARG,2006,90.3033726521064
ARG,2005,90.1233737736072
ARG,2004,89.9397208794212
ARG,2003,89.752468256564
ARG,2002,89.5616701920513
ARG,2001,89.3682951289372
ARG,2000,89.1760271133454
ARG,1999,88.9851757922053
ARG,1998,88.793030675725
ARG,1997,88.5972452835983
ARG,1996,88.3954731355194
ARG,1995,88.1853677511823
ARG,1994,87.964582650281
ARG,1993,87.7307713525095
ARG,1992,87.4815873775619
ARG,1991,87.2150276705697
ARG,1990,86.9197327116719
ARM,2025,65.9287015589872
ARM,2024,65.8113671449901
ARM,2023,65.6956882008852
ARM,2022,65.5624462874485
ARM,2021,65.3572875314441
ARM,2020,65.174217253699
ARM,2019,65.0047033570428
ARM,2018,64.8502833795679
ARM,2017,64.7124948593667
ARM,2016,64.5928753345316
ARM,2015,64.4929623431549
ARM,2014,64.4142934233291
ARM,2013,64.3584061131466
ARM,2012,64.3268379506998
ARM,2011,64.3207449145194
ARM,2010,64.3304164043132
ARM,2009,64.3519530388516
ARM,2008,64.3840928379746
ARM,2007,64.4257647857723
ARM,2006,64.4758978663344
ARM,2005,64.5334210637509
ARM,2004,64.5972633621116
ARM,2003,64.6663537455064
ARM,2002,64.7396211980252
ARM,2001,64.8228123790872
ARM,2000,64.959237917436
ARM,1999,65.1678732605826
ARM,1998,65.4304988457517
ARM,1997,65.7324526103198
ARM,1996,66.0590724916631
ARM,1995,66.3956964271579
ARM,1994,66.7276623541806
ARM,1993,67.0403082101074
ARM,1992,67.3189719323147
ARM,1991,67.5489914581788
ARM,1990,67.715704725076
ABW,2025,61.7485249229588
ABW,2024,61.7909396819594
ABW,2023,61.8351492675589
ABW,2022,61.8811657924257
ABW,2021,61.9275339886843
ABW,2020,62.0028837566365
ABW,2019,62.288276286885
ABW,2018,62.5367636985996
ABW,2017,62.7768488886109
ABW,2016,63.0077880571142
ABW,2015,63.2288374043053
ABW,2014,63.4392531303795
ABW,2013,63.6382914355326
ABW,2012,63.8252085199599
ABW,2011,63.9992605838571
ABW,2010,64.1612965549477
ABW,2009,64.3229852842726
ABW,2008,64.4888814129295
ABW,2007,64.6532664765254
ABW,2006,64.811270283981
ABW,2005,64.9580226442175
ABW,2004,65.0886533661558
ABW,2003,65.1982922587168
ABW,2002,65.2820691308217
ABW,2001,65.3351137913914
ABW,2000,65.3545497799987
ABW,1999,65.3614858587949
ABW,1998,65.3668247036146
ABW,1997,65.3707211004889
ABW,1996,65.3738042700838
ABW,1995,65.376703433065
ABW,1994,65.3800478100985
ABW,1993,65.3844666218501
ABW,1992,65.3905890889858
ABW,1991,65.4009220636969
ABW,1990,65.4328161744708
AUS,2025,87.7192672666333
AUS,2024,87.6021469990446
AUS,2023,87.4866955653765
AUS,2022,87.3343268253813
AUS,2021,87.2353407632761
AUS,2020,87.2713470458985
AUS,2019,87.3019647888406
AUS,2018,87.2267680845925
AUS,2017,87.12809266445
AUS,2016,87.0166295249235
AUS,2015,86.8778642539361
AUS,2014,86.7221289343356
AUS,2013,86.5740515760243
AUS,2012,86.4451259136625
AUS,2011,86.3268946146423
AUS,2010,86.2198600512143
AUS,2009,86.1278139101818
AUS,2008,86.0253816967666
AUS,2007,85.8968519574969
AUS,2006,85.7492544263523
AUS,2005,85.6190871221958
AUS,2004,85.518767609412
AUS,2003,85.4097077818668
AUS,2002,85.2842102783464
AUS,2001,85.1481094164726
AUS,2000,85.1071608578257
AUS,1999,85.1245230581889
AUS,1998,85.1552971935996
AUS,1997,85.1953612480762
AUS,1996,85.2405932056372
AUS,1995,85.2868710503009
AUS,1994,85.3300727660859
AUS,1993,85.3660763370105
AUS,1992,85.3907597470933
AUS,1991,85.4000007462027
AUS,1990,85.3951926476336
AUT,2025,69.7152152366353
AUT,2024,69.4658181096788
AUT,2023,69.2265358276021
AUT,2022,68.998085127906
AUT,2021,68.773601700253
AUT,2020,68.5410177924001
AUT,2019,68.3176044750522
AUT,2018,68.1046787227623
AUT,2017,67.9051196052802
AUT,2016,67.7218061923556
AUT,2015,67.5576175537383
AUT,2014,67.4154327591781
AUT,2013,67.2981308784247
AUT,2012,67.2085909812279
AUT,2011,67.1484255415056
AUT,2010,67.1047429254747
AUT,2009,67.0705895694924
AUT,2008,67.0435560819078
AUT,2007,67.0211044863084
AUT,2006,67.0006968062814
AUT,2005,66.9797950654143
AUT,2004,66.9558612872944
AUT,2003,66.9263574955092
AUT,2002,66.8887457136458
AUT,2001,66.8408161285718
AUT,2000,66.7690238969566
AUT,1999,66.6585047330725
AUT,1998,66.5106754931446
AUT,1997,66.3274969714236
AUT,1996,66.1109299621598
AUT,1995,65.8629352596037
AUT,1994,65.585473658006
AUT,1993,65.280505951617
AUT,1992,64.9499929346872
AUT,1991,64.6009589145985
AUT,1990,64.110852115312
AZE,2025,58.6371024281175
AZE,2024,58.573795837717
AZE,2023,58.5075350483702
AZE,2022,58.4382815854684
AZE,2021,58.3659969744818
AZE,2020,58.2934691761937
AZE,2019,58.1308191977779
AZE,2018,57.1841534654123
AZE,2017,56.4331887124691
AZE,2016,55.7574797205266
AZE,2015,55.1570486328276
AZE,2014,54.6319175926151
AZE,2013,54.1821087431318
AZE,2012,53.8076442276208
AZE,2011,53.5085461893249
AZE,2010,53.2848367714869
AZE,2009,53.1358125434574
AZE,2008,53.063304901123
AZE,2007,52.8281555175781
AZE,2006,52.6540145874023
AZE,2005,52.5028533935547
AZE,2004,52.2831993103027
AZE,2003,51.7257995605469
AZE,2002,51.2144165039062
AZE,2001,51.1584815979004
AZE,2000,51.1320838928223
AZE,1999,50.998251151426
AZE,1998,51.4672050476074
AZE,1997,51.9270782470703
AZE,1996,52.1216049194336
AZE,1995,52.3116760253906
AZE,1994,52.5011177062988
AZE,1993,52.6992034912109
AZE,1992,52.9185485839844
AZE,1991,53.2414665222168
AZE,1990,53.6960678100586
BHS,2025,81.3309172016028
BHS,2024,81.3249262966481
BHS,2023,81.3213799173676
BHS,2022,81.3200717047725
BHS,2021,81.4784235345083
BHS,2020,81.6642600232849
BHS,2019,81.8257463283204
BHS,2018,81.9643158212241
BHS,2017,82.0814018736052
BHS,2016,82.1784378570728
BHS,2015,82.2568571432361
BHS,2014,82.3180931037043
BHS,2013,82.3635791100868
BHS,2012,82.3947485339925
BHS,2011,82.4130347470308
BHS,2010,82.4198104431593
BHS,2009,82.3977602095684
BHS,2008,82.3197128080855
BHS,2007,82.1964954293015
BHS,2006,82.0396098391364
BHS,2005,81.8605578035102
BHS,2004,81.6708410883427
BHS,2003,81.4819614595541
BHS,2002,81.3054206830642
BHS,2001,81.152720524793
BHS,2000,81.0361161567684
BHS,1999,80.9534267622834
BHS,1998,80.8883035965274
BHS,1997,80.8349403006729
BHS,1996,80.7886692099075
BHS,1995,80.7448226594184
BHS,1994,80.6987329843932
BHS,1993,80.6457325200193
BHS,1992,80.581153601484
BHS,1991,80.5003285639749
BHS,1990,80.401533049016
BHR,2025,100.0
BHR,2024,100.0
BHR,2023,100.0
BHR,2022,100.0
BHR,2021,100.0
BHR,2020,100.0
BHR,2019,100.0
BHR,2018,100.0
BHR,2017,100.0
BHR,2016,100.0
BHR,2015,100.0
BHR,2014,100.0
BHR,2013,100.0
BHR,2012,100.0
BHR,2011,100.0
BHR,2010,100.0
BHR,2009,98.3277849907243
BHR,2008,96.3461384245376
BHR,2007,94.460505558445
BHR,2006,92.7186075361661
BHR,2005,91.168165501421
BHR,2004,89.8569005979296
BHR,2003,88.8325339694118
BHR,2002,88.1427867595875
BHR,2001,87.8397146150894
BHR,2000,87.8356209595597
BHR,1999,87.8816934803747
BHR,1998,87.9541250246595
BHR,1997,88.043906178822
BHR,1996,88.1420275292704
BHR,1995,88.2394796624129
BHR,1994,88.3272531646575
BHR,1993,88.3963386224123
BHR,1992,88.4377266220855
BHR,1991,88.4141682579058
BHR,1990,88.1475141671497
BGD,2025,33.2395847043975
BGD,2024,32.6783196323307
BGD,2023,32.1578465036834
BGD,2022,31.673734726234
BGD,2021,31.3992156886061
BGD,2020,31.1168927321524
BGD,2019,30.8228396343012
BGD,2018,30.5175656009959
BGD,2017,30.2015798381799
BGD,2016,29.8753915517965
BGD,2015,29.5395099477892
BGD,2014,29.1944442321013
BGD,2013,28.8407036106763
BGD,2012,28.4787972894576
BGD,2011,28.1100162712427
BGD,2010,27.7254372588696
BGD,2009,27.3111249057412
BGD,2008,26.87206041368
BGD,2007,26.415303779311
BGD,2006,25.9479149992596
BGD,2005,25.4769540701509
BGD,2004,25.0094809886101
BGD,2003,24.5525557512625
BGD,2002,24.1132383547332
BGD,2001,23.6999214768623
BGD,2000,23.3145114975244
BGD,1999,22.957073677202
BGD,1998,22.6195132518384
BGD,1997,22.2953437419401
BGD,1996,21.9780786680138
BGD,1995,21.661231550566
BGD,1994,21.3383159101032
BGD,1993,21.002845267132
BGD,1992,20.6483331421589
BGD,1991,20.2666857869933
BGD,1990,19.8635088474054
BRB,2025,59.6996239887007
BRB,2024,59.5397032429174
BRB,2023,59.4235740235775
BRB,2022,59.3538514107686
BRB,2021,59.3220365433819
BRB,2020,59.3014583324011
BRB,2019,59.2841140645486
BRB,2018,59.270175311893
BRB,2017,59.25926986892
BRB,2016,59.2510255301153
BRB,2015,59.2450700899645
BRB,2014,59.2410313429534
BRB,2013,59.2385370835674
BRB,2012,59.2372151062924
BRB,2011,59.236693205614
BRB,2010,59.2366008990356
BRB,2009,59.2944920242948
BRB,2008,59.4931902204528
BRB,2007,59.803942722226
BRB,2006,60.1960940466703
BRB,2005,60.6389887108416
BRB,2004,61.101971231796
BRB,2003,61.5543861265895
BRB,2002,61.965577912278
BRB,2001,62.3048911059175
BRB,2000,62.5379397803044
BRB,1999,62.695345944721
BRB,1998,62.843237406088
BRB,1997,62.984506358104
BRB,1996,63.1164247737166
BRB,1995,63.2362646258735
BRB,1994,63.3412978875224
BRB,1993,63.428796531611
BRB,1992,63.4960325310869
BRB,1991,63.5402778588977
BRB,1990,63.5586463259898
BLR,2025,79.4945820380127
BLR,2024,79.1551015210848
BLR,2023,78.8146420666327
BLR,2022,78.4732787892908
BLR,2021,78.131086803694
BLR,2020,77.7890385790408
BLR,2019,77.4550771852757
BLR,2018,77.2132720947266
BLR,2017,77.0208206176758
BLR,2016,76.8458709716797
BLR,2015,76.6263885498047
BLR,2014,76.3405227661133
BLR,2013,75.94970703125
BLR,2012,75.5281066894531
BLR,2011,75.0597534179688
BLR,2010,74.5501403808594
BLR,2009,74.1909646620571
BLR,2008,73.5531692504883
BLR,2007,73.0913467407227
BLR,2006,72.6113815307617
BLR,2005,72.0310134887695
BLR,2004,71.7658538818359
BLR,2003,71.3092422485352
BLR,2002,70.8804702758789
BLR,2001,70.3147201538086
BLR,2000,69.9172295434732
BLR,1999,69.4807636785987
BLR,1998,69.0234222412109
BLR,1997,68.6145935058594
BLR,1996,68.2737426757812
BLR,1995,68.0162734985352
BLR,1994,67.7585983276367
BLR,1993,67.5179672241211
BLR,1992,67.3208541870117
BLR,1991,67.0062866210938
BLR,1990,66.4269790649414
BEL,2025,87.6726083114649
BEL,2024,87.6126557010527
BEL,2023,87.551492636772
BEL,2022,87.489200269855
BEL,2021,87.4305564090635
BEL,2020,87.2964994991269
BEL,2019,87.0961631189222
BEL,2018,86.8883449485575
BEL,2017,86.6731739531869
BEL,2016,86.4507790979645
BEL,2015,86.2212893480444
BEL,2014,85.9848336685807
BEL,2013,85.7415410247275
BEL,2012,85.4915403816388
BEL,2011,85.2349607044689
BEL,2010,84.9719309583717
BEL,2009,84.7025801085014
BEL,2008,84.427037120012
BEL,2007,84.1454309580577
BEL,2006,83.8578905877926
BEL,2005,83.5645449743707
BEL,2004,83.2655230829461
BEL,2003,82.9609538786731
BEL,2002,82.6509663267055
BEL,2001,82.3356893921976
BEL,2000,82.0152520403035
BEL,1999,81.6897832361771
BEL,1998,81.3594119449727
BEL,1997,81.0242671318444
BEL,1996,80.6844777619461
BEL,1995,80.3401728004321
BEL,1994,79.9914812124564
BEL,1993,79.6385319631731
BEL,1992,79.2814540177363
BEL,1991,78.9203763413001
BEL,1990,78.5554278990186
BLZ,2025,41.5621435428272
BLZ,2024,41.7532107338224
BLZ,2023,41.9459437504976
BLZ,2022,42.1373251262137
BLZ,2021,42.3910809205294
BLZ,2020,42.649842440311
BLZ,2019,42.9077622153323
BLZ,2018,43.164848281502
BLZ,2017,43.4211086747287
BLZ,2016,43.6765514309211
BLZ,2015,43.931184585988
BLZ,2014,44.1850161758379
BLZ,2013,44.4380542363795
BLZ,2012,44.6903068035216
BLZ,2011,44.9417819131729
BLZ,2010,45.1914838193558
BLZ,2009,45.4589714924251
BLZ,2008,45.7599120745023
BLZ,2007,46.0812472097226
BLZ,2006,46.4084814638913
BLZ,2005,46.7271194028137
BLZ,2004,47.0226655922949
BLZ,2003,47.2806245981404
BLZ,2002,47.4865009861554
BLZ,2001,47.6257993221451
BLZ,2000,47.6836847507377
BLZ,1999,47.6748311644458
BLZ,1998,47.6419509742997
BLZ,1997,47.5923402322735
BLZ,1996,47.5323526855742
BLZ,1995,47.4683420814088
BLZ,1994,47.4066621669842
BLZ,1993,47.3536666895074
BLZ,1992,47.3157093961853
BLZ,1991,47.2992377705329
BLZ,1990,47.3571892508649
BEN,2025,53.3620073968188
BEN,2024,52.5455354818423
BEN,2023,51.7457922964593
BEN,2022,50.9627000010887
BEN,2021,50.1961807561354
BEN,2020,49.4461567219896
BEN,2019,48.7125500590248
BEN,2018,47.9952829275963
BEN,2017,47.2942774880391
BEN,2016,46.6094559006664
BEN,2015,45.9407403257663
BEN,2014,45.2880529235999
BEN,2013,44.6502883669319
BEN,2012,44.0475065829838
BEN,2011,43.4616136137276
BEN,2010,42.8916891239353
BEN,2009,42.338538285999
BEN,2008,41.8029662723105
BEN,2007,41.2857782552618
BEN,2006,40.7877794072449
BEN,2005,40.3097749006517
BEN,2004,39.8525699078742
BEN,2003,39.4169696013044
BEN,2002,39.0035069872981
BEN,2001,38.6186257669218
BEN,2000,38.2759517258875
BEN,1999,37.9666992766374
BEN,1998,37.679598833816
BEN,1997,37.4033808120677
BEN,1996,37.126775626037
BEN,1995,36.8385136903681
BEN,1994,36.5273254197057
BEN,1993,36.181941228694
BEN,1992,35.7897618395069
BEN,1991,35.340755921781
BEN,1990,34.8178700744747
BMU,2025,100.0
BMU,2024,100.0
BMU,2023,100.0
BMU,2022,100.0
BMU,2021,100.0
BMU,2020,100.0
BMU,2019,100.0
BMU,2018,100.0
BMU,2017,100.0
BMU,2016,100.0
BMU,2015,100.0
BMU,2014,100.0
BMU,2013,100.0
BMU,2012,100.0
BMU,2011,100.0
BMU,2010,100.0
BMU,2009,100.0
BMU,2008,100.0
BMU,2007,100.0
BMU,2006,100.0
BMU,2005,100.0
BMU,2004,100.0
BMU,2003,100.0
BMU,2002,100.0
BMU,2001,100.0
BMU,2000,100.0
BMU,1999,100.0
BMU,1998,100.0
BMU,1997,100.0
BMU,1996,100.0
BMU,1995,100.0
BMU,1994,100.0
BMU,1993,100.0
BMU,1992,100.0
BMU,1991,100.0
BMU,1990,100.0
BTN,2025,43.4301832473753
BTN,2024,42.5645249803412
BTN,2023,41.7352457989939
BTN,2022,40.9365143617581
BTN,2021,40.3075199874379
BTN,2020,39.6888839873439
BTN,2019,39.0746823405146
BTN,2018,38.4661892776975
BTN,2017,37.8645544995016
BTN,2016,37.2745234641407
BTN,2015,36.6983375690037
BTN,2014,36.1326606084122
BTN,2013,35.5740003158589
BTN,2012,35.0188644248365
BTN,2011,34.4637606688377
BTN,2010,33.9051967813552
BTN,2009,33.3396804958817
BTN,2008,32.76371954591
BTN,2007,32.1738216649326
BTN,2006,31.5664945864425
BTN,2005,30.9379917831613
BTN,2004,30.2914018195132
BTN,2003,29.6328608739429
BTN,2002,28.9630875013322
BTN,2001,28.282501830034
BTN,2000,27.5915239884015
BTN,1999,26.8905741047879
BTN,1998,26.1800723075463
BTN,1997,25.4604387250299
BTN,1996,24.7320934855918
BTN,1995,23.9954567175851
BTN,1994,23.250948549363
BTN,1993,22.4989891092786
BTN,1992,21.739998525685
BTN,1991,20.9743969269355
BTN,1990,20.2026044413832
BOL,2025,71.5631037265869
BOL,2024,71.2361453773988
BOL,2023,70.9151414044538
BOL,2022,70.6352598708131
BOL,2021,70.3450412826165
BOL,2020,70.0442635528254
BOL,2019,69.7334986708387
BOL,2018,69.4133879813999
BOL,2017,69.0838016274736
BOL,2016,68.7446327876947
BOL,2015,68.3958051297665
BOL,2014,68.037425413
BOL,2013,67.6697055519889
BOL,2012,67.2581444827699
BOL,2011,66.833715633176
BOL,2010,66.4075665659133
BOL,2009,65.9781896386949
BOL,2008,65.5448299960338
BOL,2007,65.1067327824433
BOL,2006,64.6631431424362
BOL,2005,64.2133062205259
BOL,2004,63.7564671612252
BOL,2003,63.2918711090474
BOL,2002,62.8187632085055
BOL,2001,62.3374810379005
BOL,2000,61.8587201575591
BOL,1999,61.3856107973717
BOL,1998,60.9098755943764
BOL,1997,60.4239436835356
BOL,1996,59.9202441998117
BOL,1995,59.391206278167
BOL,1994,58.8292590535639
BOL,1993,58.2268316609648
BOL,1992,57.5776686644471
BOL,1991,56.8260573219808
BOL,1990,55.9290690080053
BIH,2025,52.6915440779561
BIH,2024,52.1224302754935
BIH,2023,51.5657239834305
BIH,2022,51.0215287060993
BIH,2021,50.4899479477034
BIH,2020,49.9710852122997
BIH,2019,49.4650440037758
BIH,2018,48.971927825824
BIH,2017,48.4918401819106
BIH,2016,48.0248845752382
BIH,2015,47.5711645087011
BIH,2014,47.130783484831
BIH,2013,46.6954224739896
BIH,2012,46.3655655972
BIH,2011,46.0528777644843
BIH,2010,45.7392153332604
BIH,2009,45.4246010387901
BIH,2008,45.1090576163352
BIH,2007,44.7926078011574
BIH,2006,44.4752743285185
BIH,2005,44.1570799336802
BIH,2004,43.8380473519042
BIH,2003,43.5181993184523
BIH,2002,43.1975585685863
BIH,2001,42.8761478375679
BIH,2000,42.5539898606589
BIH,1999,42.231107373121
BIH,1998,41.9075231102159
BIH,1997,41.5832598072054
BIH,1996,41.2583401993513
BIH,1995,40.9327870219153
BIH,1994,40.6066230101592
BIH,1993,40.2798708993447
BIH,1992,39.9525534247335
BIH,1991,39.6238819113722
BIH,1990,39.3032366244323
BWA,2025,67.9559561532102
BWA,2024,67.4623537838418
BWA,2023,67.0212655349864
BWA,2022,66.5889787170477
BWA,2021,66.5182767068255
BWA,2020,66.4488166494554
BWA,2019,66.3271694845464
BWA,2018,66.1579176461888
BWA,2017,65.9456435684731
BWA,2016,65.6949296854899
BWA,2015,65.4103584313295
BWA,2014,65.0965122400825
BWA,2013,64.7579735458393
BWA,2012,64.3993247826904
BWA,2011,64.0187810722889
BWA,2010,63.4945974665277
BWA,2009,62.7501882968523
BWA,2008,61.8321593704079
BWA,2007,60.7822308289942
BWA,2006,59.6421228144112
BWA,2005,58.4535554684584
BWA,2004,57.2582489329358
BWA,2003,56.0979233496432
BWA,2002,55.0142988603802
BWA,2001,54.0489894446035
BWA,2000,53.2047727398794
BWA,1999,52.4455101724909
BWA,1998,51.7387899315932
BWA,1997,51.0524097340465
BWA,1996,50.354167296711
BWA,1995,49.6118603364468
BWA,1994,48.7932865701141
BWA,1993,47.8662437145732
BWA,1992,46.7985294866841
BWA,1991,45.5396336959653
BWA,1990,43.6455666126291
BRA,2025,88.1772996487898
BRA,2024,87.8958549533146
BRA,2023,87.6159710235763
BRA,2022,87.349556243881
BRA,2021,87.1360781715439
BRA,2020,86.9112186503004
BRA,2019,86.6797991084296
BRA,2018,86.4420719945072
BRA,2017,86.1982897571091
BRA,2016,85.9487048448108
BRA,2015,85.6935697061881
BRA,2014,85.4331367898168
BRA,2013,85.1676585442726
BRA,2012,84.8973874181312
BRA,2011,84.6225758599683
BRA,2010,84.343846036308
BRA,2009,84.0698380333651
BRA,2008,83.8036050557184
BRA,2007,83.5382571292649
BRA,2006,83.2672101364439
BRA,2005,82.9838799596945
BRA,2004,82.6816824814559
BRA,2003,82.3540335841671
BRA,2002,81.9943491502673
BRA,2001,81.5960450621957
BRA,2000,81.1484365423806
BRA,1999,80.5466061325216
BRA,1998,79.789068166086
BRA,1997,79.0008493879259
BRA,1996,78.3021415455398
BRA,1995,77.7144999942454
BRA,1994,77.1710338911115
BRA,1993,76.6406402906957
BRA,1992,76.0910875240585
BRA,1991,75.4934501058885
BRA,1990,74.8699006951598
VGB,2025,57.3951909813643
VGB,2024,56.5072068980827
VGB,2023,55.6407774494219
VGB,2022,54.795911692548
VGB,2021,53.972618684518
VGB,2020,53.1709074822645
VGB,2019,52.3907871425786
VGB,2018,51.6322667220883
VGB,2017,50.8953552772346
VGB,2016,50.1800618642422
VGB,2015,49.4863955390847
VGB,2014,48.8143653574427
VGB,2013,48.1639803746541
VGB,2012,47.5352496456526
VGB,2011,46.9281822248936
VGB,2010,46.3427871662626
VGB,2009,45.7790735229619
VGB,2008,45.2370503473687
VGB,2007,44.7167266908574
VGB,2006,44.2181116035727
VGB,2005,43.741214134139
VGB,2004,43.2860433292828
VGB,2003,42.8526082333374
VGB,2002,42.4409178875828
VGB,2001,42.0235454180552
VGB,2000,41.9814254086647
VGB,1999,41.8846407382378
VGB,1998,41.7246945994523
VGB,1997,41.507071450781
VGB,1996,41.2372557506969
VGB,1995,40.9207319576729
VGB,1994,40.5629845301817
VGB,1993,40.1694979266964
VGB,1992,39.7457566056898
VGB,1991,39.2972450256348
VGB,1990,38.599297780711
BRN,2025,75.0109886586819
BRN,2024,74.8983133873697
BRN,2023,74.8199193881365
BRN,2022,74.7772642014221
BRN,2021,74.7667316936175
BRN,2020,74.7748108912151
BRN,2019,74.7923311783673
BRN,2018,74.8172471714305
BRN,2017,74.8476440654983
BRN,2016,74.8816070556641
BRN,2015,74.9484620568562
BRN,2014,75.0572639801502
BRN,2013,75.1756915148608
BRN,2012,75.2714233503027
BRN,2011,75.312125504778
BRN,2010,75.2506559029998
BRN,2009,75.0712970872547
BRN,2008,74.7929411399737
BRN,2007,74.4344860960786
BRN,2006,74.0148299904911
BRN,2005,73.552870858133
BRN,2004,73.0675067339261
BRN,2003,72.577635652792
BRN,2002,72.1021556496525
BRN,2001,71.657883335906
BRN,2000,71.2246805488418
BRN,1999,70.7761419705137
BRN,1998,70.3122205685247
BRN,1997,69.8314191908431
BRN,1996,69.3322406854373
BRN,1995,68.8131879002755
BRN,1994,68.272763683326
BRN,1993,67.7094708825572
BRN,1992,67.1218123459373
BRN,1991,66.5029745122162
BRN,1990,65.7496054461515
BGR,2025,74.1727501848475
BGR,2024,73.9499356882481
BGR,2023,73.7322671584613
BGR,2022,73.4799164005224
BGR,2021,73.346765618041
BGR,2020,73.3239898681641
BGR,2019,73.7162322998047
BGR,2018,73.600212097168
BGR,2017,73.3904571533203
BGR,2016,73.1750030517578
BGR,2015,73.1030578613281
BGR,2014,73.0844879150391
BGR,2013,72.9632821572019
BGR,2012,72.7684860229492
BGR,2011,72.6101653885532
BGR,2010,71.5149307250977
BGR,2009,71.3017349243164
BGR,2008,70.902099609375
BGR,2007,70.6844177246094
BGR,2006,70.5075225830078
BGR,2005,70.0869598388672
BGR,2004,69.9193344116211
BGR,2003,69.7808456420898
BGR,2002,69.4859161376953
BGR,2001,69.196711983564
BGR,2000,68.2631454467773
BGR,1999,68.0479965209961
BGR,1998,67.8654022216797
BGR,1997,67.6594467163086
BGR,1996,67.6981964111328
BGR,1995,67.8335418701172
BGR,1994,67.7225112915039
BGR,1993,67.4275283813477
BGR,1992,67.1506882200337
BGR,1991,67.0880279541016
BGR,1990,67.0388031005859
BFA,2025,28.9226360719085
BFA,2024,28.3352514896662
BFA,2023,27.7872478365158
BFA,2022,27.2791369742712
BFA,2021,26.8114307743017
BFA,2020,26.3578373628627
BFA,2019,26.1187254401157
BFA,2018,26.0832202154822
BFA,2017,25.9769918665632
BFA,2016,25.821510372001
BFA,2015,25.621432645225
BFA,2014,25.3814155996643
BFA,2013,25.106116148748
BFA,2012,24.8001912059054
BFA,2011,24.4682976845657
BFA,2010,24.115092498158
BFA,2009,23.7452325601116
BFA,2008,23.3633747838557
BFA,2007,22.9741760828193
BFA,2006,22.5528306908743
BFA,2005,22.0179778440204
BFA,2004,21.3392180754924
BFA,2003,20.563327262892
BFA,2002,19.725053583448
BFA,2001,18.8591452143893
BFA,2000,18.0003503329444
BFA,1999,17.1834171163423
BFA,1998,16.4430937418116
BFA,1997,15.8141283865811
BFA,1996,15.3191448028844
BFA,1995,14.8945565719465
BFA,1994,14.5131483144658
BFA,1993,14.1660760040858
BFA,1992,13.8437126999438
BFA,1991,13.5364314611772
BFA,1990,13.2346053469232
BDI,2025,25.6870184681663
BDI,2024,24.8302838651025
BDI,2023,23.5534768372276
BDI,2022,22.3202446002597
BDI,2021,21.1108861865354
BDI,2020,19.9309984273971
BDI,2019,18.786178154187
BDI,2018,17.6820221982475
BDI,2017,16.6241273909209
BDI,2016,15.6180905635494
BDI,2015,14.6695085474754
BDI,2014,13.7839781740413
BDI,2013,12.9670962745892
BDI,2012,12.2244596804615
BDI,2011,11.5616652230006
BDI,2010,10.9843097335487
BDI,2009,10.4979900434482
BDI,2008,10.1064353383035
BDI,2007,9.77289185737152
BDI,2006,9.4646291775586
BDI,2005,9.1806167624459
BDI,2004,8.9185547789176
BDI,2003,8.67614339385788
BDI,2002,8.45108277415092
BDI,2001,8.24107308668089
BDI,2000,8.04381449833197
BDI,1999,7.85700717598833
BDI,1998,7.67835128653415
BDI,1997,7.50554699685361
BDI,1996,7.33629447383088
BDI,1995,7.16829388435013
BDI,1994,6.99924539529555
BDI,1993,6.82684917355131
BDI,1992,6.64880538600158
BDI,1991,6.46281419953055
BDI,1990,6.26688751370564
CPV,2025,77.6300668010068
CPV,2024,76.7721471004354
CPV,2023,75.9064245753376
CPV,2022,75.033738060849
CPV,2021,74.1607930892827
CPV,2020,72.8838521558784
CPV,2019,71.6254285086577
CPV,2018,70.3970748844677
CPV,2017,69.1999988159713
CPV,2016,68.0354078358316
CPV,2015,66.9045094767116
CPV,2014,65.8085112712742
CPV,2013,64.7486207521826
CPV,2012,63.7260454520996
CPV,2011,62.7419929036884
CPV,2010,61.7974262732302
CPV,2009,60.906420177019
CPV,2008,60.0741911239572
CPV,2007,59.287606518789
CPV,2006,58.5332660925599
CPV,2005,57.7977695763157
CPV,2004,57.0677167011018
CPV,2003,56.3297071979641
CPV,2002,55.5703407979481
CPV,2001,54.7762172320995
CPV,2000,53.9332149202283
CPV,1999,53.070640362009
CPV,1998,52.2194567928358
CPV,1997,51.3661010794665
CPV,1996,50.4962228454294
CPV,1995,49.5954717142527
CPV,1994,48.6494973094647
CPV,1993,47.6439492545935
CPV,1992,46.5644771731675
CPV,1991,45.3967306887148
CPV,1990,44.1279427641346
KHM,2025,41.10561939401
KHM,2024,40.8727033252729
KHM,2023,40.6290788072508
KHM,2022,40.374616187368
KHM,2021,40.1091858128847
KHM,2020,39.832658030922
KHM,2019,39.5830241256026
KHM,2018,37.6404336372742
KHM,2017,35.0127905056235
KHM,2016,32.4767436038024
KHM,2015,30.0669222549819
KHM,2014,27.8179557823331
KHM,2013,25.7644735090271
KHM,2012,23.9411047582349
KHM,2011,22.3824788531276
KHM,2010,21.1232251168762
KHM,2009,20.1979728726519
KHM,2008,19.6574509865325
KHM,2007,19.4035705019128
KHM,2006,19.2299832388976
KHM,2005,19.0922720052225
KHM,2004,18.9813615262763
KHM,2003,18.8881765274479
KHM,2002,18.803641734126
KHM,2001,18.7186818716995
KHM,2000,18.6242216655572
KHM,1999,18.5111858410878
KHM,1998,18.3715559169572
KHM,1997,18.1846372155166
KHM,1996,17.8834321201168
KHM,1995,17.4962488002108
KHM,1994,17.1276884970302
KHM,1993,16.7657494060925
KHM,1992,16.4097495102946
KHM,1991,16.0597496099039
KHM,1990,15.7157497390038
CMR,2025,55.6692041661323
CMR,2024,55.4031748609078
CMR,2023,55.1286878511388
CMR,2022,54.8458745688318
CMR,2021,54.5548664463635
CMR,2020,54.2557949164174
CMR,2019,53.9487914119331
CMR,2018,53.6339873660653
CMR,2017,53.3115142121504
CMR,2016,52.9815033836792
CMR,2015,52.6440863142742
CMR,2014,52.2993944376709
CMR,2013,51.9475591877024
CMR,2012,51.5887119982861
CMR,2011,51.2229843034125
CMR,2010,50.8505075371362
CMR,2009,50.4714131335678
CMR,2008,50.0858325268669
CMR,2007,49.7027028593758
CMR,2006,49.2044173412861
CMR,2005,48.5837852394685
CMR,2004,48.1826845960942
CMR,2003,47.7325523560061
CMR,2002,47.2589242513436
CMR,2001,46.7627509050978
CMR,2000,46.2449829402599
CMR,1999,45.7065709798209
CMR,1998,45.1484656467721
CMR,1997,44.5716175641045
CMR,1996,43.9769773548092
CMR,1995,43.3654956418773
CMR,1994,42.7381230483001
CMR,1993,42.0958101970685
CMR,1992,41.4395077111738
CMR,1991,40.770166213607
CMR,1990,40.0887363273593
CAN,2025,82.8757020253886
CAN,2024,82.7002565766633
CAN,2023,82.5250564408346
CAN,2022,82.3500897353968
CAN,2021,82.1779279079275
CAN,2020,81.9509888710566
CAN,2019,81.7363672047941
CAN,2018,81.5500341646653
CAN,2017,81.4018945832226
CAN,2016,81.3023011093703
CAN,2015,81.2465670276699
CAN,2014,81.211183161556
CAN,2013,81.183439957458
CAN,2012,81.1513483248791
CAN,2011,81.1031425434213
CAN,2010,81.0120892252937
CAN,2009,80.8591838893921
CAN,2008,80.6628944916604
CAN,2007,80.4425615136782
CAN,2006,80.219066099279
CAN,2005,79.9760615882965
CAN,2004,79.6923063348315
CAN,2003,79.391380674239
CAN,2002,79.0990234802234
CAN,2001,78.8414764949736
CAN,2000,78.6292995508947
CAN,1999,78.4439309329358
CAN,1998,78.2693823081821
CAN,1997,78.0903398790871
CAN,1996,77.8924633929695
CAN,1995,77.6356482587498
CAN,1994,77.3171285420943
CAN,1993,76.9965686255912
CAN,1992,76.7352832428064
CAN,1991,76.5953841315163
CAN,1990,76.5564437077021
CYM,2025,100.0
CYM,2024,100.0
CYM,2023,100.0
CYM,2022,100.0
CYM,2021,100.0
CYM,2020,100.0
CYM,2019,100.0
CYM,2018,100.0
CYM,2017,100.0
CYM,2016,100.0
CYM,2015,100.0
CYM,2014,100.0
CYM,2013,100.0
CYM,2012,100.0
CYM,2011,100.0
CYM,2010,100.0
CYM,2009,100.0
CYM,2008,100.0
CYM,2007,100.0
CYM,2006,100.0
CYM,2005,100.0
CYM,2004,100.0
CYM,2003,100.0
CYM,2002,100.0
CYM,2001,100.0
CYM,2000,100.0
CYM,1999,100.0
CYM,1998,100.0
CYM,1997,100.0
CYM,1996,100.0
CYM,1995,100.0
CYM,1994,100.0
CYM,1993,100.0
CYM,1992,100.0
CYM,1991,100.0
CYM,1990,100.0
CAF,2025,44.5532156681816
CAF,2024,44.1243555638904
CAF,2023,43.6983692134165
CAF,2022,43.2751967457285
CAF,2021,42.8547782897949
CAF,2020,42.3050785933463
CAF,2019,41.7800430407332
CAF,2018,41.2824666248606
CAF,2017,40.8151443386334
CAF,2016,40.3808711749566
CAF,2015,39.9824421267351
CAF,2014,39.6226521868738
CAF,2013,39.3042963482777
CAF,2012,39.0301696038517
CAF,2011,38.8030669465007
CAF,2010,38.6244963104203
CAF,2009,38.476675697093
CAF,2008,38.3474489192338
CAF,2007,38.2343339436079
CAF,2006,38.134433681123
CAF,2005,38.0448510426866
CAF,2004,37.9626889392062
CAF,2003,37.8863171931924
CAF,2002,37.8169752995511
CAF,2001,37.7560236207831
CAF,2000,37.7014879765364
CAF,1999,37.6519674007269
CAF,1998,37.6060609272702
CAF,1997,37.5623675900822
CAF,1996,37.5194864230787
CAF,1995,37.4760164601754
CAF,1994,37.4305567352881
CAF,1993,37.3817062823325
CAF,1992,37.3280641352245
CAF,1991,37.2682293278798
CAF,1990,37.2008008942142
TCD,2025,27.5658786336865
TCD,2024,26.9315292389497
TCD,2023,26.3305395171046
TCD,2022,25.7635558629694
TCD,2021,25.2312246423075
TCD,2020,24.7341921795416
TCD,2019,24.2731047386633
TCD,2018,23.8486084924975
TCD,2017,23.461349471105
TCD,2016,23.1119734707179
TCD,2015,22.8011258828974
TCD,2014,22.5294513486009
TCD,2013,22.2975929852391
TCD,2012,22.1061904148178
TCD,2011,21.9558736797638
TCD,2010,21.8472378191095
TCD,2009,21.7784396568755
TCD,2008,21.7755796038887
TCD,2007,21.7709046834576
TCD,2006,21.7629797848529
TCD,2005,21.7519046977973
TCD,2004,21.7377792120134
TCD,2003,21.7207031172239
TCD,2002,21.7007762031515
TCD,2001,21.6780982595188
TCD,2000,21.6527690760484
TCD,1999,21.6248884424631
TCD,1998,21.5945561484855
TCD,1997,21.5618719838381
TCD,1996,21.5269357382438
TCD,1995,21.4898472014251
TCD,1994,21.4507061631048
TCD,1993,21.4101199820059
TCD,1992,21.3609354143699
TCD,1991,21.2916453921005
TCD,1990,21.2010604645485
CHI,2025,32.6430856346098
CHI,2024,32.7056211227456
CHI,2023,32.7554337975051
CHI,2022,32.7920439098264
CHI,2021,32.8148141071941
CHI,2020,32.8247184979451
CHI,2019,32.8235411026876
CHI,2018,32.8125991997971
CHI,2017,32.7853219355631
CHI,2016,32.7426259745361
CHI,2015,32.6907784276403
CHI,2014,32.6275595274837
CHI,2013,32.5432251775809
CHI,2012,32.4414334604748
CHI,2011,32.326335016388
CHI,2010,32.1868229080383
CHI,2009,32.0070188116634
CHI,2008,31.79721921014
CHI,2007,31.5692415250024
CHI,2006,31.3350770753618
CHI,2005,31.106756489445
CHI,2004,30.8959988423466
CHI,2003,30.7147995585339
CHI,2002,30.5750453017198
CHI,2001,30.4917013606365
CHI,2000,30.4565425668312
CHI,1999,30.4330686725485
CHI,1998,30.4134224421718
CHI,1997,30.399341204478
CHI,1996,30.3922462731803
CHI,1995,30.4335168389694
CHI,1994,30.6019547304498
CHI,1993,30.8421607425072
CHI,1992,31.0913820687852
CHI,1991,31.2832776266238
CHI,1990,31.4095988296707
CHL,2025,89.1772830019223
CHL,2024,88.9950908479196
CHL,2023,88.8158617217972
CHL,2022,88.6395352768685
CHL,2021,88.4660511664452
CHL,2020,88.2953490438375
CHL,2019,88.1273685623538
CHL,2018,87.9620493753008
CHL,2017,87.8000295757281
CHL,2016,87.6306290578181
CHL,2015,87.4653320342387
CHL,2014,87.3133701497978
CHL,2013,87.1827777654221
CHL,2012,87.0824943735696
CHL,2011,87.0109164653326
CHL,2010,86.9560135592209
CHL,2009,86.9124897308683
CHL,2008,86.8765769429469
CHL,2007,86.8445071581285
CHL,2006,86.8125123390851
CHL,2005,86.7768244484887
CHL,2004,86.7336754490112
CHL,2003,86.6792973033246
CHL,2002,86.6114115090282
CHL,2001,86.4906345913002
CHL,2000,86.2710912457813
CHL,1999,85.9716540411206
CHL,1998,85.6144109902521
CHL,1997,85.2214501061097
CHL,1996,84.8148594016272
CHL,1995,84.4167268897386
CHL,1994,84.0491405833779
CHL,1993,83.7341884954788
CHL,1992,83.4959351320883
CHL,1991,83.3267865158432
CHL,1990,83.1911973199111
CHN,2025,66.3429910348272
CHN,2024,65.8946980998325
CHN,2023,65.5301448035523
CHN,2022,65.2176361083984
CHN,2021,64.721076965332
CHN,2020,63.5234230266258
CHN,2019,62.7099151611328
CHN,2018,61.5001983642578
CHN,2017,60.2402687072754
CHN,2016,58.8399238586426
CHN,2015,57.3297843933105
CHN,2014,55.7502555847168
CHN,2013,54.4900016784668
CHN,2012,53.1003112792969
CHN,2011,51.8300285339355
CHN,2010,49.2340270628041
CHN,2009,48.3417053222656
CHN,2008,46.9895057678223
CHN,2007,45.8892440795898
CHN,2006,44.3430099487305
CHN,2005,42.9899978637695
CHN,2004,41.7600135803223
CHN,2003,40.5302314758301
CHN,2002,39.0897827148438
CHN,2001,37.6597442626953
CHN,2000,36.4320234662299
CHN,1999,34.7797050476074
CHN,1998,33.3501663208008
CHN,1997,31.9099540710449
CHN,1996,30.4798641204834
CHN,1995,29.0403804779053
CHN,1994,28.5098037719727
CHN,1993,27.9900760650635
CHN,1992,27.4598693847656
CHN,1991,26.9402465820312
CHN,1990,26.1957015991211
COL,2025,78.7827914751151
COL,2024,78.5210811866115
COL,2023,78.275571579544
COL,2022,78.0464633137335
COL,2021,77.8339570326128
COL,2020,77.6382533537045
COL,2019,77.4595528518377
COL,2018,77.2804816598084
COL,2017,77.2245191706503
COL,2016,77.2036266362166
COL,2015,77.1636280538646
COL,2014,77.1058449419909
COL,2013,77.0315988189922
COL,2012,76.942211203265
COL,2011,76.839003613206
COL,2010,76.7232975672119
COL,2009,76.5964145836792
COL,2008,76.4596761810047
COL,2007,76.3144038775849
COL,2006,76.1619191918164
COL,2005,76.004938901378
COL,2004,75.8080569479496
COL,2003,75.5341828570154
COL,2002,75.192444355543
COL,2001,74.7938371677676
COL,2000,74.3493570179247
COL,1999,73.8699996302493
COL,1998,73.3667607289768
COL,1997,72.8506360383423
COL,1996,72.3326212825811
COL,1995,71.8237121859285
COL,1994,71.3349044726196
COL,1993,70.8733475069429
COL,1992,70.4190206034906
COL,1991,69.9576034637361
COL,1990,69.4907571843537
COM,2025,33.941547481361
COM,2024,33.5392215673301
COM,2023,33.1502180946901
COM,2022,32.7746035528748
COM,2021,32.4124444313246
COM,2020,32.0638072194881
COM,2019,31.7287584068243
COM,2018,31.4073645195839
COM,2017,31.0996559689293
COM,2016,30.7305018169792
COM,2015,30.3732008585112
COM,2014,30.0302906552932
COM,2013,29.7043482521482
COM,2012,29.397950693899
COM,2011,29.1136750253686
COM,2010,28.8540982913801
COM,2009,28.6217975367563
COM,2008,28.4193498063202
COM,2007,28.2493321448949
COM,2006,28.1143215973031
COM,2005,28.016895208368
COM,2004,27.9596300229124
COM,2003,27.9448864609618
COM,2002,27.9586267103537
COM,2001,27.9902886596605
COM,2000,28.0360512192055
COM,1999,28.0922134983353
COM,1998,28.1550746063967
COM,1997,28.2209336527364
COM,1996,28.286089746701
COM,1995,28.3468419976372
COM,1994,28.3994895148917
COM,1993,28.4403314078112
COM,1992,28.4656667857423
COM,1991,28.4669403072928
COM,1990,28.3481619901639
COD,2025,45.1135633042151
COD,2024,44.7455804408753
COD,2023,44.3754734892194
COD,2022,44.003287663813
COD,2021,43.6290681792218
COD,2020,43.2528602500115
COD,2019,42.8747090907476
COD,2018,42.4946599159958
COD,2017,42.1127579403217
COD,2016,41.7290483782911
COD,2015,41.3435764444694
COD,2014,40.9563873534225
COD,2013,40.5675263197158
COD,2012,40.1770385579151
COD,2011,39.7849692825859
COD,2010,39.391363708294
COD,2009,38.9962670496049
COD,2008,38.5997245210844
COD,2007,38.201781337298
COD,2006,37.8024827128113
COD,2005,37.4018738621901
COD,2004,37.0
COD,2003,36.4654627231369
COD,2002,35.937064393184
COD,2001,35.4153526820763
COD,2000,34.9008752617485
COD,1999,34.3941798041357
COD,1998,33.8958139811728
COD,1997,33.4063254647945
COD,1996,32.9262619269359
COD,1995,32.4561710395319
COD,1994,31.9966004745173
COD,1993,31.5480979038271
COD,1992,31.1112109993961
COD,1991,30.6864874331592
COD,1990,30.2744748770515
COG,2025,64.1236534817412
COG,2024,63.8866111699904
COG,2023,63.6626757615625
COG,2022,63.6422003342807
COG,2021,63.6179125824196
COG,2020,63.5760904494257
COG,2019,63.5176376123385
COG,2018,63.4434577481975
COG,2017,63.3544545340423
COG,2016,63.2515316469123
COG,2015,63.135592763847
COG,2014,63.0075415618859
COG,2013,62.8682817180686
COG,2012,62.7187169094345
COG,2011,62.5597508130231
COG,2010,62.3922871058739
COG,2009,62.2172294650265
COG,2008,62.0354815675203
COG,2007,61.8502563370293
COG,2006,61.6237792620651
COG,2005,61.310286636126
COG,2004,60.9205990186239
COG,2003,60.4694583791889
COG,2002,59.9716066874511
COG,2001,59.4417859130405
COG,2000,58.8947380255871
COG,1999,58.345204994721
COG,1998,57.8079287900723
COG,1997,57.2976513812709
COG,1996,56.8293178931295
COG,1995,56.4068153474735
COG,1994,56.0168777305696
COG,1993,55.6492692925447
COG,1992,55.2939906807182
COG,1991,54.9410425424093
COG,1990,54.5804255249375
CRI,2025,79.7268137993004
CRI,2024,79.3107672397967
CRI,2023,78.8819393641702
CRI,2022,78.4405687613972
CRI,2021,77.9868940200009
CRI,2020,77.5211537281257
CRI,2019,77.0435864735963
CRI,2018,76.5544308439668
CRI,2017,76.0539254265608
CRI,2016,75.5423088085047
CRI,2015,75.0198195767549
CRI,2014,74.4866963181212
CRI,2013,73.9431776192863
CRI,2012,73.3895020668217
CRI,2011,72.8426586679914
CRI,2010,71.5081448974915
CRI,2009,70.1398469456228
CRI,2008,68.7925833934861
CRI,2007,67.4686406496983
CRI,2006,66.1703051228767
CRI,2005,64.8998632216384
CRI,2004,63.6596013546005
CRI,2003,62.4518059303802
CRI,2002,61.2787633575946
CRI,2001,60.1427600448608
CRI,2000,59.0462378975394
CRI,1999,57.962918759456
CRI,1998,56.8692582794794
CRI,1997,55.7720794004588
CRI,1996,54.6783643677805
CRI,1995,53.5950954268308
CRI,1994,52.529254822996
CRI,1993,51.4878248016624
CRI,1992,50.4777876082162
CRI,1991,49.5061254880439
CRI,1990,48.5798206865317
CIV,2025,54.5489501450761
CIV,2024,53.9733113940142
CIV,2023,53.4075201638704
CIV,2022,52.8492549676673
CIV,2021,52.3183461956059
CIV,2020,51.8357660823651
CIV,2019,51.3514799771241
CIV,2018,50.8718477756395
CIV,2017,50.3977309654344
CIV,2016,49.929991034032
CIV,2015,49.4694894689553
CIV,2014,49.0173144557368
CIV,2013,48.5702332186208
CIV,2012,48.1242507553354
CIV,2011,47.6797551269623
CIV,2010,47.2374301523201
CIV,2009,46.7979596502274
CIV,2008,46.3620274395029
CIV,2007,45.930317338965
CIV,2006,45.5035131674326
CIV,2005,45.082298743724
CIV,2004,44.667357886658
CIV,2003,44.2593744150531
CIV,2002,43.859032147728
CIV,2001,43.4670149035012
CIV,2000,43.0840065011913
CIV,1999,42.710690759617
CIV,1998,42.3472061187643
CIV,1997,41.9897649794856
CIV,1996,41.6377848898263
CIV,1995,41.2920870145192
CIV,1994,40.9534345569096
CIV,1993,40.6225907203425
CIV,1992,40.3003187081632
CIV,1991,39.9873817237167
CIV,1990,39.6845429703483
HRV,2025,57.8144543604143
HRV,2024,57.5158981711443
HRV,2023,57.2431560672198
HRV,2022,56.9977571733605
HRV,2021,56.7683502560171
HRV,2020,56.5284863367411
HRV,2019,56.303247958306
HRV,2018,56.093170097094
HRV,2017,55.9009887365155
HRV,2016,55.7294398599808
HRV,2015,55.5812594509004
HRV,2014,55.4591834926844
HRV,2013,55.3659479687433
HRV,2012,55.3042888624873
HRV,2011,55.2773793281248
HRV,2010,55.2824979327886
HRV,2009,55.3096640250682
HRV,2008,55.3530687812969
HRV,2007,55.4077128728613
HRV,2006,55.4685969711483
HRV,2005,55.5307217475444
HRV,2004,55.5890878734365
HRV,2003,55.6386960202113
HRV,2002,55.6745468592554
HRV,2001,55.6913829056559
HRV,2000,55.6818319251231
HRV,1999,55.6365686493584
HRV,1998,55.5584318277687
HRV,1997,55.4504271499415
HRV,1996,55.3155603054641
HRV,1995,55.1568369839241
HRV,1994,54.9772628749087
HRV,1993,54.7798436680054
HRV,1992,54.5675850528016
HRV,1991,54.347540899497
HRV,1990,54.0680161889492
CUB,2025,77.2270774821152
CUB,2024,77.1664929228275
CUB,2023,77.1259872296321
CUB,2022,77.1056060791016
CUB,2021,77.0987701416016
CUB,2020,77.1080322265625
CUB,2019,77.0728225708008
CUB,2018,77.0156326293945
CUB,2017,76.9603271484375
CUB,2016,76.9115829467773
CUB,2015,76.8702850341797
CUB,2014,76.8442459106445
CUB,2013,76.81640625
CUB,2012,76.7776920066844
CUB,2011,76.707663902788
CUB,2010,76.6099132468685
CUB,2009,76.4930251871133
CUB,2008,76.365461375763
CUB,2007,76.2356834650585
CUB,2006,76.1121531072403
CUB,2005,76.0033319545493
CUB,2004,75.917681659226
CUB,2003,75.8636638735113
CUB,2002,75.8514891112497
CUB,2001,75.887565612793
CUB,2000,75.635383605957
CUB,1999,75.3816833496094
CUB,1998,75.3100128173828
CUB,1997,75.0676345825195
CUB,1996,74.784049987793
CUB,1995,74.5832290649414
CUB,1994,74.5084381103516
CUB,1993,74.4948654174805
CUB,1992,74.4140930175781
CUB,1991,74.1448516845703
CUB,1990,73.7279891967773
CUW,2025,91.4727714986125
CUW,2024,91.4321812441765
CUW,2023,91.4080929292235
CUW,2022,91.4007684350799
CUW,2021,91.391865832772
CUW,2020,91.3820881678218
CUW,2019,91.3714918191305
CUW,2018,91.3601331655991
CUW,2017,91.3480685861287
CUW,2016,91.3353544596205
CUW,2015,91.3220471649755
CUW,2014,91.3082030810948
CUW,2013,91.2938785868797
CUW,2012,91.2791300612311
CUW,2011,91.2639416184104
CUW,2010,91.2491303278397
CUW,2009,91.2354256731905
CUW,2008,91.2220545596735
CUW,2007,91.2080919767428
CUW,2006,91.1926129138527
CUW,2005,91.1746923604573
CUW,2004,91.1534053060108
CUW,2003,91.1278267399674
CUW,2002,91.0970316517813
CUW,2001,91.060147058155
CUW,2000,90.8692145662905
CUW,1999,90.4167492670495
CUW,1998,89.7643028927608
CUW,1997,88.9734801262502
CUW,1996,88.1058856503431
CUW,1995,87.2231241478651
CUW,1994,86.3868003016417
CUW,1993,85.6585187944984
CUW,1992,85.0998746479707
CUW,1991,84.6608397890751
CUW,1990,84.2490939031968
CYP,2025,66.6950270703775
CYP,2024,66.6824259192483
CYP,2023,66.6739477522639
CYP,2022,66.6694829407584
CYP,2021,66.6718365394971
CYP,2020,66.7180443478713
CYP,2019,66.7677357070518
CYP,2018,66.8255530496405
CYP,2017,66.8907450570326
CYP,2016,66.9625604106231
CYP,2015,67.0402477918073
CYP,2014,67.1230558819804
CYP,2013,67.2102333625375
CYP,2012,67.3010289148738
CYP,2011,67.3979892758544
CYP,2010,67.5229111556342
CYP,2009,67.6836053786548
CYP,2008,67.8666261318649
CYP,2007,68.0604154001212
CYP,2006,68.2534151682801
CYP,2005,68.4340674211981
CYP,2004,68.5908141437316
CYP,2003,68.7120973207373
CYP,2002,68.7863589370716
CYP,2001,68.8024068077544
CYP,2000,68.7726966799379
CYP,1999,68.706218074521
CYP,1998,68.6080447821551
CYP,1997,68.4827583308314
CYP,1996,68.3349402485415
CYP,1995,68.1691720632769
CYP,1994,67.9900353030289
CYP,1993,67.802111495789
CYP,1992,67.6074573603626
CYP,1991,67.3910893187537
CYP,1990,67.1368426608878
CZE,2025,72.8754367116112
CZE,2024,72.7947984592185
CZE,2023,72.7352388396817
CZE,2022,72.6967638379524
CZE,2021,72.6810594374316
CZE,2020,72.7254901604208
CZE,2019,72.7876426709563
CZE,2018,72.8498744351241
CZE,2017,72.9121853567256
CZE,2016,72.9745753395623
CZE,2015,73.0370442874355
CZE,2014,73.0995921041469
CZE,2013,73.1622186934979
CZE,2012,73.2249239592898
CZE,2011,73.2878338394746
CZE,2010,73.3495599222723
CZE,2009,73.4084890302159
CZE,2008,73.4655517409377
CZE,2007,73.5219493596925
CZE,2006,73.578883191735
CZE,2005,73.6375545423198
CZE,2004,73.6991647167017
CZE,2003,73.7649150201353
CZE,2002,73.8360067578753
CZE,2001,73.9131752504002
CZE,2000,74.0038256456769
CZE,1999,74.1194096710694
CZE,1998,74.2547289190302
CZE,1997,74.4028023190951
CZE,1996,74.5566488007996
CZE,1995,74.7092872936794
CZE,1994,74.8537367272699
CZE,1993,74.9830160311069
CZE,1992,75.0901441347259
CZE,1991,75.1662908993883
CZE,1990,75.218790827643
DNK,2025,88.8458435892689
DNK,2024,88.6960552688405
DNK,2023,88.552638542867
DNK,2022,88.3880239837703
DNK,2021,88.2616449318149
DNK,2020,88.2394485473632
DNK,2019,88.2096490810669
DNK,2018,88.1059762310689
DNK,2017,88.0161943799509
DNK,2016,87.6999969482422
DNK,2015,87.7254056577329
DNK,2014,87.6823985731907
DNK,2013,87.5436524760432
DNK,2012,87.2336196899414
DNK,2011,87.1567653955846
DNK,2010,86.8652420043945
DNK,2009,86.7617653139929
DNK,2008,86.583137512207
DNK,2007,86.4251464366349
DNK,2006,86.2501288149818
DNK,2005,86.0059706832865
DNK,2004,85.7130276911593
DNK,2003,85.4199981689453
DNK,2002,85.3000030517578
DNK,2001,85.188307882087
DNK,2000,85.0999984741211
DNK,1999,85.0999984741211
DNK,1998,85.0920806648854
DNK,1997,85.0706527086185
DNK,1996,85.0392028124808
DNK,1995,85.0012191836328
DNK,1994,84.960190029235
DNK,1993,84.9196035564477
DNK,1992,84.8829479724314
DNK,1991,84.8537114843465
DNK,1990,84.8358814278461
DJI,2025,72.9758660686475
DJI,2024,72.9052635052978
DJI,2023,72.8408245988921
DJI,2022,72.6109938538856
DJI,2021,72.2882954556515
DJI,2020,71.9990170519895
DJI,2019,71.7418146554518
DJI,2018,71.5153442785902
DJI,2017,71.318261933957
DJI,2016,71.1492236341041
DJI,2015,71.0068853915837
DJI,2014,70.8899032189478
DJI,2013,70.7969331287484
DJI,2012,70.7266311335377
DJI,2011,70.6776532458676
DJI,2010,70.6486554782903
DJI,2009,70.6383251554484
DJI,2008,70.6793730584341
DJI,2007,70.8118125191918
DJI,2006,71.0245352095823
DJI,2005,71.3061450044404
DJI,2004,71.6452457786012
DJI,2003,72.0304414068997
DJI,2002,72.4503357641707
DJI,2001,72.8935327252495
DJI,2000,73.3486361649708
DJI,1999,73.8042499581697
DJI,1998,74.2489779796812
DJI,1997,74.6714241043403
DJI,1996,75.060192206982
DJI,1995,75.4038861624412
DJI,1994,75.691109845553
DJI,1993,75.9104671311523
DJI,1992,76.0505618940741
DJI,1991,76.099997794303
DJI,1990,76.0667021310371
DMA,2025,73.9861616678942
DMA,2024,73.5449839980866
DMA,2023,73.1105011438027
DMA,2022,72.682648635692
DMA,2021,72.2613620044042
DMA,2020,71.846576780589
DMA,2019,71.4382284948964
DMA,2018,71.0362526779762
DMA,2017,70.6405848604787
DMA,2016,70.2511605730541
DMA,2015,69.8679153463528
DMA,2014,69.4907847110252
DMA,2013,69.119704197722
DMA,2012,68.754609337094
DMA,2011,68.3978165602727
DMA,2010,67.9983269911984
DMA,2009,67.6071900939817
DMA,2008,67.232264436023
DMA,2007,66.877081776731
DMA,2006,66.5451738755145
DMA,2005,66.2400724917823
DMA,2004,65.9653093849432
DMA,2003,65.7244163144059
DMA,2002,65.5209250395792
DMA,2001,65.3586067945228
DMA,2000,65.2352744316641
DMA,1999,65.1405367221955
DMA,1998,65.0664964386069
DMA,1997,65.0055810408374
DMA,1996,64.9502179888262
DMA,1995,64.8928347425124
DMA,1994,64.8258587618353
DMA,1993,64.7417175067339
DMA,1992,64.6328384371474
DMA,1991,64.4977994208783
DMA,1990,64.0690628432256
DOM,2025,72.517694062591
DOM,2024,72.4121874752151
DOM,2023,72.3577991823338
DOM,2022,72.4203155643711
DOM,2021,72.9243347395035
DOM,2020,73.2643793773663
DOM,2019,73.5403464672933
DOM,2018,73.7589255716938
DOM,2017,73.926806252977
DOM,2016,74.0506780735522
DOM,2015,74.1372305958285
DOM,2014,74.1931533822153
DOM,2013,74.2251359951216
DOM,2012,74.2398679969568
DOM,2011,74.2440389501301
DOM,2010,74.1642773174177
DOM,2009,73.5894974865426
DOM,2008,72.4865154265802
DOM,2007,71.0193434994977
DOM,2006,69.333853706035
DOM,2005,67.5759180469321
DOM,2004,65.8914085229291
DOM,2003,64.426197134766
DOM,2002,63.2914022524877
DOM,2001,62.2979450293469
DOM,2000,61.3128549215919
DOM,1999,60.3614054332546
DOM,1998,59.4555813779028
DOM,1997,58.6073675691044
DOM,1996,57.8287488204273
DOM,1995,57.1317099454393
DOM,1994,56.5282357577084
DOM,1993,56.0297239121388
DOM,1992,55.6153197882278
DOM,1991,55.2641317491819
DOM,1990,54.9618770701908
ECU,2025,63.3918189058262
ECU,2024,63.2376932397602
ECU,2023,63.1307729554263
ECU,2022,63.0901835932266
ECU,2021,63.0871268249117
ECU,2020,63.0773897782521
ECU,2019,63.0627139714638
ECU,2018,63.0433276812321
ECU,2017,63.0194591842425
ECU,2016,62.9913367571804
ECU,2015,62.959188676731
ECU,2014,62.9232432195799
ECU,2013,62.8837286624122
ECU,2012,62.8408732819135
ECU,2011,62.7949053547691
ECU,2010,62.7405258611644
ECU,2009,62.6588021150118
ECU,2008,62.5395521004212
ECU,2007,62.3887552077227
ECU,2006,62.2099988435587
ECU,2005,62.0068704145716
ECU,2004,61.7829573274038
ECU,2003,61.5418469886978
ECU,2002,61.2871268050958
ECU,2001,61.0123544006659
ECU,2000,60.6865005107058
ECU,1999,60.2913906089831
ECU,1998,59.8393139134949
ECU,1997,59.3379890323065
ECU,1996,58.7951345734834
ECU,1995,58.218469145091
ECU,1994,57.6157113551947
ECU,1993,56.99457981186
ECU,1992,56.3627931231524
ECU,1991,55.7280698971372
ECU,1990,55.0896733142119
EGY,2025,42.9043204925248
EGY,2024,42.8004363938404
EGY,2023,42.7098115041919
EGY,2022,42.6325129008032
EGY,2021,42.5686062621468
EGY,2020,42.5181534630674
EGY,2019,42.4812027332648
EGY,2018,42.4577177449969
EGY,2017,42.4486008687179
EGY,2016,42.5210717266225
EGY,2015,42.6056314089048
EGY,2014,42.6825522284408
EGY,2013,42.7514277188751
EGY,2012,42.8118514138525
EGY,2011,42.8634168470177
EGY,2010,42.9057175520154
EGY,2009,42.9383470624904
EGY,2008,42.9608989120873
EGY,2007,42.9729666344509
EGY,2006,42.9729991680104
EGY,2005,42.9569271409488
EGY,2004,42.9255593360476
EGY,2003,42.8834685533792
EGY,2002,42.8347629483917
EGY,2001,42.7835506765333
EGY,2000,42.7339398932519
EGY,1999,42.6900387539957
EGY,1998,42.6559554142127
EGY,1997,42.6357980293511
EGY,1996,42.6396966117235
EGY,1995,42.7019009364527
EGY,1994,42.823655436222
EGY,1993,42.9872125093605
EGY,1992,43.1765905116707
EGY,1991,43.3758077989551
EGY,1990,43.5688827270165
SLV,2025,75.5237123209951
SLV,2024,75.0674905102199
SLV,2023,74.6080675149903
SLV,2022,74.1465021298679
SLV,2021,73.6838531494141
SLV,2020,73.0570220947266
SLV,2019,72.4148941040039
SLV,2018,71.7577209472656
SLV,2017,71.0856704711914
SLV,2016,70.3990173339844
SLV,2015,69.6982116699219
SLV,2014,68.9166664266223
SLV,2013,68.0878511957995
SLV,2012,67.2232666950659
SLV,2011,66.334413642034
SLV,2010,65.4327927543162
SLV,2009,64.5299047495248
SLV,2008,63.6372503452723
SLV,2007,62.7676878093683
SLV,2006,61.9068679391763
SLV,2005,61.0308213239291
SLV,2004,60.1425374326239
SLV,2003,59.2468576589718
SLV,2002,58.3486233966841
SLV,2001,57.4526760394716
SLV,2000,56.5638569810457
SLV,1999,55.6870076151174
SLV,1998,54.8269693353978
SLV,1997,53.9885835355981
SLV,1996,53.1766916094294
SLV,1995,52.3961349506028
SLV,1994,51.6517549528294
SLV,1993,50.9483930098203
SLV,1992,50.2872835534805
SLV,1991,49.6386716440595
SLV,1990,48.9832556080127
GNQ,2025,71.5761028458697
GNQ,2024,71.3574028749806
GNQ,2023,71.1290664883517
GNQ,2022,70.8910029445467
GNQ,2021,70.6431215020592
GNQ,2020,70.3853314193247
GNQ,2019,70.1175419547293
GNQ,2018,69.8396623666175
GNQ,2017,69.5516019132985
GNQ,2016,69.253269853051
GNQ,2015,68.951270615355
GNQ,2014,65.5593240167184
GNQ,2013,62.2120073583984
GNQ,2012,59.0106940671203
GNQ,2011,55.9743349096911
GNQ,2010,53.1218806529176
GNQ,2009,50.4722820636069
GNQ,2008,48.0444899085658
GNQ,2007,45.8574549546013
GNQ,2006,43.9301279685204
GNQ,2005,42.2814597171299
GNQ,2004,40.9304009672368
GNQ,2003,39.895902485648
GNQ,2002,39.1969150391705
GNQ,2001,38.8638365386531
GNQ,2000,38.8154587133988
GNQ,1999,38.8123944156763
GNQ,1998,38.810342340543
GNQ,1997,38.808691785582
GNQ,1996,38.8068320483764
GNQ,1995,38.8041524265093
GNQ,1994,38.799943915078
GNQ,1993,38.500270629153
GNQ,1992,37.6998947248541
GNQ,1991,36.5100855493731
GNQ,1990,35.0420578472365
ERI,2025,34.5404504255216
ERI,2024,34.5365524291992
ERI,2023,34.696403503418
ERI,2022,34.8469276428223
ERI,2021,34.9871139526367
ERI,2020,35.116138458252
ERI,2019,35.2352333068848
ERI,2018,35.3451042175293
ERI,2017,35.4427146911621
ERI,2016,35.5254287719727
ERI,2015,35.591007232666
ERI,2014,35.639720916748
ERI,2013,35.6713333129883
ERI,2012,35.6824264526367
ERI,2011,35.6706275939941
ERI,2010,35.6346549987793
ERI,2009,35.5742034912109
ERI,2008,35.4897117614746
ERI,2007,35.3820953369141
ERI,2006,35.2525177001953
ERI,2005,35.1022033691406
ERI,2004,34.9324645996094
ERI,2003,34.7451286315918
ERI,2002,34.5420799255371
ERI,2001,34.3253211975098
ERI,2000,34.0983619689941
ERI,1999,33.4920561707444
ERI,1998,32.4002451026521
ERI,1997,30.9261031643271
ERI,1996,29.1728047553789
ERI,1995,27.2435242754175
ERI,1994,25.2414361240526
ERI,1993,23.2697147008939
ERI,1992,21.4315344055512
ERI,1991,19.8300696376343
ERI,1990,18.5684947967529
EST,2025,70.7208526598129
EST,2024,70.6981161541961
EST,2023,70.6770085523126
EST,2022,70.4892333736738
EST,2021,70.1777274135822
EST,2020,69.8815778947665
EST,2019,69.5787397662154
EST,2018,69.2803532930133
EST,2017,68.9931941915158
EST,2016,68.724038178078
EST,2015,68.4796609690553
EST,2014,68.2668382808032
EST,2013,68.0923458296768
EST,2012,67.9629593320316
EST,2011,67.8775556334506
EST,2010,67.8048042926262
EST,2009,67.7348909034398
EST,2008,67.6696980194394
EST,2007,67.6097866365576
EST,2006,67.5557177507269
EST,2005,67.5080523578799
EST,2004,67.467351453949
EST,2003,67.4341760348669
EST,2002,67.4090870965661
EST,2001,67.3926456349791
EST,2000,67.385529072627
EST,1999,67.43756162347
EST,1998,67.6521763500664
EST,1997,68.0003912958243
EST,1996,68.4475740642067
EST,1995,68.959092258676
EST,1994,69.500313482695
EST,1993,70.0366053397264
EST,1992,70.5333354332329
EST,1991,70.9558713666771
EST,1990,71.2695807435219
SWZ,2025,26.7213709706525
SWZ,2024,26.2498461258639
SWZ,2023,25.8081878500755
SWZ,2022,25.396682918542
SWZ,2021,25.0156180525173
SWZ,2020,24.6652798922192
SWZ,2019,24.3459549517751
SWZ,2018,24.0579295404227
SWZ,2017,23.8052004963161
SWZ,2016,23.5278881746356
SWZ,2015,23.2660261759632
SWZ,2014,23.026850446568
SWZ,2013,22.8121644356992
SWZ,2012,22.6237715926065
SWZ,2011,22.4634753665393
SWZ,2010,22.3330792067471
SWZ,2009,22.2343865624794
SWZ,2008,22.1692008829856
SWZ,2007,22.139989967508
SWZ,2006,22.1505527018245
SWZ,2005,22.2102447619336
SWZ,2004,22.3077107838089
SWZ,2003,22.4312316968119
SWZ,2002,22.5690884303038
SWZ,2001,22.7095619136459
SWZ,2000,22.8409330761997
SWZ,1999,22.9514828473263
SWZ,1998,23.0294921563872
SWZ,1997,23.0630430265279
SWZ,1996,23.0616648391073
SWZ,1995,23.0540254640177
SWZ,1994,23.0408777757025
SWZ,1993,23.0223015331371
SWZ,1992,22.9983764952968
SWZ,1991,22.9691824211569
SWZ,1990,22.9347990696928
ETH,2025,24.1096952088946
ETH,2024,23.6222839355469
ETH,2023,23.0586471557617
ETH,2022,22.7367687225342
ETH,2021,22.1067085266113
ETH,2020,21.6260051727295
ETH,2019,21.2486705780029
ETH,2018,20.7838096618652
ETH,2017,20.3084850311279
ETH,2016,19.8763618469238
ETH,2015,19.451566696167
ETH,2014,19.0262870788574
ETH,2013,18.615514755249
ETH,2012,18.2061367034912
ETH,2011,17.863790512085
ETH,2010,17.4937839508057
ETH,2009,17.1511001586914
ETH,2008,16.7936706542969
ETH,2007,16.0948330261902
ETH,2006,16.2148475646973
ETH,2005,15.982967376709
ETH,2004,15.7585906982422
ETH,2003,15.5438537597656
ETH,2002,15.333233833313
ETH,2001,15.1177673339844
ETH,2000,14.9193096160889
ETH,1999,14.713321685791
ETH,1998,14.5135431289673
ETH,1997,14.3073453903198
ETH,1996,14.102746963501
ETH,1995,13.8825578689575
ETH,1994,13.7172676452417
ETH,1993,13.5107604305191
ETH,1992,13.2797353575599
ETH,1991,13.0289528923177
ETH,1990,12.7641346261628
FRO,2025,39.643321785446
FRO,2024,39.4132325882965
FRO,2023,39.1975270123645
FRO,2022,38.9959824546757
FRO,2021,38.8083763122559
FRO,2020,38.6689987182617
FRO,2019,38.3945655822754
FRO,2018,38.4058837890625
FRO,2017,38.3324699401855
FRO,2016,38.3200225830078
FRO,2015,38.1431503295898
FRO,2014,37.9093894958496
FRO,2013,37.7414817810059
FRO,2012,37.3244972229004
FRO,2011,37.2975959777832
FRO,2010,37.2536926269531
FRO,2009,36.8888092041016
FRO,2008,36.4679222106934
FRO,2007,36.2929878234863
FRO,2006,36.4584197998047
FRO,2005,36.3320579528809
FRO,2004,36.317985534668
FRO,2003,36.1276473999023
FRO,2002,35.9365425109863
FRO,2001,35.9342155456543
FRO,2000,35.6986770629883
FRO,1999,35.6715698242188
FRO,1998,35.463436126709
FRO,1997,35.1851005554199
FRO,1996,34.8897514343262
FRO,1995,34.3788681030273
FRO,1994,33.9336471557617
FRO,1993,34.2075805664062
FRO,1992,34.0233879089355
FRO,1991,33.7204170227051
FRO,1990,33.4792633056641
FJI,2025,59.5444551836369
FJI,2024,59.0766602292457
FJI,2023,58.6069049738768
FJI,2022,58.1352701465266
FJI,2021,57.6618364761928
FJI,2020,57.186684691874
FJI,2019,56.70989552257
FJI,2018,56.2328347385698
FJI,2017,55.7408343449609
FJI,2016,55.1734720973874
FJI,2015,54.6234188083653
FJI,2014,54.0838287543856
FJI,2013,53.5552726299291
FJI,2012,53.0383211294771
FJI,2011,52.5335449475105
FJI,2010,52.0415147785104
FJI,2009,51.5628013169579
FJI,2008,51.0979752573339
FJI,2007,50.6494569776975
FJI,2006,50.2294752725468
FJI,2005,49.8421361321385
FJI,2004,49.4772922157817
FJI,2003,49.1260494882891
FJI,2002,48.7795139144731
FJI,2001,48.4287914591462
FJI,2000,48.0649880871211
FJI,1999,47.6792097632103
FJI,1998,47.2625624522263
FJI,1997,46.8061521189816
FJI,1996,46.295551139339
FJI,1995,45.6574672941176
FJI,1994,44.8686689740928
FJI,1993,43.9781449323873
FJI,1992,43.0309863643019
FJI,1991,42.0722844651373
FJI,1990,41.1471304301944
FIN,2025,74.5247844319848
FIN,2024,74.2637190463636
FIN,2023,74.0062548602828
FIN,2022,73.6967597835949
FIN,2021,73.3710215780329
FIN,2020,73.0849439791673
FIN,2019,72.7431214358314
FIN,2018,72.3423467740343
FIN,2017,71.9563038312956
FIN,2016,71.6158383428171
FIN,2015,71.3054930040604
FIN,2014,70.9879168940753
FIN,2013,70.6742118159277
FIN,2012,70.3661363168712
FIN,2011,70.0583261874252
FIN,2010,69.7855798796947
FIN,2009,69.546259966947
FIN,2008,69.2943672196361
FIN,2007,69.0200377316963
FIN,2006,68.7588279849327
FIN,2005,68.5140529517604
FIN,2004,68.2766596767133
FIN,2003,68.0425549126858
FIN,2002,67.7951641569199
FIN,2001,67.4982392821958
FIN,2000,67.1227685349539
FIN,1999,66.6718213970733
FIN,1998,66.1787142075127
FIN,1997,65.6793976054672
FIN,1996,65.2098222301322
FIN,1995,64.8059387207031
FIN,1994,64.4893951416016
FIN,1993,64.2520294189453
FIN,1992,64.0954742431641
FIN,1991,63.9701843261719
FIN,1990,63.8772201538086
FRA,2025,78.8449650563584
FRA,2024,78.7999750964116
FRA,2023,78.7804323126547
FRA,2022,78.7591921123356
FRA,2021,78.7364603392338
FRA,2020,78.7119131765249
FRA,2019,78.6890784549356
FRA,2018,78.6714432536599
FRA,2017,78.6467804026368
FRA,2016,78.5999114705779
FRA,2015,77.7610919150066
FRA,2014,77.3524296788613
FRA,2013,77.2440721470918
FRA,2012,77.1669464919916
FRA,2011,77.1182717387509
FRA,2010,77.0962844808803
FRA,2009,77.1005391809676
FRA,2008,77.1561901569367
FRA,2007,77.2457976606157
FRA,2006,77.3467240068648
FRA,2005,77.4363315105438
FRA,2004,77.4900500011961
FRA,2003,77.4691216035138
FRA,2002,77.2543866607525
FRA,2001,76.9074413607811
FRA,2000,76.5143983146093
FRA,1999,76.1682703613968
FRA,1998,75.8918556090764
FRA,1997,75.6252262826369
FRA,1996,75.3592581297959
FRA,1995,75.0991069026347
FRA,1994,74.8499283532348
FRA,1993,74.6168782336776
FRA,1992,74.4051122960444
FRA,1991,74.2197862924166
FRA,1990,74.0675966432025
PYF,2025,61.7583766473831
PYF,2024,61.7191984724331
PYF,2023,61.6967135028569
PYF,2022,61.6913806937112
PYF,2021,61.7399813226008
PYF,2020,61.7673100921
PYF,2019,61.7824142427508
PYF,2018,61.7888025236875
PYF,2017,61.7896941062846
PYF,2016,61.7744381369651
PYF,2015,61.7374742154907
PYF,2014,61.6824807401268
PYF,2013,61.6130486661995
PYF,2012,61.5286539604592
PYF,2011,61.2717342597741
PYF,2010,60.7610223950988
PYF,2009,60.0681095268001
PYF,2008,59.2616375081129
PYF,2007,58.4102481922721
PYF,2006,57.5825834325129
PYF,2005,56.8472850820701
PYF,2004,56.2729949941787
PYF,2003,55.9283550220738
PYF,2002,55.8631794440685
PYF,2001,55.8931875849702
PYF,2000,55.954253994428
PYF,1999,56.0390680212033
PYF,1998,56.1410902357594
PYF,1997,56.2537812085595
PYF,1996,56.3745197204973
PYF,1995,56.5423628393921
PYF,1994,56.7754047689228
PYF,1993,57.0501302730509
PYF,1992,57.3455797495631
PYF,1991,57.6407935962462
PYF,1990,57.9148122108867
GAB,2025,92.0876666682068
GAB,2024,91.8632094677575
GAB,2023,91.6375962797313
GAB,2022,91.2243355459988
GAB,2021,90.7881967286967
GAB,2020,90.3480750410147
GAB,2019,89.9031850170394
GAB,2018,89.4539949981866
GAB,2017,89.0009733256896
GAB,2016,88.5445883406178
GAB,2015,88.085308383892
GAB,2014,87.6236017962969
GAB,2013,87.1482480671637
GAB,2012,86.8838635787001
GAB,2011,86.5665383650315
GAB,2010,86.1852592472945
GAB,2009,85.7432582123932
GAB,2008,85.2437672472316
GAB,2007,84.6900183387136
GAB,2006,84.0852434737431
GAB,2005,83.4326746392243
GAB,2004,82.7355438220611
GAB,2003,81.9970830091574
GAB,2002,81.2205241874174
GAB,2001,80.4090993437448
GAB,2000,79.5660404650438
GAB,1999,78.6945795382183
GAB,1998,77.7979485501723
GAB,1997,76.8793794878098
GAB,1996,75.9421043380347
GAB,1995,74.9893550877512
GAB,1994,74.024363723863
GAB,1993,73.045618801257
GAB,1992,71.9462586445569
GAB,1991,70.6696353906172
GAB,1990,69.2781718586779
GMB,2025,64.9884861325581
GMB,2024,64.2994103409645
GMB,2023,63.8020182456108
GMB,2022,63.2869880996278
GMB,2021,62.7550706637859
GMB,2020,62.2069251698555
GMB,2019,61.643210849607
GMB,2018,61.0645869348107
GMB,2017,60.471712657237
GMB,2016,59.8652472486563
GMB,2015,59.2458499408388
GMB,2014,58.6141799655551
GMB,2013,57.970305611505
GMB,2012,57.3207304207091
GMB,2011,56.6696692994225
GMB,2010,56.0110896605662
GMB,2009,55.3379286345209
GMB,2008,54.6431233516671
GMB,2007,53.9196109423854
GMB,2006,53.1603285370566
GMB,2005,52.3582132660613
GMB,2004,51.5062022597801
GMB,2003,50.6010077995371
GMB,2002,49.5731153377033
GMB,2001,48.3491979765917
GMB,2000,46.9722332873784
GMB,1999,45.4929344401818
GMB,1998,43.96201460512
GMB,1997,42.4301869523111
GMB,1996,40.9481646518734
GMB,1995,39.5666608739251
GMB,1994,38.3363887885843
GMB,1993,37.3130852637624
GMB,1992,36.4874748416791
GMB,1991,35.7874816626157
GMB,1990,35.1767478543638
GEO,2025,61.1781364090406
GEO,2024,61.0789605093733
GEO,2023,60.7523077799724
GEO,2022,60.0101622679115
GEO,2021,59.4293560618005
GEO,2020,58.9990552763878
GEO,2019,58.6304091780343
GEO,2018,58.3038181862576
GEO,2017,57.9996827205757
GEO,2016,57.6984032005062
GEO,2015,57.3803800455672
GEO,2014,57.0237612994258
GEO,2013,56.6182119019407
GEO,2012,56.1683526759979
GEO,2011,55.6899257648533
GEO,2010,55.1969344748228
GEO,2009,54.7033821122222
GEO,2008,54.2232719833673
GEO,2007,53.7706073945741
GEO,2006,53.3593916521584
GEO,2005,53.0036280624359
GEO,2004,52.7173199317225
GEO,2003,52.5144705663341
GEO,2002,52.4127676027039
GEO,2001,52.4098165040349
GEO,2000,52.4935999592259
GEO,1999,52.645783673319
GEO,1998,52.8545115995706
GEO,1997,53.1079276912372
GEO,1996,53.3941759015751
GEO,1995,53.7014001838407
GEO,1994,54.0177444912905
GEO,1993,54.331352777181
GEO,1992,54.6303689947684
GEO,1991,54.9029370973093
GEO,1990,55.13720103806
DEU,2025,82.13822205362
DEU,2024,82.0211432579125
DEU,2023,81.9034366692129
DEU,2022,81.7867852780995
DEU,2021,81.6325870653934
DEU,2020,81.4700055002738
DEU,2019,81.3053991689039
DEU,2018,81.1423036204018
DEU,2017,80.9842544038853
DEU,2016,80.8347870684725
DEU,2015,80.6974371632814
DEU,2014,80.57574023743
DEU,2013,80.4732318400362
DEU,2012,80.393447520218
DEU,2011,80.3405762928198
DEU,2010,80.305702559949
DEU,2009,80.2745192417062
DEU,2008,80.2459549084581
DEU,2007,80.2198636634402
DEU,2006,80.1960996098884
DEU,2005,80.1745168510383
DEU,2004,80.1549694901257
DEU,2003,80.1373116303862
DEU,2002,80.1213973750556
DEU,2001,80.1070808273695
DEU,2000,80.0942160905637
DEU,1999,80.0826572678738
DEU,1998,80.0722584625357
DEU,1997,80.0628737777848
DEU,1996,80.0543573168571
DEU,1995,80.0465631829882
DEU,1994,80.0393454794137
DEU,1993,80.0325583093694
DEU,1992,80.026055776091
DEU,1991,80.0196919828142
DEU,1990,80.0133210327747
GHA,2025,58.9246861473125
GHA,2024,58.3654868038581
GHA,2023,57.8074737774654
GHA,2022,57.250609602871
GHA,2021,56.6952556826536
GHA,2020,56.2171613974837
GHA,2019,55.7246279109161
GHA,2018,55.218477566593
GHA,2017,54.6991419779128
GHA,2016,54.167052758274
GHA,2015,53.6226415210752
GHA,2014,53.0663398797148
GHA,2013,52.4985794475913
GHA,2012,51.9197918381031
GHA,2011,51.3304086646488
GHA,2010,50.7296926788704
GHA,2009,50.1111250897099
GHA,2008,49.4708679942306
GHA,2007,48.8125122665918
GHA,2006,48.1388926229785
GHA,2005,47.4528437795757
GHA,2004,46.7572004525685
GHA,2003,46.0547973581418
GHA,2002,45.3484692124806
GHA,2001,44.6410507317701
GHA,2000,43.9373786640616
GHA,1999,43.2178251472243
GHA,1998,42.4529260811866
GHA,1997,41.6484565039731
GHA,1996,40.8143452217336
GHA,1995,39.960521040618
GHA,1994,39.0969127667762
GHA,1993,38.233449206358
GHA,1992,37.3800591655132
GHA,1991,36.5466714503918
GHA,1990,35.7432148671435
GIB,2025,100.0
GIB,2024,100.0
GIB,2023,100.0
GIB,2022,100.0
GIB,2021,100.0
GIB,2020,100.0
GIB,2019,100.0
GIB,2018,100.0
GIB,2017,100.0
GIB,2016,100.0
GIB,2015,100.0
GIB,2014,100.0
GIB,2013,100.0
GIB,2012,100.0
GIB,2011,100.0
GIB,2010,100.0
GIB,2009,100.0
GIB,2008,100.0
GIB,2007,100.0
GIB,2006,100.0
GIB,2005,100.0
GIB,2004,100.0
GIB,2003,100.0
GIB,2002,100.0
GIB,2001,100.0
GIB,2000,100.0
GIB,1999,100.0
GIB,1998,100.0
GIB,1997,100.0
GIB,1996,100.0
GIB,1995,100.0
GIB,1994,100.0
GIB,1993,100.0
GIB,1992,100.0
GIB,1991,100.0
GIB,1990,100.0
GRC,2025,79.2246082848537
GRC,2024,78.9967856500534
GRC,2023,78.7746303842088
GRC,2022,78.5502190980809
GRC,2021,78.3884898647442
GRC,2020,78.3066842455552
GRC,2019,78.1888100466875
GRC,2018,78.0490656849874
GRC,2017,77.8895342613411
GRC,2016,77.7122988766348
GRC,2015,77.5194426317545
GRC,2014,77.3130486275866
GRC,2013,77.0951999650171
GRC,2012,76.8679797449322
GRC,2011,76.6352609929407
GRC,2010,76.3631476983077
GRC,2009,76.0174962722535
GRC,2008,75.615079456679
GRC,2007,75.1753473512439
GRC,2006,74.717750055608
GRC,2005,74.2617376694311
GRC,2004,73.8267602923728
GRC,2003,73.432268024093
GRC,2002,73.0977109642516
GRC,2001,72.8460703788502
GRC,2000,72.665642910984
GRC,1999,72.5179414727182
GRC,1998,72.3911938989336
GRC,1997,72.2800514373571
GRC,1996,72.1791653357157
GRC,1995,72.0831868417364
GRC,1994,71.986767203146
GRC,1993,71.8845576676716
GRC,1992,71.7712094830401
GRC,1991,71.6402415130464
GRC,1990,71.4954907305534
GRL,2025,88.5740108655152
GRL,2024,88.3195347935238
GRL,2023,88.0631147749908
GRL,2022,87.8049405256832
GRL,2021,87.5452017613678
GRL,2020,87.2840881978115
GRL,2019,87.0217895507812
GRL,2018,86.72509765625
GRL,2017,86.3915557861328
GRL,2016,86.2261047363281
GRL,2015,86.046257019043
GRL,2014,85.6772384643555
GRL,2013,85.3725891113281
GRL,2012,84.8864593505859
GRL,2011,84.5286026000977
GRL,2010,84.2784881591797
GRL,2009,83.8556137084961
GRL,2008,83.621826171875
GRL,2007,83.2039566040039
GRL,2006,82.8471984863281
GRL,2005,82.6899108886719
GRL,2004,82.5634307861328
GRL,2003,82.3485946655273
GRL,2002,82.0752868652344
GRL,2001,81.7906112670898
GRL,2000,81.4517822265625
GRL,1999,81.1649703979492
GRL,1998,81.1202621459961
GRL,1997,81.072395324707
GRL,1996,81.0665817260742
GRL,1995,81.0566635131836
GRL,1994,80.7938690185547
GRL,1993,80.467903137207
GRL,1992,80.2990036010742
GRL,1991,80.1740493774414
GRL,1990,79.97265625
GRD,2025,36.6708064336827
GRD,2024,36.5628000454229
GRD,2023,36.462128238584
GRD,2022,36.3688840183487
GRD,2021,36.2831603706908
GRD,2020,36.2050502515788
GRD,2019,36.1346465679904
GRD,2018,36.0720421424532
GRD,2017,36.0173296416579
GRD,2016,35.9706014181883
GRD,2015,35.9319491111708
GRD,2014,35.9014624346562
GRD,2013,35.8792242623778
GRD,2012,35.8652755773132
GRD,2011,35.8601091092326
GRD,2010,35.8743359481443
GRD,2009,35.8877990260417
GRD,2008,35.8983157156326
GRD,2007,35.9062498793276
GRD,2006,35.9119653795374
GRD,2005,35.9158260786725
GRD,2004,35.9181958391436
GRD,2003,35.9194385233611
GRD,2002,35.9199179937357
GRD,2001,35.9199973947796
GRD,2000,35.8702371019579
GRD,1999,35.7134332292386
GRD,1998,35.473124174921
GRD,1997,35.1734670856707
GRD,1996,34.8386191081534
GRD,1995,34.4927373890347
GRD,1994,34.1599790749802
GRD,1993,33.8645013126556
GRD,1992,33.6304612487265
GRD,1991,33.4838633944224
GRD,1990,33.4035322468443
GUM,2025,94.2197463433641
GUM,2024,94.1726346571831
GUM,2023,94.1349341638921
GUM,2022,94.1068261842046
GUM,2021,94.0884327694075
GUM,2020,94.0804991087801
GUM,2019,94.0799802498939
GUM,2018,94.079885002321
GUM,2017,94.0797139460527
GUM,2016,94.079467256407
GUM,2015,94.079145108702
GUM,2014,94.0787476782557
GUM,2013,94.0782751403862
GUM,2012,94.0777276704115
GUM,2011,94.0771054436498
GUM,2010,94.0765173267308
GUM,2009,94.0673223633488
GUM,2008,94.0314223884421
GUM,2007,93.9710535665648
GUM,2006,93.8894857603993
GUM,2005,93.7899888326279
GUM,2004,93.6758326459328
GUM,2003,93.5502870629964
GUM,2002,93.4166219465011
GUM,2001,93.2781071591292
GUM,2000,93.1395316242857
GUM,1999,92.9853382890167
GUM,1998,92.7914711219447
GUM,1997,92.5631939625945
GUM,1996,92.3088719106896
GUM,1995,92.0368700659536
GUM,1994,91.7555535281099
GUM,1993,91.4732873968821
GUM,1992,91.1984367719938
GUM,1991,90.9393667531683
GUM,1990,90.7067343821472
GTM,2025,56.2972033013999
GTM,2024,55.9547027274763
GTM,2023,55.6082319565539
GTM,2022,55.2581228215265
GTM,2021,54.9047071553758
GTM,2020,54.5483167911628
GTM,2019,54.1882267267974
GTM,2018,53.845962303542
GTM,2017,53.7994723140017
GTM,2016,53.6609232857043
GTM,2015,53.4411050262961
GTM,2014,53.1458479013964
GTM,2013,52.7809822766245
GTM,2012,52.3523385176
GTM,2011,51.8657469899423
GTM,2010,51.3270380592706
GTM,2009,50.7420420912045
GTM,2008,50.1165894513633
GTM,2007,49.4565105053665
GTM,2006,48.7676356188334
GTM,2005,48.0557951573834
GTM,2004,47.326819486636
GTM,2003,46.5865389722105
GTM,2002,45.7754731938848
GTM,2001,44.678095600504
GTM,2000,43.2434755105047
GTM,1999,41.6231547208891
GTM,1998,39.9406715289323
GTM,1997,38.3195642319091
GTM,1996,36.8833711270944
GTM,1995,35.7556305117631
GTM,1994,35.0756010770794
GTM,1993,34.7310073212315
GTM,1992,34.4334171300471
GTM,1991,34.1565593261803
GTM,1990,33.9012796561515
GIN,2025,38.5165334466562
GIN,2024,38.0713036688655
GIN,2023,37.6454083954705
GIN,2022,37.2384967469106
GIN,2021,36.8502178436256
GIN,2020,36.4802208060551
GIN,2019,36.1281547546387
GIN,2018,35.8554382324219
GIN,2017,35.5827331542969
GIN,2016,35.3100280761719
GIN,2015,35.0373191833496
GIN,2014,34.8177920826682
GIN,2013,34.5812741977122
GIN,2012,34.3313936933767
GIN,2011,34.0732054685603
GIN,2010,33.8075426880206
GIN,2009,33.5352385165154
GIN,2008,33.2571261188022
GIN,2007,32.9740386596386
GIN,2006,32.6868093037822
GIN,2005,32.3962712159907
GIN,2004,32.1032575610216
GIN,2003,31.8086015036327
GIN,2002,31.5131362085814
GIN,2001,31.2176948406254
GIN,2000,30.9231105645224
GIN,1999,30.63021654503
GIN,1998,30.3398459469057
GIN,1997,30.0528319349072
GIN,1996,29.7715516995972
GIN,1995,29.4990241182623
GIN,1994,29.2360010751533
GIN,1993,28.9789113203538
GIN,1992,28.7249348395438
GIN,1991,28.4712516184031
GIN,1990,28.2150416426116
GNB,2025,46.6510315281292
GNB,2024,46.113204421822
GNB,2023,45.5923843383789
GNB,2022,45.1627159118652
GNB,2021,44.7334136962891
GNB,2020,44.3038330078125
GNB,2019,43.8745574951172
GNB,2018,43.4449081420898
GNB,2017,43.0155792236328
GNB,2016,42.586109161377
GNB,2015,42.1568145751953
GNB,2014,41.7271995544434
GNB,2013,41.2976379394531
GNB,2012,40.8686027526855
GNB,2011,40.4391136169434
GNB,2010,40.0095596313477
GNB,2009,39.6716434222135
GNB,2008,39.3320535671181
GNB,2007,39.0030975009025
GNB,2006,38.6871193165452
GNB,2005,38.3801443659997
GNB,2004,38.0781980012196
GNB,2003,37.7773055741583
GNB,2002,37.4734924367695
GNB,2001,37.1627839410066
GNB,2000,36.8412054388232
GNB,1999,36.5047822821727
GNB,1998,36.1495398230088
GNB,1997,35.771503413285
GNB,1996,35.3666984049549
GNB,1995,34.9311501499718
GNB,1994,34.4608840002895
GNB,1993,33.9519253078613
GNB,1992,33.4002994246409
GNB,1991,32.7516507277478
GNB,1990,31.8509832029524
GUY,2025,26.4913876548981
GUY,2024,26.477717988557
GUY,2023,26.4651457279878
GUY,2022,26.4536735068183
GUY,2021,26.443303961947
GUY,2020,26.4340397353676
GUY,2019,26.4258834773058
GUY,2018,26.4188378517884
GUY,2017,26.412905546573
GUY,2016,26.4080892882899
GUY,2015,26.4043918297579
GUY,2014,26.4018152016157
GUY,2013,26.4003891353669
GUY,2012,26.3999996185303
GUY,2011,26.3999996185303
GUY,2010,26.4592185137368
GUY,2009,26.620074648793
GUY,2008,26.8573671978542
GUY,2007,27.1458953350755
GUY,2006,27.4604582346121
GUY,2005,27.7758550706193
GUY,2004,28.0668850172523
GUY,2003,28.3083472486662
GUY,2002,28.4796776810692
GUY,2001,28.6194627210441
GUY,2000,28.7610390578913
GUY,1999,28.899295303666
GUY,1998,29.0315973956489
GUY,1997,29.1553112711205
GUY,1996,29.2678028673613
GUY,1995,29.366438121652
GUY,1994,29.4485829712731
GUY,1993,29.5116033535051
GUY,1992,29.5528652056286
GUY,1991,29.569626041612
GUY,1990,29.5687809551164
HTI,2025,55.6148855859942
HTI,2024,55.0372652481002
HTI,2023,54.4496819335618
HTI,2022,53.8524949966907
HTI,2021,53.2460637918026
HTI,2020,52.6307476732151
HTI,2019,52.0069059952475
HTI,2018,51.374898112219
HTI,2017,50.735083378449
HTI,2016,50.087821148256
HTI,2015,49.4334707759572
HTI,2014,48.7723916158687
HTI,2013,48.1049430223048
HTI,2012,47.4314843495779
HTI,2011,46.7523749519985
HTI,2010,46.0679741838751
HTI,2009,45.3786413995138
HTI,2008,44.6847359532184
HTI,2007,43.9866171992907
HTI,2006,43.2846444920296
HTI,2005,42.5791771857318
HTI,2004,41.8705746346912
HTI,2003,41.2007603284477
HTI,2002,39.9708985140797
HTI,2001,38.3871832598564
HTI,2000,36.8408497942176
HTI,1999,35.3364850413145
HTI,1998,33.8786759252981
HTI,1997,32.4720093703197
HTI,1996,31.1210723005304
HTI,1995,29.8304516400811
HTI,1994,28.6047343131232
HTI,1993,27.4485072438076
HTI,1992,26.3663573562854
HTI,1991,25.3628715747079
HTI,1990,24.4426368232261
HND,2025,59.2517075900659
HND,2024,58.7850728104829
HND,2023,58.3132392705102
HND,2022,57.8364689017254
HND,2021,57.3550236357547
HND,2020,56.8691654042685
HND,2019,56.3791561389766
HND,2018,55.8852577716247
HND,2017,55.3877322339915
HND,2016,54.8868414578857
HND,2015,54.3828473751434
HND,2014,53.8768089124249
HND,2013,53.356379133253
HND,2012,52.6641557109031
HND,2011,51.9908892304951
HND,2010,51.3273733161098
HND,2009,50.6740175729851
HND,2008,50.0312316063593
HND,2007,49.3994250214704
HND,2006,48.7790074235564
HND,2005,48.1703884178554
HND,2004,47.5739776096056
HND,2003,46.990184604045
HND,2002,46.4194190064116
HND,2001,45.8623033555915
HND,2000,45.3233354392127
HND,1999,44.8043245652756
HND,1998,44.3018421264124
HND,1997,43.8126442443997
HND,1996,43.3334870410143
HND,1995,42.8611266380328
HND,1994,42.392319157232
HND,1993,41.9238207203885
HND,1992,41.452387449279
HND,1991,40.9747754656802
HND,1990,40.4877408913689
HKG,2025,100.0
HKG,2024,100.0
HKG,2023,100.0
HKG,2022,100.0
HKG,2021,100.0
HKG,2020,100.0
HKG,2019,100.0
HKG,2018,100.0
HKG,2017,100.0
HKG,2016,100.0
HKG,2015,100.0
HKG,2014,100.0
HKG,2013,100.0
HKG,2012,100.0
HKG,2011,100.0
HKG,2010,100.0
HKG,2009,100.0
HKG,2008,100.0
HKG,2007,100.0
HKG,2006,100.0
HKG,2005,100.0
HKG,2004,100.0
HKG,2003,100.0
HKG,2002,100.0
HKG,2001,100.0
HKG,2000,100.0
HKG,1999,100.0
HKG,1998,100.0
HKG,1997,100.0
HKG,1996,100.0
HKG,1995,99.9932976351594
HKG,1994,99.961658640719
HKG,1993,99.9052758430407
HKG,1992,99.8254998717847
HKG,1991,99.7358552273683
HKG,1990,99.3105631904423
HUN,2025,70.6936831786278
HUN,2024,70.491825943218
HUN,2023,70.2923026891431
HUN,2022,70.1585064243445
HUN,2021,70.2059275331413
HUN,2020,70.2917327880859
HUN,2019,70.4565277099609
HUN,2018,70.4711761474609
HUN,2017,70.4542541503906
HUN,2016,70.4733810424805
HUN,2015,70.4847717285156
HUN,2014,70.3071053512008
HUN,2013,69.9277636266638
HUN,2012,69.5772326660156
HUN,2011,69.4779934082031
HUN,2010,69.5305480957031
HUN,2009,68.4592590332031
HUN,2008,68.0976986078883
HUN,2007,67.0041656494141
HUN,2006,67.0155868530273
HUN,2005,66.1261367797852
HUN,2004,65.0225372314453
HUN,2003,64.8452987670898
HUN,2002,65.0400009155273
HUN,2001,64.646880283041
HUN,2000,64.2602344392211
HUN,1999,63.9345437336226
HUN,1998,63.6080202030422
HUN,1997,63.2809526136067
HUN,1996,62.9536297314429
HUN,1995,62.6263403226773
HUN,1994,62.2993731534369
HUN,1993,61.9730169898483
HUN,1992,61.6475605980383
HUN,1991,61.3232927441337
HUN,1990,61.000502194261
ISL,2025,94.2179320191117
ISL,2024,94.1819039916522
ISL,2023,94.1518261784801
ISL,2022,94.1787071228028
ISL,2021,94.2108206403841
ISL,2020,94.1367102874722
ISL,2019,93.9770847416131
ISL,2018,93.8526667025487
ISL,2017,93.7718982310092
ISL,2016,93.7822647094726
ISL,2015,93.727919768566
ISL,2014,93.6196716315805
ISL,2013,93.6166725158692
ISL,2012,93.514892578125
ISL,2011,93.41106112427
ISL,2010,93.4588348107886
ISL,2009,93.4441340553707
ISL,2008,93.0646442174216
ISL,2007,92.3614571703229
ISL,2006,92.1949009038813
ISL,2005,92.377441015064
ISL,2004,92.4377293375354
ISL,2003,92.3235559316863
ISL,2002,92.1674022598912
ISL,2001,92.0452304560359
ISL,2000,91.9674192031642
ISL,1999,91.8121341861987
ISL,1998,91.6760097262822
ISL,1997,92.0188980102539
ISL,1996,91.8401641845703
ISL,1995,91.6399917602539
ISL,1994,91.4494400024414
ISL,1993,91.296257019043
ISL,1992,91.145637512207
ISL,1991,90.9010925292969
ISL,1990,90.6059112548828
IND,2025,35.689155772396
IND,2024,35.3788972368389
IND,2023,35.0676918424186
IND,2022,34.7555673994206
IND,2021,34.4425517181304
IND,2020,34.1286726088333
IND,2019,33.8139578818147
IND,2018,33.4984353473598
IND,2017,33.1821328157539
IND,2016,32.8650780972823
IND,2015,32.5472990022299
IND,2014,32.2288233408821
IND,2013,31.9096789235237
IND,2012,31.5898935604399
IND,2011,31.2746502853309
IND,2010,30.9042190810094
IND,2009,30.5185314023263
IND,2008,30.1438485921815
IND,2007,29.7810426848684
IND,2006,29.4309857146804
IND,2005,29.0945497159107
IND,2004,28.7726067228528
IND,2003,28.4660287698
IND,2002,28.1756878910456
IND,2001,27.9028652096636
IND,2000,27.6470407512523
IND,1999,27.4081672842903
IND,1998,27.1832515534447
IND,1997,26.9696862023486
IND,1996,26.7648638746349
IND,1995,26.5661772139368
IND,1994,26.3710188638872
IND,1993,26.1767814681192
IND,1992,25.9808576702657
IND,1991,25.7797610905819
IND,1990,25.5784017345035
IDN,2025,59.3929063969984
IDN,2024,58.7509635387997
IDN,2023,58.1179353397878
IDN,2022,57.4934704226599
IDN,2021,56.8761702464027
IDN,2020,56.2785287648768
IDN,2019,55.7382049560547
IDN,2018,55.0956840515137
IDN,2017,54.4541015625
IDN,2016,53.812557220459
IDN,2015,53.1720771789551
IDN,2014,52.5002136230469
IDN,2013,51.8307495117188
IDN,2012,51.1593933105469
IDN,2011,50.4830017089844
IDN,2010,49.8521375148888
IDN,2009,49.16775798133
IDN,2008,48.4644736032029
IDN,2007,47.7432993585496
IDN,2006,47.0017588692457
IDN,2005,46.2373757571669
IDN,2004,45.4476736441888
IDN,2003,44.6301761521872
IDN,2002,43.7824069030376
IDN,2001,42.9018895186157
IDN,2000,41.9861540600656
IDN,1999,40.9953940804992
IDN,1998,39.9075139498987
IDN,1997,38.746630876665
IDN,1996,37.5368685140699
IDN,1995,36.3023505153847
IDN,1994,35.0672005338812
IDN,1993,33.8555422228307
IDN,1992,32.6914992355049
IDN,1991,31.5991952251753
IDN,1990,30.5945178088725
IRN,2025,77.3761530941751
IRN,2024,77.0201263427734
IRN,2023,76.6759567260742
IRN,2022,76.3342208862305
IRN,2021,75.9926376342773
IRN,2020,75.5986404418945
IRN,2019,75.2038879394531
IRN,2018,74.8034286499023
IRN,2017,74.4011840820312
IRN,2016,73.8796100096595
IRN,2015,73.3561403575949
IRN,2014,72.8324070385223
IRN,2013,72.3030873515412
IRN,2012,71.7633634041294
IRN,2011,71.204050944517
IRN,2010,70.6092626774386
IRN,2009,69.99007683587
IRN,2008,69.3790072996746
IRN,2007,68.806189933608
IRN,2006,68.3101850492144
IRN,2005,67.8708801269531
IRN,2004,67.2567367553711
IRN,2003,66.6049270629883
IRN,2002,65.9271621704102
IRN,2001,65.2168655395508
IRN,2000,64.4780120849609
IRN,1999,63.7097473144531
IRN,1998,62.9052391052246
IRN,1997,62.1140785217285
IRN,1996,61.0621868466265
IRN,1995,60.42333984375
IRN,1994,59.553092956543
IRN,1993,58.6953926086426
IRN,1992,57.850040435791
IRN,1991,56.8992834183695
IRN,1990,56.4611129760742
IRQ,2025,69.9396739468105
IRQ,2024,69.8861494108913
IRQ,2023,69.868278503418
IRQ,2022,69.8682861328125
IRQ,2021,69.8682708740234
IRQ,2020,69.8683166503906
IRQ,2019,69.8683395385742
IRQ,2018,69.8765148865842
IRQ,2017,69.8944511190753
IRQ,2016,69.9123778259643
IRQ,2015,69.920524597168
IRQ,2014,69.6666641235352
IRQ,2013,69.444450378418
IRQ,2012,69.2222213745117
IRQ,2011,69.1252233869916
IRQ,2010,69.0582953378474
IRQ,2009,68.9742328505284
IRQ,2008,68.8569818968574
IRQ,2007,68.716475540845
IRQ,2006,68.5590667282222
IRQ,2005,68.391425621866
IRQ,2004,68.2202223846538
IRQ,2003,68.0521271794625
IRQ,2002,67.8938101691696
IRQ,2001,67.751941516652
IRQ,2000,67.6331913847871
IRQ,1999,67.5442299364519
IRQ,1998,67.4917273345237
IRQ,1997,67.4895351063262
IRQ,1996,67.6058471597764
IRQ,1995,67.845869106155
IRQ,1994,68.1745234453098
IRQ,1993,68.559023536089
IRQ,1992,68.9665827373411
IRQ,1991,69.3644144079145
IRQ,1990,69.7197319066576
IRL,2025,64.5875793756168
IRL,2024,64.3470379255585
IRL,2023,64.1152082461268
IRL,2022,63.8920250215059
IRL,2021,63.6774229356985
IRL,2020,63.4713366724915
IRL,2019,63.2737009154127
IRL,2018,63.0844503476779
IRL,2017,62.9035196521232
IRL,2016,62.7229399123734
IRL,2015,62.6392123492764
IRL,2014,62.535401730577
IRL,2013,62.4047157756118
IRL,2012,62.2529318511038
IRL,2011,62.0872735820277
IRL,2010,61.8910689348512
IRL,2009,61.6421022728798
IRL,2008,61.3581903884996
IRL,2007,61.0601979374234
IRL,2006,60.7703677431593
IRL,2005,60.4882988006461
IRL,2004,60.1994750854288
IRL,2003,59.9120142632573
IRL,2002,59.6367259990731
IRL,2001,59.3763923617156
IRL,2000,59.1247997891425
IRL,1999,58.8800098607384
IRL,1998,58.6407683900153
IRL,1997,58.4058211904851
IRL,1996,58.1743161677665
IRL,1995,57.9391944274763
IRL,1994,57.6989865369237
IRL,1993,57.4647494894716
IRL,1992,57.2482078114213
IRL,1991,57.0615580637211
IRL,1990,56.9095941132045
IMN,2025,52.1358064010515
IMN,2024,52.1633405796294
IMN,2023,52.1832571730182
IMN,2022,52.1955609162662
IMN,2021,52.1999559660634
IMN,2020,52.1909519786866
IMN,2019,52.1789898247578
IMN,2018,52.1651893864538
IMN,2017,52.1498415744309
IMN,2016,52.1331532169475
IMN,2015,52.1164840474526
IMN,2014,52.0997913403899
IMN,2013,52.0804107092926
IMN,2012,52.0555317322629
IMN,2011,52.0246324097527
IMN,2010,51.9396170300917
IMN,2009,51.7305375428215
IMN,2008,51.4683663096054
IMN,2007,51.2353481079414
IMN,2006,51.1148712415781
IMN,2005,51.1608382095573
IMN,2004,51.3260536002657
IMN,2003,51.5389094585101
IMN,2002,51.7294050812584
IMN,2001,51.8267726358515
IMN,2000,51.8280887588444
IMN,1999,51.821658247347
IMN,1998,51.8123361086376
IMN,1997,51.8018367218248
IMN,1996,51.7918815779566
IMN,1995,51.7838845879791
IMN,1994,51.7771247581586
IMN,1993,51.7698301376695
IMN,1992,51.7602299893162
IMN,1991,51.7473739470826
IMN,1990,51.7020197044612
ISR,2025,91.5783060866328
ISR,2024,91.536188843818
ISR,2023,91.5089569794505
ISR,2022,91.4979834273327
ISR,2021,91.5353517549466
ISR,2020,91.5788453228939
ISR,2019,91.6154002002652
ISR,2018,91.6456193546346
ISR,2017,91.6701057535759
ISR,2016,91.6894623646632
ISR,2015,91.7042921554705
ISR,2014,91.7151980935716
ISR,2013,91.7227831465406
ISR,2012,91.7276502819515
ISR,2011,91.7304024673781
ISR,2010,91.7316426703946
ISR,2009,91.7319738585748
ISR,2008,91.7292868898136
ISR,2007,91.713639843393
ISR,2006,91.6825760364229
ISR,2005,91.6384296279033
ISR,2004,91.5829008110251
ISR,2003,91.5176897789793
ISR,2002,91.4444967249569
ISR,2001,91.365021842149
ISR,2000,91.2809653237465
ISR,1999,91.1940273629403
ISR,1998,91.1059081529216
ISR,1997,91.0183078868813
ISR,1996,90.9329267580104
ISR,1995,90.8511786571744
ISR,1994,90.7714284488131
ISR,1993,90.6914856329246
ISR,1992,90.6099902925991
ISR,1991,90.5255108272659
ISR,1990,90.4366156363544
ITA,2025,69.680861801678
ITA,2024,69.6047535143071
ITA,2023,69.5381540123301
ITA,2022,69.4839779766539
ITA,2021,69.4812507629394
ITA,2020,69.5187492370606
ITA,2019,69.5050010681153
ITA,2018,69.4800033569336
ITA,2017,69.5180784259382
ITA,2016,69.5969232525286
ITA,2015,69.6100006103516
ITA,2014,69.5807638614879
ITA,2013,69.3073989916076
ITA,2012,68.7608794235259
ITA,2011,68.4015073889511
ITA,2010,68.2163741829857
ITA,2009,68.0494239486665
ITA,2008,67.9071958431441
ITA,2007,67.7857771296669
ITA,2006,67.6812550714834
ITA,2005,67.5897169318419
ITA,2004,67.5072499739908
ITA,2003,67.4299414611787
ITA,2002,67.3538786566538
ITA,2001,67.27519882288
ITA,2000,67.1932283786243
ITA,1999,67.1102142532851
ITA,1998,67.0286199053679
ITA,1997,66.950870776995
ITA,1996,66.8793923102889
ITA,1995,66.8166099473719
ITA,1994,66.7649491303665
ITA,1993,66.7268353013949
ITA,1992,66.7046939025797
ITA,1991,66.7007288477386
ITA,1990,66.709368079219
JAM,2025,59.4254051751628
JAM,2024,58.9301585439922
JAM,2023,58.4510149367429
JAM,2022,57.9879906034775
JAM,2021,57.5411017937226
JAM,2020,57.1103647563627
JAM,2019,56.6957957395074
JAM,2018,56.297410990325
JAM,2017,55.9152267548307
JAM,2016,55.549259277615
JAM,2015,55.1995248014924
JAM,2014,54.8660395670395
JAM,2013,54.548819811983
JAM,2012,54.2478817703732
JAM,2011,53.956586109128
JAM,2010,53.7535679480806
JAM,2009,53.5618180258738
JAM,2008,53.3674108497524
JAM,2007,53.1703742191887
JAM,2006,52.9707359336549
JAM,2005,52.7685237926234
JAM,2004,52.5637655955662
JAM,2003,52.3564891419558
JAM,2002,52.1467222312645
JAM,2001,51.934190578424
JAM,2000,51.7165550768252
JAM,1999,51.4928203415923
JAM,1998,51.2645934193083
JAM,1997,51.0332754966239
JAM,1996,50.8002677601895
JAM,1995,50.5669713966556
JAM,1994,50.3347875926727
JAM,1993,50.1051175348913
JAM,1992,49.8793624099619
JAM,1991,49.6585107146052
JAM,1990,49.4494361378472
JPN,2025,92.3001449420786
JPN,2024,92.1901718034531
JPN,2023,92.0826903891473
JPN,2022,91.9776532428406
JPN,2021,91.8741049279527
JPN,2020,91.7809926267889
JPN,2019,91.7164207898107
JPN,2018,91.6377318609728
JPN,2017,91.5498419685883
JPN,2016,91.4541254852142
JPN,2015,91.3532644103625
JPN,2014,91.2548945132333
JPN,2013,91.1516595654317
JPN,2012,91.0265277326652
JPN,2011,90.8631654434251
JPN,2010,90.6228586840649
JPN,2009,90.1131158718189
JPN,2008,89.2921563808851
JPN,2007,88.2701404492656
JPN,2006,87.1460898958075
JPN,2005,85.9573620483714
JPN,2004,84.3710541898905
JPN,2003,82.4206778416671
JPN,2002,80.5469860733981
JPN,2001,79.1577482060887
JPN,2000,78.6126803295375
JPN,1999,78.448341899402
JPN,1998,78.3266396189341
JPN,1997,78.2318902291629
JPN,1996,78.1374047267253
JPN,1995,78.0190838015653
JPN,1994,77.8843368177677
JPN,1993,77.7480283183434
JPN,1992,77.6108029675096
JPN,1991,77.4744816932723
JPN,1990,77.3404178010312
JOR,2025,93.2085150119551
JOR,2024,92.9501393764286
JOR,2023,92.682236868336
JOR,2022,92.4048379066163
JOR,2021,92.117972910453
JOR,2020,91.8216722992319
JOR,2019,91.515966492507
JOR,2018,91.2008859099729
JOR,2017,90.8764609714428
JOR,2016,90.56272794707
JOR,2015,89.8881391939133
JOR,2014,88.0371754329978
JOR,2013,86.4627110188335
JOR,2012,84.9592629639423
JOR,2011,83.5505043825064
JOR,2010,82.2601083887084
JOR,2009,81.1117480967305
JOR,2008,80.1290966207551
JOR,2007,79.3358270749644
JOR,2006,78.755612573541
JOR,2005,78.412126230667
JOR,2004,78.3185350370311
JOR,2003,78.3069420335538
JOR,2002,78.2972918926847
JOR,2001,78.2902365290261
JOR,2000,78.2848247546539
JOR,1999,78.280105381644
JOR,1998,78.2751272220723
JOR,1997,78.2689390880147
JOR,1996,78.260589791547
JOR,1995,78.2491281447452
JOR,1994,78.185706296847
JOR,1993,77.8575009481257
JOR,1992,77.2093821104241
JOR,1991,76.2935259644948
JOR,1990,75.1493682468269
KAZ,2025,62.3855569507987
KAZ,2024,62.072531584162
KAZ,2023,61.7560919499181
KAZ,2022,61.444157327248
KAZ,2021,61.030254280267
KAZ,2020,59.9871193541692
KAZ,2019,59.0832474269546
KAZ,2018,58.2388038921695
KAZ,2017,57.4586448748837
KAZ,2016,56.7476265001667
KAZ,2015,56.1106048930882
KAZ,2014,55.5524361787178
KAZ,2013,55.0779764821252
KAZ,2012,54.69208192838
KAZ,2011,54.3996086425518
KAZ,2010,54.2054127497102
KAZ,2009,54.1167144748885
KAZ,2008,54.1287736358813
KAZ,2007,54.2346203341799
KAZ,2006,54.4137278108953
KAZ,2005,54.6481873472392
KAZ,2004,54.9200902244233
KAZ,2003,55.2115277236592
KAZ,2002,55.5045911261585
KAZ,2001,55.7813717131331
KAZ,2000,56.0239607657944
KAZ,1999,56.2102542327601
KAZ,1998,56.3528764778678
KAZ,1997,56.4887303910647
KAZ,1996,56.6232468416365
KAZ,1995,56.7529543748356
KAZ,1994,56.8743815359144
KAZ,1993,56.9840568701253
KAZ,1992,57.0785089227206
KAZ,1991,57.1542662389527
KAZ,1990,57.2078573640742
KEN,2025,32.2121192871745
KEN,2024,31.8937831721599
KEN,2023,31.6330340816429
KEN,2022,31.4307820066946
KEN,2021,31.2879334021971
KEN,2020,31.2063494632616
KEN,2019,31.1895566421135
KEN,2018,31.3940041639796
KEN,2017,31.5383650847102
KEN,2016,31.6502520105647
KEN,2015,31.7338026039958
KEN,2014,31.7931545274563
KEN,2013,31.8324454433988
KEN,2012,31.8558130142761
KEN,2011,31.8673949025409
KEN,2010,31.8713287706458
KEN,2009,31.8603086707305
KEN,2008,31.4230276259143
KEN,2007,30.4153861196239
KEN,2006,28.9830768551925
KEN,2005,27.2686745625048
KEN,2004,25.4147539714454
KEN,2003,23.563889811899
KEN,2002,21.8586568137501
KEN,2001,20.4416297068833
KEN,2000,19.4553832211834
KEN,1999,19.0288523643308
KEN,1998,18.8798697768976
KEN,1997,18.7575952945971
KEN,1996,18.6611020359295
KEN,1995,18.5827604922377
KEN,1994,18.5149411548647
KEN,1993,18.4500145151536
KEN,1992,18.3803510644475
KEN,1991,18.2983212940893
KEN,1990,18.1962956954221
KIR,2025,63.3850857782871
KIR,2024,62.4620431275642
KIR,2023,61.5244676194408
KIR,2022,60.5739126559419
KIR,2021,59.6364645301985
KIR,2020,58.4123714112748
KIR,2019,56.2846727145489
KIR,2018,54.5004023142497
KIR,2017,52.9734697275451
KIR,2016,51.7710553002321
KIR,2015,50.9541970402064
KIR,2014,50.3909308922385
KIR,2013,49.9687043258795
KIR,2012,49.5800786695548
KIR,2011,49.1228169536795
KIR,2010,48.4603839564718
KIR,2009,47.3510238975116
KIR,2008,45.9461325515373
KIR,2007,44.6212141757087
KIR,2006,43.7349826427011
KIR,2005,43.5443274444527
KIR,2004,43.5238025326975
KIR,2003,43.510668313316
KIR,2002,43.4985457088421
KIR,2001,43.4777440627131
KIR,2000,43.3274808848011
KIR,1999,42.2976634213444
KIR,1998,40.5328905371864
KIR,1997,38.6030123331399
KIR,1996,37.0518305378991
KIR,1995,36.3333481846524
KIR,1994,35.9876137513594
KIR,1993,35.7162203273478
KIR,1992,35.4883396105748
KIR,1991,35.2581279892105
KIR,1990,34.9862195296306
PRK,2025,64.1897858311258
PRK,2024,63.8589748211522
PRK,2023,63.5382165423021
PRK,2022,63.2274365906829
PRK,2021,62.926560562457
PRK,2020,62.6355140538495
PRK,2019,62.3542226611578
PRK,2018,62.0826119807623
PRK,2017,61.8206076091402
PRK,2016,61.5681351428803
PRK,2015,61.3247571174501
PRK,2014,61.0940947540873
PRK,2013,60.8843063158034
PRK,2012,60.6781140779735
PRK,2011,60.4836230684404
PRK,2010,60.307007469148
PRK,2009,60.1544414620403
PRK,2008,60.0310692203612
PRK,2007,59.926906023448
PRK,2006,59.8339025655097
PRK,2005,59.7506437119853
PRK,2004,59.6753901274401
PRK,2003,59.6064024764394
PRK,2002,59.5419414235486
PRK,2001,59.4802676333329
PRK,2000,59.4196417703576
PRK,1999,59.358324499188
PRK,1998,59.2945764843893
PRK,1997,59.2266583905269
PRK,1996,59.1528308821661
PRK,1995,59.0713546238722
PRK,1994,58.9804902802104
PRK,1993,58.8749864094298
PRK,1992,58.7491836666181
PRK,1991,58.6006169603097
PRK,1990,58.4355762737958
KOR,2025,81.1740263306674
KOR,2024,81.1682528469686
KOR,2023,81.1645551720421
KOR,2022,81.1624941626873
KOR,2021,81.1616526507785
KOR,2020,81.1759595622913
KOR,2019,81.2901063535619
KOR,2018,81.3823523035196
KOR,2017,81.471030429984
KOR,2016,81.5559241797057
KOR,2015,81.639489860678
KOR,2014,81.7315682816954
KOR,2013,81.8269383502703
KOR,2012,81.9087898200378
KOR,2011,81.9615408086376
KOR,2010,81.9685075986486
KOR,2009,81.9245045084002
KOR,2008,81.8350833138518
KOR,2007,81.712125801927
KOR,2006,81.566462110512
KOR,2005,81.3901352283669
KOR,2004,81.104386778171
KOR,2003,80.707793508044
KOR,2002,80.2766294544335
KOR,2001,79.8787704357425
KOR,2000,79.579960745642
KOR,1999,79.3623394908518
KOR,1998,79.1812369650495
KOR,1997,78.9918025094803
KOR,1996,78.7508147919442
KOR,1995,78.400437187912
KOR,1994,77.8585649228147
KOR,1993,77.1082857281795
KOR,1992,76.1960694185519
KOR,1991,75.1606018983188
KOR,1990,73.9851161168568
XKX,2025,50.9260971650398
XKX,2024,50.3214443938994
XKX,2023,49.1105579101515
XKX,2022,47.8001996538455
XKX,2021,46.4995789423362
XKX,2020,45.2268625263391
XKX,2019,44.0002171565695
XKX,2018,42.8378095837429
XKX,2017,41.7578065585746
XKX,2016,40.7783748317802
XKX,2015,39.917681154075
XKX,2014,39.1938922761744
XKX,2013,38.6251749487938
XKX,2012,38.2296959226488
XKX,2011,38.0255184272137
XKX,2010,37.929940798209
XKX,2009,37.8480031463455
XKX,2008,37.7783181358957
XKX,2007,37.7193962866165
XKX,2006,37.6697481182649
XKX,2005,37.627884150598
XKX,2004,37.5923149033726
XKX,2003,37.5615508963458
XKX,2002,37.5341026492746
XKX,2001,37.508480681916
XKX,2000,37.4831955140268
XKX,1999,37.4567576653642
XKX,1998,37.4276776556851
XKX,1997,37.3944660047464
XKX,1996,37.3556332323052
XKX,1995,37.3096898581184
XKX,1994,37.2551464019431
XKX,1993,37.1905133835362
XKX,1992,37.1143013226547
XKX,1991,37.0273860392739
XKX,1990,36.8905281278828
KWT,2025,100.0
KWT,2024,100.0
KWT,2023,100.0
KWT,2022,100.0
KWT,2021,100.0
KWT,2020,100.0
KWT,2019,100.0
KWT,2018,100.0
KWT,2017,100.0
KWT,2016,100.0
KWT,2015,100.0
KWT,2014,100.0
KWT,2013,100.0
KWT,2012,100.0
KWT,2011,100.0
KWT,2010,100.0
KWT,2009,100.0
KWT,2008,100.0
KWT,2007,100.0
KWT,2006,100.0
KWT,2005,100.0
KWT,2004,99.94716743531
KWT,2003,99.7655794280652
KWT,2002,99.5090276880805
KWT,2001,99.2347539628831
KWT,2000,99.0
KWT,1999,98.7836741452018
KWT,1998,98.5480279188186
KWT,1997,98.325317830217
KWT,1996,98.1478003887634
KWT,1995,98.0496205617356
KWT,1994,98.0197679829403
KWT,1993,98.0014588573446
KWT,1992,97.9889439981594
KWT,1991,97.980345036988
KWT,1990,97.9737836054336
KGZ,2025,34.7463537261057
KGZ,2024,34.7219977865937
KGZ,2023,34.706439175362
KGZ,2022,34.7003053497743
KGZ,2021,34.7521210171204
KGZ,2020,34.8174315392111
KGZ,2019,34.8805205758044
KGZ,2018,34.9408997219466
KGZ,2017,34.9980805726839
KGZ,2016,35.0515747230627
KGZ,2015,35.1008937681291
KGZ,2014,35.1455493029297
KGZ,2013,35.1850529225105
KGZ,2012,35.218916221918
KGZ,2011,35.2466507961984
KGZ,2010,35.267768240398
KGZ,2009,35.2815523593591
KGZ,2008,35.2897130588983
KGZ,2007,35.2954926466692
KGZ,2006,35.2997926803498
KGZ,2005,35.3030968124082
KGZ,2004,35.3058886953128
KGZ,2003,35.3086519815317
KGZ,2002,35.3118703235333
KGZ,2001,35.3160273737858
KGZ,2000,35.3216067847574
KGZ,1999,35.3281527012343
KGZ,1998,35.377704663362
KGZ,1997,35.5531340123269
KGZ,1996,35.830952932877
KGZ,1995,36.1812142869325
KGZ,1994,36.5739709364138
KGZ,1993,36.9792757432412
KGZ,1992,37.367181569335
KGZ,1991,37.7077412766154
KGZ,1990,37.9710077270028
LAO,2025,40.3129835040701
LAO,2024,39.5552154401406
LAO,2023,38.8070088517156
LAO,2022,38.0682382805397
LAO,2021,37.338778268357
LAO,2020,36.6185033569111
LAO,2019,35.9072880879451
LAO,2018,35.2050070032013
LAO,2017,34.5115346444216
LAO,2016,33.8267455533474
LAO,2015,33.1240204432199
LAO,2014,32.6638235172635
LAO,2013,32.2264033448341
LAO,2012,31.7422801040872
LAO,2011,31.2146877128668
LAO,2010,30.6468600890172
LAO,2009,30.0420311503825
LAO,2008,29.4034348148069
LAO,2007,28.7343050001346
LAO,2006,28.0378756242097
LAO,2005,27.3224977292697
LAO,2004,26.5371091732139
LAO,2003,25.5945881340707
LAO,2002,24.5247834668291
LAO,2001,23.3728884682287
LAO,2000,22.1840964350091
LAO,1999,21.0036006639099
LAO,1998,19.8765944516706
LAO,1997,18.8482710950308
LAO,1996,17.9638238907301
LAO,1995,17.2790469212159
LAO,1994,16.7622074371706
LAO,1993,16.3205402025163
LAO,1992,15.9255067602307
LAO,1991,15.5691704902549
LAO,1990,15.2435947725302
LVA,2025,68.6325719753517
LVA,2024,68.4839492628509
LVA,2023,68.3586316343061
LVA,2022,68.2570218109034
LVA,2021,68.1808791463693
LVA,2020,68.1211222872228
LVA,2019,68.066323694246
LVA,2018,68.0160346376376
LVA,2017,67.9706866054779
LVA,2016,67.9307110858472
LVA,2015,67.8965395668259
LVA,2014,67.8686035364944
LVA,2013,67.847334482933
LVA,2012,67.8331638942219
LVA,2011,67.8266897008267
LVA,2010,67.8270681752453
LVA,2009,67.8323653539295
LVA,2008,67.8420335208058
LVA,2007,67.8558853865191
LVA,2006,67.873733661714
LVA,2005,67.8953910570353
LVA,2004,67.9206702831277
LVA,2003,67.9493840506358
LVA,2002,67.9813450702046
LVA,2001,68.0163660524785
LVA,2000,68.0520561441955
LVA,1999,68.1257188379637
LVA,1998,68.2946532826521
LVA,1997,68.5431100935952
LVA,1996,68.8495525824891
LVA,1995,69.1924440610299
LVA,1994,69.5502478409138
LVA,1993,69.9014272338369
LVA,1992,70.2244455514955
LVA,1991,70.4977661055857
LVA,1990,70.6998522078036
LBN,2025,90.9602314263044
LBN,2024,90.703695784554
LBN,2023,90.4524074197598
LBN,2022,90.206313713022
LBN,2021,89.965362045441
LBN,2020,89.729499798117
LBN,2019,89.4986743521503
LBN,2018,89.272833088641
LBN,2017,89.0519233886895
LBN,2016,88.835892633396
LBN,2015,88.6246882038608
LBN,2014,88.4182574811842
LBN,2013,88.2165478464663
LBN,2012,88.0195066808075
LBN,2011,87.8270813653079
LBN,2010,87.6392192810679
LBN,2009,87.4558678091878
LBN,2008,87.2769743307677
LBN,2007,87.1024862269079
LBN,2006,86.9323508787087
LBN,2005,86.7665156672703
LBN,2004,86.6049279736931
LBN,2003,86.4475351790771
LBN,2002,86.2942846645228
LBN,2001,86.1451238111303
LBN,2000,86.0
LBN,1999,85.9041501933228
LBN,1998,85.7699966430664
LBN,1997,85.5958792159991
LBN,1996,85.3833099446618
LBN,1995,85.1331347636015
LBN,1994,84.8461996073652
LBN,1993,84.5233504104997
LBN,1992,84.1654331075521
LBN,1991,83.7732936330693
LBN,1990,83.3477779215982
LSO,2025,44.6695855817109
LSO,2024,43.6780334209246
LSO,2023,42.6781596804785
LSO,2022,41.6703965165322
LSO,2021,40.6551760851997
LSO,2020,39.6329305425532
LSO,2019,38.6040920446259
LSO,2018,37.569092747415
LSO,2017,36.5283648068846
LSO,2016,35.5077950709441
LSO,2015,34.0903875831861
LSO,2014,32.6404409096604
LSO,2013,31.2407460933407
LSO,2012,29.8970340055453
LSO,2011,28.6150355175921
LSO,2010,27.4004815007995
LSO,2009,26.2591028264855
LSO,2008,25.1966303659683
LSO,2007,24.2187949905661
LSO,2006,23.3329886243114
LSO,2005,22.5317981562788
LSO,2004,21.7993659097494
LSO,2003,21.1231084926925
LSO,2002,20.4926272688562
LSO,2001,19.8975236019886
LSO,2000,19.3273988558381
LSO,1999,18.7718543941527
LSO,1998,18.2204915806807
LSO,1997,17.6629117791702
LSO,1996,17.0902459734706
LSO,1995,16.4690150432199
LSO,1994,15.7760595640817
LSO,1993,15.0395726644187
LSO,1992,14.2909128296309
LSO,1991,13.5614385451186
LSO,1990,12.882508296282
LBR,2025,56.0819747159338
LBR,2024,55.5387986654968
LBR,2023,54.997863482224
LBR,2022,54.4591057083
LBR,2021,53.9224618859098
LBR,2020,53.3878685572381
LBR,2019,52.85526226447
LBR,2018,52.3245795497906
LBR,2017,51.7957569553849
LBR,2016,51.2687310234384
LBR,2015,50.7434382961363
LBR,2014,50.2198153156642
LBR,2013,49.6977986242077
LBR,2012,49.1773247639526
LBR,2011,48.6583302770849
LBR,2010,48.1407517057907
LBR,2009,47.6245255922562
LBR,2008,47.1080497871025
LBR,2007,46.6104850769043
LBR,2006,46.2322959899902
LBR,2005,45.8510093035277
LBR,2004,45.4344781497244
LBR,2003,45.0004573003041
LBR,2002,44.566701526991
LBR,2001,44.1509656015089
LBR,2000,43.7710042955819
LBR,1999,43.4445723809339
LBR,1998,43.189424629289
LBR,1997,43.0233158123711
LBR,1996,42.9640007019043
LBR,1995,44.5277446289062
LBR,1994,48.256672454834
LBR,1993,52.7073282470703
LBR,1992,56.436256072998
LBR,1991,58.0
LBR,1990,43.3351173400879
LBY,2025,87.9112413015221
LBY,2024,87.8854066107749
LBY,2023,87.8647197919848
LBY,2022,87.8486088593786
LBY,2021,87.8365018271835
LBY,2020,87.8278267096263
LBY,2019,87.8220115209342
LBY,2018,87.818484275334
LBY,2017,87.8166729870528
LBY,2016,87.8160056703177
LBY,2015,87.8159103393555
LBY,2014,88.0142059326172
LBY,2013,88.0451431274414
LBY,2012,88.0727920532227
LBY,2011,88.0970458984375
LBY,2010,88.1177139282227
LBY,2009,88.1345825195312
LBY,2008,88.1474456787109
LBY,2007,88.1560287475586
LBY,2006,88.1599560242948
LBY,2005,88.135773324416
LBY,2004,88.0371675280346
LBY,2003,87.8659880500458
LBY,2002,87.6256192750746
LBY,2001,87.3194455877457
LBY,2000,86.9508513726842
LBY,1999,86.5232210145148
LBY,1998,86.0399388978625
LBY,1997,85.5043894073521
LBY,1996,84.9199569276086
LBY,1995,84.2900258432567
LBY,1994,83.6179805389214
LBY,1993,82.9072053992275
LBY,1992,82.1610848088
LBY,1991,81.3830031522637
LBY,1990,80.5763448142435
LIE,2025,14.6298998993293
LIE,2024,14.657584904886
LIE,2023,14.6783761234077
LIE,2022,14.6923070071538
LIE,2021,14.6989159370696
LIE,2020,14.6666622853765
LIE,2019,14.6070830005951
LIE,2018,14.5565184941154
LIE,2017,14.5144332791067
LIE,2016,14.4802918687379
LIE,2015,14.4535587761782
LIE,2014,14.4336985145967
LIE,2013,14.4201755971624
LIE,2012,14.4124545370445
LIE,2011,14.4099998474121
LIE,2010,14.4154354105611
LIE,2009,14.4314852298684
LIE,2008,14.4577640001239
LIE,2007,14.4938864161177
LIE,2006,14.5394671726401
LIE,2005,14.594120964481
LIE,2004,14.6574624864307
LIE,2003,14.7291064332791
LIE,2002,14.8086674998164
LIE,2001,14.8957603808328
LIE,2000,14.9899997711182
LIE,1999,15.1807585027303
LIE,1998,15.5030549446521
LIE,1997,15.8749720970618
LIE,1996,16.2145929601375
LIE,1995,16.4400005340576
LIE,1994,16.560019266569
LIE,1993,16.6500852753784
LIE,1992,16.7281990656039
LIE,1991,16.8123611423634
LIE,1990,16.9214495973985
LTU,2025,69.0816381352764
LTU,2024,68.8285833315315
LTU,2023,68.575454583199
LTU,2022,68.2866452426813
LTU,2021,68.1912117004395
LTU,2020,67.4254608154297
LTU,2019,67.245735168457
LTU,2018,67.1464742010457
LTU,2017,67.1012954711914
LTU,2016,67.1894226074219
LTU,2015,67.2282485961914
LTU,2014,67.1514937628023
LTU,2013,67.0092086791992
LTU,2012,66.8536758422852
LTU,2011,66.7518340055756
LTU,2010,66.7712860107422
LTU,2009,66.7816619873047
LTU,2008,66.7527770996094
LTU,2007,66.7184982299805
LTU,2006,66.6381530761719
LTU,2005,66.5784912109375
LTU,2004,66.6022567749023
LTU,2003,66.7596664428711
LTU,2002,66.8887100219727
LTU,2001,66.9286097501613
LTU,2000,66.9768374826555
LTU,1999,67.0382460801258
LTU,1998,67.1089563241809
LTU,1997,67.1859759231267
LTU,1996,67.2663125852689
LTU,1995,67.3469740189134
LTU,1994,67.4249679323659
LTU,1993,67.4973020339323
LTU,1992,67.5609840319184
LTU,1991,67.6130216346299
LTU,1990,67.6504225503728
LUX,2025,94.8841729598587
LUX,2024,94.8438702866393
LUX,2023,94.8015300320787
LUX,2022,94.7605400940185
LUX,2021,94.5861743396533
LUX,2020,93.8600689970981
LUX,2019,93.2589839734767
LUX,2018,92.6709441899184
LUX,2017,92.0963768119916
LUX,2016,91.5357090052649
LUX,2015,90.9893679353068
LUX,2014,90.4577807676859
LUX,2013,89.9413746679705
LUX,2012,89.4405768017292
LUX,2011,88.9562814837254
LUX,2010,88.48791681658
LUX,2009,88.0379076027949
LUX,2008,87.6037664162874
LUX,2007,87.1831946460401
LUX,2006,86.7738936810355
LUX,2005,86.3735649102561
LUX,2004,85.9799097226846
LUX,2003,85.5906295073034
LUX,2002,85.203425653095
LUX,2001,84.8173254067976
LUX,2000,84.4182155177842
LUX,1999,83.9860397252884
LUX,1998,83.5316200221732
LUX,1997,83.0703531966602
LUX,1996,82.6176360369709
LUX,1995,82.1888653313266
LUX,1994,81.799437867949
LUX,1993,81.4647504350596
LUX,1992,81.2001998208798
LUX,1991,81.025113008349
LUX,1990,80.9240540529049
MAC,2025,100.0
MAC,2024,100.0
MAC,2023,100.0
MAC,2022,100.0
MAC,2021,100.0
MAC,2020,100.0
MAC,2019,100.0
MAC,2018,100.0
MAC,2017,100.0
MAC,2016,100.0
MAC,2015,100.0
MAC,2014,100.0
MAC,2013,100.0
MAC,2012,100.0
MAC,2011,100.0
MAC,2010,100.0
MAC,2009,100.0
MAC,2008,100.0
MAC,2007,100.0
MAC,2006,100.0
MAC,2005,100.0
MAC,2004,100.0
MAC,2003,100.0
MAC,2002,100.0
MAC,2001,99.9998984128371
MAC,2000,99.9957926704194
MAC,1999,99.9860147432315
MAC,1998,99.9715700365331
MAC,1997,99.9534353925978
MAC,1996,99.9325876536988
MAC,1995,99.9100036621094
MAC,1994,99.8785393830042
MAC,1993,99.8314167744386
MAC,1992,99.770161668007
MAC,1991,99.6962998953038
MAC,1990,99.6113572879236
MDG,2025,32.9017070836898
MDG,2024,32.4339893339844
MDG,2023,31.9799438860946
MDG,2022,31.5397813465886
MDG,2021,31.1137123216036
MDG,2020,30.7019474167548
MDG,2019,30.3046972370204
MDG,2018,29.9181125346909
MDG,2017,29.671033028335
MDG,2016,29.4239466316878
MDG,2015,29.1731079210354
MDG,2014,28.9185894345838
MDG,2013,28.6604637105393
MDG,2012,28.3988032871081
MDG,2011,28.1336807024963
MDG,2010,27.8651684949103
MDG,2009,27.5933392025561
MDG,2008,27.31826536364
MDG,2007,27.0400195163682
MDG,2006,26.7586741989468
MDG,2005,26.4743019495822
MDG,2004,26.1869753064804
MDG,2003,25.8967668078478
MDG,2002,25.6037489918904
MDG,2001,25.3079943968146
MDG,2000,25.0095755608264
MDG,1999,24.7085650221322
MDG,1998,24.405035318938
MDG,1997,24.0990589894502
MDG,1996,23.7907085718749
MDG,1995,23.4800566044183
MDG,1994,23.1671756252866
MDG,1993,22.8521676960516
MDG,1992,22.5358190363254
MDG,1991,22.2183660531674
MDG,1990,21.8992042589258
MWI,2025,17.5949868386317
MWI,2024,17.268503531213
MWI,2023,16.9748746665356
MWI,2022,16.7146031979436
MWI,2021,16.4881925800694
MWI,2020,16.2961471756409
MWI,2019,16.1383746619001
MWI,2018,16.0221486554255
MWI,2017,15.9634281867266
MWI,2016,15.899632938282
MWI,2015,15.8338504946918
MWI,2014,15.766154187056
MWI,2013,15.6966173464742
MWI,2012,15.6253133040464
MWI,2011,15.5523153908723
MWI,2010,15.4776969380518
MWI,2009,15.4015312766848
MWI,2008,15.3238029928378
MWI,2007,15.2477960727861
MWI,2006,15.1753987017157
MWI,2005,15.1041793656241
MWI,2004,15.0316039821946
MWI,2003,14.9551384691108
MWI,2002,14.8722487440558
MWI,2001,14.780400724713
MWI,2000,14.6770603287659
MWI,1999,14.5596934738978
MWI,1998,14.4227423983849
MWI,1997,14.2291934921491
MWI,1996,13.9614023621682
MWI,1995,13.6354392091488
MWI,1994,13.2653578035145
MWI,1993,12.8652119156892
MWI,1992,12.4490553160965
MWI,1991,12.0309417751603
MWI,1990,11.6249250633042
MYS,2025,77.3948812296229
MYS,2024,76.9170296648992
MYS,2023,76.4434752105739
MYS,2022,75.9741357073003
MYS,2021,75.5088628191907
MYS,2020,75.0511895575672
MYS,2019,74.8377707734042
MYS,2018,74.5634625145296
MYS,2017,74.2354806421432
MYS,2016,73.8588978909614
MYS,2015,73.4387869957006
MYS,2014,72.9802206910773
MYS,2013,72.4882717118078
MYS,2012,71.9680127926087
MYS,2011,71.4245166681964
MYS,2010,70.8625314831025
MYS,2009,70.2462628363839
MYS,2008,69.5438130147565
MYS,2007,68.7649673902807
MYS,2006,67.9191992840997
MYS,2005,67.0159820173565
MYS,2004,66.0647889111941
MYS,2003,65.0750932867555
MYS,2002,64.056368465184
MYS,2001,63.0180877676224
MYS,2000,61.9694564490726
MYS,1999,60.8799480156331
MYS,1998,59.7202602034782
MYS,1997,58.5008138949148
MYS,1996,57.2317705759929
MYS,1995,55.9232917327627
MYS,1994,54.5855388512742
MYS,1993,53.2286734175775
MYS,1992,51.8628569177227
MYS,1991,50.4923459184952
MYS,1990,49.0330672220994
MDV,2025,42.5061567995467
MDV,2024,41.9982152717385
MDV,2023,41.5096832933973
MDV,2022,41.0641769690663
MDV,2021,40.7398648710483
MDV,2020,40.3985147902839
MDV,2019,40.0492764783282
MDV,2018,39.6923354428279
MDV,2017,39.32787719143
MDV,2016,38.9560872317815
MDV,2015,38.5771510715291
MDV,2014,38.1938859868107
MDV,2013,37.8257075155926
MDV,2012,37.475963433544
MDV,2011,37.1274623517731
MDV,2010,36.7646137762553
MDV,2009,36.3718272129661
MDV,2008,35.9335121678807
MDV,2007,35.4340781469745
MDV,2006,34.8678636610379
MDV,2005,34.0715178283824
MDV,2004,32.8541942827704
MDV,2003,31.3913356462169
MDV,2002,29.8881681908815
MDV,2001,28.5499181889238
MDV,2000,27.6038586493758
MDV,1999,27.0010708398356
MDV,1998,26.4739351451229
MDV,1997,26.0259604516629
MDV,1996,25.7015358485339
MDV,1995,25.5476431837694
MDV,1994,25.555709993512
MDV,1993,25.624629080355
MDV,1992,25.7170257695718
MDV,1991,25.8030978579167
MDV,1990,25.8521000475719
MLI,2025,32.2127137183989
MLI,2024,31.6075621182225
MLI,2023,31.0031889023235
MLI,2022,30.4015705681899
MLI,2021,29.7049638253978
MLI,2020,29.0205972994693
MLI,2019,28.3520715749509
MLI,2018,27.6999185916288
MLI,2017,27.0646702892896
MLI,2016,26.4468586077195
MLI,2015,25.847015486705
MLI,2014,25.2656728660325
MLI,2013,24.7033626854883
MLI,2012,24.1606168848588
MLI,2011,23.6379674039304
MLI,2010,23.1359461824894
MLI,2009,22.6557955217884
MLI,2008,22.1922849560871
MLI,2007,21.7398043631622
MLI,2006,21.2987608960246
MLI,2005,20.8706715422205
MLI,2004,20.4570532892964
MLI,2003,20.0594231247985
MLI,2002,19.6792980362731
MLI,2001,19.3181950112665
MLI,2000,18.977631037325
MLI,1999,18.6591231019948
MLI,1998,18.3643952818488
MLI,1997,18.0945692720314
MLI,1996,17.8491309532752
MLI,1995,17.6234008749003
MLI,1994,17.412833441504
MLI,1993,17.2128830576835
MLI,1992,17.0190041280359
MLI,1991,16.8266510571585
MLI,1990,16.6312782496484
MLT,2025,95.6805856649593
MLT,2024,95.6546264490509
MLT,2023,95.6272277147965
MLT,2022,95.6003155132879
MLT,2021,95.5145343617045
MLT,2020,95.1841082280263
MLT,2019,94.9332032524644
MLT,2018,94.7242373261706
MLT,2017,94.5691806330314
MLT,2016,94.4800033569336
MLT,2015,94.4387696268011
MLT,2014,94.412512773898
MLT,2013,94.3906567856206
MLT,2012,94.3626256493653
MLT,2011,94.3155916422812
MLT,2010,94.2412435620154
MLT,2009,94.1423744490362
MLT,2008,94.0294765354989
MLT,2007,93.9118231189546
MLT,2006,93.7986874969541
MLT,2005,93.6985189936163
MLT,2004,93.6081858790552
MLT,2003,93.5241031580205
MLT,2002,93.4431095912187
MLT,2001,93.3621924014528
MLT,2000,93.278338811526
MLT,1999,93.1885360442413
MLT,1998,93.089771322402
MLT,1997,92.979031868811
MLT,1996,92.8533049062716
MLT,1995,92.6973466192341
MLT,1994,92.4710310230744
MLT,1993,92.1649070648702
MLT,1992,91.8075628458526
MLT,1991,91.4221778816616
MLT,1990,91.0319316879368
MHL,2025,79.105503091452
MHL,2024,78.7325660244112
MHL,2023,78.3593928884282
MHL,2022,77.9855966195187
MHL,2021,77.6163157431143
MHL,2020,77.285864607515
MHL,2019,76.9422712042154
MHL,2018,76.5886712229035
MHL,2017,76.2253071645634
MHL,2016,75.8524215301796
MHL,2015,75.4702568207363
MHL,2014,75.0790555372177
MHL,2013,74.6790601806083
MHL,2012,74.2705132518924
MHL,2011,73.8553711172585
MHL,2010,73.4115658761809
MHL,2009,72.9115832892586
MHL,2008,72.3673018695269
MHL,2007,71.7941991662501
MHL,2006,71.2077527286922
MHL,2005,70.6234401061174
MHL,2004,70.0567388477898
MHL,2003,69.5231265029735
MHL,2002,69.0380806209326
MHL,2001,68.6170787509313
MHL,2000,68.2755984422337
MHL,1999,68.0299788487724
MHL,1998,67.8615149809697
MHL,1997,67.7300752850655
MHL,1996,67.6257676815771
MHL,1995,67.5397939409419
MHL,1994,67.4633558335976
MHL,1993,67.3876551299815
MHL,1992,67.3038936005312
MHL,1991,67.2032730156839
MHL,1990,67.0769951458774
MRT,2025,61.4888190537696
MRT,2024,60.6068586411829
MRT,2023,59.7142464747058
MRT,2022,58.8120996197226
MRT,2021,57.901535141641
MRT,2020,56.9836701058893
MRT,2019,56.0596215779146
MRT,2018,55.1305077000081
MRT,2017,54.1970448502004
MRT,2016,52.9185627319946
MRT,2015,51.6680350049622
MRT,2014,50.4694791226856
MRT,2013,49.3553973225913
MRT,2012,48.2732447351525
MRT,2011,47.1350407023691
MRT,2010,45.9541923109942
MRT,2009,44.7591814741371
MRT,2008,43.5784901049073
MRT,2007,42.4406001164139
MRT,2006,41.3739934217664
MRT,2005,40.407151934074
MRT,2004,39.5685575664461
MRT,2003,38.8866922319919
MRT,2002,38.3900378438208
MRT,2001,38.1070763150421
MRT,2000,38.0555858542174
MRT,1999,38.1000816090317
MRT,1998,38.1919255436732
MRT,1997,38.3206912812037
MRT,1996,38.4770292471417
MRT,1995,38.6515898670056
MRT,1994,38.8350235663137
MRT,1993,39.0179807705844
MRT,1992,39.1911119053361
MRT,1991,39.3450673960873
MRT,1990,39.4704976683562
MUS,2025,39.0369663368524
MUS,2024,39.0162147027917
MUS,2023,39.0039901092226
MUS,2022,39.0000125885784
MUS,2021,39.077147315722
MUS,2020,39.1607039074325
MUS,2019,39.2509492806955
MUS,2018,39.3474905591359
MUS,2017,39.4499348663789
MUS,2016,39.5578893260494
MUS,2015,39.6709610617726
MUS,2014,39.7887571971735
MUS,2013,39.9108848558771
MUS,2012,40.0369511615085
MUS,2011,40.1665923228716
MUS,2010,40.3046131827718
MUS,2009,40.4548202346069
MUS,2008,40.6154231740954
MUS,2007,40.7846600109183
MUS,2006,40.9607687547567
MUS,2005,41.1419874152917
MUS,2004,41.3265540022042
MUS,2003,41.5127065251754
MUS,2002,41.6986829938864
MUS,2001,41.8827214180181
MUS,2000,42.063123063288
MUS,1999,42.2588287425674
MUS,1998,42.4821872861094
MUS,1997,42.7217837556441
MUS,1996,42.9662655387302
MUS,1995,43.2042800229269
MUS,1994,43.4244745957928
MUS,1993,43.615496644887
MUS,1992,43.7659935577684
MUS,1991,43.8646127219959
MUS,1990,43.9000015220485
MEX,2025,80.0408930629723
MEX,2024,79.7538805976118
MEX,2023,79.4734935748046
MEX,2022,79.199683215791
MEX,2021,78.9324007418057
MEX,2020,78.677960602824
MEX,2019,78.355984332992
MEX,2018,78.0271223924494
MEX,2017,77.7206924598541
MEX,2016,77.4405087351486
MEX,2015,77.1903854182753
MEX,2014,76.9741367091766
MEX,2013,76.7955768077952
MEX,2012,76.6585199140734
MEX,2011,76.5667802279537
MEX,2010,76.5244441414713
MEX,2009,76.5143930040295
MEX,2008,76.5090428271033
MEX,2007,76.5047326234761
MEX,2006,76.4982455683657
MEX,2005,76.4748624380269
MEX,2004,76.3274397419019
MEX,2003,76.046170340551
MEX,2002,75.6840752828994
MEX,2001,75.2907557567987
MEX,2000,74.9203113970256
MEX,1999,74.5904740522037
MEX,1998,74.2716464717421
MEX,1997,73.9513082519844
MEX,1996,73.6269922663634
MEX,1995,73.2962313883119
MEX,1994,72.9565584912625
MEX,1993,72.6055064486481
MEX,1992,72.2406081339013
MEX,1991,71.859396420455
MEX,1990,71.4590077199915
FSM,2025,22.4809290622703
FSM,2024,22.4562830235421
FSM,2023,22.4334012451903
FSM,2022,22.4122701819053
FSM,2021,22.3928762855411
FSM,2020,22.3752060036598
FSM,2019,22.359245777081
FSM,2018,22.3449820355433
FSM,2017,22.332401189542
FSM,2016,22.3214896137555
FSM,2015,22.3122336099411
FSM,2014,22.3046193122479
FSM,2013,22.2986323961146
FSM,2012,22.2942568788425
FSM,2011,22.2914664135472
FSM,2010,22.2903529875138
FSM,2009,22.2995385016606
FSM,2008,22.3111192453232
FSM,2007,22.3208324539882
FSM,2006,22.3275140420008
FSM,2005,22.3299999237061
FSM,2004,22.3299999237061
FSM,2003,22.3299999237061
FSM,2002,22.3299999237061
FSM,2001,22.3299999237061
FSM,2000,22.3299999237061
FSM,1999,22.4803417382757
FSM,1998,23.0414720747208
FSM,1997,23.8305797418484
FSM,1996,24.6466898360747
FSM,1995,25.2888274538158
FSM,1994,25.5767394695015
FSM,1993,25.6947718399376
FSM,1992,25.8110870472152
FSM,1991,25.917706940169
FSM,1990,26.0146992260968
MDA,2025,43.7336240404545
MDA,2024,43.516471862793
MDA,2023,43.0011825561523
MDA,2022,42.4048843383789
MDA,2021,41.8115425109863
MDA,2020,41.3368530273438
MDA,2019,40.772289276123
MDA,2018,40.3258094787598
MDA,2017,39.9736557006836
MDA,2016,39.7373237609863
MDA,2015,39.6954040527344
MDA,2014,39.6298484802246
MDA,2013,39.4275512695312
MDA,2012,39.3614196777344
MDA,2011,39.3469161987305
MDA,2010,39.2804946899414
MDA,2009,39.3255348205566
MDA,2008,39.3710708618164
MDA,2007,39.4315032958984
MDA,2006,39.2182388305664
MDA,2005,39.3704032897949
MDA,2004,39.4460945129395
MDA,2003,39.5945358276367
MDA,2002,39.620719909668
MDA,2001,39.6744270324707
MDA,2000,40.4185981750488
MDA,1999,40.5269088745117
MDA,1998,40.7304458618164
MDA,1997,44.9134635925293
MDA,1996,45.0867500305176
MDA,1995,45.7191925048828
MDA,1994,45.865348815918
MDA,1993,46.0907783508301
MDA,1992,46.3824577331543
MDA,1991,46.9094772338867
MDA,1990,46.9786033630371
MCO,2025,100.0
MCO,2024,100.0
MCO,2023,100.0
MCO,2022,100.0
MCO,2021,100.0
MCO,2020,100.0
MCO,2019,100.0
MCO,2018,100.0
MCO,2017,100.0
MCO,2016,100.0
MCO,2015,100.0
MCO,2014,100.0
MCO,2013,100.0
MCO,2012,100.0
MCO,2011,100.0
MCO,2010,100.0
MCO,2009,100.0
MCO,2008,100.0
MCO,2007,100.0
MCO,2006,100.0
MCO,2005,100.0
MCO,2004,100.0
MCO,2003,100.0
MCO,2002,100.0
MCO,2001,100.0
MCO,2000,100.0
MCO,1999,100.0
MCO,1998,100.0
MCO,1997,100.0
MCO,1996,100.0
MCO,1995,100.0
MCO,1994,100.0
MCO,1993,100.0
MCO,1992,100.0
MCO,1991,100.0
MCO,1990,100.0
MNG,2025,71.1450719126123
MNG,2024,70.9566040039062
MNG,2023,70.4464492797852
MNG,2022,69.783805847168
MNG,2021,69.2153244018555
MNG,2020,68.0894771770775
MNG,2019,67.8277299551557
MNG,2018,67.8683444833372
MNG,2017,67.9260583223672
MNG,2016,67.9776754820979
MNG,2015,67.9999999906095
MNG,2014,67.9941357229626
MNG,2013,67.9776750055915
MNG,2012,67.9522782537785
MNG,2011,67.9196058798676
MNG,2010,67.8298018313254
MNG,2009,67.3659050254095
MNG,2008,66.4693095486742
MNG,2007,65.2590695004873
MNG,2006,63.8388366340039
MNG,2005,62.3122627023789
MNG,2004,60.7829994587671
MNG,2003,59.3546986563236
MNG,2002,58.1310120482033
MNG,2001,57.2155913875612
MNG,2000,56.7305447074496
MNG,1999,56.6496432310004
MNG,1998,56.6674861290427
MNG,1997,56.6994985490115
MNG,1996,56.7421259611535
MNG,1995,56.7918138357155
MNG,1994,56.8450076429443
MNG,1993,56.8981528530866
MNG,1992,56.9476949363892
MNG,1991,56.9900793630989
MNG,1990,57.0217516034624
MNE,2025,65.6085083521036
MNE,2024,65.5422314706266
MNE,2023,65.4731667624849
MNE,2022,65.4012965440866
MNE,2021,65.3266031317675
MNE,2020,65.2490688418027
MNE,2019,65.1686759904159
MNE,2018,65.0854068937869
MNE,2017,64.9992438680584
MNE,2016,64.9101692293409
MNE,2015,64.8181652937171
MNE,2014,64.7232143772459
MNE,2013,64.6252987959653
MNE,2012,64.5244008658951
MNE,2011,64.4210914835811
MNE,2010,64.3069625751293
MNE,2009,64.1131468872325
MNE,2008,63.8414387962647
MNE,2007,63.5035790981749
MNE,2006,63.111308588912
MNE,2005,62.6763680644251
MNE,2004,62.210498320663
MNE,2003,61.6986616237464
MNE,2002,61.0261817231895
MNE,2001,60.1387879596705
MNE,2000,59.0899260145706
MNE,1999,57.919903994793
MNE,1998,56.6690300072411
MNE,1997,55.3776121588181
MNE,1996,54.0859585564272
MNE,1995,52.8343773069715
MNE,1994,51.6631765173545
MNE,1993,50.6126642944792
MNE,1992,49.7231487452489
MNE,1991,49.0415573735914
MNE,1990,48.541693005835
MAR,2025,63.1278612260269
MAR,2024,62.7998124018197
MAR,2023,62.673750838878
MAR,2022,62.5118468550703
MAR,2021,62.3173276600289
MAR,2020,62.0933436005366
MAR,2019,61.8430450233765
MAR,2018,61.5695822753314
MAR,2017,61.2761057031842
MAR,2016,60.9657656537179
MAR,2015,60.6417124737154
MAR,2014,60.3030486171654
MAR,2013,59.9083499302469
MAR,2012,59.4348555979895
MAR,2011,58.902576690412
MAR,2010,58.3287516486646
MAR,2009,57.7306189138977
MAR,2008,57.1254169272616
MAR,2007,56.5303841299064
MAR,2006,55.9627589629824
MAR,2005,55.4397798676399
MAR,2004,54.9787569660869
MAR,2003,54.5782811140771
MAR,2002,54.222745830177
MAR,2001,53.8972613497219
MAR,2000,53.58724711125
MAR,1999,53.2781225532994
MAR,1998,52.9553071144083
MAR,1997,52.6042202331149
MAR,1996,52.2102813479572
MAR,1995,51.7589098974736
MAR,1994,51.2177079462615
MAR,1993,50.4392204284668
MAR,1992,49.8101539611816
MAR,1991,49.1526794433594
MAR,1990,48.4338645935059
MOZ,2025,37.2077944927189
MOZ,2024,36.4332337447237
MOZ,2023,35.7149783148407
MOZ,2022,35.0536638047945
MOZ,2021,34.4499259401554
MOZ,2020,33.9044006416285
MOZ,2019,33.4177241517032
MOZ,2018,32.9902559073541
MOZ,2017,32.6274411492675
MOZ,2016,32.3819234395234
MOZ,2015,32.1372836259918
MOZ,2014,31.8972245802342
MOZ,2013,31.6619153976179
MOZ,2012,31.4315251735105
MOZ,2011,31.2062230032794
MOZ,2010,30.9861779822921
MOZ,2009,30.7715592059159
MOZ,2008,30.5625357695184
MOZ,2007,30.3598131347122
MOZ,2006,30.1740801725307
MOZ,2005,30.0098613217248
MOZ,2004,29.8592114813982
MOZ,2003,29.7146340268639
MOZ,2002,29.5686323334348
MOZ,2001,29.4137097764239
MOZ,2000,29.2423697311441
MOZ,1999,29.0471155729086
MOZ,1998,28.8204506770301
MOZ,1997,28.5523811697494
MOZ,1996,28.1699399959342
MOZ,1995,27.6270913060259
MOZ,1994,26.9444395784199
MOZ,1993,26.1405953505588
MOZ,1992,25.2341691598851
MOZ,1991,24.2437715438413
MOZ,1990,23.1880130398699
MMR,2025,30.5836915476767
MMR,2024,30.4499084074136
MMR,2023,30.3820718069466
MMR,2022,30.311095757938
MMR,2021,30.2368812529698
MMR,2020,30.1593049968842
MMR,2019,30.0782436945232
MMR,2018,29.993574050729
MMR,2017,29.9051727703437
MMR,2016,29.8129165582094
MMR,2015,29.7166821191682
MMR,2014,29.6164342116462
MMR,2013,29.5103946237239
MMR,2012,29.3956289363345
MMR,2011,29.2724765136213
MMR,2010,29.1415329218024
MMR,2009,29.0033937270962
MMR,2008,28.8586544957208
MMR,2007,28.7079107938945
MMR,2006,28.5517581878355
MMR,2005,28.390792243762
MMR,2004,28.2256085278922
MMR,2003,28.0568026064444
MMR,2002,27.8849700456368
MMR,2001,27.7107064116875
MMR,2000,27.5346072708149
MMR,1999,27.3572681892371
MMR,1998,27.1792847331724
MMR,1997,27.001252468839
MMR,1996,26.823766962455
MMR,1995,26.6474237802388
MMR,1994,26.4728184884086
MMR,1993,26.3005466531825
MMR,1992,26.1312038407788
MMR,1991,25.9653856174157
MMR,1990,25.8036875493115
NAM,2025,50.8666984399326
NAM,2024,50.4088030252155
NAM,2023,49.9545837830821
NAM,2022,49.5291037671807
NAM,2021,49.0571881483796
NAM,2020,48.547381745659
NAM,2019,48.0019807724839
NAM,2018,47.4232814423189
NAM,2017,46.8135799686288
NAM,2016,46.1751725648784
NAM,2015,45.5103554445325
NAM,2014,44.8214248210559
NAM,2013,44.1106769079132
NAM,2012,43.3804079185694
NAM,2011,42.6276075621535
NAM,2010,41.7946176561991
NAM,2009,40.8524900328246
NAM,2008,39.8328120256318
NAM,2007,38.763436210037
NAM,2006,37.6722151614564
NAM,2005,36.5870014553064
NAM,2004,35.5356476670033
NAM,2003,34.5460063719633
NAM,2002,33.6459301456028
NAM,2001,32.8575058425719
NAM,2000,32.1168956399877
NAM,1999,31.3724065469765
NAM,1998,30.6417040777766
NAM,1997,29.9386684524006
NAM,1996,29.2771798908614
NAM,1995,28.6711186131719
NAM,1994,28.1343648393447
NAM,1993,27.6807987893929
NAM,1992,27.3243006833291
NAM,1991,27.0715773259609
NAM,1990,26.8671654353929
NRU,2025,100.0
NRU,2024,100.0
NRU,2023,100.0
NRU,2022,100.0
NRU,2021,100.0
NRU,2020,100.0
NRU,2019,100.0
NRU,2018,100.0
NRU,2017,100.0
NRU,2016,100.0
NRU,2015,100.0
NRU,2014,100.0
NRU,2013,100.0
NRU,2012,100.0
NRU,2011,100.0
NRU,2010,100.0
NRU,2009,100.0
NRU,2008,100.0
NRU,2007,100.0
NRU,2006,100.0
NRU,2005,100.0
NRU,2004,100.0
NRU,2003,100.0
NRU,2002,100.0
NRU,2001,100.0
NRU,2000,100.0
NRU,1999,100.0
NRU,1998,100.0
NRU,1997,100.0
NRU,1996,100.0
NRU,1995,100.0
NRU,1994,100.0
NRU,1993,100.0
NRU,1992,100.0
NRU,1991,100.0
NRU,1990,100.0
NPL,2025,66.999424884859
NPL,2024,66.772343163029
NPL,2023,66.5432933453944
NPL,2022,66.2992968721053
NPL,2021,66.144235274522
NPL,2020,66.1050886088505
NPL,2019,65.9873929484157
NPL,2018,65.8104229225551
NPL,2017,65.5768928085184
NPL,2016,65.2895168835553
NPL,2015,64.9510094249155
NPL,2014,64.5640847098488
NPL,2013,64.1314570156048
NPL,2012,63.6558406194333
NPL,2011,63.139949798584
NPL,2010,62.0156581578338
NPL,2009,59.8638612146309
NPL,2008,56.9108061152324
NPL,2007,53.3827400058951
NPL,2006,49.5059100328759
NPL,2005,45.5065633424317
NPL,2004,41.6109470808194
NPL,2003,38.045308394296
NPL,2002,35.0358944291182
NPL,2001,32.808952331543
NPL,2000,31.0994241803849
NPL,1999,29.4919855909549
NPL,1998,27.9874840142543
NPL,1997,26.5867669012845
NPL,1996,25.2906817030471
NPL,1995,24.1000758705435
NPL,1994,23.0157968547751
NPL,1993,22.0386921067433
NPL,1992,21.1696090774496
NPL,1991,20.4093952178955
NPL,1990,19.7619358653766
NLD,2025,95.9385903481191
NLD,2024,95.6396517079336
NLD,2023,95.3221682092129
NLD,2022,94.9856177734136
NLD,2021,94.6294783220315
NLD,2020,94.2532277765935
NLD,2019,93.8898028856479
NLD,2018,92.6062472401044
NLD,2017,91.1219700676602
NLD,2016,90.5803239452777
NLD,2015,90.2787737214621
NLD,2014,89.8364787097165
NLD,2013,89.1749992370605
NLD,2012,88.5342462391333
NLD,2011,88.0059204972573
NLD,2010,87.3502790247129
NLD,2009,86.2223179632671
NLD,2008,85.6149582464487
NLD,2007,85.4089231499726
NLD,2006,84.6532280358545
NLD,2005,83.5048949725161
NLD,2004,82.250953139759
NLD,2003,81.3011308878582
NLD,2002,80.8085275226169
NLD,2001,80.1840578652121
NLD,2000,78.4826828427081
NLD,1999,77.06074312186
NLD,1998,76.75231877333
NLD,1997,75.5542374231759
NLD,1996,72.423330585432
NLD,1995,70.6936274148982
NLD,1994,70.4100572065956
NLD,1993,69.7586743487312
NLD,1992,69.3087428522066
NLD,1991,69.207275104499
NLD,1990,68.9873866123858
NCL,2025,68.1717888335577
NCL,2024,67.9514695585577
NCL,2023,67.751522311337
NCL,2022,67.5720305021282
NCL,2021,67.4130776539646
NCL,2020,67.2747261065933
NCL,2019,67.1574673707832
NCL,2018,67.0588809757675
NCL,2017,66.9683393293094
NCL,2016,66.8902054658406
NCL,2015,66.8278045547803
NCL,2014,66.7846387072769
NCL,2013,66.7584127864925
NCL,2012,66.7417059914448
NCL,2011,66.726209122213
NCL,2010,66.703836218007
NCL,2009,66.6631859586932
NCL,2008,66.3257509774158
NCL,2007,65.6204802173329
NCL,2006,64.7508025811084
NCL,2005,63.918391040144
NCL,2004,63.3117500793361
NCL,2003,62.8540725422625
NCL,2002,62.4118035339378
NCL,2001,61.9960127034469
NCL,2000,61.6103287085477
NCL,1999,61.2583802069977
NCL,1998,60.9437958565548
NCL,1997,60.6702043149765
NCL,1996,60.4419641547703
NCL,1995,60.255212474193
NCL,1994,60.0984210798572
NCL,1993,59.9626647131005
NCL,1992,59.8400221071013
NCL,1991,59.7225719950378
NCL,1990,59.6023931100883
NZL,2025,83.9978515774731
NZL,2024,83.9370658833132
NZL,2023,83.8898991461229
NZL,2022,83.8547305017812
NZL,2021,83.8299382585905
NZL,2020,83.8138977095908
NZL,2019,83.804965871667
NZL,2018,83.8017846685577
NZL,2017,84.1701025874108
NZL,2016,84.691365594
NZL,2015,85.1518763760531
NZL,2014,85.5076659530411
NZL,2013,85.7080129786455
NZL,2012,85.777700676896
NZL,2011,85.8233151875134
NZL,2010,85.8614043258228
NZL,2009,85.8918345477824
NZL,2008,85.9144723093505
NZL,2007,85.9291840664852
NZL,2006,85.9356841665703
NZL,2005,85.9299325780946
NZL,2004,85.9017708294597
NZL,2003,85.857962055807
NZL,2002,85.8061578183401
NZL,2001,85.7545174444303
NZL,2000,85.7059660456056
NZL,1999,85.6555096232176
NZL,1998,85.6005599181034
NZL,1997,85.5395698424773
NZL,1996,85.4708430476733
NZL,1995,85.392759490696
NZL,1994,85.3021313465976
NZL,1993,85.1983223757834
NZL,1992,85.0806768441581
NZL,1991,84.9503136860067
NZL,1990,84.7840783188668
NIC,2025,59.4435892957332
NIC,2024,59.2628402709961
NIC,2023,59.1250953674316
NIC,2022,58.9954376220703
NIC,2021,58.8592529296875
NIC,2020,58.7045922689128
NIC,2019,58.5405671448072
NIC,2018,58.3683858659405
NIC,2017,58.1892567408822
NIC,2016,58.0043880782023
NIC,2015,57.8149881864705
NIC,2014,57.6222653742564
NIC,2013,57.4274279501299
NIC,2012,57.2316842226606
NIC,2011,57.0362425004184
NIC,2010,56.842311091973
NIC,2009,56.651098305894
NIC,2008,56.4638124507513
NIC,2007,56.2816618351146
NIC,2006,56.1058547675536
NIC,2005,55.9375480421093
NIC,2004,55.7791779253789
NIC,2003,55.6308042935869
NIC,2002,55.4894961947237
NIC,2001,55.3522521763064
NIC,2000,55.2160707858522
NIC,1999,55.0779505708784
NIC,1998,54.9348900789023
NIC,1997,54.7838878574412
NIC,1996,54.6219424540121
NIC,1995,54.4454415882899
NIC,1994,54.2592490118693
NIC,1993,54.0713283349293
NIC,1992,53.8816325285926
NIC,1991,53.689220220561
NIC,1990,53.4931500385358
NER,2025,18.3740697195469
NER,2024,18.0497398450803
NER,2023,17.7506873295237
NER,2022,17.477207007512
NER,2021,17.2295936666686
NER,2020,17.0081420003794
NER,2019,16.813146499685
NER,2018,16.6449011799221
NER,2017,16.5036987906896
NER,2016,16.3898280543236
NER,2015,16.3035606587493
NER,2014,16.2450424611665
NER,2013,16.2162595696064
NER,2012,16.2141284004355
NER,2011,16.2303066053496
NER,2010,16.2416301279116
NER,2009,16.2511180003032
NER,2008,16.2586706998252
NER,2007,16.2641887037781
NER,2006,16.2675724894628
NER,2005,16.2687225341797
NER,2004,16.2687225341797
NER,2003,16.2687225341797
NER,2002,16.2687206268311
NER,2001,16.2687225341797
NER,2000,16.1307678222656
NER,1999,16.0515403747559
NER,1998,15.9723119735718
NER,1997,15.8930797576904
NER,1996,15.8138437271118
NER,1995,15.7991333007812
NER,1994,15.7277612686157
NER,1993,15.656964302063
NER,1992,15.5867443084717
NER,1991,15.5171031951904
NER,1990,15.448037147522
NGA,2025,63.7754180467872
NGA,2024,62.9755675573659
NGA,2023,62.1746763155343
NGA,2022,61.3727650622225
NGA,2021,60.5698545383604
NGA,2020,59.7659654848781
NGA,2019,58.9611186427056
NGA,2018,58.1553347527729
NGA,2017,57.3486345560101
NGA,2016,56.541038793347
NGA,2015,55.7325682057138
NGA,2014,54.9232435340404
NGA,2013,54.1130855192568
NGA,2012,53.302114902293
NGA,2011,52.490352424079
NGA,2010,51.6778188255446
NGA,2009,50.86453484762
NGA,2008,50.0505212312351
NGA,2007,49.2357987173198
NGA,2006,48.424271994461
NGA,2005,47.5656414756863
NGA,2004,46.6994804889599
NGA,2003,45.8372080921761
NGA,2002,44.9793025536893
NGA,2001,44.1262421418539
NGA,2000,43.2785051250243
NGA,1999,42.4365697715547
NGA,1998,41.6009143497997
NGA,1997,40.7720171281134
NGA,1996,39.9503563748504
NGA,1995,39.1364103583649
NGA,1994,38.3306573470114
NGA,1993,37.5335756091442
NGA,1992,36.7456434131176
NGA,1991,35.9657628204929
NGA,1990,35.1866181650421
MKD,2025,62.8909857826036
MKD,2024,62.5645376928533
MKD,2023,62.2518322545779
MKD,2022,61.9530566607267
MKD,2021,61.6841975628139
MKD,2020,61.1593302746435
MKD,2019,60.6286848102132
MKD,2018,60.1580316016216
MKD,2017,59.7437719356273
MKD,2016,59.3823070989891
MKD,2015,59.0700383784659
MKD,2014,58.8033670608162
MKD,2013,58.578694432799
MKD,2012,58.3924217811729
MKD,2011,58.2409503926967
MKD,2010,58.1206815541291
MKD,2009,58.0280165522288
MKD,2008,57.9593566737547
MKD,2007,57.9111032054655
MKD,2006,57.8796574341199
MKD,2005,57.8614206464767
MKD,2004,57.8527941292946
MKD,2003,57.8501791693323
MKD,2002,57.8726144171205
MKD,2001,58.0943199277127
MKD,2000,58.4918382392587
MKD,1999,58.9458313681452
MKD,1998,59.3418252359274
MKD,1997,59.5653457641602
MKD,1996,59.6584367661814
MKD,1995,59.7277853696842
MKD,1994,59.7558735093252
MKD,1993,59.3634005625664
MKD,1992,58.5568077404273
MKD,1991,57.9279731988744
MKD,1990,57.4735520982155
MNP,2025,92.1765383642716
MNP,2024,92.0747260922394
MNP,2023,91.9754112887573
MNP,2022,91.8785788645608
MNP,2021,91.7842137303802
MNP,2020,91.6908367362908
MNP,2019,91.6162852134162
MNP,2018,91.5444506155168
MNP,2017,91.4720215898621
MNP,2016,91.3990047853283
MNP,2015,91.3254068507915
MNP,2014,91.2512344351276
MNP,2013,91.1764941872129
MNP,2012,91.1011927559234
MNP,2011,91.0253367901352
MNP,2010,90.9488180328106
MNP,2009,90.8729232264729
MNP,2008,90.7990126104496
MNP,2007,90.726220848958
MNP,2006,90.6534562341057
MNP,2005,90.5796270580004
MNP,2004,90.5036416127499
MNP,2003,90.4244081904616
MNP,2002,90.3408350832433
MNP,2001,90.2518305832026
MNP,2000,90.1578212649113
MNP,1999,90.0362235307544
MNP,1998,89.8728262435101
MNP,1997,89.708154992241
MNP,1996,89.5865309072347
MNP,1995,89.5508930843623
MNP,1994,89.5732787274411
MNP,1993,89.617537095238
MNP,1992,89.6693094968231
MNP,1991,89.7144497477592
MNP,1990,89.7384626797676
NOR,2025,83.5705787708326
NOR,2024,83.3293737928469
NOR,2023,83.0718560702166
NOR,2022,82.9563661816034
NOR,2021,82.8612877226956
NOR,2020,82.7029885700532
NOR,2019,82.4935894878281
NOR,2018,82.2452112401723
NOR,2017,81.9699745912375
NOR,2016,81.6800003051758
NOR,2015,81.2378240971353
NOR,2014,80.6117159535579
NOR,2013,79.9723980455359
NOR,2012,79.4905925441617
NOR,2011,79.311620451463
NOR,2010,79.245002746582
NOR,2009,79.0570820210427
NOR,2008,78.7541006020666
NOR,2007,78.4072502632828
NOR,2006,78.0877227783203
NOR,2005,77.8260148882032
NOR,2004,77.5684593888498
NOR,2003,77.2600021362305
NOR,2002,76.7955442460288
NOR,2001,76.3958619273785
NOR,2000,76.1338922449534
NOR,1999,75.8399963378906
NOR,1998,75.3306335451989
NOR,1997,74.7024361307612
NOR,1996,74.1999969482422
NOR,1995,73.9197422341132
NOR,1994,73.6500015258789
NOR,1993,73.2031436754498
NOR,1992,72.6495385440231
NOR,1991,72.1586354507439
NOR,1990,71.8768588741127
OMN,2025,79.4781383307689
OMN,2024,79.4440302814714
OMN,2023,79.5702973228932
OMN,2022,80.0117053152301
OMN,2021,80.1239942103569
OMN,2020,80.0176378922722
OMN,2019,79.5780017545962
OMN,2018,78.9655839720276
OMN,2017,78.3142260040136
OMN,2016,77.7521362304688
OMN,2015,77.3025363037955
OMN,2014,76.8892576748951
OMN,2013,76.4914234214313
OMN,2012,76.088156621068
OMN,2011,75.6585803514688
OMN,2010,75.1579724666274
OMN,2009,74.5338635149003
OMN,2008,73.807772368029
OMN,2007,73.0679250158092
OMN,2006,72.3920261203777
OMN,2005,71.8577803438712
OMN,2004,71.5428923484265
OMN,2003,71.4926171971641
OMN,2002,71.5013318111475
OMN,2001,71.5179623016414
OMN,2000,71.5400835229196
OMN,1999,71.5655594157832
OMN,1998,71.5922539210329
OMN,1997,71.6180309794696
OMN,1996,71.6407545318941
OMN,1995,71.6582885191073
OMN,1994,71.66849688191
OMN,1993,71.64228414407
OMN,1992,71.4364862570961
OMN,1991,71.0040009041544
OMN,1990,70.3642795175068
PAK,2025,39.5256010979606
PAK,2024,39.1734368360905
PAK,2023,38.8191861872791
PAK,2022,38.3740439760816
PAK,2021,37.9333395514173
PAK,2020,37.5080192948099
PAK,2019,37.1091631735769
PAK,2018,36.7478511550359
PAK,2017,36.4351548223399
PAK,2016,36.1597184900333
PAK,2015,35.9017325715342
PAK,2014,35.6595549759128
PAK,2013,35.4315352494366
PAK,2012,35.2160229383731
PAK,2011,35.0113675889897
PAK,2010,34.8159187475539
PAK,2009,34.6280259603331
PAK,2008,34.4460387735948
PAK,2007,34.2683067336065
PAK,2006,34.0931793866356
PAK,2005,33.9190062789495
PAK,2004,33.7441369568158
PAK,2003,33.5669209665019
PAK,2002,33.3857078542752
PAK,2001,33.1988471664032
PAK,2000,33.0046884491535
PAK,1999,32.8015812487933
PAK,1998,32.5871723893723
PAK,1997,32.3647607033211
PAK,1996,32.1402116675762
PAK,1995,31.9144613917436
PAK,1994,31.6870914038941
PAK,1993,31.4576832320988
PAK,1992,31.2258184044289
PAK,1991,30.9910784489553
PAK,1990,30.753044893749
PLW,2025,79.2835934246556
PLW,2024,79.2095042878667
PLW,2023,79.1531991438847
PLW,2022,79.1134831712956
PLW,2021,79.0890798782416
PLW,2020,79.0796884006264
PLW,2019,79.2803814152827
PLW,2018,79.5520868568744
PLW,2017,79.8284579022498
PLW,2016,80.1089335766065
PLW,2015,80.388246269234
PLW,2014,80.7338640362566
PLW,2013,81.0756895339142
PLW,2012,81.1285663568435
PLW,2011,80.9747231246263
PLW,2010,80.6626667312304
PLW,2009,80.2186712923386
PLW,2008,79.6639213135968
PLW,2007,79.019601300651
PLW,2006,78.306895759147
PLW,2005,77.574268209537
PLW,2004,76.445323887982
PLW,2003,74.5444848058291
PLW,2002,72.3817031907384
PLW,2001,70.5337109001769
PLW,2000,69.5876201801789
PLW,1999,69.6896962372638
PLW,1998,70.1693100482288
PLW,1997,70.7652327658767
PLW,1996,71.2484528378583
PLW,1995,71.3933455111353
PLW,1994,71.2273418983072
PLW,1993,70.8789048721161
PLW,1992,70.4277022862451
PLW,1991,69.9517325157421
PLW,1990,69.5314760089153
PAN,2025,66.1500999418126
PAN,2024,65.9958447685488
PAN,2023,65.8601271176084
PAN,2022,65.8211343914956
PAN,2021,65.8092302689169
PAN,2020,65.7862999591993
PAN,2019,65.752985396379
PAN,2018,65.7099285144924
PAN,2017,65.6577712475758
PAN,2016,65.5971555296656
PAN,2015,65.5287232947981
PAN,2014,65.4531164770096
PAN,2013,65.3709770103365
PAN,2012,65.2829468288151
PAN,2011,65.1896678664818
PAN,2010,65.0926097647906
PAN,2009,64.9730405510737
PAN,2008,64.8088713516952
PAN,2007,64.6019807394311
PAN,2006,64.355408255933
PAN,2005,64.0721934428526
PAN,2004,63.7553758418416
PAN,2003,63.4079949945516
PAN,2002,63.0330904426342
PAN,2001,62.6337017277411
PAN,2000,62.2165370013582
PAN,1999,61.7013699766382
PAN,1998,61.0086248345759
PAN,1997,60.1745220874573
PAN,1996,59.2406037081197
PAN,1995,58.2484116694001
PAN,1994,57.2394879441357
PAN,1993,56.2553745051635
PAN,1992,55.3376133253207
PAN,1991,54.5277463774443
PAN,1990,53.8712763235306
PNG,2025,15.7797448680276
PNG,2024,15.4061816403333
PNG,2023,15.0581017891206
PNG,2022,14.7358658260841
PNG,2021,14.4398342822353
PNG,2020,14.1703677185729
PNG,2019,13.9278267446947
PNG,2018,13.7125720532162
PNG,2017,13.5249644881888
PNG,2016,13.3653651942392
PNG,2015,13.2341359836319
PNG,2014,13.1316404025265
PNG,2013,13.0582475733094
PNG,2012,13.0143796071362
PNG,2011,13.0000025015364
PNG,2010,13.0021920069407
PNG,2009,13.008427139986
PNG,2008,13.0185611592166
PNG,2007,13.0324481284965
PNG,2006,13.04994211169
PNG,2005,13.0708971726612
PNG,2004,13.0951673752744
PNG,2003,13.1226067833938
PNG,2002,13.1530694608835
PNG,2001,13.1864094716078
PNG,2000,13.2228772276955
PNG,1999,13.3157511360166
PNG,1998,13.4991868296818
PNG,1997,13.7491727353146
PNG,1996,14.0420569362263
PNG,1995,14.3541875157278
PNG,1994,14.6619125571302
PNG,1993,14.9415801437447
PNG,1992,15.1695383588822
PNG,1991,15.3221352858539
PNG,1990,15.3756788160602
PRY,2025,70.3897639855864
PRY,2024,69.8622585886961
PRY,2023,69.3466081733694
PRY,2022,68.6396537819458
PRY,2021,67.3058612772421
PRY,2020,66.116520986009
PRY,2019,64.9845298299929
PRY,2018,63.9248988239553
PRY,2017,62.9526389826574
PRY,2016,62.0827613208606
PRY,2015,61.3302768533263
PRY,2014,60.7101965948157
PRY,2013,60.2375315600901
PRY,2012,59.9212909454702
PRY,2011,59.693499539898
PRY,2010,59.5122792618786
PRY,2009,59.3666109432844
PRY,2008,59.2442256780564
PRY,2007,59.1328545601355
PRY,2006,59.0202286834627
PRY,2005,58.894079141979
PRY,2004,58.7421370296254
PRY,2003,58.5521334403429
PRY,2002,58.3089732866691
PRY,2001,57.9686577349574
PRY,2000,57.5141169408231
PRY,1999,56.9637104476634
PRY,1998,56.3338701365719
PRY,1997,55.6410278886419
PRY,1996,54.9016155849672
PRY,1995,54.1320651066411
PRY,1994,53.3488083347573
PRY,1993,52.5682771504092
PRY,1992,51.8012367901724
PRY,1991,50.9890243427719
PRY,1990,50.0918634104713
PER,2025,85.5963484845463
PER,2024,85.1912729600355
PER,2023,84.7810255849745
PER,2022,84.3663554951194
PER,2021,83.9480118272361
PER,2020,83.5267437189637
PER,2019,83.1033003087105
PER,2018,82.6854929960921
PER,2017,82.1931650502403
PER,2016,81.4192362241943
PER,2015,80.698277662669
PER,2014,79.9945465682649
PER,2013,79.3105527820586
PER,2012,78.6488061451268
PER,2011,78.0118164985462
PER,2010,77.4020936833934
PER,2009,76.822147540745
PER,2008,76.2744879116779
PER,2007,75.7615250588738
PER,2006,75.2766672012397
PER,2005,74.8162354830832
PER,2004,74.3769516383133
PER,2003,73.9558750733136
PER,2002,73.5500651944675
PER,2001,73.1565814081586
PER,2000,72.7724831207703
PER,1999,72.3948297386861
PER,1998,72.0206806682894
PER,1997,71.6470953159639
PER,1996,71.271133088093
PER,1995,70.8898533910601
PER,1994,70.5003156312488
PER,1993,70.0997909655959
PER,1992,69.7000538774584
PER,1991,69.3117215938287
PER,1990,68.9308005041295
PHL,2025,55.7732907605332
PHL,2024,55.4520983215477
PHL,2023,55.1242716168851
PHL,2022,54.7902343568327
PHL,2021,54.4504102510776
PHL,2020,54.1077719895977
PHL,2019,53.7157859948017
PHL,2018,53.2088897464754
PHL,2017,52.6010482354344
PHL,2016,51.9114748151175
PHL,2015,51.1549047745227
PHL,2014,50.2392400212368
PHL,2013,49.1313688766206
PHL,2012,47.9182784810426
PHL,2011,46.6833632464759
PHL,2010,45.5208176726647
PHL,2009,44.3356772609527
PHL,2008,43.1547492407016
PHL,2007,42.3470499959497
PHL,2006,41.8308558715226
PHL,2005,41.3297701258519
PHL,2004,40.8507057988121
PHL,2003,40.3928506135438
PHL,2002,39.9553922931877
PHL,2001,39.5375185608843
PHL,2000,39.1384171397742
PHL,1999,38.757275752998
PHL,1998,38.3932821236964
PHL,1997,38.0456239750098
PHL,1996,37.713489030079
PHL,1995,37.3960650120444
PHL,1994,37.0925396440467
PHL,1993,36.8021006492264
PHL,1992,36.5239357507243
PHL,1991,36.2572326716808
PHL,1990,36.0011791352366
POL,2025,60.0853330309371
POL,2024,59.9705468695101
POL,2023,59.8859561370214
POL,2022,59.8315488048321
POL,2021,59.8096513205543
POL,2020,59.8738141138092
POL,2019,59.9626184068963
POL,2018,60.0533306480907
POL,2017,60.145888199417
POL,2016,60.2402284228997
POL,2015,60.3362886805635
POL,2014,60.4340063344328
POL,2013,60.5333187465323
POL,2012,60.6341632788866
POL,2011,60.7357090652544
POL,2010,60.8474783987677
POL,2009,60.9800753477
POL,2008,61.1258760375274
POL,2007,61.2756005207604
POL,2006,61.4199688499096
POL,2005,61.5497010774856
POL,2004,61.6555172559989
POL,2003,61.7281374379602
POL,2002,61.7581534555696
POL,2001,61.7557708646056
POL,2000,61.7459160613903
POL,1999,61.7291881056396
POL,1998,61.7057783335144
POL,1997,61.6758780811754
POL,1996,61.6396786847836
POL,1995,61.5973714804995
POL,1994,61.5491478044841
POL,1993,61.4951989928981
POL,1992,61.4357163819024
POL,1991,61.3708913076577
POL,1990,61.3009151063249
PRT,2025,61.4953199318985
PRT,2024,61.3281907341332
PRT,2023,61.2048652633664
PRT,2022,61.1259255772782
PRT,2021,61.0951249296597
PRT,2020,61.1042566768691
PRT,2019,61.114927250613
PRT,2018,61.1233069673808
PRT,2017,61.1296726507436
PRT,2016,61.1343011242723
PRT,2015,61.137469211538
PRT,2014,61.1394537361116
PRT,2013,61.1405315215642
PRT,2012,61.1409793914666
PRT,2011,61.1410698395502
PRT,2010,61.0788867241731
PRT,2009,60.8066368745822
PRT,2008,60.3510029424595
PRT,2007,59.7481128966109
PRT,2006,59.0340947058419
PRT,2005,58.2450763389585
PRT,2004,57.4171857647664
PRT,2003,56.5865509520713
PRT,2002,55.789299869679
PRT,2001,55.0679833009212
PRT,2000,54.4051635389142
PRT,1999,53.7396730104491
PRT,1998,53.063097347651
PRT,1997,52.3795796967868
PRT,1996,51.6932632041232
PRT,1995,51.008291015927
PRT,1994,50.3288062784649
PRT,1993,49.6589521380037
PRT,1992,49.0028717408102
PRT,1991,48.365859825148
PRT,1990,47.7384263697872
PRI,2025,94.3404836598892
PRI,2024,94.2539505199436
PRI,2023,94.1774359275881
PRI,2022,94.1110923054937
PRI,2021,94.0550712597302
PRI,2020,94.0116144995587
PRI,2019,93.9519912222253
PRI,2018,93.8986961132283
PRI,2017,93.8561953815964
PRI,2016,93.8232738004303
PRI,2015,93.7987161428303
PRI,2014,93.7813071818968
PRI,2013,93.7698316907305
PRI,2012,93.7630744424317
PRI,2011,93.7598202101009
PRI,2010,93.7588772214391
PRI,2009,93.7692762093964
PRI,2008,93.8114589079331
PRI,2007,93.8788197135489
PRI,2006,93.9636036518786
PRI,2005,94.058055748557
PRI,2004,94.1544210292187
PRI,2003,94.2449445194985
PRI,2002,94.3218712450313
PRI,2001,94.3774462314518
PRI,2000,94.4035182032107
PRI,1999,94.3221244129435
PRI,1998,93.9680239270876
PRI,1997,93.3576670087639
PRI,1996,92.5150878038331
PRI,1995,91.464320458156
PRI,1994,90.2293991175933
PRI,1993,88.8343579280057
PRI,1992,87.303231035254
PRI,1991,85.660052585199
PRI,1990,83.9288567237013
QAT,2025,99.3593427696312
QAT,2024,99.3219891728394
QAT,2023,99.2835325193835
QAT,2022,99.243997525719
QAT,2021,99.203408908243
QAT,2020,99.1617913833034
QAT,2019,99.1191696672067
QAT,2018,99.0755684762244
QAT,2017,99.0310125265978
QAT,2016,98.9855265345423
QAT,2015,98.9382407681154
QAT,2014,98.901627838826
QAT,2013,98.8357621827901
QAT,2012,98.7428010471968
QAT,2011,98.6300610210909
QAT,2010,98.5066232166665
QAT,2009,98.3494885340955
QAT,2008,98.1295193937322
QAT,2007,97.8663125111735
QAT,2006,97.5827378795062
QAT,2005,97.3016654918171
QAT,2004,97.0472579559041
QAT,2003,96.8311182064009
QAT,2002,96.6424497593905
QAT,2001,96.4674307551724
QAT,2000,96.2942718926638
QAT,1999,96.1111838707823
QAT,1998,95.9063773884453
QAT,1997,95.6663501954995
QAT,1996,95.3885119686424
QAT,1995,95.0736862740883
QAT,1994,94.7227105489626
QAT,1993,94.3339062703838
QAT,1992,93.9055949154706
QAT,1991,93.4360979613416
QAT,1990,92.9237368851153
ROU,2025,52.1728885041698
ROU,2024,52.1674778928768
ROU,2023,52.1645747011867
ROU,2022,52.1634832477272
ROU,2021,52.2321512130811
ROU,2020,52.611947245178
ROU,2019,52.8931835224862
ROU,2018,53.1445711571868
ROU,2017,53.3648643239046
ROU,2016,53.5528171972639
ROU,2015,53.7071839518893
ROU,2014,53.8267187624053
ROU,2013,53.9101758034365
ROU,2012,53.9563092496073
ROU,2011,53.9608874244169
ROU,2010,53.9038227941329
ROU,2009,53.7875150259042
ROU,2008,53.6297858153706
ROU,2007,53.4472789126416
ROU,2006,53.2566380678272
ROU,2005,53.074507031037
ROU,2004,52.9175295523808
ROU,2003,52.8023493819682
ROU,2002,52.7466427937759
ROU,2001,52.764808691157
ROU,2000,52.8619549004535
ROU,1999,53.0197228815939
ROU,1998,53.2201892003114
ROU,1997,53.4454304223393
ROU,1996,53.677523113411
ROU,1995,53.8985438392597
ROU,1994,54.0905691656188
ROU,1993,54.2356756582215
ROU,1992,54.3130567791968
ROU,1991,54.3126803188199
ROU,1990,54.213790243794
RUS,2025,75.2506636608215
RUS,2024,75.1119136177067
RUS,2023,74.9805047873279
RUS,2022,74.8544893625017
RUS,2021,74.7516840220252
RUS,2020,74.6932216791674
RUS,2019,74.6222859951926
RUS,2018,74.5442926137992
RUS,2017,74.460036813029
RUS,2016,74.3703138709243
RUS,2015,74.275919065527
RUS,2014,74.1776476748791
RUS,2013,74.0762949770228
RUS,2012,73.97265625
RUS,2011,73.8534851074219
RUS,2010,73.6696307887624
RUS,2009,73.5288696289062
RUS,2008,73.4822463989258
RUS,2007,73.3856048583984
RUS,2006,73.2439193725586
RUS,2005,73.1613922119141
RUS,2004,73.3065795898438
RUS,2003,73.4057388305664
RUS,2002,73.2929008030615
RUS,2001,73.22998046875
RUS,2000,73.1568222045898
RUS,1999,72.96533203125
RUS,1998,73.1912078857422
RUS,1997,73.1156616210938
RUS,1996,73.0623092651367
RUS,1995,72.9352798461914
RUS,1994,72.9541091918945
RUS,1993,73.0590972900391
RUS,1992,73.3822937011719
RUS,1991,73.7095108032227
RUS,1990,73.7116088867188
RWA,2025,30.9133840928162
RWA,2024,29.8849714294083
RWA,2023,28.8555310645477
RWA,2022,27.7806702737761
RWA,2021,26.1049092762833
RWA,2020,24.5029761132966
RWA,2019,22.9711026997362
RWA,2018,21.5418444579064
RWA,2017,20.2477568101111
RWA,2016,19.1213951786548
RWA,2015,18.1953149858416
RWA,2014,17.5020716539756
RWA,2013,17.0742206053612
RWA,2012,16.9410248882148
RWA,2011,16.9323586881273
RWA,2010,16.9255580310614
RWA,2009,16.9206894426355
RWA,2008,16.9170867063804
RWA,2007,16.9140836058266
RWA,2006,16.9110139245047
RWA,2005,16.9072114459454
RWA,2004,16.9020099536792
RWA,2003,16.8947432312369
RWA,2002,16.8778847116752
RWA,2001,16.5487399668155
RWA,2000,15.7804474645996
RWA,1999,14.6733549679289
RWA,1998,13.3253915215227
RWA,1997,11.8344861701004
RWA,1996,10.2985679583814
RWA,1995,8.81556593108499
RWA,1994,7.48340913293057
RWA,1993,6.4000266086375
RWA,1992,5.66334740292516
RWA,1991,5.36287370946222
RWA,1990,5.27494050180917
WSM,2025,17.5063874123422
WSM,2024,17.5029115108018
WSM,2023,17.5012799804602
WSM,2022,17.5007949951039
WSM,2021,17.5672426452007
WSM,2020,18.0516608994722
WSM,2019,18.4147344481283
WSM,2018,18.7241267935467
WSM,2017,18.9657191879831
WSM,2016,19.126462366749
WSM,2015,19.2340105383551
WSM,2014,19.3126679480432
WSM,2013,19.3865949620667
WSM,2012,19.478718368689
WSM,2011,19.6174273708146
WSM,2010,19.8302101862085
WSM,2009,20.1045321482817
WSM,2008,20.4038457706991
WSM,2007,20.6944481303605
WSM,2006,20.9567957063672
WSM,2005,21.2352904191687
WSM,2004,21.5282844040566
WSM,2003,21.7806875309864
WSM,2002,21.9431903680112
WSM,2001,21.9749895503804
WSM,2000,21.9529698020724
WSM,1999,21.9068983405159
WSM,1998,21.8409099914022
WSM,1997,21.7585739054982
WSM,1996,21.6634592335707
WSM,1995,21.5591351263865
WSM,1994,21.4491707347126
WSM,1993,21.3371352093158
WSM,1992,21.2265977009629
WSM,1991,21.1123265721407
WSM,1990,20.9620088291213
SMR,2025,97.1870254171573
SMR,2024,97.1560555881096
SMR,2023,97.1317310361655
SMR,2022,97.1141889380465
SMR,2021,97.1035668453272
SMR,2020,97.0999984741211
SMR,2019,97.0999984741211
SMR,2018,97.0999984741211
SMR,2017,97.0999984741211
SMR,2016,97.0999984741211
SMR,2015,97.0999984741211
SMR,2014,97.0999984741211
SMR,2013,97.0999984741211
SMR,2012,97.0999984741211
SMR,2011,97.0999984741211
SMR,2010,97.074615769187
SMR,2009,96.8391666956869
SMR,2008,96.3901700249324
SMR,2007,95.8182890221867
SMR,2006,95.2084276028853
SMR,2005,94.6454896824635
SMR,2004,94.2143791763566
SMR,2003,94.0
SMR,2002,93.9488167294543
SMR,2001,93.9000015258789
SMR,2000,93.7709762556799
SMR,1999,93.5437131502544
SMR,1998,93.2390030501725
SMR,1997,92.8776367960046
SMR,1996,92.4804052283208
SMR,1995,92.0680991876912
SMR,1994,91.6615095146862
SMR,1993,91.2814270498757
SMR,1992,90.9486426338301
SMR,1991,90.6839471071196
SMR,1990,90.5081313103143
STP,2025,69.1721865415984
STP,2024,68.8710170184884
STP,2023,68.6043921103568
STP,2022,68.3720919798341
STP,2021,68.1738967895508
STP,2020,68.0436706542969
STP,2019,67.9129943847656
STP,2018,67.7828826904297
STP,2017,67.6520004272461
STP,2016,67.5218887329102
STP,2015,67.3915710449219
STP,2014,67.2606735229492
STP,2013,67.1306686401367
STP,2012,67.0335889448132
STP,2011,66.7275977610702
STP,2010,66.0572200728291
STP,2009,65.0832313370367
STP,2008,63.8690133423199
STP,2007,62.4779478773056
STP,2006,60.9734167306206
STP,2005,59.4188016908917
STP,2004,57.8774845467458
STP,2003,56.4128470868097
STP,2002,55.0882710997103
STP,2001,53.9612039920776
STP,2000,52.9663437052108
STP,1999,52.0194206257004
STP,1998,51.1117219088898
STP,1997,50.2308830666086
STP,1996,49.3645396106862
STP,1995,48.5003270529522
STP,1994,47.625880905236
STP,1993,46.7288366793672
STP,1992,45.7968298871752
STP,1991,44.8152889990418
STP,1990,43.7335696403591
SAU,2025,84.6123121062185
SAU,2024,84.4554020211443
SAU,2023,84.2962388315415
SAU,2022,84.1349430023993
SAU,2021,83.9716349986538
SAU,2020,83.8064352851942
SAU,2019,83.6394643268678
SAU,2018,83.4708425884849
SAU,2017,83.300690534822
SAU,2016,83.129128630626
SAU,2015,82.9562773406163
SAU,2014,82.7822571294871
SAU,2013,82.6071884619102
SAU,2012,82.4311918025358
SAU,2011,82.2543876159947
SAU,2010,82.0791668544465
SAU,2009,81.8644480116889
SAU,2008,81.6441431042994
SAU,2007,81.4230015549063
SAU,2006,81.2008588083072
SAU,2005,80.9775503092999
SAU,2004,80.7542316538166
SAU,2003,80.5414456330177
SAU,2002,80.3438134074234
SAU,2001,80.155242811133
SAU,2000,79.9704860819453
SAU,1999,79.7842954576591
SAU,1998,79.5914231760733
SAU,1997,79.3866214749866
SAU,1996,79.164642592198
SAU,1995,78.9202387655061
SAU,1994,78.64816223271
SAU,1993,78.3431652316083
SAU,1992,78.0
SAU,1991,77.5670358381365
SAU,1990,77.0087350727391
SEN,2025,55.7672494455246
SEN,2024,55.2368169057304
SEN,2023,54.6992276190794
SEN,2022,53.4435061024348
SEN,2021,52.2260292191155
SEN,2020,51.0562950093282
SEN,2019,49.9443321273477
SEN,2018,48.9001692274485
SEN,2017,47.9338349639053
SEN,2016,47.0553579909929
SEN,2015,46.2747669629858
SEN,2014,45.6020905341588
SEN,2013,45.0398750539456
SEN,2012,44.5359772452989
SEN,2011,44.0689668509475
SEN,2010,43.6371785059692
SEN,2009,43.23773199459
SEN,2008,42.867747101036
SEN,2007,42.524343609533
SEN,2006,42.2046413043069
SEN,2005,41.9057599695838
SEN,2004,41.6248193895895
SEN,2003,41.35893934855
SEN,2002,41.1081471561292
SEN,2001,40.8763420163126
SEN,2000,40.6667555531967
SEN,1999,40.474462159108
SEN,1998,40.2959748402772
SEN,1997,40.1278066029348
SEN,1996,39.9664704533115
SEN,1995,39.808479397638
SEN,1994,39.6503464421449
SEN,1993,39.4885845930629
SEN,1992,39.3197068566225
SEN,1991,39.1402262390545
SEN,1990,38.9466557465895
SRB,2025,62.6379872799333
SRB,2024,62.3830029804177
SRB,2023,62.1434649229738
SRB,2022,61.9013813540396
SRB,2021,61.363899230957
SRB,2020,61.223201751709
SRB,2019,61.0492248535156
SRB,2018,60.8433609008789
SRB,2017,60.621208190918
SRB,2016,60.3853870034026
SRB,2015,60.1388092041016
SRB,2014,59.8779373168945
SRB,2013,59.6111068725586
SRB,2012,59.3468437194824
SRB,2011,59.4349187787267
SRB,2010,59.3505550689338
SRB,2009,59.1643483956067
SRB,2008,58.8944613226962
SRB,2007,58.5577111784378
SRB,2006,58.1709152910668
SRB,2005,57.7508909888183
SRB,2004,57.3144555999278
SRB,2003,56.8784264526306
SRB,2002,56.462901503343
SRB,2001,56.0482321112049
SRB,2000,55.5923115701625
SRB,1999,55.0978653291589
SRB,1998,54.5737183011903
SRB,1997,54.028695399253
SRB,1996,53.4716215363434
SRB,1995,52.9113216254578
SRB,1994,52.3566205795925
SRB,1993,51.8163433117438
SRB,1992,51.299314734908
SRB,1991,50.8151651099233
SRB,1990,50.3664886343009
SYC,2025,45.4828390704609
SYC,2024,45.2898622460415
SYC,2023,45.0971081321658
SYC,2022,44.9108209981157
SYC,2021,44.6026796065539
SYC,2020,44.2936147152263
SYC,2019,44.0049304031754
SYC,2018,43.7386669014459
SYC,2017,43.4968644410824
SYC,2016,43.2815632531296
SYC,2015,43.094803568632
SYC,2014,42.9386256186342
SYC,2013,42.815069634181
SYC,2012,42.7261758463169
SYC,2011,42.6739844860866
SYC,2010,42.660307244583
SYC,2009,42.6708881192085
SYC,2008,42.696637125589
SYC,2007,42.7361330057413
SYC,2006,42.7880431397027
SYC,2005,42.8510349075107
SYC,2004,42.9237756892027
SYC,2003,43.0049328648162
SYC,2002,43.0948464521927
SYC,2001,43.2172985855685
SYC,2000,43.3974230710038
SYC,1999,43.6406066285756
SYC,1998,43.9534538495124
SYC,1997,44.3776725669881
SYC,1996,45.4469524119701
SYC,1995,46.8516399097002
SYC,1994,47.6882836168039
SYC,1993,48.0597061439028
SYC,1992,48.3956533724673
SYC,1991,48.6792044691366
SYC,1990,48.9088869731444
SLE,2025,45.9267781356681
SLE,2024,45.3626823156371
SLE,2023,44.809324991151
SLE,2022,44.2666343543487
SLE,2021,43.7345385973699
SLE,2020,43.2129659123546
SLE,2019,42.7018444914441
SLE,2018,42.2011025267803
SLE,2017,41.7106682105058
SLE,2016,41.229411538771
SLE,2015,40.7669565187099
SLE,2014,40.3272406886245
SLE,2013,39.8916422780075
SLE,2012,39.4644094876975
SLE,2011,39.0472153491602
SLE,2010,38.6417328938613
SLE,2009,38.2496351532666
SLE,2008,37.8725951588418
SLE,2007,37.5122859420526
SLE,2006,37.1703805343647
SLE,2005,36.8485519672439
SLE,2004,36.5491283814755
SLE,2003,36.2690511597053
SLE,2002,36.0082791496616
SLE,2001,35.763651295501
SLE,2000,35.5327867241975
SLE,1999,35.3133045627252
SLE,1998,35.1028239380579
SLE,1997,34.8989639771697
SLE,1996,34.6993438070346
SLE,1995,34.5015825546266
SLE,1994,34.3032993469197
SLE,1993,34.102113310888
SLE,1992,33.8956435735053
SLE,1991,33.6815092617457
SLE,1990,33.4573295025833
SGP,2025,100.0
SGP,2024,100.0
SGP,2023,100.0
SGP,2022,100.0
SGP,2021,100.0
SGP,2020,100.0
SGP,2019,100.0
SGP,2018,100.0
SGP,2017,100.0
SGP,2016,100.0
SGP,2015,100.0
SGP,2014,100.0
SGP,2013,100.0
SGP,2012,100.0
SGP,2011,100.0
SGP,2010,100.0
SGP,2009,100.0
SGP,2008,100.0
SGP,2007,100.0
SGP,2006,100.0
SGP,2005,100.0
SGP,2004,100.0
SGP,2003,100.0
SGP,2002,100.0
SGP,2001,100.0
SGP,2000,100.0
SGP,1999,100.0
SGP,1998,100.0
SGP,1997,100.0
SGP,1996,100.0
SGP,1995,100.0
SGP,1994,100.0
SGP,1993,100.0
SGP,1992,100.0
SGP,1991,100.0
SGP,1990,100.0
SXM,2025,100.0
SXM,2024,100.0
SXM,2023,100.0
SXM,2022,100.0
SXM,2021,100.0
SXM,2020,100.0
SXM,2019,100.0
SXM,2018,100.0
SXM,2017,100.0
SXM,2016,100.0
SXM,2015,100.0
SXM,2014,100.0
SXM,2013,100.0
SXM,2012,100.0
SXM,2011,100.0
SXM,2010,100.0
SXM,2009,100.0
SXM,2008,100.0
SXM,2007,100.0
SXM,2006,100.0
SXM,2005,100.0
SXM,2004,100.0
SXM,2003,100.0
SXM,2002,100.0
SXM,2001,100.0
SXM,2000,100.0
SXM,1999,100.0
SXM,1998,100.0
SXM,1997,100.0
SXM,1996,100.0
SXM,1995,100.0
SXM,1994,100.0
SXM,1993,100.0
SXM,1992,100.0
SXM,1991,100.0
SXM,1990,100.0
SVK,2025,53.1940341971169
SVK,2024,53.1919702985684
SVK,2023,53.190805019646
SVK,2022,53.1902831072528
SVK,2021,53.1901479870605
SVK,2020,53.2481998906526
SVK,2019,53.3666558664583
SVK,2018,53.4881496935559
SVK,2017,53.6126018237016
SVK,2016,53.7399327086517
SVK,2015,53.8700628001622
SVK,2014,54.0029125499893
SVK,2013,54.1384024098892
SVK,2012,54.2764528316182
SVK,2011,54.4167387988534
SVK,2010,54.5650740704331
SVK,2009,54.7260356993483
SVK,2008,54.895930446636
SVK,2007,55.0707354484001
SVK,2006,55.2464278407442
SVK,2005,55.4189847597721
SVK,2004,55.5843833415875
SVK,2003,55.7386007222942
SVK,2002,55.8776140379959
SVK,2001,55.9968426739371
SVK,2000,56.1058893284907
SVK,1999,56.2168739353574
SVK,1998,56.3273931206821
SVK,1997,56.4343476181338
SVK,1996,56.5346381613813
SVK,1995,56.6251654840935
SVK,1994,56.7028303199392
SVK,1993,56.7645334025874
SVK,1992,56.807175465707
SVK,1991,56.8271887773122
SVK,1990,56.7967872243793
SVN,2025,55.9906997845822
SVN,2024,55.7577708405917
SVN,2023,55.5378927789875
SVN,2022,55.3377817873563
SVN,2021,55.3046289429588
SVN,2020,55.384391784668
SVN,2019,55.4523277282715
SVN,2018,55.1913430955675
SVN,2017,55.2451133728027
SVN,2016,53.647274017334
SVN,2015,53.6612160294144
SVN,2014,50.983470916748
SVN,2013,50.0466580754027
SVN,2012,49.7619476318359
SVN,2011,49.9463818748723
SVN,2010,50.1194862794826
SVN,2009,50.2439782050416
SVN,2008,50.3620036820409
SVN,2007,50.4707127083144
SVN,2006,50.5672552816963
SVN,2005,50.648781400021
SVN,2004,50.7124410611224
SVN,2003,50.7553842628349
SVN,2002,50.7744556266555
SVN,2001,50.7597503536323
SVN,2000,50.6975029797519
SVN,1999,50.6024207997953
SVN,1998,50.4899621472228
SVN,1997,50.3755853554947
SVN,1996,50.2747487580715
SVN,1995,50.2029106884133
SVN,1994,50.1755294799805
SVN,1993,50.3572006225586
SVN,1992,50.6631317138672
SVN,1991,50.527096993728
SVN,1990,50.5835609436035
SLB,2025,31.3093190325418
SLB,2024,30.6617188562194
SLB,2023,30.0088821088389
SLB,2022,29.3511689856806
SLB,2021,28.6889396820578
SLB,2020,28.0327555150022
SLB,2019,27.275106750276
SLB,2018,26.2946826684302
SLB,2017,25.3830535769599
SLB,2016,24.5047424399707
SLB,2015,23.6630502067213
SLB,2014,22.8612778264703
SLB,2013,22.1027262484765
SLB,2012,21.3906964219987
SLB,2011,20.7284892962955
SLB,2010,20.1194058206257
SLB,2009,19.5633740998673
SLB,2008,19.0370010521463
SLB,2007,18.5333445288467
SLB,2006,18.0540134013038
SLB,2005,17.6001415877737
SLB,2004,17.172863006512
SLB,2003,16.7733115757749
SLB,2002,16.4026212138182
SLB,2001,16.0619258388978
SLB,2000,15.7523593692696
SLB,1999,15.4759628886412
SLB,1998,15.2278000948096
SLB,1997,15.006256870651
SLB,1996,14.8055435746538
SLB,1995,14.620892263109
SLB,1994,14.4475349923074
SLB,1993,14.28070381854
SLB,1992,14.1156307980977
SLB,1991,13.9475479872714
SLB,1990,13.7716874423522
SOM,2025,55.1399062872976
SOM,2024,54.6176465524521
SOM,2023,54.0714435506882
SOM,2022,53.5010115886789
SOM,2021,52.9060649733324
SOM,2020,52.286318011754
SOM,2019,51.6421170703225
SOM,2018,50.9506215336872
SOM,2017,48.3639630032265
SOM,2016,45.942842729174
SOM,2015,43.8618107408479
SOM,2014,42.3515167236328
SOM,2013,41.2593474250273
SOM,2012,40.2722730087349
SOM,2011,39.380318284448
SOM,2010,38.5735080618592
SOM,2009,37.8418671506609
SOM,2008,37.1754203605454
SOM,2007,36.5641925012053
SOM,2006,35.9982083823331
SOM,2005,35.4674928136211
SOM,2004,34.9620706047618
SOM,2003,34.4719665654476
SOM,2002,33.9872055053711
SOM,2001,33.5128183866634
SOM,2000,33.0596136927225
SOM,1999,32.6262825151413
SOM,1998,32.2115159455126
SOM,1997,31.8140050754292
SOM,1996,31.4324409964838
SOM,1995,31.0655148002693
SOM,1994,30.7119175783784
SOM,1993,30.3703404224041
SOM,1992,30.0394744239389
SOM,1991,29.7180106745758
SOM,1990,29.4046402659076
ZAF,2025,63.8154011002522
ZAF,2024,63.6917984858172
ZAF,2023,63.5823705163545
ZAF,2022,63.4766699210327
ZAF,2021,63.4503925883909
ZAF,2020,63.4373088310982
ZAF,2019,63.4127255007908
ZAF,2018,63.3771545246841
ZAF,2017,63.3311078299936
ZAF,2016,63.2750973439347
ZAF,2015,63.2096349937231
ZAF,2014,63.1352327065742
ZAF,2013,63.0524024097034
ZAF,2012,62.9616560303263
ZAF,2011,62.850627754452
ZAF,2010,62.6299120560569
ZAF,2009,62.2592839131287
ZAF,2008,61.7692983894896
ZAF,2007,61.1840533154988
ZAF,2006,60.5276465215157
ZAF,2005,59.8241758378997
ZAF,2004,59.0977390950102
ZAF,2003,58.3724341232066
ZAF,2002,57.6723587528482
ZAF,2001,57.0014339378269
ZAF,2000,56.2589954883628
ZAF,1999,55.4408521794673
ZAF,1998,54.6562438276427
ZAF,1997,54.0040163031993
ZAF,1996,53.5749191516739
ZAF,1995,53.2962166180026
ZAF,1994,53.0838026074521
ZAF,1993,52.893505042748
ZAF,1992,52.6805094926402
ZAF,1991,52.4000015258789
ZAF,1990,51.9679908313922
SSD,2025,21.6843599017401
SSD,2024,21.3768190444906
SSD,2023,21.0737755279692
SSD,2022,20.7752121046616
SSD,2021,20.4811115270532
SSD,2020,20.1914565476286
SSD,2019,19.9062299188719
SSD,2018,19.6254143932663
SSD,2017,19.3489927232944
SSD,2016,19.0769476614377
SSD,2015,18.8092619601773
SSD,2014,18.5459183719929
SSD,2013,18.2868996493633
SSD,2012,18.0321885447664
SSD,2011,17.7817678106789
SSD,2010,17.535620199576
SSD,2009,17.2937284639317
SSD,2008,17.0301141193955
SSD,2007,16.9986889512954
SSD,2006,16.9509881842643
SSD,2005,16.8695760318857
SSD,2004,16.7569099090725
SSD,2003,16.6154472307377
SSD,2002,16.447645411794
SSD,2001,16.2559618671544
SSD,2000,16.0428540117317
SSD,1999,15.8107792604388
SSD,1998,15.5621950281887
SSD,1997,15.299558729894
SSD,1996,15.0253277804679
SSD,1995,14.741959594823
SSD,1994,14.4519115878723
SSD,1993,14.1628125972768
SSD,1992,13.8010477426381
SSD,1991,13.2785549213056
SSD,1990,12.6318078623073
ESP,2025,80.5149251039138
ESP,2024,80.315199821207
ESP,2023,80.128491001856
ESP,2022,79.9548794567814
ESP,2021,79.7846242983598
ESP,2020,79.6955674617799
ESP,2019,79.6349761108307
ESP,2018,79.5580057813361
ESP,2017,79.4663233085683
ESP,2016,79.3615955277997
ESP,2015,79.2454892743023
ESP,2014,79.1196713833488
ESP,2013,78.9858086902112
ESP,2012,78.8455680301618
ESP,2011,78.695397956495
ESP,2010,78.5138156234888
ESP,2009,78.2919921861701
ESP,2008,78.0421438998777
ESP,2007,77.7738937890987
ESP,2006,77.4968648783202
ESP,2005,77.2206801920294
ESP,2004,76.9549627547133
ESP,2003,76.709335590859
ESP,2002,76.4934217249538
ESP,2001,76.3156889510385
ESP,2000,76.1650552349602
ESP,1999,76.0330694840356
ESP,1998,75.9145056905294
ESP,1997,75.804258976453
ESP,1996,75.6972244638181
ESP,1995,75.588297274636
ESP,1994,75.4723725309182
ESP,1993,75.3443453546763
ESP,1992,75.1991108679216
ESP,1991,75.0307020244923
ESP,1990,74.8374358949045
LKA,2025,20.4501355167937
LKA,2024,20.2996997058686
LKA,2023,20.1455348442463
LKA,2022,19.9877933196367
LKA,2021,19.8266275195269
LKA,2020,19.6621898312161
LKA,2019,19.4946326418437
LKA,2018,19.3241083384127
LKA,2017,19.1507693078088
LKA,2016,18.9747679368162
LKA,2015,18.796256612131
LKA,2014,18.6153877203724
LKA,2013,18.4323136480916
LKA,2012,18.2617686748284
LKA,2011,17.7881192817964
LKA,2010,17.2486209380693
LKA,2009,16.7428136405592
LKA,2008,16.2762363395441
LKA,2007,15.8544279853018
LKA,2006,15.4829275281105
LKA,2005,15.167273918248
LKA,2004,14.9130061059922
LKA,2003,14.7256630416211
LKA,2002,14.6107836754127
LKA,2001,14.5739539539707
LKA,2000,14.6196895000898
LKA,1999,14.7436316733772
LKA,1998,14.9379455930521
LKA,1997,15.1948401614719
LKA,1996,15.5065242809941
LKA,1995,15.8652068539762
LKA,1994,16.2630967827755
LKA,1993,16.6924029697495
LKA,1992,17.1453343172557
LKA,1991,17.6140997276515
LKA,1990,18.0909081032944
KNA,2025,31.8987713138283
KNA,2024,31.795061903951
KNA,2023,31.7007809622822
KNA,2022,31.6156404983167
KNA,2021,31.5393525093972
KNA,2020,31.4716289738952
KNA,2019,31.4121818392285
KNA,2018,31.3607229995076
KNA,2017,31.3169642505921
KNA,2016,31.2806171906169
KNA,2015,31.2513929695583
KNA,2014,31.2290015317909
KNA,2013,31.2131485582887
KNA,2012,31.2035138804223
KNA,2011,31.2000648379646
KNA,2010,31.3056125693165
KNA,2009,31.4311032932653
KNA,2008,31.5615339709202
KNA,2007,31.6967077874804
KNA,2006,31.8364279281447
KNA,2005,31.9804975781124
KNA,2004,32.1287199225823
KNA,2003,32.2808981467536
KNA,2002,32.4368354358251
KNA,2001,32.5960599951138
KNA,2000,32.764294564989
KNA,1999,32.9466380234133
KNA,1998,33.1397511212637
KNA,1997,33.3399008645055
KNA,1996,33.543354259104
KNA,1995,33.7463783110243
KNA,1994,33.9452400262317
KNA,1993,34.1362064106915
KNA,1992,34.315544470369
KNA,1991,34.4786979982536
KNA,1990,34.6369138371462
LCA,2025,29.096571131107
LCA,2024,29.0973354237452
LCA,2023,29.0976313248036
LCA,2022,29.097678526676
LCA,2021,27.4443458949551
LCA,2020,25.7524386560998
LCA,2019,24.2476974658382
LCA,2018,22.9261241055144
LCA,2017,21.783720356472
LCA,2016,20.8164880000551
LCA,2015,20.0204288176073
LCA,2014,19.3915445904726
LCA,2013,18.9258370999948
LCA,2012,18.6193081275177
LCA,2011,18.4743479557314
LCA,2010,18.5125070971313
LCA,2009,18.9805947108213
LCA,2008,19.8192937163625
LCA,2007,20.9268897953144
LCA,2006,22.2016686292365
LCA,2005,23.5419158996884
LCA,2004,24.8459172882296
LCA,2003,26.0119584764195
LCA,2002,26.9383251458178
LCA,2001,27.5160334778671
LCA,2000,27.8532282391838
LCA,1999,28.1643646320887
LCA,1998,28.4550646075721
LCA,1997,28.7212347336928
LCA,1996,28.9587815785097
LCA,1995,29.1636117100817
LCA,1994,29.3316316964674
LCA,1993,29.4587481057258
LCA,1992,29.5408675059156
LCA,1991,29.5736982837359
LCA,1990,29.5389632139216
MAF,2025,100.0
MAF,2024,100.0
MAF,2023,100.0
MAF,2022,100.0
MAF,2021,100.0
MAF,2020,100.0
MAF,2019,100.0
MAF,2018,100.0
MAF,2017,100.0
MAF,2016,100.0
MAF,2015,100.0
MAF,2014,100.0
MAF,2013,100.0
MAF,2012,100.0
MAF,2011,100.0
MAF,2010,100.0
MAF,2009,100.0
MAF,2008,100.0
MAF,2007,100.0
MAF,2006,100.0
MAF,2005,100.0
MAF,2004,100.0
MAF,2003,100.0
MAF,2002,100.0
MAF,2001,100.0
MAF,2000,100.0
MAF,1999,100.0
MAF,1998,100.0
MAF,1997,100.0
MAF,1996,100.0
MAF,1995,100.0
MAF,1994,100.0
MAF,1993,100.0
MAF,1992,100.0
MAF,1991,100.0
MAF,1990,100.0
VCT,2025,47.9810480381821
VCT,2024,47.8487050456749
VCT,2023,47.7169922340041
VCT,2022,47.585897833353
VCT,2021,47.4554100739049
VCT,2020,47.3255171858432
VCT,2019,47.1962073993512
VCT,2018,47.0674689446123
VCT,2017,46.9392900518098
VCT,2016,46.8116589511271
VCT,2015,46.6845638727475
VCT,2014,46.5579930468544
VCT,2013,46.4319347036311
VCT,2012,46.3063114823836
VCT,2011,46.18402928344
VCT,2010,46.0626395961215
VCT,2009,45.9420760438477
VCT,2008,45.8223405756329
VCT,2007,45.7034351404912
VCT,2006,45.5853616874371
VCT,2005,45.4681221654846
VCT,2004,45.3517185236482
VCT,2003,45.236152710942
VCT,2002,45.1214266763803
VCT,2001,45.0076571524878
VCT,2000,44.8903114926141
VCT,1999,44.7664602420497
VCT,1998,44.6390594079879
VCT,1997,44.5111967229227
VCT,1996,44.3859599193481
VCT,1995,44.2664367297579
VCT,1994,44.155714886646
VCT,1993,44.0568821225065
VCT,1992,43.9730261698332
VCT,1991,43.9075600985447
VCT,1990,43.857023029613
SDN,2025,34.9349444966605
SDN,2024,34.8673015510839
SDN,2023,34.7960076976764
SDN,2022,34.7209852053086
SDN,2021,34.6421563427994
SDN,2020,34.5594433789246
SDN,2019,34.4727685824236
SDN,2018,34.382054222005
SDN,2017,34.2872225663509
SDN,2016,34.1881958841213
SDN,2015,34.0914394628597
SDN,2014,33.7624582408117
SDN,2013,33.4264777958103
SDN,2012,33.1425561614901
SDN,2011,32.9059760141986
SDN,2010,32.7174026591513
SDN,2009,32.5774622972843
SDN,2008,32.4816230749746
SDN,2007,32.4759528252296
SDN,2006,32.4702930558327
SDN,2005,32.4603150404146
SDN,2004,32.4459598296403
SDN,2003,32.4271684741748
SDN,2002,32.4038820246832
SDN,2001,32.3760415318304
SDN,2000,32.3435880462815
SDN,1999,32.3064626187016
SDN,1998,32.2646062997555
SDN,1997,32.2179601401085
SDN,1996,32.1664651904255
SDN,1995,32.1100625013715
SDN,1994,32.0486931236115
SDN,1993,31.9884478944617
SDN,1992,31.7438179745549
SDN,1991,31.0353531909027
SDN,1990,29.9502388129759
SUR,2025,65.7886836406706
SUR,2024,65.7641857200885
SUR,2023,65.7562408447266
SUR,2022,65.8985443115234
SUR,2021,65.9853973388672
SUR,2020,66.00830078125
SUR,2019,66.0370492311305
SUR,2018,66.0693060442846
SUR,2017,66.1046467051207
SUR,2016,66.1426466980469
SUR,2015,66.1828815074718
SUR,2014,66.2249266178037
SUR,2013,66.2683575134509
SUR,2012,66.3132562693376
SUR,2011,66.3675227342307
SUR,2010,66.4338443691967
SUR,2009,66.5058869102882
SUR,2008,66.5776961831642
SUR,2007,66.6433180134835
SUR,2006,66.6967982269052
SUR,2005,66.7321826490881
SUR,2004,66.743604713168
SUR,2003,66.7404073281911
SUR,2002,66.7320549534773
SUR,2001,66.718959290312
SUR,2000,66.7015222141811
SUR,1999,66.680145600571
SUR,1998,66.6552313249677
SUR,1997,66.6271812628574
SUR,1996,66.5963972897263
SUR,1995,66.5632812810604
SUR,1994,66.5282351123459
SUR,1993,66.491660659069
SUR,1992,66.4539597967158
SUR,1991,66.4155344007725
SUR,1990,66.3767863467252
SWE,2025,89.0778677789555
SWE,2024,88.8559748346228
SWE,2023,88.631216160938
SWE,2022,88.4038576504809
SWE,2021,88.1741651958315
SWE,2020,87.9424046895699
SWE,2019,87.7088420242759
SWE,2018,87.4737430925296
SWE,2017,87.237373786911
SWE,2016,87.0
SWE,2015,86.6158654081858
SWE,2014,86.2563838747314
SWE,2013,85.9249771259894
SWE,2012,85.6250668883122
SWE,2011,85.3600748880524
SWE,2010,85.1334228515625
SWE,2009,84.9341031919813
SWE,2008,84.7517366727063
SWE,2007,84.5906875454778
SWE,2006,84.4553200620359
SWE,2005,84.3499984741211
SWE,2004,84.2670710494849
SWE,2003,84.1954289653543
SWE,2002,84.1342508376823
SWE,2001,84.0827152824223
SWE,2000,84.0400009155273
SWE,1999,84.00779688509
SWE,1998,83.9840819295031
SWE,1997,83.96246905017
SWE,1996,83.9365712484942
SWE,1995,83.9000015258789
SWE,1994,83.8312298868944
SWE,1993,83.7269008050895
SWE,1992,83.6078889853357
SWE,1991,83.4950691325043
SWE,1990,83.4041730411294
CHE,2025,85.7272157802756
CHE,2024,85.4615370020764
CHE,2023,85.1854212679815
CHE,2022,84.9206266284521
CHE,2021,84.2006477608879
CHE,2020,82.3416838515457
CHE,2019,80.7792907322229
CHE,2018,79.2922201625844
CHE,2017,77.9126273688843
CHE,2016,76.6726675773771
CHE,2015,75.6044960143169
CHE,2014,74.7402679059582
CHE,2013,74.1121384785551
CHE,2012,73.7522629583622
CHE,2011,73.65058748615
CHE,2010,73.6086716419323
CHE,2009,73.5741230920283
CHE,2008,73.5482927401305
CHE,2007,73.5283795081459
CHE,2006,73.5115823179813
CHE,2005,73.4951000915434
CHE,2004,73.4761317507392
CHE,2003,73.4518762174754
CHE,2002,73.4195324136588
CHE,2001,73.3762992611964
CHE,2000,73.302430524727
CHE,1999,73.1362140280151
CHE,1998,72.8556433017258
CHE,1997,72.4834259015645
CHE,1996,72.0359167090865
CHE,1995,71.5294706058473
CHE,1994,70.9804424734025
CHE,1993,70.4051871933076
CHE,1992,69.820059647118
CHE,1991,69.2414147163891
CHE,1990,68.6623855629981
SYR,2025,72.0836286208518
SYR,2024,72.0761345758254
SYR,2023,72.1673803143204
SYR,2022,72.6124992370605
SYR,2021,73.0125007629395
SYR,2020,73.4125031102512
SYR,2019,73.8248788261986
SYR,2018,74.0612602381775
SYR,2017,74.5395596323392
SYR,2016,75.15400963398
SYR,2015,75.7529067188542
SYR,2014,76.0
SYR,2013,73.0620491886137
SYR,2012,65.0896662830335
SYR,2011,58.4817704183521
SYR,2010,55.6962002889119
SYR,2009,55.0293653833552
SYR,2008,54.5858464394493
SYR,2007,54.2883969431774
SYR,2006,54.059770380523
SYR,2005,53.8227202374695
SYR,2004,53.5
SYR,2003,53.1024010548332
SYR,2002,52.6957745699164
SYR,2001,52.2854637030759
SYR,2000,51.876811612138
SYR,1999,51.4751614549293
SYR,1998,51.085856389276
SYR,1997,50.7142395730045
SYR,1996,50.3656541639413
SYR,1995,50.0454433199127
SYR,1994,49.7587435362079
SYR,1993,49.5009544172498
SYR,1992,49.2650458476971
SYR,1991,49.0471498206329
SYR,1990,48.8433810968973
TJK,2025,26.16476270853
TJK,2024,26.1788063651548
TJK,2023,26.1890127571429
TJK,2022,26.1957126615618
TJK,2021,26.1991525151375
TJK,2020,26.1925442328719
TJK,2019,26.1300735473633
TJK,2018,26.2338752746582
TJK,2017,26.2731513977051
TJK,2016,26.3718509674072
TJK,2015,26.478832244873
TJK,2014,26.5633735656738
TJK,2013,26.4883155822754
TJK,2012,26.4102249145508
TJK,2011,26.4792213439941
TJK,2010,26.5274312963978
TJK,2009,26.529186594207
TJK,2008,26.5306015116451
TJK,2007,26.5315339938424
TJK,2006,26.5321180842215
TJK,2005,26.5324878262051
TJK,2004,26.5327772632159
TJK,2003,26.5331204386766
TJK,2002,26.5336513960096
TJK,2001,26.5345041786379
TJK,2000,26.5355104669232
TJK,1999,26.5734242965209
TJK,1998,26.8051784145572
TJK,1997,27.2166948515698
TJK,1996,27.769317170259
TJK,1995,28.4243889333252
TJK,1994,29.1432537034689
TJK,1993,29.8872550433905
TJK,1992,30.6177365157904
TJK,1991,31.2960416833691
TJK,1990,31.8835141088268
TZA,2025,36.8833115936643
TZA,2024,36.1684458862992
TZA,2023,35.4748019434954
TZA,2022,34.8234736377147
TZA,2021,34.3500111758619
TZA,2020,33.8547246036273
TZA,2019,33.3475258518752
TZA,2018,32.8287423010834
TZA,2017,32.2987013317296
TZA,2016,31.7577303242916
TZA,2015,31.2061566592472
TZA,2014,30.6443077170742
TZA,2013,30.0725108782502
TZA,2012,29.4878764597911
TZA,2011,28.865726405543
TZA,2010,28.1968953939105
TZA,2009,27.498387547781
TZA,2008,26.7851328989335
TZA,2007,26.0720614791471
TZA,2006,25.3741033202009
TZA,2005,24.7061884538741
TZA,2004,24.0832469119457
TZA,2003,23.5202087261949
TZA,2002,23.0306918214565
TZA,2001,22.5963228653037
TZA,2000,22.1944164040635
TZA,1999,21.8208464156511
TZA,1998,21.4707357691933
TZA,1997,21.1392073338172
TZA,1996,20.8213839786497
TZA,1995,20.5123885728178
TZA,1994,20.2073439854484
TZA,1993,19.9013730856684
TZA,1992,19.589598742605
TZA,1991,19.2671438253849
TZA,1990,18.9291312031352
THA,2025,62.7993377136296
THA,2024,61.8689338391321
THA,2023,60.9341926574707
THA,2022,59.742374420166
THA,2021,58.5087776184082
THA,2020,57.2358779907227
THA,2019,55.9266166687012
THA,2018,54.5843734741211
THA,2017,49.2311973571777
THA,2016,47.8801095551247
THA,2015,46.9521043776171
THA,2014,46.3138799467897
THA,2013,45.8321343847773
THA,2012,45.373565813715
THA,2011,44.8048723557374
THA,2010,44.0018736622496
THA,2009,42.9991311200422
THA,2008,41.8954507430475
THA,2007,40.7036878697821
THA,2006,39.4424037014582
THA,2005,38.1301594392881
THA,2004,36.785516284484
THA,2003,35.4270354382579
THA,2002,34.0732781018222
THA,2001,32.7428054763889
THA,2000,31.4626212652205
THA,1999,30.1568149999886
THA,1998,28.7216489344742
THA,1997,27.1975244444636
THA,1996,25.6410878617897
THA,1995,24.1089855182854
THA,1994,22.6578637457835
THA,1993,21.344368876117
THA,1992,20.2251472411188
THA,1991,19.3568451726218
THA,1990,18.8071480847314
TLS,2025,28.7864318960935
TLS,2024,28.6641074179574
TLS,2023,28.595471832952
TLS,2022,28.5857292288968
TLS,2021,28.7927371734472
TLS,2020,28.9619049897647
TLS,2019,29.1148755245217
TLS,2018,29.248617510057
TLS,2017,29.3600996787092
TLS,2016,29.4462907628171
TLS,2015,29.5043315008419
TLS,2014,29.5463092024041
TLS,2013,29.5836906253246
TLS,2012,29.6136082349605
TLS,2011,29.633352306451
TLS,2010,29.6398840020416
TLS,2009,29.4007657042596
TLS,2008,28.8076745459306
TLS,2007,28.0011655196859
TLS,2006,27.121697883382
TLS,2005,26.3097308948751
TLS,2004,25.7040830077802
TLS,2003,25.2611540807581
TLS,2002,24.8506108883184
TLS,2001,24.469641672156
TLS,2000,24.1139427164365
TLS,1999,23.7792103053254
TLS,1998,23.461140722988
TLS,1997,23.1554302535899
TLS,1996,22.8577751812964
TLS,1995,22.5638717902731
TLS,1994,22.2694163646854
TLS,1993,21.9701051886988
TLS,1992,21.6616345464787
TLS,1991,21.3397007221907
TLS,1990,21.0
TGO,2025,44.3949892074399
TGO,2024,43.8148491605996
TGO,2023,43.2496853032436
TGO,2022,42.7332327975627
TGO,2021,42.3105904515122
TGO,2020,41.8781527268075
TGO,2019,41.445731197295
TGO,2018,41.013328267781
TGO,2017,40.5809463430719
TGO,2016,40.1485878279739
TGO,2015,39.7162551272934
TGO,2014,39.2839506458368
TGO,2013,38.8516767884103
TGO,2012,38.4194359598204
TGO,2011,37.9872305648732
TGO,2010,37.5545882975638
TGO,2009,37.1195037247939
TGO,2008,36.6808327233827
TGO,2007,36.2392154091353
TGO,2006,35.795057579151
TGO,2005,35.3487650305291
TGO,2004,34.9007435603688
TGO,2003,34.4513989657696
TGO,2002,34.0011370438307
TGO,2001,33.5503635916513
TGO,2000,33.0994844063309
TGO,1999,32.6489052849687
TGO,1998,32.199032024664
TGO,1997,31.750270422516
TGO,1996,31.3030262756242
TGO,1995,30.8577053810879
TGO,1994,30.4147135360062
TGO,1993,29.9744565374785
TGO,1992,29.5373401826042
TGO,1991,29.1037702684825
TGO,1990,28.6741525922127
TON,2025,21.1561406217448
TON,2024,21.1505271125521
TON,2023,21.147944541337
TON,2022,21.147219451842
TON,2021,21.258003897665
TON,2020,21.8766206823411
TON,2019,22.3288155626206
TON,2018,22.7017138925547
TON,2017,22.9711300654966
TON,2016,23.1277038505921
TON,2015,23.2434422818439
TON,2014,23.3431040935971
TON,2013,23.4170795020344
TON,2012,23.4589062635692
TON,2011,23.46075468367
TON,2010,23.4243619099178
TON,2009,23.3612068183251
TON,2008,23.2889000757567
TON,2007,23.2239976577967
TON,2006,23.1801421282521
TON,2005,23.1473956500293
TON,2004,23.1191794451059
TON,2003,23.0943621775072
TON,2002,23.071428585567
TON,2001,23.0488634076195
TON,2000,23.0251513819988
TON,1999,22.998777247039
TON,1998,22.9682257410741
TON,1997,22.9319816024383
TON,1996,22.8856927807696
TON,1995,22.8203499530649
TON,1994,22.7314128227714
TON,1993,22.6228339673977
TON,1992,22.4972363831331
TON,1991,22.3572430661665
TON,1990,22.205477012687
TTO,2025,53.9696087417106
TTO,2024,53.961056681951
TTO,2023,53.9536842104572
TTO,2022,53.9474037904998
TTO,2021,53.9421278853848
TTO,2020,53.9377689584806
TTO,2019,53.9342394732739
TTO,2018,53.9314518934907
TTO,2017,53.9293186833833
TTO,2016,53.9277523084951
TTO,2015,53.926665238022
TTO,2014,53.9259699537793
TTO,2013,53.9255789963372
TTO,2012,53.9254053431618
TTO,2011,53.9253615474727
TTO,2010,54.0899565963587
TTO,2009,54.3920297229449
TTO,2008,54.6761864235364
TTO,2007,54.9393004563973
TTO,2006,55.1782455797922
TTO,2005,55.3898955519853
TTO,2004,55.5711241312409
TTO,2003,55.7188050758235
TTO,2002,55.8298121439974
TTO,2001,55.9010190940268
TTO,2000,55.9291468285602
TTO,1999,55.9221378497883
TTO,1998,55.8952417414289
TTO,1997,55.8490234420447
TTO,1996,55.7836876407195
TTO,1995,55.6994390265373
TTO,1994,55.5964822885821
TTO,1993,55.4750221159377
TTO,1992,55.3352631976883
TTO,1991,55.1774102229177
TTO,1990,55.0016678807098
TUN,2025,70.7029326009864
TUN,2024,70.3585355691955
TUN,2023,70.0266686486584
TUN,2022,69.707138648303
TUN,2021,69.3997523770568
TUN,2020,69.1043166438476
TUN,2019,68.8206382576031
TUN,2018,68.5485240272509
TUN,2017,68.2877807617188
TUN,2016,68.0623356528248
TUN,2015,67.8807907104492
TUN,2014,67.7524643379101
TUN,2013,67.4999542236328
TUN,2012,67.2098922729492
TUN,2011,66.9191886197857
TUN,2010,66.6280059814453
TUN,2009,66.3362197875977
TUN,2008,66.0676053984361
TUN,2007,65.8000030517578
TUN,2006,65.5209809651521
TUN,2005,65.2340901739004
TUN,2004,64.9272741461338
TUN,2003,64.6055972687544
TUN,2002,64.2822554892505
TUN,2001,63.9541757453358
TUN,2000,63.6166653822584
TUN,1999,63.2650317452664
TUN,1998,62.8945821796079
TUN,1997,62.5006240305309
TUN,1996,62.0784646432836
TUN,1995,61.623411363114
TUN,1994,61.1336959993493
TUN,1993,60.5537528217035
TUN,1992,59.8253634803163
TUN,1991,58.9804822227365
TUN,1990,58.0567159911676
TUR,2025,89.494060002186
TUR,2024,89.3443122873887
TUR,2023,89.0218446796121
TUR,2022,89.0381164550781
TUR,2021,89.1762048153239
TUR,2020,88.9303114965222
TUR,2019,88.6618152857124
TUR,2018,88.1655749576173
TUR,2017,88.0320472717286
TUR,2016,88.1020958581776
TUR,2015,87.2167107972537
TUR,2014,83.6024850744433
TUR,2013,78.5218368384696
TUR,2012,73.7788680234324
TUR,2011,71.0028723528334
TUR,2010,69.3471253941487
TUR,2009,67.8401432171223
TUR,2008,66.513650890377
TUR,2007,65.3389618154687
TUR,2006,64.2873893939536
TUR,2005,63.3302470273874
TUR,2004,62.4388481173262
TUR,2003,61.5845060653258
TUR,2002,60.7385342729423
TUR,2001,59.8722461417316
TUR,2000,58.9706120006403
TUR,1999,58.0972766357343
TUR,1998,57.2901857314518
TUR,1997,56.5266669756207
TUR,1996,55.7904438860013
TUR,1995,55.0652399803539
TUR,1994,54.3347787764387
TUR,1993,53.5827837920161
TUR,1992,52.7929785448463
TUR,1991,51.9490865526896
TUR,1990,51.0313960347918
TKM,2025,47.1053608253747
TKM,2024,47.0875253910294
TKM,2023,47.0678875054171
TKM,2022,47.0592103414926
TKM,2021,47.0581410301711
TKM,2020,47.0546961907259
TKM,2019,47.0494562466485
TKM,2018,47.0423948717765
TKM,2017,47.0334857399476
TKM,2016,47.0227025249994
TKM,2015,47.0100189007695
TKM,2014,46.9954085410955
TKM,2013,46.9788451198152
TKM,2012,46.9603023107661
TKM,2011,46.9397537877858
TKM,2010,46.9171732247121
TKM,2009,46.8925342953825
TKM,2008,46.8658106736347
TKM,2007,46.8369760333063
TKM,2006,46.8060040482349
TKM,2005,46.7728683922582
TKM,2004,46.7375427392139
TKM,2003,46.7000007629395
TKM,2002,46.5924846062154
TKM,2001,46.3715562022892
TKM,2000,46.0736689106993
TKM,1999,45.735276090984
TKM,1998,45.3928311026819
TKM,1997,45.0827873053312
TKM,1996,44.8415980584705
TKM,1995,44.7104145330766
TKM,1994,44.6942987480715
TKM,1993,44.7333631747595
TKM,1992,44.802815831344
TKM,1991,44.8948092738727
TKM,1990,45.0014960583936
TCA,2025,94.3959450720822
TCA,2024,94.1670917861964
TCA,2023,93.9324513656818
TCA,2022,93.6922471653237
TCA,2021,93.4467025398547
TCA,2020,93.1960408439605
TCA,2019,92.9404854322845
TCA,2018,92.6802596594323
TCA,2017,92.4155868799755
TCA,2016,92.1466904484552
TCA,2015,91.8737937193851
TCA,2014,91.5971200472541
TCA,2013,91.3168927865286
TCA,2012,91.0352667584286
TCA,2011,90.7312950817828
TCA,2010,90.3748294690201
TCA,2009,89.9678368353804
TCA,2008,89.5140091795268
TCA,2007,89.0170385001222
TCA,2006,88.4806167958296
TCA,2005,87.908436065312
TCA,2004,87.3041883072325
TCA,2003,86.671565520254
TCA,2002,86.0142597030394
TCA,2001,85.3337963668196
TCA,2000,84.6139434685266
TCA,1999,83.8386551793763
TCA,1998,83.0088932086415
TCA,1997,82.124132153642
TCA,1996,81.1838466116978
TCA,1995,80.1875111801289
TCA,1994,79.1346004562551
TCA,1993,78.0245890373966
TCA,1992,76.8569515208731
TCA,1991,75.6311625040046
TCA,1990,74.3523565053289
TUV,2025,65.4480709525093
TUV,2024,64.7254793441291
TUV,2023,64.0117206689787
TUV,2022,63.3065768081154
TUV,2021,62.6098296425994
TUV,2020,61.9212610534937
TUV,2019,61.2406529218636
TUV,2018,60.5596409590777
TUV,2017,59.9531274910912
TUV,2016,59.4744768348285
TUV,2015,58.9148502652344
TUV,2014,58.2999596618832
TUV,2013,57.6314336806359
TUV,2012,56.8964903305448
TUV,2011,56.0428770356731
TUV,2010,55.0541326559964
TUV,2009,53.9728070033742
TUV,2008,52.8338644492855
TUV,2007,51.6722693652096
TUV,2006,50.5229861226256
TUV,2005,49.4209790930126
TUV,2004,48.4012126478499
TUV,2003,47.4986511586165
TUV,2002,46.7435481854875
TUV,2001,46.0920220655498
TUV,2000,45.5119494377121
TUV,1999,44.9854336320122
TUV,1998,44.494793459459
TUV,1997,44.0223477310614
TUV,1996,43.5504152578283
TUV,1995,43.0613148507687
TUV,1994,42.5373653208915
TUV,1993,41.9608854792056
TUV,1992,41.3141941367199
TUV,1991,40.5636816628167
TUV,1990,39.6648377303813
UGA,2025,31.9399557536617
UGA,2024,31.2777698213557
UGA,2023,30.6059359395495
UGA,2022,29.9251969709665
UGA,2021,29.2362957789022
UGA,2020,28.5399752271502
UGA,2019,27.8369781799403
UGA,2018,27.1280475018884
UGA,2017,26.4139260579546
UGA,2016,25.6953567134098
UGA,2015,24.9777856560427
UGA,2014,24.1938503391826
UGA,2013,22.7367659239271
UGA,2012,21.372369321253
UGA,2011,20.0561028736631
UGA,2010,18.7990645544572
UGA,2009,17.6123523369348
UGA,2008,16.5070641943955
UGA,2007,15.494298100139
UGA,2006,14.5851520274647
UGA,2005,13.7907239496723
UGA,2004,13.1221118400615
UGA,2003,12.5904136719317
UGA,2002,12.202793574555
UGA,2001,11.9013889740088
UGA,2000,11.6414758125187
UGA,1999,11.4173129535746
UGA,1998,11.2213607656387
UGA,1997,11.0460796171733
UGA,1996,10.8839298766407
UGA,1995,10.7273719125031
UGA,1994,10.5688660932226
UGA,1993,10.4008727872617
UGA,1992,10.2158523630824
UGA,1991,10.0053233054698
UGA,1990,9.76236043110886
UKR,2025,69.5954924645764
UKR,2024,69.5315643200148
UKR,2023,69.4754455027606
UKR,2022,69.42345912103
UKR,2021,69.4027032653896
UKR,2020,69.3839100516745
UKR,2019,69.3527648708735
UKR,2018,69.3157992777909
UKR,2017,69.2633108489282
UKR,2016,69.2102241609089
UKR,2015,69.1587317201337
UKR,2014,69.0554339301313
UKR,2013,68.9326288082226
UKR,2012,68.8241983107739
UKR,2011,68.7234299826222
UKR,2010,68.637397133357
UKR,2009,68.5251442249547
UKR,2008,68.3752085755346
UKR,2007,68.2102322372037
UKR,2006,68.0293347798948
UKR,2005,67.8136046317755
UKR,2004,67.5970968423685
UKR,2003,67.419679868405
UKR,2002,67.2672733350904
UKR,2001,67.2749805493459
UKR,2000,67.403857296906
UKR,1999,67.4811633424084
UKR,1998,67.5546753434196
UKR,1997,67.6298703351538
UKR,1996,67.7194202781316
UKR,1995,67.8409658081403
UKR,1994,67.9169130547952
UKR,1993,67.9179660907452
UKR,1992,67.8603420916046
UKR,1991,67.6912828510751
UKR,1990,67.4111923982858
ARE,2025,85.9617641324017
ARE,2024,85.8171088279791
ARE,2023,85.6680699002526
ARE,2022,85.5147347682487
ARE,2021,85.3571908511355
ARE,2020,85.1955255681984
ARE,2019,85.0298263388195
ARE,2018,84.8601805824625
ARE,2017,84.686675718659
ARE,2016,84.5093991669984
ARE,2015,84.3284383471193
ARE,2014,84.1438806787019
ARE,2013,83.9558135814626
ARE,2012,83.7643244751488
ARE,2011,83.5695007795347
ARE,2010,83.3714299144178
ARE,2009,83.1701992996163
ARE,2008,82.9658963549658
ARE,2007,82.758608500318
ARE,2006,82.5588968646829
ARE,2005,82.2122832763517
ARE,2004,81.4729199268812
ARE,2003,80.8489432668434
ARE,2002,80.2705602850306
ARE,2001,79.7469002624215
ARE,2000,79.287092479995
ARE,1999,78.9002662187301
ARE,1998,78.5955507596055
ARE,1997,78.3820753836003
ARE,1996,78.2689693716933
ARE,1995,78.2578079598212
ARE,1994,78.2891342501676
ARE,1993,78.3519240018627
ARE,1992,78.4413740139383
ARE,1991,78.5538626919677
ARE,1990,78.6857684415241
GBR,2025,83.323608078271
GBR,2024,83.2429544416085
GBR,2023,83.1601932891335
GBR,2022,83.0753982997505
GBR,2021,82.9886431523641
GBR,2020,82.9000015258789
GBR,2019,82.6699420738913
GBR,2018,82.4465657551295
GBR,2017,82.23065673273
GBR,2016,82.0229991698295
GBR,2015,81.8243772295647
GBR,2014,81.6355750750722
GBR,2013,81.4573768694887
GBR,2012,81.2905667759508
GBR,2011,81.1359685592627
GBR,2010,80.995165116277
GBR,2009,80.8692180088478
GBR,2008,80.7547673906116
GBR,2007,80.6483331957387
GBR,2006,80.5464353583991
GBR,2005,80.4455938127627
GBR,2004,80.3423284929998
GBR,2003,80.2331593332802
GBR,2002,80.1146062677742
GBR,2001,79.9838301298823
GBR,2000,79.8241408315172
GBR,1999,79.6225538394017
GBR,1998,79.391563988228
GBR,1997,79.1448635770901
GBR,1996,78.8961449050823
GBR,1995,78.6591002712985
GBR,1994,78.4474219748331
GBR,1993,78.2748023147801
GBR,1992,78.1549335902337
GBR,1991,78.1020654236402
GBR,1990,78.1091783885209
USA,2025,80.1921733027869
USA,2024,80.1247798047184
USA,2023,80.071561119178
USA,2022,80.0324978239707
USA,2021,80.0074765140272
USA,2020,79.997451762548
USA,2019,80.1304793353594
USA,2018,80.2804567987377
USA,2017,80.4018678392891
USA,2016,80.4976645324131
USA,2015,80.5707989535091
USA,2014,80.6242231779766
USA,2013,80.660889281215
USA,2012,80.6837493386238
USA,2011,80.6957554256024
USA,2010,80.6997744673366
USA,2009,80.6850378350499
USA,2008,80.6219682896606
USA,2007,80.5153172872016
USA,2006,80.3713066436159
USA,2005,80.1961581748464
USA,2004,79.9960936968363
USA,2003,79.7773350255284
USA,2002,79.5461039768657
USA,2001,79.3086223667912
USA,2000,79.0740897861327
USA,1999,78.812318408817
USA,1998,78.4785364495296
USA,1997,78.0855804195199
USA,1996,77.6523401060025
USA,1995,77.1977052961919
USA,1994,76.7405657773027
USA,1993,76.2998113365493
USA,1992,75.8943317611462
USA,1991,75.543016838308
USA,1990,75.2685508261939
URY,2025,95.6537192104085
URY,2024,95.5981951588181
URY,2023,95.5439605712891
URY,2022,95.4977416992188
URY,2021,95.4497146606445
URY,2020,95.3997650146484
URY,2019,95.3479309082031
URY,2018,95.2942581176758
URY,2017,95.2288235732042
URY,2016,95.1585424955685
URY,2015,95.0800002298303
URY,2014,94.9897821210514
URY,2013,94.8844735142936
URY,2012,94.7606597546186
URY,2011,94.6036824756941
URY,2010,94.3333219475319
URY,2009,93.9337324320314
URY,2008,93.45975578621
URY,2007,92.9603688038713
URY,2006,92.4845482788191
URY,2005,92.0812710048572
URY,2004,91.8009434091917
URY,2003,91.6260094228609
URY,2002,91.4886084712534
URY,2001,91.3759250620534
URY,2000,91.2769768173566
URY,1999,91.1807813592588
URY,1998,91.0763563098556
URY,1997,90.9527192912429
URY,1996,90.7987169022654
URY,1995,90.6034292163637
URY,1994,90.364725438899
URY,1993,90.0885354831698
URY,1992,89.780655787039
URY,1991,89.4468827883698
URY,1990,89.0930129250252
UZB,2025,51.0173495084299
UZB,2024,50.9986686706543
UZB,2023,50.9964841114568
UZB,2022,50.9847412109375
UZB,2021,50.9269905090332
UZB,2020,50.7670402526855
UZB,2019,50.5920104980469
UZB,2018,50.5814971923828
UZB,2017,50.6787376403809
UZB,2016,50.6572189331055
UZB,2015,50.6597328186035
UZB,2014,50.8868713378906
UZB,2013,51.1276969909668
UZB,2012,51.3359680175781
UZB,2011,51.3395500183105
UZB,2010,51.3321647644043
UZB,2009,51.6105041503906
UZB,2008,51.7943572998047
UZB,2007,51.7087010288873
UZB,2006,51.4638817209862
UZB,2005,51.0781236333777
UZB,2004,50.5696510233382
UZB,2003,49.9566881481443
UZB,2002,49.2574592650723
UZB,2001,48.4901886313987
UZB,2000,47.6731005044
UZB,1999,46.8244191413524
UZB,1998,45.9623687995325
UZB,1997,45.1051737362168
UZB,1996,44.2710582086815
UZB,1995,43.4782464742032
UZB,1994,42.7449627900584
UZB,1993,42.0894314135234
UZB,1992,41.5298766018746
UZB,1991,41.0845226123885
UZB,1990,40.7715937023416
VUT,2025,22.3219888836722
VUT,2024,22.2866933360645
VUT,2023,22.2651966823901
VUT,2022,22.2541249733107
VUT,2021,22.2501822422475
VUT,2020,22.4186852094794
VUT,2019,23.5024668917075
VUT,2018,24.2729727045038
VUT,2017,24.7644441456437
VUT,2016,24.8654875642873
VUT,2015,24.8626945764242
VUT,2014,24.8549637694775
VUT,2013,24.8407362750263
VUT,2012,24.8183551383933
VUT,2011,24.7861634049013
VUT,2010,24.742504119873
VUT,2009,24.2861753285463
VUT,2008,23.9280261965467
VUT,2007,23.5955155378332
VUT,2006,23.2888338847199
VUT,2005,23.0020186653551
VUT,2004,22.7291073078871
VUT,2003,22.4641372404641
VUT,2002,22.2011458912344
VUT,2001,21.9341706883464
VUT,2000,21.6572490599483
VUT,1999,21.3677585605054
VUT,1998,21.0789121810505
VUT,1997,20.7971872722147
VUT,1996,20.5187038440851
VUT,1995,20.2407963936871
VUT,1994,19.9607994180462
VUT,1993,19.676047414188
VUT,1992,19.383874879138
VUT,1991,19.0816163099217
VUT,1990,18.7666062035645
VEN,2025,89.3219112298988
VEN,2024,89.285859883201
VEN,2023,89.249627620225
VEN,2022,89.2132204732836
VEN,2021,89.1766444746891
VEN,2020,89.1399056567545
VEN,2019,89.1030100517924
VEN,2018,89.0659636921159
VEN,2017,89.0287726100378
VEN,2016,88.9914428378712
VEN,2015,88.9539804079292
VEN,2014,88.9163913525251
VEN,2013,88.8786817039721
VEN,2012,88.8401868543141
VEN,2011,88.8079278904659
VEN,2010,88.8026372923982
VEN,2009,88.7865574027187
VEN,2008,88.7615723567652
VEN,2007,88.7282308562487
VEN,2006,88.6870816028803
VEN,2005,88.638673298371
VEN,2004,88.5835546444319
VEN,2003,88.522274342774
VEN,2002,88.4553810951083
VEN,2001,88.372774123042
VEN,2000,88.219476430842
VEN,1999,87.9708821733583
VEN,1998,87.6459206250794
VEN,1997,87.2585953115854
VEN,1996,86.8229097584563
VEN,1995,86.352867491272
VEN,1994,85.8624720356125
VEN,1993,85.3657269170578
VEN,1992,84.8766356611879
VEN,1991,84.4092017935829
VEN,1990,83.9741022430344
VNM,2025,38.8299160351294
VNM,2024,38.4900703430176
VNM,2023,38.1298904418945
VNM,2022,37.5478515625
VNM,2021,36.6540656426603
VNM,2020,35.5706676299742
VNM,2019,34.6239134999511
VNM,2018,33.9410227821412
VNM,2017,33.3625963003742
VNM,2016,32.8476189285136
VNM,2015,32.3810945365679
VNM,2014,31.9480269945454
VNM,2013,31.5334201724543
VNM,2012,31.1222779403029
VNM,2011,30.6996041680996
VNM,2010,30.2504027258526
VNM,2009,29.7581347355675
VNM,2008,29.2198330128693
VNM,2007,28.6456370509099
VNM,2006,28.0458290558422
VNM,2005,27.4285898187702
VNM,2004,26.8021001307977
VNM,2003,26.1745407830283
VNM,2002,25.5540925665659
VNM,2001,24.9489362725143
VNM,2000,24.3672526919772
VNM,1999,23.8212278892522
VNM,1998,23.2768490668943
VNM,1997,22.6883281488073
VNM,1996,22.072511130796
VNM,1995,21.4538464600183
VNM,1994,20.8567825836322
VNM,1993,20.3057679487956
VNM,1992,19.8252510026665
VNM,1991,19.4396801924029
VNM,1990,19.1735039651626
VIR,2025,95.388579075538
VIR,2024,95.3312197036061
VIR,2023,95.2740790945924
VIR,2022,95.2171514724412
VIR,2021,95.1604310610968
VIR,2020,95.0974024521293
VIR,2019,95.0857481413049
VIR,2018,95.0676784538999
VIR,2017,95.0366785523929
VIR,2016,94.9941093874829
VIR,2015,94.9413319098685
VIR,2014,94.8797070702488
VIR,2013,94.8105958193224
VIR,2012,94.7353591077883
VIR,2011,94.6553578863453
VIR,2010,94.5724392667003
VIR,2009,94.4814990349105
VIR,2008,94.3718227372483
VIR,2007,94.2409825406024
VIR,2006,94.0875454279337
VIR,2005,93.9100783822029
VIR,2004,93.7071483863705
VIR,2003,93.4773224233974
VIR,2002,93.2191674762441
VIR,2001,92.9312505278715
VIR,2000,92.6234446497486
VIR,1999,92.1172823663661
VIR,1998,91.1243754495017
VIR,1997,89.6650798182152
VIR,1996,87.7869040024597
VIR,1995,85.5373565321881
VIR,1994,82.9639459373535
VIR,1993,80.1141807479089
VIR,1992,77.0355694938073
VIR,1991,73.7756207050017
VIR,1990,70.3818429114451
PSE,2025,87.3818962963393
PSE,2024,87.1196014117004
PSE,2023,86.8576870415886
PSE,2022,86.5961423216016
PSE,2021,86.334956387337
PSE,2020,86.0741183743925
PSE,2019,85.8136174183656
PSE,2018,85.5351131070872
PSE,2017,85.3782255354
PSE,2016,85.3377390706351
PSE,2015,85.2182174537886
PSE,2014,85.0433335176723
PSE,2013,84.8178459889593
PSE,2012,84.5465135943222
PSE,2011,84.2340950604341
PSE,2010,83.8853491139676
PSE,2009,83.5050344815957
PSE,2008,83.0979098899913
PSE,2007,82.596126313073
PSE,2006,81.7611786265942
PSE,2005,80.5172240645229
PSE,2004,78.9926422349822
PSE,2003,77.2865026687292
PSE,2002,75.4978748965208
PSE,2001,73.7258284491139
PSE,2000,72.0694328572656
PSE,1999,70.6277576517327
PSE,1998,69.4998723632721
PSE,1997,68.7351827543561
PSE,1996,68.1108382243154
PSE,1995,67.5359347159403
PSE,1994,67.0135359888796
PSE,1993,66.5380301106892
PSE,1992,66.1038051489255
PSE,1991,65.7052491711444
PSE,1990,65.3367502449023
YEM,2025,37.0336664607078
YEM,2024,36.8077517596594
YEM,2023,36.5707979836506
YEM,2022,36.3226310308295
YEM,2021,36.0704951256305
YEM,2020,35.7025604580302
YEM,2019,34.9067561732024
YEM,2018,34.2106045810864
YEM,2017,33.5586912522175
YEM,2016,32.9512008005236
YEM,2015,32.3883178702702
YEM,2014,31.8626162180918
YEM,2013,31.4427187944215
YEM,2012,31.2031839858628
YEM,2011,30.9237389467026
YEM,2010,30.6232848305331
YEM,2009,30.3031502248211
YEM,2008,29.9646637170333
YEM,2007,29.6091538946366
YEM,2006,29.2379493450977
YEM,2005,28.8523786558834
YEM,2004,28.4506523754813
YEM,2003,28.0277061455611
YEM,2002,27.5777619268614
YEM,2001,27.1033603053549
YEM,2000,26.6054859383233
YEM,1999,26.0851234830484
YEM,1998,25.5432575968119
YEM,1997,24.9808729368956
YEM,1996,24.3989541605814
YEM,1995,23.7984859251509
YEM,1994,23.1700802443959
YEM,1993,22.4923555641291
YEM,1992,21.7569525846164
YEM,1991,20.9822487599409
YEM,1990,20.1820531721852
ZMB,2025,45.9171510161461
ZMB,2024,45.4703838491279
ZMB,2023,45.0285853521585
ZMB,2022,44.5988511178469
ZMB,2021,44.2353731410926
ZMB,2020,43.8644489410157
ZMB,2019,43.4897864547552
ZMB,2018,43.1114735233156
ZMB,2017,42.7295979877011
ZMB,2016,42.3442476889162
ZMB,2015,41.9555104679652
ZMB,2014,41.5634741658525
ZMB,2013,41.1682266235825
ZMB,2012,40.7698556821596
ZMB,2011,40.3684491825881
ZMB,2010,39.9558857709992
ZMB,2009,39.4908312026796
ZMB,2008,38.9629632271162
ZMB,2007,38.4034874343601
ZMB,2006,37.8392213204204
ZMB,2005,37.2969823813059
ZMB,2004,36.8035881130253
ZMB,2003,36.3858560115875
ZMB,2002,36.0706035730014
ZMB,2001,35.8846482932758
ZMB,2000,35.8735460960387
ZMB,1999,36.1720484699782
ZMB,1998,36.7233466797411
ZMB,1997,37.3758882162063
ZMB,1996,37.9842763417749
ZMB,1995,38.4031143188477
ZMB,1994,38.6659731487597
ZMB,1993,38.8993519782475
ZMB,1992,39.0972462878148
ZMB,1991,39.2536515579652
ZMB,1990,39.3639924846036
ZWE,2025,40.4951287431452
ZWE,2024,39.8933716820696
ZWE,2023,39.2919370795795
ZWE,2022,38.7055207169041
ZWE,2021,37.8692058859373
ZWE,2020,37.0097671560802
ZWE,2019,36.1837638266364
ZWE,2018,35.4085538807905
ZWE,2017,34.7014953017273
ZWE,2016,34.0799460726314
ZWE,2015,33.5612641766874
ZWE,2014,33.1628075970801
ZWE,2013,32.9019343169941
ZWE,2012,32.7931752128328
ZWE,2011,32.7567295776968
ZWE,2010,32.7284525810054
ZWE,2009,32.7074288573175
ZWE,2008,32.6912786206175
ZWE,2007,32.67762208489
ZWE,2006,32.6640794641194
ZWE,2005,32.6482709722903
ZWE,2004,32.6278168233873
ZWE,2003,32.6003372313948
ZWE,2002,32.5631884166934
ZWE,2001,32.4999278382836
ZWE,2000,32.3991568853313
ZWE,1999,32.2637829407466
ZWE,1998,32.0964924488698
ZWE,1997,31.8999718540415
ZWE,1996,31.6769076006021
ZWE,1995,31.429986132892
ZWE,1994,31.1618938952517
ZWE,1993,30.8753173320215
ZWE,1992,30.5674246988034
ZWE,1991,30.1555850077795
ZWE,1990,29.5920412137481
