iso,country,year,dlp,dtfp,dkl,internet_l1,internet_l2,mobile_l1,broadband_l1,lp_l1,kl_l1,hc_l1,csh_i_l1,csh_g_l1,open_l1,dpop_l1,labsh_l1,dlp_l1,lp_init,lp_init_na,lp_init_pre
AGO,Angola,1997,3.821520933274236,1.9193419125170197,1.4660638525725744,7.76e-06,,0.0002292929,0.0,9.076593876420146,11.434058376050892,1.2308915853500366,0.7381664514541626,0.08308890461921692,0.36282093077898026,3.2142342600851137,0.28438466787338257,9.865888686395508,8.502147357626665,9.034513374290162,True
AGO,Angola,1998,1.1863664337944613,-2.6324022902894093,3.8230477522084527,5.6699999999999996e-05,7.76e-06,0.0004742069,0.0,9.114809085752889,11.448719014576618,1.2470816373825073,0.555552065372467,0.25442954897880554,0.36008603870868683,3.217320071582286,0.28438466787338257,3.821520933274236,8.502147357626665,9.034513374290162,True
AGO,Angola,1999,-1.3602555166579933,-3.163950682493505,0.9189513064717048,0.000185,5.6699999999999996e-05,0.00063903734,0.0,9.126672750090833,11.486949492098702,1.2634847164154053,0.7182853817939758,0.12910450994968414,0.3255914896726608,3.2289414212784973,0.28438466787338257,1.1863664337944613,8.502147357626665,9.034513374290162,True
AGO,Angola,2000,-0.7300138294203506,1.4500227852187353,-3.2446059132430705,0.0007199999999999999,0.000185,0.0015122157,0.0,9.113070194924253,11.49613900516342,1.2801034450531006,0.5871908664703369,0.29070672392845154,0.3928118273615837,3.2492473769168306,0.28438466787338257,-1.3602555166579933,8.502147357626665,9.034513374290162,True
AGO,Angola,2001,-0.5124064743668555,2.2080534277567065,-3.471932456481852,0.0010504556399999999,0.0007199999999999999,0.0015934676,0.0,9.10577005663005,11.463692946030989,1.296940803527832,0.3805621862411499,0.24702835083007812,0.6580959260463715,3.2772035550878265,0.28438466787338257,-0.7300138294203506,8.502147357626665,9.034513374290162,True
AGO,Angola,2002,10.37216019925662,12.592228437353059,-2.730149275562077,0.0013601387000000001,0.0010504556399999999,0.0044783583,0.0,9.100645991886381,11.42897362146617,1.3084863424301147,0.33479201793670654,0.2006232738494873,0.6017754226922989,3.301198181928733,0.28438466787338257,-0.5124064743668555,8.502147357626665,9.034513374290162,True
AGO,Angola,2003,0.0039535156476588895,0.914227565528325,-1.93045099750897,0.0027037674,0.0013601387000000001,0.0080795497,0.0,9.204367593878947,11.40167212871055,1.3201346397399902,0.31206580996513367,0.2013344019651413,0.5813449174165726,3.3292566739907326,0.28438466787338257,10.37216019925662,8.502147357626665,9.034513374290162,True
AGO,Angola,2004,7.545781122258433,7.106583658978854,-1.0519451051084872,0.0037068205999999998,0.0027037674,0.01950544,0.0,9.204407129035424,11.38236761873546,1.331886649131775,0.3239249885082245,0.20059369504451752,0.63744156062603,3.378811110158253,0.29165270924568176,0.0039535156476588895,8.502147357626665,9.034513374290162,True
AGO,Angola,2005,10.746143764388627,10.800626394933568,-0.946360249064071,0.004648146000000001,0.0037068205999999998,0.03978404,0.0,9.279864940258008,11.371848167684375,1.3437433242797852,0.307023286819458,0.17217054963111877,0.7128360569477081,3.4530138291601897,0.2755528688430786,7.545781122258433,8.502147357626665,9.034513374290162,True
AGO,Angola,2006,7.45064053620812,7.928251939541221,-1.1810947379602865,0.011434,0.004648146000000001,0.08351586,0.0,9.387326377901895,11.362384565193734,1.3557056188583374,0.2602729797363281,0.14707781374454498,0.8118787556886673,3.5375571543598383,0.23160654306411743,10.746143764388627,8.502147357626665,9.034513374290162,True
AGO,Angola,2007,9.458894499852555,9.740934424493227,-0.6840977562147188,0.015,0.011434,0.15261441,0.00037261533999999997,9.461832783263976,11.350573617814131,1.367774248123169,0.22330281138420105,0.1323823481798172,0.8315711915493011,3.619574559360439,0.23711399734020233,7.45064053620812,8.502147357626665,9.034513374290162,True
AGO,Angola,2008,6.905864044473553,5.189085777752004,0.6990610636085748,0.017,0.015,0.2387815,0.0005630804,9.556421728262501,11.343732640251984,1.3799504041671753,0.24075205624103546,0.13830474019050598,0.8557344526052475,3.6806353695435057,0.2426213175058365,9.458894499852555,8.502147357626665,9.034513374290162,True
AGO,Angola,2009,-2.686163878314929,-4.220849206731325,1.0653554367715756,0.019,0.017,0.31389149,0.00073878564,9.625480368707237,11.35072325088807,1.3922349214553833,0.2789039611816406,0.13784731924533844,1.0562062859535217,3.7105313221974523,0.25571751594543457,6.905864044473553,8.502147357626665,9.034513374290162,True
AGO,Angola,2010,7.1480414183678675,1.8296095803932106,5.768957413550524,0.023,0.019,0.36178913,0.0006692015399999999,9.598618729924087,11.361376805255786,1.4046287536621094,0.4031752347946167,0.16987623274326324,0.940400242805481,3.703877683091328,0.3600103259086609,-2.686163878314929,8.502147357626665,9.034513374290162,True
AGO,Angola,2011,-2.3517859025430354,-2.2157799603566795,-2.019419554585866,0.027999999999999997,0.023,0.40366756000000004,0.00064391986,9.670099144107766,11.41906637939129,1.4171329736709595,0.3101171851158142,0.14646269381046295,0.8184670358896255,3.6714624013692188,0.30049461126327515,7.1480414183678675,8.502147357626665,9.034513374290162,True
AGO,Angola,2012,4.840804724375225,3.859704942409593,0.5549403462072888,0.047,0.027999999999999997,0.49851523999999997,0.0006530998,9.646581285082336,11.398872183845432,1.4241962432861328,0.3057984709739685,0.15946745872497559,0.6927383840084076,3.634158625589956,0.2876279950141907,-2.3517859025430354,8.502147357626665,9.034513374290162,True
AGO,Angola,2013,1.5100069097016444,0.8600269257306059,0.34743604492160074,0.077,0.047,0.50780113,0.0008146991,9.694989332326088,11.404421587307505,1.4312946796417236,0.29127252101898193,0.15958088636398315,0.7059126496315002,3.597774307624979,0.2823549509048462,4.840804724375225,8.502147357626665,9.034513374290162,True
AGO,Angola,2014,1.2764837105624594,0.9665732833873495,0.1966906089251097,0.13,0.077,0.5077348700000001,0.0008515754000000001,9.710089401423105,11.407895947756721,1.438428521156311,0.26631954312324524,0.21843759715557098,0.6421351730823517,3.5519543109868046,0.28089675307273865,1.5100069097016444,8.502147357626665,9.034513374290162,True
AGO,Angola,2015,-2.490310202036383,-2.6425174621105345,-0.25758568302300944,0.2136234,0.13,0.51738438,0.0032307628,9.722854238528729,11.409862853845972,1.4455978870391846,0.26606422662734985,0.20522922277450562,0.5765979439020157,3.4974889003414944,0.28877466917037964,1.2764837105624594,8.502147357626665,9.034513374290162,True
AGO,Angola,2016,-5.99210067476541,-5.0074787409257455,-0.9659650639063599,0.22,0.2136234,0.49309723,0.005453942000000001,9.697951136508365,11.407286997015742,1.4528030157089233,0.3087162673473358,0.2088802009820938,0.4603911489248276,3.4388506843919586,0.34912753105163574,-2.490310202036383,8.502147357626665,9.034513374290162,True
AGO,Angola,2017,-3.5247955797615305,-1.5926531042397218,-2.4496402405894457,0.23199999999999998,0.22,0.4455023,0.00290319,9.638030129760711,11.397627346376678,1.460044026374817,0.2422550618648529,0.192024365067482,0.3783469796180725,3.378290115696858,0.3430249094963074,-5.99210067476541,8.502147357626665,9.034513374290162,True
AGO,Angola,2018,-5.400162477907244,-3.7332238655202965,-2.7343020404279272,0.26,0.23199999999999998,0.4406821,0.0032055405,9.602782173963096,11.373130943970784,1.4673211574554443,0.2068982720375061,0.1984090507030487,0.4066939204931259,3.3221240313570544,0.3463705778121948,-3.5247955797615305,8.502147357626665,9.034513374290162,True
AGO,Angola,2019,-4.977526475529537,-2.688164086856737,-2.9431521878565903,0.29,0.26,0.42458878,0.0035006696,9.548780549184023,11.345787923566505,1.4746345281600952,0.1909254789352417,0.19373828172683716,0.4575648382306099,3.2761546493690563,0.3311423361301422,-5.400162477907244,8.502147357626665,9.034513374290162,True
ARG,Argentina,1996,2.8605012896106174,2.5180033789185847,-0.17026222193958773,0.000863,0.00043700000000000005,0.011600575,0.0,10.826553784874642,12.059538643689173,2.619534492492676,0.17076148092746735,0.14713026583194733,0.18384438753128052,1.2292306303125944,0.39392945170402527,1.9047710178975663,10.156051054500756,10.738714126826219,True
ARG,Argentina,1997,2.775304330929629,3.4593697011956652,-1.923047428157787,0.0014199999999999998,0.000863,0.018848036999999998,0.0,10.855158797770748,12.057836021469777,2.627023935317993,0.1816350370645523,0.20686277747154236,0.1666017323732376,1.193611663447669,0.3669727146625519,2.8605012896106174,10.156051054500756,10.738714126826219,True
ARG,Argentina,1998,-0.7310821969028325,-0.4448346100844637,-1.3090875949963277,0.0028000000000000004,0.0014199999999999998,0.05609433,0.0,10.882911841080045,12.0386055471882,2.6345345973968506,0.20093896985054016,0.17725063860416412,0.1989014446735382,1.1594853528445803,0.35687369108200073,2.775304330929629,10.156051054500756,10.738714126826219,True
ARG,Argentina,1999,-4.265588293815803,-5.002289243279385,1.2867827223230321,0.00831,0.0028000000000000004,0.073713126,0.0,10.875601019111016,12.025514671238236,2.6420669555664062,0.20795699954032898,0.15969575941562653,0.21380538493394852,1.1322624388204972,0.36957648396492004,-0.7310821969028325,10.156051054500756,10.738714126826219,True
ARG,Argentina,2000,-1.8053282451726105,-1.808964092443108,0.580126448778806,0.032799999999999996,0.00831,0.1050082,0.0,10.832945136172858,12.038382498461466,2.649620771408081,0.18865109980106354,0.15453621745109558,0.19411538541316986,1.1133583399755231,0.39151379466056824,-4.265588293815803,10.156051054500756,10.738714126826219,True
ARG,Argentina,2001,-3.8236365068009093,-3.909625507930449,1.4331782666408444,0.07038683,0.032799999999999996,0.17434172,0.0,10.814891853721132,12.044183762949254,2.657196044921875,0.17627689242362976,0.14153143763542175,0.2157173678278923,1.1005837249936867,0.39110618829727173,-1.8053282451726105,10.156051054500756,10.738714126826219,True
ARG,Argentina,2003,3.6899883069875017,6.521087609578771,-4.534922795294349,0.10882123999999999,0.097808075,0.17267559999999998,0.0038917312,10.668202707725596,12.056646483101755,2.709059953689575,0.11521964520215988,0.13686375319957733,0.18798023834824562,1.0835513714178902,0.31755295395851135,-10.845278092752686,10.156051054500756,10.738714126826219,True
ARG,Argentina,2004,2.25894088453078,4.5175927446232125,-4.771662339734206,0.11913696,0.10882123999999999,0.20409576000000001,0.006736600000000001,10.705102590795471,12.011297255148811,2.735370397567749,0.14310875535011292,0.12255017459392548,0.2043599784374237,1.0719940399367633,0.31013572216033936,3.6899883069875017,10.156051054500756,10.738714126826219,True
ARG,Argentina,2005,3.5842313444144125,4.2459969170990695,-2.6509102794182837,0.16036684,0.11913696,0.3481145,0.013985989,10.72769199964078,11.96358063175147,2.7619361877441406,0.17105884850025177,0.10926710069179535,0.22803311794996262,1.0553893842272455,0.32479485869407654,2.25894088453078,10.156051054500756,10.738714126826219,True
ARG,Argentina,2006,4.316180491096766,4.1393932255453,-0.6351597624131955,0.17720583,0.16036684,0.5649730000000001,0.023630745,10.763534313084923,11.937071528957286,2.788760185241699,0.1758926808834076,0.10612010955810547,0.24376533925533295,1.0362811675842742,0.3389502763748169,3.5842313444144125,10.156051054500756,10.738714126826219,True
ARG,Argentina,2007,4.635689512039143,3.786344170224071,-0.3240694693349866,0.20927202,0.17720583,0.7952728,0.039970431,10.806696117995891,11.930719931333154,2.7969753742218018,0.17090700566768646,0.11258554458618164,0.25250358134508133,1.0154416703889613,0.3555392324924469,4.316180491096766,10.156051054500756,10.738714126826219,True
ARG,Argentina,2008,1.5952760545808076,-0.09049051972715161,1.3770506354775947,0.25946632000000003,0.20927202,1.0096212,0.064972773,10.853053013116282,11.927479236639805,2.8052146434783936,0.18341466784477234,0.1245415061712265,0.2592957019805908,0.9988589036722839,0.364846795797348,4.635689512039143,10.156051054500756,10.738714126826219,True
ARG,Argentina,2009,-7.199062700797043,-6.974076973959983,0.7203372581404466,0.28112623,0.25946632000000003,1.15051956,0.07705149,10.86900577366209,11.94124974299458,2.8134782314300537,0.18293316662311554,0.13885340094566345,0.27733929455280304,0.9925931298144786,0.40367910265922546,1.5952760545808076,10.156051054500756,10.738714126826219,True
ARG,Argentina,2010,6.756381001214606,5.890382344951701,0.10072768631594897,0.34,0.28112623,1.2846162,0.08593906000000001,10.79701514665412,11.948453115575985,2.8217661380767822,0.14654995501041412,0.1791757345199585,0.22988218069076538,0.9995447340715113,0.44385451078414917,-7.199062700797043,10.156051054500756,10.738714126826219,True
ARG,Argentina,2011,3.580906807554385,1.7367713133157894,1.4081129656405622,0.45,0.34,1.3825165000000001,0.09756273,10.864578956666266,11.949460392439144,2.830078363418579,0.16803902387619019,0.198048397898674,0.25857028365135193,1.014929844860335,0.4406924247741699,6.756381001214606,10.156051054500756,10.738714126826219,True
ARG,Argentina,2012,-2.658740821868477,-3.3207354504626996,1.138041341040541,0.51,0.45,1.4551105999999998,0.10956028999999999,10.90038802474181,11.96354152209555,2.8585422039031982,0.1725776046514511,0.23071858286857605,0.2764511853456497,1.0332550281935138,0.4731239974498749,3.580906807554385,10.156051054500756,10.738714126826219,True
ARG,Argentina,2013,0.6196165222577932,-0.25517383845750574,0.901528518219763,0.5579999999999999,0.51,1.5257357999999999,0.12211511,10.873800616523125,11.974921935505956,2.8872923851013184,0.15531009435653687,0.24096070230007172,0.2538384571671486,1.046515378692936,0.5201793313026428,-2.658740821868477,10.156051054500756,10.738714126826219,True
ARG,Argentina,2014,-3.8880278345482466,-4.172573946079682,0.7154930986970953,0.599,0.5579999999999999,1.5819078,0.14679802,10.879996781745703,11.983937220688153,2.9163317680358887,0.15529100596904755,0.257658451795578,0.25184404104948044,1.0502242144381224,0.5439176559448242,0.6196165222577932,10.156051054500756,10.738714126826219,True
ARG,Argentina,2015,0.29161587230071007,-0.12445602117262725,-0.289697148603274,0.647,0.599,1.4232549,0.15153048,10.84111650340022,11.991092151675124,2.9456627368927,0.15139281749725342,0.2696729898452759,0.2254883423447609,1.0408264946416779,0.5439176559448242,-3.8880278345482466,10.156051054500756,10.738714126826219,True
ARG,Argentina,2016,-1.4388915661498913,-1.2856930956690442,2.311030984397533,0.6804306,0.647,1.422407,0.15768878,10.844032662123228,11.988195180189091,2.9752891063690186,0.14744338393211365,0.28926387429237366,0.20636358112096786,1.0218034207767346,0.5439176559448242,0.29161587230071007,10.156051054500756,10.738714126826219,True
ARG,Argentina,2017,1.0716475533161685,0.05488113245464576,0.5744668361337801,0.7096898,0.6804306,1.4514659,0.165185,10.829643746461729,12.011305490033067,3.005213499069214,0.1481163501739502,0.28847378492355347,0.2030847817659378,1.0002962002581217,0.5439176559448242,-1.4388915661498913,10.156051054500756,10.738714126826219,True
ARG,Argentina,2018,-3.018025693242521,-3.7688250926751126,1.1742772562730153,0.7429491,0.7096898,1.3975824000000001,0.17708227,10.84036022199489,12.017050158394404,3.0354387760162354,0.1323411911725998,0.2227872759103775,0.19599618017673492,0.9804574136763389,0.5439176559448242,1.0716475533161685,10.156051054500756,10.738714126826219,True
ARG,Argentina,2019,-4.679049824082071,-3.3269923244433093,-1.7144116592502812,0.777,0.7429491,1.3122425999999998,0.18975876,10.810179965062465,12.028792930957135,3.0659680366516113,0.12258199602365494,0.21699847280979156,0.19216176122426987,0.960411032152253,0.5439176559448242,-3.018025693242521,10.156051054500756,10.738714126826219,True
ARM,Armenia,1996,9.762433524214487,8.739553909799302,3.5573248083906606,0.000527,9.12e-05,0.0,0.0,8.699210060511364,10.23803540246981,3.0212996006011963,0.12561926245689392,0.41958674788475037,0.03346479404717684,-2.0403367992982924,0.7403762936592102,7.316151533377635,8.868851948302058,8.734411782547443,True
ARM,Armenia,1997,8.660483948808562,7.423811325141871,5.0976024219160365,0.000946,0.000527,9.093946000000001e-05,0.0,8.796834395753509,10.273608650553717,3.0366134643554688,0.12065505981445312,0.3636385500431061,0.07505512982606888,-1.5387186104914408,0.7403762936592102,9.762433524214487,8.868851948302058,8.734411782547443,True
ARM,Armenia,1998,10.203565874098786,9.04711686555839,3.2901937908684786,0.0011200000000000001,0.000946,0.0015283891999999999,0.0,8.883439235241594,10.324584674772877,3.0520050525665283,0.11867789924144745,0.2552289664745331,0.1728278174996376,-1.1150812776121066,0.7269569635391235,8.660483948808562,8.868851948302058,8.734411782547443,True
ARM,Armenia,1999,6.73926968996863,5.156385330030866,3.7922892069218506,0.0012900000000000001,0.0011200000000000001,0.0024165651,0.0,8.985474893982582,10.357486612681562,3.067474365234375,0.13360387086868286,0.2188417762517929,0.12852229177951813,-0.7818968293789919,0.7459378242492676,10.203565874098786,8.868851948302058,8.734411782547443,True
ARM,Armenia,2000,7.821674085617936,6.4567857090263026,2.841402947357885,0.00971,0.0012900000000000001,0.002545516,0.0,9.052867590882268,10.39540950475078,3.083022356033325,0.11417128145694733,0.16860733926296234,0.19353900104761124,-0.6345914593103075,0.7156521081924438,6.73926968996863,8.868851948302058,8.734411782547443,True
ARM,Armenia,2001,10.75305204122241,10.921118768678273,2.553765223566984,0.013004700000000001,0.00971,0.005594396000000001,0.0,9.131084331738448,10.42382353422436,3.098649024963379,0.11833670735359192,0.14765657484531403,0.21455682069063187,-0.6310207988853289,0.6810933351516724,7.821674085617936,8.868851948302058,8.734411782547443,True
ARM,Armenia,2005,12.0108956385657,10.205133916666115,4.877851189058546,0.048990088,0.045752172,0.067264266,0.00033084746,9.778993100548595,10.716429603143919,3.097862482070923,0.17650802433490753,0.09843168407678604,0.2777291387319565,-0.5719568741302972,0.637955367565155,12.84081292171848,8.868851948302058,8.734411782547443,True
ARM,Armenia,2007,12.824135431177908,8.967195649599633,8.792388045651656,0.056318,0.05253,0.42127197000000005,,10.034941975314862,10.856827798035088,3.1003735065460205,0.22007298469543457,0.11148140579462051,0.31253959238529205,-0.7731903554522912,0.5938827991485596,13.58399183806096,8.868851948302058,8.734411782547443,True
ARM,Armenia,2008,6.075511933133804,2.8296904290763742,8.403273937882005,0.060213,0.056318,0.63076477,0.0013110042,10.16318332962664,10.944751678491604,3.103083372116089,0.22040340304374695,0.1162373349070549,0.3337163105607033,-0.872160580518555,0.5874029397964478,12.824135431177908,8.868851948302058,8.734411782547443,True
ARM,Armenia,2010,1.130509583945205,-0.8638569379745442,3.6271093667302523,0.153,0.0621,0.744012,0.013541934,10.102733019588145,11.113662048559142,3.1085102558135986,0.15876802802085876,0.14608527719974518,0.28450223058462143,-0.6738112803032603,0.5791019201278687,-12.12054293698337,8.868851948302058,8.734411782547443,True
ARM,Armenia,2011,5.341871874615123,2.985493121626828,4.287818597438431,0.25,0.153,1.3187483,0.031928868,10.114038115427597,11.149933142226445,3.111227512359619,0.13953959941864014,0.16391319036483765,0.3209068402647972,-0.37371186678707424,0.5682488679885864,1.130509583945205,8.868851948302058,8.734411782547443,True
ARM,Armenia,2012,6.740461348278437,5.213056076333392,2.9426547218298182,0.32,0.25,1.0985006,0.054929223,10.167456834173748,11.192811328200829,3.1139566898345947,0.11584838479757309,0.186494842171669,0.3274606540799141,-0.02714700781740742,0.5918940305709839,5.341871874615123,8.868851948302058,8.734411782547443,True
ARM,Armenia,2013,3.419366446062355,1.880743208835134,2.707819536359146,0.375,0.32,1.1369736000000001,0.072558074,10.234861447656533,11.222237875419127,3.1166915893554688,0.10724172741174698,0.1694292575120926,0.30712051689624786,0.26718657077182684,0.5815225839614868,6.740461348278437,8.868851948302058,8.734411782547443,True
ARM,Armenia,2014,5.564667310834359,3.374259994547135,4.193603493038722,0.419,0.375,1.14499725,0.08316732,10.269055112117156,11.249316070782719,3.119431972503662,0.09968142211437225,0.1581164300441742,0.29995881021022797,0.4619313339529141,0.5851554870605469,3.419366446062355,8.868851948302058,8.734411782547443,True
ARM,Armenia,2015,8.124344062092526,4.422070285213875,7.105491163154021,0.5462280700000001,0.419,1.1836542,0.09337631,10.3247017852255,11.291252105713106,3.122178077697754,0.10713807493448257,0.2281206250190735,0.29991718381643295,0.5101906988431049,0.5796141028404236,5.564667310834359,8.868851948302058,8.734411782547443,True
ARM,Armenia,2016,6.08995282162752,2.783258180568291,7.355398681367475,0.59100834,0.5462280700000001,1.1859910999999999,0.09801494999999999,10.405945225846425,11.362307017344646,3.1249301433563232,0.1034170389175415,0.1848829686641693,0.27059099078178406,0.45029488748205004,0.5730680227279663,8.124344062092526,8.868851948302058,8.734411782547443,True
ARM,Armenia,2017,6.171736686726881,5.643141735195264,0.6577943032088029,0.6434603,0.59100834,1.176708,0.10249784,10.4668447540627,11.43586100415832,3.127687692642212,0.09540608525276184,0.1875476986169815,0.26402442902326584,0.36132926449323755,0.5642739534378052,6.08995282162752,8.868851948302058,8.734411782547443,True
ARM,Armenia,2019,3.0814251669630366,3.975734226382896,-2.43236949754273,0.6824505000000001,0.6474487999999999,1.23,0.11939938,10.678671232595788,11.559803126075856,3.1332199573516846,0.12014101445674896,0.2125152349472046,0.3014836236834526,0.2358674049969922,0.5486719608306885,15.010911166581842,8.868851948302058,8.734411782547443,True
AUS,Australia,1996,2.6121138001791167,1.486662101746239,1.2219929933024787,0.0276,0.0223,0.12453481,0.0,11.279577910908401,12.833309544282073,3.4742705821990967,0.260044127702713,0.15046489238739014,0.3390465974807739,1.087109263873165,0.607523500919342,0.1749541711642877,11.159866104099057,11.252366303136949,True
AUS,Australia,1997,3.7379355166901718,2.048278734056376,2.017549926437745,0.032799999999999996,0.0276,0.21908817,0.0,11.305699048910192,12.845529474215098,3.4870493412017822,0.25964224338531494,0.14565126597881317,0.3520396053791046,1.084533855387182,0.6179584264755249,2.6121138001791167,11.159866104099057,11.252366303136949,True
AUS,Australia,1998,3.222840914397196,2.361614426037702,0.9551368123760895,0.16399999999999998,0.032799999999999996,0.24866582999999998,0.0,11.343078404077094,12.865704973479476,3.4998748302459717,0.2661440968513489,0.14876602590084076,0.3580355793237686,1.0823287135428572,0.6118475794792175,3.7379355166901718,11.159866104099057,11.252366303136949,True
AUS,Australia,1999,2.086305059739324,0.6567322696616418,1.075264102538398,0.308,0.16399999999999998,0.26438490000000003,0.0,11.375306813221066,12.875256341603237,3.5127477645874023,0.2701761722564697,0.15169936418533325,0.3436305373907089,1.0808009685773001,0.613369345664978,3.222840914397196,11.159866104099057,11.252366303136949,True
AUS,Australia,2000,-0.607829307199026,-1.071362907217864,-0.4743252248855967,0.408,0.308,0.33588833,0.0,11.396169863818459,12.88600898262862,3.525667667388916,0.271564781665802,0.15001778304576874,0.3353939950466156,1.0764726604377994,0.6050320267677307,2.086305059739324,11.159866104099057,11.252366303136949,True
AUS,Australia,2001,2.7038322287870287,2.961784467708511,1.1094507360319028,0.46756115000000004,0.408,0.44751144,0.0,11.390091570746469,12.881265730379765,3.538635492324829,0.24335399270057678,0.14894472062587738,0.37720300257205963,1.0759609383478086,0.6065460443496704,-0.607829307199026,11.159866104099057,11.252366303136949,True
AUS,Australia,2002,1.0364672752780635,0.4576464236162883,0.8793204121120723,0.52689266,0.46756115000000004,0.57483868,0.006341196,11.417129893034339,12.892360237740084,3.5275118350982666,0.25588756799697876,0.14964979887008667,0.3549588918685913,1.064486308813395,0.6081547141075134,2.7038322287870287,11.159866104099057,11.252366303136949,True
AUS,Australia,2006,1.250276219894353,0.8355493540634349,0.6458496137568659,0.63,,0.9076354999999999,0.09933731,11.450259617775213,12.917573424446104,3.4833664894104004,0.2982873022556305,0.14968806505203247,0.4582199305295944,1.4923118310953498,0.5930346250534058,-0.8450003460197308,11.159866104099057,11.252366303136949,True
AUS,Australia,2007,0.4511094202339194,-0.11921144464190209,0.25061815066003135,0.66,0.63,0.9596630999999999,0.1894072,11.462762379974157,12.924031920583673,3.472416639328003,0.2966354787349701,0.14964284002780914,0.4954475164413452,1.708747343223438,0.5880502462387085,1.250276219894353,11.159866104099057,11.252366303136949,True
AUS,Australia,2008,-0.611518194775762,-1.1733703907399862,0.6297997073113848,0.6945,0.66,1.0145768,,11.467273474176496,12.926538102090273,3.461501359939575,0.3028333783149719,0.1499616950750351,0.5123455822467804,1.8823726049841838,0.5933364629745483,0.4511094202339194,11.159866104099057,11.252366303136949,True
AUS,Australia,2009,1.1599586935821193,1.0310583650668947,2.1076501092652578,0.7167,0.6945,1.0350674,0.2487063,11.461158292228738,12.932836099163387,3.450620174407959,0.2783043384552002,0.14815856516361237,0.5774135291576385,1.9690649297225082,0.5691140294075012,-0.611518194775762,11.159866104099057,11.252366303136949,True
AUS,Australia,2010,-0.003865789665624675,-0.5020099965569187,0.5212505614998975,0.7425,0.7167,1.0191428,0.23968219999999998,11.47275787916456,12.95391260025604,3.4397735595703125,0.26886600255966187,0.15165822207927704,0.5012710392475128,1.9431370978854279,0.5771031379699707,1.1599586935821193,11.159866104099057,11.252366303136949,True
AUS,Australia,2011,2.015982699029095,0.7184786008662597,1.5819501662276636,0.76,0.7425,1.0161875999999999,0.24885305,11.472719221267903,12.959125105871038,3.4289608001708984,0.2503662407398224,0.1477048546075821,0.5682726800441742,1.8395832511726162,0.5749547481536865,-0.003865789665624675,11.159866104099057,11.252366303136949,True
AUS,Australia,2012,1.4736683638115977,0.3381635234586858,2.23846334042328,0.7948770000000001,0.76,1.0582401,0.24697755999999998,11.492879048258194,12.974944607533315,3.442167043685913,0.2531035244464874,0.14993850886821747,0.6595257222652435,1.7154102181883957,0.5754212737083435,2.015982699029095,11.159866104099057,11.252366303136949,True
AUS,Australia,2013,1.5905822650424284,0.4693557015808106,2.0422047022590206,0.79,0.7948770000000001,1.0649971,0.25095564,11.50761573189631,12.997329240937548,3.4554243087768555,0.26821762323379517,0.14607447385787964,0.6680392324924469,1.6106479547779884,0.5824652910232544,1.4736683638115977,11.159866104099057,11.252366303136949,True
AUS,Australia,2014,1.193082213952934,0.6768145494839142,1.5567949413318516,0.834535,0.79,1.073322,0.25739931,11.523521554546734,13.017751287960138,3.4687328338623047,0.2865217328071594,0.13990549743175507,0.6057027876377106,1.5207124090677038,0.5820971727371216,1.5905822650424284,11.159866104099057,11.252366303136949,True
AUS,Australia,2015,0.6862576833254863,0.4715690425147294,0.13100270198016517,0.84,0.834535,1.0620623999999999,0.27700079,11.535452376686264,13.033319237373457,3.4820923805236816,0.2848248779773712,0.1458815485239029,0.5743236541748047,1.4578753588576188,0.5960260033607483,1.193082213952934,11.159866104099057,11.252366303136949,True
AUS,Australia,2016,0.9145465715990397,0.8190144022966583,0.7074944210486933,0.8456052,0.84,1.0760814,0.28511774,11.542314953519519,13.034629264393258,3.4955034255981445,0.2618831992149353,0.16226013004779816,0.5427640974521637,1.4142276280038057,0.6040282845497131,0.6862576833254863,11.159866104099057,11.252366303136949,True
AUS,Australia,2017,0.8362426804000123,0.5008283844518397,0.1543738930994465,0.8654000000000001,0.8456052,1.09128815,0.30308308,11.551460419235509,13.041704208603745,3.5089662075042725,0.24314270913600922,0.16159865260124207,0.5012468695640564,1.3703234814256948,0.5838769674301147,0.9145465715990397,11.159866104099057,11.252366303136949,True
AUS,Australia,2018,-0.23030725438797361,-0.0920361490195211,-0.34348401758670377,0.8654505,0.8654000000000001,1.0779976,0.32032623,11.55982284603951,13.04324794753474,3.5224807262420654,0.23567529022693634,0.16374161839485168,0.5574200451374054,1.3180357944239773,0.579755961894989,0.8362426804000123,11.159866104099057,11.252366303136949,True
AUS,Australia,2019,-2.1982874974144195,-2.3314426842932687,-0.1430843487874256,0.900082,0.8654505,1.10033134,0.33548626,11.55751977349563,13.039813107358873,3.5360474586486816,0.2179260104894638,0.1655486673116684,0.5482341647148132,1.2672539683750372,0.5716451406478882,-0.23030725438797361,11.159866104099057,11.252366303136949,True
AUT,Austria,1996,1.7229081390008005,-0.6644410331348494,2.0820691004058034,0.0189,0.0139,0.04825980999999999,0.0,11.36276213376366,13.207573156079752,3.0401413440704346,0.35069888830184937,0.13325728476047516,0.8492591977119446,0.538510574878881,0.6329604387283325,2.5985862918277647,11.067342508914319,11.321063135163788,True
AUT,Austria,1997,1.2697301667992988,-0.16709588248726703,1.707043796878871,0.0691,0.0189,0.075233088,0.0,11.379991215153668,13.22839384708381,3.055365562438965,0.33687543869018555,0.13090065121650696,0.8509637713432312,0.3466023925660533,0.6215776801109314,1.7229081390008005,11.067342508914319,11.321063135163788,True
AUT,Austria,1998,2.519312052877254,2.048671698221595,1.507003908781357,0.0953,0.0691,0.14556125,0.0,11.39268851682166,13.245464285052599,3.0706663131713867,0.3155796527862549,0.13844014704227448,0.8090101480484009,0.18706932282874789,0.6111128926277161,1.2697301667992988,11.067342508914319,11.321063135163788,True
AUT,Austria,1999,2.058302372977394,0.8787209384056243,0.9048050577602496,0.154,0.0953,0.2874799,0.0,11.417881637350433,13.260534324140412,3.086043357849121,0.2974693179130554,0.14281080663204193,0.8622072041034698,0.10170509313773834,0.6078951358795166,2.519312052877254,11.067342508914319,11.321063135163788,True
AUT,Austria,2000,2.391931350605603,1.1275374389237722,1.5406441098592794,0.23,0.154,0.5318725,0.006369366,11.438464661080207,13.269582374718015,3.1014976501464844,0.29331454634666443,0.14572115242481232,0.8198202550411224,0.12506710641311258,0.6079160571098328,2.058302372977394,11.067342508914319,11.321063135163788,True
AUT,Austria,2001,0.5725327075101205,-0.2597486644728711,1.4645507975950878,0.33730133,0.23,0.76339134,0.02377408,11.462383974586263,13.284988815816607,3.1170291900634766,0.2787889242172241,0.14351201057434082,0.8644929826259613,0.22534205205388957,0.5963800549507141,2.391931350605603,11.067342508914319,11.321063135163788,True
AUT,Austria,2002,1.7740540146970574,0.529225183814655,1.894249924508884,0.39185450000000005,0.33730133,0.8133313,0.03986455,11.468109301661364,13.299634323792558,3.1332309246063232,0.2638559341430664,0.14945313334465027,0.9405652284622192,0.35222350675825354,0.5884833931922913,0.5725327075101205,11.067342508914319,11.321063135163788,True
AUT,Austria,2003,0.2657717826346939,-0.4249950748382768,1.1519986239814983,0.36560000000000004,0.39185450000000005,0.8334946,0.05580553,11.485849841808335,13.318576823037647,3.1495168209075928,0.2465382218360901,0.1506582647562027,0.9631958603858948,0.4517459457214823,0.5840048789978027,1.7740540146970574,11.067342508914319,11.321063135163788,True
AUT,Austria,2004,2.1955423821887976,1.1544935707291704,1.2219609487079452,0.42700000000000005,0.36560000000000004,0.8955258,0.07399106999999999,11.488507559634682,13.330096809277462,3.1658871173858643,0.25963732600212097,0.14775028824806213,1.076942265033722,0.5081473748037357,0.5830804705619812,0.2657717826346939,11.067342508914319,11.321063135163788,True
AUT,Austria,2005,1.2561683847227556,1.3375130096026824,0.6404598260356664,0.5428000000000001,0.42700000000000005,0.9777952000000001,0.10644166999999999,11.51046298345657,13.342316418764542,3.182343006134033,0.2626934349536896,0.1456281989812851,1.2000522017478943,0.4996515842410343,0.5726285576820374,2.1955423821887976,11.067342508914319,11.321063135163788,True
AUT,Austria,2006,1.771048021431021,1.9339519768938291,-0.07699031269901013,0.58,0.5428000000000001,1.0529572,0.14266264,11.523024667303797,13.348721017024898,3.1988840103149414,0.2625294327735901,0.14335162937641144,1.19234037399292,0.4474079369598094,0.5636150240898132,1.2561683847227556,11.067342508914319,11.321063135163788,True
AUT,Austria,2007,1.8310619485244928,1.7916257517555843,-0.1415835740882443,0.636,0.58,1.1222629499999999,0.17315813,11.540735147518108,13.347951113897908,3.215510845184326,0.2607342302799225,0.1468309909105301,1.2635383009910583,0.38325233939988657,0.5566283464431763,1.771048021431021,11.067342508914319,11.321063135163788,True
AUT,Austria,2008,-0.45689856946804497,-0.5520769464134123,-0.2660046124594473,0.6937000000000001,0.636,1.1946556,0.19549347,11.559045767003353,13.346535278157026,3.232224702835083,0.2718020975589752,0.14201246201992035,1.3115180134773254,0.3421156798371072,0.5506866574287415,1.8310619485244928,11.067342508914319,11.321063135163788,True
AUT,Austria,2009,-3.417454945938303,-2.93367582870587,1.5310897016506786,0.7287,0.6937000000000001,1.2994918999999998,0.20773129,11.554476781308672,13.343875232032431,3.2490248680114746,0.278337299823761,0.15570294857025146,1.3422528505325317,0.33376856060813864,0.5620856881141663,-0.45689856946804497,11.067342508914319,11.321063135163788,True
AUT,Austria,2010,0.8642884056548894,0.7703356540539292,-0.04996426577008606,0.7345,0.7287,1.3701508999999998,0.22510595,11.52030223184929,13.359186129048938,3.2659127712249756,0.2698938548564911,0.16507333517074585,1.125457525253296,0.3725101448055934,0.5796678066253662,-3.417454945938303,11.067342508914319,11.321063135163788,True
AUT,Austria,2011,1.1581057640375647,0.8109971129321131,-0.5634513200257985,0.7517,0.7345,1.4633432,0.24511386999999998,11.528945115905838,13.358686486391237,3.282888174057007,0.2707279920578003,0.1627551019191742,1.2094464898109436,0.44434157624215764,0.5764761567115784,0.8642884056548894,11.067342508914319,11.321063135163788,True
AUT,Austria,2012,-0.47352189792935206,0.05096652552716201,-0.044968034992010075,0.7873999,0.7517,1.55155,0.24992643,11.540526173546214,13.35305197319098,3.293652296066284,0.29345273971557617,0.1608038693666458,1.319747507572174,0.5165265331879887,0.5713401436805725,1.1581057640375647,11.067342508914319,11.321063135163788,True
AUT,Austria,2013,-0.36460569036513846,-0.47784520861629204,0.7018493085343636,0.8002999,0.7873999,1.6115564,0.25264479,11.53579095456692,13.352602292841059,3.3044519424438477,0.3038707971572876,0.16002200543880463,1.2663136720657349,0.574745409118993,0.5799303650856018,-0.47352189792935206,11.067342508914319,11.321063135163788,True
AUT,Austria,2014,-0.1933636633355107,-0.17720346813152305,0.12715566408711965,0.8061879999999999,0.8002999,1.5648349,0.26322287,11.532144897663269,13.359620785926403,3.315286874771118,0.3030600845813751,0.17108367383480072,1.3074151277542114,0.6326751557490518,0.5847077369689941,-0.36460569036513846,11.067342508914319,11.321063135163788,True
AUT,Austria,2015,0.7965479248261076,0.6805732324725672,0.8013895913911995,0.8099583,0.8061879999999999,1.5153113999999999,0.27597689,11.530211261029914,13.360892342567274,3.326157331466675,0.2912912666797638,0.1692367047071457,1.2035359740257263,0.6874829328280985,0.5819423794746399,-0.1933636633355107,11.067342508914319,11.321063135163788,True
AUT,Austria,2016,0.9700912529718053,-0.007943076662760961,0.12912019002762065,0.8394014,0.8099583,1.5583714,0.28406858,11.538176740278175,13.368906238481186,3.3370633125305176,0.29580947756767273,0.17195509374141693,1.0819909572601318,0.7337428808547042,0.5787677764892578,0.7965479248261076,11.067342508914319,11.321063135163788,True
AUT,Austria,2017,0.5980797762781265,0.7290109216992248,-0.5533109028496241,0.84323746,0.8394014,1.2679752,0.28877598,11.547877652807893,13.370197440381462,3.3480052947998047,0.30490007996559143,0.17781321704387665,1.0902714729309082,0.787805676939346,0.5798166990280151,0.9700912529718053,11.067342508914319,11.321063135163788,True
AUT,Austria,2018,0.5230914228430805,0.20339056670923925,-0.7274312061392507,0.87935585,0.84323746,1.2341486000000002,0.285426,11.553858450570674,13.364664331352966,3.358983039855957,0.3128238320350647,0.1790793538093567,1.1039464473724365,0.8265449821932336,0.5807642340660095,0.5980797762781265,11.067342508914319,11.321063135163788,True
AUT,Austria,2019,0.04131793137300832,-0.3907065968974239,0.006562817478794614,0.8747912999999999,0.87935585,1.2423021,0.28515039999999997,11.559089364799105,13.357390019291573,3.3699967861175537,0.3176307678222656,0.17765574157238007,1.1298556923866272,0.8072522356498357,0.5838595032691956,0.5230914228430805,11.067342508914319,11.321063135163788,True
BDI,Burundi,1996,-9.106362609121277,-9.477478823482329,-0.3170489669122034,0.0,0.0,9.5065e-05,0.0,7.639375326051852,8.262619966750124,1.169800043106079,0.03908265009522438,0.1179250031709671,0.1521083153784275,1.4820383308796314,0.7634873390197754,-7.479945163348134,7.581419334187856,7.746722931001166,True
BDI,Burundi,1997,0.34212417680183904,-0.09664019847308858,-0.29228730263355374,8.040000000000001e-06,0.0,9.459562e-05,0.0,7.54831169996064,8.259449477081002,1.1770286560058594,0.056600287556648254,0.11902537941932678,0.07461764477193356,1.2130482599571168,0.7708684802055359,-9.106362609121277,7.581419334187856,7.746722931001166,True
BDI,Burundi,1998,4.256580754554662,3.3503480886277472,-0.09224843122179749,7.979999999999999e-05,8.040000000000001e-06,0.00010449263999999999,0.0,7.551732941728658,8.256526604054667,1.1843020915985107,0.055770259350538254,0.1067870557308197,0.09942631423473358,1.018195844316705,0.7782496213912964,0.34212417680183904,7.581419334187856,7.746722931001166,True
BDI,Burundi,1999,-1.7084920515264557,-3.4251837424608884,2.752784698703614,0.00015800000000000002,7.979999999999999e-05,0.00010272826,0.0,7.594298749274205,8.255604119742449,1.1916203498840332,0.05523242801427841,0.10046005994081497,0.10298691317439079,1.030779152411343,0.7856307625770569,4.256580754554662,7.581419334187856,7.746722931001166,True
BDI,Burundi,2000,-2.1293045003810462,-2.3793892130652807,-1.406177111726059,0.000392,0.00015800000000000002,0.00012944607,0.0,7.57721382875894,8.283131966729485,1.198983907699585,0.11956100165843964,0.09599817544221878,0.08070803806185722,1.3099690515945062,0.7930119037628174,-1.7084920515264557,7.581419334187856,7.746722931001166,True
BDI,Burundi,2001,-0.6389300017870525,0.18492987529802052,-2.416513373157514,0.0007724845,0.000392,0.0025223354,0.0,7.55592078375513,8.269070195612224,1.2063928842544556,0.05730254575610161,0.16919198632240295,0.0944763533771038,1.767356522153385,0.8003930449485779,-2.1293045003810462,7.581419334187856,7.746722931001166,True
BDI,Burundi,2002,1.2923274484041514,1.9525903809133383,-2.6541268769515014,0.0010600124,0.0007724845,0.0050368047,0.0,7.549531483737259,8.24490506188065,1.2152503728866577,0.06625490635633469,0.2031157910823822,0.09078062884509563,2.2733352175046573,0.8077741265296936,-0.6389300017870525,7.581419334187856,7.746722931001166,True
BDI,Burundi,2003,-4.660629637367819,-4.973427902323044,-0.2652461843325682,0.0011822841,0.0010600124,0.007620017,0.0,7.562454758221301,8.218363793111134,1.2241729497909546,0.06724882870912552,0.19918061792850494,0.0837023239582777,2.6996744021358543,0.8151552677154541,1.2923274484041514,7.581419334187856,7.746722931001166,True
BDI,Burundi,2004,0.45433906912810684,-1.0753460864895814,0.8778576723900144,0.002012732,0.0011822841,0.0090868384,0.0,7.5158484618476225,8.215711331267809,1.2331610918045044,0.11550780385732651,0.20226967334747314,0.0797576941549778,3.01259803788958,0.8225364089012146,-4.660629637367819,7.581419334187856,7.746722931001166,True
BDI,Burundi,2005,-2.786957166528836,-3.842024632624412,-0.7532980889836338,0.0034906048,0.002012732,0.013755263,0.0,7.5203918525389035,8.224489907991709,1.2422151565551758,0.1393672525882721,0.21440663933753967,0.08574185706675053,3.1701454620145286,0.8299175500869751,0.45433906912810684,7.581419334187856,7.746722931001166,True
BDI,Burundi,2006,1.6530758679089708,0.8268381726688118,-1.0266592332705216,0.0054210000000000005,0.0034906048,0.02016528,0.0,7.492522280873615,8.216956927101872,1.251335620880127,0.11386705935001373,0.23248998820781708,0.1406835913658142,3.2171658822812255,0.8372986912727356,-2.786957166528836,7.581419334187856,7.746722931001166,True
BDI,Burundi,2007,-0.33422365891420114,-0.3647483228117171,-1.4343799339831875,0.006575999999999999,0.0054210000000000005,0.025427349000000002,0.0,7.509053039552705,8.206690334769167,1.2605230808258057,0.11198251694440842,0.19389060139656067,0.17860528267920017,3.2460165049034373,0.618850827217102,1.6530758679089708,7.581419334187856,7.746722931001166,True
BDI,Burundi,2008,1.1430388740941488,1.0665623101198716,-1.3671147257253935,0.006999999999999999,0.006575999999999999,0.033080636999999996,0.0,7.505710802963563,8.192346535429335,1.2697780132293701,0.09670224040746689,0.18168382346630096,0.15841064229607582,3.288776864902987,0.6149203777313232,-0.33422365891420114,7.581419334187856,7.746722931001166,True
BDI,Burundi,2009,0.32404319387557834,0.4208145817283501,0.27110141358619444,0.008100000000000001,0.006999999999999999,0.056501822,1.8811055e-05,7.517141191704504,8.178675388172081,1.279101014137268,0.08856550604104996,0.2012951523065567,0.2092008776962757,3.3013103621773343,0.6062182188034058,1.1430388740941488,7.581419334187856,7.746722931001166,True
BDI,Burundi,2010,1.566596780242957,-0.5287845805675748,1.1431578972695533,0.009000000000000001,0.008100000000000001,0.10290405,1.7881799e-05,7.52038162364326,8.181386402307943,1.2884923219680786,0.11082860827445984,0.19304348528385162,0.17708629369735718,3.2872698470336914,0.6062182188034058,0.32404319387557834,7.581419334187856,7.746722931001166,True
BDI,Burundi,2011,0.9767649900485509,-1.2560388100223105,1.408782854649182,0.01,0.009000000000000001,0.1789622,3.7540884e-05,7.53604759144569,8.192817981280639,1.297952651977539,0.11860919743776321,0.20861688256263733,0.20657488331198692,3.2560669979547097,0.6062182188034058,1.566596780242957,7.581419334187856,7.746722931001166,True
BDI,Burundi,2012,1.4166730449931997,-0.2554502474905428,1.2429163239019658,0.0111,0.01,0.19701485000000002,5.1142326999999994e-05,7.545815241346175,8.20690580982713,1.3106213808059692,0.10989486426115036,0.20050787925720215,0.2049863636493683,3.207759113683073,0.6062182188034058,0.9767649900485509,7.581419334187856,7.746722931001166,True
BDI,Burundi,2013,1.9300451355771742,0.33670692565052407,1.0830693605145214,0.012199999999999999,0.0111,0.22312777,6.97049e-05,7.559981971796107,8.21933497306615,1.3234138488769531,0.10378579795360565,0.18815889954566956,0.23105048760771751,3.1597418331932747,0.6062182188034058,1.4166730449931997,7.581419334187856,7.746722931001166,True
BDI,Burundi,2014,1.2853212048240081,-0.3538943603212191,1.2399449800643225,0.012642180999999999,0.012199999999999999,0.24300681999999998,0.00014694414,7.579282423151879,8.230165666671295,1.3363311290740967,0.08493756502866745,0.20321954786777496,0.2161106988787651,3.133426043297982,0.6062182188034058,1.9300451355771742,7.581419334187856,7.746722931001166,True
BDI,Burundi,2015,-3.903548058222306,-4.775636726288239,-0.683441726526901,0.010423921000000001,0.012642180999999999,0.29567783,0.00015741054,7.592135635200119,8.242565116471939,1.349374532699585,0.08110649138689041,0.20997318625450134,0.21125710383057594,3.1368517759671644,0.6062182188034058,1.2853212048240081,7.581419334187856,7.746722931001166,True
BDI,Burundi,2016,-0.3290068416136549,-0.7455667987009275,-0.5650012460405307,0.02,0.010423921000000001,0.45237926,0.00025082417,7.553100154617896,8.23573069920667,1.362545132637024,0.07983598858118057,0.1910575032234192,0.19423002749681473,3.1568889002572487,0.6062182188034058,-3.903548058222306,7.581419334187856,7.746722931001166,True
BDI,Burundi,2017,0.64527613472114,0.2470622164111441,-0.5899659114939837,0.022000000000000002,0.02,0.4766973,0.00028871518,7.549810086201759,8.230080686746264,1.3758444786071777,0.08551467210054398,0.189691960811615,0.17127348482608795,3.1769874824086664,0.6062182188034058,-0.3290068416136549,7.581419334187856,7.746722931001166,True
BDI,Burundi,2018,-1.851062640456913,-3.8552415586425366,0.7298259352758407,0.026607485,0.022000000000000002,0.51453327,0.0003401478,7.556262847548971,8.224181027631325,1.3892734050750732,0.09575429558753967,0.19115692377090454,0.2187153622508049,3.1813499473331674,0.6062182188034058,0.64527613472114,7.581419334187856,7.746722931001166,True
BDI,Burundi,2019,-1.545563085085977,-2.444183752815179,0.7184228366758916,0.040195,0.026607485,0.53273693,0.00033180304,7.537752221144402,8.231479286984083,1.4028335809707642,0.1176159456372261,0.20298133790493011,0.23244771733880043,3.166783830182718,0.6062182188034058,-1.851062640456913,7.581419334187856,7.746722931001166,True
BEL,Belgium,1996,1.029451360095912,0.9443546293402459,1.3984131276300715,0.00992,0.006959999999999999,0.023303952,0.0,11.391472556041432,13.321917431507478,2.88960862159729,0.2907668650150299,0.1590595841407776,2.0279613733291626,0.2987482843539446,0.6172025203704834,0.8349549295600056,11.170399417005715,11.361545592694448,True
BEL,Belgium,1997,3.135311923111317,1.5043160088641514,1.3147575559294467,0.0297,0.00992,0.047235120000000005,0.0,11.401767069642391,13.335901562783778,2.9062201976776123,0.28411686420440674,0.15913820266723633,2.071836829185486,0.21544948215113102,0.6217400431632996,1.029451360095912,11.170399417005715,11.361545592694448,True
BEL,Belgium,1998,0.2855454562016746,-0.9324456244682995,0.1810840676304437,0.049400000000000006,0.0297,0.0959632,0.0,11.433120188873504,13.349049138343073,2.922927141189575,0.2753852903842926,0.16295160353183746,1.9256148934364319,0.1518593812297908,0.6191533207893372,3.135311923111317,11.170399417005715,11.361545592694448,True
BEL,Belgium,1999,2.1667222512805395,1.1829424433325173,0.5489540700517992,0.0789,0.049400000000000006,0.17237871,0.0010721853000000001,11.43597564343552,13.350859979019377,2.939730644226074,0.26213300228118896,0.16580334305763245,1.952496886253357,0.13205555797721757,0.6169471740722656,0.2855454562016746,11.170399417005715,11.361545592694448,True
BEL,Belgium,2000,1.6394521905599646,0.3290449423697963,-0.0728175360361405,0.138,0.0789,0.31167189,0.0022495604,11.457642865948326,13.356349519719895,2.956630229949951,0.264175146818161,0.16677017509937286,1.8849972486495972,0.17431782611163626,0.6243529319763184,2.1667222512805395,11.170399417005715,11.361545592694448,True
BEL,Belgium,2001,-0.28213159473882143,-1.004435064000847,0.43068331051330233,0.29431692000000004,0.138,0.54907875,0.0140674,11.474037387853926,13.355621344359534,2.9736270904541016,0.26600509881973267,0.17076247930526733,1.9324017763137817,0.2617009572552398,0.6166436672210693,1.6394521905599646,11.170399417005715,11.361545592694448,True
BEL,Belgium,2002,1.4694737472709107,-0.10032088670082276,1.1274643005720009,0.31288395,0.29431692000000004,0.7482255999999999,0.044717684,11.471216071906538,13.359928177464667,2.9924190044403076,0.2572857141494751,0.178736612200737,1.941372811794281,0.35906942750911774,0.6273439526557922,-0.28213159473882143,11.170399417005715,11.361545592694448,True
BEL,Belgium,2003,1.0236435023312396,-0.1596430647631802,1.1994431394509064,0.4633,0.31288395,0.7840703000000001,0.07891416999999999,11.485910809379247,13.371202820470387,3.011329412460327,0.23146049678325653,0.1882988065481186,1.962402880191803,0.44349533992664725,0.631530225276947,1.4694737472709107,11.170399417005715,11.361545592694448,True
BEL,Belgium,2004,2.37432846913439,2.0351997821164405,0.44557927657731256,0.4997,0.4633,0.8293773,0.11978574,11.49614724440256,13.383197251864896,3.0303595066070557,0.24102939665317535,0.1848996877670288,2.117546319961548,0.5210482942519246,0.6243840456008911,1.0236435023312396,11.170399417005715,11.361545592694448,True
BEL,Belgium,2005,0.7866356195417978,0.4084063450814691,0.24383212994774084,0.5386,0.4997,0.8762546,0.15544560000000002,11.519890529093903,13.38765304463067,3.0495097637176514,0.2732325792312622,0.16527020931243896,2.336486339569092,0.5845709215359207,0.6098069548606873,2.37432846913439,11.170399417005715,11.361545592694448,True
BEL,Belgium,2006,1.3723456210277263,0.32820121679516445,0.5406469253861346,0.5582,0.5386,0.9165759,0.19187002,11.527756885289321,13.390091365930147,3.0687811374664307,0.29178500175476074,0.16142772138118744,2.4247124195098877,0.6350807522561563,0.6029680967330933,0.7866356195417978,11.170399417005715,11.361545592694448,True
BEL,Belgium,2007,1.9601458393479376,1.4196435656237583,0.29518236714860535,0.6198187000000001,0.5582,0.93353836,0.23241205,11.541480341499598,13.395497835184008,3.0735692977905273,0.3014248013496399,0.1703517884016037,2.568920850753784,0.6858929088315868,0.6032912731170654,1.3723456210277263,11.170399417005715,11.361545592694448,True
BEL,Belgium,2008,-1.2844383578949348,-1.2128531382935868,0.15429519838807693,0.6676042,0.6198187000000001,1.0105998,0.25689386,11.561081799893078,13.398449658855494,3.078364849090576,0.31594401597976685,0.16983665525913239,2.722922921180725,0.7327220267111745,0.6000671982765198,1.9601458393479376,11.170399417005715,11.361545592694448,True
BEL,Belgium,2009,-1.8215482036531228,-1.717939764154092,1.5832149092384284,0.6885732,0.6676042,1.0590115,0.27848564,11.548237416314128,13.399992610839375,3.0831680297851562,0.3390723466873169,0.18428188562393188,2.8534159660339355,0.7560545654507145,0.6182093024253845,-1.2844383578949348,11.170399417005715,11.361545592694448,True
BEL,Belgium,2010,2.6001730965182546,1.6902900920677761,1.0695192598630499,0.7454414,0.6885732,1.08899574,0.29161943,11.530021934277597,13.415824759931759,3.0879786014556885,0.2979431450366974,0.1895292103290558,2.3302167654037476,0.7503444143437399,0.6309320330619812,-1.8215482036531228,11.170399417005715,11.361545592694448,True
BEL,Belgium,2011,0.7418647417573254,-0.29289513045112425,0.5519980852183082,0.77639786,0.7454414,1.1113154,0.30842628,11.55602366524278,13.42651995253039,3.092796802520752,0.31830766797065735,0.18671509623527527,2.4188026189804077,0.7229735639389112,0.6138140559196472,2.6001730965182546,11.170399417005715,11.361545592694448,True
BEL,Belgium,2012,0.2843621066588753,-0.07989392716804838,0.9848884889649412,0.8160999,0.77639786,1.1320184,0.32103250000000005,11.563442312660353,13.432039933382573,3.0989954471588135,0.34040382504463196,0.19106163084506989,2.7753002643585205,0.6843318833465784,0.6183372139930725,0.7418647417573254,11.170399417005715,11.361545592694448,True
BEL,Belgium,2013,0.6056210179322008,0.047608529243521776,1.388001311076259,0.8071999,0.8160999,1.10856224,0.3323883,11.566285933726942,13.441888818272222,3.1052064895629883,0.3447225093841553,0.19037896394729614,2.6631953716278076,0.6471294340623768,0.6233172416687012,0.2843621066588753,11.170399417005715,11.361545592694448,True
BEL,Belgium,2014,1.00452625547085,0.6312647263585713,0.896341422672009,0.8217019999999999,0.8071999,1.1034868,0.34308453,11.572342143906264,13.455768831382985,3.1114299297332764,0.3242507576942444,0.1934644728899002,2.6507424116134644,0.6173846410331141,0.6248753070831299,0.6056210179322008,11.170399417005715,11.361545592694448,True
BEL,Belgium,2015,1.133166455315049,0.8647534871327568,0.6564103165418445,0.85001236,0.8217019999999999,1.1360026,0.35781967000000003,11.582387406460972,13.464732245609705,3.117666006088257,0.33207768201828003,0.20113646984100342,2.714837670326233,0.6008624018872588,0.6170051693916321,1.00452625547085,11.170399417005715,11.361545592694448,True
BEL,Belgium,2016,-0.07050864357509568,-0.4499075478723823,0.31702176980701324,0.8505294000000001,0.85001236,1.1329233600000002,0.36549236,11.593719071014123,13.471296348775123,3.1239144802093506,0.33681827783584595,0.19366596639156342,2.3813793659210205,0.5927290285891118,0.6018011569976807,1.133166455315049,11.170399417005715,11.361545592694448,True
BEL,Belgium,2017,-0.20777665397027079,-0.5378419386922579,-0.21833036442764353,0.8651648000000001,0.8505294000000001,1.1074872,0.376813,11.593013984578372,13.474466566473193,3.1301755905151367,0.3443318009376526,0.19198773801326752,2.4151699542999268,0.5872196275828578,0.5939928293228149,-0.07050864357509568,11.170399417005715,11.361545592694448,True
BEL,Belgium,2018,0.33278013367983306,-0.2228655486462082,0.17887928953470578,0.8767968,0.8651648000000001,0.998304,0.38491116,11.590936218038669,13.472283262828917,3.136449098587036,0.35143986344337463,0.19573652744293213,2.560048818588257,0.5737042001430659,0.5932888388633728,-0.20777665397027079,11.170399417005715,11.361545592694448,True
BEL,Belgium,2019,0.03766235938407192,-0.36363216160297823,0.00538184080536297,0.8864735,0.8767968,1.00164024,0.39400696,11.594264019375467,13.474072055724264,3.142735242843628,0.3676076829433441,0.20167545974254608,2.7088000774383545,0.5451956716492568,0.594810962677002,0.33278013367983306,11.170399417005715,11.361545592694448,True
BEN,Benin,1997,2.5070126960459405,1.5917074812581866,-0.906283245502415,1.69e-05,,0.00043634124000000005,0.0,8.431316980236994,9.660468766238404,1.3487290143966675,0.16783255338668823,0.10619405657052994,0.2648446634411812,3.145323910635045,0.603259801864624,1.1251185997577906,8.21336267835649,8.377584586428952,True
BEN,Benin,1998,0.8506944483583467,-0.5379193404792426,-0.8610308438884218,0.000246,1.69e-05,0.0006724569,0.0,8.456387107197454,9.65140593378338,1.363856554031372,0.183216392993927,0.10758304595947266,0.2526526302099228,3.0283753209140674,0.606281578540802,2.5070126960459405,8.21336267835649,8.377584586428952,True
BEN,Benin,1999,2.1786364078264953,1.0827537121235187,-0.6662654156228243,0.000479,0.000246,0.0009547122600000001,0.0,8.464894051681037,9.642795625344496,1.3791536092758179,0.16898491978645325,0.11406784504652023,0.2725432366132736,2.9586132252972686,0.6144481897354126,0.8506944483583467,8.21336267835649,8.377584586428952,True
BEN,Benin,2000,2.609535923698836,2.001482432099494,-1.0111714202954758,0.00155,0.000479,0.0010707674,0.0,8.486680415759302,9.636132971188268,1.3946224451065063,0.1883804053068161,0.11216001212596893,0.20132271572947502,2.951754469578849,0.6171550154685974,2.1786364078264953,8.21336267835649,8.377584586428952,True
BEN,Benin,2001,2.2192476360071822,2.231342500853123,-0.07463268719831717,0.0022524785,0.00155,0.0076819336,0.0,8.51277577499629,9.626021256985313,1.4102646112442017,0.16841194033622742,0.11182233691215515,0.14514517411589622,2.9839947756065133,0.6171550154685974,2.609535923698836,8.21336267835649,8.377584586428952,True
BEN,Benin,2002,1.5227073571029592,1.841032331278547,-0.6105821945467937,0.003634179,0.0022524785,0.016788448,0.0,8.534968251356363,9.62527493011333,1.4235222339630127,0.20042552053928375,0.12014433741569519,0.14991618692874908,3.023780213632099,0.6171550154685974,2.2192476360071822,8.21336267835649,8.377584586428952,True
BEN,Benin,2003,0.040521218291722505,0.129140802582689,-0.5291169234144633,0.007029456,0.003634179,0.028502653,2.7360044999999995e-06,8.550195324927392,9.619169108167862,1.4369044303894043,0.17056933045387268,0.11868049204349518,0.1638965681195259,3.04308295807465,0.6171550154685974,1.5227073571029592,8.21336267835649,8.377584586428952,True
BEN,Benin,2004,1.0324808387730755,0.787337529930443,-0.9493807804554777,0.009513271,0.007029456,0.029846191,2.6538371e-06,8.55060053711031,9.613877938933717,1.450412631034851,0.17566461861133575,0.13743670284748077,0.16768017783761024,3.039674831801964,0.6171550154685974,0.040521218291722505,8.21336267835649,8.377584586428952,True
BEN,Benin,2005,-1.527471542504344,-1.1273168777108211,-1.4261078485997558,0.011825410000000001,0.009513271,0.056295710000000006,9.927573e-06,8.56092534549804,9.604384131129162,1.4640476703643799,0.17916201055049896,0.14348910748958588,0.15065204352140427,3.005342106423825,0.6171550154685974,1.0324808387730755,8.21336267835649,8.377584586428952,True
BEN,Benin,2006,0.9886766503830913,1.1003198953563609,-1.2089065671235133,0.012709999999999999,0.011825410000000001,0.07076392000000001,2.3260936e-05,8.545650630072997,9.590123052643165,1.4778108596801758,0.14050720632076263,0.15667545795440674,0.13765092939138412,2.952383515905499,0.6171550154685974,-1.527471542504344,8.21336267835649,8.377584586428952,True
BEN,Benin,2007,2.99181883319104,2.066462760143817,0.26673861336057314,0.015379,0.012709999999999999,0.12144226,0.00017231775000000002,8.555537396576828,9.57803398697193,1.4931838512420654,0.14879819750785828,0.16243797540664673,0.13391871564090252,2.897544922883899,0.6171550154685974,0.9886766503830913,8.21336267835649,8.377584586428952,True
BEN,Benin,2008,2.0121746578933397,1.883710288386703,0.21581879413599125,0.0179,0.015379,0.2291471,7.929444000000001e-05,8.585455584908738,9.580701373105535,1.5087167024612427,0.1796990931034088,0.15630701184272766,0.18160220235586166,2.8540855614091143,0.6171550154685974,2.99181883319104,8.21336267835649,8.377584586428952,True
BEN,Benin,2009,-0.37027808483109936,0.13061908819198276,0.6206148859433824,0.018500000000000003,0.0179,0.392846,0.0009128277999999999,8.605577331487671,9.582859561046895,1.5244110822677612,0.1623661369085312,0.17358006536960602,0.18106035888195038,2.8235555478189234,0.6171550154685974,2.0121746578933397,8.21336267835649,8.377584586428952,True
BEN,Benin,2010,-0.6468397274261406,-1.5938436465054355,1.0709893631315026,0.022400000000000003,0.018500000000000003,0.5293012,0.0020044328,8.60187455063936,9.589065709906329,1.5402687788009644,0.17755191028118134,0.18520043790340424,0.17458175867795944,2.8093017518369567,0.6171550154685974,-0.37027808483109936,8.21336267835649,8.377584586428952,True
BEN,Benin,2011,7.769640234809927,4.902682282568288,3.1039974216472643,0.0313,0.022400000000000003,0.7221154,0.0027592800000000002,8.595406153365099,9.599775603537644,1.5562914609909058,0.18447290360927582,0.17993572354316711,0.23051492124795914,2.8060864840234956,0.6171550154685974,-0.6468397274261406,8.21336267835649,8.377584586428952,True
BEN,Benin,2012,7.466173997199732,5.563983113864252,1.3702569283550403,0.04148323,0.0313,0.769318,0.0037186846,8.673102555713198,9.630815577754117,1.5996061563491821,0.18564201891422272,0.16847263276576996,0.19002780504524708,2.8037285424631353,0.6171550154685974,7.769640234809927,8.21336267835649,8.377584586428952,True
BEN,Benin,2013,9.573583276874054,5.574803884360563,4.856521036386141,0.045,0.04148323,0.8086289,0.0040163857,8.747764295685196,9.644518147037667,1.6441264152526855,0.16342264413833618,0.14561468362808228,0.190420089289546,2.7976486494400987,0.6171550154685974,7.466173997199732,8.21336267835649,8.377584586428952,True
BEN,Benin,2014,9.14762127787938,5.8095294288031045,3.9123454697909565,0.049,0.045,0.8990192,0.0039665383,8.843500128453936,9.693083357401528,1.6898857355117798,0.19705380499362946,0.1405530422925949,0.21332985535264015,2.7907378387919124,0.6171550154685974,9.573583276874054,8.21336267835649,8.377584586428952,True
BEN,Benin,2015,9.05496303754596,6.0435122696264365,3.1127097752531085,0.06,0.049,0.7851703999999999,0.004117768,8.93497634123273,9.732206812099438,1.7300400733947754,0.1655038297176361,0.12454188615083694,0.23837553337216377,2.7821709622951385,0.6171550154685974,9.14762127787938,8.21336267835649,8.377584586428952,True
BEN,Benin,2016,0.16244381077683556,-2.0363770929925695,2.5360435746154764,0.11255000000000001,0.06,0.8201933,0.0064488214,9.02552597160819,9.76333390985197,1.7662097215652466,0.14370885491371155,0.12714432179927826,0.16021579504013062,2.771694725828233,0.6171550154685974,9.05496303754596,8.21336267835649,8.377584586428952,True
BEN,Benin,2017,2.351170280131143,-0.5882332846805749,4.201421457225862,0.145,0.11255000000000001,0.7601821,0.0019061635,9.027150409715958,9.788694345598124,1.8031355142593384,0.13486291468143463,0.11848238855600357,0.1529614683240652,2.761372701292153,0.6171550154685974,0.16244381077683556,8.21336267835649,8.377584586428952,True
BEN,Benin,2018,3.315355925081498,-0.5051175964314037,4.999497567160027,0.187,0.145,0.7286714000000001,0.0023767045,9.05066211251727,9.830708560170383,1.8408331871032715,0.16234305500984192,0.12789636850357056,0.18933754786849022,2.7500386929433684,0.6171550154685974,2.351170280131143,8.21336267835649,8.377584586428952,True
BEN,Benin,2019,3.219382949330729,0.3251762695155226,4.8787560245157735,0.19,0.187,0.76408035,0.0021830931,9.083815671768084,9.880703535841983,1.8793190717697144,0.17832714319229126,0.13063837587833405,0.19283731654286385,2.7348808754271925,0.6171550154685974,3.315355925081498,8.21336267835649,8.377584586428952,True
BFA,Burkina Faso,1997,5.500417953817571,1.8624738133626584,4.980470281913796,9.610000000000001e-06,,4.94294e-05,0.0,7.796675311900559,8.442725208881647,1.0533310174942017,0.15164877474308014,0.11173337697982788,0.11958644166588783,2.7648949982335136,0.5349799394607544,9.859942460736715,7.78361906345188,7.698030437662728,True
BFA,Burkina Faso,1998,6.389854669791983,3.1076880018398754,4.19161485381121,0.00018700000000000002,9.610000000000001e-06,0.0001379234,0.0,7.851679491438735,8.492529911700785,1.0573382377624512,0.1627553254365921,0.10812752693891525,0.13958298414945602,2.783685301679739,0.5379259586334229,5.500417953817571,7.78361906345188,7.698030437662728,True
BFA,Burkina Faso,1999,5.351573536744425,3.614715286335371,3.214077147996619,0.00045400000000000003,0.00018700000000000002,0.00024372688,0.0,7.915578038136655,8.534446060238897,1.0613605976104736,0.14631986618041992,0.1107875257730484,0.15556007996201515,2.8029404180793804,0.5408720374107361,6.389854669791983,7.78361906345188,7.698030437662728,True
BFA,Burkina Faso,2000,1.122366596837665,-0.44030477332108464,2.7443987243428225,0.0006180000000000001,0.00045400000000000003,0.00043663904,0.0,7.969093773504099,8.566586831718864,1.0653983354568481,0.121087446808815,0.08904492110013962,0.14109159260988235,2.8222717467902836,0.5438181161880493,5.351573536744425,7.78361906345188,7.698030437662728,True
BFA,Burkina Faso,2001,5.607849860078673,4.708733802838452,2.2059351908614744,0.0007708017,0.0006180000000000001,0.0021168841,0.0,7.980317439472476,8.594030818962292,1.0694513320922852,0.10533059388399124,0.10238995403051376,0.12802071683108807,2.841885125444099,0.5282720327377319,1.122366596837665,7.78361906345188,7.698030437662728,True
BFA,Burkina Faso,2002,3.4136685527847987,2.549565644824088,2.2055886444414696,0.0015773247000000002,0.0007708017,0.006196502,0.0,8.036395938073262,8.616090170870907,1.0787464380264282,0.10936274379491806,0.11428297311067581,0.08960521407425404,2.8588686028695687,0.5271245241165161,5.607849860078673,7.78361906345188,7.698030437662728,True
BFA,Burkina Faso,2003,6.610760367447455,5.350199402345149,2.8159886874590256,0.002009926,0.0015773247000000002,0.0087543494,3.9429386e-06,8.07053262360111,8.638146057315321,1.0881223678588867,0.10793672502040863,0.117587149143219,0.0863964818418026,2.8759924318929375,0.542445182800293,3.4136685527847987,7.78361906345188,7.698030437662728,True
BFA,Burkina Faso,2004,3.84375193344777,1.5040439533273073,3.93331876837415,0.003734403,0.002009926,0.018199382,1.1083481e-05,8.136640227275585,8.666305944189912,1.0975795984268188,0.12146100401878357,0.11664808541536331,0.12376317754387856,2.8984315548787443,0.5140739679336548,6.610760367447455,7.78361906345188,7.698030437662728,True
BFA,Burkina Faso,2005,7.700929868285478,5.136838686313846,4.348992857216416,0.004002953,0.003734403,0.029327657,1.1406955999999999e-05,8.175077746610063,8.705639131873653,1.1071192026138306,0.11960066109895706,0.1243465393781662,0.13820137456059456,2.927561372900467,0.49517765641212463,3.84375193344777,7.78361906345188,7.698030437662728,True
BFA,Burkina Faso,2006,5.0431347990832265,2.427508205138616,4.160096668399227,0.004699,0.004002953,0.045474334,2.7562203e-05,8.252087045292917,8.749129060445817,1.11674165725708,0.13731370866298676,0.12921743094921112,0.13693294674158096,2.9591877763592844,0.5344759225845337,7.700929868285478,7.78361906345188,7.698030437662728,True
BFA,Burkina Faso,2007,1.0116740858030937,-0.9844388135813512,2.8382126452488166,0.006327,0.004699,0.07072671,0.00011931508,8.30251839328375,8.79073002712981,1.1264476776123047,0.12612731754779816,0.14114020764827728,0.14138205908238888,2.9890626875521242,0.5042003393173218,5.0431347990832265,7.78361906345188,7.698030437662728,True
BFA,Burkina Faso,2008,7.142309913731459,3.608223206781592,7.113363444247156,0.0075,0.006327,0.12540493,0.00045436422999999996,8.31263513414178,8.819112153582298,1.1362382173538208,0.13859136402606964,0.1505388617515564,0.15475110709667206,3.011815794007644,0.46006473898887634,1.0116740858030937,7.78361906345188,7.698030437662728,True
BFA,Burkina Faso,2009,3.433369047970558,0.17575558586229167,7.162282073123549,0.0092,0.0075,0.19819973000000002,0.0006728233,8.384058233279095,8.89024578802477,1.1461137533187866,0.16443365812301636,0.14311955869197845,0.1697608381509781,3.0249548572814255,0.5095880031585693,7.142309913731459,7.78361906345188,7.698030437662728,True
BFA,Burkina Faso,2010,7.583716855483225,2.80776805294876,7.0464942458185575,0.0113,0.0092,0.24338695999999999,0.0007604679,8.4183919237588,8.961868608756005,1.156075119972229,0.1701662242412567,0.1518421471118927,0.20442038774490356,3.0264498704472675,0.4693254828453064,3.433369047970558,7.78361906345188,7.698030437662728,True
BFA,Burkina Faso,2011,4.771749514336676,0.07304167009792167,6.585429088634065,0.024,0.0113,0.35284832,0.0008472168,8.494229092313633,9.03233355121419,1.1661230325698853,0.18710343539714813,0.14611825346946716,0.22590256482362747,3.01925129282834,0.47282132506370544,7.583716855483225,7.78361906345188,7.698030437662728,True
BFA,Burkina Faso,2012,3.3905406725804,-0.704411827160295,5.819486974936439,0.03,0.024,0.46105762,0.0008440209999999999,8.541946587457,9.09818784210053,1.1788954734802246,0.19742004573345184,0.15364739298820496,0.29344312846660614,3.0089942910939804,0.4570311903953552,4.771749514336676,7.78361906345188,7.698030437662728,True
BFA,Burkina Faso,2013,1.4104701423390154,-1.836014741958629,4.211182016090298,0.03725,0.03,0.5809421,0.0008343676,8.575851994182804,9.156382711849895,1.1918078660964966,0.20493729412555695,0.13407428562641144,0.34475554525852203,2.997422283091833,0.46816784143447876,3.3905406725804,7.78361906345188,7.698030437662728,True
BFA,Burkina Faso,2014,-1.510319589927711,-2.508588443147163,0.004010512871666094,0.05,0.03725,0.63524307,0.0007325064000000001,8.589956695606194,9.198494532010798,1.2048617601394653,0.18431583046913147,0.1396367847919464,0.3697396069765091,2.9816228059392103,0.4812612533569336,1.4104701423390154,7.78361906345188,7.698030437662728,True
BFA,Burkina Faso,2015,1.092631994669091,-2.1248449672891323,3.855623530065877,0.06,0.05,0.6853955,0.00029666264,8.574853499706917,9.198534637139515,1.218058466911316,0.14946934580802917,0.15003643929958344,0.3429730385541916,2.9619161631046165,0.4840826988220215,-1.510319589927711,7.78361906345188,7.698030437662728,True
BFA,Burkina Faso,2016,2.4880635541091323,-0.3481709072159604,3.8455366166582294,0.065457,0.06,0.7693733,0.0004981497299999999,8.585779819653608,9.237090872440174,1.2313997745513916,0.1453276127576828,0.1504574716091156,0.2885003015398979,2.939389054554775,0.48117053508758545,1.092631994669091,7.78361906345188,7.698030437662728,True
BFA,Burkina Faso,2017,2.6680748195461845,-0.2505736725837614,3.8121516840877945,0.07141,0.065457,0.7966979000000001,0.0006405013,8.610660455194699,9.275546238606756,1.2448872327804565,0.15188723802566528,0.15893882513046265,0.29869741201400757,2.9152064485466145,0.46403878927230835,2.4880635541091323,7.78361906345188,7.698030437662728,True
BFA,Burkina Faso,2018,3.1678838362042328,-1.1455514162714964,5.277210308358704,0.077904,0.07141,0.9020814500000001,0.0006213304,8.63734120339016,9.313667755447634,1.2585225105285645,0.165373757481575,0.17754550278186798,0.30451539903879166,2.890702920560839,0.4609280228614807,2.6680748195461845,7.78361906345188,7.698030437662728,True
BFA,Burkina Faso,2019,2.596610734115501,-1.6078225273557316,6.416652060777572,0.08498900000000001,0.077904,0.9462196,0.000676084,8.669020041752203,9.366439858531221,1.27230703830719,0.18915237486362457,0.16299112141132355,0.3069198876619339,2.8669895346081997,0.4609280228614807,3.1678838362042328,7.78361906345188,7.698030437662728,True
BGR,Bulgaria,1996,5.683280808966451,7.415930194841983,-2.198200831723973,0.0012,0.000195,0.0024676853,0.0,10.184911332964308,10.7001621704618,2.822603940963745,0.0052973427809774876,0.38561442494392395,0.17905498296022415,-1.1334788563654996,0.40934398770332336,5.457594449856984,10.186883254287036,10.126485720072884,True
BGR,Bulgaria,1998,4.351354057390111,3.443937923189762,4.1235246927953995,0.012199999999999999,0.0072499999999999995,0.0084145075,0.0,10.094647122250395,10.70205085497023,2.8540377616882324,0.06325400620698929,0.2738204598426819,0.35479213297367096,-0.9713727502612901,0.500328540802002,-14.709701880357784,10.186883254287036,10.126485720072884,True
BGR,Bulgaria,1999,-6.570377902474611,-11.578534476282929,7.277165477963976,0.0184,0.012199999999999999,0.015422116999999999,0.0,10.138160662824296,10.743286101898184,2.8698859214782715,0.10797537863254547,0.32529309391975403,0.2995486855506897,-0.9069950865873366,0.46794918179512024,4.351354057390111,10.186883254287036,10.126485720072884,True
BGR,Bulgaria,2000,6.270312575977677,2.6458000466776452,7.532624029077972,0.0291,0.0184,0.042880063,0.0,10.07245688379955,10.816057756677823,2.885821580886841,0.13508041203022003,0.29776662588119507,0.3054453879594803,-0.87224802223278,0.5360361933708191,-6.570377902474611,10.186883254287036,10.126485720072884,True
BGR,Bulgaria,2001,7.890083295812289,0.6239254269164607,10.974208509442462,0.053709235,0.0291,0.092244005,0.0,10.135160009559327,10.891383996968603,2.901846170425415,0.13038621842861176,0.2892036736011505,0.35377395153045654,-0.8595283965079137,0.5044593214988708,6.270312575977677,10.186883254287036,10.126485720072884,True
BGR,Bulgaria,2002,4.17364779908489,0.3476431017715137,4.7397191471674205,0.07612297500000001,0.053709235,0.19549845000000002,0.0,10.21406084251745,11.001126082063028,2.9194586277008057,0.1496574431657791,0.2864638864994049,0.39025239646434784,-0.8444451655003071,0.47758570313453674,7.890083295812289,10.186883254287036,10.126485720072884,True
BGR,Bulgaria,2003,2.3632357428954975,-0.5278509908618535,3.868791485263401,0.0908,0.07612297500000001,0.33039515999999997,0.0,10.255797320508298,11.048523273534702,2.937177896499634,0.15079982578754425,0.2782880961894989,0.40748681128025055,-0.8161624932208067,0.4535946846008301,4.17364779908489,10.186883254287036,10.126485720072884,True
BGR,Bulgaria,2004,3.030055410864385,-0.2782714485209691,3.7892506711134644,0.1204,0.0908,0.44857579999999997,0.0,10.279429677937253,11.087211188387336,2.9550046920776367,0.1485113650560379,0.2931961417198181,0.48438915610313416,-0.7903656019477623,0.4677734971046448,2.3632357428954975,10.186883254287036,10.126485720072884,True
BGR,Bulgaria,2005,6.505973144936128,1.1081960061926597,8.556665478441161,0.1813,0.1204,0.61033276,0.0008582567000000001,10.309730232045897,11.12510369509847,2.9729397296905518,0.1707276999950409,0.27849385142326355,0.566737174987793,-0.7676443244918563,0.46456292271614075,3.030055410864385,10.186883254287036,10.126485720072884,True
BGR,Bulgaria,2006,2.3746133714050544,-0.6782498607048388,5.0100453902645725,0.1997,0.1813,0.8115505000000001,0.021503302999999998,10.374789963495259,11.210670349882882,2.990983724594116,0.20880001783370972,0.25399523973464966,0.6176275014877319,-0.7474311270657896,0.4674535393714905,6.505973144936128,10.186883254287036,10.126485720072884,True
BGR,Bulgaria,2007,1.8678474570371861,-1.7107145652053437,4.99261719535351,0.2709,0.1997,1.0802485,0.0503478,10.398536097209309,11.260770803785528,3.0091373920440674,0.24964863061904907,0.25977006554603577,0.7024685144424438,-0.7305176104474231,0.46368643641471863,2.3746133714050544,10.186883254287036,10.126485720072884,True
BGR,Bulgaria,2008,2.6382761771627017,-2.7463642318080113,7.599258346652427,0.33640000000000003,0.2709,1.3045502999999998,0.08291620999999999,10.417214571779681,11.310696975739063,3.0274007320404053,0.26177388429641724,0.25652986764907837,0.7630720138549805,-0.7146417727724064,0.4670502543449402,1.8678474570371861,10.186883254287036,10.126485720072884,True
BGR,Bulgaria,2009,-0.24491472803696013,-3.589762514089101,10.040527303615576,0.3967,0.33640000000000003,1.3839671000000002,0.11194237,10.443597333551308,11.386689559205587,3.0457754135131836,0.30436840653419495,0.2754306495189667,0.804857075214386,-0.696457874128642,0.49773138761520386,2.6382761771627017,10.186883254287036,10.126485720072884,True
BGR,Bulgaria,2010,6.20419504379619,1.2780689151303144,9.846955523164702,0.45,0.3967,1.3962082,0.1332844,10.441148186270938,11.487094832241743,3.0642611980438232,0.2582281231880188,0.2646680176258087,0.5819265842437744,-0.6744304648624411,0.4726378321647644,-0.24491472803696013,10.186883254287036,10.126485720072884,True
BGR,Bulgaria,2011,5.969578403445652,2.165241164079961,7.171150430229645,0.4623,0.45,1.3714026000000001,0.15122125,10.5031901367089,11.58556438747339,3.082859516143799,0.21406830847263336,0.2691900432109833,0.6436825096607208,-0.6511407592453278,0.48066189885139465,6.20419504379619,10.186883254287036,10.126485720072884,True
BGR,Bulgaria,2012,1.4177086322300525,-0.9329002127106473,4.465338939426466,0.47979992000000005,0.4623,1.4193831000000001,0.17029699999999998,10.562885920743357,11.657275891775686,3.0941543579101562,0.19917267560958862,0.25780436396598816,0.8189583420753479,-0.6263067079300688,0.46807509660720825,5.969578403445652,10.186883254287036,10.126485720072884,True
BGR,Bulgaria,2013,0.287534581672233,-1.3836971130208375,3.17487927370248,0.51899986,0.47979992000000005,1.4733786,0.18200676000000002,10.577063007065657,11.701929281169951,3.1054906845092773,0.20225432515144348,0.24768401682376862,0.8111971914768219,-0.6069216347186712,0.4806672930717468,1.4177086322300525,10.186883254287036,10.126485720072884,True
BGR,Bulgaria,2014,0.30481994139819335,-0.6597339361033079,1.6644563072544472,0.5306150000000001,0.51899986,1.4435515,0.19568207,10.57993835288238,11.733678073906976,3.116868257522583,0.19216395914554596,0.2614819407463074,0.8822369575500488,-0.6005861424474235,0.5130219459533691,0.287534581672233,10.186883254287036,10.126485720072884,True
BGR,Bulgaria,2015,2.2323773951313797,1.2731731465483045,1.5205791725469098,0.55490376,0.5306150000000001,1.3133514,0.20501135,10.582986552296362,11.75032263697952,3.1282877922058105,0.2010679990053177,0.25666630268096924,0.8486418426036835,-0.6114880539271228,0.5210660099983215,0.30481994139819335,10.186883254287036,10.126485720072884,True
BGR,Bulgaria,2016,4.24003978815346,2.7556593904523163,2.926011218331226,0.5665625,0.55490376,1.2810326,0.22494423000000002,10.605310326247675,11.76552842870499,3.1397488117218018,0.1905813366174698,0.24912409484386444,0.7568413615226746,-0.6355683586256156,0.5127133727073669,2.2323773951313797,10.186883254287036,10.126485720072884,True
BGR,Bulgaria,2017,-0.8835558212187067,-0.22495697178196028,-1.8507412418191649,0.5982554600000001,0.5665625,1.2590603,0.23817688,10.64771072412921,11.794788540888302,3.151252031326294,0.1726168692111969,0.24120736122131348,0.7182088792324066,-0.6659586891518243,0.5231642127037048,4.24003978815346,10.186883254287036,10.126485720072884,True
BGR,Bulgaria,2018,2.9613886729798367,1.3989015242561011,2.5594075322548093,0.63410103,0.5982554600000001,1.20595634,0.25392515,10.638875165917023,11.77628112847011,3.162797451019287,0.19202874600887299,0.24145521223545074,0.8004245758056641,-0.6946516093824906,0.5139854550361633,-0.8835558212187067,10.186883254287036,10.126485720072884,True
BGR,Bulgaria,2019,0.7977776573499185,0.44310959505831965,0.048821017935551936,0.6478201,0.63410103,1.1939450999999999,0.27103418,10.668489052646821,11.801875203792658,3.1743850708007812,0.2027365118265152,0.24726158380508423,0.8118415474891663,-0.7183274244321192,0.5276587605476379,2.9613886729798367,10.186883254287036,10.126485720072884,True
BHR,Bahrain,1996,1.6135069083981435,0.658125328451914,0.8804357894891979,0.0034599999999999995,,0.045029316,0.0,11.812202063670751,13.38553938510802,2.236903190612793,0.22758746147155762,0.19530080258846283,1.3904207944869995,2.5357064250451367,0.33697938919067383,-0.3131862949489417,10.78603474801931,11.790218868764654,True
BHR,Bahrain,1997,0.4552875677521939,-0.8241789513501491,1.6055660637672275,0.00843,0.0034599999999999995,0.06334195000000001,0.0,11.828337132754733,13.394343743002912,2.257519006729126,0.21831490099430084,0.20507273077964783,0.8291156888008118,2.620858138419846,0.33517584204673767,1.6135069083981435,10.78603474801931,11.790218868764654,True
BHR,Bahrain,1998,2.8291009955861313,1.645496807490729,1.1852243669128626,0.0165,0.00843,0.08970155,0.0,11.832890008432255,13.410399403640584,2.278325080871582,0.23778103291988373,0.17931246757507324,0.7727430164813995,2.7719977956664366,0.33517584204673767,0.4552875677521939,10.78603474801931,11.790218868764654,True
BHR,Bahrain,1999,-4.403592414377222,0.7124211057153912,-8.40411936489538,0.0322,0.0165,0.13689990999999999,0.0,11.861181018388116,13.422251647309713,2.2993228435516357,0.2662140130996704,0.20252710580825806,0.8873782157897949,3.1060776960597503,0.36298686265945435,2.8291009955861313,10.78603474801931,11.790218868764654,True
BHR,Bahrain,2000,0.8085163061315015,2.0575844468052438,-3.0692824423814713,0.0472,0.0322,0.19283577000000002,0.0,11.817145094244344,13.338210453660759,2.320513963699341,0.19627073407173157,0.18538694083690643,0.695735514163971,3.6542621296131728,0.35984858870506287,-4.403592414377222,10.78603474801931,11.790218868764654,True
BHR,Bahrain,2001,-5.705584869781255,-1.243482425697659,-6.050965687465926,0.06153733,0.0472,0.30724737,0.0,11.825230257305659,13.307517629236944,2.341900587081909,0.193086177110672,0.14267520606517792,1.2887406945228577,4.315307640139743,0.33517584204673767,0.8085163061315015,10.78603474801931,11.790218868764654,True
BHR,Bahrain,2002,-4.152286173380304,-1.6520841522576823,-3.6926739428379207,0.15038634,0.06153733,0.42800835,0.0016801056,11.768174408607846,13.247007972362285,2.3303775787353516,0.21973584592342377,0.16170983016490936,1.1692450046539307,4.836512065089643,0.33517584204673767,-5.705584869781255,10.78603474801931,11.790218868764654,True
BHR,Bahrain,2003,-3.413635389346581,0.058089122336685284,-5.139421412412126,0.18050719999999998,0.15038634,0.5171385000000001,0.006620606,11.726651546874043,13.210081232933906,2.318911075592041,0.2558423578739166,0.19047589600086212,1.2799668312072754,5.250209119893751,0.33897337317466736,-4.152286173380304,10.78603474801931,11.790218868764654,True
BHR,Bahrain,2004,-3.417077790214762,0.9090949984691454,-6.445409212088116,0.21554945,0.18050719999999998,0.54618774,0.012002081,11.692515192980578,13.158687018809784,2.3075010776519775,0.2799657881259918,0.19068729877471924,1.0742537379264832,5.756701712056461,0.32670408487319946,-3.413635389346581,10.78603474801931,11.790218868764654,True
BHR,Bahrain,2005,-6.273768940956792,-1.3111187186647,-7.39499246464117,0.21458681,0.21554945,0.74561935,0.017162359000000002,11.65834441507843,13.094232926688903,2.296147346496582,0.3270339071750641,0.19090625643730164,1.0552271008491516,6.360159525528111,0.32246819138526917,-3.417077790214762,10.78603474801931,11.790218868764654,True
BHR,Bahrain,2006,-2.782654779916882,-1.22765709567271,-2.1583725073572424,0.213037,0.21458681,0.8225387999999999,0.022980814000000002,11.595606725668862,13.020283002042492,2.284849166870117,0.3798440098762512,0.17084050178527832,1.0658021569252014,6.904396412224843,0.31823229789733887,-6.273768940956792,10.78603474801931,11.790218868764654,True
BHR,Bahrain,2007,-2.262787944886213,-1.9459146472599886,-0.5873851125874907,0.28244,0.213037,0.9123432,0.03883702,11.567780177869693,12.99869927696892,2.2808048725128174,0.39338839054107666,0.14817459881305695,0.9403972625732422,7.500231304648011,0.31399643421173096,-2.782654779916882,10.78603474801931,11.790218868764654,True
BHR,Bahrain,2008,-3.4894566908235447,-4.217550194933954,0.9402740193992898,0.32909999999999995,0.28244,1.0553941,0.064547644,11.545152298420831,12.992825425843044,2.2767674922943115,0.4322725832462311,0.1387966275215149,0.9629668295383453,7.776022594762225,0.30976054072380066,-2.262787944886213,10.78603474801931,11.790218868764654,True
BHR,Bahrain,2009,-7.8698170738160655,-3.6667271629722746,-4.880662238700673,0.5195000000000001,0.32909999999999995,1.285593,0.08353424999999999,11.510257731512596,13.002228166037037,2.272737503051758,0.3708947002887726,0.10808086395263672,0.7829262614250183,7.32434245209724,0.30552464723587036,-3.4894566908235447,10.78603474801931,11.790218868764654,True
BHR,Bahrain,2010,4.646478753768157,-0.09555070207826338,6.660693298296927,0.53,0.5195000000000001,1.18449486,0.11787125,11.431559560774435,12.95342154365003,2.268714427947998,0.29215729236602783,0.13792908191680908,0.6433224081993103,6.127452757818269,0.30128878355026245,-7.8698170738160655,10.78603474801931,11.790218868764654,True
BHR,Bahrain,2011,2.5961041884825065,-1.0664285370459465,5.240748815348972,0.55,0.53,1.2915787,0.12768413,11.478024348312116,13.020028476633,2.2646985054016113,0.30738508701324463,0.12848812341690063,0.8992071747779846,4.599778005887378,0.29705289006233215,4.646478753768157,10.78603474801931,11.790218868764654,True
BHR,Bahrain,2012,-1.0571890950584972,-1.1676798705871128,0.31632478915284423,0.7699997000000001,0.55,1.403506,0.24157969999999998,11.503985390196942,13.07243596478649,2.2607204914093018,0.2501732110977173,0.14324899017810822,1.0218349993228912,2.9609814729913504,0.29705289006233215,2.5961041884825065,10.78603474801931,11.790218868764654,True
BHR,Bahrain,2013,-0.8158016304571802,-0.7687165267794518,-0.13272900951690758,0.88,0.7699997000000001,1.7461957000000001,0.24285643,11.493413499246357,13.075599212678018,2.2567598819732666,0.2713721692562103,0.17419356107711792,0.6579783856868744,1.6906684276160515,0.29705289006233215,-1.0571890950584972,10.78603474801931,11.790218868764654,True
BHR,Bahrain,2014,2.4056879304072964,-0.9520652321885849,4.015707697133841,0.9000004,0.88,1.7580215000000001,0.23866949999999998,11.485255482941785,13.074271922582849,2.2528162002563477,0.2580316960811615,0.1728072315454483,0.8222002685070038,1.15367715621284,0.29705289006233215,-0.8158016304571802,10.78603474801931,11.790218868764654,True
BHR,Bahrain,2015,-2.7707793169000183,-2.051698248002039,-1.0153109642297764,0.90503136,0.9000004,1.7740013,0.2190444,11.509312362245858,13.114428999554187,2.248889207839966,0.2729058563709259,0.18221941590309143,0.8418828845024109,1.5878253084636473,0.29705289006233215,2.4056879304072964,10.78603474801931,11.790218868764654,True
BHR,Bahrain,2016,-3.5340132477603703,-1.9627015210182417,-1.9691478195515089,0.934783,0.90503136,1.8391962000000002,0.18474865000000001,11.481604569076858,13.10427588991189,2.2449793815612793,0.2544405460357666,0.1899634301662445,0.7817147076129913,2.642471155979104,0.29705289006233215,-2.7707793169000183,10.78603474801931,11.790218868764654,True
BHR,Bahrain,2017,3.8204857817293103,-0.12160295547185837,5.474247338473326,0.9799998,0.934783,2.0948914,0.16255201,11.446264436599254,13.084584411716374,2.241086483001709,0.297565221786499,0.18265743553638458,0.662876695394516,3.856652597740007,0.29705289006233215,-3.5340132477603703,10.78603474801931,11.790218868764654,True
BHR,Bahrain,2018,1.983613691947994,-2.6176703693084376,5.945975223031219,0.95878136,0.9799998,1.5954689,0.13101461,11.484469294416547,13.139326885101108,2.2372100353240967,0.3469092547893524,0.17579175531864166,0.649882435798645,4.678050676350637,0.29705289006233215,3.8204857817293103,10.78603474801931,11.790218868764654,True
BHR,Bahrain,2019,3.3471337202582774,-1.2968910427782854,6.731592375628459,0.9864468,0.95878136,1.3973543000000002,0.08434416,11.504305431336027,13.19878663733142,2.2333502769470215,0.36569276452064514,0.1692194938659668,0.6874184310436249,4.9214735282197335,0.29705289006233215,1.983613691947994,10.78603474801931,11.790218868764654,True
BOL,Bolivia (Plurinational State of),1996,2.31986389568668,0.6641100257549104,1.0461507697630879,0.000668,,0.0009218933,0.0,9.302661497815015,10.171127477498626,2.322422504425049,0.09019946306943893,0.3008544147014618,0.23109927773475647,2.0617557092027727,0.5389217138290405,2.559292109391187,8.673153408771578,9.275396815947955,True
BOL,Bolivia (Plurinational State of),1997,3.9217150468720874,0.703588811024311,3.57424870844234,0.00196,0.000668,0.0041805565,0.0,9.325860136771881,10.181588985196257,2.355125904083252,0.09612999111413956,0.29895466566085815,0.2230643332004547,2.037897102876274,0.5544922947883606,2.31986389568668,8.673153408771578,9.275396815947955,True
BOL,Bolivia (Plurinational State of),1998,3.9652467613358056,-0.2101943945431145,5.2028314091272065,0.0044800000000000005,0.00196,0.014553764,0.0,9.365077287240602,10.21733147228068,2.3882901668548584,0.12656226754188538,0.278751015663147,0.26634979248046875,2.0130955052831467,0.5493198037147522,3.9217150468720874,8.673153408771578,9.275396815947955,True
BOL,Bolivia (Plurinational State of),1999,-1.0505029544903621,-3.2515293070461886,2.267987743296729,0.00626,0.0044800000000000005,0.028873424999999998,0.0,9.40472975485396,10.269359786371952,2.4219212532043457,0.1630033403635025,0.2581721842288971,0.31036586314439774,1.987103229701015,0.5186720490455627,3.9652467613358056,8.673153408771578,9.275396815947955,True
BOL,Bolivia (Plurinational State of),2000,0.2866056110857329,-0.9624737637821179,0.3998128124679923,0.00982,0.00626,0.049809384000000005,0.0,9.394224725309057,10.29203966380492,2.4560258388519287,0.13695943355560303,0.2452675849199295,0.2626904770731926,1.9605213457983162,0.5378763675689697,-1.0505029544903621,8.673153408771578,9.275396815947955,True
BOL,Bolivia (Plurinational State of),2001,0.5123473944619761,1.0798014153460767,-0.3487640105941381,0.014427635999999999,0.00982,0.067696714,0.0,9.397090781419914,10.2960377919296,2.4906108379364014,0.1326494961977005,0.23083487153053284,0.29695599526166916,1.9334312603895842,0.5601214170455933,0.2866056110857329,8.673153408771578,9.275396815947955,True
BOL,Bolivia (Plurinational State of),2002,1.2311814625471484,1.0606088301257643,0.7772680617643246,0.021204624000000002,0.014427635999999999,0.08910551,0.0,9.402214255364534,10.292550151823658,2.5198793411254883,0.11029975116252899,0.21344876289367676,0.2712753787636757,1.9057671177063362,0.5585896372795105,0.5123473944619761,8.673153408771578,9.275396815947955,True
BOL,Bolivia (Plurinational State of),2003,3.7198063839571915,2.8049974175196017,2.310460052621899,0.03117193,0.021204624000000002,0.11497665,0.00037414238000000005,9.414526069990005,10.300322832441301,2.5494916439056396,0.1309390664100647,0.1965322345495224,0.26423683762550354,1.877080340808801,0.547475278377533,1.2311814625471484,8.673153408771578,9.275396815947955,True
BOL,Bolivia (Plurinational State of),2004,-2.0474855528410885,-0.02348567527815093,-4.944533808815699,0.035085964,0.03117193,0.1412978,0.0006342051,9.451724133829577,10.32342743296752,2.5730738639831543,0.11229810118675232,0.18756218254566193,0.2465805560350418,1.8473226649662333,0.545152485370636,3.7198063839571915,8.673153408771578,9.275396815947955,True
BOL,Bolivia (Plurinational State of),2005,2.0830400772267055,2.1011553312535596,-0.7273953803037969,0.044399246999999996,0.035085964,0.19564675999999998,0.0009477106,9.431249278301166,10.273982094879363,2.593393087387085,0.09643441438674927,0.1747562289237976,0.27092432975769043,1.8160972360130145,0.5248857140541077,-2.0474855528410885,8.673153408771578,9.275396815947955,True
BOL,Bolivia (Plurinational State of),2006,1.3539142236481894,1.590561790583518,-1.361236478076755,0.052275840000000004,0.044399246999999996,0.25867596,0.0013858925999999999,9.452079679073433,10.266708141076325,2.613872528076172,0.1192917674779892,0.16446009278297424,0.30791839957237244,1.7842549976969213,0.5144793391227722,2.0830400772267055,8.673153408771578,9.275396815947955,True
BOL,Bolivia (Plurinational State of),2007,3.2250652225757293,2.0480609617633343,1.4313885958916472,0.06200671,0.052275840000000004,0.30206226,0.0018472563,9.465618821309915,10.253095776295558,2.6345136165618896,0.1106499508023262,0.15270927548408508,0.3787586987018585,1.7516249001241935,0.47956445813179016,1.3539142236481894,8.673153408771578,9.275396815947955,True
BOL,Bolivia (Plurinational State of),2008,2.940254899175976,2.542828094826862,0.8044046894362111,0.104992,0.06200671,0.33599249999999997,0.0035078609999999997,9.497869473535673,10.267409662254474,2.655317783355713,0.11937522143125534,0.14331303536891937,0.391419380903244,1.719932541384095,0.47111546993255615,3.2250652225757293,8.673153408771578,9.275396815947955,True
BOL,Bolivia (Plurinational State of),2009,3.319291895114951,1.8158215133194573,3.6462503684310477,0.125,0.104992,0.51148846,0.008051481000000001,9.527272022527432,10.275453709148836,2.676286220550537,0.14516378939151764,0.1269461065530777,0.4507984071969986,1.6910766550359835,0.45100635290145874,2.940254899175976,8.673153408771578,9.275396815947955,True
BOL,Bolivia (Plurinational State of),2010,2.2296386328374496,0.37297648284272833,2.0503930146048788,0.168,0.125,0.6453886400000001,0.0095977795,9.560464941478582,10.311916212833147,2.697420358657837,0.15043890476226807,0.12087053060531616,0.3801225870847702,1.6661105834716583,0.47641074657440186,3.319291895114951,8.673153408771578,9.275396815947955,True
BOL,Bolivia (Plurinational State of),2011,2.1133641923951174,-0.3998606998374241,2.4758189809459097,0.22399999999999998,0.168,0.7050726,0.009422977,9.582761327806956,10.332420142979196,2.718721389770508,0.15338455140590668,0.10978200286626816,0.4373236149549484,1.643602455767601,0.4504845440387726,2.2296386328374496,8.673153408771578,9.275396815947955,True
BOL,Bolivia (Plurinational State of),2012,1.9497350305810457,0.12441732346067536,1.8426261834440183,0.3,0.22399999999999998,0.8071630000000001,0.007106243,9.603894969730908,10.357178332788655,2.745150327682495,0.1814448982477188,0.10285592079162598,0.5104481279850006,1.622458836750429,0.45528173446655273,2.1133641923951174,8.673153408771578,9.275396815947955,True
BOL,Bolivia (Plurinational State of),2013,4.605205472400797,1.8379504722053,3.428046209436175,0.35340000000000005,0.3,0.9027559,0.01109834,9.623392320036718,10.375604594623095,2.771836042404175,0.15422388911247253,0.08969243615865707,0.557763397693634,1.6000046047601746,0.4551409184932709,1.9497350305810457,8.673153408771578,9.275396815947955,True
BOL,Bolivia (Plurinational State of),2014,2.168194751885544,-0.0683464268628092,2.5842940690282035,0.3699,0.35340000000000005,0.97595116,0.014425129000000002,9.669444374760726,10.409885056717457,2.798781394958496,0.15721042454242706,0.09471014142036438,0.49239788949489594,1.5746078938652985,0.45984163880348206,4.605205472400797,8.673153408771578,9.275396815947955,True
BOL,Bolivia (Plurinational State of),2015,3.502764252631607,-0.007222588050300252,4.195871874303059,0.3460162,0.3699,0.9632638,0.015926332,9.691126322279581,10.435727997407739,2.82598876953125,0.16715674102306366,0.10350348055362701,0.5144832581281662,1.5449581974731785,0.4723898470401764,2.168194751885544,8.673153408771578,9.275396815947955,True
BOL,Bolivia (Plurinational State of),2016,1.7554644389232266,-0.24964741350702713,2.4926027855181943,0.37486815999999995,0.3460162,0.92266014,0.01642813,9.726153964805897,10.47768671615077,2.8534605503082275,0.16120323538780212,0.12556017935276031,0.4441663771867752,1.512924033482843,0.49850690364837646,3.502764252631607,8.673153408771578,9.275396815947955,True
BOL,Bolivia (Plurinational State of),2017,1.8228450673630547,-0.5891339575306038,3.1350364519942886,0.39697499999999997,0.37486815999999995,0.9039533,0.025723479,9.74370860919513,10.502612744005951,2.8811991214752197,0.1703881025314331,0.12781138718128204,0.3372059613466263,1.4801418487173645,0.49850690364837646,1.7554644389232266,8.673153408771578,9.275396815947955,True
BOL,Bolivia (Plurinational State of),2018,1.685059880978379,-0.711174403635628,2.549281266121106,0.43832299999999996,0.39697499999999997,0.9663837,0.033495798,9.76193705986876,10.533963108525894,2.909207582473755,0.18727315962314606,0.12895821034908295,0.34577716886997223,1.4492347992711707,0.49850690364837646,1.8228450673630547,8.673153408771578,9.275396815947955,True
BOL,Bolivia (Plurinational State of),2019,-0.38389293358527254,-1.3827149636888687,1.396318092486304,0.4428614,0.43832299999999996,0.9945659,0.043802648,9.778787658678544,10.559455921187105,2.937488317489624,0.17526742815971375,0.12962877750396729,0.3465094715356827,1.4218905513319502,0.49850690364837646,1.685059880978379,8.673153408771578,9.275396815947955,True
BRA,Brazil,1996,3.969038909378142,0.5131223712727978,4.98344896187195,0.00105,0.00037699999999999995,0.00786185,0.0,10.269964167146258,11.760905269442327,1.8609905242919922,0.18544083833694458,0.25399506092071533,0.15948595106601715,1.6097152542264404,0.5733973979949951,3.381364535079534,9.840672061434413,10.200411704730966,True
BRA,Brazil,1997,1.6948764119987914,-0.3294910740163609,1.7766176844713044,0.00451,0.00105,0.015045755999999999,0.0,10.309654556240039,11.810739759061047,1.8964483737945557,0.16754187643527985,0.3453424274921417,0.1358967125415802,1.58883762636286,0.5642244815826416,3.969038909378142,9.840672061434413,10.200411704730966,True
BRA,Brazil,1998,0.329597506618029,-2.2716532824084923,3.3013494470118587,0.00786,0.00451,0.026995485,0.0,10.326603320360027,11.82850593590576,1.9325817823410034,0.1909068524837494,0.3014315366744995,0.15960349887609482,1.563724740497463,0.5411159992218018,1.6948764119987914,9.840672061434413,10.200411704730966,True
BRA,Brazil,1999,-4.84963810551573,-3.845925722310797,-2.9822548422327344,0.0148,0.00786,0.043078966,5.846589999999999e-06,10.329899295426207,11.861519430375878,1.969403862953186,0.1954999566078186,0.2781504988670349,0.168399877846241,1.5289637027180447,0.5472792983055115,0.329597506618029,9.840672061434413,10.200411704730966,True
BRA,Brazil,2000,0.8716955907347668,-0.4134730597379177,-1.0636023986901222,0.0204,0.0148,0.08665065,4.034901e-05,10.28140291437105,11.831696881953551,2.006927251815796,0.1806565374135971,0.2568088471889496,0.15536385774612427,1.4811120993740268,0.5451173782348633,-4.84963810551573,9.840672061434413,10.200411704730966,True
BRA,Brazil,2001,0.8273057462753641,-0.7775633455747875,1.6590655322845649,0.02870685,0.0204,0.13325135,0.00057465225,10.290119870278398,11.82106085796665,2.045165777206421,0.20327423512935638,0.22610171139240265,0.18692295253276825,1.4241674340874866,0.537806510925293,0.8716955907347668,9.840672061434413,10.200411704730966,True
BRA,Brazil,2002,-1.3815359756534917,-0.9926520310590534,-2.356666155095155,0.045284950000000004,0.02870685,0.1630492,0.0018774688,10.298392927741151,11.837651513289495,2.0859029293060303,0.20466147363185883,0.21182949841022491,0.19752571731805801,1.3669570763530814,0.5451472401618958,0.8273057462753641,9.840672061434413,10.200411704730966,True
BRA,Brazil,2003,-0.32404803662355874,-1.0554544308543385,-0.18380433244544747,0.091494255,0.045284950000000004,0.19540775,0.0040951583,10.284577567984616,11.814084851738544,2.1274518966674805,0.18710048496723175,0.20068813860416412,0.18654216825962067,1.3127441855268707,0.5330697894096375,-1.3815359756534917,9.840672061434413,10.200411704730966,True
BRA,Brazil,2004,0.28300626076642743,1.0660768970316357,-3.541698689939743,0.13207586,0.091494255,0.25674109,0.0053495604,10.28133708761838,11.81224680841409,2.169828176498413,0.18648938834667206,0.19301016628742218,0.19292980432510376,1.25738273806828,0.5295776128768921,-0.32404803662355874,9.840672061434413,10.200411704730966,True
BRA,Brazil,2005,0.23337962361207332,0.25426440023541275,-1.2863350848300925,0.19073671,0.13207586,0.3591348,0.017284596,10.284167150226045,11.776829821514692,2.2130486965179443,0.19532464444637299,0.18111665546894073,0.21684391796588898,1.2012941278805478,0.5252270698547363,0.28300626076642743,9.840672061434413,10.200411704730966,True
BRA,Brazil,2006,0.7911874221985471,0.23764147222219006,-1.2213890624016344,0.21022747,0.19073671,0.4667888,0.01750952,10.286500946462166,11.763966470666391,2.2571301460266113,0.18640899658203125,0.17056605219841003,0.24752487242221832,1.1458809983872165,0.5354456901550293,0.23337962361207332,9.840672061434413,10.200411704730966,True
BRA,Brazil,2007,5.3076175576340034,3.2930984561814562,1.813293698976004,0.281784,0.21022747,0.53531723,0.025539393,10.294412820684151,11.751752580042375,2.2988085746765137,0.1949588805437088,0.17252418398857117,0.2620658427476883,1.0901968535216078,0.5404710173606873,0.7911874221985471,9.840672061434413,10.200411704730966,True
BRA,Brazil,2008,3.254992558660419,1.327588494465906,1.2089876747605643,0.30879999999999996,0.281784,0.6416262,0.040357246,10.347488996260491,11.769885517032135,2.3412563800811768,0.21398280560970306,0.1737402230501175,0.2658359110355377,1.037862036967585,0.541516125202179,5.3076175576340034,9.840672061434413,10.200411704730966,True
BRA,Brazil,2009,-0.5978047127975117,-2.4337510364154076,1.9555775382631424,0.3383,0.30879999999999996,0.7913197,0.05261888,10.380038921847095,11.78197539377974,2.384488344192505,0.2377447485923767,0.17110969126224518,0.2864321172237396,0.9943116238833483,0.5496699213981628,3.254992558660419,9.840672061434413,10.200411704730966,True
BRA,Brazil,2010,3.4793479217993806,2.4035310905761498,-0.3613646651887237,0.3922,0.3383,0.8818494,0.061068296,10.37406087471912,11.801531169162372,2.428518533706665,0.21002018451690674,0.18258081376552582,0.2360735908150673,0.9619482626391118,0.5624669790267944,-0.5978047127975117,9.840672061434413,10.200411704730966,True
BRA,Brazil,2011,1.2969516624176336,-1.5885537609528737,0.972412438181891,0.4065,0.3922,1.0166650400000001,0.07279685,10.408854353937114,11.797917522510485,2.4733617305755615,0.25311142206192017,0.1788630485534668,0.2659568190574646,0.9379567375058961,0.5524567365646362,3.4793479217993806,9.840672061434413,10.200411704730966,True
BRA,Brazil,2012,0.917920207853129,-1.3757849213990454,2.282796117641972,0.4569,0.4065,1.200081,0.09131821000000001,10.42182387056129,11.807641646892304,2.5608959197998047,0.2641025185585022,0.1817123293876648,0.2844327390193939,0.9159636689018313,0.5570166707038879,1.2969516624176336,9.840672061434413,10.200411704730966,True
BRA,Brazil,2013,1.142764773058147,-0.5833975390203,1.5985455103587398,0.48560000000000003,0.4569,1.26131966,0.09711512000000001,10.431003072639822,11.830469608068723,2.6218743324279785,0.25210443139076233,0.15886147320270538,0.28228846192359924,0.8935315507032193,0.5658205151557922,0.917920207853129,9.840672061434413,10.200411704730966,True
BRA,Brazil,2014,-1.3294987235457967,-2.6664489268039118,0.9371467475288497,0.5104,0.48560000000000003,1.3658913999999998,0.10762200999999999,10.442430720370403,11.84645506317231,2.684304714202881,0.24936743080615997,0.16446171700954437,0.2832268476486206,0.8736061626892777,0.5703140497207642,1.142764773058147,9.840672061434413,10.200411704730966,True
BRA,Brazil,2015,-3.193099571303115,-4.666231873588923,1.9537179506045277,0.54551003,0.5104,1.4030467,0.11979077,10.429135733134945,11.8558265306476,2.7482216358184814,0.23137792944908142,0.1672898381948471,0.2688572555780411,0.855789518818284,0.5681036114692688,-1.3294987235457967,9.840672061434413,10.200411704730966,True
BRA,Brazil,2016,-1.3416104041452215,-3.282314874201582,2.7317807305111685,0.58327953,0.54551003,1.2783617,0.12635384,10.397204737421914,11.875363710153644,2.8136603832244873,0.19501930475234985,0.17610366642475128,0.2532248869538307,0.8388463098537358,0.58119797706604,-3.193099571303115,9.840672061434413,10.200411704730966,True
BRA,Brazil,2017,1.452315096025636,0.07439041763303661,0.7770844069737493,0.6087254,0.58327953,1.2010118,0.13217709,10.383788633380462,11.902681517458756,2.880657434463501,0.169455885887146,0.18624727427959442,0.2444862648844719,0.8237458067286596,0.5801931023597717,-1.3416104041452215,9.840672061434413,10.200411704730966,True
BRA,Brazil,2018,-0.43251861160715777,-1.209565163500353,-0.8804786611484872,0.6747127999999999,0.6087254,1.0809256999999999,0.14121827,10.398311784340718,11.910452361528494,2.9492499828338623,0.16969437897205353,0.18825678527355194,0.26752932369709015,0.8071457382975211,0.5779953598976135,1.452315096025636,9.840672061434413,10.200411704730966,True
BRA,Brazil,2019,-0.8757099160998649,-1.7835826557481615,-1.037399378716053,0.7043428,0.6747127999999999,1.0160246,0.15153762,10.393986598224647,11.901647574917009,3.0194754600524902,0.16842158138751984,0.18556515872478485,0.28192928433418274,0.783846654232434,0.5779953598976135,-0.43251861160715777,9.840672061434413,10.200411704730966,True
BRB,Barbados,1996,-0.725200114767155,-0.532985770359181,-3.412583305110317,7.75e-05,,0.017590277,0.0,10.069023632846951,12.280503890527944,2.6858696937561035,0.05858432874083519,0.13532596826553345,0.3252226486802101,0.400115067520046,0.7505659461021423,-6.8220095125729685,10.611022812583384,10.109070425513458,True
BRB,Barbados,1997,2.656074533999231,1.3687499281627695,1.389147509403621,0.0038900000000000002,7.75e-05,0.02390846,0.0,10.06177163169928,12.246378057476841,2.6849899291992188,0.05504785105586052,0.1536463350057602,0.337389275431633,0.4105040623641587,0.7505659461021423,-0.725200114767155,10.611022812583384,10.109070425513458,True
BRB,Barbados,1998,0.2452012839761153,-1.0488299541190496,0.6686323332280253,0.00783,0.0038900000000000002,0.030441753999999998,0.0,10.088332377039272,12.260269532570877,2.684110164642334,0.09441045671701431,0.14975695312023163,0.44181355834007263,0.4252336221070019,0.7505659461021423,2.656074533999231,10.611022812583384,10.109070425513458,True
BRB,Barbados,1999,-2.350130117928373,-3.1079524991380905,0.4328741185974039,0.0197,0.00783,0.045516267,0.0,10.090784389879033,12.266955855903158,2.6832308769226074,0.1096058115363121,0.15737111866474152,0.436578206717968,0.42751724113447853,0.7505659461021423,0.2452012839761153,10.611022812583384,10.109070425513458,True
BRB,Barbados,2000,1.2068979790843315,0.8818018822939401,-0.8363278295544063,0.023799999999999998,0.0197,0.076878524,0.0,10.06728308869975,12.271284597089132,2.68235182762146,0.11090061068534851,0.14919549226760864,0.45387522876262665,0.41312650576652565,0.7505659461021423,-2.350130117928373,10.611022812583384,10.109070425513458,True
BRB,Barbados,2001,-3.781521674790511,-3.8046470571496473,0.38853981426516526,0.039736784,0.023799999999999998,0.10862656,0.0,10.079352068490593,12.262921318793587,2.6814732551574707,0.11392119526863098,0.15375667810440063,0.5308288484811783,0.39264506148906086,0.7505659461021423,1.2068979790843315,10.611022812583384,10.109070425513458,True
BRB,Barbados,2002,2.484270482133155,1.0449790974887303,4.8275823855641775,0.11936450000000001,0.039736784,0.20238544,0.0,10.041536851742688,12.26680671693624,2.6999950408935547,0.11415271461009979,0.14886438846588135,0.5166203081607819,0.3621227636672719,0.7505659461021423,-3.781521674790511,10.611022812583384,10.109070425513458,True
BRB,Barbados,2003,1.5278703767904744,1.448153450495579,0.29739269349633446,0.27836323,0.11936450000000001,0.36794902999999995,0.0,10.06637955656402,12.315082540791881,2.7186450958251953,0.15503886342048645,0.152799591422081,0.49366361647844315,0.33887471179907536,0.7505659461021423,2.484270482133155,10.611022812583384,10.109070425513458,True
BRB,Barbados,2004,-0.5923980492545056,-1.0310446622055638,-0.9036989422479991,0.39689630000000004,0.27836323,0.52675938,0.10278956,10.081658260331924,12.318056467726844,2.737423896789551,0.12995962798595428,0.21356284618377686,0.5690992698073387,0.3300754794141936,0.7505659461021423,1.5278703767904744,10.611022812583384,10.109070425513458,True
BRB,Barbados,2005,2.833373108340531,2.1511243114815377,0.07961642566378657,0.498,0.39689630000000004,0.7487448000000001,0.11085007,10.075734279839379,12.309019478304364,2.7563323974609375,0.1365719586610794,0.19188979268074036,0.48150844126939774,0.3475176027916582,0.7505659461021423,-0.5923980492545056,10.611022812583384,10.109070425513458,True
BRB,Barbados,2006,7.4055902793029205,6.044874604081629,4.459596503132701,0.525,0.498,0.7673442,0.118873415,10.104068010922784,12.309815642561002,2.7753713130950928,0.1483372002840042,0.1886904090642929,0.7291791066527367,0.3767179273501453,0.7505659461021423,2.833373108340531,10.611022812583384,10.109070425513458,True
BRB,Barbados,2007,0.5113168451462258,0.6984721626472484,-0.506334840175704,0.5529999999999999,0.525,0.878212,0.14370264,10.178123913715813,12.35441160759233,2.780299425125122,0.19906538724899292,0.1687116026878357,0.7841182351112366,0.4167575551780933,0.7505659461021423,7.4055902793029205,10.611022812583384,10.109070425513458,True
BRB,Barbados,2008,1.3737182605307652,2.000526508009595,1.516057218338318,0.5820000000000001,0.5529999999999999,0.9495296500000001,0.17373787,10.183237082167276,12.349348259190572,2.785236120223999,0.1567191630601883,0.18032757937908173,0.5269191041588783,0.43978876192722893,0.7505659461021423,0.5113168451462258,10.611022812583384,10.109070425513458,True
BRB,Barbados,2009,-2.292605054874741,-1.0217132282205692,2.9625453446662675,0.614,0.5820000000000001,1.05847885,0.18046745,10.196974264772583,12.364508831373955,2.790181875228882,0.17127418518066406,0.19765439629554749,0.7054827958345413,0.44607929391597967,0.7505659461021423,1.3737182605307652,10.611022812583384,10.109070425513458,True
BRB,Barbados,2010,-1.217505662260976,-1.3488424806780925,2.393913647391699,0.647,0.614,1.2295976,0.2090485,10.174048214223836,12.394134284820618,2.7951362133026123,0.16476278007030487,0.2150069624185562,0.6229592859745026,0.4127980195635983,0.7505659461021423,-2.292605054874741,10.611022812583384,10.109070425513458,True
BRB,Barbados,2011,-1.7718937473489405,-1.9288506513135146,0.9031554495486205,0.6509999999999999,0.647,1.27182526,0.20414688000000003,10.161873157601226,12.418073421294535,2.8000993728637695,0.21792387962341309,0.18499323725700378,0.5885399654507637,0.3646794457666358,0.7505659461021423,-1.217505662260976,10.611022812583384,10.109070425513458,True
BRB,Barbados,2012,2.073131068431877,0.900867327410923,3.8952111613051343,0.665,0.6509999999999999,1.2599343,0.22682054999999998,10.144154220127737,12.427104975790021,2.8051135540008545,0.27562054991722107,0.19708825647830963,0.9268062263727188,0.30294581120047237,0.7505659461021423,-1.7718937473489405,10.611022812583384,10.109070425513458,True
BRB,Barbados,2013,-2.217002380174904,-2.8468143943850626,0.7498875813015005,0.7120000000000001,0.665,1.2612787,0.24151255,10.164885530812056,12.466057087403073,2.8101508617401123,0.2753638029098511,0.20151923596858978,1.060336485505104,0.2519906466417865,0.7505659461021423,2.073131068431877,10.611022812583384,10.109070425513458,True
BRB,Barbados,2014,0.9890640869734568,-0.02938626345614397,2.4398325476960636,0.718,0.7120000000000001,1.1081987,0.24417192,10.142715507010307,12.473555963216088,2.815211534500122,0.29216107726097107,0.20133361220359802,1.0763093531131744,0.20950822544469894,0.7505659461021423,-2.217002380174904,10.611022812583384,10.109070425513458,True
BRB,Barbados,2015,-0.2708731466981362,-0.6866004494578601,-1.2503613868526386,0.7192459999999999,0.718,1.0973889,0.27925474,10.152606147880041,12.497954288693048,2.820295572280884,0.2845797538757324,0.18573956191539764,1.0331139415502548,0.18625185925444931,0.7505659461021423,0.9890640869734568,10.611022812583384,10.109070425513458,True
BRB,Barbados,2016,-1.0703178098134813,-0.6060365818156466,-2.3258794912878855,0.7204940000000001,0.7192459999999999,1.20001434,0.2805441,10.14989741641306,12.485450674824522,2.8254032135009766,0.28260987997055054,0.17473846673965454,1.0578602850437164,0.17469091524868752,0.7505659461021423,-0.2708731466981362,10.611022812583384,10.109070425513458,True
BRB,Barbados,2017,0.3362967225040592,1.270764518849346,-0.4895829588837941,0.71573,0.7204940000000001,1.188163,0.31075686999999996,10.139194238314925,12.462191879911643,2.8305346965789795,0.27400723099708557,0.17090237140655518,1.0764344334602356,0.16528929382997326,0.7505659461021423,-1.0703178098134813,10.611022812583384,10.109070425513458,True
BRB,Barbados,2018,-1.0990432324417654,-0.669858254447563,-0.8083717123199108,0.711485,0.71573,1.17629944,0.31887668999999996,10.142557205539966,12.457296050322805,2.8356900215148926,0.26544564962387085,0.1624147742986679,1.0964607149362564,0.15244011986521588,0.7505659461021423,0.3362967225040592,10.611022812583384,10.109070425513458,True
BRB,Barbados,2019,0.9667349912268364,1.7913492941692692,0.7298533360668102,0.707265,0.711485,1.1731852,0.31826326,10.131566773215548,12.449212333199606,2.840869188308716,0.24276377260684967,0.15478983521461487,1.0364800989627838,0.14278908920182243,0.7505659461021423,-1.0990432324417654,10.611022812583384,10.109070425513458,True
BWA,Botswana,1996,3.483884313543939,0.8341504449595138,2.8960938945466808,0.0006450000000000001,,0.0,0.0,10.238478439660579,11.282212722733926,2.247312068939209,0.1980135142803192,0.21046465635299683,0.6278114914894104,2.4191453115930406,0.3315897583961487,5.0058431346096555,10.01507771917417,10.189513413828525,True
BWA,Botswana,1997,6.0639601231839535,1.9189145226565951,4.776706797691332,0.00157,0.0006450000000000001,0.0,0.0,10.273317282796018,11.311173661679392,2.288501501083374,0.18258075416088104,0.173636332154274,0.5718754827976227,2.3913142011924515,0.3163659870624542,3.483884313543939,10.01507771917417,10.189513413828525,True
BWA,Botswana,1998,-7.701752801211903,-7.607109419529184,-1.6702913834862443,0.00308,0.00157,0.0,0.0,10.333956884027858,11.358940729656306,2.3304457664489746,0.17686088383197784,0.1894402951002121,0.6591091156005859,2.3444872264664074,0.27938276529312134,6.0639601231839535,10.01507771917417,10.189513413828525,True
BWA,Botswana,1999,4.16714559535496,1.9603380198918163,2.2451823171124374,0.00602,0.00308,0.009174373,0.0,10.256939356015739,11.342237815821443,2.3731584548950195,0.2985043525695801,0.2035023421049118,0.6036182940006256,2.2719957694967485,0.29423990845680237,-7.701752801211903,10.01507771917417,10.189513413828525,True
BWA,Botswana,2000,-1.2326769028884854,-4.387421326794147,3.3576316845120857,0.011200000000000002,0.00602,0.05438773,0.0,10.298610811969288,11.364689638992568,2.416654348373413,0.2145708203315735,0.19801753759384155,0.6098569929599762,2.161983063654227,0.30325356125831604,4.16714559535496,10.01507771917417,10.189513413828525,True
BWA,Botswana,2001,-1.8169672901427347,-5.047774231783933,4.237334880703081,0.029026666,0.011200000000000002,0.13246238,0.0,10.286284042940403,11.398265955837688,2.460947275161743,0.2830604910850525,0.19416864216327667,0.5994688272476196,2.0328964356725043,0.27796098589897156,-1.2326769028884854,10.01507771917417,10.189513413828525,True
BWA,Botswana,2002,5.8977031991082285,1.1019420976913912,5.938644940345483,0.034308867,0.029026666,0.19405066,0.0,10.268114370038976,11.44063930464472,2.494708776473999,0.29242536425590515,0.20189569890499115,0.5518998503684998,1.8893802924892011,0.27796098589897156,-1.8169672901427347,10.01507771917417,10.189513413828525,True
BWA,Botswana,2003,4.0968393233137945,-0.24428999108216942,5.254305556464445,0.033859224,0.034308867,0.19043503,0.0,10.327091402030058,11.500025754048174,2.528933048248291,0.2704668343067169,0.18766064941883087,0.6096566319465637,1.773421002325315,0.27796098589897156,5.8977031991082285,10.01507771917417,10.189513413828525,True
BWA,Botswana,2004,3.6534678651610974,-0.8956124434053775,7.177631540984741,0.033451903,0.033859224,0.25058792,0.0,10.368059795263196,11.552568809612819,2.5624353885650635,0.29712510108947754,0.2085815966129303,0.6800876259803772,1.730526111192876,0.27796098589897156,4.0968393233137945,10.01507771917417,10.189513413828525,True
BWA,Botswana,2005,5.660695279548378,1.0537425911402916,7.269745595068855,0.033048891999999996,0.033451903,0.28931807,0.0,10.404594473914807,11.624345125022666,2.586050271987915,0.3232271671295166,0.22745941579341888,0.5681447386741638,1.778885026146848,0.27796098589897156,3.6534678651610974,10.01507771917417,10.189513413828525,True
BWA,Botswana,2006,6.422704353248676,3.296838099810881,4.905000472828114,0.032626,0.033048891999999996,0.30642374,0.00086962335,10.461201426710291,11.697042580973354,2.6098830699920654,0.29968568682670593,0.20335252583026886,0.5625534802675247,1.8825082061817322,0.27796098589897156,5.660695279548378,10.01507771917417,10.189513413828525,True
BWA,Botswana,2007,-1.186693145889528,0.14546738518410318,-1.9328135959623793,0.042899330000000006,0.032626,0.43908400000000003,0.0009602479,10.525428470242778,11.746092585701636,2.6307475566864014,0.2879091203212738,0.19004683196544647,0.5230699181556702,2.026487056106274,0.27796098589897156,6.422704353248676,10.01507771917417,10.189513413828525,True
BWA,Botswana,2008,0.6066028478491248,-0.5200697049036695,1.2762221318928013,0.0528,0.042899330000000006,0.6026373,0.0018522385,10.513561538783883,11.726764449742012,2.6517789363861084,0.33195576071739197,0.19446079432964325,0.5700770616531372,2.1314247453400936,0.27796098589897156,-1.186693145889528,10.01507771917417,10.189513413828525,True
BWA,Botswana,2010,3.3146096353590337,1.1921702814351607,2.262578541685123,0.061500000000000006,0.0625,0.9414409,0.0050234270000000004,10.402887366919138,11.771926189672483,2.694347620010376,0.4223782420158386,0.23179025948047638,0.5673267394304276,1.9570363273561875,0.27796098589897156,-11.67402003432354,10.01507771917417,10.189513413828525,True
BWA,Botswana,2011,0.2658049141057717,-1.892699698960254,2.039305616927045,0.06,0.061500000000000006,1.1624603999999998,0.005891464,10.436033463272729,11.794551975089334,2.7158873081207275,0.48844847083091736,0.22328706085681915,0.6116440147161484,1.7057193947114913,0.27796098589897156,3.3146096353590337,10.01507771917417,10.189513413828525,True
BWA,Botswana,2012,3.3942754645531537,-2.505715539171295,7.254963137574144,0.09,0.06,1.3987047000000001,0.0092233795,10.438691512413786,11.814945031258604,2.738507032394409,0.45132601261138916,0.22113239765167236,0.6698616147041321,1.4140369745163306,0.27796098589897156,0.2658049141057717,10.01507771917417,10.189513413828525,True
BWA,Botswana,2013,8.688671710046059,4.560427218188076,5.360343226195496,0.16,0.09,1.4614915,0.0105453,10.472634267059318,11.887494662634346,2.761630058288574,0.4467180669307709,0.21276332437992096,0.8060667216777802,1.1912961707430503,0.27796098589897156,3.3942754645531537,10.01507771917417,10.189513413828525,True
BWA,Botswana,2014,3.7354093350911555,-1.1369710880790862,6.414848335104217,0.3,0.16,1.5167068000000001,0.010085571,10.559520984159779,11.9410980948963,2.7852704524993896,0.3525881767272949,0.2178620547056198,0.8568035662174225,1.1209974574422965,0.27796098589897156,8.688671710046059,10.01507771917417,10.189513413828525,True
BWA,Botswana,2015,-1.8730578214965377,-7.348624226338085,6.764214147276526,0.36744746999999994,0.3,1.5701832999999998,0.015326577,10.59687507751069,12.005246578247343,2.8094422817230225,0.3253347873687744,0.23899079859256744,0.7836753129959106,1.2560491556165676,0.27796098589897156,3.7354093350911555,10.01507771917417,10.189513413828525,True
BWA,Botswana,2016,2.0261027922607866,-1.387326349645911,4.347417437103651,0.388938,0.36744746999999994,1.5773473999999998,0.016722848,10.578144499295725,12.072888719720108,2.834160804748535,0.341230183839798,0.2496076226234436,0.806384950876236,1.5251164273732076,0.27796098589897156,-1.8730578214965377,10.01507771917417,10.189513413828525,True
BWA,Botswana,2017,0.27068559296985484,-1.2816557097314467,2.427639172364593,0.411686,0.388938,1.4717296,0.026426362999999998,10.598405527218333,12.116362894091145,2.8594412803649902,0.2801463007926941,0.23817282915115356,0.6913191676139832,1.8320657315605726,0.27796098589897156,2.0261027922607866,10.01507771917417,10.189513413828525,True
BWA,Botswana,2018,1.670360020703754,-0.46578474739863535,2.6723878591518258,0.435764,0.411686,1.429621,0.01430861,10.601112383148031,12.14063928581479,2.8852996826171875,0.2612300515174866,0.23778408765792847,0.5363169312477112,2.068936459113191,0.27796098589897156,0.27068559296985484,10.01507771917417,10.189513413828525,True
BWA,Botswana,2019,2.0916554692215428,-1.3297778189153286,4.690462384914973,0.461251,0.435764,1.4706483,0.017416940000000002,10.617815983355069,12.167363164406309,2.911752223968506,0.2747640311717987,0.2435566484928131,0.5220241099596024,2.197279433189514,0.27796098589897156,1.670360020703754,10.01507771917417,10.189513413828525,True
CAF,Central African Republic,1997,3.523147407466798,6.393010667361741,-3.590922722697698,5.85e-05,,0.0003184117,0.0,7.97739742739889,10.007900641184778,1.338079810142517,0.054359667003154755,0.14273428916931152,0.168425090610981,2.620834570998065,0.2318924367427826,-10.423590504765823,7.937824613078587,8.073564712173908,True
CAF,Central African Republic,1998,2.079377886714795,4.464661061931584,-3.13719755335935,0.000143,5.85e-05,0.0003961287,0.0,8.012628901473558,9.9719914139578,1.3527132272720337,0.07594072073698044,0.1385228931903839,0.11571229621767998,2.5134037415900368,0.2318924367427826,3.523147407466798,7.937824613078587,8.073564712173908,True
CAF,Central African Republic,1999,3.4419383584600283,4.037754902259872,-1.06148310904981,0.000279,0.000143,0.00045934476000000004,0.0,8.033422680340706,9.940619438424207,1.367506742477417,0.08212217688560486,0.13685445487499237,0.12453606352210045,2.4187804323440254,0.2318924367427826,2.079377886714795,7.937824613078587,8.073564712173908,True
CAF,Central African Republic,2000,-0.5766961520011549,0.8849042390204315,-1.8279436268693772,0.00040899999999999997,0.000279,0.0011386019999999998,0.0,8.067842063925307,9.930004607333709,1.3824619054794312,0.10345202684402466,0.22182618081569672,0.11788983643054962,2.3466472302051677,0.2318924367427826,3.4419383584600283,7.937824613078587,8.073564712173908,True
CAF,Central African Republic,2001,-1.357865821343296,0.27893636177523384,-1.547741619799936,0.00053394176,0.00040899999999999997,0.0012957112,0.0,8.062075102405295,9.911725171065015,1.3975807428359985,0.08870922774076462,0.21453334391117096,0.08963999897241592,2.2898458430216984,0.2318924367427826,-0.5766961520011549,7.937824613078587,8.073564712173908,True
CAF,Central African Republic,2002,-2.5464787714486903,-0.8509095451529142,-1.6718813249211095,0.00078543425,0.00053394176,0.0028064898,0.0,8.048496444191862,9.896247754867016,1.40450119972229,0.08202414214611053,0.18648912012577057,0.0888514332473278,2.216501185703579,0.2318924367427826,-1.357865821343296,7.937824613078587,8.073564712173908,True
CAF,Central African Republic,2003,-9.395064330505853,-6.465680018468864,-3.082557431726052,0.0012853712,0.00078543425,0.0031452218,0.0,8.023031656477375,9.879528941617805,1.4114558696746826,0.07770415395498276,0.18484564125537872,0.08766837790608406,2.1294915672870562,0.2318924367427826,-2.5464787714486903,7.937824613078587,8.073564712173908,True
CAF,Central African Republic,2004,0.7286155123148674,2.9365002321122073,-2.6582442340282952,0.0015156333,0.0012853712,0.00974876,0.0,7.929081013172317,9.848703367300544,1.4184449911117554,0.04975780099630356,0.1401716023683548,0.09235138446092606,2.0578578772993295,0.2318924367427826,-9.395064330505853,7.937824613078587,8.073564712173908,True
CAF,Central African Republic,2005,0.2906615182000749,1.4755418777687435,-1.4921144330207525,0.002234014,0.0015156333,0.014310156999999999,0.0,7.936367168295465,9.822120924960261,1.4254688024520874,0.05226685106754303,0.14486080408096313,0.14867132529616356,2.0072970347770225,0.2318924367427826,0.7286155123148674,7.937824613078587,8.073564712173908,True
CAF,Central African Republic,2006,2.778816838971032,3.475260392815027,-1.029195581227782,0.002682,0.002234014,0.023316490000000002,0.0,7.939273783477466,9.807199780630054,1.4325273036956787,0.0743841901421547,0.1499226987361908,0.14671539515256882,1.9631657592374507,0.2318924367427826,0.2906615182000749,7.937824613078587,8.073564712173908,True
CAF,Central African Republic,2007,2.1114221268954125,2.960734601947257,-1.281849161379256,0.0031119999999999997,0.002682,0.025128045,0.0,7.967061951867176,9.796907824817776,1.439620852470398,0.08341125398874283,0.14411808550357819,0.11220183968544006,1.9540247467884075,0.16431578993797302,2.778816838971032,7.937824613078587,8.073564712173908,True
CAF,Central African Republic,2008,0.9014552495101746,1.890135584840541,-0.9898205521187364,0.0037581596,0.0031119999999999997,0.076185865,0.0,7.9881761731361305,9.784089333203983,1.4467494487762451,0.0993037298321724,0.12791672348976135,0.12939359992742538,1.9226239310435878,0.16431578993797302,2.1114221268954125,7.937824613078587,8.073564712173908,True
CAF,Central African Republic,2009,1.6912236257410562,2.3165018544294287,-0.2864523553695264,0.01,0.0037581596,0.12502786,0.0,7.997190725631232,9.774191127682796,1.4539133310317993,0.0996493548154831,0.12957783043384552,0.10603389889001846,1.7791203618656937,0.16431578993797302,0.9014552495101746,7.937824613078587,8.073564712173908,True
CAF,Central African Republic,2010,3.5123867898924743,2.8356104932216466,0.2802197165042486,0.018000000000000002,0.01,0.19068933000000002,0.0,8.014102961888643,9.7713266041291,1.4611127376556396,0.09798875451087952,0.13129539787769318,0.10013929754495621,1.4925156200569223,0.16431578993797302,1.6912236257410562,7.937824613078587,8.073564712173908,True
CAF,Central African Republic,2011,3.8674651147919903,3.3079400841484583,0.4216038017338164,0.02,0.018000000000000002,0.21794638,0.0,8.049226829787568,9.774128801294143,1.4683477878570557,0.136360764503479,0.13345465064048767,0.09829714149236679,1.1265773964666659,0.16431578993797302,3.5123867898924743,7.937824613078587,8.073564712173908,True
CAF,Central African Republic,2012,5.033173085189269,4.796973761882012,0.24528985508975865,0.022000000000000002,0.02,0.21740185,0.00017743621,8.087901480935487,9.778344839311481,1.4784306287765503,0.11598578095436096,0.1304706186056137,0.1024470403790474,0.7238540226551571,0.16431578993797302,3.8674651147919903,7.937824613078587,8.073564712173908,True
CAF,Central African Republic,2014,0.08379988441635788,-0.8266848303686153,0.7499393956544864,0.025,0.024,0.29301535,,7.682838450034684,9.75986455360219,1.4988046884536743,0.06007898226380348,0.20214229822158813,0.07199384458363056,0.2595123671208732,0.16431578993797302,-45.539476175269655,7.937824613078587,8.073564712173908,True
CAF,Central African Republic,2015,4.015351101947129,3.104872055381156,0.6323342695996104,0.027000000000000003,0.025,0.24996204,,7.683676448878847,9.767363947558735,1.5090967416763306,0.1839950680732727,0.18962237238883972,0.10731972008943558,0.36424598786022333,0.16431578993797302,0.08379988441635788,7.937824613078587,8.073564712173908,True
CAF,Central African Republic,2016,3.469882462292695,2.920177162738223,-0.13758211601242465,0.028999999999999998,0.027000000000000003,0.26839666,0.00040135484,7.723829959898318,9.773687290254731,1.5194594860076904,0.1757984608411789,0.1843664050102234,0.22543681040406227,0.6474039187428504,0.16431578993797302,4.015351101947129,7.937824613078587,8.073564712173908,True
CAF,Central African Republic,2017,2.876029435455596,1.6526797565855227,0.08852415530409274,0.031,0.028999999999999998,0.26483564000000004,0.00015614184,7.758528784521245,9.772311469094607,1.529893398284912,0.1828344315290451,0.19057941436767578,0.1904689148068428,0.9858724479367531,0.16431578993797302,3.469882462292695,7.937824613078587,8.073564712173908,True
CAF,Central African Republic,2018,1.8963856236852372,0.9054079791202008,-0.21734218223912194,0.04,0.031,0.2452042,0.0001291329,7.787289078875801,9.773196710647648,1.5403989553451538,0.22211113572120667,0.20014174282550812,0.22130708396434784,1.277417383922952,0.16431578993797302,2.876029435455596,7.937824613078587,8.073564712173908,True
CAF,Central African Republic,2019,0.6357778080197996,1.1036576437579886,-1.2826660922190314,0.051,0.04,0.2622158,0.000124624465,7.806252935112654,9.771023288825257,1.5509766340255737,0.1914411336183548,0.19989347457885742,0.148728771135211,1.5189674573463652,0.16431578993797302,1.8963856236852372,7.937824613078587,8.073564712173908,True
CAN,Canada,1996,0.6214191289286575,-1.052310607725563,1.269677932616986,0.0416,0.023799999999999998,0.08842031499999999,0.0,11.270602246802774,12.739081582494231,3.39567494392395,0.2344120889902115,0.15614093840122223,0.6159799993038177,1.0458297687948814,0.6830571889877319,1.079892755653944,11.174686965244026,11.236218212837016,True
CAN,Canada,1997,2.2768610980527626,1.2723415613317919,0.8043289266536746,0.0676,0.0416,0.11819277,0.0,11.27681643809206,12.751778361820401,3.4170894622802734,0.22758589684963226,0.14679133892059326,0.6306646168231964,1.0019023977997144,0.6767720580101013,0.6214191289286575,11.174686965244026,11.236218212837016,True
CAN,Canada,1998,1.518116918300727,0.5489334088149889,0.30960642188126997,0.151,0.0676,0.14038198,0.0,11.299585049072588,12.759821651086938,3.4386391639709473,0.24948440492153168,0.14851181209087372,0.698338508605957,0.9613724160250303,0.6735061407089233,2.2768610980527626,11.174686965244026,11.236218212837016,True
CAN,Canada,1999,2.3168486048815495,1.3924519306704513,-0.10147206042283585,0.249,0.151,0.17734394,0.0046442485,11.314766218255595,12.76291771530575,3.46032452583313,0.2434646338224411,0.15427401661872864,0.7124059796333313,0.9359845811286682,0.6862269639968872,1.518116918300727,11.174686965244026,11.236218212837016,True
CAN,Canada,2000,2.7664224709246454,1.9919898979543005,0.3541259874381808,0.36200000000000004,0.249,0.22733843,0.019144877,11.337934704304411,12.761902994701522,3.482146739959717,0.23779818415641785,0.15350155532360077,0.72294682264328,0.9297834585845877,0.6692983508110046,2.3168486048815495,11.174686965244026,11.236218212837016,True
CAN,Canada,2001,0.9611101315996962,0.25501606550317657,1.8609054406809378,0.513,0.36200000000000004,0.28250212,0.045673347,11.365598929013657,12.765444254575904,3.5041067600250244,0.2381429374217987,0.14816859364509583,0.7892361283302307,0.9389583982681415,0.6538953185081482,2.7664224709246454,11.174686965244026,11.236218212837016,True
CAN,Canada,2002,0.6622506071858325,0.9386053917935188,0.19756224927878208,0.602,0.513,0.34116566,0.09085789999999999,11.375210030329654,12.784053308982713,3.518916130065918,0.22775579988956451,0.15363772213459015,0.7625893652439117,0.9490792789666802,0.6573811769485474,0.9611101315996962,11.174686965244026,11.236218212837016,True
CAN,Canada,2003,-0.41637908089100506,-0.5716216238296945,0.46464087851347813,0.615933,0.602,0.37646369999999996,0.11146141,11.381832536401513,12.786028931475501,3.533787727355957,0.2276189625263214,0.153555229306221,0.7604257762432098,0.9610064146735375,0.6574026346206665,0.6622506071858325,11.174686965244026,11.236218212837016,True
CAN,Canada,2004,1.3100117793015897,0.04373529417004023,1.2683774213812171,0.642,0.615933,0.41747703999999997,0.14175561,11.377668745592603,12.790675340260636,3.548722505569458,0.23763346672058105,0.15526747703552246,0.730038970708847,0.9886891968771128,0.6457537412643433,-0.41637908089100506,11.174686965244026,11.236218212837016,True
CAN,Canada,2005,1.4993558540172813,0.6831726658565996,1.6752219876380536,0.6595596,0.642,0.4674369,0.16855115999999998,11.390768863385619,12.803359114474448,3.563720464706421,0.24515245854854584,0.152822807431221,0.7542897760868073,1.0345358572295904,0.6393342614173889,1.3100117793015897,11.174686965244026,11.236218212837016,True
CAN,Canada,2006,0.8954175321436608,-0.29896843792165984,1.7321593866260088,0.7166,0.6595596,0.5245533,0.21590513,11.405762421925791,12.820111334350829,3.5787816047668457,0.25708094239234924,0.14915934205055237,0.8044703900814056,1.090401782258743,0.6294353604316711,1.4993558540172813,11.174686965244026,11.236218212837016,True
CAN,Canada,2007,-0.26672763051731607,-1.1127271787591708,1.0193654005677288,0.7240000000000001,0.7166,0.5723313,0.24554956,11.414716597247228,12.837432928217089,3.5939064025878906,0.264705628156662,0.15421119332313538,0.8519466817378998,1.152008211922606,0.6342618465423584,0.8954175321436608,11.174686965244026,11.236218212837016,True
CAN,Canada,2008,-0.6071632743818611,-1.5028405533462175,1.559960243044678,0.732,0.7240000000000001,0.6127552,0.27424377,11.412049320942055,12.847626582222766,3.609095335006714,0.2630177438259125,0.15919962525367737,0.8415961861610413,1.203070407675666,0.6394949555397034,-0.26672763051731607,11.174686965244026,11.236218212837016,True
CAN,Canada,2009,-1.295597389930947,-1.6680162441149722,3.8680310168341947,0.767,0.732,0.6604814,0.2942473,11.405977688198236,12.863226184653213,3.6243484020233154,0.26098141074180603,0.16401934623718262,0.8306330740451813,1.2278821132338358,0.6311977505683899,-0.6071632743818611,11.174686965244026,11.236218212837016,True
CAN,Canada,2010,1.1542269063713917,0.5383781914549312,0.8648411751233098,0.8029999999999999,0.767,0.7039448500000001,0.30420052999999997,11.393021714298927,12.901906494821555,3.6396656036376953,0.2437114417552948,0.1805015206336975,0.6865307986736298,1.2177618672397639,0.6725448369979858,-1.295597389930947,11.174686965244026,11.236218212837016,True
CAN,Canada,2011,1.3808399671464855,0.9236896635614676,1.170427560436238,0.8029999999999999,0.8029999999999999,0.7551971399999999,0.31631824000000003,11.40456398336264,12.910554906572788,3.65504789352417,0.2566451132297516,0.1728735715150833,0.8006512224674225,1.1826603460750817,0.6509516835212708,1.1542269063713917,11.174686965244026,11.236218212837016,True
CAN,Canada,2012,0.6219400441002776,-0.44855102122045576,1.8931455913213213,0.83,0.8029999999999999,0.7767225999999999,0.32650646,11.418372383034106,12.92225918217715,3.662325143814087,0.26124703884124756,0.1662302166223526,0.8540691137313843,1.1402472725468016,0.6395891904830933,1.3808399671464855,11.174686965244026,11.236218212837016,True
CAN,Canada,2013,0.934739706534593,0.5406859388944724,1.557621636630735,0.83,0.83,0.7937572500000001,0.33473858,11.424591783475108,12.941190638090363,3.66961669921875,0.27338165044784546,0.16919203102588654,0.853078305721283,1.102413831614868,0.6505615711212158,0.6219400441002776,11.174686965244026,11.236218212837016,True
CAN,Canada,2014,2.2216663938463554,1.5284883797053,2.284171588851436,0.858,0.83,0.8035489,0.34268303000000006,11.433939180540454,12.95676685445667,3.6769227981567383,0.28380683064460754,0.16432629525661469,0.8022321462631226,1.066674000448531,0.6496884822845459,0.934739706534593,11.174686965244026,11.236218212837016,True
CAN,Canada,2015,-0.4775874558129445,-0.9833563984925588,1.2634843070435053,0.8712000000000001,0.858,0.8079022,0.35269424,11.456155844478918,12.979608570345185,3.6842434406280518,0.2733632028102875,0.16472439467906952,0.7759062647819519,1.0366623742109393,0.6418065428733826,2.2216663938463554,11.174686965244026,11.236218212837016,True
CAN,Canada,2016,-0.007849804535453586,-0.12150280110109091,1.0140324185972105,0.9,0.8712000000000001,0.8276738,0.3646986,11.451379969920788,12.99224341341562,3.6915786266326904,0.2549617290496826,0.1816815733909607,0.7583895027637482,1.0108438147668597,0.6702593564987183,-0.4775874558129445,11.174686965244026,11.236218212837016,True
CAN,Canada,2017,1.332697442110664,1.5672187025330915,0.4684009924325494,0.9116,0.9,0.8459194,0.36823288,11.451301471875434,13.002383737601592,3.6989285945892334,0.2388928234577179,0.19256693124771118,0.7259499728679657,0.9840429349068369,0.6611776351928711,-0.007849804535453586,11.174686965244026,11.236218212837016,True
CAN,Canada,2018,1.7954241401048066,0.6599299006673528,1.5303134366575932,0.9270140000000001,0.9116,0.861024,0.37827694,11.46462844629654,13.007067747525918,3.7062931060791016,0.24330049753189087,0.1968114674091339,0.7118580937385559,0.9550802648478296,0.6511365175247192,1.332697442110664,11.174686965244026,11.236218212837016,True
CAN,Canada,2019,0.10671923449585563,0.6130398223093528,0.30530843859022383,0.9464,0.9270140000000001,0.8904945999999999,0.38733353000000004,11.482582687697588,13.022370881892494,3.713672161102295,0.2382078319787979,0.19973179697990417,0.7269890904426575,0.9280178014744678,0.6548804044723511,1.7954241401048066,11.174686965244026,11.236218212837016,True
CHE,Switzerland,1996,0.6077479401090713,0.7569357645714675,1.5484051687327138,0.0355,0.027200000000000002,0.06353341,0.0,11.573098227091318,13.330829971786324,3.4956698417663574,0.34041377902030945,0.06861204653978348,0.8761516213417053,0.8196724849035997,0.6833442449569702,0.4913417381585461,11.255054485916794,11.55607015037808,True
CHE,Switzerland,1997,2.1984503298696723,1.6066709699420965,1.4809184137583031,0.0455,0.0355,0.09374002000000001,0.0,11.579175706492409,13.346314023473651,3.5022008419036865,0.3353476822376251,0.06701139360666275,0.8555743396282196,0.6058640603945564,0.6821742057800293,0.6077479401090713,11.255054485916794,11.55607015037808,True
CHE,Switzerland,1998,1.6693333619315354,0.5298252929569897,0.4680007260192909,0.151,0.0455,0.14736549999999998,0.0,11.601160209791106,13.361123207611234,3.508744239807129,0.3070842921733856,0.06966712325811386,0.8248974084854126,0.4320697385703287,0.6752325296401978,2.1984503298696723,11.255054485916794,11.55607015037808,True
CHE,Switzerland,1999,1.0692679914669156,-0.9479123434065401,1.0593198329225118,0.248,0.151,0.23895782000000002,0.0,11.61785354341042,13.365803214871427,3.5152997970581055,0.3104940950870514,0.07066559791564941,0.8720778822898865,0.32855316718440886,0.6688430905342102,1.6693333619315354,11.255054485916794,11.55607015037808,True
CHE,Switzerland,2000,3.086092922571382,2.2406937754034613,0.9253708074743017,0.34,0.248,0.4280908,0.0,11.62854622332509,13.376396413200652,3.5218677520751953,0.3029925525188446,0.07450035959482193,0.8517329394817352,0.32740695563315825,0.677251935005188,1.0692679914669156,11.255054485916794,11.55607015037808,True
CHE,Switzerland,2001,0.052134006296356006,1.0837748789751258,-0.1361841028323596,0.47100000000000003,0.34,0.645673,0.007852999000000001,11.659407152550804,13.385650121275395,3.5284476280212402,0.30129510164260864,0.07790923118591309,0.9471949338912964,0.4030362032987789,0.6721661686897278,3.086092922571382,11.255054485916794,11.55607015037808,True
CHE,Switzerland,2002,-0.5335141302344582,-0.3811659754655264,0.7140463952474363,0.551,0.47100000000000003,0.7300727,0.019373432,11.659928492613767,13.384288280247072,3.5389482975006104,0.29799357056617737,0.0809716060757637,1.0002813041210175,0.49442498330729556,0.691474199295044,0.052134006296356006,11.255054485916794,11.55607015037808,True
CHE,Switzerland,2003,0.39010630617948294,-0.9961260750214251,1.4819874783984943,0.614,0.551,0.7880888,0.06254094,11.654593351311423,13.391428744199546,3.549480438232422,0.2718908488750458,0.08446377515792847,1.0181710720062256,0.5723529407610339,0.7099910378456116,-0.5335141302344582,11.255054485916794,11.55607015037808,True
CHE,Switzerland,2004,2.4348831709275487,0.4110333235579411,0.8851900251935163,0.6509999999999999,0.614,0.8439415,0.10689025,11.658494414373218,13.40624861898353,3.5600435733795166,0.27058348059654236,0.08116297423839569,1.0572404861450195,0.6623376312540064,0.7020038962364197,0.39010630617948294,11.255054485916794,11.55607015037808,True
CHE,Switzerland,2005,1.8959838670042473,1.5631161686827586,0.36401013495162005,0.6779999999999999,0.6509999999999999,0.849756,0.1662195,11.682843246082493,13.415100519235466,3.570638418197632,0.2555171251296997,0.07594719529151917,1.1245258450508118,0.759017290780406,0.685238242149353,2.4348831709275487,11.255054485916794,11.55607015037808,True
CHE,Switzerland,2006,1.4509498975957769,1.6716224039165284,-1.0216546543290406,0.701,0.6779999999999999,0.9195904,0.22460398,11.701803084752536,13.418740620584982,3.5812647342681885,0.2951325476169586,0.07217732816934586,1.1327574253082275,0.8576072784769018,0.6773232221603394,1.8959838670042473,11.255054485916794,11.55607015037808,True
CHE,Switzerland,2007,1.208550587053736,1.2856430633729445,-1.1194189363383344,0.757,0.701,0.9943368499999999,0.27414341,11.716312583728493,13.408524074041692,3.5919227600097656,0.3095024824142456,0.07014824450016022,1.1486459970474243,0.9584860591048461,0.6592808365821838,1.4509498975957769,11.255054485916794,11.55607015037808,True
CHE,Switzerland,2008,0.4908537313335515,0.5972189338971812,-0.8137218172183935,0.772,0.757,1.08793495,0.31550268,11.72839808959903,13.397329884678308,3.6026124954223633,0.29825836420059204,0.07009239494800568,1.1165791153907776,1.0540186436190258,0.6487579941749573,1.208550587053736,11.255054485916794,11.55607015037808,True
CHE,Switzerland,2009,-2.5074181075071422,-2.473199188121901,0.4439055783588941,0.792,0.772,1.1642270000000001,0.3345182,11.733306626912366,13.389192666506124,3.6133337020874023,0.2999279797077179,0.0739004984498024,1.1364144682884216,1.132467452114705,0.6545534133911133,0.4908537313335515,11.255054485916794,11.55607015037808,True
CHE,Switzerland,2010,2.839111044258935,3.386700368948534,0.609241404999139,0.813,0.792,1.2048343,0.35426789999999997,11.708232445837295,13.393631722289713,3.62408709526062,0.3104787766933441,0.0781048834323883,1.0090630948543549,1.187712582515843,0.6806128025054932,-2.5074181075071422,11.255054485916794,11.55607015037808,True
CHE,Switzerland,2011,-0.7928978585830748,-0.24161650908101456,-1.6562014382374812,0.8390000000000001,0.813,1.2323614999999999,0.37229861999999997,11.736623556279884,13.399724136339705,3.6348724365234375,0.2879117429256439,0.07447835057973862,1.1137557625770569,1.221165818264236,0.6628134846687317,2.839111044258935,11.255054485916794,11.55607015037808,True
CHE,Switzerland,2012,-0.7313667013866265,-0.19681391575737844,-0.748486637085577,0.8519302999999999,0.8390000000000001,1.2739654,0.38895542,11.728694577694053,13.38316212195733,3.6423447132110596,0.3199601471424103,0.07435670495033264,1.15118408203125,1.2512136157242892,0.6725530624389648,-0.7928978585830748,11.255054485916794,11.55607015037808,True
CHE,Switzerland,2013,0.448457802067459,1.0411433081432193,-0.2544368317392909,0.852,0.8519302999999999,1.3203116,0.40160029999999997,11.721380910680187,13.375677255586474,3.649832248687744,0.3070516586303711,0.07183048874139786,1.078821063041687,1.26951091867471,0.6809622049331665,-0.7313667013866265,11.255054485916794,11.55607015037808,True
CHE,Switzerland,2014,0.5889532273640086,0.8605046206999254,-0.6890558506908562,0.8634000000000001,0.852,1.3655124,0.42491756,11.725865488700862,13.373132887269081,3.6573352813720703,0.28634753823280334,0.07507437467575073,1.0721465051174164,1.2516970324232268,0.684298038482666,0.448457802067459,11.255054485916794,11.55607015037808,True
CHE,Switzerland,2015,0.1821254854437626,-0.6033787467595731,-0.29568066285232675,0.8361725,0.8634000000000001,1.3613773,0.43173195,11.731755020974502,13.366242328762173,3.664853811264038,0.30275267362594604,0.07631865888834,1.4219512939453125,1.1906326906541587,0.682918131351471,0.5889532273640086,11.255054485916794,11.55607015037808,True
CHE,Switzerland,2016,0.7392138586206798,0.42456867707451434,-0.04917467958946986,0.8747906000000001,0.8361725,1.3572307000000001,0.44671565999999996,11.73357627582894,13.36328552213365,3.6723875999450684,0.297943115234375,0.0771053284406662,1.387775957584381,1.100104733486651,0.68867427110672,0.1821254854437626,11.255054485916794,11.55607015037808,True
CHE,Switzerland,2017,0.6916207518395723,1.088923708295198,0.44843828232004057,0.8913469,0.8747906000000001,1.3423567,0.45086098,11.740968414415146,13.362793775337755,3.6799368858337402,0.29695749282836914,0.07712643593549728,1.4276244044303894,0.9971124831399614,0.6883931756019592,0.7392138586206798,11.255054485916794,11.55607015037808,True
CHE,Switzerland,2018,1.9675092370547986,1.9224276329679224,0.23977211022181422,0.8968615,0.8913469,1.3116970000000001,0.46331825000000004,11.747884621933542,13.367278158160955,3.687501907348633,0.31219255924224854,0.0789499282836914,1.351684808731079,0.9015059581021667,0.6894246935844421,0.6916207518395723,11.255054485916794,11.55607015037808,True
CHE,Switzerland,2019,0.28068238181777616,0.06318581439148895,0.39930800760963336,0.9179999999999999,0.8968615,1.26681145,0.45604992000000005,11.76755971430409,13.369675879263173,3.695082426071167,0.30934610962867737,0.0788283497095108,1.3143810033798218,0.8221622664192907,0.684100329875946,1.9675092370547986,11.255054485916794,11.55607015037808,True
CHL,Chile,1996,3.2772129871965205,0.7015392717603847,2.932896964011178,0.0034699999999999996,0.0014099999999999998,0.013686397,0.0,10.532302044749462,11.766345069343393,2.709779739379883,0.2508685886859894,0.18221279978752136,0.32675856351852417,1.502984483801706,0.4776756763458252,6.190422244929472,10.31547705667283,10.41932811436052,True
CHL,Chile,1997,3.481649103434492,1.7334112734881266,4.0446719357674965,0.00683,0.0034699999999999996,0.021858602,0.0,10.565074174621428,11.795674038983504,2.724982738494873,0.2585294842720032,0.18239723145961761,0.3265523910522461,1.425751282257126,0.4776756763458252,3.2772129871965205,10.31547705667283,10.41932811436052,True
CHL,Chile,1998,0.9237736365365734,-2.653257929585448,4.173496562214929,0.0106,0.00683,0.027667769999999998,0.0,10.599890665655773,11.83612075834118,2.7402708530426025,0.26892557740211487,0.1655718982219696,0.360397607088089,1.3539580130293771,0.4828422963619232,3.481649103434492,10.31547705667283,10.41932811436052,True
CHL,Chile,1999,-0.4009107775782894,-2.557132893782896,4.409737421231874,0.0166,0.0106,0.064297166,0.0,10.609128402021138,11.877855723963329,2.7556447982788086,0.2687495946884155,0.15088984370231628,0.3517453223466873,1.2868965559519552,0.5035523772239685,0.9237736365365734,10.31547705667283,10.41932811436052,True
CHL,Chile,2000,1.2676542519743705,0.41492525605999264,1.2093437055394674,0.040999999999999995,0.0166,0.14896059,0.0,10.605119294245355,11.921953098175647,2.7711048126220703,0.2193552404642105,0.1454627513885498,0.3544248938560486,1.2280428206560057,0.5162882804870605,-0.4009107775782894,10.31547705667283,10.41932811436052,True
CHL,Chile,2001,1.8364553426534869,0.3888704888384449,2.7838104834733812,0.166,0.040999999999999995,0.21940178,0.0004953677,10.617795836765099,11.934046535231042,2.786651849746704,0.23927997052669525,0.13129882514476776,0.4090936481952667,1.1772114276766388,0.49851754307746887,1.2676542519743705,10.31547705667283,10.41932811436052,True
CHL,Chile,2002,0.10694074818431432,-1.5313713942600393,1.9600626151513367,0.191,0.166,0.32522522000000004,0.004254249,10.636160390191634,11.961884640065776,2.8052926063537598,0.23973391950130463,0.1251119077205658,0.4278574585914612,1.1261858349446374,0.4945792555809021,1.8364553426534869,10.31547705667283,10.41932811436052,True
CHL,Chile,2003,0.9583402140693309,0.04254465719868636,1.3886343773542364,0.221,0.191,0.3937659,0.011883900000000001,10.637229797673477,11.98148526621729,2.8240578174591064,0.2419642210006714,0.11802039295434952,0.3946748375892639,1.0788129265266733,0.4934079647064209,0.10694074818431432,10.31547705667283,10.41932811436052,True
CHL,Chile,2004,4.824910260751913,2.7016346902218733,2.578820407854643,0.2547378,0.221,0.45356589999999997,0.021980622,10.64681319981417,11.995371609990832,2.8429489135742188,0.24208860099315643,0.10964588820934296,0.4356287270784378,1.048038262498041,0.5021911263465881,0.9583402140693309,10.31547705667283,10.41932811436052,True
CHL,Chile,2005,2.426274019371988,1.674208459442822,2.195084286304727,0.2817791,0.2547378,0.57213818,0.02958383,10.69506230242169,12.021159814069378,2.8619658946990967,0.22988936305046082,0.09973161667585373,0.5170994400978088,1.0376428010814287,0.45680803060531616,4.824910260751913,10.31547705667283,10.41932811436052,True
CHL,Chile,2006,2.6526345947162966,0.3031268904771456,2.1110291580972884,0.311753,0.2817791,0.64650536,0.043340487000000004,10.71932504261541,12.043110656932425,2.881110429763794,0.24875812232494354,0.09209797531366348,0.5844234824180603,1.042009581511394,0.4311443567276001,2.426274019371988,10.31547705667283,10.41932811436052,True
CHL,Chile,2007,2.0280969150164196,-0.21342361304119567,2.9507916513063392,0.34497750000000005,0.311753,0.7541737000000001,0.06127773,10.745851388562572,12.064220948513398,2.900383234024048,0.23296776413917542,0.09154342114925385,0.627888560295105,1.0559265341158142,0.384863942861557,2.6526345947162966,10.31547705667283,10.41932811436052,True
CHL,Chile,2008,2.117355674765342,-1.2087083647276453,5.291906118011269,0.359,0.34497750000000005,0.8370653,0.07811557,10.766132357712737,12.093728865026462,2.9197845458984375,0.23069919645786285,0.10105011612176895,0.6374320089817047,1.0685375083183235,0.3841315805912018,2.0280969150164196,10.31547705667283,10.41932811436052,True
CHL,Chile,2009,-1.9635125789600139,-4.568461296843595,4.25074972499182,0.373,0.359,0.8787103,0.08475438,10.78730591446039,12.146647926206574,2.9393157958984375,0.2954860031604767,0.11685433238744736,0.6939782500267029,1.071437972371525,0.4309290647506714,2.117355674765342,10.31547705667283,10.41932811436052,True
CHL,Chile,2010,3.6010492037998887,0.8596076427490607,3.038500424824875,0.4156,0.373,0.9671066,0.09727819,10.76767078867079,12.189155423456492,2.958977460861206,0.22228311002254486,0.1387077271938324,0.5499722361564636,1.0592803008409923,0.4396144151687622,-1.9635125789600139,10.31547705667283,10.41932811436052,True
CHL,Chile,2011,2.616993613469809,0.5356778537378142,2.4517898392412363,0.45,0.4156,1.1554453,0.1041445,10.803681280708789,12.219540427704741,2.9787709712982178,0.24763983488082886,0.14388196170330048,0.6258510947227478,1.0389291604373074,0.4396144151687622,3.6010492037998887,10.31547705667283,10.41932811436052,True
CHL,Chile,2012,1.6288037214907902,-0.263322458531616,2.492450731877227,0.52249607,0.45,1.2860469,0.11590971,10.829851216843487,12.244058326097154,2.996879816055298,0.2613700330257416,0.15757080912590027,0.6441667079925537,0.9974391151982509,0.4396144151687622,2.616993613469809,10.31547705667283,10.41932811436052,True
CHL,Chile,2013,1.728322702985352,-0.6463391361224924,3.4403316777055437,0.5505,0.52249607,1.3665627,0.1236552,10.846139254058395,12.268982833415926,3.0150983333587646,0.27978992462158203,0.15574179589748383,0.59550541639328,0.9630574565324235,0.4396144151687622,1.6288037214907902,10.31547705667283,10.41932811436052,True
CHL,Chile,2014,0.6445904535208768,-1.1795483690545265,3.5354482146452426,0.58,0.5505,1.3377808999999998,0.12976583,10.863422481088248,12.303386150192981,3.0334279537200928,0.26185107231140137,0.15537047386169434,0.5635757446289062,0.978852117140816,0.4396144151687622,1.728322702985352,10.31547705667283,10.41932811436052,True
CHL,Chile,2015,0.5804035756765913,-1.0901696008224553,2.509358584132926,0.6111,0.58,1.3255967999999998,0.13936911999999999,10.869868385623457,12.338740632339434,3.0518689155578613,0.2343835085630417,0.16264192759990692,0.5163748264312744,1.06114512594635,0.4396144151687622,0.6445904535208768,10.31547705667283,10.41932811436052,True
CHL,Chile,2016,0.6215585995686723,-0.8698242685793273,2.679370990780683,0.7662958999999999,0.6111,1.2858397,0.15068127,10.875672421380223,12.363834218180763,3.0704219341278076,0.24629440903663635,0.17069607973098755,0.47736498713493347,1.177757471418639,0.4396144151687622,0.5804035756765913,10.31547705667283,10.41932811436052,True
CHL,Chile,2017,0.11952848314180642,-0.8987213241570208,2.1870138677394735,0.83558586,0.7662958999999999,1.27565125,0.15900503,10.88188800737591,12.39062792808857,3.089087963104248,0.23761016130447388,0.18378570675849915,0.4706711173057556,1.3252016064352556,0.4396144151687622,0.6215585995686723,10.31547705667283,10.41932811436052,True
CHL,Chile,2018,3.047195356695376,1.6001382061919474,2.537655485017254,0.82327484,0.83558586,1.2400081,0.16500963,10.883083292207328,12.412498066765965,3.1078670024871826,0.24429050087928772,0.17907269299030304,0.5002350807189941,1.4251850441782565,0.4396144151687622,0.11952848314180642,10.31547705667283,10.41932811436052,True
CHL,Chile,2019,-0.27130893814106827,-1.133071938925069,2.0917869160237856,0.8490000000000001,0.82327484,1.3327014,0.17206665000000002,10.913555245774281,12.437874621616137,3.126760721206665,0.25275951623916626,0.18184055387973785,0.5212681293487549,1.3910105411046647,0.4396144151687622,3.047195356695376,10.31547705667283,10.41932811436052,True
CHN,China,1996,6.001652195148033,0.6872996165582901,9.447238193795826,4.9500000000000004e-05,1.17e-05,0.0029791212,0.0,8.803981822188417,9.39745747113711,2.138093948364258,0.30296650528907776,0.19309288263320923,0.12791021913290024,0.8823016516820381,0.5673509836196899,8.24114264520368,8.575867186991179,8.64500571545907,True
CHN,China,1997,4.448074862279405,-0.6700634053760812,8.73731548129939,0.000131,4.9500000000000004e-05,0.005579260999999999,0.0,8.863998344139898,9.491929853075069,2.1720845699310303,0.3043577969074249,0.18245674669742584,0.13675522059202194,0.8598173053162128,0.588390588760376,6.001652195148033,8.575867186991179,8.64500571545907,True
CHN,China,1998,-0.4965887382077483,-6.096589996449237,9.293451317865298,0.00032399999999999996,0.000131,0.010690729999999999,0.0,8.908479092762692,9.579303007888063,2.206615447998047,0.2903602421283722,0.19836115837097168,0.16448625177145004,0.8242959863079768,0.588529646396637,4.448074862279405,8.575867186991179,8.64500571545907,True
CHN,China,1999,3.8700586727786757,-1.2460967523245492,8.555531736844024,0.00169,0.00032399999999999996,0.019138843000000003,0.0,8.903513205380614,9.672237521066716,2.2416954040527344,0.2767693102359772,0.22020189464092255,0.16874031722545624,0.7881984984860146,0.5924127697944641,-0.4965887382077483,8.575867186991179,8.64500571545907,True
CHN,China,2000,5.789130999533754,1.1607626405966909,8.209560077254174,0.0070799999999999995,0.00169,0.0344869,0.0,8.9422137921084,9.757792838435156,2.2773330211639404,0.26905325055122375,0.24022988975048065,0.17690593749284744,0.7466251656306433,0.6062768697738647,3.8700586727786757,8.575867186991179,8.64500571545907,True
CHN,China,2001,5.688872557096225,1.3133390722204847,8.5577394800616,0.017759132,0.0070799999999999995,0.067156005,1.7848406e-05,9.000105102103738,9.839888439207698,2.313537359237671,0.2698034942150116,0.2466263771057129,0.20734871178865433,0.7026236177128276,0.5919618010520935,5.789130999533754,8.575867186991179,8.64500571545907,True
CHN,China,2002,8.177428878256698,3.6269777096420515,9.03959835568049,0.0263965,0.017759132,0.11325343,0.00026298068,9.0569938276747,9.925465834008314,2.329683542251587,0.29804208874702454,0.23969097435474396,0.20840684324502945,0.6625541897454568,0.5880331993103027,5.688872557096225,8.575867186991179,8.64500571545907,True
CHN,China,2003,6.64379870630345,1.2895768909545857,10.221181254870615,0.045957046,0.0263965,0.1600826,0.0025631946,9.138768116457268,10.015861817565119,2.345942497253418,0.30024442076683044,0.2377682477235794,0.2271658480167389,0.6309295247644897,0.6032833456993103,8.177428878256698,8.575867186991179,8.64500571545907,True
CHN,China,2004,8.608802597501786,2.7037430097051813,10.324211833417962,0.062,0.045957046,0.20853563,0.008666558,9.205206103520302,10.118073630113825,2.3623151779174805,0.3315314054489136,0.2321362942457199,0.2598947212100029,0.6063539430808618,0.5981279611587524,6.64379870630345,8.575867186991179,8.64500571545907,True
CHN,China,2005,8.609837489439087,2.715943378948704,10.374232863412125,0.073,0.062,0.25714148000000003,0.019153385999999998,9.29129412949532,10.221315748448005,2.3788018226623535,0.354523628950119,0.22689668834209442,0.27068082243204117,0.5898406209969842,0.5728844404220581,8.608802597501786,8.575867186991179,8.64500571545907,True
CHN,China,2006,9.61736700249336,4.929148539765013,10.488805531120526,0.08523257,0.073,0.3003037,0.02851086,9.37739250438971,10.325058077082126,2.3954036235809326,0.3419039845466614,0.23441553115844727,0.288577638566494,0.5796656627291341,0.5682186484336853,8.609837489439087,8.575867186991179,8.64500571545907,True
CHN,China,2007,8.998570795924188,5.124304912113444,10.460574913531673,0.10523152,0.08523257,0.34980206,0.03858188,9.473566174414644,10.429946132393331,2.404458522796631,0.3541971743106842,0.21852703392505646,0.31852853298187256,0.5718815086847684,0.5573593378067017,9.61736700249336,8.575867186991179,8.64500571545907,True
CHN,China,2008,5.220217124398729,0.9302264850222008,10.45506131064986,0.16,0.10523152,0.41280766,0.050093017,9.563551882373886,10.534551881528648,2.4135477542877197,0.3873201310634613,0.19363820552825928,0.3327241688966751,0.5651358981464405,0.5530818700790405,8.998570795924188,8.575867186991179,8.64500571545907,True
CHN,China,2009,7.545185469160565,1.5340761573299022,12.16456692152832,0.226,0.16,0.48075789999999996,0.06213652,9.615754053617874,10.639102494635146,2.422671318054199,0.4208648204803467,0.1733950674533844,0.3477605730295181,0.5612474939040268,0.5520761609077454,5.220217124398729,8.575867186991179,8.64500571545907,True
CHN,China,2010,9.897060397813284,3.2651943297281996,11.938255669734943,0.289,0.226,0.55657455,0.07744971299999999,9.69120590830948,10.76074816385043,2.4318294525146484,0.45371848344802856,0.16354842483997345,0.29516348242759705,0.559903189650246,0.552654504776001,7.545185469160565,8.575867186991179,8.64500571545907,True
CHN,China,2011,6.2611950648781445,0.2205575203773843,11.215185051835519,0.34299999999999997,0.289,0.6355634,0.09347485000000001,9.790176512287612,10.880130720547779,2.4410219192504883,0.46617773175239563,0.15003874897956848,0.32879820466041565,0.5598001347675741,0.5482550859451294,9.897060397813284,8.575867186991179,8.64500571545907,True
CHN,China,2012,2.8258372478203952,-2.9329810245646115,10.734919803084964,0.38299999999999995,0.34299999999999997,0.7250524,0.11504276000000001,9.852788462936394,10.992282571066134,2.4754698276519775,0.4688416123390198,0.1461176872253418,0.3685368150472641,0.5600131845661771,0.5499829053878784,6.2611950648781445,8.575867186991179,8.64500571545907,True
CHN,China,2013,6.74902481126054,1.626344445010832,10.40842965176374,0.423001,0.38299999999999995,0.8120759599999999,0.127915535,9.881046835414597,11.099631769096984,2.510403633117676,0.45270735025405884,0.1600041687488556,0.36986348032951355,0.5584649367383676,0.5603400468826294,2.8258372478203952,8.575867186991179,8.64500571545907,True
CHN,China,2014,6.3301629608814025,1.5883659864455735,9.840285347428157,0.45799999999999996,0.423001,0.8913022599999999,0.13698905,9.948537083527203,11.203716065614621,2.545830488204956,0.4566207230091095,0.1591886579990387,0.38516223430633545,0.5530763997733779,0.5711438059806824,6.74902481126054,8.575867186991179,8.64500571545907,True
CHN,China,2015,3.362521669103913,-0.825915670487496,9.538628854733311,0.479,0.45799999999999996,0.926612,0.1444452,10.011838713136017,11.302118919088903,2.57462215423584,0.45293325185775757,0.15236999094486237,0.3749174028635025,0.5424391797268946,0.578006386756897,6.3301629608814025,8.575867186991179,8.64500571545907,True
CHN,China,2016,3.8657741140108115,-0.2973963206945155,9.379140555128984,0.503,0.479,0.92540115,0.19843793999999998,10.045463929827056,11.397505207636236,2.5990278720855713,0.43105459213256836,0.15110565721988678,0.36204996705055237,0.5269513077409194,0.5831686854362488,3.362521669103913,8.575867186991179,8.64500571545907,True
CHN,China,2017,2.7761805156506725,-1.329768059878237,8.994047150871332,0.532,0.503,0.97213875,0.22976133,10.084121670967164,11.491296613187526,2.6236650943756104,0.4298975467681885,0.14763624966144562,0.3395974934101105,0.5105819943554302,0.5862529277801514,3.8657741140108115,8.575867186991179,8.64500571545907,True
CHN,China,2018,0.7647851496292546,-3.222164801647271,8.83622487217206,0.5429999999999999,0.532,1.0407317999999999,0.27910128,10.111883476123671,11.58123708469624,2.648535966873169,0.4249556362628937,0.1414055973291397,0.34454597532749176,0.49187154101097974,0.5862529277801514,2.7761805156506725,8.575867186991179,8.64500571545907,True
CHN,China,2019,3.681932523828557,-0.15302332100300825,8.484797157214174,0.653584,0.5429999999999999,1.16229126,0.2870891,10.119531327619963,11.66959933341796,2.67364239692688,0.44893527030944824,0.13832060992717743,0.372309073805809,0.4652001062521727,0.5862529277801514,0.7647851496292546,8.575867186991179,8.64500571545907,True
CIV,Côte d'Ivoire,1996,3.2026366581158427,2.8250349209118175,-1.4431878001982312,2e-06,,0.0,0.0,9.022076471017316,9.986929679848103,1.3496795892715454,0.0860295221209526,0.14580325782299042,0.33878137171268463,3.3246359552721927,0.47256705164909363,2.910845836284004,8.892354960032797,9.034030546368683,True
CIV,Côte d'Ivoire,1997,1.9583412462486294,1.8280088185374466,-1.8022764772011257,8.410000000000001e-05,2e-06,0.0009147964,0.0,9.054102837598474,9.97249780184612,1.3648394346237183,0.05819600448012352,0.13760025799274445,0.3543790578842163,3.224715856354976,0.4932886064052582,3.2026366581158427,8.892354960032797,9.034030546368683,True
CIV,Côte d'Ivoire,1998,1.3706004370597213,1.252220759392103,-1.7359824219099096,0.00018800000000000002,8.410000000000001e-05,0.0023475014,0.0,9.07368625006096,9.95447503707411,1.3801695108413696,0.07250838726758957,0.1364862620830536,0.367807999253273,3.1250984597980924,0.4568082094192505,1.9583412462486294,8.892354960032797,9.034030546368683,True
CIV,Côte d'Ivoire,1999,-0.4034988621990365,-0.9624943279806397,-0.11767573140097909,0.00061,0.00018800000000000002,0.005751438,0.0,9.087392254431558,9.93711521285501,1.3956718444824219,0.08573504537343979,0.12505677342414856,0.41236113011837006,2.986874710076304,0.4537719786167145,1.3706004370597213,8.892354960032797,9.034030546368683,True
CIV,Côte d'Ivoire,2000,-4.0930265848894365,-3.5011628357784765,-1.939738293677884,0.0011899999999999999,0.00061,0.015730801000000003,0.0,9.083357265809568,9.935938455541,1.4113483428955078,0.0539713017642498,0.13127048313617706,0.41108427941799164,2.8030371116054553,0.4572836756706238,-0.4034988621990365,8.892354960032797,9.034030546368683,True
CIV,Côte d'Ivoire,2001,-0.8355036102573266,0.3627188117811764,-1.4138679544943855,0.0023146167,0.0011899999999999999,0.026721957,0.0,9.042426999960673,9.916541072604222,1.4272007942199707,0.061305657029151917,0.12665343284606934,0.3661772310733795,2.5986740671811503,0.47741568088531494,-4.0930265848894365,8.892354960032797,9.034030546368683,True
CIV,Côte d'Ivoire,2002,-2.5085431486296272,-2.0848297868919397,-0.23362215234694617,0.003957477,0.0023146167,0.04007638,0.0,9.0340719638581,9.902402393059278,1.4371883869171143,0.06124623864889145,0.12507347762584686,0.3786248415708542,2.3921019291190504,0.46420395374298096,-0.8355036102573266,8.892354960032797,9.034030546368683,True
CIV,Côte d'Ivoire,2003,-1.9702636401660811,-1.2260493544551998,-0.7670982622915545,0.0049792936,0.003957477,0.055056047000000004,0.0,9.008986532371804,9.900066171535808,1.4472458362579346,0.0231154952198267,0.12242976576089859,0.46462012827396393,2.22111422580622,0.450992226600647,-2.5085431486296272,8.892354960032797,9.034030546368683,True
CIV,Côte d'Ivoire,2004,0.9314593937071791,0.7336182824374593,0.11081713005438587,0.007586696,0.0049792936,0.0669626,2.1594159999999998e-05,8.989283895970143,9.892395188912893,1.4573736190795898,0.06126891076564789,0.10529870539903641,0.4230843037366867,2.113537520489306,0.4377804696559906,-1.9702636401660811,8.892354960032797,9.034030546368683,True
CIV,Côte d'Ivoire,2005,1.2083356700284043,1.2937563440817368,-0.2856286521090823,0.0084928244,0.007586696,0.08544689999999999,4.2153609999999996e-05,8.998598489907215,9.893503360213437,1.4675723314285278,0.04747642204165459,0.1109105721116066,0.5437868386507034,2.0854447971483836,0.4245687425136566,0.9314593937071791,8.892354960032797,9.034030546368683,True
CIV,Côte d'Ivoire,2006,0.7308635910131756,0.6054125233496577,0.004467295980603581,0.010391999999999998,0.0084928244,0.11707123,6.1738673e-05,9.010681846607499,9.890647073692346,1.4778424501419067,0.06591144949197769,0.11250674724578857,0.6359529793262482,2.1144348120125223,0.41135701537132263,1.2083356700284043,8.892354960032797,9.034030546368683,True
CIV,Côte d'Ivoire,2007,0.9504905070095049,0.02790288871435398,0.9337378763989435,0.015248999999999999,0.010391999999999998,0.1978615,0.00048669375,9.01799048251763,9.890691746652152,1.4881843328475952,0.04380813241004944,0.10967162251472473,0.6298626363277435,2.158036591887935,0.4102785587310791,0.7308635910131756,8.892354960032797,9.034030546368683,True
CIV,Côte d'Ivoire,2008,1.6688770304655876,1.038617103441264,1.0560642622507999,0.018000000000000002,0.015248999999999999,0.35508842,0.00047549855,9.027495387587726,9.900029125416141,1.4985986948013306,0.05852564796805382,0.11098078638315201,0.5842168927192688,2.1955178165737887,0.4068825840950012,0.9504905070095049,8.892354960032797,9.034030546368683,True
CIV,Côte d'Ivoire,2009,2.488156734744784,2.1952194408625503,1.2450496701042368,0.019,0.018000000000000002,0.4856755,0.00046480413999999996,9.044184157892381,9.91058976803865,1.5090858936309814,0.08159006386995316,0.11671632528305054,0.6289591193199158,2.2402575647588296,0.3694493770599365,1.6688770304655876,8.892354960032797,9.034030546368683,True
CIV,Côte d'Ivoire,2010,6.153690777166254,4.236042808057578,2.522942326217148,0.02,0.019,0.5993428399999999,0.000454588,9.06906572523983,9.923040264739692,1.519646406173706,0.06308909505605698,0.11699599772691727,0.5712600648403168,2.2871600665488323,0.3611557185649872,2.488156734744784,8.892354960032797,9.034030546368683,True
CIV,Côte d'Ivoire,2011,-0.7061804153606133,-0.726144669398332,-0.6775180730253183,0.027000000000000003,0.02,0.6936588,,9.130602633011492,9.948269688001863,1.5302809476852417,0.10727649182081223,0.11832345277070999,0.5218952000141144,2.3345653668947364,0.38184666633605957,6.153690777166254,8.892354960032797,9.034030546368683,True
CIV,Côte d'Ivoire,2013,9.242030088830155,5.964038527374983,3.321110888782286,0.044000000000000004,0.028999999999999998,0.77127335,0.0019673093,9.255987690972475,9.96618612714367,1.5655550956726074,0.15438050031661987,0.10805346816778183,0.475338414311409,2.435928938022913,0.34965983033180237,13.244686211458934,8.892354960032797,9.034030546368683,True
CIV,Côte d'Ivoire,2014,11.13244231830297,4.971078729816531,7.564997243517091,0.066,0.044000000000000004,0.8099867999999999,0.002350941,9.348407991860777,9.999397236031493,1.583495855331421,0.19715550541877747,0.10287021845579147,0.49161407351493835,2.476669794712727,0.334098756313324,9.242030088830155,8.892354960032797,9.034030546368683,True
CIV,Côte d'Ivoire,2015,11.147537080267966,4.010714190085865,8.89591205200606,0.1,0.066,0.9012199,0.0051720536,9.459732415043806,10.075047208466664,1.601642370223999,0.19108383357524872,0.10178501158952713,0.4081774204969406,2.5045576301652606,0.334098756313324,11.13244231830297,8.892354960032797,9.034030546368683,True
CIV,Côte d'Ivoire,2016,4.331678682349072,-1.3295326472965523,7.476223487974032,0.38439999999999996,0.1,1.0063878,0.004345461,9.571207785846486,10.164006328986725,1.6199967861175537,0.19563734531402588,0.09166312962770462,0.37433314323425293,2.5220902652392407,0.334098756313324,11.147537080267966,8.892354960032797,9.034030546368683,True
CIV,Côte d'Ivoire,2017,4.9085952573244995,-0.37783440494422177,7.088014659363573,0.41207813000000004,0.38439999999999996,1.0562477,0.005247523,9.614524572669977,10.238768563866465,1.638561487197876,0.17728425562381744,0.09690552204847336,0.3143397569656372,2.536099760631716,0.334098756313324,4.331678682349072,8.892354960032797,9.034030546368683,True
CIV,Côte d'Ivoire,2018,3.576844836804227,-1.2259822985010085,6.280090006087846,0.4383992,0.41207813000000004,1.18755066,0.0053425734999999995,9.663610525243222,10.3096487104601,1.6573388576507568,0.16705945134162903,0.10385783761739731,0.3406885266304016,2.547811481928086,0.334098756313324,4.9085952573244995,8.892354960032797,9.034030546368683,True
CIV,Côte d'Ivoire,2019,3.0194761163253148,-1.7577693649965482,6.509172424856402,0.37546535,0.4383992,1.2309801,0.006405363,9.699378973611264,10.37244961052098,1.6763315200805664,0.17600978910923004,0.10046052187681198,0.31484057009220123,2.552358757437201,0.334098756313324,3.576844836804227,8.892354960032797,9.034030546368683,True
CMR,Cameroon,1998,2.3269444325498156,0.8852088851186504,0.019473615144249834,6.77e-05,,0.00030126572,0.0,8.845137132934942,9.93329215357218,1.6767795085906982,0.1154157817363739,0.09262245893478394,0.18882957845926285,2.639267038948079,0.5035288333892822,3.1373467432787905,8.711959085711404,8.801913650525057,True
CMR,Cameroon,1999,2.003284964706964,1.0200542964937123,0.019839225011253347,0.000132,6.77e-05,0.00034929380000000003,0.0,8.86840657726044,9.933486889723623,1.7003329992294312,0.11970739811658859,0.09593576192855835,0.20056921988725662,2.6100020705158933,0.5035288333892822,2.3269444325498156,8.711959085711404,8.801913650525057,True
CMR,Cameroon,2000,1.1628667566917272,0.12461621558502167,0.07873190744174252,0.0012900000000000001,0.000132,0.00040819179999999997,0.0,8.88843942690751,9.933685281973736,1.7204960584640503,0.12187258899211884,0.10028012096881866,0.19217315316200256,2.606524479339134,0.5035288333892822,2.003284964706964,8.711959085711404,8.801913650525057,True
CMR,Cameroon,2001,1.8097728412323377,0.6669893257442259,1.3292527864514625,0.0025212008,0.0012900000000000001,0.0069256055,0.0,8.900068094474427,9.934472601048153,1.7386806011199951,0.1321450024843216,0.10476305335760117,0.18930292129516602,2.6210993279255135,0.5035288333892822,1.1628667566917272,8.711959085711404,8.801913650525057,True
CMR,Cameroon,2002,2.3445474796345067,0.9621333567065751,1.799963137948346,0.0027705132999999997,0.0025212008,0.027257276,0.0,8.91816582288675,9.947765128912668,1.7513751983642578,0.16656973958015442,0.11065758764743805,0.20515882223844528,2.6396400346942794,0.5035288333892822,1.8097728412323377,8.711959085711404,8.801913650525057,True
CMR,Cameroon,2003,-0.34222313209593125,0.37111620323392813,-2.118075536630748,0.0036087158000000005,0.0027705132999999997,0.04460943999999999,0.0,8.941611297683096,9.965764760292151,1.7641624212265015,0.16129346191883087,0.11162424832582474,0.20821686834096909,2.6557046189681355,0.5035288333892822,2.3445474796345067,8.711959085711404,8.801913650525057,True
CMR,Cameroon,2004,2.4505220699847285,2.364426043178938,-0.8943310420013617,0.005876226,0.0036087158000000005,0.06664463500000001,0.0,8.938189066362137,9.944584004925844,1.7770429849624634,0.1547943353652954,0.11324560642242432,0.21493473649024963,2.6737629764959525,0.5035288333892822,-0.34222313209593125,8.711959085711404,8.801913650525057,True
CMR,Cameroon,2005,2.7895891945894036,0.6249106990034469,3.7532972773410833,0.009760754,0.005876226,0.09216274,0.0,8.962694287061984,9.93564069450583,1.7900176048278809,0.1649138331413269,0.11779294908046722,0.2210046723484993,2.692203012885752,0.5035288333892822,2.4505220699847285,8.711959085711404,8.801913650525057,True
CMR,Cameroon,2006,2.411719816053548,1.1236286145339087,1.8520785174246157,0.014027000000000001,0.009760754,0.13192162,1.1830442999999999e-05,8.990590179007878,9.97317366727924,1.8030869960784912,0.1616971492767334,0.11866052448749542,0.21578514575958252,2.709802767057168,0.5035288333892822,2.7895891945894036,8.711959085711404,8.801913650525057,True
CMR,Cameroon,2007,-6.047702072333294,-2.629778579184188,-8.174637870833301,0.020287000000000003,0.014027000000000001,0.17868223,2.3988048e-05,9.014707377168413,9.991694452453487,1.8162518739700317,0.15897533297538757,0.11771538853645325,0.26901934295892715,2.727108706772796,0.5035288333892822,2.411719816053548,8.711959085711404,8.801913650525057,True
CMR,Cameroon,2008,-2.511198507387391,-2.048371013258681,-1.9566018293497578,0.029300000000000003,0.020287000000000003,0.25130339,3.5457269e-05,8.95423035644508,9.909948073745154,1.8295127153396606,0.15440727770328522,0.12337276339530945,0.3205706924200058,2.7420054356310786,0.5035288333892822,-6.047702072333294,8.711959085711404,8.801913650525057,True
CMR,Cameroon,2009,-2.851535806350469,-1.8127606679716162,-1.5262464332367998,0.034,0.029300000000000003,0.33169346,4.6301140000000006e-05,8.929118371371207,9.890382055451656,1.8428704738616943,0.18100550770759583,0.12565724551677704,0.1871153675019741,2.750797224849366,0.5035288333892822,-2.511198507387391,8.711959085711404,8.801913650525057,True
CMR,Cameroon,2010,-0.5949853603114619,-0.8407712274999799,-0.48003176968318684,0.0384,0.034,0.41875749999999995,4.708597e-05,8.900603013307702,9.875119591119288,1.8563257455825806,0.18662549555301666,0.13030268251895905,0.16722136363387108,2.752312197890072,0.5035288333892822,-2.851535806350469,8.711959085711404,8.801913650525057,True
CMR,Cameroon,2011,2.9630737642310834,0.851949133630002,3.088518922723793,0.043,0.0384,0.43912056,0.00030272422,8.894653159704587,9.870319273422457,1.8698792457580566,0.18672248721122742,0.1324876993894577,0.2572181522846222,2.747773491205674,0.5035288333892822,-0.5949853603114619,8.711959085711404,8.801913650525057,True
CMR,Cameroon,2012,3.238700501398739,1.7305627869939209,2.7883444910381527,0.05,0.043,0.51831043,0.00052949976,8.924283897346898,9.901204462649694,1.8727431297302246,0.2001153826713562,0.13303105533123016,0.1884545311331749,2.7404356661672846,0.5035288333892822,2.9630737642310834,8.711959085711404,8.801913650525057,True
CMR,Cameroon,2013,3.8998725277830104,2.3883698559372926,2.7842695000126483,0.075,0.05,0.6299065,0.0006653683,8.956670902360885,9.929087907560076,1.8756115436553955,0.18112099170684814,0.1265268474817276,0.28050733357667923,2.731259313395773,0.5035288333892822,3.238700501398739,8.711959085711404,8.801913650525057,True
CMR,Cameroon,2014,4.4274732525851235,2.3462686221781097,3.6378606024817017,0.1,0.075,0.7319124600000001,0.000789632,8.995669627638716,9.956930602560202,1.8784842491149902,0.1784064769744873,0.13448311388492584,0.2650955691933632,2.7182308213136164,0.5035288333892822,3.8998725277830104,8.711959085711404,8.801913650525057,True
CMR,Cameroon,2015,2.7670612137296047,1.427411227472074,1.9725819840507697,0.16214872,0.1,0.7723999,0.00076296836,9.039944360164567,9.99330920858502,1.8813613653182983,0.18242189288139343,0.139821857213974,0.28520530462265015,2.701547382338454,0.5035288333892822,4.4274732525851235,8.711959085711404,8.801913650525057,True
CMR,Cameroon,2016,1.5762648750563102,0.7960287315533134,1.7660777154718588,0.183,0.16214872,0.7978006999999999,0.0008982396,9.067614972301863,10.013035028425527,1.8842428922653198,0.16336198151111603,0.14587150514125824,0.22923319041728973,2.681818182602491,0.5035288333892822,2.7670612137296047,8.711959085711404,8.801913650525057,True
CMR,Cameroon,2017,0.4769271340148151,-0.10570659257978933,1.7177578202105082,0.20600000000000002,0.183,0.7980462,0.015552933,9.083377621052426,10.030695805580246,1.8871289491653442,0.15978820621967316,0.148764505982399,0.15318144485354424,2.660544762392769,0.5035288333892822,1.5762648750563102,8.711959085711404,8.801913650525057,True
CMR,Cameroon,2018,0.9749997240588115,-0.18247911889308954,2.035198014507955,0.23202972,0.20600000000000002,0.83450294,0.015846671,9.088146892392574,10.04787338378235,1.8900192975997925,0.16555391252040863,0.14730754494667053,0.17522022873163223,2.637758187522543,0.5035288333892822,0.4769271340148151,8.711959085711404,8.801913650525057,True
CMR,Cameroon,2019,0.9244442471208814,0.18855860785550416,2.283625475142159,0.297,0.23202972,0.7439954,0.015956094,9.097896889633162,10.06822536392743,1.892914056777954,0.16810262203216553,0.14664879441261292,0.1889006569981575,2.6122957435405603,0.5035288333892822,0.9749997240588115,8.711959085711404,8.801913650525057,True
COL,Colombia,1996,0.48383624613812515,-1.3250042448336126,2.182377239149247,0.00188,0.00107,0.007633839999999999,0.0,10.118585192325185,11.344307625506355,2.0382611751556396,0.26724469661712646,0.08013315498828888,0.1533736288547516,1.8356158876532636,0.49851611256599426,0.5837560458816782,10.065038629875628,10.103495492036886,True
COL,Colombia,1997,1.3150103088952037,-0.029029712656465645,1.1898855241645023,0.0033,0.00188,0.014273008,0.0,10.123423554786566,11.366131397897847,2.0626165866851807,0.2283390313386917,0.09312407672405243,0.1545409932732582,1.7822740658207437,0.505110502243042,0.48383624613812515,10.065038629875628,10.103495492036886,True
COL,Colombia,1998,0.39900517986275474,-1.4316614278417155,2.3541786609056814,0.00551,0.0033,0.033915179000000004,0.0,10.136573657875518,11.378030253139492,2.0872631072998047,0.22143147885799408,0.1069335862994194,0.17316821962594986,1.7310897024547245,0.5036848783493042,1.3150103088952037,10.065038629875628,10.103495492036886,True
COL,Colombia,1999,-2.8009555710296397,-4.144650258301794,1.5306205020721109,0.0113,0.00551,0.04744385,0.0,10.140563709674145,11.40157203974855,2.112204074859619,0.21104826033115387,0.11125458031892776,0.17562074959278107,1.6836379256430778,0.5053473114967346,0.39900517986275474,10.065038629875628,10.103495492036886,True
COL,Colombia,2000,-3.1916757771831783,-0.6154932128486599,-6.156686081220464,0.017,0.0113,0.050966263,0.0,10.112554153963849,11.41687824476927,2.1374430656433105,0.13663814961910248,0.12077032029628754,0.16944312304258347,1.6420507675796614,0.49611249566078186,-2.8009555710296397,10.065038629875628,10.103495492036886,True
COL,Colombia,2001,0.9881216452146901,0.5874584763387043,-0.3212753982758443,0.02207533,0.017,0.057733559999999996,0.00022696379999999998,10.080637396192017,11.355311383957066,2.1629836559295654,0.15145568549633026,0.11617445200681686,0.1872538924217224,1.6037517797839573,0.4788711667060852,-3.1916757771831783,10.065038629875628,10.103495492036886,True
COL,Colombia,2002,0.07527925641763744,-1.6174020634553963,-1.5196835363246564,0.028542,0.02207533,0.0822292,0.00034828144999999997,10.090518612644164,11.352098629974307,2.1843111515045166,0.16527584195137024,0.11754698306322098,0.19595445692539215,1.5672641591133463,0.4848308861255646,0.9881216452146901,10.065038629875628,10.103495492036886,True
COL,Colombia,2003,0.06876063003087296,0.9351748710661807,-2.360540259526722,0.046,0.028542,0.11398960000000001,0.0008651774,10.09127140520834,11.33690179461106,2.2058489322662354,0.18141674995422363,0.11307783424854279,0.18652994185686111,1.526919519402048,0.4913146495819092,0.07527925641763744,10.065038629875628,10.103495492036886,True
COL,Colombia,2004,1.4445798222036288,2.0332645313389675,-1.8337002143779202,0.073889236,0.046,0.15111369,0.0015740119,10.09195901150865,11.313296392015793,2.2275991439819336,0.19320513308048248,0.11290980875492096,0.18844111263751984,1.4777216360431389,0.47989606857299805,0.06876063003087296,10.065038629875628,10.103495492036886,True
COL,Colombia,2005,0.5906922792275893,0.24177933293167453,-1.4715995590083963,0.091186905,0.073889236,0.25035589999999996,0.0030597809999999997,10.106404809730686,11.294959389872014,2.2495639324188232,0.20265543460845947,0.11482111364603043,0.21421479433774948,1.417178450464407,0.47078225016593933,1.4445798222036288,10.065038629875628,10.103495492036886,True
COL,Colombia,2006,3.0370229467514775,1.197843413095172,-0.037282112091929775,0.11007264,0.091186905,0.5186452500000001,0.0075644606000000005,10.112311732522961,11.28024339428193,2.271745204925537,0.21263743937015533,0.11452876031398773,0.23909961432218552,1.3497447087134073,0.4692869782447815,0.5906922792275893,10.065038629875628,10.103495492036886,True
COL,Colombia,2007,1.2918371650727067,-0.14791108765797112,-0.8932461566873329,0.15341675,0.11007264,0.6971647,0.014712136,10.142681961990476,11.279870573161011,2.294145107269287,0.22266964614391327,0.1154387891292572,0.252143032848835,1.2887374453094846,0.4693065285682678,3.0370229467514775,10.065038629875628,10.103495492036886,True
COL,Colombia,2008,1.6754183643321596,-1.1999491409910796,1.9673983044583565,0.218,0.15341675,0.7850311999999999,0.027919037,10.155600333641203,11.270938111594138,2.3167660236358643,0.2280016839504242,0.1156499832868576,0.26325570046901703,1.2344964589158014,0.4726301431655884,1.2918371650727067,10.065038629875628,10.103495492036886,True
COL,Colombia,2009,0.1779559700146649,-1.143568955003964,2.46017574498385,0.256,0.218,0.9452898000000001,0.040496716,10.172354517284525,11.290612094638721,2.3396098613739014,0.22562392055988312,0.11608283966779709,0.2656307965517044,1.176157100021591,0.46111515164375305,1.6754183643321596,10.065038629875628,10.103495492036886,True
COL,Colombia,2010,1.9229049068510307,0.5863443334082018,1.1232670474377926,0.3,0.256,0.9522961,0.04776843,10.174134076984672,11.31521385208856,2.3626790046691895,0.20274198055267334,0.12531094253063202,0.23436793684959412,1.1124856911286063,0.47120511531829834,0.1779559700146649,10.065038629875628,10.103495492036886,True
COL,Colombia,2011,3.557920620805888,2.1760210370221857,0.8978572118177652,0.365,0.3,0.99330765,0.059026155,10.193363126053182,11.326446522562938,2.3859755992889404,0.19821560382843018,0.12782639265060425,0.26022831350564957,1.0506521737083219,0.4682645797729492,1.9229049068510307,10.065038629875628,10.103495492036886,True
COL,Colombia,2012,1.4135638285148744,-0.0022297632324145417,1.3756092852766244,0.40350914000000004,0.365,1.0207869,0.07397637,10.22894233226124,11.335425094681115,2.4106881618499756,0.20599697530269623,0.1307392418384552,0.30844634771347046,0.9683650097999763,0.4475010633468628,3.557920620805888,10.065038629875628,10.103495492036886,True
COL,Colombia,2013,3.3052226392795703,1.294835060263554,2.2877803811793385,0.48979999999999996,0.40350914000000004,1.0732908,0.08615525,10.24307797054639,11.349181187533881,2.435656785964966,0.1944114863872528,0.13338015973567963,0.3203939199447632,0.9003263463456257,0.45766448974609375,1.4135638285148744,10.065038629875628,10.103495492036886,True
COL,Colombia,2014,4.005715423853395,1.2477670973607646,3.8544404732029136,0.517,0.48979999999999996,1.0897809,0.09831994,10.276130196939185,11.372058991345675,2.4608843326568604,0.18686668574810028,0.15044036507606506,0.3045480251312256,0.9069296442036467,0.4595508575439453,3.3052226392795703,10.065038629875628,10.103495492036886,True
COL,Colombia,2015,-0.4844316607531596,-1.3240735388862424,0.6765405626909526,0.5256814,0.517,1.1882264,0.10798987,10.31618735117772,11.410603396077704,2.486372709274292,0.19701096415519714,0.16155977547168732,0.2909519225358963,1.0104663084406162,0.46960267424583435,4.005715423853395,10.065038629875628,10.103495492036886,True
COL,Colombia,2016,1.6760756284204703,-0.23462035209726365,3.1442809916674364,0.55904972,0.5256814,1.220514,0.11764466999999999,10.311343034570188,11.417368801704614,2.512125253677368,0.18321892619132996,0.18269817531108856,0.24157661199569702,1.1704664902140394,0.49340495467185974,-0.4844316607531596,10.065038629875628,10.103495492036886,True
COL,Colombia,2017,0.920928518845443,-0.6904078974829715,2.98700966719867,0.5813649399999999,0.55904972,1.2370995,0.12464751,10.328103790854392,11.448811611621288,2.538144826889038,0.17489580810070038,0.1969880312681198,0.20881310105323792,1.3676582546706673,0.4948093593120575,1.6760756284204703,10.065038629875628,10.103495492036886,True
COL,Colombia,2018,1.9204238195346335,0.2895688621653376,2.7174131040272442,0.6225988,0.5813649399999999,1.2927202,0.13153729,10.337313076042847,11.478681708293275,2.5629780292510986,0.16196227073669434,0.21519552171230316,0.2278657779097557,1.5137289087595818,0.4970380961894989,0.920928518845443,10.065038629875628,10.103495492036886,True
COL,Colombia,2019,4.200769037817409,1.5293956973196445,4.265319248348298,0.6412637,0.6225988,1.3159547,0.13622878,10.356517314238193,11.505855839333547,2.580820322036743,0.15701593458652496,0.22246792912483215,0.23359107971191406,1.5242300575699197,0.4952113628387451,1.9204238195346335,10.065038629875628,10.103495492036886,True
CRI,Costa Rica,1996,-1.2229160909017267,-3.3981312463305393,1.1893031591824865,0.00417,0.0028000000000000004,0.005247902,0.0,10.276205915467623,11.12580938045724,2.3545053005218506,0.14719834923744202,0.1335069090127945,0.35976171493530273,2.47572452819127,0.5754779577255249,1.59711910560425,10.143597718619688,10.233918094398005,True
CRI,Costa Rica,1997,1.4402652774190727,0.6712002025343916,0.7358113413811651,0.008409999999999999,0.00417,0.012726483,0.0,10.263976754558605,11.137702412049064,2.3682761192321777,0.1398964524269104,0.1322881579399109,0.4178817868232727,2.4194342039305816,0.5754779577255249,-1.2229160909017267,10.143597718619688,10.233918094398005,True
CRI,Costa Rica,1998,3.290284246850206,0.9045872465202998,2.951194420130676,0.016399999999999998,0.008409999999999999,0.017218436,0.0,10.278379407332796,11.145060525462876,2.382127285003662,0.16048003733158112,0.1394522786140442,0.544234573841095,2.35579761092104,0.5754779577255249,1.4402652774190727,10.143597718619688,10.233918094398005,True
CRI,Costa Rica,1999,1.082470999841334,-1.135009846419119,2.3495268432887073,0.026699999999999998,0.016399999999999998,0.028463224999999998,0.0,10.311282249801298,11.174572469664183,2.39605975151062,0.18420863151550293,0.13300122320652008,0.6368746757507324,2.2582337183747248,0.5754779577255249,3.290284246850206,10.143597718619688,10.233918094398005,True
CRI,Costa Rica,2000,-0.1663514973667901,-0.4771595874999257,0.09452699375707141,0.039,0.026699999999999998,0.03541727,0.0,10.322106959799711,11.19806773809707,2.4100735187530518,0.18266528844833374,0.1389308124780655,0.686222642660141,2.1210221136636287,0.5754779577255249,1.082470999841334,10.143597718619688,10.233918094398005,True
CRI,Costa Rica,2001,1.3770871196083334,0.8022512635158546,1.831256584389962,0.05800253,0.039,0.053739977,0.0,10.320443444826044,11.19901300803464,2.4241690635681152,0.17411407828330994,0.13995888829231262,0.6413041949272156,1.9609176037054254,0.5754779577255249,-0.1663514973667901,10.143597718619688,10.233918094398005,True
CRI,Costa Rica,2002,0.661244085405599,-1.3060167479721634,1.3855055601283084,0.09559483,0.05800253,0.08155358,0.0,10.334214316022127,11.21732557387854,2.4483330249786377,0.17662455141544342,0.1438051164150238,0.616235077381134,1.7933947596594724,0.5754779577255249,1.3770871196083334,10.143597718619688,10.233918094398005,True
CRI,Costa Rica,2003,1.6404529441564009,0.5726662842253177,1.5457191519507418,0.19894852,0.09559483,0.12328615,0.002205508,10.340826756876183,11.231180629479823,2.4727375507354736,0.19031372666358948,0.14791882038116455,0.6508118510246277,1.6435774581176954,0.5754779577255249,0.661244085405599,10.143597718619688,10.233918094398005,True
CRI,Costa Rica,2004,1.1721918534947307,-0.16090729143878602,0.716590390784333,0.20333614,0.19894852,0.18805016,0.0035947758,10.357231286317747,11.24663782099933,2.4973855018615723,0.1940726935863495,0.15249024331569672,0.6467587649822235,1.52763207974278,0.5754779577255249,1.6404529441564009,10.143597718619688,10.233918094398005,True
CRI,Costa Rica,2005,1.0035336632356007,0.1959119975259077,1.0335376530010265,0.20792307000000002,0.20333614,0.21977782999999998,0.0066501147,10.368953204852694,11.253803724907174,2.5222792625427246,0.18858006596565247,0.15181325376033783,0.61625637114048,1.4567067709006842,0.5754779577255249,1.1721918534947307,10.143597718619688,10.233918094398005,True
CRI,Costa Rica,2006,3.4496061986247994,2.988759645532521,0.5315959229649891,0.2207,0.20792307000000002,0.25844707,0.010540124,10.37898854148505,11.264139101437184,2.5474209785461426,0.19011813402175903,0.15196532011032104,0.6546394526958466,1.4181751519952268,0.5754779577255249,1.0035336632356007,10.143597718619688,10.233918094398005,True
CRI,Costa Rica,2007,3.443781513665378,2.5155541428752315,0.968484560693561,0.251,0.2207,0.3340901,0.019282676000000002,10.413484603471298,11.269455060666834,2.5419225692749023,0.197804793715477,0.15349026024341583,0.6951934695243835,1.3882877809437755,0.5754779577255249,3.4496061986247994,10.143597718619688,10.233918094398005,True
CRI,Costa Rica,2008,2.064127246887004,0.702103092674472,3.344234311416905,0.284,0.251,0.34432274,0.02168827,10.447922418607952,11.27913990627377,2.536435842514038,0.2191760390996933,0.15070495009422302,0.7071963250637054,1.353523047673666,0.5754779577255249,3.443781513665378,10.143597718619688,10.233918094398005,True
CRI,Costa Rica,2009,-0.5555764025775289,-0.948406078633468,4.421505712643281,0.32289999999999996,0.284,0.42489780000000005,0.024760723,10.468563691076822,11.312582249387939,2.530961036682129,0.23357178270816803,0.1546485275030136,0.7146499454975128,1.3193386988370248,0.5754779577255249,2.064127246887004,10.143597718619688,10.233918094398005,True
CRI,Costa Rica,2010,1.7343547282111516,4.131521494389051,1.0383014936691026,0.3433,0.32289999999999996,0.43342415,0.040591664,10.463007927051047,11.356797306514371,2.525498151779175,0.18719817698001862,0.1552654653787613,0.5529121309518814,1.2826503936926636,0.5754779577255249,-0.5555764025775289,10.143597718619688,10.233918094398005,True
CRI,Costa Rica,2011,2.1947658665014913,-0.21350135891294725,2.0709363071548026,0.365,0.3433,0.6866545000000001,0.08697658999999999,10.480351474333158,11.367180321451062,2.5200469493865967,0.19538888335227966,0.16406145691871643,0.6252742558717728,1.2450647850514862,0.5754779577255249,1.7343547282111516,10.143597718619688,10.233918094398005,True
CRI,Costa Rica,2012,5.1517774237341385,3.8107576995393724,5.057160222122192,0.39212196,0.365,0.90091484,0.0910623,10.502299132998173,11.38788968452261,2.545922040939331,0.2015424370765686,0.16367794573307037,0.6952349841594696,1.2096823640061372,0.5754779577255249,2.1947658665014913,10.143597718619688,10.233918094398005,True
CRI,Costa Rica,2013,-0.7809672225940645,0.6025147888570966,1.1449042884642324,0.475,0.39212196,1.1531214,0.09618360499999999,10.553816907235515,11.438461286743832,2.5681092739105225,0.2111131250858307,0.16558046638965607,0.7102388292551041,1.178288352597101,0.5754779577255249,5.1517774237341385,10.143597718619688,10.233918094398005,True
CRI,Costa Rica,2014,1.6633927231506362,0.9021549916671219,2.293746002434993,0.4596,0.475,1.5080065999999999,0.10281338,10.546007235009574,11.449910329628475,2.5858325958251953,0.1984962522983551,0.18708792328834534,0.7022599130868912,1.1475499432784808,0.5873775482177734,-0.7809672225940645,10.143597718619688,10.233918094398005,True
CRI,Costa Rica,2015,1.7286566431932826,-0.14537829516730907,2.1631982337966704,0.53,0.4596,1.472674,0.10831217,10.56264116224108,11.472847789652825,2.6036784648895264,0.1903430074453354,0.1971016824245453,0.9044747948646545,1.1174739244978804,0.5877441763877869,1.6633927231506362,10.143597718619688,10.233918094398005,True
CRI,Costa Rica,2016,2.3081001468064244,-0.5808622619169577,2.192598552773717,0.5976294999999999,0.53,1.564039,0.11595094,10.579927728673013,11.494479771990791,2.621647357940674,0.17831233143806458,0.20473156869411469,0.5455400496721268,1.086952795435825,0.5888906717300415,1.7286566431932826,10.143597718619688,10.233918094398005,True
CRI,Costa Rica,2017,1.6513557689137315,1.3712897176807752,1.3300233887033386,0.6588045,0.5976294999999999,1.7116637,0.13131031,10.603008730141077,11.516405757518529,2.639740228652954,0.1742440164089203,0.21263495087623596,0.5139283835887909,1.0575703805265402,0.579785943031311,2.3081001468064244,10.143597718619688,10.233918094398005,True
CRI,Costa Rica,2018,2.459127591203192,2.2387625525314645,3.253469372923412,0.71581665,0.6588045,1.7993127000000002,0.15143784999999998,10.619522287830215,11.529705991405562,2.6579580307006836,0.17473000288009644,0.22505444288253784,0.51390141248703,1.0276760896027914,0.579785943031311,1.6513557689137315,10.143597718619688,10.233918094398005,True
CRI,Costa Rica,2019,-0.6403012763280813,0.6140904751430486,-0.04658415298806062,0.7347973,0.71581665,1.7135734999999999,0.1683773,10.644113563742247,11.562240685134796,2.6763017177581787,0.16612647473812103,0.22390936315059662,0.4887252748012543,0.9947822575887999,0.579785943031311,2.459127591203192,10.143597718619688,10.233918094398005,True
CYP,Cyprus,1996,0.7495873221813554,-0.07052260374778296,1.3131129038002953,0.0040999999999999995,0.00111,0.067732744,0.0,11.015256039199018,13.193070068703264,2.4250824451446533,0.33816686272621155,0.09829907864332199,0.6464093178510666,1.8144252123403481,0.499210387468338,5.524424620699975,10.973054194126266,10.936126312941335,True
CYP,Cyprus,1997,1.9873191540540347,0.620405148175554,1.4069162067469776,0.006730000000000001,0.0040999999999999995,0.106229925,0.0,11.022751912420832,13.206201197741267,2.4496171474456787,0.3046223521232605,0.10336326062679291,0.7260253131389618,1.5553835975468722,0.5063936710357666,0.7495873221813554,10.973054194126266,10.936126312941335,True
CYP,Cyprus,1998,4.342678540458422,4.381024171038282,-0.5066578950206235,0.0438,0.006730000000000001,0.13620853,0.0,11.042625103961372,13.220270359808737,2.4743998050689697,0.29801371693611145,0.1158609688282013,0.6757480055093765,1.4272006691466277,0.5107726454734802,1.9873191540540347,10.973054194126266,10.936126312941335,True
CYP,Cyprus,1999,3.065947600999941,2.3841367131054794,0.06418817434798996,0.0889,0.0438,0.17049202000000002,0.0,11.086051889365956,13.21520378085853,2.4994332790374756,0.24798783659934998,0.13602526485919952,0.6675817668437958,1.2599292139727991,0.49065718054771423,4.342678540458422,10.973054194126266,10.936126312941335,True
CYP,Cyprus,2000,4.1745924647818455,3.44211706509961,0.11611228349099889,0.113,0.0889,0.21962202,0.0,11.116711365375956,13.21584566260201,2.5247199535369873,0.25507986545562744,0.13350225985050201,0.5961291268467903,1.0986706866151275,0.48713961243629456,3.065947600999941,10.973054194126266,10.936126312941335,True
CYP,Cyprus,2001,1.7098162123140526,1.1081633895103673,-0.49530959534394015,0.15255394,0.113,0.31300932,0.0,11.158457290023774,13.21700678543692,2.550262689590454,0.24250449240207672,0.12266021221876144,0.5510758832097054,1.0434877292579525,0.48717737197875977,4.1745924647818455,10.973054194126266,10.936126312941335,True
CYP,Cyprus,2002,1.5529208686871243,1.8330675217184436,0.10210749932078045,0.1881876,0.15255394,0.44557761999999995,0.003543586,11.175555452146915,13.212053689483481,2.5698447227478027,0.22646589577198029,0.13741686940193176,0.5767944008111954,1.1040330076532545,0.48394066095352173,1.7098162123140526,10.973054194126266,10.936126312941335,True
CYP,Cyprus,2003,-0.8829929303809436,-0.20466573841539693,-1.262256067281875,0.2832,0.1881876,0.5855864,0.008237355,11.191084660833786,13.213074764476689,2.5863606929779053,0.2648774981498718,0.14980044960975647,0.5880910381674767,1.176567545250512,0.5046679973602295,1.5529208686871243,10.973054194126266,10.936126312941335,True
CYP,Cyprus,2004,0.9460064198798079,2.525567693155412,-1.4810087374362624,0.3009,0.2832,0.7632481,0.013878821,11.182254731529977,13.20045220380387,2.602983236312866,0.24932478368282318,0.16993723809719086,0.5952960327267647,1.1539699706534567,0.5249577164649963,-0.8829929303809436,10.973054194126266,10.936126312941335,True
CYP,Cyprus,2005,1.1693457643913163,2.3306959411089414,-0.7964608345242041,0.3383,0.3009,0.898,0.02328786,11.191714795728775,13.185642116429507,2.6197123527526855,0.3104187250137329,0.15322791039943695,0.7005305364727974,1.4032444589932302,0.5223228931427002,0.9460064198798079,10.973054194126266,10.936126312941335,True
CYP,Cyprus,2006,2.7703723291693905,1.8214393846030303,1.9899558454909538,0.3281,0.3383,1.0517513,0.042817206,11.203408253372688,13.177677508084265,2.6365489959716797,0.3207089304924011,0.149452805519104,0.7199475318193436,1.4401689058422762,0.5467063188552856,1.1693457643913163,10.973054194126266,10.936126312941335,True
CYP,Cyprus,2007,0.6385287305473497,-0.4331657291121657,-0.2929682040337056,0.3583,0.3281,1.1449861,0.08323525,11.231111976664382,13.197577066539175,2.653493881225586,0.3581739068031311,0.15932606160640717,0.7209810763597488,1.6683781800553688,0.550122082233429,2.7703723291693905,10.973054194126266,10.936126312941335,True
CYP,Cyprus,2008,0.12042544641808206,-1.0768807608521287,0.833706226651465,0.4077,0.3583,1.2729418,0.12572514999999998,11.237497263969855,13.194647384498838,2.6705477237701416,0.35272228717803955,0.1644921898841858,0.7411957830190659,2.1290714558447945,0.5575835704803467,0.6385287305473497,10.973054194126266,10.936126312941335,True
CYP,Cyprus,2009,-2.0683977457105485,-3.162194793687671,2.9753963781582016,0.42310000000000003,0.4077,1.2758678,0.18481113000000002,11.238701518434036,13.202984446765353,2.687711000442505,0.4164946675300598,0.17308437824249268,0.802212618291378,2.511077987466101,0.5637911558151245,0.12042544641808206,10.973054194126266,10.936126312941335,True
CYP,Cyprus,2010,1.3775256134424652,0.07032178863243359,2.0938076043462317,0.49810000000000004,0.42310000000000003,1.1934086000000002,0.21489927,11.21801754097693,13.232738410546935,2.7049849033355713,0.3330782949924469,0.1886642575263977,0.6071901023387909,2.6844833830709596,0.6013370752334595,-2.0683977457105485,10.973054194126266,10.936126312941335,True
CYP,Cyprus,2011,0.12522518100510638,-1.011822576691157,1.6025486402625688,0.5299,0.49810000000000004,1.2313301,0.23154919,11.231792797111355,13.253676486590397,2.722369432449341,0.3643144369125366,0.1760718673467636,0.6632785648107529,2.61526336393014,0.5959146022796631,1.3775256134424652,10.973054194126266,10.936126312941335,True
CYP,Cyprus,2012,0.10492993673523188,-1.9509621907015235,4.423192014123067,0.56859894,0.5299,1.2655963,0.24611254,11.233045048921406,13.269701972993023,2.7420172691345215,0.27961406111717224,0.18977336585521698,0.6831746399402618,2.551427525388619,0.5963534712791443,0.12522518100510638,10.973054194126266,10.936126312941335,True
CYP,Cyprus,2013,-1.0240418652184502,-2.6869861365109866,5.933856232826251,0.6068987,0.56859894,1.2874435,0.25562637,11.234094348288759,13.313933893134253,2.7618069648742676,0.2519785463809967,0.1674744337797165,0.5941536352038383,1.5236826062610205,0.5986260771751404,0.10492993673523188,10.973054194126266,10.936126312941335,True
CYP,Cyprus,2014,0.14424543745903406,-1.1005897499049833,1.8700258781651158,0.654548,0.6068987,1.2786291,0.26650581,11.223853929636574,13.373272455462516,2.7817394733428955,0.2029944658279419,0.16310428082942963,0.5900094211101532,-0.2335048500682113,0.5734460949897766,-1.0240418652184502,10.973054194126266,10.936126312941335,True
CYP,Cyprus,2015,1.7561551241543683,1.916582300582647,-1.6871346819927524,0.693287,0.654548,1.2904298,0.28300535,11.225296384011164,13.391972714244167,2.8018157482147217,0.19437235593795776,0.1570114642381668,0.6368705034255981,-1.0996159640971865,0.5654913783073425,0.14424543745903406,10.973054194126266,10.936126312941335,True
CYP,Cyprus,2016,1.9763511796224265,1.9716691108617945,-3.252176432264342,0.71715744,0.693287,1.2863197,0.30173649999999996,11.242857935252708,13.37510136742424,2.8220369815826416,0.19384106993675232,0.1550803929567337,0.7808600962162018,-0.5651101614415566,0.5535624623298645,1.7561551241543683,10.973054194126266,10.936126312941335,True
CYP,Cyprus,2017,-0.3543803398500245,0.18409736811049088,-2.536118636732354,0.7590021,0.71715744,1.3033451999999999,0.3201322,11.262621447048932,13.342579603101596,2.842404365539551,0.25715401768684387,0.14233146607875824,0.7408665269613266,0.45901334049644194,0.5429813861846924,1.9763511796224265,10.973054194126266,10.936126312941335,True
CYP,Cyprus,2018,0.36211640352767915,1.187823594969093,-2.1199803634379677,0.8074319,0.7590021,1.3394048,0.33654224,11.259077643650432,13.317218416734272,2.8629183769226074,0.31408634781837463,0.14518402516841888,0.8475411236286163,0.3752930151522532,0.5492737889289856,-0.3543803398500245,10.973054194126266,10.936126312941335,True
CYP,Cyprus,2019,0.5450341979718942,0.9694932213517983,-1.2001496224710806,0.84433586,0.8074319,1.3484363,0.35235565,11.262698807685709,13.296018613099893,2.8835806846618652,0.3049890398979187,0.14980417490005493,0.9803465604782104,0.8094181796095751,0.5527140498161316,0.36211640352767915,10.973054194126266,10.936126312941335,True
CZE,Czech Republic,1996,3.6199936957160617,-0.002583876571543575,1.1779497975593856,0.014499999999999999,0.0126,0.0047421851999999995,0.0,10.648946898607766,12.8865723836038,3.3758254051208496,0.251107782125473,0.3151361048221588,0.4388241767883301,-0.02679645071177461,0.5271236896514893,5.623156894100312,10.596357356768763,10.58466707016211,True
CZE,Czech Republic,1997,0.19222480504641482,-3.3033518585491253,1.8347347822865956,0.0194,0.014499999999999999,0.019456273,0.0,10.685146835564927,12.898351881579394,3.414501905441284,0.26965072751045227,0.2956744432449341,0.4678649604320526,-0.07614264306430307,0.535291314125061,3.6199936957160617,10.596357356768763,10.58466707016211,True
CZE,Czech Republic,1998,1.4440592056294221,-2.2306210378311206,2.6139621194849028,0.0292,0.0194,0.05120505299999999,0.0,10.687069083615391,12.91669922940226,3.4536211490631104,0.25576284527778625,0.2862528860569,0.4805886596441269,-0.11571564594903272,0.5405095219612122,0.19222480504641482,10.596357356768763,10.58466707016211,True
CZE,Czech Republic,1999,3.6137678642290894,0.2596343989952621,2.7498357232307313,0.039,0.0292,0.09406584000000001,0.0,10.701509675671685,12.94283885059711,3.4931888580322266,0.2558695077896118,0.2614682614803314,0.5480693280696869,-0.14608755285347996,0.5155956745147705,1.4440592056294221,10.596357356768763,10.58466707016211,True
CZE,Czech Republic,2000,4.635254577241454,2.1172383200932954,1.3985162851868793,0.0683,0.039,0.18972828,0.0,10.737647354313976,12.970337207829417,3.533209800720215,0.253376305103302,0.24910348653793335,0.546115905046463,-0.1632213557564821,0.5158811211585999,3.6137678642290894,10.596357356768763,10.58466707016211,True
CZE,Czech Republic,2001,3.0673682260442092,3.5071458850806203,0.8226430421981235,0.09780528000000001,0.0683,0.42454746,0.00024421684,10.78399990008639,12.984322370681285,3.5736892223358154,0.26192787289619446,0.2501329183578491,0.5935088396072388,-0.16545137477335103,0.5148730874061584,4.635254577241454,10.596357356768763,10.58466707016211,True
CZE,Czech Republic,2002,0.9225466416879158,-0.03957439289160036,-0.003908932744955962,0.14697172,0.09780528000000001,0.6789673999999999,0.00060594592,10.814673582346833,12.992548801103267,3.58205246925354,0.25663644075393677,0.25364911556243896,0.6363509893417358,-0.1786445969474304,0.5111325979232788,3.0673682260442092,10.596357356768763,10.58466707016211,True
CZE,Czech Republic,2003,4.417385451358591,3.1938512725941006,1.4752816510577915,0.23929999999999998,0.14697172,0.8408813,0.0014942183,10.823899048763712,12.992509711775817,3.590435266494751,0.25692489743232727,0.26876699924468994,0.7107224762439728,-0.18269024504937725,0.5224952697753906,0.9225466416879158,10.596357356768763,10.58466707016211,True
CZE,Czech Republic,2004,4.919152897024404,3.3568644188987222,0.8461332627152984,0.34299999999999997,0.23929999999999998,0.9472891,0.0033847496,10.868072903277298,13.007262528286395,3.5988376140594482,0.26040202379226685,0.2636842429637909,0.790681928396225,-0.12810255733048947,0.5237675309181213,4.417385451358591,10.596357356768763,10.58466707016211,True
CZE,Czech Republic,2005,4.425608774975132,4.116320821494629,-1.2085713949508303,0.355,0.34299999999999997,1.0507838999999999,0.02299831,10.917264432247542,13.015723860913548,3.607259750366211,0.2770174443721771,0.24589799344539642,1.027640163898468,0.0029591902758863142,0.5230435729026794,4.919152897024404,10.596357356768763,10.58466707016211,True
CZE,Czech Republic,2006,5.086441546032816,4.997455376615773,-0.6168581215565183,0.3527,0.355,1.1454963999999999,0.068973975,10.961520519997293,13.00363814696404,3.61570143699646,0.2788543701171875,0.23375017940998077,1.15087890625,0.18273358568126064,0.5203590393066406,4.425608774975132,10.596357356768763,10.58466707016211,True
CZE,Czech Republic,2007,3.367436567537929,3.0849971676148185,-0.7428352063865162,0.4793,0.3527,1.2039490499999999,0.10796162000000001,11.012384935457622,12.997469565748474,3.6198322772979736,0.29788410663604736,0.23003451526165009,1.2673388719558716,0.39351542632037884,0.5145923495292664,5.086441546032816,10.596357356768763,10.58466707016211,True
CZE,Czech Republic,2008,0.6737562047602452,-0.030267216650611828,-0.8218599611149457,0.5193,0.4793,1.2796688,0.14478489,11.046059301133,12.99004121368461,3.6239678859710693,0.31672757863998413,0.22520406544208527,1.3341463804244995,0.5705240727328587,0.5092825889587402,3.367436567537929,10.596357356768763,10.58466707016211,True
CZE,Czech Republic,2009,-2.978571482208636,-4.193969732390378,2.2644114461003895,0.6297,0.5193,1.3277873,0.16954484999999997,11.052796863180603,12.98182261407346,3.628108501434326,0.3222915828227997,0.23351161181926727,1.4199338555335999,0.6517719145182621,0.5174509882926941,0.6737562047602452,10.596357356768763,10.58466707016211,True
CZE,Czech Republic,2010,3.276848248444608,1.6711770865068822,1.2814074314613677,0.6443000000000001,0.6297,1.2534916,0.19538555,11.023011148358517,13.004466728534464,3.632253408432007,0.2762870788574219,0.24741294980049133,1.226216435432434,0.6014242200128805,0.5205227732658386,-2.978571482208636,10.596357356768763,10.58466707016211,True
CZE,Czech Republic,2011,1.9407190080457326,1.0260257442326794,0.5763698462164513,0.6881999999999999,0.6443000000000001,1.23605286,0.21609055000000002,11.055779630842963,13.017280802849077,3.6364033222198486,0.2728493809700012,0.2535068690776825,1.375669777393341,0.46006028538387866,0.5228997468948364,3.276848248444608,10.596357356768763,10.58466707016211,True
CZE,Czech Republic,2012,-1.206976154673356,-0.5177480195774311,-0.2780740728523412,0.7049,0.6881999999999999,1.25460304,0.2390641,11.07518682092342,13.023044501311242,3.640573740005493,0.2835807204246521,0.24505473673343658,1.5025199055671692,0.28431000761139913,0.5236197113990784,1.9407190080457326,10.596357356768763,10.58466707016211,True
CZE,Czech Republic,2013,-0.3837746607800341,-0.10626888820668007,-0.3539689132637136,0.7343001,0.7049,1.286901,0.25286907,11.063117059376687,13.020263760582719,3.644754409790039,0.2890956699848175,0.23722219467163086,1.5045424103736877,0.1397402606176712,0.532808780670166,-1.206976154673356,10.596357356768763,10.58466707016211,True
CZE,Czech Republic,2014,1.748626298357614,1.1901459208444862,-0.39898940804317107,0.741104,0.7343001,1.3052124,0.27172712,11.059279312768886,13.016724071450081,3.648944854736328,0.2756895124912262,0.24702025949954987,1.498469889163971,0.04950910033967304,0.5305154919624329,-0.3837746607800341,10.596357356768763,10.58466707016211,True
CZE,Czech Republic,2015,3.930112183320489,4.353636529064623,-0.8675448772297756,0.7423171000000001,0.741104,1.3228868,0.2847536,11.076765575752463,13.01273417736965,3.6531457901000977,0.28280237317085266,0.24585969746112823,1.4778152108192444,0.043205946036861675,0.516910195350647,1.748626298357614,10.596357356768763,10.58466707016211,True
CZE,Czech Republic,2016,0.9556669426912023,0.4839677096717801,-1.3942733894589665,0.7566884,0.7423171000000001,1.1833982,0.27998,11.116066697585667,13.004058728597352,3.6573569774627686,0.2995346188545227,0.24537776410579681,1.345796823501587,0.09710037400880722,0.51255863904953,3.930112183320489,10.596357356768763,10.58466707016211,True
CZE,Czech Republic,2017,3.5548630602820097,3.4401521190698827,-1.1569525934978842,0.764812,0.7566884,1.185445,0.29149118,11.12562336701258,12.990115994702762,3.6615781784057617,0.2785264849662781,0.24940885603427887,1.319366991519928,0.16455980159451045,0.522975742816925,0.9556669426912023,10.596357356768763,10.58466707016211,True
CZE,Czech Republic,2018,1.8965223490532424,1.4805442057730949,-0.5059709624161357,0.7871917,0.764812,1.1987429,0.2984526,11.1611719976154,12.978546468767783,3.6658101081848145,0.28764045238494873,0.2456100434064865,1.3456623554229736,0.20862767399774107,0.532784104347229,3.5548630602820097,10.596357356768763,10.58466707016211,True
CZE,Czech Republic,2019,1.7134256390891167,1.1969686125957055,0.10899517013971405,0.8068816,0.7871917,1.2043168,0.30551277,11.180137221105932,12.973486759143622,3.6700518131256104,0.29676127433776855,0.2484668493270874,1.3910707831382751,0.23131689342581474,0.5492497086524963,1.8965223490532424,10.596357356768763,10.58466707016211,True
DEU,Germany,1996,0.8248855569474856,0.4480331913263469,1.8933967945503838,0.0184,0.00923,0.04591778,0.0,11.316638304792669,12.937864430662323,3.497631549835205,0.27420705556869507,0.1397119164466858,0.697717010974884,0.3775012046716597,0.6611482501029968,1.019373448569283,11.062996251323034,11.28709234849934,True
DEU,Germany,1997,1.8743818842997584,1.2175809925537475,1.8701430447022105,0.0305,0.0184,0.067797556,0.0,11.324887160362143,12.956798398607827,3.5112621784210205,0.2560752332210541,0.13800105452537537,0.7014796435832977,0.22775136604380464,0.6581737399101257,0.8248855569474856,11.062996251323034,11.28709234849934,True
DEU,Germany,1998,0.8158447663417334,0.13652077555216247,0.6663798318472303,0.06709999999999999,0.0305,0.10162571,0.0,11.343630979205141,12.975499829054849,3.5249462127685547,0.2483903467655182,0.1398596465587616,0.6893764138221741,0.09290271801800642,0.6465569138526917,1.8743818842997584,11.062996251323034,11.28709234849934,True
DEU,Germany,1999,0.3394230556198252,0.1446942746916105,0.37300442743717355,0.09880000000000001,0.06709999999999999,0.1706606,0.0,11.351789426868558,12.982163627373321,3.5386836528778076,0.2459859997034073,0.1400831788778305,0.7292948067188263,0.004203881522268915,0.63981693983078,0.8158447663417334,11.062996251323034,11.28709234849934,True
DEU,Germany,2000,0.8408354107249494,1.4049134954655957,-0.19774240965233503,0.20800000000000002,0.09880000000000001,0.28748005,0.0,11.355183657424757,12.985893671647693,3.5524744987487793,0.23997846245765686,0.14367802441120148,0.7157652080059052,-0.015659188471772723,0.6451754570007324,0.3394230556198252,11.062996251323034,11.28709234849934,True
DEU,Germany,2001,2.0512225651330596,1.31891878663664,1.8995833833495013,0.30216347,0.20800000000000002,0.58928627,0.0032397175,11.363592011532006,12.98391624755117,3.566318988800049,0.24248769879341125,0.14435507357120514,0.7515342235565186,0.013458990816328509,0.6542061567306519,0.8408354107249494,11.062996251323034,11.28709234849934,True
DEU,Germany,2002,0.355656727678344,-0.08404833002840367,1.6278011327118591,0.3165094,0.30216347,0.6850157,0.025630422,11.384104237183337,13.002912081384665,3.5749263763427734,0.22631888091564178,0.1475253850221634,0.7678581774234772,0.06509235541312108,0.6412127017974854,2.0512225651330596,11.062996251323034,11.28709234849934,True
DEU,Germany,2003,0.34305210126408525,-0.2991554528678997,1.9751393614882318,0.4882,0.3165094,0.7204729000000001,0.039052825,11.38766080446012,13.019190092711783,3.58355450630188,0.2049168199300766,0.15250380337238312,0.8005606234073639,0.09968403172990747,0.6359941363334656,0.355656727678344,11.062996251323034,11.28709234849934,True
DEU,Germany,2004,0.7891320065843033,0.46443360565283087,0.47992986862510634,0.5589999999999999,0.4882,0.7891697000000001,0.054438095000000006,11.391091325472761,13.038941486326665,3.592203378677368,0.2066134661436081,0.15243040025234222,0.8802186250686646,0.09715997323116454,0.6338881254196167,0.34305210126408525,11.062996251323034,11.28709234849934,True
DEU,Germany,2005,0.8554867449781511,0.6256170749981707,0.9670219299499294,0.6473,0.5589999999999999,0.8687982,0.08526945,11.398982645538604,13.043740785012917,3.6008732318878174,0.2060863971710205,0.1461859792470932,0.9768949747085571,0.03931622263033674,0.6196286082267761,0.7891320065843033,11.062996251323034,11.28709234849934,True
DEU,Germany,2006,3.0728342597395653,1.6423237946076426,0.4264410839885713,0.6870999999999999,0.6473,0.9661689,0.13147140999999998,11.407537512988386,13.053411004312416,3.6095640659332275,0.205525204539299,0.14272858202457428,1.0075823664665222,-0.0535782068491919,0.6128906607627869,0.8554867449781511,11.062996251323034,11.28709234849934,True
DEU,Germany,2007,1.3428327065717838,1.0818003487834633,-0.43572077559765887,0.7216,0.6870999999999999,1.0483468,0.18331505,11.438265855585781,13.057675415152302,3.6182756423950195,0.21551330387592316,0.14445623755455017,1.0908710062503815,-0.16006752019359638,0.5984931588172913,3.0728342597395653,11.062996251323034,11.28709234849934,True
DEU,Germany,2008,-0.36923258357504096,-0.3639713266566133,-0.21176207584669982,0.7515999999999999,0.7216,1.1836980400000001,0.24294899999999997,11.451694182651499,13.053318207396325,3.6270084381103516,0.21973033249378204,0.14574360847473145,1.1325811743736267,-0.23888912511127458,0.590178906917572,1.3428327065717838,11.062996251323034,11.28709234849934,True
DEU,Germany,2009,-6.070062419416722,-4.481965768723885,0.37716920555688205,0.78,0.7515999999999999,1.3009746000000002,0.27998913000000003,11.448001856815749,13.051200586637858,3.6357622146606445,0.22589756548404694,0.157022625207901,1.1761861443519592,-0.26127071736192775,0.60460364818573,-0.36923258357504096,11.062996251323034,11.28709234849934,True
DEU,Germany,2010,3.5948436380056847,2.3722425774054883,0.2876805039539576,0.79,0.78,1.2973328000000002,0.30845139,11.387301232621581,13.054972278693427,3.6445372104644775,0.19709447026252747,0.17244353890419006,1.037933111190796,-0.2047236477821457,0.6264617443084717,-6.070062419416722,11.062996251323034,11.28709234849934,True
DEU,Germany,2011,2.4019448081803674,2.358406050552709,-0.38499619497223136,0.82,0.79,1.0936408,0.32366264,11.423249669001638,13.057849083732966,3.6533331871032715,0.21420857310295105,0.17030461132526398,1.1108641028404236,-0.09022491190826543,0.6159981489181519,3.5948436380056847,11.062996251323034,11.28709234849934,True
DEU,Germany,2012,-0.6761214605866428,0.1227563987285206,-0.10853370417436281,0.8127,0.82,1.1241948,0.33709885,11.447269117083442,13.053999121783244,3.655776262283325,0.22747543454170227,0.16604149341583252,1.1874905228614807,0.03541505923170263,0.6160508990287781,2.4019448081803674,11.062996251323034,11.28709234849934,True
DEU,Germany,2013,-0.32394660947225873,0.10766290946604626,0.11602225316380554,0.8234999999999999,0.8127,1.1419195,0.34550105999999997,11.440507902477576,13.0529137847415,3.6582205295562744,0.2200278490781784,0.1628911942243576,1.1873310208320618,0.14459281757543962,0.6284950375556946,-0.6761214605866428,11.062996251323034,11.28709234849934,True
DEU,Germany,2014,1.3907020023538053,1.0541191186012489,0.18248473502922025,0.8417,0.8234999999999999,1.234354,0.35342303999999997,11.437268436382853,13.054074007273138,3.6606667041778564,0.22111502289772034,0.16389939188957214,1.1885122060775757,0.24883483544702045,0.6307671070098877,-0.32394660947225873,11.062996251323034,11.28709234849934,True
DEU,Germany,2015,0.9994066907932364,0.6469550830789317,0.5121975152874825,0.8619370000000001,0.8417,1.2230867,0.36340922999999997,11.451175456406391,13.05589885462343,3.663114547729492,0.22604559361934662,0.16344402730464935,1.1727783679962158,0.339445593011245,0.6279784440994263,1.3907020023538053,11.062996251323034,11.28709234849934,True
DEU,Germany,2016,1.288644081308199,1.3440853521526592,0.1801198076218924,0.875898,0.8619370000000001,1.1740116999999999,0.374127,11.461169523314323,13.061020829776306,3.6655640602111816,0.21924082934856415,0.16806790232658386,1.1096142530441284,0.41293560881543456,0.6291250586509705,0.9994066907932364,11.062996251323034,11.28709234849934,True
DEU,Germany,2017,1.0294789192625942,1.1582495855092096,-0.40718906284880063,0.8416521,0.875898,1.2502401,0.38499107000000005,11.474055964127405,13.062822027852524,3.6680150032043457,0.2169322818517685,0.17148755490779877,1.0874906182289124,0.4956152093449795,0.6296030879020691,1.288644081308199,11.062996251323034,11.28709234849934,True
DEU,Germany,2018,-0.36188939838641687,-0.34526517369763576,-0.4168121318841145,0.8439416,0.8416521,1.3200326999999998,0.39988804,11.484350753320031,13.058750137224036,3.6704676151275635,0.228669211268425,0.175896555185318,1.117345929145813,0.5637077275522095,0.6333663463592529,1.0294789192625942,11.062996251323034,11.28709234849934,True
DEU,Germany,2019,-0.5441020227202387,-0.5922924737725096,0.13099868031716255,0.8703711,0.8439416,1.2894557,0.4096515,11.480731859336167,13.054582015905195,3.672922134399414,0.2320173680782318,0.17844639718532562,1.1611192226409912,0.5621936069358568,0.6419044137001038,-0.36188939838641687,11.062996251323034,11.28709234849934,True
DNK,Denmark,1996,2.0136418872352735,1.0959293292847352,0.8974794882837145,0.0383,0.0134,0.15706461,0.0,11.289804449321043,12.979140039370172,3.201244831085205,0.2646707594394684,0.1665727198123932,1.0510615706443787,0.4092292621562077,0.6416286826133728,2.472286349853192,10.95266623199467,11.239013321533363,True
DNK,Denmark,1997,1.8182216286165342,-0.16852408692449306,0.6627330863278047,0.0571,0.0383,0.25049276,0.0,11.309940868193396,12.98811483425301,3.2209866046905518,0.25147169828414917,0.1636306792497635,1.0350697040557861,0.4225201002125978,0.647051990032196,2.0136418872352735,10.95266623199467,11.239013321533363,True
DNK,Denmark,1998,0.7286617024247377,-1.1637253984382465,0.6832183956655413,0.114,0.0571,0.27362354,0.0,11.32812308447956,12.994742165116287,3.240849733352661,0.2651006281375885,0.16953718662261963,1.0264766216278076,0.4339118312728818,0.6419050097465515,1.8182216286165342,10.95266623199467,11.239013321533363,True
DNK,Denmark,1999,2.0017698153859342,-0.020246570207126113,0.9288032865564233,0.22699999999999998,0.114,0.364428,0.0,11.335409701503808,13.001574349072943,3.260835647583008,0.2578884959220886,0.17682647705078125,1.01541405916214,0.4285846442608543,0.6566053032875061,0.7286617024247377,10.95266623199467,11.239013321533363,True
DNK,Denmark,2000,2.905959895743848,1.2067046972184157,1.284187441863871,0.306,0.22699999999999998,0.49410846999999997,0.0,11.355427399657668,13.010862381938507,3.280944347381592,0.23384977877140045,0.17994549870491028,0.9726155400276184,0.4028378979830993,0.6486623287200928,2.0017698153859342,10.95266623199467,11.239013321533363,True
DNK,Denmark,2001,-0.12394174373326905,-1.1829368579505686,0.859725295537217,0.39172432,0.306,0.62991898,0.012547619999999999,11.384486998615106,13.023704256357146,3.301177501678467,0.24430260062217712,0.17918570339679718,0.9814707636833191,0.3642517068780382,0.6221997141838074,2.905959895743848,10.95266623199467,11.239013321533363,True
DNK,Denmark,2002,0.4478875488148404,-0.394865547475292,1.4577851553864818,0.42957523000000003,0.39172432,0.7389983,0.044412694,11.383247581177773,13.032301509312518,3.314718723297119,0.24288132786750793,0.19034743309020996,1.0295479595661163,0.3153119053391995,0.6364558935165405,-0.12394174373326905,10.95266623199467,11.239013321533363,True
DNK,Denmark,2003,1.319903119408572,0.2432134000683664,2.344300963466317,0.6425,0.42957523000000003,0.8329215000000001,0.08394726000000001,11.387726456665922,13.046879360866383,3.3283157348632812,0.2362985461950302,0.19902876019477844,1.109123408794403,0.2747031486395324,0.6409457325935364,0.4478875488148404,10.95266623199467,11.239013321533363,True
DNK,Denmark,2004,3.125925813870545,1.9226576181607058,1.974568212930805,0.7626000000000001,0.6425,0.8843324,0.1332498,11.400925487860007,13.070322370501046,3.341968536376953,0.23763109743595123,0.187328040599823,1.1679292917251587,0.2633329430522968,0.6423335671424866,1.319903119408572,10.95266623199467,11.239013321533363,True
DNK,Denmark,2005,0.8237442502665004,0.5865827155532917,0.18443672047681048,0.8093,0.7626000000000001,0.9560215,0.18828299999999998,11.432184745998713,13.090068052630354,3.3556771278381348,0.2582828998565674,0.178538978099823,1.224797785282135,0.29274157448293536,0.6323632001876831,3.125925813870545,10.95266623199467,11.239013321533363,True
DNK,Denmark,2006,1.5206670910261622,0.7145492110170164,-0.045961041101527655,0.8273999999999999,0.8093,1.0054711,0.24796408,11.440422188501378,13.091912419835122,3.3694419860839844,0.26226988434791565,0.17280615866184235,1.24054354429245,0.3499669098031788,0.6345982551574707,0.8237442502665004,10.95266623199467,11.239013321533363,True
DNK,Denmark,2007,-1.429896745156789,-0.8560956051709833,-0.24893114559372265,0.8665,0.8273999999999999,1.0718607,0.31914345,11.45562885941164,13.091452809424107,3.38326358795166,0.2838093340396881,0.17815078794956207,1.288518488407135,0.41568300129748437,0.6326290965080261,1.5206670910261622,10.95266623199467,11.239013321533363,True
DNK,Denmark,2008,-1.6091347830279545,-2.206080154474189,0.6451677865110028,0.8503000000000001,0.8665,1.1549714,0.3485313,11.441329891960072,13.08896349796817,3.397141695022583,0.2862756550312042,0.19394268095493317,1.319543719291687,0.46975556063162394,0.6492964625358582,-1.429896745156789,10.95266623199467,11.239013321533363,True
DNK,Denmark,2009,-1.8259109809360297,-2.9599044183537857,4.055076105580646,0.8502,0.8503000000000001,1.1935329000000001,0.3650832,11.425238544129792,13.09541517583328,3.411076784133911,0.28337281942367554,0.20909224450588226,1.3278928995132446,0.5070923960649454,0.6493507027626038,-1.6091347830279545,10.95266623199467,11.239013321533363,True
DNK,Denmark,2010,4.141306199065475,2.597842006596175,2.7772220384475688,0.8684000000000001,0.8502,1.23727486,0.36622227,11.406979434320432,13.135965936889086,3.4250690937042236,0.24161285161972046,0.22677449882030487,1.0918134450912476,0.51993396952974,0.6717942357063293,-1.8259109809360297,10.95266623199467,11.239013321533363,True
DNK,Denmark,2011,1.2785795264065314,0.17139114631567753,0.4368605914789825,0.8872,0.8684000000000001,1.15734474,0.38076030000000005,11.448392496311087,13.163738157273562,3.4391186237335205,0.23271726071834564,0.22152331471443176,1.0693702101707458,0.513590231660177,0.641318678855896,4.141306199065475,10.95266623199467,11.239013321533363,True
DNK,Denmark,2012,0.8173477549878072,0.6123276556637997,1.2265725788724424,0.8981001000000001,0.8872,1.2876286,0.38472538,11.461178291575152,13.168106763188351,3.456554889678955,0.24050535261631012,0.21722137928009033,1.167873203754425,0.5051985897713163,0.6371835470199585,1.2785795264065314,10.95266623199467,11.239013321533363,True
DNK,Denmark,2013,0.876389344670514,0.1253216944431465,0.666869122352054,0.9226000999999999,0.8981001000000001,1.3041603000000002,0.38976703999999995,11.46935176912503,13.180372488977076,3.4740793704986572,0.25693294405937195,0.2131427377462387,1.1537050604820251,0.49893433616694516,0.6298593878746033,0.8173477549878072,10.95266623199467,11.239013321533363,True
DNK,Denmark,2014,0.7847352698261645,0.857358813956019,-0.01959841462166878,0.9462969999999999,0.9226000999999999,1.2521345,0.40467790000000003,11.478115662571735,13.187041180200596,3.4916930198669434,0.2564796805381775,0.2157401591539383,1.2015835642814636,0.4843441552681016,0.6283210515975952,0.876389344670514,10.95266623199467,11.239013321533363,True
DNK,Denmark,2015,1.2205413480089078,1.1093513579540513,-0.10377321053525179,0.9599351,0.9462969999999999,1.2686914,0.41492638,11.485963015269997,13.18684519605438,3.5093955993652344,0.26362723112106323,0.2196575105190277,1.1804900765419006,0.46098496114233,0.6206474900245667,0.7847352698261645,10.95266623199467,11.239013321533363,True
DNK,Denmark,2016,1.9139665524779303,1.1884913156185783,0.016187305646475636,0.96330505,0.9599351,1.24553505,0.42313310000000004,11.498168428750086,13.185807463949027,3.527188301086426,0.271658718585968,0.22268672287464142,1.0919862389564514,0.431591178471713,0.6191054582595825,1.2205413480089078,10.95266623199467,11.239013321533363,True
DNK,Denmark,2017,1.492586453440481,1.2787453431423332,0.10334475666002874,0.9696779,0.96330505,1.2194116,0.42969913,11.517308094274865,13.185969337005492,3.5450711250305176,0.2874358296394348,0.21713034808635712,1.0496612787246704,0.39743758567196696,0.6184792518615723,1.9139665524779303,10.95266623199467,11.239013321533363,True
DNK,Denmark,2018,0.8944765856655934,1.336096599795615,0.26590831232926604,0.97099365,0.9696779,1.23862114,0.4356978,11.53223395880927,13.187002784572092,3.563044309616089,0.2952135503292084,0.21834829449653625,1.052726924419403,0.36570626839236287,0.6155605912208557,1.492586453440481,10.95266623199467,11.239013321533363,True
DNK,Denmark,2019,1.803674223160634,1.2381044683247322,0.5487499273360896,0.9731921,0.97099365,1.24550125,0.4376909,11.541178724665926,13.189661867695385,3.581108808517456,0.30765610933303833,0.2189893126487732,1.087703287601471,0.3457214965195021,0.6203920841217041,0.8944765856655934,10.95266623199467,11.239013321533363,True
DOM,Dominican Republic,1996,5.7213778691933115,7.6517820165907855,-2.7817620532823994,0.000172,,0.007113184,0.0,10.014958339431859,11.728356851199235,2.0448384284973145,0.19807745516300201,0.11053921282291412,0.26564355939626694,1.7486145363165395,0.6580522656440735,5.28437597749587,9.854121383035137,9.9343087940694,True
DOM,Dominican Republic,1997,2.686985888113469,4.215655191756573,-4.897967912522461,0.00075,0.000172,0.010302517,0.0,10.072172118123792,11.700539230666411,2.067142963409424,0.20792879164218903,0.11042820662260056,0.3295632004737854,1.693115709473636,0.6617991924285889,5.7213778691933115,9.854121383035137,9.9343087940694,True
DOM,Dominican Republic,1998,-1.3533291397406444,-1.4703216595646607,-5.0278319396038995,0.0014299999999999998,0.00075,0.01737309,0.0,10.099041977004926,11.651559551541187,2.0896904468536377,0.22145171463489532,0.11693993210792542,0.3676181882619858,1.6417729181701368,0.6425183415412903,2.686985888113469,9.854121383035137,9.9343087940694,True
DOM,Dominican Republic,1999,3.185022967056561,3.258178987340474,-1.2440169306705329,0.00234,0.0014299999999999998,0.025281432000000003,0.0,10.08550868560752,11.601281232145148,2.1124842166900635,0.2824048101902008,0.11648976802825928,0.3664567619562149,1.5954732225803792,0.6232374906539917,-1.3533291397406444,9.854121383035137,9.9343087940694,True
DOM,Dominican Republic,2000,2.3820135280702814,4.79411619169994,0.29928496886793,0.011000000000000001,0.00234,0.050459533,0.0,10.117358915278086,11.588841062838442,2.135526418685913,0.2661077678203583,0.11550962179899216,0.3546154648065567,1.5564907133659656,0.6039566397666931,3.185022967056561,9.854121383035137,9.9343087940694,True
DOM,Dominican Republic,2001,3.198615281938011,1.956964596863292,4.465533669655919,0.037046924,0.011000000000000001,0.08217793000000001,0.0,10.141179050558788,11.591833912527122,2.1588199138641357,0.29962652921676636,0.1209089607000351,0.27066951990127563,1.5229674726030318,0.5846757888793945,2.3820135280702814,9.854121383035137,9.9343087940694,True
DOM,Dominican Republic,2002,1.6352362018199784,3.531139680957815,-0.46946856259957315,0.04429391,0.037046924,0.14564688,0.0,10.173165203378169,11.63648924922368,2.175164222717285,0.26759129762649536,0.12120822072029114,0.18456452153623104,1.4913056885220044,0.565394937992096,3.198615281938011,9.854121383035137,9.9343087940694,True
DOM,Dominican Republic,2003,-0.3056588598935761,-0.6104980853055109,1.631383436071232,0.068237257,0.04429391,0.1921107,0.0,10.189517565396368,11.631794563597685,2.1916325092315674,0.2848440110683441,0.13103903830051422,0.2994931489229202,1.4590087146933772,0.5461140871047974,1.6352362018199784,9.854121383035137,9.9343087940694,True
DOM,Dominican Republic,2004,-1.4540155783345554,-1.2537614604507947,-0.8038689007051403,0.07898393000000001,0.068237257,0.23293648,0.0016702633,10.186460976797433,11.648108397958397,2.2082252502441406,0.2238057255744934,0.12843407690525055,0.28072769939899445,1.426367483251223,0.5268332362174988,-0.3056588598935761,9.854121383035137,9.9343087940694,True
DOM,Dominican Republic,2005,6.65759995607953,6.177440424941088,1.0547376738234249,0.08865553999999999,0.07898393000000001,0.27831884,0.004091976,10.171920821014087,11.640069708951346,2.2249436378479004,0.21285055577754974,0.13159218430519104,0.27662893384695053,1.392770500726126,0.5075523853302002,-1.4540155783345554,9.854121383035137,9.9343087940694,True
DOM,Dominican Republic,2006,5.136345109276341,5.972993199080976,-0.28351122999179523,0.11483198,0.08865553999999999,0.392767,0.006577103,10.238496820574882,11.65061708568958,2.241788625717163,0.21697276830673218,0.13322220742702484,0.29811327159404755,1.3591956918006076,0.4882715344429016,6.65759995607953,9.854121383035137,9.9343087940694,True
DOM,Dominican Republic,2007,4.503355747409898,3.282424074098443,1.9543486250114483,0.14844929,0.11483198,0.49304879999999995,0.011013595000000001,10.289860271667646,11.647781973389662,2.2771096229553223,0.23261182010173798,0.13239282369613647,0.28406352549791336,1.325957163046132,0.468990683555603,5.136345109276341,9.854121383035137,9.9343087940694,True
DOM,Dominican Republic,2008,-1.9167253549870367,-2.3225670331242396,0.8490539196566615,0.1766,0.14844929,0.58302223,0.018375453,10.334893829141745,11.667325459639777,2.3129873275756836,0.23686401546001434,0.1344711035490036,0.2824066951870918,1.295178505316441,0.44970983266830444,4.503355747409898,9.854121383035137,9.9343087940694,True
DOM,Dominican Republic,2009,0.06237882599844369,-1.9736024889671695,3.3558051477402984,0.2082,0.1766,0.75320015,0.024978036999999998,10.315726575591874,11.675815998836343,2.3494300842285156,0.25474756956100464,0.136537566781044,0.27644798904657364,1.2684577788848017,0.45939087867736816,-1.9167253549870367,9.854121383035137,9.9343087940694,True
DOM,Dominican Republic,2010,4.0174452954722994,3.272394451250624,1.2137950212146364,0.2772,0.2082,0.8901061,0.032551250000000004,10.316350363851859,11.709374050313746,2.386446952819824,0.19706545770168304,0.1352657526731491,0.2384735718369484,1.2468054550464291,0.47599998116493225,0.06237882599844369,9.854121383035137,9.9343087940694,True
DOM,Dominican Republic,2011,-0.7120853089444878,-1.5049366027838327,0.9908771760089863,0.314,0.2772,0.9055626,0.039765584,10.356524816806582,11.721512000525893,2.4240472316741943,0.21970021724700928,0.13307715952396393,0.26679717376828194,1.2285840741276033,0.47092199325561523,4.0174452954722994,9.854121383035137,9.9343087940694,True
DOM,Dominican Republic,2012,1.3526071986781574,-1.1764837199010927,3.2326582873384524,0.38,0.314,0.88187355,0.042623680000000004,10.349403963717137,11.731420772285983,2.4703102111816406,0.20504987239837646,0.13133612275123596,0.3086361587047577,1.210676980538894,0.45841267704963684,-0.7120853089444878,9.854121383035137,9.9343087940694,True
DOM,Dominican Republic,2013,2.9743618406604,0.9777332550023443,2.3371241878454185,0.4232,0.38,0.8871729,0.048024354000000005,10.362930035703918,11.763747355159367,2.517455816268921,0.19745518267154694,0.1255907118320465,0.3100101426243782,1.1923180440491343,0.4549179971218109,1.3526071986781574,9.854121383035137,9.9343087940694,True
DOM,Dominican Republic,2014,2.2994734798150063,0.7974997332751581,0.04042777380579565,0.45899999999999996,0.4232,0.9025467,0.051668982999999995,10.392673654110522,11.787118597037821,2.5636966228485107,0.18256324529647827,0.13702550530433655,0.3150082975625992,1.1743979108519653,0.4536792039871216,2.9743618406604,9.854121383035137,9.9343087940694,True
DOM,Dominican Republic,2015,3.1786982308430467,2.0220858073300514,2.155639629686412,0.49579999999999996,0.45899999999999996,0.8049550000000001,0.058164353,10.415668388908673,11.78752287477588,2.59653639793396,0.190476655960083,0.13824419677257538,0.3093952164053917,1.157175123829557,0.44294366240501404,2.2994734798150063,9.854121383035137,9.9343087940694,True
DOM,Dominican Republic,2016,3.1817454037950554,1.2908921438555807,2.96041726996652,0.54215767,0.49579999999999996,0.8430656999999999,0.06575163,10.447455371217103,11.809079271072743,2.6297967433929443,0.21354126930236816,0.13562211394309998,0.28527989238500595,1.1395220929703243,0.4353448152542114,3.1786982308430467,9.854121383035137,9.9343087940694,True
DOM,Dominican Republic,2017,1.6975744907711032,-0.4678612445765097,2.775000475639011,0.63870865,0.54215767,0.8253033999999999,0.072147093,10.479272825255054,11.838683443772409,2.6634833812713623,0.22547923028469086,0.13569502532482147,0.27124743163585663,1.1224900215757394,0.4268774688243866,3.1817454037950554,9.854121383035137,9.9343087940694,True
DOM,Dominican Republic,2018,3.1610799650033883,1.0749294539331102,2.5991910721684164,0.6757124,0.63870865,0.8220920599999999,0.076927915,10.496248570162765,11.866433448528799,2.697601318359375,0.21392802894115448,0.14882439374923706,0.27191323041915894,1.1033908043771135,0.4268774688243866,1.6975744907711032,9.854121383035137,9.9343087940694,True
DOM,Dominican Republic,2019,2.1652003696889466,-0.4633168559041871,3.5169884725723577,0.7482205000000001,0.6757124,0.8289373999999999,0.079820232,10.527859369812798,11.892425359250483,2.732156276702881,0.23278087377548218,0.14712247252464294,0.2825903668999672,1.0788721334456408,0.4268774688243866,3.1610799650033883,9.854121383035137,9.9343087940694,True
ECU,Ecuador,1996,-2.035636695225307,-0.4998854150910767,-2.875235731655046,0.00043799999999999997,0.000348,0.0047034678000000005,0.0,10.103897640642398,11.979708847366933,2.331960439682007,0.1846703290939331,0.26199769973754883,0.27245956659317017,2.1816226307308284,0.3689267635345459,-0.3750890907358695,9.770334567974169,10.111665573596511,True
ECU,Ecuador,1997,-0.2864177255370137,1.3044103210171687,-3.297986099315686,0.000862,0.00043799999999999997,0.005076677000000001,0.0,10.083541273690145,11.950956490050382,2.3557939529418945,0.17152076959609985,0.24267396330833435,0.2732899487018585,2.141596250067579,0.37404900789260864,-2.035636695225307,9.770334567974169,10.111665573596511,True
ECU,Ecuador,1998,-1.5756946054480636,0.10263748480192209,-3.4291229961226577,0.0011,0.000862,0.010552778,0.0,10.080677096434774,11.917976629057225,2.379871129989624,0.18625259399414062,0.22912850975990295,0.2998442202806473,2.0992690207710663,0.3791712820529938,-0.2864177255370137,9.770334567974169,10.111665573596511,True
ECU,Ecuador,1999,0.4544256795261603,0.10392591136261925,5.174388034553168,0.00125,0.0011,0.019903122,0.0,10.064920150380294,11.883685399095999,2.4041941165924072,0.20714668929576874,0.20184612274169922,0.31003908812999725,2.0456035237439885,0.3887883722782135,-1.5756946054480636,9.770334567974169,10.111665573596511,True
ECU,Ecuador,2000,-6.26798194488849,-2.7079243299874767,-6.9099723477764385,0.00823,0.00125,0.030872025,0.0,10.069464407175555,11.93542927944153,2.4287657737731934,0.15848131477832794,0.1927606165409088,0.25910426676273346,1.97782764272878,0.4099518358707428,0.4544256795261603,9.770334567974169,10.111665573596511,True
ECU,Ecuador,2001,-1.2796364326938203,-0.025560855125134063,-3.8402115870226794,0.014621885,0.00823,0.038001825999999995,0.0,10.00678458772667,11.866329555963766,2.4535887241363525,0.17509864270687103,0.17706626653671265,0.2841358929872513,1.9027420819122565,0.4311153292655945,-6.26798194488849,9.770334567974169,10.111665573596511,True
ECU,Ecuador,2002,1.152468501798154,0.431038315046621,-0.6349132447617478,0.026704438,0.014621885,0.06654553,0.00020316418,9.993988223399732,11.82792744009354,2.484276533126831,0.23016008734703064,0.15121835470199585,0.31940957903862,1.824913248703508,0.4522787928581238,-1.2796364326938203,9.770334567974169,10.111665573596511,True
ECU,Ecuador,2003,-0.1099019666947143,-0.8850074657261218,-0.7195337424043657,0.04260797,0.026704438,0.1188008,0.00049465418,10.005512908417714,11.821578307645922,2.515348196029663,0.25997036695480347,0.1318923532962799,0.3330572545528412,1.7561034680962706,0.4734422564506531,1.152468501798154,9.770334567974169,10.111665573596511,True
ECU,Ecuador,2004,-0.4916669749221114,3.3013876963412487,-6.171942055686053,0.044602284,0.04260797,0.17933788,0.00051718827,10.004413888750767,11.814382970221878,2.5468084812164307,0.2269546091556549,0.12272169440984726,0.3187117278575897,1.7064630129970837,0.49460574984550476,-0.1099019666947143,9.770334567974169,10.111665573596511,True
ECU,Ecuador,2005,1.8582053864607317,0.6675932440554221,-0.6467351784445796,0.048344426,0.044602284,0.26043442,0.00085386544,9.999497219001546,11.752663549665018,2.5725436210632324,0.22511892020702362,0.11119034886360168,0.3402835428714752,1.681486217771111,0.5157692432403564,-0.4916669749221114,9.770334567974169,10.111665573596511,True
ECU,Ecuador,2006,0.678901488002559,1.41829303838735,-0.9133768863394565,0.059942999999999996,0.048344426,0.45112369999999996,0.0019345431,10.018079272866153,11.746196197880572,2.5941624641418457,0.2404761165380478,0.09980297088623047,0.3719482868909836,1.6735642122598815,0.5369327068328857,1.8582053864607317,9.770334567974169,10.111665573596511,True
ECU,Ecuador,2007,-1.9237056633762961,-0.804162507967518,-1.3792111529362217,0.07200000000000001,0.059942999999999996,0.60236908,0.0032656235000000002,10.024868287746179,11.737062429017177,2.6159629821777344,0.24068306386470795,0.09806562960147858,0.42151176929473877,1.675026183493955,0.558096170425415,0.678901488002559,9.770334567974169,10.111665573596511,True
ECU,Ecuador,2008,3.878282752944706,1.2024737497608289,1.1726973622575798,0.10800000000000001,0.07200000000000001,0.6937075,0.006978965,10.005631231112416,11.723270317487815,2.637946844100952,0.23584376275539398,0.10043241828680038,0.404312327504158,1.6728665856078795,0.5792596340179443,-1.9237056633762961,9.770334567974169,10.111665573596511,True
ECU,Ecuador,2009,-1.71067075420126,-1.8225543205228019,0.5766710554967247,0.188,0.10800000000000001,0.8016684,0.010702974,10.044414058641863,11.73499729111039,2.6601152420043945,0.26546189188957214,0.10290804505348206,0.4534311145544052,1.6591636466118054,0.6004230976104736,3.878282752944706,9.770334567974169,10.111665573596511,True
ECU,Ecuador,2010,0.048181796268487176,-0.45433178612016223,-0.14412363662739125,0.24600000000000002,0.188,0.8931471000000001,0.016270994,10.02730735109985,11.740764001665358,2.6824700832366943,0.2514268159866333,0.11958147585391998,0.3740582764148712,1.6287202249016364,0.6215866208076477,-1.71067075420126,9.770334567974169,10.111665573596511,True
ECU,Ecuador,2011,4.214388876702735,4.011595088630999,0.5931188505963192,0.2903,0.24600000000000002,0.98036934,0.014679610000000001,10.027789169062535,11.739322765299084,2.705012559890747,0.2574082612991333,0.11896029114723206,0.4557231217622757,1.5893482171192908,0.642750084400177,0.048181796268487176,9.770334567974169,10.111665573596511,True
ECU,Ecuador,2012,2.661337449350043,2.963149777089809,1.5301184641122845,0.31366808,0.2903,1.00042336,0.042993164,10.069933057829562,11.745253953805047,2.711337089538574,0.2605880796909332,0.12144491076469421,0.47612975537776947,1.5387313499506838,0.6639135479927063,4.214388876702735,9.770334567974169,10.111665573596511,True
ECU,Ecuador,2013,2.1649806838688335,1.0803848277205323,2.097099244178402,0.35135147000000005,0.31366808,1.0568029,0.054180164,10.096546432323063,11.76055513844617,2.7176766395568848,0.26418209075927734,0.11299432814121246,0.4755537211894989,1.498934975227817,0.6811813712120056,2.661337449350043,9.770334567974169,10.111665573596511,True
ECU,Ecuador,2014,1.7324543017334548,1.003319423559538,2.487753434683704,0.4027912,0.35135147000000005,1.05181656,0.066960487,10.118196239161751,11.781526130887954,2.7240309715270996,0.2717139720916748,0.1199336126446724,0.4728461802005768,1.4968926849728614,0.6669591069221497,2.1649806838688335,9.770334567974169,10.111665573596511,True
ECU,Ecuador,2015,-2.026193736015358,-1.3876530118953552,1.4369232383973696,0.4559039,0.4027912,1.0355852,0.08229602999999999,10.135520782179086,11.806403665234791,2.7304000854492188,0.280942440032959,0.12731488049030304,0.44461023807525635,1.5437533045540963,0.6669591069221497,1.7324543017334548,9.770334567974169,10.111665573596511,True
ECU,Ecuador,2016,-2.391573161099636,-0.5800144110479976,1.534768870908998,0.48940434000000005,0.4559039,0.79574646,0.09145281000000001,10.115258844818932,11.820772897618765,2.736783981323242,0.27371352910995483,0.13600073754787445,0.38158299028873444,1.6178759340474524,0.6669591069221497,-2.026193736015358,9.770334567974169,10.111665573596511,True
ECU,Ecuador,2017,-0.5418673868906154,-0.4079829541623401,0.09716315440702061,0.54062923,0.48940434000000005,0.8410883,0.09752029000000001,10.091343113207936,11.836120586327855,2.743182897567749,0.2554042637348175,0.14194463193416595,0.32260146737098694,1.7068869242343077,0.6669591069221497,-2.391573161099636,9.770334567974169,10.111665573596511,True
ECU,Ecuador,2018,-1.0394772526035823,-1.5314544402141343,0.5969658305119196,0.5579999999999999,0.54062923,0.8742139,0.10612518,10.08592443933903,11.837092217871925,2.74959659576416,0.2753928601741791,0.14646373689174652,0.36060798168182373,1.7685325837175192,0.6669591069221497,-0.5418673868906154,9.770334567974169,10.111665573596511,True
ECU,Ecuador,2019,-0.8969239192820666,-0.6372122388570479,1.558635332056646,0.575,0.5579999999999999,0.9251176999999999,0.11458410000000001,10.075529666812994,11.843061876177044,2.756025552749634,0.27110448479652405,0.14921076595783234,0.3886919915676117,1.7656170540552463,0.6669591069221497,-1.0394772526035823,9.770334567974169,10.111665573596511,True
EGY,Egypt,1996,4.314667487626522,-0.5399577163945651,6.398210709199681,0.000313,6.38e-05,0.00011482554000000001,0.0,10.29585886055717,10.391066965247138,1.8231159448623657,0.08997391164302826,0.0745149776339531,0.11211869306862354,2.0064379250070097,0.3926834762096405,0.7513011674967984,9.548041816620298,10.277316657646507,True
EGY,Egypt,1997,1.8909185730500155,-1.6228687411632456,4.2200690754638615,0.000615,0.000313,0.00011239195,0.0,10.339005535433435,10.455049072339134,1.8506749868392944,0.09521964192390442,0.05964365601539612,0.1037184800952673,2.0131514460598687,0.3926834762096405,4.314667487626522,9.548041816620298,10.277316657646507,True
EGY,Egypt,1998,0.8561673907378164,-3.5957676926323887,5.502448674599947,0.000905,0.000615,0.0009758824000000001,0.0,10.357914721163935,10.497249763093773,1.8786506652832031,0.1038130670785904,0.06683176755905151,0.10768448002636433,2.0089427073300747,0.3918560743331909,1.8909185730500155,9.548041816620298,10.277316657646507,True
EGY,Egypt,1999,2.6212668439733022,-0.5934530044907251,4.196805047631713,0.00148,0.000905,0.0013263884,0.0,10.366476395071313,10.552274249839773,1.9070491790771484,0.12411007285118103,0.07320097088813782,0.1260336972773075,1.9956016079903272,0.3995973765850067,0.8561673907378164,9.548041816620298,10.277316657646507,True
EGY,Egypt,2000,3.553604305180791,-0.3193846573703807,5.47897737476255,0.0029,0.00148,0.0068801105,0.0,10.392689063511046,10.59424230031609,1.9358770847320557,0.1265067458152771,0.07714463025331497,0.12042348645627499,1.9674022606186448,0.4139189124107361,2.6212668439733022,9.548041816620298,10.277316657646507,True
EGY,Egypt,2001,1.6538380170844746,-0.9488293616240311,4.220650063583342,0.0064126503,0.0029,0.018607538,0.0,10.428225106562854,10.649032074063715,1.965140700340271,0.1348634511232376,0.08339227735996246,0.1156094316393137,1.9303826232466292,0.4165489673614502,3.553604305180791,9.548041816620298,10.277316657646507,True
EGY,Egypt,2002,2.065852656642164,-1.0903656375574562,4.994682016220686,0.008389456,0.0064126503,0.037424302,0.0,10.444763486733699,10.691238574699549,2.0011308193206787,0.1264825463294983,0.08993465453386307,0.10266604274511337,1.9011363612277066,0.4118299186229706,1.6538380170844746,9.548041816620298,10.277316657646507,True
EGY,Egypt,2003,0.7849126849126975,-1.025550444985631,2.7271676168068026,0.027199998,0.008389456,0.058955283,0.0006681214000000001,10.46542201330012,10.741185394861755,2.0377800464630127,0.13315434753894806,0.0984450951218605,0.10003748722374439,1.8814500175997395,0.40657445788383484,2.065852656642164,9.548041816620298,10.277316657646507,True
EGY,Egypt,2004,1.2721839121013545,-0.626713586387788,2.39121911310054,0.04037885,0.027199998,0.07446712500000001,0.00070452794,10.473271140149247,10.768457071029824,2.0751004219055176,0.12496091425418854,0.10930728167295456,0.09186812862753868,1.8586127234712535,0.40296807885169983,0.7849126849126975,9.548041816620298,10.277316657646507,True
EGY,Egypt,2005,0.7109032269003279,-1.1746754268979758,2.1885743754371134,0.1192,0.04037885,0.0961664,0.0009967230000000001,10.48599297927026,10.792369262160829,2.1131043434143066,0.12553569674491882,0.1205117404460907,0.09834123030304909,1.8313338423086911,0.37629711627960205,1.2721839121013545,9.548041816620298,10.277316657646507,True
EGY,Egypt,2006,3.73153103162025,0.7851604641856254,3.601450217105473,0.1275,0.1192,0.16805714,0.0017385605,10.493102011539264,10.8142550059152,2.1518044471740723,0.13256238400936127,0.13227149844169617,0.13253727555274963,1.8057075061268968,0.3796975016593933,0.7109032269003279,9.548041816620298,10.277316657646507,True
EGY,Egypt,2007,0.8238063200376899,-1.1395834725501695,1.9001735628851435,0.1366,0.1275,0.21766649999999998,0.003126055,10.530417321855467,10.850269508086255,2.1912131309509277,0.14063608646392822,0.13778910040855408,0.13404961675405502,1.7718554380712348,0.37849360704421997,3.73153103162025,9.548041816620298,10.277316657646507,True
EGY,Egypt,2008,3.8938089754994465,-0.6395678556615922,5.62379791624501,0.1603,0.1366,0.35708378,0.0056650853,10.538655385055844,10.869271243715106,2.2313437461853027,0.14864753186702728,0.12992475926876068,0.13396088778972626,1.751704749728411,0.33614617586135864,0.8238063200376899,9.548041816620298,10.277316657646507,True
EGY,Egypt,2009,0.19577648471234,-0.8581221544803341,1.6394615292513848,0.1801,0.1603,0.48083343999999995,0.008964606,10.577593474810838,10.925509222877556,2.2722091674804688,0.14955750107765198,0.12324940413236618,0.1844315454363823,1.7786862327913155,0.3199022114276886,3.8938089754994465,9.548041816620298,10.277316657646507,True
EGY,Egypt,2010,3.8052790434582207,-0.3375444374441817,4.859401886644221,0.2,0.1801,0.6325851,0.012313929999999999,10.579551239657961,10.94190383817007,2.3138229846954346,0.12856629490852356,0.13862653076648712,0.15521296113729477,1.864470037998256,0.3386361002922058,0.19577648471234,9.548041816620298,10.277316657646507,True
EGY,Egypt,2011,0.3704956037816842,-2.2687677582070847,2.7999798655717,0.21600000000000003,0.2,0.7921986400000001,0.016274573,10.617604030092544,10.990497857036512,2.356199026107788,0.12474718689918518,0.14235296845436096,0.15475020557641983,1.984783112325328,0.3505140542984009,3.8052790434582207,9.548041816620298,10.277316657646507,True
EGY,Egypt,2012,0.3492540573027725,-1.2397113387153502,1.5485749405671712,0.256,0.21600000000000003,0.9158233,0.020256746,10.62130898613036,11.01849765569223,2.395590305328369,0.10345850884914398,0.15336716175079346,0.15532447770237923,2.1137876538354305,0.37662166357040405,0.3704956037816842,9.548041816620298,10.277316657646507,True
EGY,Egypt,2013,-0.6044079298655802,-0.9007478129269698,-0.44574059618263107,0.264,0.256,1.03904854,0.024567929999999998,10.624801526703388,11.033983405097901,2.4356400966644287,0.09453301876783371,0.13582199811935425,0.14313889294862747,2.2147432834790592,0.31383568048477173,0.3492540573027725,9.548041816620298,10.277316657646507,True
EGY,Egypt,2014,0.39169197603659,-0.01906316377266598,-0.39177408620094667,0.294,0.264,1.04585396,0.028072624,10.618757447404732,11.029525999136075,2.4763596057891846,0.08174271136522293,0.13811863958835602,0.13540581613779068,2.2679440016535324,0.3436976671218872,-0.6044079298655802,9.548041816620298,10.277316657646507,True
EGY,Egypt,2015,5.152231873084823,2.0125033170512783,3.5098515160026267,0.33894604,0.294,0.97731316,0.03145617,10.622674367165098,11.025608258274065,2.5177597999572754,0.07252100855112076,0.14084529876708984,0.13646642491221428,2.259244874961741,0.353351354598999,0.39169197603659,9.548041816620298,10.277316657646507,True
EGY,Egypt,2016,1.8291309631507602,0.8987568485497293,0.7472920879914469,0.3781938,0.33894604,0.9439624999999999,0.038418796,10.674196685895947,11.060706773434092,2.559852123260498,0.07760800421237946,0.1447562873363495,0.13896436616778374,2.2070364460705427,0.3620356321334839,5.152231873084823,9.548041816620298,10.277316657646507,True
EGY,Egypt,2017,3.722434765749938,1.387092790755679,2.984683208977934,0.41248066,0.3781938,0.962092,0.04396854,10.692487995527454,11.068179694314006,2.588629961013794,0.08109769225120544,0.1377016305923462,0.14003683626651764,2.145226549159318,0.3620356321334839,1.8291309631507602,9.548041816620298,10.277316657646507,True
EGY,Egypt,2018,2.697049161364262,0.6544111349083066,1.8418943060689585,0.44950203,0.41248066,0.9928843999999999,0.050473204,10.729712343184953,11.098026526403785,2.617687940597534,0.07732349634170532,0.11453098058700562,0.13394642248749733,2.090831587197961,0.3620356321334839,3.722434765749938,9.548041816620298,10.277316657646507,True
EGY,Egypt,2019,2.339706369447647,0.7314176102761893,1.9350669117818242,0.46924335,0.44950203,0.8874209000000001,0.06268253,10.756682834798596,11.116445469464475,2.6470723152160645,0.08485228568315506,0.11227473616600037,0.15134606882929802,2.0332672982329214,0.3620356321334839,2.697049161364262,9.548041816620298,10.277316657646507,True
ESP,Spain,1996,1.3015583299253564,0.039130264273355,1.2338282049549676,0.00381,0.0028000000000000004,0.023733897,0.0,11.326199712596045,13.105369130724796,2.5487921237945557,0.29446300864219666,0.1342916339635849,0.406905934214592,0.3205893912534119,0.6271819472312927,0.9553504821802505,10.975517765130942,11.28738673559268,True
ESP,Spain,1997,0.0676687969042078,-0.420779879241745,-0.9190094228626933,0.013300000000000001,0.00381,0.074947734,0.0,11.339215295895299,13.117707412774346,2.568826913833618,0.28519588708877563,0.13057385385036469,0.4404222220182419,0.3050078241288112,0.6256152391433716,1.3015583299253564,10.975517765130942,11.28738673559268,True
ESP,Spain,1998,0.011898101792162663,-0.6769025628803327,-1.2695023075742995,0.027999999999999997,0.013300000000000001,0.10795645999999999,0.0,11.33989198386434,13.108517318545719,2.5853164196014404,0.27091214060783386,0.13438594341278076,0.43643680214881897,0.3160555061886061,0.6383723020553589,0.0676687969042078,10.975517765130942,11.28738673559268,True
ESP,Spain,1999,-0.28025349663032273,-0.8567071433470415,-1.3551289873111827,0.0436,0.027999999999999997,0.15949128,0.0,11.340010964882262,13.095822295469976,2.6019115447998047,0.27399730682373047,0.13757002353668213,0.45724424719810486,0.41444107481480863,0.6433187127113342,0.011898101792162663,10.975517765130942,11.28738673559268,True
ESP,Spain,2000,-0.1970256688045069,-0.19334266825865032,-1.838854094204656,0.0709,0.0436,0.37007603000000006,0.0,11.33720842991596,13.082271005596864,2.6186132431030273,0.28116101026535034,0.13729748129844666,0.46375589072704315,0.6271343355398251,0.6476107239723206,-0.28025349663032273,10.975517765130942,11.28738673559268,True
ESP,Spain,2001,0.17594518754524557,-0.7293137204958923,-0.25107423107240123,0.13624961000000002,0.0709,0.5915454,0.0018614923999999999,11.335238173227914,13.063882464654817,2.635422468185425,0.2755759656429291,0.14239268004894257,0.4686235785484314,0.9111468921248811,0.6457717418670654,-0.1970256688045069,10.975517765130942,11.28738673559268,True
ESP,Spain,2002,0.21504993828589392,-0.7124189253837749,0.9342110198666376,0.18148724000000002,0.13624961000000002,0.71900345,0.011312721999999999,11.336997625103367,13.061371722344093,2.651724100112915,0.2584461271762848,0.14837458729743958,0.4807460457086563,1.2044163659872265,0.6379406452178955,0.17594518754524557,10.975517765130942,11.28738673559268,True
ESP,Spain,2003,-0.008618620995903825,-0.45834339888297276,0.6250612806985245,0.2039,0.18148724000000002,0.80302795,0.029876062999999998,11.339148124486226,13.07071383254276,2.6681265830993652,0.25379833579063416,0.15237079560756683,0.4921385794878006,1.4420363375911016,0.6367562413215637,0.21504993828589392,10.975517765130942,11.28738673559268,True
ESP,Spain,2004,-0.4550761637407419,-0.486018750223113,0.06166575948185482,0.3993,0.2039,0.8756261399999999,0.049920077,11.339061938276267,13.076964445349745,2.6846306324005127,0.27214285731315613,0.1493568867444992,0.5475015044212341,1.6017846743355157,0.6335423588752747,-0.008618620995903825,10.975517765130942,11.28738673559268,True
ESP,Spain,2005,-0.4831084562752608,-0.37162134897242327,-0.30534220050952854,0.4401,0.3993,0.8933265,0.078673415,11.334511176638859,13.077581102944563,2.7012367248535156,0.3000496029853821,0.1545863151550293,0.6013706624507904,1.6574354714565587,0.6298227906227112,-0.4550761637407419,10.975517765130942,11.28738673559268,True
ESP,Spain,2006,0.09406616744946916,-0.1557958111546104,0.00792281571939668,0.4788,0.4401,0.9712282999999999,0.11454347000000001,11.329680092076106,13.074527680939468,2.7179458141326904,0.3159845769405365,0.15355859696865082,0.5909003615379333,1.627881152493016,0.6243011355400085,-0.4831084562752608,10.975517765130942,11.28738673559268,True
ESP,Spain,2007,0.6681089262968953,0.0760440767122849,1.0031882692354444,0.5036999999999999,0.4788,1.02236496,0.15077845,11.330620753750601,13.074606909096662,2.734758138656616,0.3442049026489258,0.15627646446228027,0.587330237030983,1.5988182415512586,0.6224560141563416,0.09406616744946916,10.975517765130942,11.28738673559268,True
ESP,Spain,2008,0.9711453762820454,-1.24876090025525,3.360234155752728,0.5511,0.5036999999999999,1.06384415,0.1769859,11.33730184301357,13.084638791789017,2.751674175262451,0.36770695447921753,0.15688863396644592,0.6045011281967163,1.5540005028434667,0.6087667346000671,0.6681089262968953,10.975517765130942,11.28738673559268,True
ESP,Spain,2009,2.487423170942371,-1.3736934099019478,8.288254580893728,0.596,0.5511,1.0732839,0.19759810000000003,11.34701329677639,13.118241133346544,2.768695116043091,0.3515108525753021,0.1726689636707306,0.6152551472187042,1.3983829481154952,0.5992915630340576,0.9711453762820454,10.975517765130942,11.28738673559268,True
ESP,Spain,2010,1.6414835925305127,0.34369959018211527,3.0647986470771826,0.624,0.596,1.0947249,0.2101546,11.371887528485814,13.201123679155481,2.7858211994171143,0.29973459243774414,0.18730111420154572,0.49437931180000305,1.1111626458525148,0.591790497303009,2.487423170942371,10.975517765130942,11.28738673559268,True
ESP,Spain,2011,1.7826535573680857,-0.3787822050207369,3.729932574220207,0.6579999999999999,0.624,1.0971157,0.22741812,11.38830236441112,13.231771665626253,2.803053140640259,0.2908112108707428,0.1826286017894745,0.5454935729503632,0.7430961007875325,0.594256579875946,1.6414835925305127,10.975517765130942,11.28738673559268,True
ESP,Spain,2012,1.200425050598497,-0.9086721377495021,4.930284782523664,0.6709,0.6579999999999999,1.1189935,0.23762285,11.4061288999848,13.269070991368455,2.822751760482788,0.25812849402427673,0.2008015513420105,0.6146019399166107,0.3259580281225638,0.585679292678833,1.7826535573680857,10.975517765130942,11.28738673559268,True
ESP,Spain,2013,0.9790002227067163,-0.5764346293498694,2.937094666200224,0.6981,0.6709,1.0775607,0.24510748,11.418133150490785,13.318373839193692,2.842588424682617,0.24154090881347656,0.19231316447257996,0.592960000038147,-0.044993325049791366,0.5664926171302795,1.200425050598497,10.975517765130942,11.28738673559268,True
ESP,Spain,2014,0.36797664209178294,-0.026098481034866894,-0.37170526442000806,0.71635,0.6981,1.0703857,0.2614588,11.427923152717852,13.347744785855694,2.8625648021698,0.23462870717048645,0.19006453454494476,0.6178969740867615,-0.2819448699291627,0.5582698583602905,0.9790002227067163,10.975517765130942,11.28738673559268,True
ESP,Spain,2015,1.1542258817739182,1.2716764468336084,-1.831737920278087,0.7618671,0.71635,1.0874582,0.27835867000000003,11.43160291913877,13.344027733211494,2.882681369781494,0.2404923439025879,0.19094830751419067,0.6382205188274384,-0.3257552250794493,0.5577903389930725,0.36797664209178294,10.975517765130942,11.28738673559268,True
ESP,Spain,2016,1.040096951045122,0.7422882581649801,-1.1436530182443505,0.7868963,0.7618671,1.0939104,0.29009933,11.44314517795651,13.325710354008713,2.902939558029175,0.24495480954647064,0.18703414499759674,0.5603900849819183,-0.22685760185914283,0.5588658452033997,1.1542258817739182,10.975517765130942,11.28738673559268,True
ESP,Spain,2017,0.5103981467080132,0.9330091937120045,-1.4008020982418046,0.8056133,0.7868963,1.1024706,0.30198631,11.45354614746696,13.31427382382627,2.92333984375,0.24638161063194275,0.18501703441143036,0.5411091148853302,-0.08099366672609243,0.5541490316390991,1.040096951045122,10.975517765130942,11.28738673559268,True
ESP,Spain,2018,0.5540440847138228,0.06515049105528936,-0.6452556084630245,0.8460225,0.8056133,1.1203007999999999,0.31296461000000003,11.45865012893404,13.300265802843851,2.9438836574554443,0.25813278555870056,0.18117307126522064,0.5623895227909088,0.028490087323351787,0.5527506470680237,0.5103981467080132,10.975517765130942,11.28738673559268,True
ESP,Spain,2019,0.19203506394323,0.1650873403947615,-0.516492433449045,0.8610724000000001,0.8460225,1.1500906,0.32227744999999997,11.464190569781179,13.293813246759221,2.964571714401245,0.26949411630630493,0.18379811942577362,0.6003049910068512,0.09734275634705192,0.555432140827179,0.5540440847138228,10.975517765130942,11.28738673559268,True
EST,Estonia,1996,6.794997512717416,4.95110665358387,2.328846131525353,0.0278,0.0116,0.020961262999999997,0.0,10.186089508932746,12.147404778682192,3.0315706729888916,0.14309072494506836,0.4441777765750885,0.9174207150936127,-1.6656458176531441,0.6460445523262024,10.742895156998244,9.917652736716763,10.119484555392209,True
EST,Estonia,1997,11.643887390559726,9.723022143207682,0.6283290035993261,0.0353,0.0278,0.0484432,0.0,10.25403948405992,12.170693239997446,3.083890438079834,0.15956921875476837,0.3954561650753021,0.8880555331707001,-1.072566372511441,0.651069164276123,6.794997512717416,9.917652736716763,10.119484555392209,True
EST,Estonia,1998,5.406408018625797,1.8465261396208577,3.2913566390385895,0.0571,0.0353,0.10144285,0.0,10.370478357965517,12.17697653003344,3.137112855911255,0.1989389806985855,0.3550761640071869,1.0901062488555908,-0.570347046157943,0.6299694180488586,11.643887390559726,9.917652736716763,10.119484555392209,True
EST,Estonia,1999,3.538383054151595,-0.10623387047960509,4.979893795244017,0.10800000000000001,0.0571,0.17503492,0.0,10.424542438151775,12.209890096423825,3.191254138946533,0.22033630311489105,0.33641937375068665,1.2523151636123657,-0.23607781074129752,0.6144376397132874,5.406408018625797,9.917652736716763,10.119484555392209,True
EST,Estonia,2000,8.375272267800504,6.443163708352087,0.29807618298836047,0.145,0.10800000000000001,0.27573961,0.0,10.459926268693291,12.259689034376265,3.2463295459747314,0.18480220437049866,0.3186764419078827,1.1978776454925537,-0.1821975083202143,0.5904892683029175,3.538383054151595,9.917652736716763,10.119484555392209,True
EST,Estonia,2001,5.137471738177979,3.6639448701914406,1.3490413283593128,0.28576954,0.145,0.3987124,0.0,10.543678991371296,12.262669796206149,3.3023555278778076,0.20259499549865723,0.2909287214279175,0.953446626663208,-0.33372597467858367,0.5861191749572754,8.375272267800504,9.917652736716763,10.119484555392209,True
EST,Estonia,2002,6.613225080246643,4.101958304601386,3.1013306930949724,0.3152749,0.28576954,0.4691065,0.012587787,10.595053708753076,12.276160209489742,3.31723690032959,0.2168334573507309,0.28500640392303467,1.02485391497612,-0.5290172081398758,0.5699298977851868,5.137471738177979,9.917652736716763,10.119484555392209,True
EST,Estonia,2003,5.260947868716848,2.9870924308845694,1.792590061698185,0.4152,0.3152749,0.6386672999999999,0.033709455,10.661185959555542,12.307173516420692,3.3321855068206787,0.23988625407218933,0.27618473768234253,1.0620535016059875,-0.6486325310837093,0.5598159432411194,6.613225080246643,9.917652736716763,10.119484555392209,True
EST,Estonia,2004,7.033457103197094,3.941470095579659,4.194035398862184,0.4532,0.4152,0.7661239999999999,0.06587154,10.71379543824271,12.325099417037674,3.347201347351074,0.2849663197994232,0.25628453493118286,1.210924506187439,-0.7129405903939678,0.5542210340499878,5.260947868716848,9.917652736716763,10.119484555392209,True
EST,Estonia,2005,6.830467707298915,4.506491704352915,2.182871606265202,0.532,0.4532,0.9215184000000001,0.10176814,10.784130009274682,12.367039771026295,3.3622848987579346,0.3058132529258728,0.24469411373138428,1.401806116104126,-0.6829252765396421,0.5528367161750793,7.033457103197094,9.917652736716763,10.119484555392209,True
EST,Estonia,2006,4.382309587743016,2.986741085783673,0.8017144306080581,0.6145,0.532,1.0667617,0.13226576,10.85243468634767,12.388868487088947,3.377436399459839,0.30831360816955566,0.2272229790687561,1.4367423057556152,-0.5823024802057208,0.5456136465072632,6.830467707298915,9.917652736716763,10.119484555392209,True
EST,Estonia,2007,7.033848725594005,3.454801387544151,5.56130173996614,0.6351,0.6145,1.2315128,0.18323830000000002,10.896257782225101,12.396885631395028,3.396261215209961,0.38273152709007263,0.21503835916519165,1.4952658414840698,-0.46469395576418937,0.5473480820655823,4.382309587743016,9.917652736716763,10.119484555392209,True
EST,Estonia,2008,-4.974258168915746,-6.435536483716381,4.178459470599094,0.6618999999999999,0.6351,1.2544512,0.19761917,10.966596269481041,12.45249864879469,3.415191173553467,0.3916398286819458,0.21554751694202423,1.578647792339325,-0.37621732940235075,0.5626782178878784,7.033848725594005,9.917652736716763,10.119484555392209,True
EST,Estonia,2009,-4.726990876608461,-4.58825099430688,11.539754793547807,0.7058,0.6618999999999999,1.21494026,0.22037674,10.916853687791884,12.49428324350068,3.4342265129089355,0.337243914604187,0.24961332976818085,1.6489813327789307,-0.31463658564378494,0.606481671333313,-4.974258168915746,9.917652736716763,10.119484555392209,True
EST,Estonia,2010,7.798200205589723,3.994798958881124,5.714839916317693,0.725,0.7058,1.17684906,0.23500817999999998,10.869583779025799,12.609680791436158,3.4533679485321045,0.22728373110294342,0.269636869430542,1.313063383102417,-0.29429721772590844,0.6367396116256714,-4.726990876608461,9.917652736716763,10.119484555392209,True
EST,Estonia,2011,0.8621821178982358,0.7096913092163752,-4.068085735115723,0.741,0.725,1.241362,0.2612817,10.947565781081696,12.666829190599335,3.472615957260132,0.23486462235450745,0.2607683539390564,1.5238023400306702,-0.30237228442593356,0.5859603881835938,7.798200205589723,9.917652736716763,10.119484555392209,True
EST,Estonia,2012,1.4487391983378117,1.1903468568784188,1.1500141423193,0.765,0.741,1.360654,0.26288763,10.956187602260679,12.626148333248178,3.4923617839813232,0.2822009027004242,0.25730955600738525,1.7997291684150696,-0.3302494532893163,0.556496798992157,0.8621821178982358,9.917652736716763,10.119484555392209,True
EST,Estonia,2013,0.05229819870322672,-0.5548394261570361,1.3054715063328004,0.7838992,0.765,1.5119656000000001,0.26425432,10.970674994244057,12.637648474671371,3.5123534202575684,0.3236958980560303,0.24955794215202332,1.7745681405067444,-0.34328412189896795,0.5566624999046326,1.4487391983378117,9.917652736716763,10.119484555392209,True
EST,Estonia,2014,2.1909192878732497,1.260415667756555,1.4221239747996606,0.8000430000000001,0.7838992,1.4624745,0.27387722,10.971197976231089,12.650703189734699,3.5325937271118164,0.29499873518943787,0.2520450949668884,1.7924931049346924,-0.31011813799942667,0.5599730610847473,0.05229819870322672,9.917652736716763,10.119484555392209,True
EST,Estonia,2015,-0.92795858220871,-0.7110582581244328,-0.9569346025980252,0.8424153,0.8000430000000001,1.4436061,0.28225374,10.993107169109821,12.664924429482696,3.5530872344970703,0.29744529724121094,0.25235363841056824,1.7737719416618347,-0.2113580861337505,0.5669429302215576,2.1909192878732497,9.917652736716763,10.119484555392209,True
EST,Estonia,2016,2.7885191601718873,1.6063616066213882,1.6204378089746285,0.88409706,0.8424153,1.4480296000000001,0.2968828,10.983827583287734,12.655355083456715,3.5738375186920166,0.2634473145008087,0.2631867825984955,1.5382803082466125,-0.07235136935819786,0.5872491598129272,-0.92795858220871,9.917652736716763,10.119484555392209,True
EST,Estonia,2017,2.602093335319111,2.245602987332628,-0.4512055487467137,0.87240234,0.88409706,1.4423546999999999,0.31498903,11.011712774889453,12.671559461546462,3.594849109649658,0.26428452134132385,0.2647475302219391,1.5497292876243591,0.09005124409992016,0.572147011756897,2.7885191601718873,9.917652736716763,10.119484555392209,True
EST,Estonia,2018,3.1047451409573767,3.4837363559037193,1.1861925261873907,0.88102455,0.87240234,1.4455661,0.32522003,11.037733708242644,12.667047406058995,3.6161255836486816,0.30064284801483154,0.2594643831253052,1.590351939201355,0.21852127516499564,0.5851430892944336,2.602093335319111,9.917652736716763,10.119484555392209,True
EST,Estonia,2019,3.69726960079948,2.7625597920891884,1.6377936710330943,0.8935701,0.88102455,1.4554349,0.33372517,11.068781159652218,12.678909331320869,3.63767147064209,0.3006109893321991,0.25140929222106934,1.6233381032943726,0.2671906097376775,0.5883529782295227,3.1047451409573767,9.917652736716763,10.119484555392209,True
FIN,Finland,1996,1.9028048286051202,1.6138537672445885,-0.3213314677806167,0.139,0.0492,0.20343336,0.0,11.182103668886276,12.878288057464651,3.0446407794952393,0.28781819343566895,0.1522451639175415,0.8657055497169495,0.4288922248987248,0.5906221866607666,2.0615748617073493,10.968583548518431,11.10475356179423,True
FIN,Finland,1997,2.8117899243689237,3.039918385350679,-1.4785700038965288,0.168,0.139,0.29308989,0.0,11.201131717172327,12.875074742786845,3.0618505477905273,0.28113025426864624,0.15334421396255493,0.9089998304843903,0.35050792594351066,0.5926917195320129,1.9028048286051202,10.968583548518431,11.10475356179423,True
FIN,Finland,1998,3.360584706944536,2.902372660146783,0.343457879676734,0.195,0.168,0.42073900000000003,0.0,11.229249616416016,12.86028904274788,3.079157590866089,0.2796865999698639,0.1576138436794281,0.8687086403369904,0.2870522856794011,0.5786010026931763,2.8117899243689237,10.968583548518431,11.10475356179423,True
FIN,Finland,1999,2.2526020590031948,1.5564149831569272,0.3125096988940257,0.255,0.195,0.5522384300000001,0.0,11.262855463485462,12.863723621544647,3.096562385559082,0.2797209322452545,0.1545967012643814,0.8670095205307007,0.24226484388734093,0.5691027641296387,3.360584706944536,10.968583548518431,11.10475356179423,True
FIN,Finland,2000,3.5457079148038417,3.261848778640332,0.4620270376308966,0.32299999999999995,0.255,0.6337119,0.0,11.285381484075494,12.866848718533587,3.114065408706665,0.26384615898132324,0.1576826423406601,0.8058253824710846,0.22599255588056089,0.5733091235160828,2.2526020590031948,10.968583548518431,11.10475356179423,True
FIN,Finland,2001,1.0227479591522481,0.6480023901336287,0.8828730585815237,0.37248463,0.32299999999999995,0.7203400000000001,0.006761713999999999,11.320838563223532,12.871468988909896,3.131667375564575,0.2714020013809204,0.15890471637248993,0.8586924076080322,0.23211394574733646,0.5662558078765869,3.5457079148038417,10.968583548518431,11.10475356179423,True
FIN,Finland,2002,0.4577683489287665,-0.041007352996225675,0.8384131923723004,0.43105361999999997,0.37248463,0.8048594,0.02582898,11.331066042815054,12.880297719495712,3.151494026184082,0.2606440782546997,0.16535204648971558,0.8601779043674469,0.2410952349979789,0.5603886842727661,1.0227479591522481,10.968583548518431,11.10475356179423,True
FIN,Finland,2003,1.722883169016498,0.6777665442529642,1.8403713130469512,0.6243,0.43105361999999997,0.8685187999999999,0.052590632,11.335643726304342,12.888681851419435,3.1714465618133545,0.24321182072162628,0.17365902662277222,0.8587568402290344,0.24753602644762562,0.565241277217865,0.4577683489287665,10.968583548518431,11.10475356179423,True
FIN,Finland,2004,3.3907559035180057,2.1711113023870494,1.7019782107638548,0.6922,0.6243,0.9106401,0.0942076,11.352872557994507,12.907085564549904,3.1915249824523926,0.25187793374061584,0.16840359568595886,0.9414790272712708,0.26295793910642296,0.5692667365074158,1.722883169016498,10.968583548518431,11.10475356179423,True
FIN,Finland,2005,1.2487642706968671,0.8218259481207277,0.7676830416142977,0.7239,0.6922,0.9540663,0.15301785,11.386780117029687,12.924105346657543,3.211730480194092,0.2688857614994049,0.16504499316215515,1.0058903694152832,0.288024294030631,0.563991367816925,3.3907559035180057,10.968583548518431,11.10475356179423,True
FIN,Finland,2006,2.1162802894783894,1.7348432146158148,0.35069298094132506,0.7448,0.7239,1.00455925,0.22382418,11.399267759736656,12.931782177073686,3.2320640087127686,0.29520148038864136,0.16446693241596222,1.0383352637290955,0.319147879945314,0.5728318095207214,1.2487642706968671,10.968583548518431,11.10475356179423,True
FIN,Finland,2007,3.018789326348603,2.433009050185758,0.5003473337506392,0.7966,0.7448,1.0766681,0.27135073,11.42043056263144,12.935289106883099,3.2525265216827393,0.2776968479156494,0.17161357402801514,1.1520331501960754,0.35237818410687183,0.5748664736747742,2.1162802894783894,10.968583548518431,11.10475356179423,True
FIN,Finland,2008,-1.3690758806811587,-1.8382969258902502,0.33159399709141724,0.8078,0.7966,1.1496187,0.30574564,11.450618455894926,12.940292580220605,3.273118257522583,0.2820199429988861,0.1745588630437851,1.1477195620536804,0.38293303772425347,0.5591527819633484,3.018789326348603,10.968583548518431,11.10475356179423,True
FIN,Finland,2009,-5.800277804819487,-7.104594372421123,4.175585502788159,0.8367,0.8078,1.2854348999999998,0.30451443,11.436927697088114,12.94360852019152,3.2938404083251953,0.29230520129203796,0.19057254493236542,1.1561052203178406,0.4089600797877013,0.5703229308128357,-1.3690758806811587,10.968583548518431,11.10475356179423,True
FIN,Finland,2010,3.7579064882683255,2.3917771400004084,2.2300625371949323,0.8249,0.8367,1.4422565,0.29324635,11.37892491903992,12.985364375219401,3.3146939277648926,0.26886725425720215,0.2115590125322342,0.8596207499504089,0.4279432225382074,0.6079131364822388,-5.800277804819487,10.968583548518431,11.10475356179423,True
FIN,Finland,2011,0.9454937666275143,0.91111470698264,0.18800217364116634,0.8689,0.8249,1.5643208000000002,0.29075111,11.416503983922603,13.00766500059135,3.335679292678833,0.2745056748390198,0.20754924416542053,0.9330392777919769,0.43929662269535097,0.596794068813324,3.7579064882683255,10.968583548518431,11.10475356179423,True
FIN,Finland,2012,-2.238024751372869,-2.424291945954879,0.8424163909658944,0.8870999,0.8689,1.6591685,0.29805645,11.425958921588878,13.009545022327762,3.3540232181549072,0.29491379857063293,0.2168571949005127,1.0367015600204468,0.4510309975392035,0.6000691652297974,0.9454937666275143,10.968583548518431,11.10475356179423,True
FIN,Finland,2013,-0.12934617676592097,-0.8702937587781068,2.1350957459198128,0.8987999999999999,0.8870999,1.7214722,0.30432375,11.403578674075149,13.017969186237421,3.3724677562713623,0.2938365340232849,0.21415390074253082,0.981247067451477,0.45779699544923336,0.6139835715293884,-2.238024751372869,10.968583548518431,11.10475356179423,True
FIN,Finland,2014,0.07103052321966175,-0.7075843903329989,1.6616252165366774,0.915144,0.8987999999999999,1.3625901999999999,0.3162683,11.40228521230749,13.039320143696619,3.3910138607025146,0.28006207942962646,0.228974848985672,1.0472239255905151,0.4461506060155829,0.6103990077972412,-0.12934617676592097,10.968583548518431,11.10475356179423,True
FIN,Finland,2015,0.586573036516036,-0.045958268925789386,1.256716858056528,0.86530396,0.915144,1.3919882000000001,0.3219703,11.402995517539686,13.055936395861986,3.4096620082855225,0.2673918902873993,0.23125191032886505,1.006213128566742,0.4115270275807159,0.6012968420982361,0.07103052321966175,10.968583548518431,11.10475356179423,True
FIN,Finland,2016,2.307155678228945,1.6083505291277587,1.1566779314488684,0.86422134,0.86530396,1.3497412,0.31569094,11.408861247904847,13.068503564442551,3.428412675857544,0.2542494833469391,0.23196767270565033,0.8428503274917603,0.360264324889803,0.5934157967567444,0.586573036516036,10.968583548518431,11.10475356179423,True
FIN,Finland,2017,2.1606377429451484,1.7980870754442342,0.7494664335384371,0.8770365,0.86422134,1.3138277999999999,0.31152937,11.431932804687136,13.08007034375704,3.4472663402557373,0.26649004220962524,0.2296614646911621,0.8020405769348145,0.3022363052082033,0.5883380770683289,2.307155678228945,10.968583548518431,11.10475356179423,True
FIN,Finland,2018,-1.0432449354247808,-0.9992710057542734,-0.6195953453131509,0.87468925,0.8770365,1.299834,0.3104352,11.453539182116588,13.087565008092424,3.466223955154419,0.2752189636230469,0.22871850430965424,0.8940242826938629,0.24812249606045444,0.5678055882453918,2.1606377429451484,10.968583548518431,11.10475356179423,True
FIN,Finland,2019,-0.5297578845885553,-0.6035793918752671,0.10372965974863035,0.8888996,0.87468925,1.2962912,0.31491717999999996,11.44310673276234,13.081369054639293,3.485285758972168,0.28589382767677307,0.2314954251050949,0.9450120329856873,0.20310055597880794,0.5712717175483704,-1.0432449354247808,10.968583548518431,11.10475356179423,True
FJI,Fiji,1996,3.6288155624619733,3.771124425575963,-1.6966044104862021,9.12e-05,7.91e-05,0.0027769149999999996,0.0,10.128070606671496,10.95508729986523,2.3069820404052734,0.1562555879354477,0.24363014101982117,0.48617471754550934,1.273967058532366,0.5635782480239868,0.5449077201609143,9.749307406490887,10.099561696955808,True
FJI,Fiji,1997,-3.283466143896341,-3.2178310606579235,-1.5959626962771978,0.000644,9.12e-05,0.0046451017,0.0,10.164358762296116,10.938121255760368,2.329603672027588,0.12897223234176636,0.24039071798324585,0.5128894746303558,1.148997998533066,0.5552600026130676,3.6288155624619733,9.749307406490887,10.099561696955808,True
FJI,Fiji,1998,0.35985539565146496,-1.8522670663397356,2.4269858333324734,0.00223,0.000644,0.0064630634,0.0,10.131524100857153,10.922161628797596,2.352447032928467,0.13015268743038177,0.24386078119277954,0.5260159820318222,1.0589007092169145,0.5816869735717773,-3.283466143896341,9.749307406490887,10.099561696955808,True
FJI,Fiji,1999,7.66896520214555,6.129383847514229,1.848901462325614,0.00633,0.00223,0.009828637999999999,0.0,10.135122654813667,10.946431487130921,2.375514268875122,0.18065881729125977,0.2499685436487198,0.5603259801864624,0.9317705195048959,0.595314621925354,0.35985539565146496,9.749307406490887,10.099561696955808,True
FJI,Fiji,2000,-2.296215597467288,-4.633668724421371,3.2337492760296627,0.00942,0.00633,0.028393703000000003,0.0,10.211812306835123,10.964920501754177,2.3988077640533447,0.16518662869930267,0.22315575182437897,0.6409597396850586,0.7651643970130906,0.5638362765312195,7.66896520214555,9.749307406490887,10.099561696955808,True
FJI,Fiji,2001,1.620984859332708,-0.004646504596425571,2.984848235450066,0.014968548,0.00942,0.065473194,0.0,10.18885015086045,10.997257994514474,2.4223296642303467,0.19493204355239868,0.224896639585495,0.5399605631828308,0.5815849978235921,0.5488983392715454,-2.296215597467288,9.749307406490887,10.099561696955808,True
FJI,Fiji,2002,2.9863656446197595,1.2717422011786716,2.789572629249726,0.018579786,0.014968548,0.09526057,0.0,10.205059999453777,11.027106476868974,2.4428601264953613,0.19028069078922272,0.22744199633598328,0.5577814280986786,0.3592771803692052,0.48862648010253906,1.620984859332708,9.749307406490887,10.099561696955808,True
FJI,Fiji,2003,0.8946200395087089,-0.3262317715236565,1.8946309954843699,0.061526500000000005,0.018579786,0.10477257,0.0,10.234923655899975,11.055002203161472,2.46356463432312,0.19608287513256073,0.22179703414440155,0.6268464624881744,0.16351767903059755,0.48862648010253906,2.9863656446197595,9.749307406490887,10.099561696955808,True
FJI,Fiji,2004,5.1010416520052,4.578466318688008,1.02750317929452,0.06725435,0.061526500000000005,0.12684262999999998,0.0,10.243869856295062,11.073948513116315,2.4844446182250977,0.20083032548427582,0.23312368988990784,0.7516353577375412,0.10040869262240293,0.48862648010253906,0.8946200395087089,9.749307406490887,10.099561696955808,True
FJI,Fiji,2005,1.204997254611584,-0.5559240556018517,3.8760089840709,0.074129434,0.06725435,0.16262068,0.0,10.294880272815114,11.08422354490926,2.5055012702941895,0.1889663189649582,0.23594839870929718,0.778557151556015,0.2183684928802554,0.48862648010253906,5.1010416520052,9.749307406490887,10.099561696955808,True
FJI,Fiji,2006,3.4623179969582196,1.649213935921974,3.5145598313331305,0.08453635999999999,0.074129434,0.23232647,0.007933099,10.30693024536123,11.12298363474997,2.5267367362976074,0.23776336014270782,0.24596267938613892,1.04790860414505,0.4567354340862889,0.48862648010253906,1.204997254611584,9.749307406490887,10.099561696955808,True
FJI,Fiji,2007,0.5408570766775256,0.32392681004371066,0.9224728534098503,0.09600039,0.08453635999999999,0.3197127,0.0095466465,10.341553425330812,11.1581292330633,2.548151969909668,0.19321222603321075,0.2506457567214966,0.8921708911657333,0.759761007612364,0.48862648010253906,3.4623179969582196,9.749307406490887,10.099561696955808,True
FJI,Fiji,2008,2.410423897635816,-0.364431110435115,6.134532277713944,0.108978,0.09600039,0.59036434,0.012808633,10.346961996097587,11.1673539615974,2.5665533542633057,0.16019652783870697,0.2206338495016098,0.7976365387439728,0.9999722761647373,0.48862648010253906,0.5408570766775256,9.749307406490887,10.099561696955808,True
FJI,Fiji,2009,-2.171856237159453,-1.3135384463825588,0.5352802509042576,0.13,0.108978,0.6641583,0.014424412,10.371066235073945,11.228699284374539,2.581178665161133,0.2419440597295761,0.1882130354642868,0.8677764385938644,1.0907895070618456,0.48862648010253906,2.410423897635816,9.749307406490887,10.099561696955808,True
FJI,Fiji,2010,2.101443517494417,1.5392477656455184,0.6309012412316406,0.17,0.13,0.705437,0.014141809,10.34934767270235,11.234052086883581,2.5958871841430664,0.1846669614315033,0.1801452785730362,0.5300325006246567,0.9742289817509631,0.48862648010253906,-2.171856237159453,9.749307406490887,10.099561696955808,True
FJI,Fiji,2011,2.2373121197347245,0.40882019993406654,2.607481907697462,0.2,0.17,0.7665921,0.02553769,10.370362107877295,11.240361099295898,2.6106793880462646,0.1821250021457672,0.1506115347146988,0.6070527732372284,0.7214694066662725,0.48862648010253906,2.101443517494417,9.749307406490887,10.099561696955808,True
FJI,Fiji,2012,1.2085355518390628,0.6752890463830784,0.7917032987156958,0.28,0.2,0.7962855999999999,0.025465806,10.392735229074642,11.266435918372872,2.620628595352173,0.21471436321735382,0.1726588010787964,0.6868443787097931,0.42140949411247075,0.48862648010253906,2.2373121197347245,9.749307406490887,10.099561696955808,True
FJI,Fiji,2013,4.138962352863729,-0.40218020843748037,7.514065378956936,0.33742400000000006,0.28,0.9386732000000001,0.014772909,10.404820584593033,11.27435295136003,2.630615472793579,0.1688823699951172,0.20403771102428436,0.7119261026382446,0.1874438651290028,0.48862648010253906,1.2085355518390628,9.749307406490887,10.099561696955808,True
FJI,Fiji,2014,-5.0865048619977316,-0.7527371558303152,-9.005092260779435,0.35200000000000004,0.33742400000000006,1.0153369,0.011924458,10.44621020812167,11.349493605149599,2.6406402587890625,0.24888066947460175,0.194085031747818,0.7029283791780472,0.062287765704005515,0.48862648010253906,4.138962352863729,9.749307406490887,10.099561696955808,True
FJI,Fiji,2015,5.7167664637379545,2.375500228740378,5.480872934036185,0.374,0.35200000000000004,0.9548717499999999,0.01354316,10.395345159501693,11.259442682541804,2.6507034301757812,0.15679985284805298,0.19813258945941925,0.7145734876394272,0.0975716290636669,0.48862648010253906,-5.0865048619977316,9.749307406490887,10.099561696955808,True
FJI,Fiji,2016,5.893517868824993,3.3450524603505336,4.809251008802384,0.425,0.374,1.05157104,0.013862731,10.452512824139072,11.314251411882166,2.6608049869537354,0.18280363082885742,0.21006914973258972,0.4788551926612854,0.2505937637084704,0.48862648010253906,5.7167664637379545,9.749307406490887,10.099561696955808,True
FJI,Fiji,2017,2.287269072406062,0.6265258510159839,2.9207147021923063,0.49420000000000003,0.425,1.1365574999999999,0.01341651,10.511448002827322,11.36234392197019,2.670945167541504,0.17028434574604034,0.19047890603542328,0.5206303000450134,0.43330839422274503,0.48862648010253906,5.893517868824993,9.749307406490887,10.099561696955808,True
FJI,Fiji,2018,4.528007132867096,2.3302049685365915,2.8792411315674116,0.536474,0.49420000000000003,1.1253387,0.013208034,10.534320693551383,11.391551068992113,2.681123971939087,0.18708942830562592,0.18776218593120575,0.5255885422229767,0.5783342538078717,0.48862648010253906,2.287269072406062,9.749307406490887,10.099561696955808,True
FJI,Fiji,2019,-0.6427313742737084,-2.0377715106406966,2.51509976940536,0.582364,0.536474,1.106653,0.02082143,10.579600764880054,11.420343480307787,2.6913414001464844,0.18801730871200562,0.176418274641037,0.5091903507709503,0.6841819320395987,0.48862648010253906,4.528007132867096,9.749307406490887,10.099561696955808,True
FRA,France,1996,0.7804896323465371,0.2500701596126115,0.7916799124103591,0.016399999999999998,0.009000000000000001,0.022683525000000003,0.0,11.35243900950535,13.197778271807662,2.846054792404175,0.23886629939079285,0.17902103066444397,0.5648609101772308,0.4088959843778106,0.6201577186584473,1.0336871828254601,11.11733541500045,11.327322172737595,True
FRA,France,1997,1.4829455006189818,0.9425920471507615,0.5020672226738299,0.0258,0.016399999999999998,0.04273801,0.0,11.360243905828815,13.205695070931766,2.8551251888275146,0.22071048617362976,0.17654259502887726,0.5635099709033966,0.4029663993289745,0.6233627796173096,0.7804896323465371,11.11733541500045,11.327322172737595,True
FRA,France,1998,1.727885886958802,1.7243717700696695,-0.2924161968236305,0.0426,0.0258,0.10057683,0.0,11.375073360835005,13.210715743158504,2.8642241954803467,0.2075226604938507,0.18425893783569336,0.5437542796134949,0.4010540408691199,0.6170202493667603,1.4829455006189818,11.11733541500045,11.327322172737595,True
FRA,France,1999,1.0143327036118421,0.9458842985275564,-0.616550453642617,0.0632,0.0426,0.19301022,0.0002318168,11.392352219704593,13.207791581190268,2.873352289199829,0.21093900501728058,0.18326394259929657,0.5745978355407715,0.42494812278999206,0.6123296618461609,1.727885886958802,11.11733541500045,11.327322172737595,True
FRA,France,2000,1.4600551951522434,1.89435978464382,-0.4882490421367791,0.0913,0.0632,0.3673126,0.0009425522,11.402495546740711,13.201626076653842,2.882509469985962,0.2119503915309906,0.1870572566986084,0.5486855506896973,0.48160908703529515,0.6185890436172485,1.0143327036118421,11.11733541500045,11.327322172737595,True
FRA,France,2001,0.6112958898484067,0.5765226935945172,0.48140903649969147,0.14307924,0.0913,0.48840862,0.0033051229999999997,11.417096098692234,13.196743586232474,2.891695737838745,0.21567115187644958,0.18761007487773895,0.5565563440322876,0.558735159625634,0.6154210567474365,1.4600551951522434,11.11733541500045,11.327322172737595,True
FRA,France,2002,0.6374978079884741,1.0787251753338025,1.1214494117911755,0.26325903,0.14307924,0.61759987,0.010040876999999998,11.423209057590718,13.20155767659747,2.907761812210083,0.20723454654216766,0.1912560760974884,0.5415873527526855,0.6465626365154797,0.617072582244873,0.6112958898484067,11.11733541500045,11.327322172737595,True
FRA,France,2003,0.7359563015816306,-0.45812603462358337,1.4994864803199448,0.3018,0.26325903,0.63959988,0.027433705000000003,11.429584035670603,13.212772170715382,2.923917293548584,0.1962738037109375,0.19962210953235626,0.5555750131607056,0.7202101338401157,0.6215562224388123,0.6374978079884741,11.11733541500045,11.327322172737595,True
FRA,France,2004,2.632837740688032,0.6204502323234918,1.4836033375924984,0.3614,0.3018,0.686553,0.058763829999999996,11.436943598686419,13.227767035518582,2.940162420272827,0.20090508460998535,0.19768939912319183,0.6148895919322968,0.7587607455231904,0.6217507123947144,0.7359563015816306,11.11733541500045,11.327322172737595,True
FRA,France,2005,1.0050967441697978,0.08011216365743437,1.0234482939024403,0.39149999999999996,0.3614,0.7281377,0.10724983,11.4632719760933,13.242603068894507,2.95649790763855,0.23350396752357483,0.18132859468460083,0.6680017113685608,0.7490964321783977,0.6164361238479614,2.632837740688032,11.11733541500045,11.327322172737595,True
FRA,France,2006,1.380908066789921,1.3243216417205104,0.6951762782803073,0.42869999999999997,0.39149999999999996,0.78033226,0.15368753999999998,11.473322943534997,13.252837551833531,2.972923994064331,0.24732917547225952,0.1781122386455536,0.6562282741069794,0.7049735011563918,0.6158434152603149,1.0050967441697978,11.11733541500045,11.327322172737595,True
FRA,France,2007,0.9710043020644932,-0.5866343814961795,0.469393298362597,0.46869999999999995,0.42869999999999997,0.8325888,0.20485146,11.487132024202896,13.259789314616334,2.989441156387329,0.2611252963542938,0.17979460954666138,0.6860316097736359,0.6479835788638866,0.6155794262886047,1.380908066789921,11.11733541500045,11.327322172737595,True
FRA,France,2008,-0.2638601379180372,-1.5181796022689824,1.2783185562463828,0.6609,0.46869999999999995,0.8866881,0.2522727,11.496842067223541,13.26448324759996,3.0060503482818604,0.2740960717201233,0.18130885064601898,0.6898972392082214,0.5991678377581522,0.6073021292686462,0.9710043020644932,11.11733541500045,11.327322172737595,True
FRA,France,2009,-1.8077502085869668,-2.5481505892719016,2.3185025681746296,0.7068000000000001,0.6609,0.9234123,0.28400679,11.494203465844361,13.277266433162424,3.022751808166504,0.2777075469493866,0.19386149942874908,0.7305727601051331,0.5630994333307271,0.6076887249946594,-0.2638601379180372,11.11733541500045,11.327322172737595,True
FRA,France,2010,1.7695019492913744,0.6380900217978663,1.0900589367242475,0.7158,0.7068000000000001,0.9177824,0.3145795,11.476125963758491,13.30045145884417,3.039546251296997,0.2458847016096115,0.2107270061969757,0.6123965084552765,0.5480226508227659,0.6213255524635315,-1.8077502085869668,11.11733541500045,11.327322172737595,True
FRA,France,2011,1.3455732500142759,0.47555546744018984,0.4550432956758499,0.7728,0.7158,0.9111857600000001,0.33645359999999996,11.493820983251405,13.311352048211413,3.05643367767334,0.25682905316352844,0.20849430561065674,0.6499005258083344,0.5465491491953856,0.6207011938095093,1.7695019492913744,11.11733541500045,11.327322172737595,True
FRA,France,2012,-0.09354138897954556,-0.6475599996770015,0.8062935441417451,0.7781999999999999,0.7728,0.9385290500000001,0.3569379,11.507276715751548,13.315902481168171,3.075263261795044,0.2600902020931244,0.20811979472637177,0.6969260573387146,0.549488632969819,0.6191897988319397,1.3455732500142759,11.11733541500045,11.327322172737595,True
FRA,France,2013,0.5480029566136579,0.3007161607676107,1.0745805026894928,0.8144,0.7781999999999999,0.9719247,0.3743455,11.506341301861752,13.323965416609589,3.0942089557647705,0.26333358883857727,0.20372945070266724,0.6741032004356384,0.5427350088321958,0.6233840584754944,-0.09354138897954556,11.11733541500045,11.327322172737595,True
FRA,France,2014,0.5984856425937934,0.20878566813354577,0.6838364834152344,0.819198,0.8144,0.9834792,0.38734085,11.511821331427889,13.334711221636484,3.113271474838257,0.25686246156692505,0.206647127866745,0.6720690429210663,0.5195552111605828,0.62315434217453,0.5480029566136579,11.11733541500045,11.327322172737595,True
FRA,France,2015,0.8403570321220855,-0.009739332192512141,0.7458120233007293,0.8375109999999999,0.819198,1.0113229,0.40142216,11.517806187853827,13.341549586470636,3.132451295852661,0.26363763213157654,0.2080371230840683,0.6531301438808441,0.4738401354030586,0.623721718788147,0.5984856425937934,11.11733541500045,11.327322172737595,True
FRA,France,2016,0.3653466613290135,-0.4016164737586835,0.3283846789368994,0.78006035,0.8375109999999999,1.0271837,0.41387115,11.526209758175048,13.349007706703643,3.1517491340637207,0.261190801858902,0.2072180211544037,0.5962167084217072,0.41367760910997475,0.6179559826850891,0.8403570321220855,11.11733541500045,11.327322172737595,True
FRA,France,2017,1.1926966149770735,1.2662853942554684,0.10409777798745523,0.7926981000000001,0.78006035,1.0381666,0.42527790000000004,11.529863224788338,13.352291553493012,3.171165943145752,0.2569473683834076,0.20991933345794678,0.5830537378787994,0.3475362768458723,0.6203251481056213,0.3653466613290135,11.11733541500045,11.327322172737595,True
FRA,France,2018,0.7052557557903683,0.47083938696931127,0.14957513936213473,0.8050246,0.7926981000000001,1.0571837,0.4362426,11.541790190938109,13.353332531272887,3.190702438354492,0.2717112898826599,0.21311865746974945,0.5920639336109161,0.2902447544429698,0.6233615279197693,1.1926966149770735,11.11733541500045,11.327322172737595,True
FRA,France,2019,0.2612963443647587,-0.7578717864432963,0.07541619679507505,0.8204319,0.8050246,1.0748244,0.44414230000000005,11.548842748496012,13.354828282666508,3.2103593349456787,0.27417895197868347,0.2142638862133026,0.6088823974132538,0.25126558297721147,0.6241320371627808,0.7052557557903683,11.11733541500045,11.327322172737595,True
GAB,Gabon,1997,3.0615085251790575,1.7669056655780613,-0.16959106096834375,0.0,,0.005909955,0.0,11.074418046689106,12.44713234348556,1.9695709943771362,0.07574442028999329,0.11047524958848953,0.7088889330625534,2.5488424040573165,0.35143885016441345,1.0122515552323463,10.44166740250313,11.040971865567707,True
GAB,Gabon,1998,0.42923347596453,-1.5517538810765008,0.4328085746539756,0.00048,0.0,0.0080521715,0.0,11.105033131940896,12.445436432875876,2.0067853927612305,0.1235995814204216,0.14526621997356415,0.7424179762601852,2.5182618178877973,0.347120076417923,3.0615085251790575,10.44166740250313,11.040971865567707,True
GAB,Gabon,2000,-3.739469629566372,-2.946928368843005,-2.8811284936450576,0.00249,0.0017000000000000001,0.007165746,0.0,10.97260037022894,12.424885366886006,2.083336591720581,0.10021870583295822,0.18093012273311615,0.6767152398824692,2.447536037678258,0.3384825587272644,-13.67250964716007,10.44166740250313,11.040971865567707,True
GAB,Gabon,2001,-0.058343308822550455,1.0085165340564668,-2.416930301055231,0.012161406,0.00249,0.09407544,0.0,10.935205673933277,12.396074081949555,2.1227006912231445,0.0875488892197609,0.16539974510669708,0.6706798076629639,2.414870179167852,0.3341637849807739,-3.739469629566372,10.44166740250313,11.040971865567707,True
GAB,Gabon,2002,-4.192729726174882,-3.4434337382647504,-1.5889050221446155,0.013476202,0.012161406,0.11453976,0.0,10.934622240845052,12.371904778939003,2.1559696197509766,0.1293228417634964,0.22070170938968658,0.6733368039131165,2.3845596641894757,0.32984501123428345,-0.058343308822550455,10.44166740250313,11.040971865567707,True
GAB,Gabon,2003,0.036607821216172454,1.8036060030449566,-2.4544889746996645,0.019395301,0.013476202,0.20762897,0.0,10.892694943583303,12.356015728717557,2.189760208129883,0.17306968569755554,0.23771075904369354,0.5986636728048325,2.380961998527126,0.33584272861480713,-4.192729726174882,10.44166740250313,11.040971865567707,True
GAB,Gabon,2004,-1.7402874864364648,0.15607678345281872,-2.7477167699130334,0.026595867000000002,0.019395301,0.21702173,0.000122978985,10.893061021795464,12.33147083897056,2.2240803241729736,0.16154511272907257,0.2552425265312195,0.16531848534941673,2.4260966905407133,0.3456662893295288,0.036607821216172454,10.44166740250313,11.040971865567707,True
GAB,Gabon,2005,-1.5903369068700712,-0.08981051979030652,-2.777261741909598,0.029790697,0.026595867000000002,0.3442346,0.0004572284,10.8756581469311,12.30399367127143,2.2589383125305176,0.1683654487133026,0.25581371784210205,0.4607546254992485,2.5315629874060885,0.31819966435432434,-1.7402874864364648,10.44166740250313,11.040971865567707,True
GAB,Gabon,2006,-4.722374543361596,-4.467689042345654,-1.3330881487195967,0.04893265,0.029790697,0.5033772,0.0010454426,10.859754777862399,12.276221053852334,2.294342517852783,0.1998533308506012,0.24721890687942505,0.5863369107246399,2.6786873415793555,0.27486464381217957,-1.5903369068700712,10.44166740250313,11.040971865567707,True
GAB,Gabon,2007,4.491959699918269,4.538102615537679,-0.9910480425789459,0.054892006,0.04893265,0.59534904,0.00116883695,10.812531032428783,12.262890172365138,2.324808359146118,0.21331796050071716,0.23069211840629578,0.6864243596792221,2.8082099135716856,0.27486464381217957,-4.722374543361596,10.44166740250313,11.040971865567707,True
GAB,Gabon,2008,-5.297443173727068,-5.212118969138577,-0.643677360463002,0.057670000000000006,0.054892006,0.75117096,0.0012742275,10.857450629427966,12.252979691939348,2.3556785583496094,0.21504169702529907,0.19952578842639923,0.6732404828071594,2.9231836703267735,0.27486464381217957,4.491959699918269,10.44166740250313,11.040971865567707,True
GAB,Gabon,2009,-2.072765389683795,-1.501689905709748,-0.8345316897253596,0.075,0.057670000000000006,0.8088727,0.0013688615,10.804476197690695,12.246542918334718,2.3869588375091553,0.18762534856796265,0.1542881727218628,0.8458846360445023,3.0736777908782043,0.27486464381217957,-5.297443173727068,10.44166740250313,11.040971865567707,True
GAB,Gabon,2010,4.715735245494912,2.5740091435866987,0.7433666372476111,0.095,0.075,0.872676,0.0022250228,10.783748543793857,12.238197601437465,2.418654203414917,0.2756086587905884,0.22324326634407043,0.6541966497898102,3.2643236655236385,0.27486464381217957,-2.072765389683795,10.44166740250313,11.040971865567707,True
GAB,Gabon,2011,2.4275523376141805,1.4002443132742945,-0.33318569679732235,0.13,0.095,0.9361124,0.0023734228,10.830905896248806,12.24563126780994,2.450770616531372,0.29917478561401367,0.19010291993618011,0.6892889142036438,3.4585861323816913,0.27486464381217957,4.715735245494912,10.44166740250313,11.040971865567707,True
GAB,Gabon,2012,0.34642026299973594,-0.6874079141146121,-0.06079819523971963,0.18,0.13,1.330105,0.002525274,10.855181419624948,12.242299410841968,2.510474681854248,0.24010255932807922,0.13627523183822632,0.7428236305713654,3.657047820830889,0.27486464381217957,2.4275523376141805,10.44166740250313,11.040971865567707,True
GAB,Gabon,2013,0.6187676669348718,-0.15930850190173027,-0.02246052382552932,0.24,0.18,1.3848845,0.0027072552,10.858645622254945,12.24169142888957,2.5678205490112305,0.27376291155815125,0.1591799408197403,0.7290987968444824,3.788513400892146,0.27486464381217957,0.34642026299973594,10.44166740250313,11.040971865567707,True
GAB,Gabon,2014,-0.7867274424816273,-1.6461368351882049,0.041525055897295715,0.30538,0.24,1.4349944,0.004652235,10.864833298924294,12.241466823651315,2.609771251678467,0.2745853066444397,0.1752287745475769,0.6615721434354782,3.779180691195261,0.27486464381217957,0.6187676669348718,10.44166740250313,11.040971865567707,True
GAB,Gabon,2015,-0.9277668336430622,-0.4077320494328206,-1.519439562580338,0.380712,0.30538,1.482376,0.0054589593,10.856966024499478,12.241882074210288,2.65240740776062,0.3258602023124695,0.19949084520339966,0.6024288386106491,3.6065149356959814,0.27486464381217957,-0.7867274424816273,10.44166740250313,11.040971865567707,True
GAB,Gabon,2016,-1.628427238304475,-1.7142294172446952,-0.4310177771539969,0.457845,0.380712,1.3824449,0.005429720999999999,10.847688356163047,12.226687678584485,2.695739984512329,0.25888386368751526,0.2063247412443161,0.5613561719655991,3.3350987856011316,0.27486464381217957,-0.9277668336430622,10.44166740250313,11.040971865567707,True
GAB,Gabon,2017,-3.0264844629710907,-1.7275570622151193,-1.9791573253050032,0.48052300000000003,0.457845,1.410502,0.0071503866,10.831404083780003,12.222377500812945,2.7397806644439697,0.23084770143032074,0.21442574262619019,0.37885960191488266,3.043395155476303,0.27486464381217957,-1.628427238304475,10.44166740250313,11.040971865567707,True
GAB,Gabon,2018,-1.975530048337859,-1.270565308236491,-1.387451835237563,0.516049,0.48052300000000003,1.23475494,0.006837126999999999,10.801139239150292,12.202585927559895,2.784540891647339,0.18018069863319397,0.2125398814678192,0.40241972357034683,2.796855563624845,0.27486464381217957,-3.0264844629710907,10.44166740250313,11.040971865567707,True
GAB,Gabon,2019,1.1025469365145923,1.4185018448549187,-0.5415962029388766,0.554202,0.516049,1.3246532,0.0095311797,10.781383938666913,12.188711409207519,2.8300321102142334,0.17615459859371185,0.18760237097740173,0.41126949340105057,2.602954060936069,0.27486464381217957,-1.975530048337859,10.44166740250313,11.040971865567707,True
GBR,United Kingdom,1996,1.4735124276379352,0.13469003589330064,1.2146536340125635,0.019,0.0104,0.09901172000000001,0.0,11.179964559548777,12.901550310955171,3.349738359451294,0.25656288862228394,0.14210306107997894,0.5264128595590591,0.29227521665839973,0.5442222952842712,1.2487784443575123,10.933848214584694,11.133184636446053,True
GBR,United Kingdom,1997,3.007785910761207,2.3534129774989783,-0.042163143214501986,0.0412,0.019,0.12480254,0.0,11.194699683825156,12.913696847295297,3.381115436553955,0.24764151871204376,0.13356994092464447,0.5439488887786865,0.3121247288536466,0.5339875221252441,1.4735124276379352,10.933848214584694,11.133184636446053,True
GBR,United Kingdom,1998,2.575178214207874,1.352287186360189,1.0736863853393785,0.0739,0.0412,0.1517763,0.0,11.224777542932769,12.913275215863152,3.4127864837646484,0.22637268900871277,0.13608893752098083,0.5783661603927612,0.33285471735240435,0.5508592128753662,3.007785910761207,10.933848214584694,11.133184636446053,True
GBR,United Kingdom,1999,1.8426942447629102,1.0541750289933502,0.6151795506465163,0.13699999999999998,0.0739,0.25459322,0.0,11.250529325074847,12.924012079716546,3.4447546005249023,0.22866931557655334,0.1400955766439438,0.5737440884113312,0.34697125489318026,0.5572353005409241,2.575178214207874,10.933848214584694,11.133184636446053,True
GBR,United Kingdom,2000,2.295237056419275,1.5897907026157212,0.9375875222701779,0.213,0.13699999999999998,0.46362934,0.0,11.268956267522476,12.93016387522301,3.4770219326019287,0.21953217685222626,0.14868682622909546,0.553164154291153,0.35125401149285196,0.5796798467636108,1.8426942447629102,10.933848214584694,11.133184636446053,True
GBR,United Kingdom,2001,1.9102266086452602,0.8020941512809705,1.1923303800449148,0.26821754,0.213,0.7357595,0.0008955704000000001,11.29190863808667,12.939539750445713,3.5095913410186768,0.21519140899181366,0.1540888249874115,0.6385017335414886,0.3526975367105223,0.5884050130844116,2.295237056419275,10.933848214584694,11.133184636446053,True
GBR,United Kingdom,2002,1.4047994049903423,1.0611758497280726,1.2092356763629297,0.33481094,0.26821754,0.7806458000000001,0.005582234,11.311010904173122,12.951463054246162,3.5284812450408936,0.2038610577583313,0.1629272848367691,0.611784040927887,0.34050535426937145,0.6008405685424805,1.9102266086452602,10.933848214584694,11.133184636446053,True
GBR,United Kingdom,2003,2.349810779443118,1.8377789916925604,1.0387103412078602,0.5648,0.33481094,0.8267949,0.022782393,11.325058898223025,12.963555411009791,3.5474727153778076,0.20820340514183044,0.17565302550792694,0.6213414072990417,0.34108096799130294,0.5930173993110657,1.4047994049903423,10.933848214584694,11.133184636446053,True
GBR,United Kingdom,2004,1.2200554726277346,0.6150428411668365,0.8561672324706393,0.6481999999999999,0.5648,0.9069855,0.052050858,11.348557006017456,12.97394251442187,3.5665664672851562,0.20967337489128113,0.1705663502216339,0.6372513473033905,0.3955636372444893,0.5876073241233826,2.349810779443118,10.933848214584694,11.133184636446053,True
GBR,United Kingdom,2005,1.7938712474158791,0.9146659897738647,0.8991239931264161,0.6561,0.6481999999999999,0.9919884999999999,0.10177681,11.360757560743734,12.982504186746576,3.5857629776000977,0.21403232216835022,0.1759345531463623,0.6784846782684326,0.5213276334515626,0.5972720384597778,1.2200554726277346,10.933848214584694,11.133184636446053,True
GBR,United Kingdom,2006,1.5190205413265545,0.8859248217952497,0.911299500361018,0.7,0.6561,1.0804599000000001,0.16335460000000002,11.378696273217892,12.99149542667784,3.60506272315979,0.2235773503780365,0.16812947392463684,0.6783905923366547,0.691078910619769,0.5948011875152588,1.7938712474158791,10.933848214584694,11.133184636446053,True
GBR,United Kingdom,2007,1.2539706558792219,0.2997433714655589,1.0344214460236145,0.6881999999999999,0.7,1.1478570000000001,0.21314934000000002,11.393886478631158,13.00060842168145,3.62446665763855,0.22283558547496796,0.1727440506219864,0.7503948211669922,0.8808661348920666,0.6001031398773193,1.5190205413265545,10.933848214584694,11.133184636446053,True
GBR,United Kingdom,2008,-1.457606571914205,-1.8863329059169265,0.5222281912200089,0.7509,0.6881999999999999,1.1998891999999999,0.25360825,11.40642618518995,13.010952636141687,3.643974781036377,0.22927874326705933,0.17711852490901947,0.7284655869007111,1.0366858440365334,0.6035581827163696,1.2539706558792219,10.933848214584694,11.133184636446053,True
GBR,United Kingdom,2009,-2.9308470752292592,-3.349382054029514,2.214502347436209,0.7839,0.7509,1.2081927000000001,0.279071,11.391850119470808,13.016174918053887,3.663587808609009,0.22259055078029633,0.18976707756519318,0.7027462720870972,1.1164089323327353,0.5951507687568665,-1.457606571914205,10.933848214584694,11.133184636446053,True
GBR,United Kingdom,2010,1.588756137744518,0.7524504372017182,0.6039433706149566,0.8356,0.7839,1.223575,0.28600708,11.362541648718516,13.038319941528249,3.6833064556121826,0.20276449620723724,0.20842425525188446,0.6137286722660065,1.0938713416491552,0.6001129150390625,-2.9308470752292592,10.933848214584694,11.133184636446053,True
GBR,United Kingdom,2011,0.6579329211154672,0.4871889547450669,0.3384220898210444,0.85,0.8356,1.2178084599999999,0.30396091,11.37842921009596,13.044359375234398,3.7031314373016357,0.2285783290863037,0.1962154358625412,0.6530869007110596,0.9996122144115382,0.5992808938026428,1.588756137744518,10.933848214584694,11.133184636446053,True
GBR,United Kingdom,2012,0.25156270665647185,-0.39961429214730554,-0.1834678696665648,0.8538,0.85,1.2149766499999999,0.32418724,11.385008539307115,13.047743596132609,3.710895299911499,0.2030865103006363,0.198386088013649,0.7277784943580627,0.8818748477704474,0.5968909859657288,0.6579329211154672,10.933848214584694,11.133184636446053,True
GBR,United Kingdom,2013,0.9647310850024127,0.44089830211202546,-0.09317323508390984,0.87479996,0.8538,1.2246523,0.33904789999999996,11.38752416637368,13.045908917435943,3.7186756134033203,0.2241429090499878,0.1931198090314865,0.6883517205715179,0.7832071827842846,0.5912898182868958,0.25156270665647185,10.933848214584694,11.133184636446053,True
GBR,United Kingdom,2014,0.5490783664466647,0.4459350109149534,-0.9120643546303597,0.8984409999999999,0.87479996,1.2218469,0.35781986000000005,11.397171477223704,13.044977185085104,3.7264721393585205,0.23133547604084015,0.18671809136867523,0.6647310256958008,0.7083781811744849,0.595529317855835,0.9647310850024127,10.933848214584694,11.133184636446053,True
GBR,United Kingdom,2015,0.7493680318750862,0.6285341621508711,-0.07066278373066837,0.91613304,0.8984409999999999,1.2095826,0.36582848,11.402662260888171,13.0358565415388,3.7342848777770996,0.24655114114284515,0.1920478790998459,0.6450662016868591,0.6733234256389053,0.5849596261978149,0.5490783664466647,10.933848214584694,11.133184636446053,True
GBR,United Kingdom,2016,0.34733822857262453,0.014858617416267216,0.26075342258078393,0.9200029999999999,0.91613304,1.2121174000000001,0.37721493,11.410155941206922,13.035149913701494,3.742114305496216,0.2576230764389038,0.19218595325946808,0.6070651710033417,0.6658896773063638,0.5850751996040344,0.7493680318750862,10.933848214584694,11.133184636446053,True
GBR,United Kingdom,2017,0.7761773303304409,0.18781167752376024,0.6822511791861885,0.947758,0.9200029999999999,1.1978655999999999,0.38658855000000003,11.413629323492648,13.037757447927302,3.74996018409729,0.24935419857501984,0.19446450471878052,0.5786732882261276,0.662539238358395,0.5862053036689758,0.34733822857262453,10.933848214584694,11.133184636446053,True
GBR,United Kingdom,2018,0.046545578804213505,-0.11025186183154748,0.33238595793978476,0.9042454999999999,0.947758,1.1920673,0.39248947,11.421391096795952,13.044579959719163,3.757822275161743,0.25149989128112793,0.18977318704128265,0.5563382208347321,0.6457691185140391,0.5870172381401062,0.7761773303304409,10.933848214584694,11.133184636446053,True
GBR,United Kingdom,2019,0.18388872573904536,-0.3664681049432162,0.4337432573370492,0.9069201,0.9042454999999999,1.1818438,0.398294,11.421856552583995,13.047903819298561,3.7657008171081543,0.24850791692733765,0.19024544954299927,0.5737601220607758,0.6188495817672113,0.589644730091095,0.046545578804213505,10.933848214584694,11.133184636446053,True
GRC,Greece,1996,3.0309225646862004,1.294856779298728,1.924017464115657,0.0075,0.00378,0.0254476,0.0,10.938015844745403,13.071130726322101,2.6327545642852783,0.2766570746898651,0.16175414621829987,0.322842113673687,0.9401834117436447,0.4881878197193146,0.7091310405046514,10.794102069518232,10.94857618285574,True
GRC,Greece,1997,4.591696206789919,2.7778947740082396,1.900975096665114,0.013999999999999999,0.0075,0.049241905,0.0,10.968325070392265,13.090370900963258,2.6517691612243652,0.2825778126716614,0.15792185068130493,0.3458828330039978,0.8030391602184217,0.4813082218170166,3.0309225646862004,10.794102069518232,10.94857618285574,True
GRC,Greece,1998,-0.5083031172102181,-0.69510283151204,-1.9251789551125498,0.018500000000000003,0.013999999999999999,0.08622312000000001,0.0,11.014242032460164,13.109380651929909,2.6709210872650146,0.25746461749076843,0.1668652445077896,0.3128596246242523,0.681892816440044,0.49091997742652893,4.591696206789919,10.794102069518232,10.94857618285574,True
GRC,Greece,1999,2.8514635307889336,0.7345772003224047,2.3112377987994037,0.0322,0.018500000000000003,0.18712050000000002,0.0,11.009159001288062,13.090128862378783,2.690211296081543,0.2733519375324249,0.17210496962070465,0.332425519824028,0.5838643072044292,0.4927248954772949,-0.5083031172102181,10.794102069518232,10.94857618285574,True
GRC,Greece,2000,3.436148549650042,1.3526743246694255,1.9665893277263535,0.0688,0.0322,0.35510723,0.0,11.037673636595951,13.113241240366778,2.7096409797668457,0.2595568001270294,0.17210184037685394,0.3294208198785782,0.5253120984738846,0.5037293434143066,2.8514635307889336,10.794102069518232,10.94857618285574,True
GRC,Greece,2001,3.7362903689777127,1.8516102926075708,2.0819703862645866,0.09138837000000001,0.0688,0.5501812,0.0,11.072035122092451,13.132907133644041,2.72921085357666,0.26503080129623413,0.18018510937690735,0.3209559693932533,0.4903129695653874,0.5022808909416199,3.436148549650042,10.794102069518232,10.94857618285574,True
GRC,Greece,2002,1.3682317160766289,0.7724391840136402,-0.34906238787151267,0.10935026,0.09138837000000001,0.7344482000000001,0.0,11.109398025782228,13.153726837506687,2.7497644424438477,0.25284725427627563,0.19030006229877472,0.3100079968571663,0.4712979376612747,0.507350742816925,3.7362903689777127,10.794102069518232,10.94857618285574,True
GRC,Greece,2003,4.169996322043268,2.6672093421406196,1.1524607847858803,0.1467,0.10935026,0.8552816,0.0,11.123080342942995,13.150236213627972,2.770472526550293,0.2439010739326477,0.19298653304576874,0.30867528915405273,0.42880838463679183,0.5380308032035828,1.3682317160766289,10.794102069518232,10.94857618285574,True
GRC,Greece,2004,2.658292093325798,2.075731096672895,0.24623149710478742,0.17800000000000002,0.1467,0.8184480999999999,0.0009594750400000001,11.164780306163427,13.16176082147583,2.79133677482605,0.2919972836971283,0.17873144149780273,0.3821221888065338,0.3265811695190468,0.5416117906570435,4.169996322043268,10.794102069518232,10.94857618285574,True
GRC,Greece,2005,0.056564860438790276,-2.426898460986332,1.1809832078119697,0.21420000000000003,0.17800000000000002,0.8517424,0.0047002178,11.191363227096685,13.164223136446878,2.8123581409454346,0.2903382480144501,0.17997609078884125,0.39957408607006073,0.14347636696001587,0.5303936004638672,2.658292093325798,10.794102069518232,10.94857618285574,True
GRC,Greece,2006,4.350407207684981,3.1740748428290724,1.3008355877339284,0.24,0.21420000000000003,0.9343487500000001,0.014580469,11.191928875701073,13.176032968524998,2.8335378170013428,0.25733324885368347,0.18831977248191833,0.41465072333812714,-0.090837927520937,0.541394829750061,0.056564860438790276,10.794102069518232,10.94857618285574,True
GRC,Greece,2007,2.7197213335862003,0.8421295761940756,2.5074294367605887,0.3225,0.24,0.9967069,0.04431513,11.235432947777923,13.189041324402337,2.85487699508667,0.3082410991191864,0.19398345053195953,0.43725986778736115,-0.35308351235205926,0.5461193919181824,4.350407207684981,10.794102069518232,10.94857618285574,True
GRC,Greece,2008,-0.6179135810574721,-2.291068470276741,2.011828646642222,0.3588,0.3225,1.1130911,0.092114725,11.262630161113785,13.214115618769943,2.8763766288757324,0.3347074091434479,0.19471697509288788,0.4737243801355362,-0.5816496628966661,0.5431663393974304,2.7197213335862003,10.794102069518232,10.94857618285574,True
GRC,Greece,2009,-2.8312393623931342,-4.066939324566926,2.944528929982404,0.382,0.3588,1.2457795,0.13604924000000002,11.25645102530321,13.234233905236366,2.898038625717163,0.307708740234375,0.2018875628709793,0.5408263206481934,-0.7224452961121397,0.5396585464477539,-0.6179135810574721,10.794102069518232,10.94857618285574,True
GRC,Greece,2010,-2.258585948588987,-2.7794373505759835,3.797254040605935,0.424,0.382,1.1968861,0.17254395,11.228138631679279,13.26367919453619,2.919863700866699,0.2403116375207901,0.22758714854717255,0.44572316110134125,-0.7367173631619206,0.5512406826019287,-2.8312393623931342,10.794102069518232,10.94857618285574,True
GRC,Greece,2011,-3.1844086767263136,-6.938036541377218,7.015930755908073,0.444,0.424,1.104996,0.20249166,11.20555277219339,13.301651734942249,2.9418528079986572,0.22193439304828644,0.22768299281597137,0.47861921787261963,-0.6557930618965813,0.5501759648323059,-2.258585948588987,10.794102069518232,10.94857618285574,True
GRC,Greece,2012,-0.9221219460750163,-3.7952866033181416,5.427687156707428,0.51649994,0.444,1.0917413999999999,0.22183064000000002,11.173708685426126,13.37181104250133,2.962745428085327,0.16333025693893433,0.24833476543426514,0.5474711507558823,-0.5392909491695796,0.5515782833099365,-3.1844086767263136,10.794102069518232,10.94857618285574,True
GRC,Greece,2013,-0.47387720645488685,-1.1579065462217648,1.2867751586354004,0.55069992,0.51649994,1.2092614,0.24342464,11.164487465965376,13.426087914068404,2.9837865829467773,0.1511179357767105,0.24246945977210999,0.5829526036977768,-0.4438095883893656,0.528572678565979,-0.9221219460750163,10.794102069518232,10.94857618285574,True
GRC,Greece,2014,-0.5307088738359056,1.3285486306677499,-2.2327713335711152,0.5986630000000001,0.55069992,1.14142685,0.26561937,11.159748693900827,13.438955665654758,3.004976749420166,0.1629989743232727,0.2198324054479599,0.5439961850643158,-0.3775277029626878,0.5077700614929199,-0.47387720645488685,10.794102069518232,10.94857618285574,True
GRC,Greece,2015,-1.4022363552111727,-1.0400948884372583,-1.94949608156616,0.6320734,0.5986630000000001,1.1148823,0.28972944,11.154441605162468,13.416627952319047,3.026317596435547,0.16492919623851776,0.21840932965278625,0.5614478588104248,-0.36418359550101087,0.5217449069023132,-0.5307088738359056,10.794102069518232,10.94857618285574,True
GRC,Greece,2016,-0.9542172671830329,-0.5165070565058513,-1.3322118764838464,0.6683496,0.6320734,1.1613309,0.31781395,11.140419241610356,13.397132991503385,3.0478103160858154,0.16476666927337646,0.21882888674736023,0.4748920202255249,-0.39048406717903106,0.5183294415473938,-1.4022363552111727,10.794102069518232,10.94857618285574,True
GRC,Greece,2017,-0.024979673914593548,0.10097354566444826,-1.9545868357429441,0.6908791,0.6683496,1.1636511,0.33548584,11.130877068938526,13.383810872738547,3.06945538520813,0.1644737273454666,0.22134645283222198,0.4828052669763565,-0.41894431340558924,0.5380005240440369,-0.9542172671830329,10.794102069518232,10.94857618285574,True
GRC,Greece,2018,0.10106204280297959,0.7782968438017878,-2.2305540977090033,0.6989297000000001,0.6908791,1.2030562999999999,0.3513513,11.13062727219938,13.364265004381117,3.091254234313965,0.1664183884859085,0.22277328372001648,0.5359030514955521,-0.43177587013669694,0.5388109683990479,-0.024979673914593548,10.794102069518232,10.94857618285574,True
GRC,Greece,2019,0.08487852587855116,1.1009942119904657,-2.6152743499501696,0.7223837000000001,0.6989297000000001,1.1341845000000002,0.36920338,11.13163789262741,13.341959463404027,3.1132078170776367,0.17206931114196777,0.21434657275676727,0.6062118709087372,-0.4476081848723723,0.5508901476860046,0.10106204280297959,10.794102069518232,10.94857618285574,True
GTM,Guatemala,1996,0.8483150837930609,-0.2873087765780793,0.9224189367959212,3e-05,,0.002894793,0.0,9.735889450296137,11.046831342422548,1.5795042514801025,0.11804630607366562,0.09752372652292252,0.2159881666302681,2.2953678264962196,0.5462682247161865,2.5313150019030672,9.474432972163578,9.692385163604367,True
GTM,Guatemala,1997,1.8315032928189368,0.18812808371625536,1.9806244206336032,0.000195,3e-05,0.0040838793,0.0,9.744372601134067,11.056055531790507,1.5936143398284912,0.09814401715993881,0.09041370451450348,0.20762251317501068,2.262581971353894,0.5462682247161865,0.8483150837930609,9.474432972163578,9.692385163604367,True
GTM,Guatemala,1998,2.1009238800635543,-0.20759219385765548,2.856516174261259,0.000955,0.000195,0.0058864516,0.0,9.762687634062257,11.075861775996843,1.607850432395935,0.11537451297044754,0.09371861815452576,0.24797439575195312,2.2380106885186546,0.5462682247161865,1.8315032928189368,9.474432972163578,9.692385163604367,True
GTM,Guatemala,1999,1.5490864807059523,-0.5131766822029586,2.8012471104391423,0.0046700000000000005,0.000955,0.009964653,0.0,9.783696872862892,11.104426937739456,1.6222138404846191,0.15276296436786652,0.09799006581306458,0.2830141708254814,2.2331021286195796,0.5462682247161865,2.1009238800635543,9.474432972163578,9.692385163604367,True
GTM,Guatemala,2000,0.5137941274208302,-0.6070251506990455,0.7892551863257324,0.0059299999999999995,0.0046700000000000005,0.029467430000000003,0.0,9.799187737669952,11.132439408843847,1.6367055177688599,0.14750465750694275,0.10077168047428131,0.2648043632507324,2.253150993515174,0.5462682247161865,1.5490864807059523,9.474432972163578,9.692385163604367,True
GTM,Guatemala,2001,-0.9826659612855337,-0.3255644079823608,0.2612233413731957,0.007123329,0.0059299999999999995,0.073248496,0.0,9.80432567894416,11.140331960707105,1.6513265371322632,0.15495535731315613,0.10443510115146637,0.276425376534462,2.2879773785551283,0.5462682247161865,0.5137941274208302,9.474432972163578,9.692385163604367,True
GTM,Guatemala,2002,0.8969180987975278,1.1422255662964447,1.0731243265965418,0.017382017,0.007123329,0.09578081,0.0,9.794499019331305,11.142944194120837,1.6441173553466797,0.1636456996202469,0.10455519706010818,0.27636344730854034,2.326255366017671,0.5462682247161865,-0.9826659612855337,9.474432972163578,9.692385163604367,True
GTM,Guatemala,2003,-0.33341415368468574,0.1106852090573509,0.5461803364433138,0.033917463,0.017382017,0.12877406,0.0,9.80346820031928,11.153675437386802,1.6369396448135376,0.18079856038093567,0.10011359304189682,0.28132713586091995,2.3528426314862294,0.5336029529571533,0.8969180987975278,9.474432972163578,9.692385163604367,True
GTM,Guatemala,2004,0.40833721958222213,0.3016427662635119,0.30784089359237043,0.045488549999999996,0.033917463,0.16244625,0.0,9.800134058782433,11.159137240751235,1.6297932863235474,0.17782388627529144,0.09728192538022995,0.2823985442519188,2.3605948799997556,0.5358390212059021,-0.33341415368468574,9.474432972163578,9.692385163604367,True
GTM,Guatemala,2005,0.7647462913976,0.6802266874890476,0.5834843546072221,0.051,0.045488549999999996,0.24737694000000002,0.0,9.804217430978255,11.162215649687159,1.6226780414581299,0.18278340995311737,0.08834239840507507,0.2940801754593849,2.343802411254625,0.5303646922111511,0.40833721958222213,9.474432972163578,9.692385163604367,True
GTM,Guatemala,2006,2.5619099598126027,0.731748393906267,1.204463619695062,0.057,0.051,0.34460537,0.0020711161,9.811864893892231,11.168050493233231,1.6155939102172852,0.18102556467056274,0.08827155083417892,0.40735064446926117,2.310407043429885,0.5241342782974243,0.7647462913976,9.474432972163578,9.692385163604367,True
GTM,Guatemala,2007,3.257496535921156,1.6981275725949843,1.045195638826435,0.065,0.057,0.53703136,0.002917533,9.837483993490357,11.180095129430182,1.647152304649353,0.19494517147541046,0.0875701904296875,0.2997485175728798,2.2723390684765032,0.5207457542419434,2.5619099598126027,9.474432972163578,9.692385163604367,True
GTM,Guatemala,2008,0.36963942708378994,-0.039993699638976934,0.2719035152326299,0.073,0.065,0.8714861,0.0041752002,9.870058958849569,11.190547085818446,1.679327130317688,0.20016565918922424,0.08864202350378036,0.40895527601242065,2.2387332353631884,0.5087262392044067,3.257496535921156,9.474432972163578,9.692385163604367,True
GTM,Guatemala,2009,-2.064948798936861,-1.244605311411699,-0.5602664370233157,0.083,0.073,1.0727272,0.006781401,9.873755353120407,11.193266120970772,1.711397647857666,0.16439375281333923,0.09477559477090836,0.3968999981880188,2.209666593620563,0.5020480751991272,0.36963942708378994,9.474432972163578,9.692385163604367,True
GTM,Guatemala,2010,0.14588236433379365,-0.2554618174366299,-0.8550497242280741,0.09300000000000001,0.083,1.21749664,0.010973852,9.853105865131038,11.18766345660054,1.736534595489502,0.13568110764026642,0.10473611205816269,0.3409266248345375,2.1879796689827646,0.5005415678024292,-2.064948798936861,9.474432972163578,9.692385163604367,True
GTM,Guatemala,2011,0.7138854472435341,0.47527422517779067,-1.2162952948889583,0.105,0.09300000000000001,1.2460573,0.017861931,9.854564688774376,11.179112959358259,1.7620407342910767,0.1443074494600296,0.10836814343929291,0.380409300327301,2.1706553913298787,0.5013794898986816,0.14588236433379365,9.474432972163578,9.692385163604367,True
GTM,Guatemala,2012,-8.153346443190657,-4.339224593179987,-8.868072603536348,0.12300000000000001,0.105,1.3168564,,9.861703543246811,11.166950006409369,1.7824392318725586,0.1653837114572525,0.10741396248340607,0.4081267863512039,2.1528378249854097,0.4894392788410187,0.7138854472435341,9.474432972163578,9.692385163604367,True
GTM,Guatemala,2013,8.318253218111948,4.052617788333422,6.824615786631938,0.16,0.12300000000000001,1.3775723,0.018575783,9.780170078814905,11.078269280374005,1.8030740022659302,0.15921038389205933,0.13201308250427246,0.4033006876707077,2.1309513163487726,0.49150240421295166,-8.153346443190657,9.474432972163578,9.692385163604367,True
GTM,Guatemala,2014,0.028295453916449276,0.3515669925163618,-2.068410374002916,0.19699999999999998,0.16,1.4113134999999999,0.022929632999999998,9.863352610996024,11.146515438240325,1.823947548866272,0.14668166637420654,0.14144569635391235,0.3952064514160156,2.1062064038817496,0.4883160889148712,8.318253218111948,9.474432972163578,9.692385163604367,True
GTM,Guatemala,2015,1.1843532641625742,0.733458593098143,-0.8047687580353013,0.23399999999999999,0.19699999999999998,1.0784407,0.027658565,9.863635565535189,11.125831334500296,1.8450628519058228,0.1422572284936905,0.14358311891555786,0.39468003809452057,2.0776752938235,0.4835576117038727,0.028295453916449276,9.474432972163578,9.692385163604367,True
GTM,Guatemala,2016,-1.2147876641545707,-0.5773171436982313,-2.0399409624401343,0.288059,0.23399999999999999,1.1345906,0.028791285000000003,9.875479098176815,11.117783646919943,1.8664225339889526,0.14596869051456451,0.14537394046783447,0.39728957414627075,2.0462948436167583,0.48407262563705444,1.1843532641625742,9.474432972163578,9.692385163604367,True
GTM,Guatemala,2017,-0.7048204399685787,-0.27564884919998267,-1.7292012550297997,0.34509300000000004,0.288059,1.1226744,0.031102555,9.863331221535269,11.097384237295541,1.8880295753479004,0.1422175168991089,0.14107298851013184,0.3839113414287567,2.0140282699891987,0.48295676708221436,-1.2147876641545707,9.474432972163578,9.692385163604367,True
GTM,Guatemala,2018,-0.21998603532260574,-0.4116712184834904,-1.2702445144437746,0.379,0.34509300000000004,1.2063772,0.03205098,9.856283017135583,11.080092224745243,1.9098865985870361,0.1468689888715744,0.14856261014938354,0.40603163838386536,1.9816371429194568,0.49129220843315125,-0.7048204399685787,9.474432972163578,9.692385163604367,True
GTM,Guatemala,2019,0.8056685717566126,0.8113550257969245,-0.5527894025849633,0.415,0.379,1.2150007999999999,,9.854083156782357,11.067389779600806,1.9319968223571777,0.14818185567855835,0.15324681997299194,0.389628067612648,1.9488411392697635,0.4932730495929718,-0.21998603532260574,9.474432972163578,9.692385163604367,True
HKG,"China, Hong Kong SAR",1996,0.05841946016360566,-2.9390518760914044,2.1677590775546207,0.0322,0.0278,0.12786531,0.0,11.027448883799897,13.098954715063623,2.693025827407837,0.35480737686157227,0.059981416910886765,2.9802792072296143,1.4004050823339886,0.47235384583473206,2.1964640520291567,11.228530465244342,10.953749805720204,True
HKG,"China, Hong Kong SAR",1997,0.4253197046750756,-0.5347620272834974,2.1312044410485953,0.0475,0.0322,0.21502693,0.0,11.028033078401533,13.12063230583917,2.694955825805664,0.36722150444984436,0.05740233138203621,3.0081443786621094,1.6521900361240016,0.47552597522735596,0.05841946016360566,11.228530465244342,10.953749805720204,True
HKG,"China, Hong Kong SAR",1998,-6.085685843115485,-9.284882934079302,5.082833299643319,0.105,0.0475,0.34618540000000003,0.0,11.032286275448284,13.141944350249656,2.696887254714966,0.3835054039955139,0.059320203959941864,3.089272141456604,1.8315508594457075,0.480821430683136,0.4253197046750756,11.228530465244342,10.953749805720204,True
HKG,"China, Hong Kong SAR",1999,2.2769000448437993,-0.3883750580823242,2.9787216964791696,0.145,0.105,0.48492832,0.0016804007,10.971429417017129,13.192772683246089,2.698820114135742,0.3273349404335022,0.06403447687625885,2.913426160812378,1.8412378442792532,0.5067468881607056,-6.085685843115485,11.228530465244342,10.953749805720204,True
HKG,"China, Hong Kong SAR",2000,4.586152817629774,2.931650818468162,0.6222580740871564,0.212,0.145,0.6436421,0.013018287,10.994198417465567,13.22255990021088,2.700754165649414,0.2721019685268402,0.07013241946697235,2.8385695219039917,1.6303053210860785,0.508024275302887,2.2769000448437993,11.228530465244342,10.953749805720204,True
HKG,"China, Hong Kong SAR",2001,-1.9197126983645063,-4.197527724219846,0.7398547398111077,0.2782776,0.212,0.8124711600000001,0.06628968,11.040059945641865,13.228782480951752,2.7026896476745605,0.2891097962856293,0.06956106424331665,3.059121251106262,1.2775300907645226,0.507493257522583,4.586152817629774,11.228530465244342,10.953749805720204,True
HKG,"China, Hong Kong SAR",2002,2.075686981366509,-1.229509281313429,2.996382910843387,0.38671402,0.2782776,0.852695,0.10575874,11.02086281865822,13.236181028349863,2.773824691772461,0.2655441462993622,0.07436584681272507,2.8739689588546753,0.8807918295784756,0.5181053280830383,-1.9197126983645063,11.228530465244342,10.953749805720204,True
HKG,"China, Hong Kong SAR",2003,3.9837389369376197,1.0833150698154215,3.3993862112726703,0.43082382,0.38671402,0.9375960499999999,0.15231386,11.041619688471885,13.266144857458297,2.8468315601348877,0.25164994597435,0.07702455669641495,2.787352681159973,0.5536672190116665,0.514400839805603,2.075686981366509,11.228530465244342,10.953749805720204,True
HKG,"China, Hong Kong SAR",2004,6.3083839451199,4.17738857845753,0.40285542151750064,0.52200043,0.43082382,1.071483,0.18486414,11.08145707784126,13.300138719571024,2.921760320663452,0.2510770857334137,0.08566807955503464,2.8631646633148193,0.34114779111362736,0.515118420124054,3.9837389369376197,11.228530465244342,10.953749805720204,True
HKG,"China, Hong Kong SAR",2005,5.35430759240878,3.458434716958872,0.6906201194111006,0.5639988,0.52200043,1.1924745,0.22034046,11.14454091729246,13.304167273786199,2.9986610412597656,0.22292709350585938,0.08306492120027542,2.784453272819519,0.29532490364090336,0.5004756450653076,6.3083839451199,11.228530465244342,10.953749805720204,True
HKG,"China, Hong Kong SAR",2006,5.262523921146034,4.453771289127147,1.0432263936236197,0.569,0.5639988,1.2367767,0.24015364000000003,11.198083993216548,13.31107347498031,3.0775859355926514,0.22653469443321228,0.09155362844467163,2.995148539543152,0.3701016645622168,0.4902547001838684,5.35430759240878,11.228530465244342,10.953749805720204,True
HKG,"China, Hong Kong SAR",2007,4.145986346235375,3.005813886217175,0.28995634243322854,0.608,0.569,1.3625764,0.25915693,11.250709232428008,13.321505738916546,3.0904674530029297,0.23741213977336884,0.08637937903404236,3.2962706089019775,0.47902874858407607,0.48774510622024536,5.262523921146034,11.228530465244342,10.953749805720204,True
HKG,"China, Hong Kong SAR",2008,0.7990105565539807,0.5864492134099231,0.8522296053492084,0.648,0.608,1.5422594,0.27239134,11.292169095890362,13.324405302340878,3.103402853012085,0.2350008338689804,0.08052802085876465,3.1660897731781006,0.5561476851977609,0.49263226985931396,4.145986346235375,11.228530465244342,10.953749805720204,True
HKG,"China, Hong Kong SAR",2009,-1.547757196239452,-3.0969483173196255,2.620075278925249,0.667,0.648,1.6494319,0.27568306,11.300159201455902,13.33292759839437,3.1163923740386963,0.26168379187583923,0.08803673833608627,3.710599184036255,0.609947555885304,0.4867170453071594,0.7990105565539807,11.228530465244342,10.953749805720204,True
HKG,"China, Hong Kong SAR",2010,6.741955446226022,3.841599044418592,2.079822084794536,0.6940000000000001,0.667,1.7831735,0.29066227,11.284681629493507,13.359128351183623,3.1294362545013428,0.26631617546081543,0.08916839957237244,3.6206963062286377,0.6196953812812822,0.5114935636520386,-1.547757196239452,11.228530465244342,10.953749805720204,True
HKG,"China, Hong Kong SAR",2011,2.177198767697952,1.795852909430847,-0.26590141765776565,0.72,0.6940000000000001,1.9423364,0.30524231,11.352101183955767,13.379926572031568,3.1425347328186035,0.27222689986228943,0.08394622057676315,4.132533073425293,0.6002333337516097,0.5153611302375793,6.741955446226022,11.228530465244342,10.953749805720204,True
HKG,"China, Hong Kong SAR",2012,-0.17722472622772045,-1.1310970403820015,0.2841124505239989,0.722,0.72,2.1409755,0.3218549,11.373873171632747,13.37726755785499,3.1559133529663086,0.2749432623386383,0.08436346799135208,4.397138833999634,0.5762447437101192,0.5169969201087952,2.177198767697952,11.228530465244342,10.953749805720204,True
HKG,"China, Hong Kong SAR",2013,1.1914207810294286,0.0226971296076503,0.03461264389326146,0.7290000000000001,0.722,2.2757114,0.31315370000000003,11.37210092437047,13.38010868236023,3.1694252490997314,0.270049124956131,0.09245175868272781,4.562408208847046,0.5729289889284894,0.5216963291168213,-0.17722472622772045,11.228530465244342,10.953749805720204,True
HKG,"China, Hong Kong SAR",2014,2.062388166799778,2.0326582877851807,0.9256054328005803,0.742,0.7290000000000001,2.3365019,0.30769822999999996,11.384015132180764,13.380454808799163,3.183072090148926,0.2369554340839386,0.08240405470132828,4.17605185508728,0.593254560886991,0.5188224911689758,1.1914207810294286,11.228530465244342,10.953749805720204,True
HKG,"China, Hong Kong SAR",2015,1.4776084320253347,0.5968530001937631,0.37711195906506845,0.7986627,0.742,2.3170233,0.31167084,11.404639013848762,13.389710863127169,3.1968555450439453,0.27191266417503357,0.09369238466024399,4.780381679534912,0.6453028724282772,0.5197973847389221,2.062388166799778,11.228530465244342,10.953749805720204,True
HKG,"China, Hong Kong SAR",2016,2.022278873131711,1.4817265819816274,1.0372487547380516,0.8494835999999999,0.7986627,2.2703654,0.3187215,11.419415098169015,13.39348198271782,3.210777521133423,0.24883829057216644,0.09444281458854675,5.0791707038879395,0.7168133070033722,0.5127277374267578,1.4776084320253347,11.228530465244342,10.953749805720204,True
HKG,"China, Hong Kong SAR",2017,2.5087125226221474,2.9198321110614653,0.038111383004135746,0.87479416,0.8494835999999999,2.3737778,0.35448493999999997,11.439637886900332,13.4038544702652,3.224839448928833,0.24134932458400726,0.08962446451187134,4.772719621658325,0.7976181231419854,0.5202639698982239,2.022278873131711,11.228530465244342,10.953749805720204,True
HKG,"China, Hong Kong SAR",2018,1.619845201907033,1.2188124123294115,0.083061799452544,0.8941595,0.87479416,2.47079,0.3570325,11.464725012126554,13.404235584095241,3.2390434741973877,0.27143779397010803,0.09681127220392227,5.490025758743286,0.8629687481561676,0.5185301899909973,2.5087125226221474,11.228530465244342,10.953749805720204,True
HKG,"China, Hong Kong SAR",2019,-1.0015627468511923,-1.5643467349646494,0.9209129324473153,0.9050739,0.8941595,2.663401,0.36335278000000004,11.480923464145624,13.405066202089767,3.2533907890319824,0.24730828404426575,0.09180206805467606,4.874891996383667,0.89124133027918,0.5185301899909973,1.619845201907033,11.228530465244342,10.953749805720204,True
HND,Honduras,1996,-5.906889849262242,-4.575451146307945,-5.38714638356339,0.000368,,0.0,0.0,9.423955774912226,10.946549653132717,1.8240119218826294,0.19397975504398346,0.06824955344200134,0.22715825587511063,2.8435806435717748,0.5764946937561035,1.458717496657691,9.32477626070466,9.433007190319085,True
HND,Honduras,1997,-0.20969325578175102,-1.2148060903629605,-0.1993864881251639,0.00043700000000000005,0.000368,0.00038667793999999997,0.0,9.364886876419604,10.892678189297083,1.8355025053024292,0.19118069112300873,0.07233985513448715,0.30672726035118103,2.8627219615978916,0.5764946937561035,-5.906889849262242,9.32477626070466,9.433007190319085,True
HND,Honduras,1998,0.6629251233023936,-1.8498836284137816,2.979212568108025,0.0017100000000000001,0.00043700000000000005,0.0023481017000000002,0.0,9.362789943861786,10.890684324415831,1.8470655679702759,0.20338498055934906,0.07149927318096161,0.3532623052597046,2.8673561272704484,0.5764946937561035,-0.20969325578175102,9.32477626070466,9.433007190319085,True
HND,Honduras,1999,-9.313056915223505,-9.195851659445085,-2.286543230781568,0.00301,0.0017100000000000001,0.0055315519999999995,0.0,9.36941919509481,10.920476450096912,1.858701467514038,0.20468638837337494,0.08118164539337158,0.4128359258174896,2.848806779662838,0.5764946937561035,0.6629251233023936,9.32477626070466,9.433007190319085,True
HND,Honduras,2000,5.734751983562525,3.467723018609828,3.8259401144298266,0.0057399999999999994,0.00301,0.012132711000000001,0.0,9.276288625942575,10.897611017789096,1.8704105615615845,0.2315497249364853,0.0919620543718338,0.3944936543703079,2.8017557071392973,0.5764946937561035,-9.313056915223505,9.32477626070466,9.433007190319085,True
HND,Honduras,2001,2.9898742906890874,1.6748831215083095,3.315668205961586,0.01203856,0.0057399999999999994,0.023605406000000002,0.0,9.3336361457782,10.935870418933394,1.8821934461593628,0.22150170803070068,0.10144031792879105,0.3411455675959587,2.734716346512478,0.5764946937561035,5.734751983562525,9.32477626070466,9.433007190319085,True
HND,Honduras,2002,0.9958673112510752,1.2572163153753722,-0.5901199251280076,0.014152819,0.01203856,0.035162659,0.0,9.363534888685091,10.96902710099301,1.8998132944107056,0.21753473579883575,0.10737038403749466,0.3995031863451004,2.6625825564075,0.5942456722259521,2.9898742906890874,9.32477626070466,9.433007190319085,True
HND,Honduras,2003,1.3069250410396194,1.5778902810682824,-0.6979857750847529,0.025974026,0.014152819,0.047054995999999995,0.0,9.373493561797602,10.96312590174173,1.9175978899002075,0.20837047696113586,0.10376127809286118,0.3603922724723816,2.592802293755936,0.5991583466529846,0.9958673112510752,9.32477626070466,9.433007190319085,True
HND,Honduras,2004,5.515076788677753,3.2267450262904527,3.552062841892223,0.048,0.025974026,0.053287066999999994,0.0,9.386562812207998,10.956146043990882,1.9355491399765015,0.20951473712921143,0.10724331438541412,0.3475467711687088,2.5230641261175357,0.6044620871543884,1.3069250410396194,9.32477626070466,9.433007190319085,True
HND,Honduras,2005,1.9667299998660681,1.4352343969616315,-0.45267274934577273,0.055999999999999994,0.048,0.0968902,0.0,9.441713580094776,10.991666672409805,1.953668475151062,0.24592970311641693,0.10858459770679474,0.3615001440048218,2.455202359825792,0.5947370529174805,5.515076788677753,9.32477626070466,9.433007190319085,True
HND,Honduras,2006,4.377404430857368,2.512389183392901,2.2556777446949283,0.065,0.055999999999999994,0.17135611999999997,0.0,9.461380880093436,10.987139944916347,1.9719573259353638,0.22934964299201965,0.11310039460659027,0.380588136613369,2.388293414721243,0.5892966985702515,1.9667299998660681,9.32477626070466,9.433007190319085,True
HND,Honduras,2007,3.775853699637821,1.1218460461397746,3.7653481715352655,0.078,0.065,0.29264793,0.0,9.50515492440201,11.009696722363296,1.9904173612594604,0.2397094964981079,0.1134883463382721,0.4177551940083504,2.32316434756461,0.5856451392173767,4.377404430857368,9.32477626070466,9.433007190319085,True
HND,Honduras,2008,-2.774182099835798,-1.7961647685403475,-0.9375857562778478,0.094,0.078,0.5341342499999999,0.0,9.542913461398388,11.047350204078649,2.0090503692626953,0.28173282742500305,0.12086499482393265,0.47215598821640015,2.256419967013956,0.5894313454627991,3.775853699637821,9.32477626070466,9.433007190319085,True
HND,Honduras,2009,-7.278870572157636,-4.806727690111438,-3.337692826793237,0.096,0.094,0.7751193000000001,0.0,9.51517164040003,11.03797434651587,2.027857542037964,0.33471354842185974,0.13408654928207397,0.7965891659259796,2.1842889363438367,0.5947259664535522,-2.774182099835798,9.32477626070466,9.433007190319085,True
HND,Honduras,2010,-0.6753483050543352,-0.0393153610177656,-2.724385515117511,0.098,0.096,1.02452484,0.0,9.442382934678454,11.004597418247938,2.0468409061431885,0.1861334890127182,0.1413661688566208,0.4509527459740639,2.1054936269554236,0.6001655459403992,-7.278870572157636,9.32477626070466,9.433007190319085,True
HND,Honduras,2011,4.105755806419076,1.5993880388850006,3.148804032747421,0.1109,0.098,1.13617134,0.00011953318,9.43562945162791,10.977353563096763,2.066002130508423,0.20153915882110596,0.13479742407798767,0.5094804018735886,2.0245107294618148,0.6076750755310059,-0.6753483050543352,9.32477626070466,9.433007190319085,True
HND,Honduras,2012,3.3889752124750316,1.4896095303490566,2.2913636673605353,0.159,0.1109,0.9439905000000001,0.006707973000000001,9.476687009692101,11.008841603424237,2.1043074131011963,0.2390882968902588,0.12782466411590576,0.5439649820327759,1.9431451980928216,0.6128987073898315,4.105755806419076,9.32477626070466,9.433007190319085,True
HND,Honduras,2013,-4.196866177991865,-3.5228093559154274,-4.3245050746239855,0.1812,0.159,0.8456649,0.0070311489999999996,9.510576761816852,11.031755240097842,2.143322706222534,0.2325863391160965,0.11243466287851334,0.5546789467334747,1.8692982437940486,0.59649258852005,3.3889752124750316,9.32477626070466,9.433007190319085,True
HND,Honduras,2014,3.811662652891634,1.4028967660666871,3.353740861006571,0.17800000000000002,0.1812,0.8737757,0.0077611476000000006,9.468608100036933,10.988510189351603,2.1830615997314453,0.2139693945646286,0.12287561595439911,0.7225192785263062,1.8101082707464577,0.6015260815620422,-4.196866177991865,9.32477626070466,9.433007190319085,True
HND,Honduras,2015,-1.0100527979853169,-1.7581474193404514,-1.425062640394259,0.23,0.17800000000000002,0.8523654,0.017416955999999997,9.50672472656585,11.022047597961668,2.2235374450683594,0.22855150699615479,0.11669100821018219,0.7350199520587921,1.7694167483402357,0.5964356660842896,3.811662652891634,9.32477626070466,9.433007190319085,True
HND,Honduras,2016,2.743395328148601,1.3984567840037339,1.4683341749769596,0.27139545,0.23,0.8712918000000001,0.021367595000000003,9.496624198585996,11.007796971557726,2.264763355255127,0.2551702558994293,0.10893158614635468,0.4893072098493576,1.7414941209573431,0.5752462148666382,-1.0100527979853169,9.32477626070466,9.433007190319085,True
HND,Honduras,2017,0.45610091745178494,0.11044877433302998,-1.0210689596092948,0.29528217,0.27139545,0.8321808,0.02341448,9.524058151867482,11.022480313307495,2.3067541122436523,0.23005999624729156,0.11088261753320694,0.4340309649705887,1.717638854806136,0.5740823149681091,2.743395328148601,9.32477626070466,9.433007190319085,True
HND,Honduras,2018,-3.0026867807515956,-2.8549291593677353,-3.1218484571052585,0.31735792,0.29528217,0.8587173,0.02485269,9.528619161042,11.012269623711402,2.3495230674743652,0.25671496987342834,0.11074676364660263,0.4703882187604904,1.6922288789459117,0.5617588758468628,0.45610091745178494,9.32477626070466,9.433007190319085,True
HND,Honduras,2019,4.821539213127224,2.0898452494986492,5.031226457932192,0.36040062,0.31735792,0.7771009999999999,0.036339312,9.498592293234484,10.98105113914035,2.39308500289917,0.2597455084323883,0.1114419475197792,0.45344123244285583,1.6671036137440698,0.5635051131248474,-3.0026867807515956,9.32477626070466,9.433007190319085,True
HRV,Croatia,1996,5.228548735045813,4.3671665004954825,0.503165755295143,0.0051400000000000005,0.00268,0.007007967,0.0,10.595299768716206,12.407026272276742,2.798074245452881,0.13741226494312286,0.3366173505783081,0.5326635241508484,-0.884941775898751,0.642977237701416,8.015539780789993,10.109967900318262,10.495889159444538,True
HRV,Croatia,1997,6.831994089076332,5.093205280258885,2.2259384407092853,0.00859,0.0051400000000000005,0.013647422,0.0,10.647585256066664,12.412057929829693,2.820119857788086,0.1637769639492035,0.30983299016952515,0.5374054610729218,-0.911224242574793,0.654904842376709,5.228548735045813,10.109967900318262,10.495889159444538,True
HRV,Croatia,1998,3.0602531214157125,1.346141767947351,2.9334932286566584,0.0173,0.00859,0.025559428,0.0,10.715905196957427,12.434317314236786,2.842339515686035,0.21124422550201416,0.2933996617794037,0.5671802461147308,-0.9330396395596185,0.6609533429145813,6.831994089076332,10.109967900318262,10.495889159444538,True
HRV,Croatia,1999,-0.4974388356696835,-1.9442858542604322,1.8484369800033207,0.0327,0.0173,0.03916366,0.0,10.746507728171585,12.463652246523353,2.864733934402466,0.18833430111408234,0.2893287241458893,0.5424271076917648,-0.897448796887379,0.6862331628799438,3.0602531214157125,10.109967900318262,10.495889159444538,True
HRV,Croatia,2000,1.3695051470675068,0.7621240365866623,-0.6322034214232275,0.0441,0.0327,0.064056225,0.0,10.741533339814888,12.482136616323386,2.8873050212860107,0.18219101428985596,0.28495779633522034,0.49560151994228363,-0.7927765354649896,0.7042745351791382,-0.4974388356696835,10.109967900318262,10.495889159444538,True
HRV,Croatia,2001,2.1830534252931244,0.8953004651228629,0.2528992846615452,0.066448827,0.0441,0.23878291999999998,0.0,10.755228391285563,12.475814582109154,2.9100537300109863,0.17940424382686615,0.2543388605117798,0.4970879852771759,-0.6384615462059928,0.7062411308288574,1.3695051470675068,10.109967900318262,10.495889159444538,True
HRV,Croatia,2002,4.518980444901111,2.9136329531876464,1.3930590574748436,0.11558573000000001,0.066448827,0.40803759999999994,0.0,10.777058925538494,12.478343574955769,2.937701940536499,0.20138846337795258,0.23011158406734467,0.5404566824436188,-0.45268661474020533,0.6764571666717529,2.1830534252931244,10.109967900318262,10.495889159444538,True
HRV,Croatia,2003,3.1919151115552324,1.715469978212039,0.594760831811314,0.1776,0.11558573000000001,0.53709175,0.0,10.822248729987505,12.492274165530517,2.9656128883361816,0.2317357361316681,0.22281792759895325,0.5584360361099243,-0.27887741137906374,0.6833522319793701,4.518980444901111,10.109967900318262,10.495889159444538,True
HRV,Croatia,2004,3.414573507464347,1.3735019908730106,2.2357053074740563,0.2275,0.1776,0.5891537,0.00078947015,10.854167881103058,12.49822177384863,2.993788957595825,0.27018827199935913,0.21319960057735443,0.6127616465091705,-0.1571825136183147,0.6745827198028564,3.1919151115552324,10.109967900318262,10.495889159444538,True
HRV,Croatia,2005,3.4154545303605843,1.598575023158827,2.0073106140547026,0.3091,0.2275,0.6578801,0.006078807,10.888313616177701,12.520578826923371,3.0222327709198,0.2771196961402893,0.21178947389125824,0.6686467230319977,-0.11428537498738844,0.6554604768753052,3.414573507464347,10.109967900318262,10.495889159444538,True
HRV,Croatia,2006,1.968482739858679,0.5489729958678018,0.23618208753628522,0.33140000000000003,0.3091,0.84602356,0.026935897,10.922468161481307,12.540651933063918,3.0509469509124756,0.2873251438140869,0.2100476771593094,0.6932617872953415,-0.13293861536860518,0.6438863277435303,3.4154545303605843,10.109967900318262,10.495889159444538,True
HRV,Croatia,2007,2.2042495278357777,0.6972052997047146,0.34405547516467294,0.37979999999999997,0.33140000000000003,1.0183974999999998,0.058343759999999995,10.942152988879894,12.543013753939281,3.0858302116394043,0.3244631886482239,0.21040968596935272,0.7057080119848251,-0.166445056534692,0.6330252289772034,1.968482739858679,10.109967900318262,10.495889159444538,True
HRV,Croatia,2008,-0.1871530793474463,-2.1860271431880527,1.5871948355746568,0.4144,0.37979999999999997,1.16650505,0.0896789,10.964195484158251,12.546454308690928,3.121112585067749,0.3325558602809906,0.2230771780014038,0.7126350402832031,-0.19124718720835432,0.627312421798706,2.2042495278357777,10.109967900318262,10.495889159444538,True
HRV,Croatia,2009,-6.7362997998341,-8.493234964851757,3.007864769141655,0.4424,0.4144,1.0556585,0.12237176,10.962323953364777,12.562326257046674,3.1567983627319336,0.3425070643424988,0.21930573880672455,0.7313116639852524,-0.2246686051802893,0.6266820430755615,-0.1871530793474463,10.109967900318262,10.495889159444538,True
HRV,Croatia,2010,2.4040517381635595,-0.4459386798877134,4.936885730023022,0.5058,0.4424,1.0845573400000001,0.16641897,10.894960955366436,12.59240490473809,3.192892074584961,0.28864702582359314,0.2338627129793167,0.5703093409538269,-0.26160886335830913,0.6529288291931152,-6.7362997998341,10.109967900318262,10.495889159444538,True
HRV,Croatia,2011,3.6519998223475625,1.2545454578689657,4.80644389187006,0.5655,0.5058,1.1458233,0.19479975,10.919001472748072,12.641773762038321,3.229398488998413,0.2335609793663025,0.23454007506370544,0.582741767168045,-0.3021885286357273,0.6507103443145752,2.4040517381635595,10.109967900318262,10.495889159444538,True
HRV,Croatia,2012,1.4898482766621868,-0.41119664571265047,4.392823379836841,0.57789978,0.5655,1.1948961,0.20856615,10.955521470971547,12.689838200957022,3.268047332763672,0.22474777698516846,0.2506404519081116,0.6113217771053314,-0.34869933995245184,0.6345823407173157,3.6519998223475625,10.109967900318262,10.495889159444538,True
HRV,Croatia,2013,2.2275543905500683,0.4793943942148396,3.449477273727375,0.61939972,0.57789978,1.16719315,0.21581852,10.970419953738169,12.73376643475539,3.3077619075775146,0.2194860577583313,0.24533696472644806,0.5854986310005188,-0.4000712969616238,0.5940262079238892,1.4898482766621868,10.109967900318262,10.495889159444538,True
HRV,Croatia,2014,-2.6803999686027424,-2.0529970001140962,-2.084509967789039,0.6674760000000001,0.61939972,1.1128175,0.22504253,10.99269549764367,12.768261207492664,3.348578691482544,0.23058827221393585,0.25624629855155945,0.6467918008565903,-0.44981245810140624,0.5878684520721436,2.2275543905500683,10.109967900318262,10.495889159444538,True
HRV,Croatia,2015,1.0396782449099362,2.4853874109423133,-0.7436477048370804,0.6856789999999999,0.6674760000000001,1.0573229,0.2333191,10.965891497957642,12.747416107814773,3.3905365467071533,0.22018879652023315,0.26508259773254395,0.6699265390634537,-0.4942749901004184,0.5900517106056213,-2.6803999686027424,10.109967900318262,10.495889159444538,True
HRV,Croatia,2016,2.861551195352874,1.495675939546003,0.292842134876814,0.6984504,0.6856789999999999,1.0554364,0.23572632,10.976288280406742,12.739979630766403,3.4336752891540527,0.2350398600101471,0.25965896248817444,0.6349257826805115,-0.5333888838607859,0.5903859734535217,1.0396782449099362,10.109967900318262,10.495889159444538,True
HRV,Croatia,2017,0.501356108496509,0.4678507295386226,-1.5898269037240453,0.7269727,0.6984504,1.0671841,0.25234114,11.00490379236027,12.74290805211517,3.478036403656006,0.23334123194217682,0.2539984881877899,0.6414827704429626,-0.5750668932765102,0.5868172645568848,2.861551195352874,10.109967900318262,10.495889159444538,True
HRV,Croatia,2018,0.5286389295521943,0.312673470282518,-1.0431911861150667,0.6709619000000001,0.7269727,1.0579475999999999,0.26865097,11.009917353445235,12.72700978307793,3.5236642360687256,0.24369177222251892,0.24443843960762024,0.6256528794765472,-0.6136020154893673,0.5882360339164734,0.501356108496509,10.109967900318262,10.495889159444538,True
HRV,Croatia,2019,1.4705752742761646,-0.24464003486880814,-0.09506212049590346,0.75294624,0.6709619000000001,1.09034035,0.28015602,11.015203742740757,12.71657787121678,3.570603370666504,0.2719292938709259,0.2532268166542053,0.7253434062004089,-0.634398792505686,0.5905457735061646,0.5286389295521943,10.109967900318262,10.495889159444538,True
HUN,Hungary,1996,0.2669924010213265,-0.6092907436291567,1.6970216291255724,0.006770000000000001,0.00484,0.025660467,0.0,10.581940955977661,12.295147468037253,2.8817689418792725,0.17056168615818024,0.3024410903453827,0.5049213618040085,-0.0800603011059664,0.6536679267883301,3.2842901200513808,10.330267269614719,10.483415237944076,True
HUN,Hungary,1997,2.1172756513619717,1.0370677614632924,0.9582658467314431,0.009689999999999999,0.006770000000000001,0.045895200000000004,0.0,10.584610879987874,12.31211768432851,2.8976643085479736,0.17308229207992554,0.3026125729084015,0.5296903252601624,-0.16293591842257982,0.6375389695167542,0.2669924010213265,10.330267269614719,10.483415237944076,True
HUN,Hungary,1998,2.9731817309698982,1.8694194546681364,1.613089172581894,0.0194,0.009689999999999999,0.06861471,0.0,10.605783636501494,12.321700342795824,2.913647413253784,0.1839485764503479,0.29651615023612976,0.6256431341171265,-0.2322861159349987,0.6105424761772156,2.1172756513619717,10.330267269614719,10.483415237944076,True
HUN,Hungary,1999,1.0759556910059587,-0.3345922515658739,0.7515115163833741,0.038900000000000004,0.0194,0.10429369,0.0,10.635515453811193,12.337831234521643,2.929718494415283,0.2075875699520111,0.27820885181427,0.7335774898529053,-0.2805314155893246,0.5998240113258362,2.9731817309698982,10.330267269614719,10.483415237944076,True
HUN,Hungary,2000,3.787134912290213,2.7536669868559907,2.173566817853434,0.058600000000000006,0.038900000000000004,0.15915076,0.0,10.646275010721252,12.345346349685476,2.945878028869629,0.19983477890491486,0.2724243998527527,0.7623803913593292,-0.29408149727401245,0.5929322242736816,1.0759556910059587,10.330267269614719,10.483415237944076,True
HUN,Hungary,2001,3.8335893803207455,3.004406943693953,2.4782268757586934,0.06999676,0.058600000000000006,0.30187418,0.00033364079999999996,10.684146359844155,12.36708201786401,2.962127208709717,0.20676590502262115,0.2702440023422241,0.8645623326301575,-0.28245361958298965,0.6082942485809326,3.787134912290213,10.330267269614719,10.483415237944076,True
HUN,Hungary,2002,4.757722135320108,3.1730689827218037,3.0175634574817423,0.14528554,0.06999676,0.48859856,0.0030869436,10.722482253647362,12.391864286621598,2.9919886589050293,0.21226458251476288,0.2705339789390564,0.9132018983364105,-0.2650933101425057,0.6072734594345093,3.8335893803207455,10.330267269614719,10.483415237944076,True
HUN,Hungary,2003,2.06285206084722,1.7834613806802784,0.7516450450365753,0.16670000000000001,0.14528554,0.6792064000000001,0.010993576,10.770059475000563,12.422039921196415,3.022151470184326,0.20737652480602264,0.27468568086624146,0.970024049282074,-0.25702429956555584,0.5883455872535706,4.757722135320108,10.330267269614719,10.483415237944076,True
HUN,Hungary,2004,5.827384837505178,3.2925431314584044,4.093806523159493,0.2163,0.16670000000000001,0.7858951999999999,0.026146202,10.790687995609035,12.42955637164678,3.0526182651519775,0.2107306867837906,0.26701563596725464,1.0650808215141296,-0.25546795126123456,0.6068269610404968,2.06285206084722,10.330267269614719,10.483415237944076,True
HUN,Hungary,2005,4.963939737461942,3.4774693044924545,3.755344598715382,0.2774,0.2163,0.8652953,0.040761404,10.848961843984087,12.470494436878376,3.0833921432495117,0.2524445652961731,0.24959217011928558,1.2998707294464111,-0.26522760465490514,0.6076837182044983,5.827384837505178,10.330267269614719,10.483415237944076,True
HUN,Hungary,2006,3.293263569020688,2.262106255095089,2.055782476245227,0.3897,0.2774,0.9259161,0.064743495,10.898601241358707,12.50804788286553,3.114476203918457,0.2387114316225052,0.24708133935928345,1.3439248204231262,-0.28259831463670615,0.6133489608764648,4.963939737461942,10.330267269614719,10.483415237944076,True
HUN,Hungary,2007,1.1342873043009405,-0.4726718397769142,3.6323550009866423,0.4706,0.3897,0.9916195999999999,0.11932306000000001,10.931533877048913,12.528605707627982,3.145873785018921,0.24584370851516724,0.2515941858291626,1.4998574256896973,-0.30071134226083984,0.5931329131126404,3.293263569020688,10.330267269614719,10.483415237944076,True
HUN,Hungary,2008,2.9607890136459147,0.1748724646217628,4.426502336410287,0.5329999999999999,0.4706,1.0992465,0.14495706,10.942876750091923,12.564929257637848,3.1775879859924316,0.24321810901165009,0.2529604136943817,1.7264190912246704,-0.3137882121529323,0.5973290801048279,1.1342873043009405,10.330267269614719,10.483415237944076,True
HUN,Hungary,2009,-4.828680029119425,-5.858979096201009,3.795559223058831,0.61,0.5329999999999999,1.2203834999999998,0.17676296,10.972484640228382,12.609194281001951,3.2096216678619385,0.2582997679710388,0.26730939745903015,1.7519598603248596,-0.322561972274249,0.5953724980354309,2.9607890136459147,10.330267269614719,10.483415237944076,True
HUN,Hungary,2010,1.8822743198288805,0.3136197111632922,1.7885569698050219,0.62,0.61,1.179085,0.19764506999999998,10.924197839937188,12.64714987323254,3.241978406906128,0.21596594154834747,0.2793883979320526,1.4068045020103455,-0.32507173771976206,0.5913692116737366,-4.828680029119425,10.330267269614719,10.483415237944076,True
HUN,Hungary,2011,1.8308019764790018,1.5806219426422328,0.8081988129990947,0.65,0.62,1.2036945000000001,0.21639374,10.943020583135477,12.66503544293059,3.274661064147949,0.210446298122406,0.2859366834163666,1.452538251876831,-0.3225155709745131,0.5720603466033936,1.8822743198288805,10.330267269614719,10.483415237944076,True
HUN,Hungary,2012,-2.375043162467705,-2.0798711590956827,-0.30762677918669823,0.6801999000000001,0.65,1.1752607,0.23254925,10.961328602900267,12.67311743106058,3.290193796157837,0.2125968188047409,0.28804293274879456,1.547282338142395,-0.3197290729364255,0.5717163681983948,1.8308019764790018,10.330267269614719,10.483415237944076,True
HUN,Hungary,2013,0.6308684378650398,0.3960695447090681,-0.10503435225786006,0.7058,0.6801999000000001,1.1676782,0.24161804,10.93757817127559,12.670041163268714,3.305800437927246,0.2188374400138855,0.2791556715965271,1.4680662751197815,-0.3170239473553771,0.5890500545501709,-2.375043162467705,10.330267269614719,10.483415237944076,True
HUN,Hungary,2014,-0.2953789613101776,-0.10580096003306276,-2.783257653706883,0.7264390000000001,0.7058,1.1720013,0.26262192,10.94388685565424,12.668990819746135,3.3214809894561768,0.23232977092266083,0.2819347679615021,1.4810335040092468,-0.30901198148449716,0.574850857257843,0.6308684378650398,10.330267269614719,10.483415237944076,True
HUN,Hungary,2015,1.5889031381156826,1.3149275015724466,-0.3927921273644941,0.756532,0.7264390000000001,1.1889566,0.26164234000000003,10.940933066041138,12.641158243209066,3.337235927581787,0.25709301233291626,0.28886720538139343,1.5175405144691467,-0.29463972326073673,0.5627790093421936,-0.2953789613101776,10.330267269614719,10.483415237944076,True
HUN,Hungary,2016,-1.5683091675125382,-1.3026650440510015,-2.754016139444282,0.7283474,0.756532,1.0062374,0.27632236,10.956822097422295,12.637230321935421,3.3530654907226562,0.25893932580947876,0.2881741523742676,1.3906984329223633,-0.27644524444365715,0.5508677363395691,1.5889031381156826,10.330267269614719,10.483415237944076,True
HUN,Hungary,2017,2.2916131386185867,2.120984431200032,-0.0943043367939822,0.79259415,0.7283474,1.0144201,0.28688790999999997,10.94113900574717,12.609690160540978,3.3689701557159424,0.23880138993263245,0.2890101671218872,1.3867133259773254,-0.25547226316802174,0.5635905861854553,-1.5683091675125382,10.330267269614719,10.483415237944076,True
HUN,Hungary,2018,3.0351030597124407,2.818542039426536,0.3786649397715891,0.7675055000000001,0.79259415,1.0162926,0.30213617,10.964055137133355,12.608747117173039,3.3849503993988037,0.2596310079097748,0.2875637710094452,1.430580496788025,-0.23766618016445307,0.562409520149231,2.2916131386185867,10.330267269614719,10.483415237944076,True
HUN,Hungary,2019,2.8389213737236574,1.6385679103512245,1.490726018632138,0.7607436,0.7675055000000001,1.02737206,0.3150629,10.99440616773048,12.612533766570754,3.4010062217712402,0.2886078655719757,0.284513384103775,1.4780438542366028,-0.22970252605500896,0.5554229021072388,3.0351030597124407,10.330267269614719,10.483415237944076,True
IDN,Indonesia,1996,5.187249727010013,0.4547268924608676,7.279831215868882,0.000261,1.06e-05,0.001063101,0.0,9.528600326199687,10.986177516342723,2.0353140830993652,0.2029697299003601,0.2033395916223526,0.18401288986206055,1.545570870640045,0.44481533765792847,5.503435975694515,9.234799622266035,9.43187110754933,True
IDN,Indonesia,1997,3.02944310421438,-2.3179154798475485,7.740176959026712,0.000566,0.000261,0.0027933973,0.0,9.580472823469787,11.058975828501412,2.0645337104797363,0.19587408006191254,0.20099398493766785,0.18157921731472015,1.494498627952101,0.44481533765792847,5.187249727010013,9.234799622266035,9.43187110754933,True
IDN,Indonesia,1999,-1.1519315830009091,-1.928148360819798,0.5352499073575601,0.00255,0.0019500000000000001,0.005127697,0.0,9.442685163037545,11.14850757021074,2.124236822128296,0.16542421281337738,0.14989788830280304,0.20179738849401474,1.4150640747029541,0.44481533765792847,-16.808209147438546,9.234799622266035,9.43187110754933,True
IDN,Indonesia,2000,2.525100967489813,1.384665988566089,1.0402703068466579,0.00444,0.00255,0.010526074000000002,0.0,9.431165847207536,11.153860069284315,2.1547329425811768,0.14573709666728973,0.1316617876291275,0.1944432184100151,0.9749674207852443,0.44481533765792847,-1.1519315830009091,9.234799622266035,9.43187110754933,True
IDN,Indonesia,2001,3.129114269568234,0.11711609665917,3.035157526806742,0.009255639,0.00444,0.016981509,1.8511852e-05,9.456416856882434,11.164262772352782,2.185666561126709,0.16297388076782227,0.12956689298152924,0.2704555243253708,1.3799095281011198,0.44481533765792847,2.525100967489813,9.234799622266035,9.43187110754933,True
IDN,Indonesia,2002,3.0971428233408815,2.0087906682903474,2.382025557887779,0.020186138,0.009255639,0.02976271,6.8462547e-05,9.487707999578117,11.194614347620849,2.2077457904815674,0.18337273597717285,0.12389921396970749,0.24745643138885498,1.3680945494831676,0.4454861879348755,3.129114269568234,9.234799622266035,9.43187110754933,True
IDN,Indonesia,2003,3.2359687622777855,1.231225142838116,2.1537721350544103,0.021341357,0.020186138,0.052681703999999996,0.00017245377999999998,9.518679427811525,11.218434603199727,2.2300479412078857,0.1835355907678604,0.1251501590013504,0.24556007981300354,1.3573512584931002,0.4491589665412903,3.0971428233408815,9.234799622266035,9.43187110754933,True
IDN,Indonesia,2004,3.991674030635295,0.9846678690106747,3.6809734667047067,0.023870198999999998,0.021341357,0.08218358,0.00027371937,9.551039115434303,11.239972324550271,2.252575397491455,0.21009743213653564,0.12903492152690887,0.23414919525384903,1.3488423777036296,0.4540485441684723,3.2359687622777855,9.234799622266035,9.43187110754933,True
IDN,Indonesia,2005,4.716354439322323,2.2685166774845444,4.307969977956283,0.026002858,0.023870198999999998,0.13309812000000001,0.00037248824,9.590955855740656,11.276782059217318,2.2753305435180664,0.21583086252212524,0.11606770753860474,0.2584776505827904,1.3418774719564652,0.45093733072280884,3.991674030635295,9.234799622266035,9.43187110754933,True
IDN,Indonesia,2006,4.633218842118403,1.6254844289307735,4.1651150950215765,0.036020248000000005,0.026002858,0.20318636,0.00046865866,9.63811940013388,11.31986175899688,2.2983152866363525,0.234564870595932,0.1086312010884285,0.28107669949531555,1.3363010502530415,0.4386868178844452,4.716354439322323,9.234799622266035,9.43187110754933,True
IDN,Indonesia,2007,2.6556453096167942,0.43561599908736315,1.7587589862705144,0.047648130000000004,0.036020248000000005,0.27271881,0.0008307998599999999,9.684451588555063,11.361512909947097,2.321532726287842,0.23505190014839172,0.11497143656015396,0.2751554325222969,1.329580867890634,0.4398828446865082,4.633218842118403,9.234799622266035,9.43187110754933,True
IDN,Indonesia,2008,2.704002969144703,1.0543574045864534,2.6558075942388015,0.05786275,0.047648130000000004,0.39393386999999996,0.0032850853,9.711008041651231,11.379100499809802,2.344984292984009,0.2371530681848526,0.11555472761392593,0.26511602103710175,1.3238367895241687,0.4466852843761444,2.6556453096167942,9.234799622266035,9.43187110754933,True
IDN,Indonesia,2009,2.4421645340092724,-0.2641664810106553,3.434914439571024,0.07917500000000001,0.05786275,0.58535755,0.0040871525,9.738048071342678,11.40565857575219,2.3686728477478027,0.2554989457130432,0.11477519571781158,0.2838883548974991,1.3233309084156986,0.4542015492916107,2.704002969144703,9.234799622266035,9.43187110754933,True
IDN,Indonesia,2010,3.72908874101725,1.602538564570427,3.4614741118467407,0.0692,0.07917500000000001,0.6729584,0.0076631063,9.762469716682771,11.4400077201479,2.3926005363464355,0.2725532352924347,0.12924109399318695,0.21741290390491486,1.3292181782900592,0.4662141501903534,2.4421645340092724,9.234799622266035,9.43187110754933,True
IDN,Indonesia,2011,4.539966198607104,2.9789631979069533,4.569695521760764,0.1092,0.0692,0.8578387,0.0092580867,9.799760604092944,11.474622461266367,2.4167702198028564,0.2995617091655731,0.12012842297554016,0.24579574167728424,1.3377741566277024,0.4658448100090027,3.72908874101725,9.234799622266035,9.43187110754933,True
IDN,Indonesia,2012,2.6692279045926526,1.130854609814305,3.0833239674231905,0.12279999999999999,0.1092,1.0013452,0.010968769,9.845160266079015,11.520319416483975,2.4021310806274414,0.33603665232658386,0.11646492034196854,0.2522655501961708,1.347908543407339,0.4591916799545288,4.539966198607104,9.234799622266035,9.43187110754933,True
IDN,Indonesia,2013,4.4752935614246425,2.029789087655328,5.198191298095445,0.1452,0.12279999999999999,1.1158105,0.011804581000000001,9.871852545124941,11.551152656158207,2.387580633163452,0.33959755301475525,0.12600718438625336,0.2384425774216652,1.3517034151233176,0.4593733251094818,2.6692279045926526,9.234799622266035,9.43187110754933,True
IDN,Indonesia,2014,3.105312752559719,1.6037142576849364,4.194655226871191,0.1494,0.1452,1.2242482,0.012709669,9.916605480739188,11.603134569139161,2.3731181621551514,0.333182156085968,0.12702445685863495,0.2213599607348442,1.340764864280164,0.46118760108947754,4.4752935614246425,9.234799622266035,9.43187110754933,True
IDN,Indonesia,2015,3.5366930732411817,1.2520326037705851,4.67064528954495,0.17143160000000002,0.1494,1.2576719,0.01313363,9.947658608264785,11.645081121407873,2.35874342918396,0.33728769421577454,0.12106206268072128,0.19856222718954086,1.3109480253072014,0.46375057101249695,3.105312752559719,9.234799622266035,9.43187110754933,True
IDN,Indonesia,2016,3.480741743220328,1.7235464758295869,4.34327702488968,0.22062742,0.17143160000000002,1.2946879999999998,0.015213947,9.983025538997197,11.691787574303323,2.3444557189941406,0.33501148223876953,0.12367002665996552,0.18716511875391006,1.2678293155095943,0.46375057101249695,3.5366930732411817,9.234799622266035,9.43187110754933,True
IDN,Indonesia,2017,2.2621350763998294,0.800388825125091,3.1361006960034743,0.25447353,0.22062742,1.4570425,0.019753785,10.0178329564294,11.73522034455222,2.330254554748535,0.3348332941532135,0.11651016771793365,0.17676013708114624,1.2205895336559358,0.46375057101249695,3.480741743220328,9.234799622266035,9.43187110754933,True
IDN,Indonesia,2018,1.6083422918542922,0.6488091577523677,2.4717724992871837,0.32335808,0.25447353,1.6278252,0.023250422,10.040454307193398,11.766581351512254,2.3161394596099854,0.3418869078159332,0.10764215141534805,0.19059502333402634,1.1761970681694933,0.46375057101249695,2.2621350763998294,9.234799622266035,9.43187110754933,True
IDN,Indonesia,2019,1.7247094650121753,0.36760755159199576,2.6110093507336174,0.3990464,0.32335808,1.18330215,0.032872958,10.056537730111941,11.791299076505126,2.302109718322754,0.34437233209609985,0.1064990982413292,0.19338003545999527,1.1345070050943207,0.46375057101249695,1.6083422918542922,9.234799622266035,9.43187110754933,True
IND,India,1996,6.188362267420722,2.9703322379472374,3.482626338588979,0.000262,1.07e-05,7.952054e-05,0.0,8.576808768817072,9.898366853544289,1.6011863946914673,0.17633475363254547,0.13503941893577576,0.07659361883997917,1.9189405494854483,0.6244466304779053,6.253361431502036,8.2958091107425,8.482479918522621,True
IND,India,1997,2.7969921860304225,-0.6614000684890764,3.633749534492914,0.00046300000000000003,0.000262,0.00033354346,0.0,8.63869239149128,9.933193116930179,1.6403032541275024,0.16510780155658722,0.12480538338422775,0.07596814632415771,1.8952188603061693,0.6234526634216309,6.188362267420722,8.2958091107425,8.482479918522621,True
IND,India,1998,4.7890606401251645,1.3489702206800014,3.8956153596609866,0.000708,0.00046300000000000003,0.0008797844999999999,0.0,8.666662313351583,9.969530612275108,1.680375576019287,0.18607597053050995,0.13628481328487396,0.0798531211912632,1.869172711340461,0.6226934790611267,2.7969921860304225,8.2958091107425,8.482479918522621,True
IND,India,1999,7.193189725617977,3.2800337823984673,5.015914122238563,0.0013900000000000002,0.000708,0.0011703147999999998,0.0,8.714552919752835,10.008486765871718,1.7183970212936401,0.18253861367702484,0.14238163828849792,0.07738504558801651,1.8396580733418766,0.6108543872833252,4.7890606401251645,8.2958091107425,8.482479918522621,True
IND,India,2000,1.5550436972226578,-1.38434953702537,3.017351022150727,0.0027300000000000002,0.0013900000000000002,0.0018109666999999998,0.0,8.786484817009015,10.058645907094103,1.7499445676803589,0.2066042572259903,0.14923584461212158,0.08367697894573212,1.805560419991803,0.602292537689209,7.193189725617977,8.2958091107425,8.482479918522621,True
IND,India,2001,2.1747116852642634,-0.5048639708363944,4.020573870326238,0.0052753246,0.0027300000000000002,0.0033812442,0.0,8.802035253981241,10.08881941731561,1.7820713520050049,0.19525064527988434,0.14492161571979523,0.09086116775870323,1.768125412347299,0.5954799652099609,1.5550436972226578,8.2958091107425,8.482479918522621,True
IND,India,2002,1.1532960608981568,-0.9905704539706073,3.0590740410081807,0.0066014636,0.0052753246,0.006067361,4.638655600000001e-05,8.823782370833884,10.129025156018873,1.7967816591262817,0.2016296088695526,0.14100560545921326,0.08816149085760117,1.7287676376720462,0.5832549333572388,2.1747116852642634,8.2958091107425,8.482479918522621,True
IND,India,2003,4.898452007252629,2.838838752947365,2.9751054991027814,0.015378755,0.0066014636,0.011844018999999999,7.508106e-05,8.835315331442866,10.159615896428955,1.8116134405136108,0.2154669165611267,0.13256967067718506,0.09393427520990372,1.689562681099499,0.5583105087280273,1.1532960608981568,8.2958091107425,8.482479918522621,True
IND,India,2004,4.912237733246094,2.271737259484735,3.5288964701754466,0.016864899,0.015378755,0.030166466,0.00012568197,8.884299851515392,10.189366951419982,1.8265676498413086,0.23393189907073975,0.12790437042713165,0.0956009030342102,1.6514909057138816,0.5503489971160889,4.898452007252629,8.2958091107425,8.482479918522621,True
IND,India,2005,6.947004326589834,2.7075237288901155,6.278924104305794,0.019761364,0.016864899,0.04596865,0.00020686774,8.933422228847853,10.224655916121737,1.8416452407836914,0.2802467346191406,0.1232948899269104,0.10866012424230576,1.6153075896251146,0.5142386555671692,4.912237733246094,8.2958091107425,8.482479918522621,True
IND,India,2006,7.679020647234225,2.6183731827606165,7.446006551158746,0.023881,0.019761364,0.078065166,0.0011674267,9.002892272113751,10.287445157164795,1.8568472862243652,0.30123239755630493,0.11982563883066177,0.12596017494797707,1.579710290044467,0.5009073615074158,6.947004326589834,8.2958091107425,8.482479918522621,True
IND,India,2007,7.151402553929032,1.6066230203824943,8.003015767172528,0.028054998,0.023881,0.14157472000000001,0.0019609869,9.079682478586093,10.361905222676382,1.8782007694244385,0.3003179728984833,0.11002451926469803,0.13431263342499733,1.5456961776515676,0.48188790678977966,7.679020647234225,8.2958091107425,8.482479918522621,True
IND,India,2008,2.6521216223187594,-2.11598445823529,7.066050593719453,0.0395,0.028054998,0.19620787,0.0026287588,9.151196504125384,10.441935380348108,1.8997995853424072,0.336774080991745,0.10699326545000076,0.13555344939231873,1.5092220700735126,0.48065128922462463,7.151402553929032,8.2958091107425,8.482479918522621,True
IND,India,2009,6.958105495719558,2.419372907597878,6.915212670383397,0.0438,0.0395,0.28717701,0.0043711107999999995,9.177717720348571,10.512595886285302,1.9216468334197998,0.30120447278022766,0.11092455685138702,0.15986838191747665,1.4648900801682352,0.5013304948806763,2.6521216223187594,8.2958091107425,8.482479918522621,True
IND,India,2010,7.343800048710847,2.677413684379265,7.124494821951188,0.0512,0.0438,0.42846133999999997,0.006320321,9.247298775305767,10.581748012989136,1.9437453746795654,0.3228268623352051,0.11723852157592773,0.14650875702500343,1.4105822996982376,0.5107861161231995,6.958105495719558,8.2958091107425,8.482479918522621,True
IND,India,2011,4.0864659951932225,-0.43493152662126555,7.193149806687593,0.075,0.0512,0.60490643,0.0088380885,9.320736775792875,10.652992961208648,1.9660980701446533,0.3415526747703552,0.10683520138263702,0.1560691073536873,1.3503390450775754,0.5105488300323486,7.343800048710847,8.2958091107425,8.482479918522621,True
IND,India,2012,5.818721313998587,0.8506869744887013,8.146732372486731,0.1007,0.075,0.7087257,0.010585889,9.361601435744808,10.724924459275524,1.9878915548324585,0.33385008573532104,0.10596821457147598,0.18297649919986725,1.2885127145797703,0.5119836330413818,4.0864659951932225,8.2958091107425,8.482479918522621,True
IND,India,2013,3.2494206953035842,0.8117565070755756,3.491068439680589,0.111,0.1007,0.6762635,0.01171696,9.419788648884794,10.806391783000391,2.0099265575408936,0.31216418743133545,0.10147002339363098,0.17677265405654907,1.2314848899705133,0.5114070773124695,5.818721313998587,8.2958091107425,8.482479918522621,True
IND,India,2014,7.307743598354399,3.6540614809437226,6.261732631711503,0.12300000000000001,0.111,0.6839667,0.011519779,9.45228285583783,10.841302467397197,2.032205820083618,0.2838202714920044,0.09270644187927246,0.17368286103010178,1.182904367335258,0.5159932374954224,3.2494206953035842,8.2958091107425,8.482479918522621,True
IND,India,2015,7.772175065162834,4.006955152988239,6.138656829365985,0.135,0.12300000000000001,0.7193668,0.012002038,9.525360291821373,10.903919793714312,2.054732084274292,0.2877975404262543,0.08655112981796265,0.15669933706521988,1.1456732418014148,0.5157233476638794,7.307743598354399,8.2958091107425,8.482479918522621,True
IND,India,2016,7.873383569078207,4.047038292881446,6.0090539079578065,0.149,0.135,0.7537933,0.012757859,9.603082042473002,10.965306362007972,2.077507972717285,0.2761140465736389,0.07991164177656174,0.1393488384783268,1.1168964436459206,0.5073056221008301,7.772175065162834,8.2958091107425,8.482479918522621,True
IND,India,2017,5.940582737253131,2.492935896919336,5.260293499779856,0.165,0.149,0.8391784,0.013879528,9.681815878163784,11.02539690108755,2.100536346435547,0.2784976363182068,0.07284507900476456,0.12499966099858284,1.0904584058506472,0.5175037384033203,7.873383569078207,8.2958091107425,8.482479918522621,True
IND,India,2018,5.145122114549849,1.723608437223665,5.483988954252084,0.182,0.165,0.8597035,0.013132738,9.741221705536315,11.077999836085349,2.1238200664520264,0.3023316264152527,0.07171420007944107,0.13967668637633324,1.0633599535943006,0.5218037366867065,5.940582737253131,8.2958091107425,8.482479918522621,True
IND,India,2019,2.818880434291593,0.2691218718715076,4.021124802825327,0.200813,0.182,0.8555008,0.013217821999999999,9.792672926681814,11.13283972562787,2.1473617553710938,0.2799438536167145,0.07414839416742325,0.13981688767671585,1.0378271778797021,0.5218037366867065,5.145122114549849,8.2958091107425,8.482479918522621,True
IRL,Ireland,1996,3.518423483420108,2.987388209809336,0.7409112933325801,0.0111,0.005580000000000001,0.044140463,0.0,11.486208029414593,12.922780663685925,2.7919647693634033,0.25437232851982117,0.13907209038734436,1.4186698198318481,0.6780380100039674,0.5555878281593323,4.7223381648827,11.04600129146319,11.4231203018741,True
IRL,Ireland,1997,6.752933106178283,5.62183725344414,1.4884386594836485,0.022000000000000002,0.0111,0.08001713,0.0,11.521392264248794,12.930189776619251,2.8047242164611816,0.27004802227020264,0.13143722712993622,1.4179491996765137,0.7613918812646725,0.5568497180938721,3.518423483420108,11.04600129146319,11.4231203018741,True
IRL,Ireland,1998,2.031693287177383,1.6341398271345842,-0.5533707301696111,0.0409,0.022000000000000002,0.1497191,0.0,11.588921595310577,12.945074163214088,2.81754207611084,0.2689741253852844,0.13159100711345673,1.4654867053031921,0.8652546844630349,0.5307186841964722,6.752933106178283,11.04600129146319,11.4231203018741,True
IRL,Ireland,1999,3.6703709338970825,3.169395988640089,-0.014086057439044453,0.081,0.0409,0.25715837,0.0,11.60923852818235,12.939540455912391,2.830418586730957,0.2639191150665283,0.12750528752803802,1.5810661911964417,1.0007829905075871,0.5081962943077087,2.031693287177383,11.04600129146319,11.4231203018741,True
IRL,Ireland,2000,4.570625245671067,3.4761960751564027,1.5716773664317785,0.109,0.081,0.4508171,0.0,11.645942237521322,12.939399595338001,2.843353748321533,0.25817039608955383,0.12023773044347763,1.5866888761520386,1.1766495513838793,0.4962402284145355,3.6703709338970825,11.04600129146319,11.4231203018741,True
IRL,Ireland,2001,2.1499870129794374,0.36193109286654507,2.8396910630146266,0.17850468,0.109,0.6471913,0.0,11.691648489978032,12.955116369002319,2.8563480377197266,0.2380828857421875,0.1199708804488182,1.5636900067329407,1.3742850435995546,0.4827689528465271,4.570625245671067,11.04600129146319,11.4231203018741,True
IRL,Ireland,2002,4.160111840566927,1.9199780632138175,4.153142425022871,0.23138813,0.17850468,0.7688362999999999,0.0,11.713148360107827,12.983513279632465,2.8734323978424072,0.22712460160255432,0.12507475912570953,1.5701220035552979,1.551225883489038,0.47704705595970154,2.1499870129794374,11.04600129146319,11.4231203018741,True
IRL,Ireland,2003,0.9188488464427991,-1.1270812703485982,3.811595395699463,0.2585,0.23138813,0.76366135,0.00269827,11.754749478513496,13.025044703882694,2.8906188011169434,0.21972113847732544,0.12334476411342621,1.483458161354065,1.6968391226081847,0.45196396112442017,4.160111840566927,11.04600129146319,11.4231203018741,True
IRL,Ireland,2004,3.1122213726048287,1.5705793453003782,2.6852333937297246,0.3431,0.2585,0.8765482,0.010468489999999999,11.763937966977924,13.063160657839688,2.9079079627990723,0.2268614023923874,0.11352818459272385,1.349657118320465,1.8275692181738412,0.46076148748397827,0.9188488464427991,11.04600129146319,11.4231203018741,True
IRL,Ireland,2005,0.9349942526117871,-1.0704423035035187,2.3526518759062753,0.3699,0.3431,0.9493210000000001,0.037407184,11.795060180703972,13.090012991776986,2.9253005981445312,0.24655190110206604,0.10815344750881195,1.3762570023536682,1.9421361784541569,0.47111329436302185,3.1122213726048287,11.04600129146319,11.4231203018741,True
IRL,Ireland,2006,0.925681487361274,-1.087508489667527,2.9374507882964807,0.41609999999999997,0.3699,1.0276073,0.077612023,11.80441012323009,13.113539510536048,2.9427971839904785,0.27459192276000977,0.1054317057132721,1.3512689471244812,2.0268878464155593,0.4849099814891815,0.9349942526117871,11.04600129146319,11.4231203018741,True
IRL,Ireland,2007,1.5839387401333838,0.12855695529052913,2.518482217807261,0.5482,0.41609999999999997,1.0987067000000001,0.13158333,11.813666938103703,13.142914018419013,2.9603984355926514,0.31779736280441284,0.11134211719036102,1.2891324162483215,2.135810869711996,0.4894658923149109,0.925681487361274,11.04600129146319,11.4231203018741,True
IRL,Ireland,2008,-3.957306549237316,-6.119764889109873,5.040381985442011,0.61158325,0.5482,1.1313769,0.17269141999999998,11.829506325505037,13.168098840597086,2.978105068206787,0.32302331924438477,0.1096770316362381,1.239531397819519,2.1979867621091165,0.4977989196777344,1.5839387401333838,11.04600129146319,11.4231203018741,True
IRL,Ireland,2009,2.2063405170932526,-2.036912672704569,10.068532136417119,0.6534,0.61158325,1.1253072,0.19867214,11.789933260012663,13.218502660451506,2.995917558670044,0.2971569895744324,0.13094359636306763,1.259286642074585,2.08761918891347,0.5304325819015503,-3.957306549237316,11.04600129146319,11.4231203018741,True
IRL,Ireland,2010,5.134249974908478,4.980098372952349,4.739401566327572,0.6738,0.6534,1.0376608,0.21535827999999999,11.811996665183596,13.319187981815677,3.01383638381958,0.2503891587257385,0.1343185007572174,1.1783726811408997,1.7666013397016123,0.5263997912406921,2.2063405170932526,11.04600129146319,11.4231203018741,True
IRL,Ireland,2011,2.4112510622012806,-0.06856704265872232,2.9871178251347885,0.6984999999999999,0.6738,1.0312331000000001,0.22372145,11.86333916493268,13.366581997478953,3.031862735748291,0.22573263943195343,0.13018740713596344,1.1546129286289215,1.3205116196476796,0.4904232323169708,5.134249974908478,11.04600129146319,11.4231203018741,True
IRL,Ireland,2012,0.7280810740926569,-1.2705286731415812,2.479734856028415,0.7488997999999999,0.6984999999999999,1.071349,0.23381419999999997,11.887451675554694,13.3964531757303,3.04856276512146,0.23141975700855255,0.13347403705120087,1.164981186389923,0.804428319883943,0.46723154187202454,2.4112510622012806,11.04600129146319,11.4231203018741,True
IRL,Ireland,2013,-1.316510377047031,-1.2783605481649196,-1.1998699923712053,0.7691998999999999,0.7488997999999999,1.0898983,0.24175001000000002,11.89473248629562,13.421250524290585,3.065354585647583,0.28528520464897156,0.1261814832687378,1.0961978435516357,0.37161553806674963,0.4586302936077118,0.7280810740926569,11.04600129146319,11.4231203018741,True
IRL,Ireland,2014,6.106859009777921,5.001054894657152,0.06480338493730642,0.782477,0.7691998999999999,1.0553780000000001,0.25714437,11.88156738252515,13.409251824366873,3.0822391510009766,0.26336559653282166,0.12691915035247803,1.076581984758377,0.1566413507299247,0.4505717158317566,-1.316510377047031,11.04600129146319,11.4231203018741,True
IRL,Ireland,2016,-1.4739832888890803,-7.330164230293478,5.26273114647875,0.8349479,0.8349172,1.04242905,0.27846266,12.135584675608303,13.430219873865742,3.1162874698638916,0.3428765535354614,0.09677061438560486,0.9139988720417023,0.551359483265057,0.32879337668418884,19.294870298537425,11.04600129146319,11.4231203018741,True
IRL,Ireland,2017,5.638763079397258,1.2026938149007724,3.718001138266658,0.835,0.8349479,1.0255839,0.2861477,12.120844842719412,13.48284718533053,3.1334524154663086,0.4771064519882202,0.09494242817163467,0.8981992900371552,0.9275431050646432,0.33982375264167786,-1.4739832888890803,11.04600129146319,11.4231203018741,True
IRL,Ireland,2018,4.927583267212832,2.8396097555241635,1.6380072083050479,0.8411400600000001,0.835,1.01842125,0.29079462,12.177232473513385,13.520027196713196,3.150712013244629,0.439055860042572,0.0920182466506958,0.8667572140693665,1.2170675588089708,0.32740265130996704,5.638763079397258,11.04600129146319,11.4231203018741,True
IRL,Ireland,2019,2.411465688501657,-5.681114495411188,8.382502428396066,0.8700014,0.8411400600000001,1.02030495,0.29351330000000003,12.226508306185513,13.536407268796246,3.1680667400360107,0.3731684684753418,0.09205600619316101,0.943264365196228,1.3667411212440417,0.31683632731437683,4.927583267212832,11.04600129146319,11.4231203018741,True
IRN,Iran (Islamic Republic of),1996,4.83005161945087,4.728361243249875,-0.9096230280922768,4.18e-05,4.08e-06,0.00026156837,0.0,10.525075522734506,12.422676195038559,1.5522303581237793,0.2056347131729126,0.2250155359506607,0.1769203543663025,1.3964450683447538,0.37251976132392883,-0.1358101551687696,9.92683786332106,10.564740058609395,True
IRN,Iran (Islamic Republic of),1997,-1.5935152294883181,-1.8580167087710056,-1.204504432196174,0.00015800000000000002,4.18e-05,0.0009735159,0.0,10.573376038929014,12.413579964757636,1.581670880317688,0.28676316142082214,0.23390734195709229,0.1409359686076641,1.3775434263359365,0.36448195576667786,4.83005161945087,9.92683786332106,10.564740058609395,True
IRN,Iran (Islamic Republic of),1998,-1.7327103706993086,-2.301649532985507,-1.333479554116046,0.000468,0.00015800000000000002,0.0038242631999999997,0.0,10.557440886634131,12.401534920435674,1.611669659614563,0.27518680691719055,0.23337814211845398,0.11209476366639137,1.3416190003336048,0.3831850290298462,-1.5935152294883181,9.92683786332106,10.564740058609395,True
IRN,Iran (Islamic Republic of),1999,-0.5724181396619343,-0.9909750080960678,-1.2672757134875923,0.000998,0.000468,0.0061450565,0.0,10.540113782927138,12.388200124894514,1.6422375440597534,0.2806362211704254,0.2512027621269226,0.0824674591422081,1.314685246263192,0.40969613194465637,-1.7327103706993086,9.92683786332106,10.564740058609395,True
IRN,Iran (Islamic Republic of),2000,0.0749984975211504,-0.5044579771035229,-1.1772391762411516,0.00379,0.000998,0.007607289000000001,0.0,10.534389601530519,12.375527367759638,1.6733851432800293,0.28134894371032715,0.22236105799674988,0.06992823258042336,1.2876259509178034,0.37334153056144714,-0.5724181396619343,9.92683786332106,10.564740058609395,True
IRN,Iran (Islamic Republic of),2001,-2.079198214704192,-3.825653807104911,-0.023266680261180284,0.0093419003,0.00379,0.01449284,2.6498578e-06,10.53513958650573,12.363754975997226,1.7051235437393188,0.2671789526939392,0.23524487018585205,0.0628775805234909,1.2613232341585956,0.3574844002723694,0.0749984975211504,9.92683786332106,10.564740058609395,True
IRN,Iran (Islamic Republic of),2002,3.697427405971254,2.224787696830346,-0.03394101938312133,0.014842213,0.0093419003,0.030945752,9.799559999999999e-06,10.514347604358688,12.363522309194614,1.7437410354614258,0.2799123525619507,0.2266513705253601,0.04754805937409401,1.2504005784293781,0.3626139163970947,-2.079198214704192,9.92683786332106,10.564740058609395,True
IRN,Iran (Islamic Republic of),2003,1.864891065892138,1.7874564883311432,-2.276210789618638,0.04626175,0.014842213,0.033511229999999996,0.00023776926,10.5513218784184,12.363182899000783,1.782196044921875,0.3027655780315399,0.2109932005405426,0.18104171752929688,1.2497875670778313,0.3175230622291565,3.697427405971254,9.92683786332106,10.564740058609395,True
IRN,Iran (Islamic Republic of),2004,-2.7235034716360573,-3.479669374590229,-2.0329046848573284,0.06933722,0.04626175,0.0501659,0.0002719235,10.569970789077322,12.340420791104597,1.821498990058899,0.3322249948978424,0.21390995383262634,0.1885116994380951,1.2379687325828392,0.3029019236564636,1.864891065892138,9.92683786332106,10.564740058609395,True
IRN,Iran (Islamic Republic of),2005,0.7864169173206648,-2.0559411149716005,1.4255829671567355,0.07490000000000001,0.06933722,0.07224515000000001,,10.542735754360962,12.320091744256024,1.8616688251495361,0.3219904899597168,0.21376463770866394,0.20444490760564804,1.2086198111513902,0.2861379086971283,-2.7235034716360573,9.92683786332106,10.564740058609395,True
IRN,Iran (Islamic Republic of),2006,3.88112471966906,1.1779475282234646,2.2235940587727043,0.081,0.07490000000000001,0.11848387,,10.550599923534168,12.334347573927591,1.9027243852615356,0.2802044153213501,0.205184206366539,0.21112947165966034,1.1694240209866535,0.2779528796672821,0.7864169173206648,9.92683786332106,10.564740058609395,True
IRN,Iran (Islamic Republic of),2007,7.327144576769129,3.8327186656078713,3.405980808691389,0.0876,0.081,0.20962955,0.0013625325,10.589411170730859,12.356583514515318,1.9446853399276733,0.275195449590683,0.21213465929031372,0.1925484761595726,1.129472294555267,0.27935031056404114,3.88112471966906,9.92683786332106,10.564740058609395,True
IRN,Iran (Islamic Republic of),2008,3.293564754866729,-2.8546265857623783,7.465902318898898,0.0947,0.0876,0.3990475,0.00268087,10.66268261649855,12.390643322602232,1.9875718355178833,0.27321764826774597,0.18531134724617004,0.19214028120040894,1.1018621537642659,0.2526026964187622,7.327144576769129,9.92683786332106,10.564740058609395,True
IRN,Iran (Islamic Republic of),2009,-0.08404675922530913,-2.483535334627165,3.0381269966056834,0.1202,0.0947,0.5694292999999999,0.0039727625,10.695618264047217,12.46530234579122,2.0314040184020996,0.3057156801223755,0.19676683843135834,0.22717425972223282,1.093200579072473,0.2630171775817871,3.293564754866729,9.92683786332106,10.564740058609395,True
IRN,Iran (Islamic Republic of),2010,7.535699801239204,2.415259891754194,5.911383548450644,0.138,0.1202,0.6873724,0.005231642,10.694777796454964,12.495683615757278,2.076202869415283,0.3065808415412903,0.19987507164478302,0.17024113982915878,1.108950734744596,0.2966046631336212,-0.08404675922530913,9.92683786332106,10.564740058609395,True
IRN,Iran (Islamic Republic of),2011,0.8732814094129182,-1.7029466929973451,2.2649391112734563,0.159,0.138,0.6981552000000001,0.012755597,10.770134794467356,12.554797451241784,2.1219894886016846,0.3167933523654938,0.1946023553609848,0.17625199258327484,1.1421449388549831,0.2878257632255554,7.535699801239204,9.92683786332106,10.564740058609395,True
IRN,Iran (Islamic Republic of),2012,-7.985688901951882,-9.59085189180544,2.0061321098909346,0.19,0.159,0.7149838,0.02704275,10.778867608561486,12.577446842354519,2.1626949310302734,0.2873072922229767,0.19142957031726837,0.2320832908153534,1.1758259981121455,0.2729772627353668,0.8732814094129182,9.92683786332106,10.564740058609395,True
IRN,Iran (Islamic Republic of),2013,-3.0414122419065492,-2.332349356601572,-1.1772306843942815,0.2273,0.19,0.7327342,0.0479232,10.699010719541967,12.597508163453428,2.204181432723999,0.28406935930252075,0.20064882934093475,0.17953672260046005,1.205171229678026,0.29113414883613586,-7.985688901951882,9.92683786332106,10.564740058609395,True
IRN,Iran (Islamic Republic of),2014,4.400535587793897,2.675998438836988,1.9144967643681454,0.2995,0.2273,0.8113719,0.064181757,10.668596597122901,12.585735856609485,2.2464635372161865,0.26736772060394287,0.2041042149066925,0.137969221919775,1.2394206860189882,0.2852790355682373,-3.0414122419065492,9.92683786332106,10.564740058609395,True
IRN,Iran (Islamic Republic of),2015,-4.565408039911212,-3.77494487988214,-2.04286459630012,0.39353615,0.2995,0.8452689999999999,0.07539958000000001,10.71260195300084,12.604880824253167,2.2895567417144775,0.29605284333229065,0.20602868497371674,0.14131004735827446,1.278125226693927,0.3125380277633667,4.400535587793897,9.92683786332106,10.564740058609395,True
IRN,Iran (Islamic Republic of),2016,9.500522435778258,10.430536436946038,-2.0739665861990275,0.45334976,0.39353615,0.8983222999999999,0.079989266,10.666947872601728,12.584452178290165,2.3334765434265137,0.28009769320487976,0.20571619272232056,0.16527053713798523,1.3163286524229711,0.3609263300895691,-4.565408039911212,9.92683786332106,10.564740058609395,True
IRN,Iran (Islamic Republic of),2017,0.1258080358207181,1.308084270424176,-2.451044413572312,0.53226772,0.45334976,0.960722,0.09078101999999999,10.76195309695951,12.563712512428175,2.3782389163970947,0.2662248909473419,0.22171735763549805,0.21109145134687424,1.3562143093348134,0.35581910610198975,9.500522435778258,9.92683786332106,10.564740058609395,True
IRN,Iran (Islamic Republic of),2018,-6.913689828659209,-7.229436286604931,-0.3969504553541725,0.64043976,0.53226772,1.0237595,0.10114404,10.763211177317718,12.539202068292452,2.4238600730895996,0.2891743779182434,0.21164649724960327,0.24826063960790634,1.385330117575112,0.35581910610198975,0.1258080358207181,9.92683786332106,10.564740058609395,True
IRN,Iran (Islamic Republic of),2019,-7.9511197412058365,-7.917015904518658,-0.3552330416772165,0.7020056,0.64043976,1.0302428000000001,0.11387574,10.694074279031126,12.53523256373891,2.4703562259674072,0.32891157269477844,0.19480547308921814,0.2103683315217495,1.386464972949497,0.35581910610198975,-6.913689828659209,9.92683786332106,10.564740058609395,True
IRQ,Iraq,2005,-1.0276072210096743,-9.757770946596214,7.239782208013601,0.009000000000000001,0.006,0.020813785,0.0,10.57108575373357,11.170423206665355,2.025510549545288,0.23961244523525238,0.4230187237262726,0.4031876027584076,2.5765875827581386,0.23334398865699768,40.32944526274047,9.607036367719001,9.874994614108752,True
IRQ,Iraq,2006,3.432972021269798,-5.273249952202047,8.105037361119827,0.009000000000000001,0.009000000000000001,0.05396472,0.0,10.560809681523473,11.24282102874549,2.0584664344787598,0.2939012050628662,0.3231651484966278,0.40772075951099396,2.285938465358983,0.2152620404958725,-1.0276072210096743,9.607036367719001,9.874994614108752,True
IRQ,Iraq,2007,0.1141376418429374,1.349096485241208,-1.3632125542368811,0.0095234424,0.009000000000000001,0.32657265,9.085663e-07,10.595139401736171,11.323871402356689,2.081059455871582,0.215719074010849,0.22240319848060608,0.47416459023952484,1.934347801963776,0.23135659098625183,3.432972021269798,9.607036367719001,9.874994614108752,True
IRQ,Iraq,2008,5.9168926576075975,0.9913417491648757,5.773539365477909,0.009300000000000001,0.0095234424,0.49385128,3.4517242e-06,10.5962807781546,11.31023927681432,2.10390043258667,0.10024938732385635,0.25741371512413025,0.5033896937966347,1.6731938525109236,0.24082258343696594,0.1141376418429374,9.607036367719001,9.874994614108752,True
IRQ,Iraq,2009,1.394698302654085,0.7590181753174496,1.438149184218318,0.01,0.009300000000000001,0.60505257,1.8639305e-06,10.655449704730676,11.3679746704691,2.1269919872283936,0.1623312383890152,0.22804716229438782,0.4983797147870064,1.685735605964167,0.2572106719017029,5.9168926576075975,9.607036367719001,9.874994614108752,True
IRQ,Iraq,2010,3.4878785224224274,-0.6841194545583753,5.674765858599606,0.0106,0.01,0.669264,4.025523e-06,10.669396687757217,11.382356162311282,2.1503372192382812,0.11190159618854523,0.2707071006298065,0.4537076950073242,2.048283545493357,0.3218880593776703,1.394698302654085,9.607036367719001,9.874994614108752,True
IRQ,Iraq,2011,2.7952205752447057,-0.35597705261641854,3.974231266883166,0.025,0.0106,0.7493681,0.00010040145000000001,10.704275472981442,11.439103820897278,2.173938512802124,0.15544801950454712,0.244704470038414,0.4140601009130478,2.6189428107513457,0.296306312084198,3.4878785224224274,9.607036367719001,9.874994614108752,True
IRQ,Iraq,2012,8.169036322514245,5.873983299170632,2.8968456591845992,0.05,0.025,0.7934661,,10.732227678733889,11.47884613356611,2.186422109603882,0.1533282995223999,0.24207916855812073,0.42094704508781433,3.252703811374724,0.296306312084198,2.7952205752447057,9.607036367719001,9.874994614108752,True
IRQ,Iraq,2013,2.1328552363433673,-2.742157017121183,5.982775893061287,0.071,0.05,0.7950119,,10.813918041959031,11.507814590157956,2.19897723197937,0.1199103370308876,0.2427617609500885,0.43548136204481125,3.7206406517391155,0.296306312084198,8.169036322514245,9.607036367719001,9.874994614108752,True
IRQ,Iraq,2014,-4.851722779778633,-9.177553349708836,5.217594369330492,0.092,0.071,0.91973274,,10.835246594322465,11.567642349088569,2.211604595184326,0.17544354498386383,0.24868598580360413,0.40427685528993607,3.896253774651459,0.296306312084198,2.1328552363433673,9.607036367719001,9.874994614108752,True
IRQ,Iraq,2015,0.3506906621925765,-5.165748265289111,7.172908661347144,0.11645327,0.092,0.9028713,,10.786729366524678,11.619818292781874,2.224304437637329,0.18806242942810059,0.2186993956565857,0.3682723194360733,3.7148553132062556,0.296306312084198,-4.851722779778633,9.607036367719001,9.874994614108752,True
IRQ,Iraq,2016,9.696844239174496,9.089278797484894,1.2552440812306997,0.152144,0.11645327,0.89346436,,10.790236273146604,11.691547379395345,2.237076997756958,0.18942542374134064,0.19377560913562775,0.45396551489830017,3.3162231905806028,0.296306312084198,0.3506906621925765,9.607036367719001,9.874994614108752,True
IRQ,Iraq,2017,-1.2111349934260218,-5.55560904418712,6.563388107247015,0.19877199999999998,0.152144,0.8694392000000001,,10.88720471553835,11.704099820207652,2.2499232292175293,0.16500747203826904,0.18162836134433746,0.40506337583065033,2.877254128401807,0.296306312084198,9.696844239174496,9.607036367719001,9.874994614108752,True
IRQ,Iraq,2018,-2.80053382569605,-2.0672945240234606,-0.9850681424737218,0.25969200000000003,0.19877199999999998,0.84946465,0.10910523,10.875093365604089,11.769733701280122,2.262843132019043,0.1828446388244629,0.1585637331008911,0.42054256796836853,2.5408746693384554,0.296306312084198,-1.2111349934260218,9.607036367719001,9.874994614108752,True
IRQ,Iraq,2019,1.1151599193041761,0.8218205431891621,0.7470231196627708,0.339281,0.25969200000000003,0.9071597,0.11156732999999999,10.847088027347128,11.759883019855385,2.275836944580078,0.129148930311203,0.1629137098789215,0.5311003178358078,2.3184640284932723,0.296306312084198,-2.80053382569605,9.607036367719001,9.874994614108752,True
ISL,Iceland,1996,3.9333109156405754,2.0014247741244633,1.575139734923603,0.11199999999999999,0.0679,0.1153724,0.0,10.901055778191623,12.978076204320763,2.727112054824829,0.24038180708885193,0.1826874017715454,0.8060170710086823,0.9351247927413153,0.634732723236084,-3.210471238575785,11.002014359386502,10.910692040663744,True
ISL,Iceland,1997,5.476891459220923,-1.4091862710330445,2.4168630690022397,0.14800000000000002,0.11199999999999999,0.17390837,0.0,10.940388887348028,12.993827601669999,2.746340274810791,0.2714134454727173,0.17550428211688995,0.8871138095855713,0.9375667205140603,0.6639745831489563,3.9333109156405754,11.002014359386502,10.910692040663744,True
ISL,Iceland,1998,2.9106667162544397,0.9483310553779989,-0.7547263119425551,0.275,0.14800000000000002,0.24089388,0.0,10.995157801940238,13.017996232360021,2.7657041549682617,0.26773789525032043,0.18079325556755066,0.818820059299469,0.9427932317201071,0.5983859896659851,5.476891459220923,11.002014359386502,10.910692040663744,True
ISL,Iceland,1999,0.6561971576170222,0.2811591298390731,-0.6936522103428544,0.363,0.275,0.3801885,0.0,11.024264469102782,13.010448969240596,2.7852046489715576,0.31911230087280273,0.18683716654777527,0.9061867296695709,0.9441589831661767,0.6139759421348572,2.9106667162544397,11.002014359386502,10.910692040663744,True
ISL,Iceland,2000,3.2241134101280267,-0.6584980020547387,1.4080845948377885,0.413,0.363,0.6217501,0.00029175943,11.030826440678952,13.003512447137167,2.804842472076416,0.2839668095111847,0.1878363937139511,0.8349409699440002,0.9306495981330265,0.6455586552619934,0.6561971576170222,11.002014359386502,10.910692040663744,True
ISL,Iceland,2001,2.6279565797734605,0.7403298597851993,1.1986652522082863,0.44470535,0.413,0.76399315,0.008383106,11.063067574780233,13.017593293085545,2.8246188163757324,0.3220481872558594,0.19754528999328613,0.9170390665531158,0.9188590633898652,0.6484634876251221,3.2241134101280267,11.002014359386502,10.910692040663744,True
ISL,Iceland,2002,2.175805187062707,1.6532538397873027,2.973499027839921,0.49392994,0.44470535,0.8704732,0.03656864,11.089347140577967,13.029579945607628,2.8474743366241455,0.2871094048023224,0.2014402449131012,0.8656096458435059,0.8776252672932028,0.6155073642730713,2.6279565797734605,11.002014359386502,10.910692040663744,True
ISL,Iceland,2003,1.8927069911280014,1.942581995281778,1.4557118377299005,0.7912,0.49392994,0.9055343,0.08438599,11.111105192448594,13.059314935886027,2.8705148696899414,0.2512584924697876,0.21109338104724884,0.8854486644268036,0.8524678715323697,0.6116127371788025,2.175805187062707,11.002014359386502,10.910692040663744,True
ISL,Iceland,2004,8.035379424520173,5.646498094865454,3.24762680420001,0.8314,0.7912,0.96569466,0.1435438,11.130032262359874,13.073872054263326,2.8937418460845947,0.291475772857666,0.2054450809955597,0.9244074821472168,0.915089913642464,0.6362866163253784,1.8927069911280014,11.002014359386502,10.910692040663744,True
ISL,Iceland,2005,3.121478246097986,1.1072158148050848,1.4015836302009532,0.8388,0.8314,0.9928123499999999,0.19086279,11.210386056605076,13.106348322305326,2.917156457901001,0.3576968312263489,0.19739392399787903,1.0523832142353058,1.088679206080445,0.6331844925880432,8.035379424520173,11.002014359386502,10.910692040663744,True
ISL,Iceland,2006,0.8507104314464442,-0.5612070981264483,1.2633928068218836,0.87,0.8388,0.9537587000000001,0.26283041,11.241600839066056,13.120364158607336,2.940760850906372,0.4654816687107086,0.1966085284948349,1.1865492463111877,1.322357572561561,0.6626365184783936,3.121478246097986,11.002014359386502,10.910692040663744,True
ISL,Iceland,2007,5.292584804885081,5.337003305748642,0.42662489869531584,0.8951,0.87,0.9935763,0.28873152,11.25010794338052,13.132998086675554,2.962820529937744,0.5487379431724548,0.20871879160404205,1.3403481245040894,1.5944538130842956,0.6793599128723145,0.8507104314464442,11.002014359386502,10.910692040663744,True
ISL,Iceland,2008,1.2034170557139845,0.09151913742863893,1.6560566757462425,0.9059999999999999,0.8951,1.04635635,0.32095516,11.303033791429371,13.137264335662508,2.9850454330444336,0.40071067214012146,0.21231327950954437,1.3849925994873047,1.8062891183269203,0.6701656579971313,5.292584804885081,11.002014359386502,10.910692040663744,True
ISL,Iceland,2009,0.07105624216396933,0.35134828493990217,6.224778988906898,0.91,0.9059999999999999,1.0611249,0.3338971,11.31506796198651,13.15382490241997,3.007437229156494,0.30970266461372375,0.21249820291996002,1.0474639236927032,1.841818576379417,0.5893441438674927,1.2034170557139845,11.002014359386502,10.910692040663744,True
ISL,Iceland,2010,-3.7023453624524194,-3.036697524168831,-1.4645637788806454,0.93,0.91,1.0662341,0.33605766000000004,11.31577852440815,13.216072692309039,3.029996871948242,0.18657760322093964,0.24130044877529144,0.870715856552124,1.660861443018491,0.5111373066902161,0.07105624216396933,11.002014359386502,10.910692040663744,True
ISL,Iceland,2011,0.09521813071327045,0.31048256952306147,-2.4907657465433886,0.9339,0.93,1.0720365,0.3432634,11.278755070783626,13.201427054520233,3.0527257919311523,0.1513770967721939,0.24047523736953735,1.0320948362350464,1.3407073966601901,0.5255469679832458,-3.7023453624524194,11.002014359386502,10.910692040663744,True
ISL,Iceland,2012,-0.7120547386815446,0.3999698493643414,-2.4685468699551905,0.9481968999999999,0.9339,1.0781733,0.34964294,11.279707252090759,13.176519397054799,3.076369285583496,0.156818687915802,0.2540741264820099,1.1542189121246338,0.97732689282648,0.5495915412902832,0.09521813071327045,11.002014359386502,10.910692040663744,True
ISL,Iceland,2013,2.1746482611504803,2.6530640043097535,-2.234399556820321,0.962098,0.9481968999999999,1.0974719,0.35350845,11.272586704703944,13.151833928355247,3.100452423095703,0.1803557425737381,0.23995091021060944,1.1155325770378113,0.6710586768354121,0.5612286925315857,-0.7120547386815446,11.002014359386502,10.910692040663744,True
ISL,Iceland,2014,0.3333511931842281,0.8879176071892508,-1.545563120101967,0.965468,0.962098,1.0999706999999999,0.36268120000000004,11.294333187315448,13.129489932787044,3.1249852180480957,0.1760847568511963,0.24619747698307037,1.1020152568817139,0.4702546351369019,0.5700069665908813,2.1746482611504803,11.002014359386502,10.910692040663744,True
ISL,Iceland,2015,2.3292702254726905,2.036919626451035,-1.4060232694227182,0.9815801999999999,0.965468,1.1298731,0.36532097,11.29766669924729,13.114034301586024,3.149977922439575,0.2056119590997696,0.24582123756408691,1.1055892705917358,0.4291073266715406,0.5736916661262512,0.3333511931842281,11.002014359386502,10.910692040663744,True
ISL,Iceland,2016,2.7910830267643405,3.0647947923480396,-2.1305878912391663,0.982,0.9815801999999999,1.1600443,0.3759941,11.320959401502018,13.099974068891797,3.1754417419433594,0.23798564076423645,0.23527595400810242,1.0768294930458069,0.5005800959543283,0.5753163695335388,2.3292702254726905,11.002014359386502,10.910692040663744,True
ISL,Iceland,2017,2.002125753670292,1.6742731208946637,-0.6580233334151586,0.9823999999999999,0.982,1.1967941,0.38150449999999997,11.348870231769661,13.078668189979405,3.201387643814087,0.27892372012138367,0.2365793138742447,1.0445398390293121,0.5926511310672344,0.5942323803901672,2.7910830267643405,11.002014359386502,10.910692040663744,True
ISL,Iceland,2018,2.837242422826769,2.4771555099448728,0.6419817637581815,0.982552,0.9823999999999999,1.1679616,0.39188313,11.368891489306364,13.072087956645253,3.2278268337249756,0.3068128526210785,0.24285872280597687,1.1538545191287994,0.65616895522147,0.6275500059127808,2.002125753670292,11.002014359386502,10.910692040663744,True
ISL,Iceland,2019,2.8897933593178493,1.5072712456028043,2.1334094132905435,0.9901095599999999,0.982552,1.1658108,0.39106544,11.397263913534632,13.078507774282835,3.2547712326049805,0.2979261875152588,0.2481532245874405,1.2131127417087555,0.6913987483196715,0.6418328285217285,2.837242422826769,11.002014359386502,10.910692040663744,True
ISR,Israel,1996,1.0174824678323091,-1.1921699759256401,2.2993608168555113,0.009300000000000001,0.00577,0.08130637,0.0,11.054397032593478,12.418451761159739,3.226430892944336,0.3520823121070862,0.24112051725387573,0.6103152632713318,3.1956250031868194,0.582946240901947,3.662629807524631,11.031693531687875,11.022835584095123,True
ISR,Israel,1997,1.4907283441838004,-0.4976506921379936,3.0531575243239573,0.0217,0.009300000000000001,0.18665178000000002,0.0,11.064571857271801,12.441445369328294,3.24387788772583,0.3598271608352661,0.2244044691324234,0.6157964468002319,2.8589734957890967,0.582946240901947,1.0174824678323091,11.031693531687875,11.022835584095123,True
ISR,Israel,1998,1.8192477282365616,1.0428356267572227,2.3178036995885165,0.044000000000000004,0.0217,0.29119965000000003,0.0,11.079479140713639,12.471976944571534,3.2614188194274902,0.3387199938297272,0.23415808379650116,0.6135542094707489,2.589655472040664,0.582946240901947,1.4907283441838004,11.031693531687875,11.022835584095123,True
ISR,Israel,1999,0.7424019314639096,-0.7099876378771547,1.3938007316530943,0.10300000000000001,0.044000000000000004,0.365789,0.0,11.097671617996005,12.495154981567419,3.279054880142212,0.30947816371917725,0.241144597530365,0.5926005244255066,2.356261146199623,0.582946240901947,1.8192477282365616,11.031693531687875,11.022835584095123,True
ISR,Israel,2000,5.049083251934405,3.864323290804373,0.5484091924707002,0.134,0.10300000000000001,0.48047344000000003,0.0,11.105095637310644,12.50909298888395,3.296786069869995,0.3122437298297882,0.2488345205783844,0.6237733364105225,2.18102477986577,0.582946240901947,0.7424019314639096,11.031693531687875,11.022835584095123,True
ISR,Israel,2001,-0.5467390744986034,-0.915053020586068,2.605089194238097,0.2087379,0.134,0.7199907,0.0,11.155586469829988,12.514577080808657,3.3146133422851562,0.29863572120666504,0.2378881871700287,0.70013627409935,2.0561444880983215,0.582946240901947,5.049083251934405,11.031693531687875,11.022835584095123,True
ISR,Israel,2002,-0.8498981216789048,-2.335697384983445,1.9004953720919815,0.17378623999999998,0.2087379,0.878696,0.0070072085,11.150119079085002,12.540627972751038,3.3258748054504395,0.2933354377746582,0.24968451261520386,0.6499465107917786,1.9111029488884768,0.5987854599952698,-0.5467390744986034,11.031693531687875,11.022835584095123,True
ISR,Israel,2003,0.10409388839871525,0.11098895412330334,1.0055540265845764,0.17764599,0.17378623999999998,0.9862685999999999,0.03626693,11.141620097868213,12.559632926471958,3.3371741771698,0.271602064371109,0.26545074582099915,0.6418276727199554,1.776614148418565,0.5851585865020752,-0.8498981216789048,11.031693531687875,11.022835584095123,True
ISR,Israel,2004,3.336997098920591,3.539587638730705,0.5396230378895694,0.19593392999999998,0.17764599,1.0177688,0.09735776,11.1426610367522,12.569688466737803,3.3485121726989746,0.2515498995780945,0.2543945610523224,0.660735547542572,1.7523543258653795,0.5713509917259216,0.10409388839871525,11.031693531687875,11.022835584095123,True
ISR,Israel,2005,0.5690539163117236,1.1128948075322835,-1.5159898678545503,0.22770485000000001,0.19593392999999998,1.09173996,0.1481462,11.176031007741406,12.575084697116699,3.359888792037964,0.2451562136411667,0.23662762343883514,0.7488584816455841,1.8642124711690355,0.561098039150238,3.336997098920591,11.031693531687875,11.022835584095123,True
ISR,Israel,2006,2.477763534027666,2.4581173012909376,-0.8617068776072045,0.25194,0.22770485000000001,1.15290764,0.18275687999999998,11.181721546904523,12.559924798438153,3.3713037967681885,0.24974597990512848,0.23187710344791412,0.8235107958316803,2.05740000308976,0.5649355053901672,0.5690539163117236,11.031693531687875,11.022835584095123,True
ISR,Israel,2007,1.0882338449237139,0.6512449952794733,-2.131043508390107,0.278811,0.25194,1.2278968000000001,0.20762615,11.2064991822448,12.551307729662081,3.404242753982544,0.2490474283695221,0.23025108873844147,0.8437168896198273,2.288618778318563,0.569498598575592,2.477763534027666,11.031693531687875,11.022835584095123,True
ISR,Israel,2008,-0.9072298555398817,-1.0479094719415019,-1.504105029295566,0.48128063,0.278811,1.278572,0.21953462999999998,11.217381520694037,12.52999729457818,3.4375033378601074,0.24796679615974426,0.2297183871269226,0.8896725475788116,2.461785060373023,0.5703352689743042,1.0882338449237139,11.031693531687875,11.022835584095123,True
ISR,Israel,2009,-1.4928296481146575,-2.0923701750383126,-0.2602105182639036,0.5939,0.48128063,1.26817474,0.23776512,11.208309222138638,12.514956244285225,3.4710888862609863,0.24887800216674805,0.23448370397090912,0.9503479897975922,2.505110637904262,0.5754884481430054,-0.9072298555398817,11.031693531687875,11.022835584095123,True
ISR,Israel,2010,2.1849250444052615,1.9551939214147933,-0.6261550760768841,0.6312,0.5939,1.25199554,0.23910309999999999,11.193380925657491,12.512354139102586,3.505002737045288,0.21460430324077606,0.2294553965330124,0.6883397996425629,2.381360124540377,0.5514997243881226,-1.4928296481146575,11.031693531687875,11.022835584095123,True
ISR,Israel,2011,1.839009715146922,1.1664883843626235,0.3305672440362173,0.675,0.6312,1.2418330400000002,0.24016131999999998,11.215230176101544,12.506092588341817,3.539247989654541,0.22061121463775635,0.23204545676708221,0.8121610879898071,2.1520758356103897,0.5541512370109558,2.1849250444052615,11.031693531687875,11.022835584095123,True
ISR,Israel,2012,-1.4176105850989273,-1.1531493686447531,-0.48078402895566086,0.6887388,0.675,1.2314243999999999,0.25150891999999997,11.233620273253013,12.509398260782179,3.5750460624694824,0.24011997878551483,0.23736326396465302,0.8806724548339844,1.8964880776059845,0.5530478954315186,1.839009715146922,11.031693531687875,11.022835584095123,True
ISR,Israel,2013,1.787684999292516,1.0682921358384188,0.8714235229032141,0.708,0.6887388,1.2125745,0.2546078,11.219444167402024,12.504590420492622,3.6116275787353516,0.2465251088142395,0.23098944127559662,0.812553197145462,1.6932143334680294,0.5499452352523804,-1.4176105850989273,11.031693531687875,11.022835584095123,True
ISR,Israel,2014,1.1176206749505369,0.7669478025843052,0.4623823942676353,0.7025030999999999,0.708,1.2259047,0.25847233,11.23732101739495,12.513304655721655,3.6490142345428467,0.2659696638584137,0.22628703713417053,0.771492213010788,1.5621244920475341,0.5402101874351501,1.787684999292516,11.031693531687875,11.022835584095123,True
ISR,Israel,2015,0.09289687364226751,-0.7590397639403452,0.6571817768296739,0.7501775,0.7025030999999999,1.2029612,0.2698432,11.248497224144455,12.51792847966433,3.687227964401245,0.2712192237377167,0.2290528267621994,0.759254664182663,1.5315147827883457,0.5382399559020996,1.1176206749505369,11.031693531687875,11.022835584095123,True
ISR,Israel,2016,1.5124092229291008,-0.4000622825786282,1.132798240778321,0.7735209000000001,0.7501775,1.3125693,0.26984041000000003,11.249426192880877,12.524500297432628,3.726292371749878,0.24932217597961426,0.22632013261318207,0.6828501522541046,1.569909477216802,0.536849856376648,0.09289687364226751,11.031693531687875,11.022835584095123,True
ISR,Israel,2017,0.98699699821303,-0.14894831255958307,1.0170193691362073,0.7965312,0.7735209000000001,1.2874536,0.27503029,11.264550285110168,12.53582827984041,3.766230583190918,0.25626975297927856,0.22382846474647522,0.6408904492855072,1.6223535665055078,0.538657546043396,1.5124092229291008,11.031693531687875,11.022835584095123,True
ISR,Israel,2018,1.4999011396719553,0.1974777282517953,1.6967009921303955,0.81581184,0.7965312,1.2604946,0.28008333,11.274420255092299,12.545998473531773,3.807067632675171,0.26025667786598206,0.23043687641620636,0.649723082780838,1.6494519042424827,0.5468494296073914,0.98699699821303,11.031693531687875,11.022835584095123,True
ISR,Israel,2019,1.7195283902861291,0.6387738404732013,1.608302718334187,0.83733154,0.81581184,1.2573344,0.2861317,11.289419266489018,12.562965483453077,3.8488285541534424,0.26648715138435364,0.2419724017381668,0.6760083734989166,1.6561579846937402,0.5529853105545044,1.4999011396719553,11.031693531687875,11.022835584095123,True
ITA,Italy,1996,0.8674491271767337,-0.6511310211776367,1.3577678846711905,0.00524,0.00192,0.068963547,0.0,11.485316969881032,13.386240204819897,2.661555290222168,0.2868734896183014,0.11771199852228165,0.41966119408607483,-0.06842678943508318,0.5254091024398804,3.0590110643712976,11.210337242059513,11.42802809348141,True
ITA,Italy,1997,1.827666575393927,0.5732238007535889,1.720437934507224,0.0102,0.00524,0.11286671999999999,0.0,11.493991461152799,13.399817883666609,2.683215379714966,0.27236422896385193,0.11316781491041183,0.4429406374692917,-0.1911473809509623,0.5274118781089783,0.8674491271767337,11.210337242059513,11.42802809348141,True
ITA,Italy,1998,1.0914053585707961,-0.4862085657077436,1.0687223334901574,0.022799999999999997,0.0102,0.20619656,0.0,11.512268126906738,13.417022263011681,2.705052137374878,0.2608570158481598,0.11595968157052994,0.4313535839319229,-0.28356009032899365,0.5332438945770264,1.827666575393927,11.210337242059513,11.42802809348141,True
ITA,Italy,1999,0.6973531340493722,-0.36400169033156266,0.9184440092134594,0.045599999999999995,0.022799999999999997,0.35984287000000004,0.0,11.523182180492446,13.427709486346583,2.7270662784576416,0.24922633171081543,0.12307939678430557,0.4435279816389084,-0.28312398363121716,0.5080222487449646,1.0914053585707961,11.210337242059513,11.42802809348141,True
ITA,Italy,2000,1.7540622886494717,1.527164629107379,0.07624936513614955,0.14400000000000002,0.045599999999999995,0.5320215,0.0,11.53015571183294,13.436893926438717,2.7492597103118896,0.24908725917339325,0.1241326704621315,0.4312005341053009,-0.1536671122198463,0.5114305019378662,0.6973531340493722,11.210337242059513,11.42802809348141,True
ITA,Italy,2001,-0.2789377255018266,-0.4619667819833223,-0.2161455655890876,0.23110873999999998,0.14400000000000002,0.7376354,0.0020079552,11.547696334719435,13.437656420090079,2.7716336250305176,0.251576691865921,0.13050854206085205,0.4642460346221924,0.06448470643842796,0.5021908283233643,1.7540622886494717,11.210337242059513,11.42802809348141,True
ITA,Italy,2002,-1.8021559453897495,-2.079724193399761,-0.0204298487554766,0.27222116,0.23110873999999998,0.8942557,0.006805599,11.544906957464416,13.435494964434188,2.7933568954467773,0.2495315670967102,0.1401444524526596,0.48152896761894226,0.3222214810621793,0.4988640248775482,-0.2789377255018266,11.210337242059513,11.42802809348141,True
ITA,Italy,2003,-1.54149410340505,-1.8009178746449557,0.15460849012374211,0.2804,0.27222116,0.9439117,0.014803041999999999,11.526885398010519,13.435290665946633,2.8152503967285156,0.25438669323921204,0.14593572914600372,0.5006934106349945,0.5389777905651094,0.5022171139717102,-1.8021559453897495,11.210337242059513,11.42802809348141,True
ITA,Italy,2004,0.7908072994379012,-0.26431432316960934,1.175875205785104,0.2904,0.2804,0.98320564,0.03896799,11.511470456976468,13.43683675084787,2.837315559387207,0.25262752175331116,0.1416841596364975,0.5435432195663452,0.665934718447847,0.5048909783363342,-1.54149410340505,11.210337242059513,11.42802809348141,True
ITA,Italy,2005,0.17072234548916043,-0.7779095786007884,1.1129894403964613,0.33240000000000003,0.2904,1.0786098,0.08120943,11.519378529970847,13.448595502905722,2.859553575515747,0.2646380662918091,0.13405880331993103,0.6023189723491669,0.6645786584159374,0.5032849907875061,0.7908072994379012,11.210337242059513,11.42802809348141,True
ITA,Italy,2006,-0.325964273667978,-0.6862576955553423,-0.3317936801160215,0.35,0.33240000000000003,1.2218109,0.11657973,11.521085753425739,13.459725397309686,2.8819658756256104,0.26423096656799316,0.13698211312294006,0.6141150891780853,0.5726403709804373,0.5071521997451782,0.17072234548916043,11.210337242059513,11.42802809348141,True
ITA,Italy,2007,0.40159199180003213,-0.5864571448108356,0.651150962862701,0.3799,0.35,1.3687137,0.14462605,11.51782611068906,13.456407460508526,2.9045538902282715,0.27675703167915344,0.14150531589984894,0.6501981317996979,0.44752416359896685,0.5103641152381897,-0.325964273667978,11.210337242059513,11.42802809348141,True
ITA,Italy,2008,-0.8218319495403748,-1.7114211618022326,1.5844129582799127,0.4079,0.3799,1.5192512999999999,0.1712459,11.52184203060706,13.462918970137153,2.927319049835205,0.27846914529800415,0.14550179243087769,0.677830845117569,0.34997249475816616,0.5075514912605286,0.40159199180003213,11.210337242059513,11.42802809348141,True
ITA,Italy,2009,-3.6192342457189497,-4.279959954540258,2.6750112714665875,0.44530000000000003,0.4079,1.5167637999999999,0.18932074,11.513623711111656,13.478763099719952,2.9502625465393066,0.27643436193466187,0.15653574466705322,0.6771093606948853,0.29616414003577063,0.5140036940574646,-0.8218319495403748,11.210337242059513,11.42802809348141,True
ITA,Italy,2010,2.27504649918302,1.1802682541538587,1.42306429112935,0.48829999999999996,0.44530000000000003,1.5029526000000002,0.20173168,11.477431368654466,13.505513212434618,2.973385810852051,0.26229456067085266,0.16403146088123322,0.5536113679409027,0.31097122967391755,0.5289824604988098,-3.6192342457189497,11.210337242059513,11.42802809348141,True
ITA,Italy,2011,0.16348384321513976,-0.0778543620362282,0.2099483507532085,0.5367999999999999,0.48829999999999996,1.5568405,0.21770464,11.500181833646296,13.519743855345911,2.996690273284912,0.25322914123535156,0.1708211451768875,0.620144784450531,0.37085648591661524,0.5247432589530945,2.27504649918302,11.210337242059513,11.42802809348141,True
ITA,Italy,2012,-2.9724540099053343,-2.1867476455702186,0.36749037849990174,0.5439,0.5367999999999999,1.5909274,0.22393878999999997,11.501816672078448,13.521843338853444,3.014239549636841,0.25571343302726746,0.16537243127822876,0.6662188768386841,0.4437606274206196,0.5205485224723816,0.16348384321513976,11.210337242059513,11.42802809348141,True
ITA,Italy,2013,0.6292775657401606,-0.33061326091310456,2.554620693749854,0.55829998,0.5439,1.6055872,0.22737514,11.472092131979394,13.525518242638443,3.0318915843963623,0.2394079864025116,0.16327086091041565,0.6463430225849152,0.48614564957736306,0.5245892405509949,-2.9724540099053343,11.210337242059513,11.42802809348141,True
ITA,Italy,2014,0.43425224314042055,0.04329346048631015,0.4459073541028147,0.584593,0.55829998,1.5969815,0.23103186,11.478384907636796,13.551064449575941,3.049647331237793,0.232084259390831,0.164518341422081,0.6505935788154602,0.478747860551465,0.5210945010185242,0.6292775657401606,11.210337242059513,11.42802809348141,True
ITA,Italy,2015,-0.2504962492333007,-0.15141790050375836,-0.9542530879185662,0.55638462,0.584593,1.4821700000000002,0.23708372,11.4827274300682,13.55552352311697,3.067506790161133,0.23395857214927673,0.1641094833612442,0.6473532617092133,0.40271599990040485,0.5182388424873352,0.43425224314042055,11.210337242059513,11.42802809348141,True
ITA,Italy,2016,-0.3713393830320655,-0.19202990494987948,-1.4536785805692176,0.5814173499999999,0.55638462,1.4476398000000001,0.24597760999999999,11.480222467575867,13.545980992237784,3.085470676422119,0.23795856535434723,0.16366200149059296,0.6083962917327881,0.27915818188315455,0.5176283717155457,-0.2504962492333007,11.210337242059513,11.42802809348141,True
ITA,Italy,2017,0.3279935925442956,0.4793910728278344,-1.0401234675997628,0.61324253,0.5814173499999999,1.421273,0.2573374,11.476509073745547,13.531444206432091,3.1035399436950684,0.2461867481470108,0.15914808213710785,0.5783960819244385,0.13950004915637138,0.5163373351097107,-0.3713393830320655,11.210337242059513,11.42802809348141,True
ITA,Italy,2018,0.017881157855548224,-0.25021717639390534,-0.5596418156352811,0.6307734700000001,0.61324253,1.3888243,0.27465292,11.47978900967099,13.521042971756094,3.1217148303985596,0.2528868317604065,0.15679804980754852,0.589709997177124,0.017539614441020035,0.5164452791213989,0.3279935925442956,11.210337242059513,11.42802809348141,True
ITA,Italy,2019,-0.35736597845836826,-0.493264614689965,-0.321231822246304,0.7438718400000001,0.6307734700000001,1.3826468,0.28464851,11.479967821249545,13.515446553599741,3.1399965286254883,0.2576513886451721,0.1570928543806076,0.6094600558280945,-0.0765204002034281,0.5223672389984131,0.017881157855548224,11.210337242059513,11.42802809348141,True
JAM,Jamaica,1996,0.6772184207861187,-2.0144231719245496,2.4442530200449397,0.00109,0.000368,0.017987766999999998,0.0,10.015317461432957,11.718377836887594,2.4647057056427,0.1821112036705017,0.1825811117887497,1.0503263771533966,0.9783620920843616,0.5531739592552185,-3.238709611701651,9.552890989787892,10.020347568493472,True
JAM,Jamaica,1997,-0.6238501773609073,-2.514731561638163,2.2049075976829258,0.0059099999999999995,0.00109,0.021572163,0.0,10.022089645640818,11.742820367088044,2.4861910343170166,0.17953789234161377,0.23063325881958008,1.022582858800888,0.978966836923334,0.564786434173584,0.6772184207861187,9.552890989787892,10.020347568493472,True
JAM,Jamaica,1998,-1.024647524590172,-3.201646512326764,1.1795589818982322,0.007980000000000001,0.0059099999999999995,0.025830212,0.0,10.01585114386721,11.764869443064873,2.5078632831573486,0.184180349111557,0.2604657709598541,1.1049586832523346,0.9831382822413803,0.5763988494873047,-0.6238501773609073,9.552890989787892,10.020347568493472,True
JAM,Jamaica,1999,2.8347196886654658,1.8215814417671852,2.539476054936962,0.019799999999999998,0.007980000000000001,0.030515022,0.0,10.005604668621308,11.776665032883855,2.529724597930908,0.15920786559581757,0.26857638359069824,1.0706761181354523,0.9612249663493055,0.5880113244056702,-1.024647524590172,9.552890989787892,10.020347568493472,True
JAM,Jamaica,2000,1.041900645198801,0.47661613092828403,1.4629890081165442,0.0236,0.019799999999999998,0.05561363,0.0,10.033951865507962,11.802059793433225,2.55177640914917,0.15344113111495972,0.24221453070640564,1.0595040023326874,0.9082112234134465,0.5859312415122986,2.8347196886654658,9.552890989787892,10.020347568493472,True
JAM,Jamaica,2001,0.3344114548413657,-0.5284962380982736,0.6314609817701822,0.031157780000000003,0.0236,0.14071184,0.0,10.04437087195995,11.81668968351439,2.569425106048584,0.17763733863830566,0.24463436007499695,1.1471379101276398,0.8331591099947522,0.583442211151123,1.041900645198801,9.552890989787892,10.020347568493472,True
JAM,Jamaica,2002,-8.884447637504245,-5.894513618639128,-7.849667648055636,0.038630204,0.031157780000000003,0.22779505,0.0012326613,10.047714986508364,11.823004293332092,2.5677783489227295,0.2111608237028122,0.25301268696784973,1.1628790199756622,0.7505941623557555,0.577056348323822,0.3344114548413657,9.552890989787892,10.020347568493472,True
JAM,Jamaica,2003,2.545350475403474,2.727968825485935,0.4616373201647761,0.061,0.038630204,0.4714797,0.0034083524,9.958870510133321,11.744507616851536,2.5661325454711914,0.23906487226486206,0.2589748501777649,1.1483534574508667,0.6760283271558087,0.5652792453765869,-8.884447637504245,9.552890989787892,10.020347568493472,True
JAM,Jamaica,2004,1.1530281251220131,0.5840799989857086,1.3758593486324244,0.078,0.061,0.59336987,0.0033877596,9.984324014887356,11.749123990053183,2.564487934112549,0.22528746724128723,0.23905563354492188,1.0397657454013824,0.6142608686569906,0.5773686170578003,2.545350475403474,9.552890989787892,10.020347568493472,True
JAM,Jamaica,2005,0.18719712783941134,0.026908736758951557,0.8760939010642232,0.1,0.078,0.6876487,0.01010394,9.995854296138576,11.762882583539508,2.5628445148468018,0.23602959513664246,0.21609285473823547,1.0411548912525177,0.5733068455923362,0.571380078792572,1.1530281251220131,9.552890989787892,10.020347568493472,True
JAM,Jamaica,2006,-3.2708656272061987,-1.5788085720653273,-4.225873654764634,0.128,0.1,0.737408,0.01674689,9.99772626741697,11.77164352255015,2.561201810836792,0.24784867465496063,0.23653188347816467,1.1025444269180298,0.5485082602677105,0.5636645555496216,0.18719712783941134,9.552890989787892,10.020347568493472,True
JAM,Jamaica,2007,-1.1054744082235501,-0.599458543532811,-1.0636125634608362,0.16399999999999998,0.128,0.8421609999999999,0.025266128000000002,9.965017611144908,11.729384786002504,2.559356212615967,0.2642343044281006,0.22177372872829437,1.1764391362667084,0.5243159137381603,0.5712986588478088,-3.2708656272061987,9.552890989787892,10.020347568493472,True
JAM,Jamaica,2008,-1.3514676520253843,-0.687580985584979,0.4751072064117068,0.21100000000000002,0.16399999999999998,0.9891410999999999,0.0341838,9.953962867062673,11.718748660367895,2.556920289993286,0.24359001219272614,0.22426044940948486,1.0906333029270172,0.5004868636144355,0.5782622694969177,-1.1054744082235501,9.552890989787892,10.020347568493472,True
JAM,Jamaica,2009,-1.526878814082977,-1.0481513303299033,3.1070040499507456,0.23600000000000002,0.21100000000000002,0.9991518,0.035706542,9.94044819054242,11.723499732432012,2.5544867515563965,0.2459876537322998,0.23145104944705963,1.2305709719657898,0.4918477194282955,0.5930659770965576,-1.3514676520253843,9.552890989787892,10.020347568493472,True
JAM,Jamaica,2010,1.2886455325459067,0.3680888090988446,2.928085957974247,0.243,0.23600000000000002,1.0800389,0.04099423,9.92517940240159,11.75456977293152,2.5520553588867188,0.2049001008272171,0.20714351534843445,0.858662873506546,0.5006004846541012,0.5923647284507751,-1.526878814082977,9.552890989787892,10.020347568493472,True
JAM,Jamaica,2011,1.8891897387751655,1.3416133368403023,0.7065034265149706,0.2767,0.243,1.15769196,0.042453016999999996,9.938065857727048,11.783850632511262,2.549626350402832,0.21096420288085938,0.20520778000354767,0.8565456569194794,0.5216645911472195,0.5865387916564941,1.2886455325459067,9.552890989787892,10.020347568493472,True
JAM,Jamaica,2012,-1.5534382530098867,-1.2213273462708913,-0.5668525830367699,0.37438614000000003,0.2767,1.0669811,0.04284341999999999,9.9569577551148,11.790915666776412,2.557239294052124,0.2452774941921234,0.2028927206993103,0.9394342005252838,0.5488989081049445,0.5905617475509644,1.8891897387751655,9.552890989787892,10.020347568493472,True
JAM,Jamaica,2013,0.010081404368911251,-0.16418938516542247,0.1109872871484896,0.3379,0.37438614000000003,0.9792628999999999,0.044382004999999995,9.941423372584701,11.785247140946044,2.56327486038208,0.21630534529685974,0.20957152545452118,0.9201765954494476,0.5717314664229978,0.5995148420333862,-1.5534382530098867,9.552890989787892,10.020347568493472,True
JAM,Jamaica,2014,-1.0025799155748416,-0.8328062088321712,-0.9497629504572558,0.371,0.3379,1.0224554399999999,0.050586147,9.94152418662839,11.786357013817529,2.568425416946411,0.20810766518115997,0.19869397580623627,0.8391388654708862,0.5816698982559654,0.6017969250679016,0.010081404368911251,9.552890989787892,10.020347568493472,True
JAM,Jamaica,2015,-0.05335671845436707,-0.19668111766473917,-0.4237452771388206,0.40402737,0.371,1.075791,0.054247537,9.931498387472642,11.776859384312957,2.5735862255096436,0.20994840562343597,0.19126294553279877,0.8257597088813782,0.572984716313063,0.5947292447090149,-1.0025799155748416,9.552890989787892,10.020347568493472,True
JAM,Jamaica,2016,-1.7208861939668196,-0.6103570270727993,-2.530057204198144,0.42221221999999997,0.40402737,1.1194202,0.08167252,9.930964820288098,11.772621931541568,2.5787572860717773,0.18707247078418732,0.18504823744297028,0.798263818025589,0.5508706023662935,0.5929662585258484,-0.05335671845436707,9.552890989787892,10.020347568493472,True
JAM,Jamaica,2017,-1.2390206218553246,-0.6230336506666813,-1.5093892626074634,0.44366856,0.42221221999999997,1.16279106,0.10180664,9.91375595834843,11.747321359499587,2.5839388370513916,0.17713722586631775,0.1872887760400772,0.8079204559326172,0.5249046207280506,0.5970609784126282,-1.7208861939668196,9.552890989787892,10.020347568493472,True
JAM,Jamaica,2018,0.7051072027861593,0.3384340430131122,-0.2451810903639995,0.55072067,0.44366856,1.0978271,0.08492189,9.901365752129877,11.732227466873512,2.5891306400299072,0.18559201061725616,0.18308186531066895,0.894513875246048,0.5015211940368802,0.5992732048034668,-1.2390206218553246,9.552890989787892,10.020347568493472,True
JAM,Jamaica,2019,-1.534552315024662,-0.7151167807991115,-1.457831011972921,0.68214516,0.55072067,1.0513731,0.100973835,9.908416824157738,11.729775655969872,2.5943331718444824,0.1839585155248642,0.1772548258304596,0.9379172027111053,0.4781337371386307,0.5948693752288818,0.7051072027861593,9.552890989787892,10.020347568493472,True
JOR,Jordan,1996,-2.3525671943708915,-3.555425755351786,0.5725101767977137,0.00023199999999999997,,0.0026557832999999998,0.0,10.536660127780772,11.6196152029002,2.2470192909240723,0.2827378511428833,0.34353017807006836,0.6360580325126648,3.9671830539601327,0.5021457076072693,-3.5454311749578693,9.738968670849372,10.604842281553415,True
JOR,Jordan,1997,0.6033265185251935,-1.3954157376887524,1.187987066337115,0.000449,0.00023199999999999997,0.0052320886,0.0,10.513134455837063,11.625340304668176,2.293416738510132,0.25645768642425537,0.3516700863838196,0.4533894509077072,3.090048062479389,0.5021457076072693,-2.3525671943708915,9.738968670849372,10.604842281553415,True
JOR,Jordan,1998,0.7394603398815036,-0.8453087980950676,0.12013205312850772,0.00599,0.000449,0.0095141923,0.0,10.519167721022315,11.637220175331548,2.3407719135284424,0.22941243648529053,0.32576224207878113,0.6348970383405685,2.414943174472328,0.49886763095855713,0.6033265185251935,9.738968670849372,10.604842281553415,True
JOR,Jordan,1999,1.4076646590792663,-0.34816687279784053,1.038756014235176,0.0131,0.00599,0.017015305999999997,0.0,10.52656232442113,11.638421495862833,2.3891050815582275,0.19896067678928375,0.32433104515075684,0.6045821607112885,1.9491828558016122,0.4997332990169525,0.7394603398815036,9.738968670849372,10.604842281553415,True
JOR,Jordan,2000,2.1060689227665463,0.6417184141067924,0.2714876543242539,0.0253,0.0131,0.023918881,0.0,10.540638971011923,11.648809056005184,2.4384360313415527,0.21938316524028778,0.2842235565185547,0.659090057015419,1.760055747398881,0.5021457076072693,1.4076646590792663,9.738968670849372,10.604842281553415,True
JOR,Jordan,2001,4.182100747979511,3.4660677775275817,0.9637717106274479,0.026232755,0.0253,0.07220214999999999,0.0,10.561699660239588,11.651523932548427,2.488785743713379,0.2419690042734146,0.2599666714668274,0.6076437830924988,1.7871013627440702,0.486286997795105,2.1060689227665463,9.738968670849372,10.604842281553415,True
JOR,Jordan,2002,4.898935657365122,4.036420214881542,1.3025061478705524,0.047057194999999996,0.026232755,0.15741838,7.437859e-05,10.603520667719383,11.661161649654701,2.5280001163482666,0.24405473470687866,0.23677633702754974,0.7925731688737869,1.8345692186985563,0.47118741273880005,4.182100747979511,9.738968670849372,10.604842281553415,True
JOR,Jordan,2003,2.0257282460070414,1.6529777611203889,0.6498661512765125,0.060255322,0.047057194999999996,0.21716214999999997,0.0005656985,10.652510024293035,11.674186711133407,2.5652647018432617,0.25042131543159485,0.17971156537532806,0.7562460005283356,1.9017469644691198,0.4706321060657501,4.898935657365122,9.738968670849372,10.604842281553415,True
JOR,Jordan,2004,5.289343770627575,3.807847311110431,1.465388077810914,0.08466004999999999,0.060255322,0.23081726,0.00087010615,10.672767306753105,11.680685372646172,2.5924079418182373,0.27510878443717957,0.17144201695919037,0.7585146427154541,2.167663534250397,0.4717766344547272,2.0257282460070414,9.738968670849372,10.604842281553415,True
JOR,Jordan,2005,4.4459195765309545,1.3168871476342283,3.2633777063972857,0.11658740999999999,0.08466004999999999,0.2761124,0.0017721680000000002,10.72566074445938,11.695339253424281,2.6198387145996094,0.3474191427230835,0.16665256023406982,0.7862789183855057,2.655147125185131,0.45833179354667664,5.289343770627575,9.738968670849372,10.604842281553415,True
JOR,Jordan,2006,3.358790191334826,1.2096286808798873,2.436248986895073,0.129329,0.11658740999999999,0.5203839,0.0039059060000000002,10.77011994022469,11.727973030488254,2.647559642791748,0.4503028988838196,0.14442893862724304,0.7879827916622162,3.2682792060933163,0.45696207880973816,4.4459195765309545,9.738968670849372,10.604842281553415,True
JOR,Jordan,2007,-1.0574638723626961,-0.3206283631227991,-2.428620882065502,0.13867100000000002,0.129329,0.6757195,0.007564835,10.803707842138039,11.752335520357205,2.6735527515411377,0.4321110248565674,0.1392279863357544,0.7231499552726746,3.8433179145963337,0.45974600315093994,3.358790191334826,9.738968670849372,10.604842281553415,True
JOR,Jordan,2008,2.2473240016907425,1.8945944166889856,1.0449936251454517,0.2,0.13867100000000002,0.6989135000000001,0.013009381,10.793133203414412,11.72804931153655,2.699801206588745,0.3699274957180023,0.1778487265110016,0.6753796339035034,4.307743286297838,0.46429747343063354,-1.0574638723626961,9.738968670849372,10.604842281553415,True
JOR,Jordan,2009,-2.047275733842824,-0.8355409310496359,-0.39366180401358974,0.23,0.2,0.7601810999999999,0.020864205,10.815606443431319,11.738499247788004,2.7263073921203613,0.3205525279045105,0.17654016613960266,0.66254922747612,4.702766142928372,0.4510229825973511,2.2473240016907425,9.738968670849372,10.604842281553415,True
JOR,Jordan,2010,-1.8569813704477411,-2.5248616663371304,1.059761562620487,0.26,0.23,0.8421414,0.033324592,10.79513368609289,11.734562629747868,2.7530736923217773,0.31405583024024963,0.2055656462907791,0.46082501113414764,5.0090554082738326,0.49012428522109985,-2.047275733842824,9.738968670849372,10.604842281553415,True
JOR,Jordan,2011,-0.8981392057616944,-1.933029695881018,1.5764493082556896,0.272,0.26,0.9072168,0.040191073,10.776563872388413,11.745160245374073,2.7801027297973633,0.28575339913368225,0.2144124060869217,0.5008851736783981,5.20476672247987,0.49012428522109985,-1.8569813704477411,9.738968670849372,10.604842281553415,True
JOR,Jordan,2012,-2.0618646498283155,-1.7651616191512953,0.24080431376454214,0.349,0.272,1.00028564,0.039651763,10.767582480330796,11.76092473845663,2.793409824371338,0.27075979113578796,0.2213059961795807,0.4779415726661682,5.379166537594671,0.49012428522109985,-0.8981392057616944,9.738968670849372,10.604842281553415,True
JOR,Jordan,2013,0.03550625425017273,-0.9313039602875661,2.1943179538292057,0.37,0.349,1.1841441000000001,0.039579407999999996,10.746963833832513,11.763332781594276,2.8067805767059326,0.2489342838525772,0.2333213984966278,0.5007520169019699,5.424057868397991,0.49012428522109985,-2.0618646498283155,9.738968670849372,10.604842281553415,True
JOR,Jordan,2014,-2.6341085016991173,-2.300187596283329,-0.6120397771905317,0.414,0.37,1.2905684,0.04108982,10.747318896375015,11.785275961132568,2.8202154636383057,0.219889298081398,0.23074783384799957,0.5102424323558807,5.167293361694547,0.49012428522109985,0.03550625425017273,9.738968670849372,10.604842281553415,True
JOR,Jordan,2015,-0.8232893062659841,-2.181993926347926,2.2294395918635246,0.462,0.414,1.2616889999999998,0.040013037,10.720977811358024,11.779155563360662,2.833714723587036,0.223971888422966,0.2178177535533905,0.5201582163572311,4.586758030561899,0.49012428522109985,-2.6341085016991173,9.738968670849372,10.604842281553415,True
JOR,Jordan,2016,0.543683183920507,-1.34167617744587,3.9601390119960556,0.5422,0.462,1.4456113,0.03244995,10.712744918295364,11.801449959279298,2.847278356552124,0.23072341084480286,0.23158712685108185,0.4968864172697067,3.8249292068274876,0.49012428522109985,-0.8232893062659841,9.738968670849372,10.604842281553415,True
JOR,Jordan,2017,-1.5227445787605376,-2.346042761619817,1.7725702656093745,0.5615,0.5422,0.9812198999999999,0.02971348,10.718181750134569,11.841051349399258,2.8609070777893066,0.2132634073495865,0.22256648540496826,0.4707627147436142,3.057600973221497,0.49012428522109985,0.543683183920507,9.738968670849372,10.604842281553415,True
JOR,Jordan,2018,-1.1719910695115132,-2.368454470686779,1.7873153641852824,0.645,0.5615,0.9481212600000001,0.032432837,10.702954304346964,11.858777052055352,2.874601125717163,0.20723630487918854,0.21515895426273346,0.44708196073770523,2.394689978559539,0.49012428522109985,-1.5227445787605376,9.738968670849372,10.604842281553415,True
JOR,Jordan,2019,-0.48936797833558643,-1.262800862912702,2.0333739947679064,0.652,0.645,0.8345923000000001,0.038193874,10.691234393651849,11.876650205697205,2.8883605003356934,0.19229556620121002,0.21495072543621063,0.4141725078225136,1.8174115435475091,0.49012428522109985,-1.1719910695115132,9.738968670849372,10.604842281553415,True
JPN,Japan,1996,2.9520497145208324,0.9441360181138156,2.7928552675325236,0.0159,0.008,0.09337293,0.0,11.025812744305448,12.692538916906015,3.2609176635742188,0.3351329267024994,0.13598373532295227,0.2601574510335922,0.24748979936299875,0.5987643599510193,2.3688873622900175,11.017769599581928,11.005576883436664,True
JPN,Japan,1997,0.3957046542771181,-0.2735752058120558,1.766800800009527,0.0437,0.0159,0.21400875,0.0,11.055333241450656,12.72046746958134,3.277766704559326,0.3493085503578186,0.13240496814250946,0.2486889809370041,0.22023681065128642,0.5891432166099548,2.9520497145208324,11.017769599581928,11.005576883436664,True
JPN,Japan,1998,0.10786882911677509,-1.1821174853999277,3.1621201654230546,0.0916,0.0437,0.3035349,0.0,11.059290287993427,12.738135477581435,3.2947030067443848,0.3379453420639038,0.13736510276794434,0.2610742151737213,0.19614040118103304,0.5955235958099365,0.3957046542771181,11.017769599581928,11.005576883436664,True
JPN,Japan,1999,1.1215106081357007,-0.29141161486861134,3.042815338567806,0.134,0.0916,0.37454037,0.00025334816,11.060368976284595,12.769756679235666,3.3117268085479736,0.32220664620399475,0.14224538207054138,0.24875374138355255,0.1769189452844877,0.5966086387634277,0.10786882911677509,11.017769599581928,11.005576883436664,True
JPN,Japan,2000,3.5092472594747903,1.6790489911875108,2.3018005822551757,0.214,0.134,0.44917675,0.0017067669999999999,11.071584082365952,12.800184832621344,3.328838586807251,0.30658048391342163,0.14877380430698395,0.2691926509141922,0.16399400533240183,0.5918315052986145,1.1215106081357007,11.017769599581928,11.005576883436664,True
JPN,Japan,2001,0.8604190974097037,0.07245448232102991,1.7367795366544314,0.2999074,0.214,0.52574615,0.006728095,11.1066765549607,12.823202838443896,3.346038818359375,0.30479109287261963,0.15121790766716003,0.3166697323322296,0.15546701999733514,0.5819888114929199,3.5092472594747903,11.017769599581928,11.005576883436664,True
JPN,Japan,2002,1.3623105979347017,0.45424184057072936,2.1171306718851923,0.38532063,0.2999074,0.58792294,0.030135120999999997,11.115280745934797,12.84057063381044,3.360867738723755,0.3009975850582123,0.15957850217819214,0.29074759781360626,0.1486095592489356,0.5821548104286194,0.8604190974097037,11.017769599581928,11.005576883436664,True
JPN,Japan,2003,1.518399577490115,0.6617433048328243,0.7544168099627768,0.465942,0.38532063,0.636299,0.07371421,11.128903851914144,12.861741940529292,3.375762701034546,0.28119727969169617,0.16429832577705383,0.2928391546010971,0.14025444945060528,0.5696854591369629,1.3623105979347017,11.017769599581928,11.005576883436664,True
JPN,Japan,2004,1.576033313626013,0.8609601048553621,0.07339576139653303,0.48435265,0.465942,0.6787354000000001,0.11684044,11.144087847689045,12.86928610862892,3.390723466873169,0.2765512764453888,0.16858945786952972,0.3040456920862198,0.12916045053010805,0.5628292560577393,1.518399577490115,11.017769599581928,11.005576883436664,True
JPN,Japan,2005,0.7698109309970391,0.707159884120067,-0.13512821572376765,0.6239393,0.48435265,0.7156707,0.15301043,11.159848180825305,12.870020066242885,3.4057505130767822,0.27303820848464966,0.1683109849691391,0.33235277235507965,0.11380750411307261,0.5542069673538208,1.576033313626013,11.017769599581928,11.005576883436664,True
JPN,Japan,2006,0.6335807255810622,-0.07440384004894149,-0.11072508912217671,0.6692107,0.6239393,0.754292,0.18216322000000001,11.167546290135276,12.868668784085648,3.420844316482544,0.27247971296310425,0.16899000108242035,0.349656879901886,0.09505388170669704,0.5540456771850586,0.7698109309970391,11.017769599581928,11.005576883436664,True
JPN,Japan,2007,0.8043153925394009,0.7130851807167167,-0.3528296020331112,0.6868527,0.6692107,0.7799074,0.2065581,11.173882097391086,12.867561533194426,3.436004638671875,0.26826968789100647,0.16799193620681763,0.370510071516037,0.07526265808843746,0.5538956522941589,0.6335807255810622,11.017769599581928,11.005576883436664,True
JPN,Japan,2008,-1.0331756818981574,-1.0388160643264506,0.2933968059874559,0.743,0.6868527,0.83801186,0.22096584,11.18192525131648,12.864033237174095,3.451232671737671,0.26038482785224915,0.169083833694458,0.36769425868988037,0.05552225804672517,0.550385594367981,0.8043153925394009,11.017769599581928,11.005576883436664,True
JPN,Japan,2009,-4.512051892857194,-3.4770979287267476,0.8099313362860627,0.754,0.743,0.8614111,0.23500796999999998,11.171593494497499,12.86696720523397,3.4665279388427734,0.26189857721328735,0.17353098094463348,0.40702158212661743,0.034695196313005994,0.5647484064102173,-1.0331756818981574,11.017769599581928,11.005576883436664,True
JPN,Japan,2010,4.228693356492386,3.3554144127666072,-0.17522271362668818,0.78,0.754,0.9071935000000001,0.2563583,11.126472975568927,12.87506651859683,3.481890916824341,0.23157021403312683,0.18721255660057068,0.3319636434316635,0.012869231207268683,0.5740921497344971,-4.512051892857194,11.017769599581928,11.005576883436664,True
JPN,Japan,2011,-0.10810728768646527,-0.07337387341224758,-0.21085794078885556,0.7820999999999999,0.78,0.9617884999999999,0.26603506,11.16875990913385,12.873314291460563,3.4973220825195312,0.2287340611219406,0.18533430993556976,0.405101016163826,-0.009985315231553216,0.5610999464988708,4.228693356492386,11.017769599581928,11.005576883436664,True
JPN,Japan,2012,1.7498311605345762,1.0607138366800348,0.19346592352782466,0.7905411499999999,0.7820999999999999,1.0364155,0.27866673,11.167678836256986,12.871205712052674,3.5079329013824463,0.24069072306156158,0.19731712341308594,0.44044169783592224,-0.03375955332760583,0.5734527111053467,-0.10810728768646527,11.017769599581928,11.005576883436664,True
JPN,Japan,2013,1.3247621373675855,1.9771927166050158,-0.5293753470676066,0.7949639999999999,0.7905411499999999,1.1031906,0.28244267,11.185177147862332,12.873140371287953,3.51857590675354,0.24943652749061584,0.1958254724740982,0.44380022585392,-0.058690065369848554,0.5698697566986084,1.7498311605345762,11.017769599581928,11.005576883436664,True
JPN,Japan,2014,-0.26552796380858723,-0.22834047904278718,-0.39995124524896397,0.8821943,0.7949639999999999,1.1578717,0.28905102,11.198424769236007,12.867846617817277,3.5292513370513916,0.23242546617984772,0.19316822290420532,0.396718367934227,-0.08520445458506387,0.5629879236221313,1.3247621373675855,11.017769599581928,11.005576883436664,True
JPN,Japan,2015,0.7813094655809039,0.716178246441718,-0.15649981300214222,0.89106834,0.8821943,1.238221,0.29641489,11.195769489597922,12.863847105364787,3.539958953857422,0.24274730682373047,0.1976863294839859,0.388145849108696,-0.11350156527525357,0.5649161338806152,-0.26552796380858723,11.017769599581928,11.005576883436664,True
JPN,Japan,2016,-0.4273238106652144,-0.046168834394131296,-0.7189832738115243,0.9105803,0.89106834,1.2615096,0.30541986,11.20358258425373,12.862282107234766,3.550699234008789,0.23735608160495758,0.19649022817611694,0.34173116087913513,-0.14327802394626943,0.5557188391685486,0.7813094655809039,11.017769599581928,11.005576883436664,True
JPN,Japan,2017,1.2144351635512862,1.307401872018425,-0.6003214168659454,0.93182724,0.9105803,1.3121485999999998,0.31303556,11.199309346147079,12.85509227449665,3.561472177505493,0.23827829957008362,0.20363500714302063,0.3507486581802368,-0.17350494266565875,0.5654537677764893,-0.4273238106652144,11.017769599581928,11.005576883436664,True
JPN,Japan,2018,-1.2924615383342442,-0.5348056637390972,-1.295470928424436,0.9172655000000001,0.93182724,1.3598584,0.31899078,11.211453697782591,12.84908906032799,3.572277784347534,0.24463734030723572,0.2074657380580902,0.3831566870212555,-0.20413223905970668,0.5636439919471741,1.2144351635512862,11.017769599581928,11.005576883436664,True
JPN,Japan,2019,-0.2086487941058479,0.9844045659800229,-0.53645219897831,0.8874635000000001,0.9172655000000001,1.4172873000000001,0.32696533,11.198529082399249,12.836134351043746,3.583116054534912,0.24584950506687164,0.21277061104774475,0.3992566615343094,-0.23598534571682706,0.5636439919471741,-1.2924615383342442,11.017769599581928,11.005576883436664,True
KAZ,Kazakhstan,1996,1.4540800131191745,0.7519355613063605,-0.6710244231557638,0.000113,5.21e-06,0.000279902,0.0,10.020358126523146,11.827804681806983,2.790717363357544,0.1320687234401703,0.3926047682762146,0.23770202696323395,-1.1478462713819138,0.5918582677841187,-9.161843843018502,9.964830197152697,10.147721839971393,True
KAZ,Kazakhstan,1997,2.829537414587513,1.710548681921542,-0.3803361623852197,0.00031800000000000003,0.000113,0.00060690347,0.0,10.034898926654337,11.821094437575425,2.837068796157837,0.09286715090274811,0.3333664834499359,0.21205095946788788,-1.3182745549543018,0.6026793122291565,1.4540800131191745,9.964830197152697,10.147721839971393,True
KAZ,Kazakhstan,1998,1.0768987969255406,-0.8377473649608724,1.3743665976617692,0.0006460000000000001,0.00031800000000000003,0.0007080717,0.0,10.063194300800212,11.817291075951573,2.884190082550049,0.10731452703475952,0.28941264748573303,0.24956411123275757,-1.4558186721560507,0.605568528175354,2.829537414587513,9.964830197152697,10.147721839971393,True
KAZ,Kazakhstan,1999,3.450251354952094,2.758164192474588,-0.8121515048186367,0.00131,0.0006460000000000001,0.0019193171,0.0,10.073963288769468,11.83103474192819,2.932094097137451,0.11407200247049332,0.23841719329357147,0.28385961055755615,-1.4109586358610926,0.5736842155456543,1.0768987969255406,9.964830197152697,10.147721839971393,True
KAZ,Kazakhstan,2000,8.172891488709944,8.025330899920412,-2.457546725786486,0.00464,0.00131,0.0032445708000000003,0.0,10.108465802318989,11.822913226880004,2.9807937145233154,0.1346033662557602,0.24443212151527405,0.3001413196325302,-1.1226990709375606,0.5451099276542664,3.450251354952094,9.964830197152697,10.147721839971393,True
KAZ,Kazakhstan,2001,5.338633409454729,8.236580692601924,-8.075989145445384,0.006685944,0.00464,0.012728126,0.0,10.190194717206088,11.79833775962214,3.0303022861480713,0.1372738480567932,0.22766217589378357,0.37169643491506577,-0.6535844814019143,0.5048754215240479,8.172891488709944,9.964830197152697,10.147721839971393,True
KAZ,Kazakhstan,2002,9.171719214389462,8.59261979777176,-0.7037946467683298,0.010061243,0.006685944,0.037366257,0.0,10.243581051300636,11.717577868167686,3.082714796066284,0.1792815625667572,0.22472380101680756,0.3549728989601135,-0.08389389343106401,0.508033037185669,5.338633409454729,9.964830197152697,10.147721839971393,True
KAZ,Kazakhstan,2003,4.544858079024294,5.900641838237453,-4.678412656813968,0.01674771,0.010061243,0.065595016,0.0,10.33529824344453,11.710539921700002,3.1360342502593994,0.19741979241371155,0.18214723467826843,0.36840516328811646,0.4415595231481273,0.44652503728866577,9.171719214389462,9.964830197152697,10.147721839971393,True
KAZ,Kazakhstan,2004,6.0769387606450564,5.467761864237425,-2.760909454417515,0.020004148000000003,0.01674771,0.08450485,6.337562e-05,10.380746824234773,11.663755795131863,3.1902756690979004,0.19121412932872772,0.16922996938228607,0.3959907293319702,0.8235985973734206,0.4652586579322815,4.544858079024294,9.964830197152697,10.147721839971393,True
KAZ,Kazakhstan,2005,7.987980647162374,5.349901979695606,-0.05351905860333517,0.026503947,0.020004148000000003,0.15438331,0.00012599243,10.441516211841224,11.636146700587688,3.245455503463745,0.19759956002235413,0.15608246624469757,0.49966321885585785,0.9883027610513739,0.44575849175453186,6.0769387606450564,9.964830197152697,10.147721839971393,True
KAZ,Kazakhstan,2006,8.263339793854385,6.424685317778897,0.46293365333269776,0.029617,0.026503947,0.33804862999999996,0.00018762386999999998,10.521396018312847,11.635611510001654,3.3015894889831543,0.2328236699104309,0.14131256937980652,0.5545405298471451,0.9969278877707044,0.43485793471336365,7.987980647162374,9.964830197152697,10.147721839971393,True
KAZ,Kazakhstan,2007,5.603048829341084,4.185932845191781,0.1303719991586405,0.032684000000000005,0.029617,0.4828536,0.0018939728000000001,10.604029416251391,11.640240846534981,3.2871696949005127,0.24998824298381805,0.13585256040096283,0.589652344584465,0.9592413171918945,0.402542382478714,8.263339793854385,9.964830197152697,10.147721839971393,True
KAZ,Kazakhstan,2008,0.46078596083596324,-0.401550106317361,-0.07861251300873562,0.04019999999999999,0.032684000000000005,0.7579819999999999,0.016630771,10.660059904544802,11.641544566526568,3.272813081741333,0.26155099272727966,0.14682038128376007,0.6072822362184525,0.9652537405090644,0.44838055968284607,5.603048829341084,9.964830197152697,10.147721839971393,True
KAZ,Kazakhstan,2009,0.7501780383368128,-0.2999582926235145,1.848360264497373,0.11,0.04019999999999999,0.9077132,0.020533862,10.664667764153162,11.64075844139648,3.258518934249878,0.19903463125228882,0.14416415989398956,0.6619337648153305,1.0139349898393046,0.4141731858253479,0.46078596083596324,9.964830197152697,10.147721839971393,True
KAZ,Kazakhstan,2010,4.420147379327766,3.44818612639623,-0.40845018850355075,0.182,0.11,1.0266762,0.034738228,10.67216954453653,11.659242044041454,3.2442874908447266,0.20915421843528748,0.1678967922925949,0.4753091335296631,1.1338987683609858,0.4142734110355377,0.7501780383368128,9.964830197152697,10.147721839971393,True
KAZ,Kazakhstan,2011,4.670007802496734,4.304057774088676,-0.3190416412905961,0.316,0.182,1.1523917,0.05164874,10.716371018329808,11.655157542156418,3.2301177978515625,0.18011531233787537,0.16660085320472717,0.4494841694831848,1.2960091399806473,0.41913819313049316,4.420147379327766,9.964830197152697,10.147721839971393,True
KAZ,Kazakhstan,2012,1.9286600193570536,1.552996140299888,-0.214614566651683,0.506,0.316,1.4790108000000002,0.069928503,10.763071096354775,11.651967125743512,3.2162435054779053,0.1525959074497223,0.1747535616159439,0.5432727187871933,1.456162133534722,0.4199272096157074,4.670007802496734,9.964830197152697,10.147721839971393,True
KAZ,Kazakhstan,2013,4.670404687269603,3.179351125692767,1.4573962966297316,0.61906628,0.506,1.7470944,0.09460823,10.782357696548345,11.649820980076996,3.202505111694336,0.1666877716779709,0.17667753994464874,0.5690062791109085,1.5694532471503653,0.4142740070819855,1.9286600193570536,9.964830197152697,10.147721839971393,True
KAZ,Kazakhstan,2014,4.405232484416821,2.07838310026893,2.8817228558628116,0.63304226,0.61906628,1.7295528999999998,0.11157251,10.829061743421041,11.664394943043293,3.18890118598938,0.16096553206443787,0.14550355076789856,0.5103123188018799,1.6259160378446769,0.401156485080719,4.670404687269603,9.964830197152697,10.147721839971393,True
KAZ,Kazakhstan,2015,-0.5289790607760025,-1.6418540909483723,0.8446509510482869,0.66,0.63304226,1.605026,0.12056385,10.87311406826521,11.693212171601921,3.1754298210144043,0.17136076092720032,0.21386444568634033,0.4210672378540039,1.61091868688521,0.40270620584487915,4.405232484416821,9.964830197152697,10.147721839971393,True
KAZ,Kazakhstan,2016,1.5712100974631937,-0.45058631625772627,2.9553896519955103,0.7082993000000001,0.66,1.4548249999999998,0.12723836,10.86782427765745,11.701658681112404,3.1620895862579346,0.1871088594198227,0.17715956270694733,0.33070362359285355,1.5449990502443445,0.4089219272136688,-0.5289790607760025,9.964830197152697,10.147721839971393,True
KAZ,Kazakhstan,2017,3.3210236959549277,1.9086575367231982,1.8049606965110598,0.7458772,0.7082993000000001,1.3905116000000002,0.12796511,10.883536378632082,11.731212577632359,3.148879289627075,0.19112083315849304,0.1853877604007721,0.2694987952709198,1.4625326755567603,0.3807241916656494,1.5712100974631937,9.964830197152697,10.147721839971393,True
KAZ,Kazakhstan,2018,2.435716740365912,1.1955628652021801,0.9923210175116992,0.7642675,0.7458772,1.431128,0.13811439,10.91674661559163,11.74926218459747,3.135796546936035,0.16471287608146667,0.24302329123020172,0.2934289500117302,1.3874442440253265,0.3807241916656494,3.3210236959549277,9.964830197152697,10.147721839971393,True
KAZ,Kazakhstan,2019,2.945565405941686,1.5279570780623613,1.6416535566166957,0.78903915,0.7642675,1.3767483999999999,0.1300024,10.94110378299529,11.759185394772587,3.122840404510498,0.16292117536067963,0.20405438542366028,0.3404424265027046,1.316510165176954,0.3807241916656494,2.435716740365912,9.964830197152697,10.147721839971393,True
KEN,Kenya,1996,-0.9027644207037611,-0.990129795239416,-2.3892720577549653,7.27e-06,,8.478944000000001e-05,0.0,8.890791040168558,9.83406149825716,1.8175855875015259,0.08440738171339035,0.10890848189592361,0.1388065181672573,2.9892605830601493,0.5985770225524902,-1.5653374195155223,8.668945584628165,8.941669199359495,True
KEN,Kenya,1997,-3.975828117217617,-4.200173881759491,-1.6851835743128873,8.840000000000001e-05,7.27e-06,0.00010233296,0.0,8.88176339596152,9.81016877767961,1.8406460285186768,0.08746390789747238,0.09703102707862854,0.13992701098322868,2.9142865376583504,0.5474917888641357,-0.9027644207037611,8.668945584628165,8.941669199359495,True
KEN,Kenya,1998,-0.6275218219299106,-1.3970922733542808,-1.1229056582438446,0.000344,8.840000000000001e-05,0.00023857486,0.0,8.842005114789345,9.793316941936482,1.8639991283416748,0.09221271425485611,0.09879648685455322,0.1587914526462555,2.848934796958824,0.5574473142623901,-3.975828117217617,8.668945584628165,8.941669199359495,True
KEN,Kenya,1999,-1.7374593009581218,-2.1311428855607653,-1.394039701430927,0.000503,0.000344,0.00036914790000000004,0.0,8.835729896570045,9.782087885354043,1.8876484632492065,0.10915081202983856,0.1021370217204094,0.16195597872138023,2.7985164977057497,0.573692798614502,-0.6275218219299106,8.668945584628165,8.941669199359495,True
KEN,Kenya,2000,-2.685972651426738,-3.546839496808181,-0.39210641733333773,0.00114,0.000503,0.0007928216000000001,0.0,8.818355303560464,9.768147488339734,1.9115979671478271,0.09832119941711426,0.09972996264696121,0.13953960314393044,2.765553396266096,0.591255247592926,-1.7374593009581218,8.668945584628165,8.941669199359495,True
KEN,Kenya,2001,1.6034984740038283,1.1368569600393112,0.6871933049200862,0.003180597,0.00114,0.0041577016999999996,0.0,8.791495577046197,9.7642264241664,1.9358512163162231,0.11171123385429382,0.10093425959348679,0.14539127051830292,2.7459844673680234,0.6022254228591919,-2.685972651426738,8.668945584628165,8.941669199359495,True
KEN,Kenya,2002,-2.122641393495428,-2.3312568178157522,-0.08433165122365693,0.006197822699999999,0.003180597,0.01897583,0.0,8.807530561786235,9.771098357215601,1.9577125310897827,0.12041430175304413,0.09955504536628723,0.18344390392303467,2.7280334909830284,0.5883739590644836,1.6034984740038283,8.668945584628165,8.941669199359495,True
KEN,Kenya,2003,0.4330140181354025,0.5134711564345043,-0.6424421346743259,0.012077739,0.006197822699999999,0.03638152,0.0,8.78630414785128,9.770255040703365,1.979820728302002,0.09898848831653595,0.10422753542661667,0.15205558016896248,2.712391179274576,0.5886388421058655,-2.122641393495428,8.668945584628165,8.941669199359495,True
KEN,Kenya,2004,1.1049593233629196,1.0860607278248022,-1.7609293602861342,0.029419029,0.012077739,0.04727132,0.0,8.790634288032635,9.763830619356622,2.00217866897583,0.10860007256269455,0.11625450849533081,0.1901964247226715,2.7096001763032174,0.5870795845985413,0.4330140181354025,8.668945584628165,8.941669199359495,True
KEN,Kenya,2005,3.0217401428936697,1.1410527465578746,0.8248432487059532,0.030235280000000003,0.029419029,0.07334784,0.0,8.801683881266264,9.74622132575376,2.0247888565063477,0.10973730683326721,0.11427437514066696,0.20656564086675644,2.7207962127675067,0.5823121070861816,1.1049593233629196,8.668945584628165,8.941669199359495,True
KEN,Kenya,2006,3.4778874210498856,0.8010942022580139,1.5680056260055864,0.031019,0.030235280000000003,0.12883863,0.00015082487,8.8319012826952,9.75446975824082,2.047654628753662,0.11421652883291245,0.10905240476131439,0.23573748022317886,2.739229463116688,0.5683020353317261,3.0217401428936697,8.668945584628165,8.941669199359495,True
KEN,Kenya,2007,3.274391667342691,1.6950897686134396,0.3148743808370824,0.036000000000000004,0.031019,0.19890297,0.00048024595,8.8666801569057,9.770149814500876,2.0707786083221436,0.12934763729572296,0.10412030667066574,0.2385353371500969,2.757906954619793,0.5731168985366821,3.4778874210498856,8.668945584628165,8.941669199359495,True
KEN,Kenya,2008,-2.9708772788973548,-4.069035734431738,0.9278733988432819,0.044000000000000004,0.036000000000000004,0.29838331,0.0004663171,8.899424073579127,9.773298558309246,2.094163656234741,0.13343067467212677,0.10942539572715759,0.2531626597046852,2.768559995792863,0.5716764330863953,3.274391667342691,8.668945584628165,8.941669199359495,True
KEN,Kenya,2009,1.4909948581809829,0.4448656187962814,2.676087337790456,0.052000000000000005,0.044000000000000004,0.4158401,8.371092e-05,8.869715300790153,9.78257729229768,2.1178126335144043,0.15350718796253204,0.11863671988248825,0.28297095000743866,2.7672539634973514,0.5581473112106323,-2.9708772788973548,8.668945584628165,8.941669199359495,True
KEN,Kenya,2010,9.084646908432426,5.30406934709767,6.125554474768258,0.061,0.052000000000000005,0.47921529999999996,0.00045039594,8.884625249371963,9.809338165675584,2.1417288780212402,0.16447654366493225,0.12485745549201965,0.2534385323524475,2.750846669184792,0.575513482093811,1.4909948581809829,8.668945584628165,8.941669199359495,True
KEN,Kenya,2011,3.6197502873459797,1.4644019618124013,2.671172030156832,0.07200000000000001,0.061,0.6002344000000001,0.00016505376,8.975471718456287,9.870593710423266,2.165915012359619,0.17068582773208618,0.12244570255279541,0.2671552076935768,2.7225856367513845,0.6118587255477905,9.084646908432426,8.668945584628165,8.941669199359495,True
KEN,Kenya,2012,1.1598183789040206,-0.5312256404741672,2.3319579787274947,0.08800000000000001,0.07200000000000001,0.6567301999999999,0.0012662756,9.011669221329747,9.897305430724835,2.1852948665618896,0.17503511905670166,0.12418266385793686,0.23031248524785042,2.69377194410092,0.6115643382072449,3.6197502873459797,8.668945584628165,8.941669199359495,True
KEN,Kenya,2013,0.21045500551792884,-0.4742652700649444,-0.3316500346194573,0.105,0.08800000000000001,0.7002265,0.0012383254000000001,9.023267405118787,9.92062501051211,2.204848051071167,0.17225968837738037,0.11700055003166199,0.25243670493364334,2.6627940302430098,0.6119982004165649,1.1598183789040206,8.668945584628165,8.941669199359495,True
KEN,Kenya,2014,-0.8324069126627975,-1.9120913753421647,-0.08422544504718132,0.13,0.105,0.7075410999999999,0.0016481282,9.025371955173966,9.917308510165915,2.224575996398926,0.15835613012313843,0.12763972580432892,0.2513270042836666,2.6185980038218037,0.6232650279998779,0.21045500551792884,8.668945584628165,8.941669199359495,True
KEN,Kenya,2015,1.5622110606507533,-0.3130718920567656,1.8567161159548817,0.165,0.13,0.7303274500000001,0.0022108538,9.017047886047338,9.916466255715443,2.244480609893799,0.17407122254371643,0.13078774511814117,0.221894733607769,2.559396998530783,0.6378024816513062,-0.8324069126627975,8.668945584628165,8.941669199359495,True
KEN,Kenya,2016,1.4758182517256913,1.0851597163593962,0.07972663121300627,0.16587854,0.165,0.8009582500000001,0.0028692126,9.032669996653846,9.935033416874992,2.2645633220672607,0.17080724239349365,0.1394089162349701,0.21700067445635796,2.491778413096002,0.6508049964904785,1.5622110606507533,8.668945584628165,8.941669199359495,True
KEN,Kenya,2017,1.6834166507619486,0.5767434665234298,1.7425586861328668,0.166,0.16587854,0.80977234,0.0027566027999999998,9.047428179171103,9.935830683187122,2.2848258018493652,0.14669771492481232,0.1351027935743332,0.18285711482167244,2.420833319702309,0.6432904601097107,1.4758182517256913,8.668945584628165,8.941669199359495,True
KEN,Kenya,2018,3.175521891941102,1.829358993134661,1.4625150636227602,0.178271,0.166,0.8702652999999999,0.005860083,9.064262345678722,9.95325627004845,2.305269479751587,0.1578701287508011,0.14470431208610535,0.18913673609495163,2.3564633682801706,0.685915470123291,1.6834166507619486,8.668945584628165,8.941669199359495,True
KEN,Kenya,2019,1.7337164756261458,1.3475288077169065,0.8834313127540128,0.195,0.178271,0.9859447,0.0073993109999999996,9.096017564598133,9.967881420684678,2.3258960247039795,0.15021201968193054,0.14727000892162323,0.18709978833794594,2.3057418777744143,0.6822230815887451,3.175521891941102,8.668945584628165,8.941669199359495,True
KGZ,Kyrgyzstan,1999,-0.004679302572974109,0.6765327401951682,-4.219233856373528,0.000728,,0.00028064124,0.0,9.160113489464829,10.298767863312115,2.830449104309082,0.09219921380281448,0.30406665802001953,0.25289351493120193,1.7094472979941822,0.7199313044548035,0.855174639745826,9.475998555800695,9.266996615856327,True
KGZ,Kyrgyzstan,2000,4.949477401714297,4.524952048904451,-0.0905534023246446,0.0020499999999999997,0.000728,0.00052757677,0.0,9.160066696439099,10.25657552474838,2.85503888130188,0.11077284812927246,0.25566864013671875,0.21047528833150864,1.541256778058564,0.6872817873954773,-0.004679302572974109,9.475998555800695,9.266996615856327,True
KGZ,Kyrgyzstan,2001,4.069745783115408,5.084799689664293,-0.8791022089685185,0.010414011,0.0020499999999999997,0.0017909929999999998,0.0,9.209561470456242,10.255669990725133,2.8798422813415527,0.13257203996181488,0.2275245636701584,0.22119320183992386,1.218334287492162,0.6421809196472168,4.949477401714297,9.475998555800695,9.266996615856327,True
KGZ,Kyrgyzstan,2002,-3.314373311628671,-1.6291109307478957,-3.2673561143623076,0.030029414,0.010414011,0.00532339,0.0,9.250258928287396,10.246878968635448,2.899284839630127,0.12241855263710022,0.19579438865184784,0.20599141716957092,0.8524116048701513,0.5895864367485046,4.069745783115408,9.475998555800695,9.266996615856327,True
KGZ,Kyrgyzstan,2003,3.0211718779387553,4.67997446284322,-3.919659532809483,0.029992651999999998,0.030029414,0.010375559999999999,7.036398e-06,9.21711519517111,10.214205407491825,2.918858766555786,0.11099889874458313,0.17015138268470764,0.2187972217798233,0.5755708468897724,0.6418688893318176,-3.314373311628671,9.475998555800695,9.266996615856327,True
KGZ,Kyrgyzstan,2004,4.237687820142355,4.866947059411869,-2.359152949449417,0.039087663,0.029992651999999998,0.026801257000000002,2.6941001e-05,9.247326913950497,10.17500881216373,2.938565254211426,0.07149796932935715,0.14493927359580994,0.22627342492341995,0.44071978088615626,0.6402527093887329,3.0211718779387553,9.475998555800695,9.266996615856327,True
KGZ,Kyrgyzstan,2005,-4.136224908659436,-2.81137305989865,-3.4793416217357986,0.050903854,0.039087663,0.050619435,0.00036651639999999997,9.28970379215192,10.151417282669236,2.958404302597046,0.0796561986207962,0.13187246024608612,0.2647213861346245,0.5068384150775929,0.535286545753479,4.237687820142355,9.475998555800695,9.266996615856327,True
KGZ,Kyrgyzstan,2006,2.11870727311112,-0.12998322606467272,1.3267933915798835,0.10533799999999999,0.050903854,0.10324393999999999,0.00043687668,9.248341543065326,10.116623866451878,2.9783775806427,0.08530428260564804,0.11838452517986298,0.2597572058439255,0.7186255016327969,0.5517218112945557,-4.136224908659436,9.475998555800695,9.266996615856327,True
KGZ,Kyrgyzstan,2007,5.16770092780785,4.214271764085234,-0.4715496925392415,0.12306900000000001,0.10533799999999999,0.23885816999999998,0.0005228631599999999,9.269528615796437,10.129891800367677,3.0132510662078857,0.11227128654718399,0.11927217990159988,0.2915383651852608,0.9615035412952722,0.6642117500305176,2.11870727311112,9.475998555800695,9.266996615856327,True
KGZ,Kyrgyzstan,2008,6.1026261756071065,5.44855670551735,1.1565753738754125,0.14029999999999998,0.12306900000000001,0.40808937,0.00058625717,9.321205625074516,10.125176303442284,3.048532724380493,0.11216669529676437,0.1261235475540161,0.3365722596645355,1.1642641087463046,0.6243505477905273,5.16770092780785,9.475998555800695,9.266996615856327,True
KGZ,Kyrgyzstan,2009,1.001503310143903,1.0548599314754425,1.588093798182122,0.157,0.14029999999999998,0.63528374,0.0035623637,9.382231886830587,10.136742057181038,3.0842275619506836,0.11130184680223465,0.1327783763408661,0.4333043247461319,1.3523434651747213,0.5630979537963867,6.1026261756071065,9.475998555800695,9.266996615856327,True
KGZ,Kyrgyzstan,2010,-2.385612892587474,-4.105308659155077,0.7905251538289804,0.16,0.157,0.8312555,0.0032150753999999997,9.392246919932026,10.15262299516286,3.120340347290039,0.10441350936889648,0.16670536994934082,0.3462126925587654,1.5058517136316674,0.546771764755249,1.001503310143903,9.475998555800695,9.266996615856327,True
KGZ,Kyrgyzstan,2011,3.275835021847584,1.9300244646635676,-0.33307604443155725,0.163,0.16,0.9606166,0.0041977426,9.368390791006151,10.16052824670115,3.1568760871887207,0.09858009219169617,0.2197866141796112,0.39702770859003067,1.6284263453231862,0.5347025394439697,-2.385612892587474,9.475998555800695,9.266996615856327,True
KGZ,Kyrgyzstan,2012,-1.4601554966137797,-4.087317756524579,2.5691610083651284,0.175,0.163,1.1220071,0.006978239000000001,9.401149141224627,10.157197486256834,3.195667028427124,0.08485954254865646,0.2702258229255676,0.4096018522977829,1.7482551422448145,0.5163225531578064,3.275835021847584,9.475998555800695,9.266996615856327,True
KGZ,Kyrgyzstan,2013,10.367074202447313,7.508663339927889,3.6472524333648337,0.198,0.175,1.19333435,0.0095872587,9.386547586258489,10.182889096340485,3.235574960708618,0.11596047878265381,0.27380573749542236,0.4450587257742882,1.8610711500722799,0.5636155605316162,-1.4601554966137797,9.475998555800695,9.266996615856327,True
KGZ,Kyrgyzstan,2014,1.24403734620131,-0.7005369504465758,1.8323087971346297,0.23,0.198,1.1621789,0.02349374,9.490218328282962,10.219361620674134,3.2766401767730713,0.1145433858036995,0.22524121403694153,0.4145870953798294,1.9330852886678018,0.5244450569152832,10.367074202447313,9.475998555800695,9.266996615856327,True
KGZ,Kyrgyzstan,2015,0.8333850408320131,-0.8926511815143902,1.484032875883834,0.28300000000000003,0.23,1.282305,0.028941467,9.502658701744975,10.23768470864548,3.3189046382904053,0.1088562086224556,0.22729144990444183,0.28945883736014366,1.9563618757597823,0.5292330384254456,1.24403734620131,9.475998555800695,9.266996615856327,True
KGZ,Kyrgyzstan,2016,2.919933997289448,0.8529282043648972,3.4026219963223525,0.30247,0.28300000000000003,1.2628437,0.035242445,9.510992552153295,10.252525037404318,3.362412929534912,0.13727526366710663,0.2604367733001709,0.3039671927690506,1.9416463695238084,0.5081639289855957,0.8333850408320131,9.475998555800695,9.266996615856327,True
KGZ,Kyrgyzstan,2017,4.369655594504707,1.6751883510364112,4.856506606865985,0.405262,0.30247,1.2463903,0.039432676,9.54019189212619,10.286551257367542,3.4072105884552,0.13809901475906372,0.2605135142803192,0.2580973953008652,1.914870809953051,0.5243369936943054,2.919933997289448,9.475998555800695,9.266996615856327,True
KGZ,Kyrgyzstan,2018,1.5834211971421652,-1.0865797291084207,3.1804006436004784,0.508053,0.405262,1.3613765,0.04148019,9.583888448071237,10.335116323436202,3.453345775604248,0.13260021805763245,0.31646478176116943,0.26110879331827164,1.8820256600373009,0.4902131259441376,4.369655594504707,9.475998555800695,9.266996615856327,True
KGZ,Kyrgyzstan,2019,2.731138285117396,0.5004357542191998,3.3499127182874844,0.628,0.508053,1.3774228,0.03951791,9.599722660042659,10.366920329872206,3.500868320465088,0.1429568976163864,0.3028566241264343,0.2688896507024765,1.8297159748537517,0.4798436462879181,1.5834211971421652,9.475998555800695,9.266996615856327,True
KOR,Republic of Korea,1996,5.4134094709374025,1.0837773495504133,8.081927796423116,0.008199999999999999,0.00311,0.03615707,0.0,10.580177377994072,12.09256200350239,3.0144412517547607,0.4797776937484741,0.10715218633413315,0.4805918484926224,1.0485844490918605,0.5641267895698547,6.324852999550501,10.654252796211036,10.46608879727272,True
KOR,Republic of Korea,1997,4.2412131717375345,1.563397331827765,6.86509855547186,0.016200000000000003,0.008199999999999999,0.06966661,0.0,10.634311472703446,12.173381281466622,3.0491771697998047,0.5036424994468689,0.10629144310951233,0.47207196056842804,1.0072188670293247,0.5729197263717651,5.4134094709374025,10.654252796211036,10.46608879727272,True
KOR,Republic of Korea,1998,0.7447223311089601,-2.710713703271611,10.891231380041688,0.036000000000000004,0.016200000000000003,0.14966118,0.0,10.676723604420822,12.24203226702134,3.08431339263916,0.43149444460868835,0.10521513968706131,0.5123027861118317,0.9680252914695764,0.5485026240348816,4.2412131717375345,10.654252796211036,10.46608879727272,True
KOR,Republic of Korea,1999,8.96481648415719,6.34361218219169,3.3816914024527023,0.0678,0.036000000000000004,0.30310343,0.00030270102,10.684170827731911,12.350944580821757,3.119854211807251,0.3064267337322235,0.11653146147727966,0.5069366991519928,0.9150072278055976,0.5187150835990906,0.7447223311089601,10.654252796211036,10.46608879727272,True
KOR,Republic of Korea,2000,4.566616898349984,2.062222403262548,1.8932240510901366,0.23600000000000002,0.0678,0.5039230299999999,0.005975867500000001,10.773818992573483,12.384761494846284,3.1558046340942383,0.30905434489250183,0.10437382757663727,0.5085527151823044,0.846386841344815,0.5108062028884888,8.96481648415719,10.654252796211036,10.46608879727272,True
KOR,Republic of Korea,2001,2.8704500727009474,0.69789928847456,3.5579732184709556,0.447,0.23600000000000002,0.57340843,0.082751255,10.819485161556983,12.403693735357185,3.192169427871704,0.328864187002182,0.10499577969312668,0.6054694056510925,0.7675855308814317,0.506752073764801,4.566616898349984,10.654252796211036,10.46608879727272,True
KOR,Republic of Korea,2002,4.677293201163479,3.4037031117117533,2.7615076259834836,0.5660000000000001,0.447,0.6174204,0.16618715,10.848189662283993,12.439273467541895,3.218729019165039,0.3284643590450287,0.11911503225564957,0.5534231066703796,0.6877692377678102,0.5106097459793091,2.8704500727009474,10.654252796211036,10.46608879727272,True
KOR,Republic of Korea,2003,3.208262368750603,0.8476674739997969,5.548070793699367,0.594,0.5660000000000001,0.6837864,0.21999323,10.894962594295627,12.46688854380173,3.245509624481201,0.33270829916000366,0.12811104953289032,0.5476932525634766,0.6129701800827725,0.5056726932525635,4.677293201163479,10.654252796211036,10.46608879727272,True
KOR,Republic of Korea,2004,3.1136894593299047,1.7343469196480055,3.205785026027641,0.655,0.594,0.7069842,0.23526668999999997,10.927045217983133,12.522369251738724,3.272512912750244,0.35402435064315796,0.1258007287979126,0.5730917751789093,0.5430073482179942,0.5120381116867065,3.208262368750603,10.654252796211036,10.46608879727272,True
KOR,Republic of Korea,2005,3.3477671801072972,1.8021322729185052,3.9123323933354825,0.727,0.655,0.76705025,0.24994068,10.958182112576432,12.554427101999,3.29974102973938,0.36611902713775635,0.11962234973907471,0.6534322202205658,0.480690483913504,0.50962233543396,3.1136894593299047,10.654252796211036,10.46608879727272,True
KOR,Republic of Korea,2006,3.734493961368557,1.6516832301885762,3.260587355746658,0.735,0.727,0.8012749499999999,0.25476055,10.991659784377505,12.593550425932355,3.327195644378662,0.3743496537208557,0.11593738943338394,0.68707075715065,0.4272511015361413,0.5183563232421875,3.3477671801072972,10.654252796211036,10.46608879727272,True
KOR,Republic of Korea,2007,4.233104958166933,2.8799474046524236,3.2095609835741,0.7809999999999999,0.735,0.8373262,0.29251647999999997,11.029004723991191,12.626156299489821,3.3548786640167236,0.3791303038597107,0.11799190193414688,0.747488260269165,0.3676478798318339,0.5230861902236938,3.734493961368557,10.654252796211036,10.46608879727272,True
KOR,Republic of Korea,2008,2.5240869599617355,2.137547860644186,3.618186415171998,0.7879999999999999,0.7809999999999999,0.9209402,0.3053253,11.07133577357286,12.658251909325562,3.3827919960021973,0.3769325315952301,0.11802081763744354,0.7646450698375702,0.3152912555106635,0.5193971991539001,4.233104958166933,10.654252796211036,10.46608879727272,True
KOR,Republic of Korea,2009,1.336511393639661,-0.0696901524514279,4.252628006964088,0.81,0.7879999999999999,0.9431409,0.32001766000000004,11.096576643172478,12.694433773477282,3.410937547683716,0.38692256808280945,0.12306038290262222,0.8301782608032227,0.3006520487270681,0.5169674158096313,2.5240869599617355,10.654252796211036,10.46608879727272,True
KOR,Republic of Korea,2010,5.23338151341175,3.6184089662673635,2.4748044180068263,0.816,0.81,0.9875899499999999,0.33675975999999996,11.109941757108874,12.736960053546923,3.439317226409912,0.3375520706176758,0.1338268667459488,0.7347249090671539,0.33493411803715567,0.5113298296928406,1.336511393639661,10.654252796211036,10.46608879727272,True
KOR,Republic of Korea,2011,1.8715563269484647,0.8708277194800128,1.7739023671946796,0.8370000000000001,0.816,1.0409665,0.3525632,11.162275572242992,12.761708097726991,3.467933177947998,0.35292819142341614,0.1341436356306076,0.8704515099525452,0.40078685223869925,0.49587032198905945,5.23338151341175,10.654252796211036,10.46608879727272,True
KOR,Republic of Korea,2012,0.6183966913248184,-0.4053242942442501,1.3822504434292782,0.8375912,0.8370000000000001,1.068783,0.36353306,11.180991135512476,12.779447121398938,3.4984607696533203,0.35172826051712036,0.14197324216365814,1.0520998239517212,0.4842829430031337,0.5037407875061035,1.8715563269484647,10.654252796211036,10.46608879727272,True
KOR,Republic of Korea,2013,1.6315054345900748,0.48212507675024635,1.562493743314164,0.8406999999999999,0.8375912,1.0811468499999999,0.36800034,11.187175102425725,12.793269625833231,3.5295772552490234,0.34155839681625366,0.14353172481060028,1.0854685306549072,0.5498036931022021,0.5085257291793823,0.6183966913248184,10.654252796211036,10.46608879727272,True
KOR,Republic of Korea,2014,0.9259081947568859,0.6322778462227421,0.7722587265897474,0.8477,0.8406999999999999,1.09206245,0.37421770000000004,11.203490156771625,12.808894563266373,3.5612964630126953,0.34271734952926636,0.15104670822620392,1.078070342540741,0.5678500393673236,0.5114167332649231,1.6315054345900748,10.654252796211036,10.46608879727272,True
KOR,Republic of Korea,2015,1.7953858848805737,-0.04035876607551697,2.152832943270866,0.8755682,0.8477,1.1335858,0.3798831,11.212749238719194,12.81661715053227,3.5936331748962402,0.3406728208065033,0.153352290391922,1.0214253067970276,0.5194277909263967,0.5181786417961121,0.9259081947568859,10.654252796211036,10.46608879727272,True
KOR,Republic of Korea,2016,2.106412860698903,0.6785474828447065,2.5616550693918327,0.8989625499999999,0.8755682,1.1559544,0.39275955,11.230703097568,12.838145479964979,3.6266024112701416,0.32539933919906616,0.15107716619968414,0.8802090585231781,0.4243008997938613,0.5215386152267456,1.7953858848805737,10.654252796211036,10.46608879727272,True
KOR,Republic of Korea,2017,2.1062840757769763,1.3416483173818803,2.8231436960336254,0.92843025,0.8989625499999999,1.1948950999999999,0.40071247,11.251767226174989,12.863762030658897,3.66021990776062,0.3302333652973175,0.1518566608428955,0.810991495847702,0.31503696497345857,0.5199909806251526,2.106412860698903,10.654252796211036,10.46608879727272,True
KOR,Republic of Korea,2018,2.761070913197017,1.258291280021214,3.1605073275924767,0.9506941999999999,0.92843025,1.2364207,0.411681,11.272830066932759,12.891993467619233,3.6945011615753174,0.35702118277549744,0.15688280761241913,0.8757018148899078,0.2213130637648053,0.5172492861747742,2.1062840757769763,10.654252796211036,10.46608879727272,True
KOR,Republic of Korea,2019,1.2053355829886314,-0.07852564392837619,1.9357785296735486,0.9602286,0.9506941999999999,1.2849463,0.41218994000000003,11.300440776064729,12.923598540895158,3.7294631004333496,0.3448745906352997,0.16448001563549042,0.8990988731384277,0.1472423916007326,0.5172492861747742,2.761070913197017,10.654252796211036,10.46608879727272,True
KWT,Kuwait,1996,-5.457855071690076,-0.5237358645583945,-5.9843043550982244,0.00203,0.00147,0.07105331,0.0,11.887968456682975,12.681484446802733,2.0264015197753906,0.2404828518629074,0.28263044357299805,0.6138972491025925,-3.2715075535229454,0.23374314606189728,2.679781175492657,11.169914517474352,11.521307340676234,True
KWT,Kuwait,1997,-5.188449806641771,-0.8533232571911187,-5.291032948660046,0.00856,0.00203,0.08868749,0.0,11.833389905966074,12.62164140325175,2.042160749435425,0.22718554735183716,0.21999570727348328,0.6686137765645981,1.2964962759848153,0.23374314606189728,-5.457855071690076,11.169914517474352,11.521307340676234,True
KWT,Kuwait,1998,-0.5489967564081155,-2.075496651833486,1.1916821641843711,0.0217,0.00856,0.11921874,0.0,11.781505407899656,12.56873107376515,2.0580427646636963,0.20931962132453918,0.22975103557109833,0.6502495408058167,4.999313436310048,0.23374314606189728,-5.188449806641771,11.169914517474352,11.521307340676234,True
KWT,Kuwait,1999,-0.36267051149589946,-3.3137764424767124,3.882732088955798,0.0305,0.0217,0.13739706,0.0,11.776015440335575,12.580647895406994,2.0740482807159424,0.27696627378463745,0.2658213675022125,0.5070193856954575,6.828418847641005,0.23374314606189728,-0.5489967564081155,11.169914517474352,11.521307340676234,True
KWT,Kuwait,2000,6.41651165621866,4.893355333744475,2.5445269519382308,0.047599999999999996,0.0305,0.15979317,0.0,11.772388735220616,12.619475216296552,2.0901780128479004,0.2241477519273758,0.24534985423088074,0.5682405382394791,6.374073980411077,0.23374314606189728,-0.36267051149589946,11.169914517474352,11.521307340676234,True
KWT,Kuwait,2001,0.8490438115417831,-0.5903977444106534,2.235859992132383,0.06731395700000001,0.047599999999999996,0.2435145,0.0,11.836553851782803,12.644920485815934,2.106433391571045,0.15393050014972687,0.18478557467460632,0.7448447197675705,4.678993919292762,0.23374314606189728,6.41651165621866,11.169914517474352,11.521307340676234,True
KWT,Kuwait,2002,-3.4709308704037767,-0.5288222705872259,-3.237604328094079,0.08551792000000001,0.06731395700000001,0.43718482999999997,0.0024898898999999998,11.84504428989822,12.667279085737258,2.1022276878356934,0.20544159412384033,0.20780982077121735,0.7286349833011627,2.8041047496667026,0.23374314606189728,0.8490438115417831,11.169914517474352,11.521307340676234,True
KWT,Kuwait,2003,11.14584301976631,11.330762991890975,-0.13665948839598485,0.10248968,0.08551792000000001,0.59563858,0.005097152000000001,11.810334981194183,12.634903042456317,2.0980303287506104,0.24538518488407135,0.21354857087135315,0.7000107169151306,1.5902590616912016,0.23374314606189728,-3.4709308704037767,11.169914517474352,11.521307340676234,True
KWT,Kuwait,2004,3.2619864509857877,4.326292574710622,-1.6035773780560092,0.22402939,0.10248968,0.67302376,0.0061614849999999995,11.921793411391846,12.633536447572357,2.093841314315796,0.22963325679302216,0.1867743581533432,0.7041480094194412,1.145914377990287,0.23374314606189728,11.14584301976631,11.169914517474352,11.521307340676234,True
KWT,Kuwait,2005,1.5772513206087524,2.799638653837355,-1.6753930485242208,0.22927113,0.22402939,0.8225794000000001,0.0092707616,11.954413275901704,12.617500673791797,2.08966064453125,0.23704004287719727,0.16202953457832336,0.7157579660415649,1.7820255446249433,0.23374314606189728,3.2619864509857877,11.169914517474352,11.521307340676234,True
KWT,Kuwait,2006,-3.716768267823589,-3.546984536766107,-1.2216356803030237,0.259261,0.22927113,0.6178878,0.011176740999999999,11.970185789107791,12.600746743306555,2.0854883193969727,0.21453243494033813,0.1389426738023758,0.6190095543861389,3.1186080634041824,0.23039913177490234,1.5772513206087524,11.169914517474352,11.521307340676234,True
KWT,Kuwait,2007,-6.215432293341294,-5.383226051695678,-1.3815451067223705,0.287912,0.259261,0.49881866,0.012686422,11.933018106429556,12.588530386503525,2.0977721214294434,0.19708183407783508,0.12305093556642532,0.7351391017436981,4.4571070845728205,0.20940403640270233,-3.716768267823589,11.169914517474352,11.521307340676234,True
KWT,Kuwait,2008,-2.4264266722870076,-8.35909001792221,7.179351349772389,0.348,0.287912,0.56876366,0.013955972,11.870863783496143,12.574714935436301,2.110128402709961,0.24095220863819122,0.11732516437768936,0.732705682516098,5.3458917863696716,0.2200915515422821,-6.215432293341294,11.169914517474352,11.521307340676234,True
KWT,Kuwait,2011,4.7372702401844435,1.1986057885582269,1.7498735123458786,0.614,0.508,1.3519002,0.015628334,11.639747346715136,12.67050806568457,2.1476356983184814,0.2110791802406311,0.12139751762151718,0.6885101646184921,5.879590562440096,0.23741699755191803,-10.275389748936092,11.169914517474352,11.521307340676234,True
KWT,Kuwait,2012,-0.052189806378954984,0.993095832783214,-0.785938328844793,0.6576907,0.614,1.574993,0.015002487,11.68712004911698,12.68800680080803,2.160651683807373,0.15345634520053864,0.09964434057474136,0.6721600219607353,5.721612385959363,0.2453470379114151,4.7372702401844435,11.169914517474352,11.521307340676234,True
KWT,Kuwait,2013,-2.66873708160027,-4.186292331615238,2.47525259133905,0.7045,0.6576907,1.5283072999999998,0.014084401,11.686598151053191,12.680147417519581,2.1738719940185547,0.13211563229560852,0.11054660379886627,0.7208141982555389,5.549848598232843,0.22658875584602356,-0.052189806378954984,11.169914517474352,11.521307340676234,True
KWT,Kuwait,2014,-4.436866215901603,-5.809957524072379,1.909876484679529,0.7545999999999999,0.7045,1.8273842999999999,0.013398918,11.659910780237189,12.704899943432972,2.18730092048645,0.15470901131629944,0.1279211789369583,0.8137239366769791,5.165281555652257,0.24193565547466278,-2.66873708160027,11.169914517474352,11.521307340676234,True
KWT,Kuwait,2015,-4.118768543710871,-6.315069972390602,3.137259181107943,0.787,0.7545999999999999,2.0732364999999997,0.013094126,11.615542118078173,12.723998708279767,2.200942039489746,0.1694684475660324,0.13743098080158234,0.7995035946369171,4.561072438652136,0.24949263036251068,-4.436866215901603,11.169914517474352,11.521307340676234,True
KWT,Kuwait,2016,0.3133165221631984,-6.334342185248497,5.291050492350102,0.82,0.787,1.9989137,0.014343632,11.574354432641064,12.755371300090847,2.2147998809814453,0.2799176573753357,0.17018680274486542,0.7440974414348602,3.844209076386562,0.24949263036251068,-4.118768543710871,11.169914517474352,11.521307340676234,True
KWT,Kuwait,2017,-6.921268613808351,-12.153452645175168,4.440855753836992,0.856,0.82,1.9129422,0.025322360000000002,11.577487597862696,12.808281805014348,2.2288787364959717,0.31823280453681946,0.18864873051643372,0.7119097709655762,3.113104246024534,0.24949263036251068,0.3133165221631984,11.169914517474352,11.521307340676234,True
KWT,Kuwait,2018,-0.5412385221818639,-5.179335806223465,4.220650136831239,0.9799998999999999,0.856,1.718261,0.028334038000000002,11.508274911724612,12.852690362552718,2.243182897567749,0.3177499771118164,0.19255110621452332,0.6874766796827316,2.476710195877452,0.24949263036251068,-6.921268613808351,11.169914517474352,11.521307340676234,True
KWT,Kuwait,2019,-1.2018904465909586,-4.104260880765953,2.9309806400354077,0.9959884999999999,0.9799998999999999,1.6421957,0.024013813000000002,11.502862526502794,12.89489686392103,2.2577168941497803,0.28370222449302673,0.17739830911159515,0.7051253318786621,1.9824627329347422,0.24949263036251068,-0.5412385221818639,11.169914517474352,11.521307340676234,True
LAO,Lao People's DR,1999,4.187441738722342,0.9056803430363032,6.035562218446167,9.66e-05,,0.0012298639,0.0,8.635719751357298,9.243324671322428,1.6570496559143066,0.22991719841957092,0.17107322812080383,0.2681564390659332,1.8497392057308382,0.4206836521625519,1.0022090939065365,8.085969986669722,8.462192039745991,True
LAO,Lao People's DR,2000,2.7884362024579445,1.8120365494950468,1.9482669234824002,0.000378,9.66e-05,0.0022617741,0.0,8.677594168744521,9.30368029350689,1.6720776557922363,0.26809757947921753,0.17986075580120087,0.2575172185897827,1.7484926102294462,0.4206836521625519,4.187441738722342,8.085969986669722,8.462192039745991,True
LAO,Lao People's DR,2001,2.5932317505887426,1.8778884325724474,2.576437297141787,0.00111044034,0.000378,0.0023348379,0.0,8.705478530769101,9.323162962741714,1.687242031097412,0.21162226796150208,0.17467001080513,0.278674840927124,1.67356145959765,0.4206836521625519,2.7884362024579445,8.085969986669722,8.462192039745991,True
LAO,Lao People's DR,2002,3.7966481819916353,0.881904327277206,6.138951358641975,0.0018166446999999999,0.00111044034,0.005350918,0.0,8.731410848274988,9.348927335713132,1.701891541481018,0.19328071177005768,0.17192837595939636,0.22714009881019592,1.6003275212870038,0.4206836521625519,2.5932317505887426,8.085969986669722,8.462192039745991,True
LAO,Lao People's DR,2003,3.1765455532617892,0.734342502156949,5.348580221051513,0.0026789924999999996,0.0018166446999999999,0.0098308843,0.0,8.769377330094905,9.410316849299551,1.714815378189087,0.2295730859041214,0.2288246899843216,0.19928788393735886,1.5347512080563064,0.4206836521625519,3.7966481819916353,8.085969986669722,8.462192039745991,True
LAO,Lao People's DR,2004,3.826423882816954,-0.6386062067019337,7.298925634301412,0.0033391246000000004,0.0026789924999999996,0.019704472,4.3875468e-06,8.801142785627523,9.463802651510067,1.7260257005691528,0.23677685856819153,0.20506668090820312,0.17326097935438156,1.5067106861552215,0.41199707984924316,3.1765455532617892,8.085969986669722,8.462192039745991,True
LAO,Lao People's DR,2005,3.4713008194962924,-0.9448236150706009,7.39041753038876,0.0036143449999999997,0.0033391246000000004,0.035317228,8.648086e-06,8.839407024455692,9.53679190785308,1.7373093366622925,0.2656175196170807,0.20107421278953552,0.19041460007429123,1.5227477660453514,0.4076048731803894,3.826423882816954,8.085969986669722,8.462192039745991,True
LAO,Lao People's DR,2006,-2.337811972353876,-9.738359262582843,11.255625503478406,0.008504000000000001,0.0036143449999999997,0.1120241,5.3496680000000004e-05,8.874120032650655,9.610696083156968,1.748666763305664,0.2808423340320587,0.20139284431934357,0.2471921741962433,1.5677368447999385,0.39798420667648315,3.4713008194962924,8.085969986669722,8.462192039745991,True
LAO,Lao People's DR,2008,5.982643989079506,-0.7566056846346967,11.794608780833471,0.016399999999999998,0.011699,0.24411349999999998,0.00018741013000000002,9.003222221901732,9.867788468969408,1.773318886756897,0.3406961262226105,0.15948328375816345,0.2712131440639496,1.6771458421614538,0.39798420667648315,15.24803089746154,8.085969986669722,8.462192039745991,True
LAO,Lao People's DR,2009,5.814080668453414,0.916654168469401,10.023286266578957,0.0355,0.016399999999999998,0.32885723,0.00047097325000000005,9.063048661792527,9.985734556777743,1.7857749462127686,0.3267420828342438,0.1523745208978653,0.3155227452516556,1.6957654979869785,0.39798420667648315,5.982643989079506,8.085969986669722,8.462192039745991,True
LAO,Lao People's DR,2010,6.365020608479455,2.724783966008877,6.5978654738719555,0.06,0.0355,0.5182357400000001,0.0006916448999999999,9.121189468477061,10.085967419443532,1.7983185052871704,0.2898772358894348,0.24079494178295135,0.2937775105237961,1.6728716071236827,0.39798420667648315,5.814080668453414,8.085969986669722,8.462192039745991,True
LAO,Lao People's DR,2011,6.312400807366458,1.6363680769948965,8.00037844644983,0.07,0.06,0.6320291,0.0009290843,9.184839674561855,10.151946074182252,1.8109501600265503,0.23453015089035034,0.21446987986564636,0.3627099096775055,1.6219700513526503,0.39798420667648315,6.365020608479455,8.085969986669722,8.462192039745991,True
LAO,Lao People's DR,2012,6.170465704144412,-0.18245856855061146,10.580720517197406,0.09,0.07,0.8528396600000001,0.00101858065,9.24796368263552,10.23194985864675,1.8242853879928589,0.2387479841709137,0.20859883725643158,0.41755788028240204,1.5623735054700827,0.39798420667648315,6.312400807366458,8.085969986669722,8.462192039745991,True
LAO,Lao People's DR,2013,6.328338768075703,0.7319491414582123,8.93591962807001,0.107477,0.09,0.6596126,0.0011624521999999999,9.309668339676964,10.337757063818724,1.83793306350708,0.25103262066841125,0.23442304134368896,0.4208231419324875,1.5160119106409242,0.39798420667648315,6.170465704144412,8.085969986669722,8.462192039745991,True
LAO,Lao People's DR,2014,6.010798500065739,0.17355445504987663,9.063144966049386,0.125,0.107477,0.6976770999999999,0.0013650694,9.372951727357721,10.427116260099424,1.851901888847351,0.2234814465045929,0.28605905175209045,0.4454501122236252,1.4904824988945853,0.39798420667648315,6.328338768075703,8.085969986669722,8.462192039745991,True
LAO,Lao People's DR,2015,5.815167428743884,-0.22557708308697655,8.977783557814156,0.1426,0.125,0.6890149999999999,0.0024046824999999997,9.433059712358379,10.517747709759918,1.8662015199661255,0.22978197038173676,0.25016841292381287,0.452880397439003,1.4938681852112445,0.39798420667648315,6.010798500065739,8.085969986669722,8.462192039745991,True
LAO,Lao People's DR,2016,4.645970947236222,-0.2471969656242554,7.517873750895099,0.182,0.1426,0.5479795,0.0021391883,9.491211386645817,10.60752554533806,1.8808412551879883,0.24438704550266266,0.2519817352294922,0.4661824405193329,1.5157394484768494,0.39798420667648315,5.815167428743884,8.085969986669722,8.462192039745991,True
LAO,Lao People's DR,2017,4.629141957756389,0.2268023360280884,6.663374411945178,0.2187,0.182,0.5729662,0.00353549,9.53767109611818,10.682704282847011,1.8958312273025513,0.23937450349330902,0.22754035890102386,0.4121284931898117,1.5409434657482235,0.39798420667648315,4.645970947236222,8.085969986669722,8.462192039745991,True
LAO,Lao People's DR,2018,4.110939725717344,-0.23646275786983942,6.423273637669702,0.255104,0.2187,0.5288879,0.0038780892,9.583962515695744,10.749338026966463,1.9111815690994263,0.23732906579971313,0.2085515856742859,0.42485713958740234,1.5536209935117284,0.39798420667648315,4.629141957756389,8.085969986669722,8.462192039745991,True
LAO,Lao People's DR,2019,2.5057575478580674,-1.0937325328560124,5.990635528524102,0.36271299999999995,0.255104,0.5137925,0.006366262,9.625071912952917,10.81357076334316,1.9269031286239624,0.2444339543581009,0.207458958029747,0.44482655823230743,1.5480229914720756,0.39798420667648315,4.110939725717344,8.085969986669722,8.462192039745991,True
LKA,Sri Lanka,1996,0.3835384900193972,-0.5619715254561994,0.8796579981485309,5.48e-05,2.77e-05,0.0028230393,0.0,9.695180050885593,10.491639809837332,2.6763644218444824,0.18816101551055908,0.18905901908874512,0.19429848343133926,0.816986744030368,0.423056423664093,3.9530494812270334,9.497825014820561,9.621074570575006,True
LKA,Sri Lanka,1997,4.97245722830133,3.4871189115500063,3.3039378250299123,0.000545,5.48e-05,0.0038765985,0.0,9.699015435785787,10.500436389818818,2.712902307510376,0.18617458641529083,0.1920924186706543,0.19132041931152344,0.6794635293219553,0.42129501700401306,0.3835384900193972,9.497825014820561,9.621074570575006,True
LKA,Sri Lanka,1998,-2.9298656173311954,-2.6113057771905717,-2.0542333157013815,0.0016200000000000001,0.000545,0.0062272877,0.0,9.7487400080688,10.533475768069117,2.74993896484375,0.1878884732723236,0.18536147475242615,0.2085527777671814,0.5625264370833882,0.41591158509254456,4.97245722830133,9.497825014820561,9.621074570575006,True
LKA,Sri Lanka,1999,3.641715211405838,0.021809323611619857,4.425878020113672,0.00296,0.0016200000000000001,0.00938548,0.0,9.719441351895489,10.512933434912103,2.7874815464019775,0.1933770626783371,0.16930629312992096,0.2077217474579811,0.5059966920743175,0.41366177797317505,-2.9298656173311954,9.497825014820561,9.621074570575006,True
LKA,Sri Lanka,2000,2.1270043884873857,-0.704767588863149,1.5848147666359225,0.0034799999999999996,0.00296,0.013746617999999999,0.0,9.755858504009547,10.55719221511324,2.8255364894866943,0.19590668380260468,0.16519686579704285,0.2436770275235176,0.5301683748808905,0.41473615169525146,3.641715211405838,9.497825014820561,9.621074570575006,True
LKA,Sri Lanka,2001,-0.1991715095446267,-2.0208840922170177,4.228890606607116,0.0064741004,0.0034799999999999996,0.022298284,0.0,9.77712854789442,10.573040362779599,2.8641109466552734,0.2164054811000824,0.16232547163963318,0.28300946950912476,0.6106551981324149,0.4047008156776428,2.1270043884873857,9.497825014820561,9.621074570575006,True
LKA,Sri Lanka,2002,-0.49674418293186307,3.5055922791953478,-0.8774109920887341,0.007938219,0.0064741004,0.03406376,1.6683366e-05,9.775136832798974,10.61532926884567,2.871182680130005,0.19073346257209778,0.15128757059574127,0.2620386481285095,0.7117641130672148,0.3990733027458191,-0.1991715095446267,9.497825014820561,9.621074570575006,True
LKA,Sri Lanka,2003,-1.5339363571769127,1.6787513727272856,-2.4765519830364013,0.010504227,0.007938219,0.04702689,2.9890307e-05,9.770169390969656,10.606555158924783,2.878272294998169,0.19232259690761566,0.13152067363262177,0.2572879195213318,0.7939745632860262,0.3687955141067505,-0.49674418293186307,9.497825014820561,9.621074570575006,True
LKA,Sri Lanka,2004,0.011651894200603863,-3.2254312111628507,1.1033390961328493,0.014585803,0.010504227,0.06983944,0.00017126514,9.754830027397887,10.581789639094419,2.8853793144226074,0.20062333345413208,0.12433372437953949,0.23004921525716782,0.8439313004912741,0.38950857520103455,-1.5339363571769127,9.497825014820561,9.621074570575006,True
LKA,Sri Lanka,2005,4.391572391554455,0.3907688884488586,5.19094456090361,0.014461599999999998,0.014585803,0.11007574,0.0010180407,9.754946546339893,10.592823030055747,2.8925039768218994,0.2211940884590149,0.12717920541763306,0.2415696531534195,0.8449207102442902,0.3865502178668976,0.011651894200603863,9.497825014820561,9.621074570575006,True
LKA,Sri Lanka,2007,7.466451446023115,1.3056036428425157,8.353399689982588,0.025375662,0.017920000000000002,0.26593882,0.00112492815,9.929248619128243,10.776010011395627,2.8966329097747803,0.24287106096744537,0.14000965654850006,0.24515242874622345,0.7695262555675875,0.3745318651199341,13.038634887280587,9.497825014820561,9.621074570575006,True
LKA,Sri Lanka,2008,-2.475392134500609,-0.8442289447664675,-1.2615793880572213,0.0388,0.025375662,0.38958015,0.0030871227,10.003913133588474,10.859544008295453,2.893623113632202,0.2405157834291458,0.14420248568058014,0.2371290847659111,0.7388972911008374,0.37712910771369934,7.466451446023115,9.497825014820561,9.621074570575006,True
LKA,Sri Lanka,2009,4.081018353054233,0.456616039504118,6.959304021670043,0.048244999999999996,0.0388,0.53721706,0.004940624,9.979159212243468,10.84692821441488,2.8906164169311523,0.23902735114097595,0.15387633442878723,0.23728647828102112,0.712803199874168,0.3914257287979126,-2.475392134500609,9.497825014820561,9.621074570575006,True
LKA,Sri Lanka,2010,6.339112320982743,1.1737594514804193,5.604103920706471,0.058685,0.048244999999999996,0.7855596,0.00817096,10.01996939577401,10.916521254631581,2.8876125812530518,0.22082573175430298,0.16774779558181763,0.1670224890112877,0.6957531168018338,0.3854019343852997,4.081018353054233,9.497825014820561,9.621074570575006,True
LKA,Sri Lanka,2011,9.488413946002794,0.6596147072919605,9.938474451428903,0.069124,0.058685,0.831421,0.010935151999999998,10.083360518983838,10.972562293838646,2.8846120834350586,0.2285027652978897,0.16276463866233826,0.1854604333639145,0.6845546674346892,0.38660508394241333,6.339112320982743,9.497825014820561,9.621074570575006,True
LKA,Sri Lanka,2012,10.116306953106857,2.471396242664414,10.095479589458023,0.07956400000000001,0.069124,0.8719789,0.017087876,10.178244658443866,11.071947038352935,2.8816287517547607,0.2485112100839615,0.1519937962293625,0.2280508652329445,0.6726991080583833,0.3791646361351013,9.488413946002794,9.497825014820561,9.621074570575006,True
LKA,Sri Lanka,2013,0.8078812157702231,0.06070278272819543,5.593128849958262,0.09000400000000001,0.07956400000000001,0.9132423,0.016722205,10.279407727974935,11.172901834247515,2.878653049468994,0.27351388335227966,0.15874004364013672,0.19220150634646416,0.6552645282541736,0.3588920533657074,10.116306953106857,9.497825014820561,9.621074570575006,True
LKA,Sri Lanka,2014,4.594525853559617,-0.06846604093256776,6.4162334666026055,0.10044399999999999,0.09000400000000001,0.9511360000000001,0.019867992,10.287486540132637,11.228833122747098,2.875684976577759,0.22984811663627625,0.1588694155216217,0.1805369034409523,0.6333020532532707,0.36759501695632935,0.8078812157702231,9.497825014820561,9.621074570575006,True
LKA,Sri Lanka,2015,3.1993422253233206,0.4844782873054983,4.423057254333251,0.10500003,0.10044399999999999,1.0267104999999999,0.026341903000000003,10.333431798668233,11.292995457413124,2.872724771499634,0.22749127447605133,0.1684986650943756,0.19351749122142792,0.6053590852983959,0.3736500144004822,4.594525853559617,9.497825014820561,9.621074570575006,True
LKA,Sri Lanka,2016,2.905886630703769,0.08983803018874098,4.776234717278527,0.15262499999999998,0.10500003,1.09984695,0.028804319999999998,10.365425220921466,11.337226029956456,2.86977219581604,0.22606921195983887,0.18061059713363647,0.1974797025322914,0.5732673888169337,0.39989912509918213,3.1993422253233206,9.497825014820561,9.621074570575006,True
LKA,Sri Lanka,2017,0.2967470864977173,-1.4526559437781867,3.0091693849383816,0.22190000000000001,0.15262499999999998,1.1773752,0.040718965999999995,10.394484087228504,11.384988377129241,2.8668270111083984,0.19990170001983643,0.17477069795131683,0.19519972056150436,0.5396920524274762,0.3972448706626892,2.905886630703769,9.497825014820561,9.621074570575006,True
LKA,Sri Lanka,2018,5.632388111992626,1.0785263987004063,7.739666211948659,0.250755,0.22190000000000001,1.2766975,0.055257626000000004,10.397451558093481,11.415080070978625,2.863889694213867,0.23663228750228882,0.1762005239725113,0.20631691813468933,0.5070616825654906,0.39481329917907715,0.2967470864977173,9.497825014820561,9.621074570575006,True
LKA,Sri Lanka,2019,0.2139866944681046,-1.5407960803742862,3.190893559974839,0.283362,0.250755,1.3608422999999998,0.0693976,10.453775439213407,11.492476733098112,2.860959768295288,0.23853394389152527,0.16442745923995972,0.20446894317865372,0.475631784224273,0.4114750027656555,5.632388111992626,9.497825014820561,9.621074570575006,True
LSO,Lesotho,1997,7.567982650285998,4.685407957466214,6.5799937016834065,2.85e-05,,0.0006454919000000001,0.0,8.462033508907222,9.9415552979827,1.9367798566818237,0.2107021063566208,0.1492082178592682,0.4832516312599182,1.8625132011867551,0.7174146771430969,8.942810996619421,8.885003329650724,8.308381053460892,True
LSO,Lesotho,1998,-4.9966398331667605,-7.4186885444407995,5.177555492914365,5.58e-05,2.85e-05,0.0017743269,0.0,8.537713335410082,10.007355234999535,1.9582232236862183,0.20717954635620117,0.1635909229516983,0.49560094624757767,1.729930503460908,0.7174146771430969,7.567982650285998,8.885003329650724,8.308381053460892,True
LSO,Lesotho,1999,3.3343123726394808,1.935475231352568,4.179790531501126,0.00010999999999999999,5.58e-05,0.004951051000000001,0.0,8.487746937078414,10.059130789928679,1.9799041748046875,0.22083444893360138,0.22195233404636383,0.6131375133991241,1.486425253501955,0.7009662389755249,-4.9966398331667605,8.885003329650724,8.308381053460892,True
LSO,Lesotho,2000,4.504534510914837,3.845003045878881,2.8574069374915467,0.000538,0.00010999999999999999,0.006017321,0.0,8.52109006080481,10.10092869524369,2.0018250942230225,0.20477205514907837,0.20720061659812927,0.553491935133934,1.1059925589865682,0.6845178604125977,3.3343123726394808,8.885003329650724,8.308381053460892,True
LSO,Lesotho,2001,4.136262359273601,3.7715674263086307,2.790355942089917,0.0021180607,0.000538,0.010778911,0.0,8.566135405913958,10.129502764618605,2.023988723754883,0.1964435875415802,0.22504937648773193,0.6282107532024384,0.6451786522527869,0.6680694818496704,4.504534510914837,8.885003329650724,8.308381053460892,True
LSO,Lesotho,2002,0.960297662545706,0.23746461786411377,2.1723629014623214,0.0026115006000000003,0.0021180607,0.02848785,0.0,8.607498029506694,10.157406324039504,2.072481870651245,0.176394984126091,0.22246594727039337,0.639263704419136,0.14432684073940605,0.6516210436820984,4.136262359273601,8.885003329650724,8.308381053460892,True
LSO,Lesotho,2003,5.290409159851528,4.390002520550029,2.3798740232388482,0.010839431,0.0026115006000000003,0.0691605,0.0,8.61710100613215,10.179129953054128,2.1221365928649902,0.1452498733997345,0.24789735674858093,0.6232941299676895,-0.2907836106111228,0.6235261559486389,0.960297662545706,8.885003329650724,8.308381053460892,True
LSO,Lesotho,2004,3.0232766136819578,2.781041904600623,1.9450005244898705,0.015324966,0.010839431,0.06344899700000001,0.0,8.670005097730666,10.202928693286516,2.1729812622070312,0.13431411981582642,0.2552582919597626,0.7187910974025726,-0.5672198020143626,0.6416050791740417,5.290409159851528,8.885003329650724,8.308381053460892,True
LSO,Lesotho,2005,3.2969792848879464,3.2020713160001546,1.1851787673260006,0.021755241999999998,0.015324966,0.09954345999999999,1.1161116e-05,8.700237863867486,10.222378698531415,2.225044012069702,0.12660637497901917,0.2462007701396942,0.8147982060909271,-0.6166576209030716,0.6393890976905823,3.0232766136819578,8.885003329650724,8.308381053460892,True
LSO,Lesotho,2006,4.6664245373703395,6.840630187049324,1.6866198302153634,0.025802000000000002,0.021755241999999998,0.12789364,2.3040577999999997e-05,8.733207656716365,10.234230486204675,2.2783541679382324,0.10700255632400513,0.2623598575592041,0.8431000113487244,-0.49104883364566865,0.6089850068092346,3.2969792848879464,8.885003329650724,8.308381053460892,True
LSO,Lesotho,2007,4.9160951127937835,4.209247418354817,2.068085975782452,0.029797082000000003,0.025802000000000002,0.184011,,8.779871902090068,10.251096684506829,2.223026990890503,0.10673324018716812,0.2545311152935028,0.8082426190376282,-0.30983054865252324,0.5607380867004395,4.6664245373703395,8.885003329650724,8.308381053460892,True
LSO,Lesotho,2008,10.295810636259617,9.20465278724209,2.9262119238651962,0.034454312,0.029797082000000003,0.24699888,5.6315875e-05,8.829032853218006,10.271777544264653,2.1690433025360107,0.1411813497543335,0.26970839500427246,0.8666698634624481,-0.1517277359603053,0.5440478920936584,4.9160951127937835,8.885003329650724,8.308381053460892,True
LSO,Lesotho,2009,1.9801341373655745,2.062042893560573,2.5276725347170625,0.0358,0.034454312,0.30165453,7.119099e-05,8.931990959580602,10.301039663503305,2.116370439529419,0.17146483063697815,0.2765371799468994,0.7507758885622025,0.010417581464727821,0.5377707481384277,10.295810636259617,8.885003329650724,8.308381053460892,True
LSO,Lesotho,2010,6.385471236335505,6.564097693079929,2.9503379300663823,0.037200000000000004,0.0358,0.33368958,0.00020193014,8.951792300954258,10.326316388850476,2.064976930618286,0.19111499190330505,0.2889842689037323,0.7240839451551437,0.15095822601938202,0.5917554497718811,1.9801341373655745,8.885003329650724,8.308381053460892,True
LSO,Lesotho,2011,4.946574120043579,5.573964981927141,3.137656093068486,0.038599999999999995,0.037200000000000004,0.49465122,0.0002003756,9.015647013317613,10.35581976815114,2.014831304550171,0.24705912172794342,0.31801050901412964,1.0728430151939392,0.2734770297852851,0.6130590438842773,6.385471236335505,8.885003329650724,8.308381053460892,True
LSO,Lesotho,2012,6.1090125845638,5.801067569106093,5.349733798189504,0.07,0.038599999999999995,0.61189102,0.0006648431000000001,9.065112754518049,10.387196329081824,1.9713317155838013,0.2382480502128601,0.3300020694732666,1.1583613157272339,0.4104153190135573,0.5963392853736877,4.946574120043579,8.885003329650724,8.308381053460892,True
LSO,Lesotho,2013,3.57259327456223,3.7949537490069316,3.9680019487676077,0.1,0.07,0.7593639,0.0008041865,9.126202880363687,10.44069366706372,1.93038809299469,0.3082209825515747,0.3166363537311554,1.097573161125183,0.5576828523244259,0.6234680414199829,6.1090125845638,8.885003329650724,8.308381053460892,True
LSO,Lesotho,2014,1.3191483703197449,1.6743941943295186,3.108246335032838,0.15,0.1,0.8705527,0.00110624634,9.16192881310931,10.480373686551395,1.8918185234069824,0.2519039213657379,0.2820003926753998,0.8923911452293396,0.6695175081428473,0.6611288785934448,3.57259327456223,8.885003329650724,8.308381053460892,True
LSO,Lesotho,2015,1.1497197582812646,1.0819837094735965,3.2138200121007543,0.22,0.15,1.0282199,0.0007220845,9.175120296812507,10.511456149901724,1.8554567098617554,0.2580709159374237,0.31220415234565735,0.8116641193628311,0.732571624455125,0.6611288785934448,1.3191483703197449,8.885003329650724,8.308381053460892,True
LSO,Lesotho,2016,3.635341828286265,4.19807440107103,2.5648466266718017,0.25,0.22,1.01688194,0.0009797535,9.18661749439532,10.543594350022731,1.8211501836776733,0.2118569165468216,0.28288111090660095,0.7989687919616699,0.759351806673203,0.6611288785934448,1.1497197582812646,8.885003329650724,8.308381053460892,True
LSO,Lesotho,2017,-2.8657281196499795,-2.2731215232239146,2.2627086254372486,0.32453856999999997,0.25,1.07157974,0.0010467410000000001,9.222970912678182,10.56924281628945,1.7887591123580933,0.20986419916152954,0.28910908102989197,0.778472900390625,0.7744984290042556,0.6611288785934448,3.635341828286265,8.885003329650724,8.308381053460892,True
LSO,Lesotho,2018,-1.8981153795129657,-2.0618790497485913,2.2640287536253467,0.39,0.32453856999999997,1.1037008,0.0022349347,9.194313631481682,10.591869902543822,1.7581549882888794,0.20837627351284027,0.3017584979534149,0.8404004275798798,0.7922156633911159,0.6611288785934448,-2.8657281196499795,8.885003329650724,8.308381053460892,True
LSO,Lesotho,2019,-0.4192242909233812,-0.16093423744240887,2.8355442195007186,0.408,0.39,0.7245552000000001,0.002639216,9.175332477686553,10.614510190080075,1.729219675064087,0.2500845789909363,0.3412579596042633,1.1165772080421448,0.7997448254621231,0.6611288785934448,-1.8981153795129657,8.885003329650724,8.308381053460892,True
LTU,Lithuania,1997,7.302283734625448,5.330244362648889,0.6107243421547892,0.0027700000000000003,,0.013694975,0.0,10.089075412992084,11.999524583356445,2.77628231048584,0.11414129287004471,0.44457459449768066,0.49004805088043213,-0.6322244215217321,0.5138431787490845,3.972237984797644,9.990396562936862,10.133230600542548,True
LTU,Lithuania,1998,7.9625833635939,3.5589226090681048,2.7307657250625894,0.00978,0.0027700000000000003,0.044747405000000004,0.0,10.162098250338339,12.005631826777993,2.807870388031006,0.15016046166419983,0.40318524837493896,0.6228081285953522,-0.6638974469653114,0.5334013104438782,7.302283734625448,9.990396562936862,10.133230600542548,True
LTU,Lithuania,1999,1.1020731933323091,-0.15649987884421845,3.626162158990276,0.0197,0.00978,0.07300894000000001,0.0,10.241724083974278,12.032939484028619,2.839818000793457,0.17114141583442688,0.3697846829891205,0.6236768960952759,-0.694293551587033,0.5704949498176575,7.9625833635939,9.990396562936862,10.133230600542548,True
LTU,Lithuania,2000,8.059554152522352,0.6020505096783757,5.276478295472131,0.0292,0.0197,0.09136079000000001,0.0,10.252744815907601,12.069201105618522,2.872129201889038,0.14415375888347626,0.3149257302284241,0.5022093802690506,-0.732889222095956,0.5849420428276062,1.1020731933323091,9.990396562936862,10.133230600542548,True
LTU,Lithuania,2001,10.183287307857825,6.664430098717228,5.071653375285301,0.064270673,0.0292,0.14969709,0.0,10.333340357432824,12.121965888573243,2.9048078060150146,0.12374911457300186,0.30632922053337097,0.5616385340690613,-0.77775736174297,0.5215069651603699,8.059554152522352,9.990396562936862,10.133230600542548,True
LTU,Lithuania,2002,3.0113811361887954,3.462314657064902,-2.0130398120548065,0.07179357,0.064270673,0.29311771,0.00069881864,10.435173230511403,12.172682422326096,2.9379401206970215,0.13707472383975983,0.3018275201320648,0.646685928106308,-0.8089541817374091,0.4927089512348175,10.183287307857825,9.990396562936862,10.133230600542548,True
LTU,Lithuania,2003,7.9177848976890175,7.266197890717802,-0.17373083143095158,0.1769,0.07179357,0.47780025000000004,0.0058071165999999995,10.46528704187329,12.152552024205548,2.9714503288269043,0.1484801024198532,0.30888286232948303,0.7536323070526123,-0.8343610516639011,0.49170464277267456,3.0113811361887954,9.990396562936862,10.133230600542548,True
LTU,Lithuania,2004,7.318757649539265,1.5825747525959528,3.4310971319232664,0.2591,0.1769,0.6155303,0.019556241000000002,10.54446489085018,12.150814715891238,3.005342721939087,0.16158755123615265,0.28140580654144287,0.8089467883110046,-0.8863575373672328,0.48983433842658997,7.9177848976890175,9.990396562936862,10.133230600542548,True
LTU,Lithuania,2005,6.165516881812927,3.9759674367927933,1.4441369086616973,0.3123,0.2591,0.9035925,0.038218093,10.617652467345573,12.185125687210471,3.0396218299865723,0.18171079456806183,0.2655912935733795,0.9637404382228851,-0.9781262461552309,0.49887269735336304,7.318757649539265,9.990396562936862,10.133230600542548,True
LTU,Lithuania,2006,7.101732532413152,4.411246941545706,3.4479701637559756,0.36219999999999997,0.3123,1.310386,0.0704583,10.679307636163703,12.199567056297088,3.074291706085205,0.19745716452598572,0.25026512145996094,1.0887410044670105,-1.0962433356497492,0.5031880736351013,6.165516881812927,9.990396562936862,10.133230600542548,True
LTU,Lithuania,2007,8.678004699863706,5.291147942736548,2.6211102652711205,0.439,0.36219999999999997,1.4429639,0.1127635,10.750324961487834,12.234046757934648,3.0892183780670166,0.22926613688468933,0.2569318413734436,1.1920000910758972,-1.2315271337275613,0.5235352516174316,7.101732532413152,9.990396562936862,10.133230600542548,True
LTU,Lithuania,2008,4.304417048843057,0.22116930652150424,5.333815521878904,0.499,0.439,1.5201202,0.17300257,10.837105008486471,12.260257860587359,3.104217052459717,0.28948336839675903,0.24692070484161377,1.2558531761169434,-1.3518301229728635,0.5158001184463501,8.678004699863706,9.990396562936862,10.133230600542548,True
LTU,Lithuania,2009,-7.747841044233006,-10.033572184698503,8.888455781055704,0.5522,0.499,1.5703198,0.18449476,10.880149178974902,12.313596015806148,3.119288682937622,0.2638718783855438,0.26412543654441833,1.4543198943138123,-1.4251200540530862,0.5308329463005066,4.304417048843057,9.990396562936862,10.133230600542548,True
LTU,Lithuania,2010,6.250307330252092,1.766674983366792,5.207723873568781,0.5976,0.5522,1.5684795,0.20035666,10.802670768532572,12.402480573616705,3.1344335079193115,0.1160656213760376,0.2891119420528412,1.1146001815795898,-1.4294622985767225,0.5329198837280273,-7.747841044233006,9.990396562936862,10.133230600542548,True
LTU,Lithuania,2011,4.356861667912426,4.549141870002769,-0.09110464752062342,0.6212,0.5976,1.5788965,0.2192971,10.865173841835093,12.454557812352393,3.1496520042419434,0.18684567511081696,0.27490001916885376,1.2839361429214478,-1.3813108063297719,0.48693734407424927,6.250307330252092,9.990396562936862,10.133230600542548,True
LTU,Lithuania,2012,1.7940292259728707,1.8488000024419582,-0.795022506143539,0.63639977,0.6212,1.6304337000000002,0.24027236999999999,10.908742458514217,12.453646765877187,3.165248155593872,0.2135714888572693,0.2741314768791199,1.4586925506591797,-1.3021474199638394,0.4657844305038452,4.356861667912426,9.990396562936862,10.133230600542548,True
LTU,Lithuania,2013,2.329545350741924,2.1723243022692404,0.3157270958869418,0.6722999000000001,0.63639977,1.6722606,0.25728794,10.926682750773946,12.445696540815751,3.1810245513916016,0.19716918468475342,0.2565239667892456,1.4572888016700745,-1.2348736549953498,0.46308013796806335,1.7940292259728707,9.990396562936862,10.133230600542548,True
LTU,Lithuania,2014,1.8428529995368592,1.6597242695714391,0.0030960369247878816,0.6845289999999999,0.6722999000000001,1.5434146000000002,0.28265661000000003,10.949978204281365,12.44885381177462,3.1969845294952393,0.19774438440799713,0.2529332935810089,1.5249933004379272,-1.2099257435668642,0.4657796025276184,2.329545350741924,9.990396562936862,10.133230600542548,True
LTU,Lithuania,2015,1.0139625545429354,-0.5646506895923543,0.7616235395943249,0.7213354,0.6845289999999999,1.454943,0.2733778,10.968406734276734,12.448884772143868,3.213129997253418,0.1957545429468155,0.2533721625804901,1.411716341972351,-1.2519996976989578,0.4756147265434265,1.8428529995368592,9.990396562936862,10.133230600542548,True
LTU,Lithuania,2016,0.4269708360803648,-0.6975624221582779,-0.31576104395192317,0.7137806000000001,0.7213354,1.439915,0.28677416,10.978546359822163,12.456501007539812,3.229464292526245,0.2100398689508438,0.2566308379173279,1.2543751001358032,-1.342201074051519,0.5033931732177734,1.0139625545429354,9.990396562936862,10.133230600542548,True
LTU,Lithuania,2017,5.057405090900247,4.115964725947998,2.8816180411679326,0.7437665,0.7137806000000001,1.465504,0.29896414,10.982816068182967,12.453343397100292,3.2459893226623535,0.19114966690540314,0.2518291473388672,1.2275874018669128,-1.4540652315012004,0.5244317650794983,0.4269708360803648,9.990396562936862,10.133230600542548,True
LTU,Lithuania,2018,3.1064416256715077,1.3956922682442454,1.5907863747122164,0.7761526000000001,0.7437665,1.5414797999999998,0.28231907,11.033390119091969,12.482159577511972,3.262708902359009,0.20151378214359283,0.24518367648124695,1.3762099742889404,-1.5394627732487454,0.5260899662971497,5.057405090900247,9.990396562936862,10.133230600542548,True
LTU,Lithuania,2019,4.396265877304906,2.4573706598986096,2.593465263018757,0.7972258,0.7761526000000001,1.3433362,0.28144484999999997,11.064454535348684,12.498067441259094,3.2796249389648438,0.20417426526546478,0.2418140470981598,1.4838508367538452,-1.56378315555743,0.5354927182197571,3.1064416256715077,9.990396562936862,10.133230600542548,True
LUX,Luxembourg,1996,-1.250514018598814,-1.3520183950379194,-1.236137230385026,0.0159,0.00496,0.065838313,0.0,11.666886183678722,13.518654886199277,2.800888776779175,0.3557392954826355,0.10434531420469284,1.3143792152404785,1.4103680439388477,0.5459451675415039,-1.1212875266961575,11.352198939828195,11.662090329725762,True
LUX,Luxembourg,1997,2.0378128691259434,2.113200207823667,-1.7599907874455312,0.0555,0.0159,0.10890557,0.0,11.654381043492734,13.506293513895427,2.8145689964294434,0.33028921484947205,0.10606526583433151,1.330220878124237,1.4231254548724093,0.5410498976707458,-1.250514018598814,11.352198939828195,11.662090329725762,True
LUX,Luxembourg,1998,1.436766875695028,1.6236654720656274,-2.152583079484316,0.07139999999999999,0.0555,0.16062637,0.0,11.674759172183993,13.488693606020972,2.8283157348632812,0.32785263657569885,0.1071535274386406,1.3556067943572998,1.4329246235870285,0.549666702747345,2.0378128691259434,11.352198939828195,11.662090329725762,True
LUX,Luxembourg,1999,3.5422363916984168,3.1316625588371623,-1.5855590798997454,0.11699999999999999,0.07139999999999999,0.30809256,0.0,11.689126840940943,13.467167775226129,2.842129707336426,0.3247700333595276,0.10099008679389954,1.3624389171600342,1.385444603124808,0.5619856119155884,1.436766875695028,11.352198939828195,11.662090329725762,True
LUX,Luxembourg,2000,2.9814880882602424,2.505631440687562,-1.819927248880937,0.174,0.11699999999999999,0.48722713,0.0,11.724549204857928,13.451312184427131,2.856010913848877,0.33107060194015503,0.10109646618366241,1.3710538744926453,1.2668543414809275,0.5354269742965698,3.5422363916984168,11.352198939828195,11.662090329725762,True
LUX,Luxembourg,2001,-2.797614291417716,-1.2848797353519599,-3.468825440386425,0.22887327,0.174,0.695372,0.0,11.75436408574053,13.433112911938322,2.869960308074951,0.30334028601646423,0.09788842499256134,1.3404619693756104,1.1162659935828545,0.5400376319885254,2.9814880882602424,11.352198939828195,11.662090329725762,True
LUX,Luxembourg,2002,1.1476133576437064,1.5014104285055772,-1.124313965441992,0.3616342,0.22887327,0.9260037,0.002750412,11.726387942826353,13.398424657534457,2.8940751552581787,0.30763155221939087,0.11507440358400345,1.5362118482589722,0.9346171711455353,0.5701078176498413,-2.797614291417716,11.352198939828195,11.662090329725762,True
LUX,Luxembourg,2003,0.1956240110310148,-0.7372160450955983,1.0239633633254641,0.39840000000000003,0.3616342,1.05961395,0.013053637,11.73786407640279,13.387181517880038,2.9183924198150635,0.27882862091064453,0.12820811569690704,1.6246155500411987,0.7982629127291974,0.5784910321235657,1.1476133576437064,11.352198939828195,11.662090329725762,True
LUX,Luxembourg,2004,1.6412673671540645,0.9764484364922097,0.20511937198417485,0.5455,0.39840000000000003,1.1929054,0.033974566,11.7398203165131,13.397421151513292,2.9429142475128174,0.31242892146110535,0.13297125697135925,1.793643295764923,0.8071438402191933,0.5719805955886841,0.1956240110310148,11.352198939828195,11.662090329725762,True
LUX,Luxembourg,2005,0.5943996944322905,0.3367069726899999,0.7800675027302972,0.6587999999999999,0.5455,1.0255381,0.07964285,11.75623299018464,13.399472345233134,2.967642068862915,0.36422815918922424,0.14519363641738892,2.255992293357849,1.0002963933699927,0.575664758682251,1.6412673671540645,11.352198939828195,11.662090329725762,True
LUX,Luxembourg,2006,1.2011895231770708,1.2311253197297243,-1.7623705082096208,0.7,0.6587999999999999,1.09591866,0.15063510000000002,11.762176987128964,13.407273020260437,2.99257755279541,0.36881688237190247,0.13698939979076385,2.0047491788864136,1.3242489273734392,0.5692026615142822,0.5943996944322905,11.352198939828195,11.662090329725762,True
LUX,Luxembourg,2007,3.2797982401431724,2.934537769361652,-2.3109831026888017,0.7251000000000001,0.7,1.5078266999999999,0.2092136,11.774188882360734,13.38964931517834,3.030376672744751,0.3323904275894165,0.13835838437080383,2.0812665224075317,1.6824227420226712,0.5414872765541077,1.2011895231770708,11.352198939828195,11.662090329725762,True
LUX,Luxembourg,2008,-6.344862428234066,-6.407975310104422,-2.08470376291654,0.7892,0.7251000000000001,1.42524,0.26793262,11.806986864762166,13.366539484151453,3.0686533451080322,0.34177184104919434,0.13344047963619232,1.9846246242523193,1.9787466803412923,0.5372377634048462,3.2797982401431724,11.352198939828195,11.662090329725762,True
LUX,Luxembourg,2009,-5.911881590213852,-4.613161356233028,0.026774357793968306,0.8223,0.7892,1.4458374,0.29284853,11.743538240479825,13.345692446522287,3.1074132919311523,0.41341328620910645,0.15758644044399261,2.171229064464569,2.1847753369078293,0.5627318024635315,-6.344862428234066,11.352198939828195,11.662090329725762,True
LUX,Luxembourg,2010,2.505918839872834,1.7088476870741276,-0.26327328775810344,0.8731,0.8223,1.4452405,0.3133763,11.684419424577687,13.345960190100227,3.146662950515747,0.3239029049873352,0.16936340928077698,1.7062217593193054,2.2654268648997444,0.5976120233535767,-5.911881590213852,11.352198939828195,11.662090329725762,True
LUX,Luxembourg,2011,-0.39856039989949466,-1.3062416793182885,-0.11270622876615732,0.9062,0.8731,1.4327663999999998,0.33181847,11.709478612976415,13.343327457222646,3.186408281326294,0.3552994728088379,0.146987184882164,1.671586275100708,2.2625057094705525,0.5669037699699402,2.505918839872834,11.352198939828195,11.662090329725762,True
LUX,Luxembourg,2012,-2.5482682219768904,-3.769358188379294,0.5199872887081014,0.9002986,0.9062,1.4751187,0.32733944000000004,11.70549300897742,13.342200394934984,3.2287845611572266,0.43030408024787903,0.17084906995296478,2.009903311729431,2.2232310677602674,0.554643452167511,-0.39856039989949466,11.352198939828195,11.662090329725762,True
LUX,Luxembourg,2013,1.9083491241143946,0.6150003483939589,0.848336274816397,0.9194992000000001,0.9002986,1.4338794,0.3196176,11.680010326757651,13.347400267822065,3.272473096847534,0.4210338592529297,0.16217702627182007,1.7640883922576904,2.199745132820008,0.5699509978294373,-2.5482682219768904,11.352198939828195,11.662090329725762,True
LUX,Luxembourg,2014,1.857478155333503,0.34293973476222045,0.4643318674066421,0.937765,0.9194992000000001,1.4509344,0.32483425,11.699093817998795,13.35588363057023,3.3175249099731445,0.3966982960700989,0.1700446903705597,1.707610011100769,2.1805996605514966,0.5628570318222046,1.9083491241143946,11.352198939828195,11.662090329725762,True
LUX,Luxembourg,2015,1.8593999706094877,0.7529073821480292,-0.15428827349168728,0.94670204,0.937765,1.4424417,0.33580273,11.71766859955213,13.360526949244296,3.3639934062957764,0.3813949525356293,0.14699146151542664,1.4372559785842896,2.179698282096687,0.5575116276741028,1.857478155333503,11.352198939828195,11.662090329725762,True
LUX,Luxembourg,2016,1.7141260611760245,1.184778522887954,-0.5211660200675539,0.9637672,0.94670204,1.4165918,0.34291073,11.736262599258225,13.358984066509379,3.4119343757629395,0.3418773412704468,0.13742397725582123,1.1618581712245941,2.180674804560978,0.5487568378448486,1.8593999706094877,11.352198939828195,11.662090329725762,True
LUX,Luxembourg,2017,-1.5566577920463232,-1.7090077159502202,-1.1142900159180513,0.98136696,0.9637672,1.3093268,0.3480684,11.753403859869985,13.353772406308703,3.461406946182251,0.3178423345088959,0.1327124685049057,1.0594835579395294,2.1855922960800522,0.5386291742324829,1.7141260611760245,11.352198939828195,11.662090329725762,True
LUX,Luxembourg,2018,-0.7168502073159999,-0.6434954221683417,-1.8988610448001708,0.9736296,0.98136696,1.3311092,0.3597683,11.737837281949522,13.342629506149523,3.51247239112854,0.3097250461578369,0.13742084801197052,1.0303195416927338,2.1596264094993156,0.5537700057029724,-1.5566577920463232,11.352198939828195,11.662090329725762,True
LUX,Luxembourg,2019,-1.245396596086401,-1.418134157741685,-1.487075522629766,0.9706130000000001,0.9736296,1.3132687,0.3688532,11.730668779876362,13.323640895701521,3.565195083618164,0.303274929523468,0.14385512471199036,1.080313116312027,2.0625148528929715,0.5629857182502747,-0.7168502073159999,11.352198939828195,11.662090329725762,True
LVA,Latvia,1997,4.176347354264109,5.669298387161309,-5.056030294214686,0.00813,,0.011245762,0.0,10.104832112348207,12.881574098171148,2.7420589923858643,0.11633172631263733,0.40437236428260803,0.3591567277908325,-1.1889510523406255,0.6235967874526978,2.0452999693434393,10.092551082780986,10.104791614735538,True
LVA,Latvia,1998,6.507125308930561,4.800728321697989,0.7505103524504619,0.020499999999999997,0.00813,0.030853834,0.0,10.146595585890848,12.831013795229001,2.7637720108032227,0.1214618980884552,0.37085404992103577,0.42197005450725555,-1.0350571175397727,0.5370693802833557,4.176347354264109,10.092551082780986,10.104791614735538,True
LVA,Latvia,1999,4.62846754438182,2.448662977359717,2.2885224406294924,0.0332,0.020499999999999997,0.06800856,0.0,10.211666838980154,12.838518898753506,2.7856574058532715,0.16464939713478088,0.3561578392982483,0.473399817943573,-0.9319752558451966,0.5186066031455994,6.507125308930561,10.092551082780986,10.104791614735538,True
LVA,Latvia,2000,8.981406318249796,5.447365822553013,4.494197845306047,0.043899999999999995,0.0332,0.1130686,0.0,10.257951514423972,12.8614041231598,2.807715654373169,0.16073748469352722,0.3173748552799225,0.431901678442955,-0.9282425064153221,0.5144650936126709,4.62846754438182,10.092551082780986,10.104791614735538,True
LVA,Latvia,2001,4.301634167606494,2.226058046997431,-0.13881505895785295,0.06319062,0.043899999999999995,0.16943369,0.00011991658000000001,10.34776557760647,12.906346101612861,2.829948902130127,0.173052117228508,0.2955946624279022,0.4600047916173935,-0.9986193913456565,0.5012568831443787,8.981406318249796,10.092551082780986,10.104791614735538,True
LVA,Latvia,2002,5.356275448840364,5.109499176066445,-0.39490651486051576,0.07219346,0.06319062,0.28090267,0.0013834831,10.390781919282535,12.904957951023283,2.856259346008301,0.20361587405204773,0.2890455722808838,0.4646000415086746,-1.0740886716530729,0.4834769368171692,4.301634167606494,10.092551082780986,10.104791614735538,True
LVA,Latvia,2003,7.657810027720302,5.397945144103941,0.6695731455078402,0.2194,0.07219346,0.39682247,0.004326474,10.444344673770939,12.901008885874678,2.882814407348633,0.2048148363828659,0.29923900961875916,0.5172597765922546,-1.1154136673839132,0.45918628573417664,5.356275448840364,10.092551082780986,10.104791614735538,True
LVA,Latvia,2004,7.9985982695090385,5.528212592215614,1.7956355758229847,0.2698,0.2194,0.532791,0.00853348,10.520922774048142,12.907704617329756,2.909616708755493,0.2378537356853485,0.28869232535362244,0.5773569345474243,-1.150501072294341,0.4617123603820801,7.657810027720302,10.092551082780986,10.104791614735538,True
LVA,Latvia,2005,9.41204146405088,4.652131402813076,1.760699980544267,0.3858,0.2698,0.6787076000000001,0.021706371,10.600908756743232,12.925660973087986,2.9366676807403564,0.28130728006362915,0.2698904871940613,0.7347877025604248,-1.1746419333774738,0.46247339248657227,7.9985982695090385,10.092551082780986,10.104791614735538,True
LVA,Latvia,2006,6.008363394189686,4.736690561147985,-2.773193425875675,0.46,0.3858,0.8356172,0.02713208,10.69502917138374,12.943267972893429,2.963970422744751,0.3046664297580719,0.24709416925907135,0.7818886935710907,-1.1886483411788662,0.48938414454460144,9.41204146405088,10.092551082780986,10.104791614735538,True
LVA,Latvia,2007,6.2135413591112965,4.094453976384989,-0.33391573536878383,0.5363,0.46,0.9840759,0.049424253,10.755112805325638,12.915536038634672,2.976945638656616,0.354034423828125,0.23246054351329803,0.8500042259693146,-1.2029023824861818,0.5027385950088501,6.008363394189686,10.092551082780986,10.104791614735538,True
LVA,Latvia,2008,-2.3573167121250904,-8.88585355849831,3.077889662977995,0.5917,0.5363,1.0073756,0.15383618999999998,10.81724821891675,12.912196881280984,2.9899778366088867,0.3740726709365845,0.24402429163455963,0.9496580958366394,-1.2198231582161267,0.532370924949646,6.2135413591112965,10.092551082780986,10.104791614735538,True
LVA,Latvia,2009,-0.3247027953827697,-5.352440240670156,15.382080242299345,0.6341,0.5917,1.0555166,0.18923906,10.7936750517955,12.942975777910764,3.0030670166015625,0.35119062662124634,0.2712370455265045,0.934936136007309,-1.2281162875147689,0.571724534034729,-2.3573167121250904,10.092551082780986,10.104791614735538,True
LVA,Latvia,2010,1.5226344212155851,-0.40396419247657744,5.647800295025007,0.6684,0.6341,1.0754219,0.21228052000000003,10.790428023841672,13.096796580333757,3.0162134170532227,0.22778357565402985,0.26229533553123474,0.7311360239982605,-1.2267869386232921,0.5568093657493591,-0.3247027953827697,10.092551082780986,10.104791614735538,True
LVA,Latvia,2011,4.150817892156411,4.329695813266133,-1.782375591373686,0.6842,0.6684,1.09927826,0.20729792,10.805654368053828,13.153274583284007,3.0294175148010254,0.20304831862449646,0.25806042551994324,0.854911208152771,-1.216063410119561,0.5291533470153809,1.5226344212155851,10.092551082780986,10.104791614735538,True
LVA,Latvia,2012,2.666113261269132,3.0992059023642065,-0.7250301483573196,0.69749954,0.6842,1.1209059000000001,0.22205587000000002,10.847162546975392,13.13545082737027,3.0429294109344482,0.26953792572021484,0.2640138268470764,1.0215919613838196,-1.1988831470889583,0.4772767722606659,4.150817892156411,10.092551082780986,10.104791614735538,True
LVA,Latvia,2013,0.1061115549848779,0.6263355867030542,-1.7124529435923463,0.7311993999999999,0.69749954,1.2930455,0.23401812,10.873823679588083,13.128200525886697,3.056586265563965,0.2665001153945923,0.24882595241069794,1.0568013489246368,-1.181671674603746,0.4806276559829712,2.666113261269132,10.092551082780986,10.104791614735538,True
LVA,Latvia,2014,2.6533755306092033,0.8881205657891147,2.006167803300052,0.7523439999999999,0.7311993999999999,1.2707339,0.24639719,10.874884795137932,13.111075996450774,3.0703907012939453,0.24960623681545258,0.24795077741146088,1.0730248093605042,-1.1696369559120345,0.49886783957481384,0.1061115549848779,10.092551082780986,10.104791614735538,True
LVA,Latvia,2015,2.8805250199948063,3.7937591833583038,-0.7191361639785399,0.758261,0.7523439999999999,1.1954974,0.25324085,10.901418550444024,13.131137674483774,3.084343910217285,0.24388258159160614,0.2537870407104492,1.029379427433014,-1.1675967631173845,0.5122937560081482,2.6533755306092033,10.092551082780986,10.104791614735538,True
LVA,Latvia,2016,2.914177715390842,2.1461271254659424,0.5869428352678341,0.7920058400000001,0.758261,1.3094914,0.2545687,10.930223800643972,13.123946312843989,3.0984487533569336,0.23969227075576782,0.25599223375320435,0.9067554771900177,-1.1717290997015795,0.5315920114517212,2.8805250199948063,10.092551082780986,10.104791614735538,True
LVA,Latvia,2017,3.528253461252717,3.1062718836126204,0.6410287852277818,0.7984209400000001,0.7920058400000001,1.3522746,0.264893,10.95936557779788,13.129815741196667,3.112706422805786,0.2221020609140396,0.2559297978878021,0.8718655407428741,-1.1786820044506818,0.5539260506629944,2.914177715390842,10.092551082780986,10.104791614735538,True
LVA,Latvia,2018,2.738915290977495,1.9206735256085552,-0.5850901677975529,0.80114075,0.7984209400000001,1.2684699000000002,0.27088625,10.994648112410408,13.136226029048945,3.127119541168213,0.23737484216690063,0.25711244344711304,0.9266795217990875,-1.1804905207778549,0.5534668564796448,3.528253461252717,10.092551082780986,10.104791614735538,True
LVA,Latvia,2019,2.4887453164010864,2.3686629340880234,1.0463804837407054,0.8357717,0.80114075,1.0739743,0.2728773,11.022037265320183,13.13037512737097,3.141690254211426,0.2615355849266052,0.25277990102767944,0.9869522750377655,-1.1670540104877225,0.5713497400283813,2.738915290977495,10.092551082780986,10.104791614735538,True
MAC,"China, Macao SAR",1996,-7.635990337411336,-6.442306113856631,-2.5963670485502632,0.0028000000000000004,0.00037,0.09046216,0.0,11.419071570585633,12.609372543655297,2.0692083835601807,0.26187360286712646,0.0949505940079689,0.6001998484134674,2.0215253626037044,0.3875018358230591,-0.9456224312778261,11.169139564976518,11.366603096559311,True
MAC,"China, Macao SAR",1997,-1.2548489023197718,-3.8245544350850755,3.487917388952866,0.0072699999999999996,0.0028000000000000004,0.11077994000000001,0.0,11.34271166721152,12.583408873169795,2.0955746173858643,0.21081306040287018,0.09853523969650269,0.6297940313816071,2.0183356291277543,0.3875018358230591,-7.635990337411336,11.169139564976518,11.366603096559311,True
MAC,"China, Macao SAR",1998,-5.035903104467998,-7.195260769696516,2.6835066661284657,0.0236,0.0072699999999999996,0.12835803,0.0,11.330163178188322,12.618288047059323,2.122276544570923,0.2040509730577469,0.10696538537740707,0.7032680511474609,2.0080576582466536,0.39654022455215454,-1.2548489023197718,11.169139564976518,11.366603096559311,True
MAC,"China, Macao SAR",1999,-2.132483374189853,-4.535318206068705,3.254251219008175,0.07,0.0236,0.19608094999999998,0.0,11.279804147143642,12.645123113720608,2.1493189334869385,0.1794975996017456,0.11605938524007797,0.6931365430355072,2.0381287715447005,0.4404959976673126,-5.035903104467998,11.169139564976518,11.366603096559311,True
MAC,"China, Macao SAR",2000,5.946227004702642,4.89817923845208,0.8630354962301467,0.09210000000000002,0.07,0.27754642,0.0,11.258479313401743,12.67766562591069,2.176705837249756,0.18852278590202332,0.13563525676727295,0.71998730301857,2.1177145487730975,0.4587011933326721,-2.132483374189853,11.169139564976518,11.366603096559311,True
MAC,"China, Macao SAR",2001,-2.0004173805801884,0.3827203345011271,-4.552679442464758,0.13608589999999998,0.09210000000000002,0.3225454,0.008531725,11.31794158344877,12.686295980872991,2.204441547393799,0.12615813314914703,0.1133546233177185,0.8315198719501495,2.221643907666193,0.44620591402053833,5.946227004702642,11.169139564976518,11.366603096559311,True
MAC,"China, Macao SAR",2002,8.618538099343631,8.012381707275832,0.6907289031500952,0.22521217,0.13608589999999998,0.43689976,0.021989329999999998,11.297937409642968,12.640769186448344,2.231682300567627,0.11827276647090912,0.11265461891889572,0.8203988373279572,2.3463627818757105,0.45777180790901184,-2.0004173805801884,11.169139564976518,11.366603096559311,True
MAC,"China, Macao SAR",2003,10.827723538063339,8.853231092021693,2.9342128638321086,0.2517188,0.22521217,0.60554718,0.037178683000000004,11.384122790636404,12.647676475479845,2.2592594623565674,0.12188594043254852,0.10773292928934097,0.7621540725231171,2.45467967121229,0.433445543050766,8.618538099343631,11.169139564976518,11.366603096559311,True
MAC,"China, Macao SAR",2005,-0.22838112385308307,-2.331620225426624,2.8758131723432,0.31484097,0.25742125,0.8968269999999999,0.09377437000000001,11.664434335543353,12.66798240530848,2.3154406547546387,0.1679868996143341,0.08806899189949036,0.5919448435306549,2.453968650041871,0.3986414670944214,17.20343095263157,11.169139564976518,11.366603096559311,True
MAC,"China, Macao SAR",2006,1.8369624784181582,-1.0880300000707472,4.205169336565184,0.348629,0.31484097,1.0753859,0.13732033,11.662150524304822,12.696740537031912,2.344053030014038,0.25640177726745605,0.0953867956995964,0.568204790353775,2.3597807248277203,0.4077591001987457,-0.22838112385308307,11.169139564976518,11.366603096559311,True
MAC,"China, Macao SAR",2007,3.106488998266599,-0.6804770699333773,5.912402922706228,0.46399999999999997,0.348629,1.2508123,0.18126298999999998,11.680520149089004,12.738792230397564,2.389871835708618,0.3241254985332489,0.08718174695968628,0.5201824456453323,2.2405937229542983,0.4252452552318573,1.8369624784181582,11.169139564976518,11.366603096559311,True
MAC,"China, Macao SAR",2008,-4.632533609172285,-6.3818626935172,3.1425161872514096,0.47326999999999997,0.46399999999999997,1.5208904,0.21157053,11.71158503907167,12.797916259624627,2.436586380004883,0.34843164682388306,0.08647921681404114,0.43878842890262604,2.1461091524422438,0.44614771008491516,3.106488998266599,11.169139564976518,11.366603096559311,True
MAC,"China, Macao SAR",2009,1.2492913694851282,-1.419180152629722,5.383148226156642,0.4924,0.47326999999999997,1.7401451000000001,0.22683746,11.665259702979947,12.82934142149714,2.4842143058776855,0.28878360986709595,0.08172120153903961,0.3282431364059448,2.1041227360831583,0.4608946144580841,-4.632533609172285,11.169139564976518,11.366603096559311,True
MAC,"China, Macao SAR",2012,4.2134201138983585,2.878902714936843,1.2277913768157234,0.60203697,0.55198,2.350793,0.23914717,12.06723404524354,12.933195615561571,2.61140513420105,0.12856261432170868,0.05685565993189812,0.17050078138709068,2.316432194885154,0.3385506570339203,16.70597965718219,11.169139564976518,11.366603096559311,True
MAC,"China, Macao SAR",2013,5.587465219526067,4.24256516668085,1.1165413496113885,0.6131,0.60203697,2.7465622,0.24614346999999998,12.109368246382523,12.945473529329728,2.6493029594421387,0.14363791048526764,0.054676733911037445,0.18267430737614632,2.369353556363607,0.33854690194129944,4.2134201138983585,11.169139564976518,11.366603096559311,True
MAC,"China, Macao SAR",2014,-8.500238938832894,-10.231761940220935,1.5404409951468523,0.6579999999999999,0.6131,2.8764343,0.25352448,12.165242898577784,12.956638942825842,2.6887404918670654,0.1461307406425476,0.057826537638902664,0.20530193112790585,2.3363374763864075,0.318656325340271,5.587465219526067,11.169139564976518,11.366603096559311,True
MAC,"China, Macao SAR",2016,1.059300065691815,-4.809775524176311,7.94389378374909,0.7760012999999999,0.6978095000000001,3.0475103999999997,0.27313522,11.815303786315468,13.034095495345063,2.7725508213043213,0.27085649967193604,0.09311072528362274,0.30732738971710205,1.9923614210705654,0.318656325340271,-26.493672287398695,11.169139564976518,11.366603096559311,True
MAC,"China, Macao SAR",2017,11.975835869569096,6.124816900722533,7.940778398164916,0.8164298,0.7760012999999999,3.1056830000000004,0.28055437,11.825896786972386,13.113534433182554,2.817094326019287,0.2436181753873825,0.10596595704555511,0.2970241792500019,1.7698732082260749,0.318656325340271,1.059300065691815,11.169139564976518,11.366603096559311,True
MAC,"China, Macao SAR",2018,3.836286438183123,1.250415589724367,2.619784706846673,0.8317409000000001,0.8164298,3.1660156,0.28767899,11.945655145668077,13.192942217164203,2.8635191917419434,0.22287622094154358,0.1035483330488205,0.30702394619584084,1.5782801764867849,0.318656325340271,11.975835869569096,11.169139564976518,11.366603096559311,True
MAC,"China, Macao SAR",2019,-5.420393343256258,-6.786555557400706,1.7815537194525888,0.8379409,0.8317409000000001,3.3109998000000003,0.29305586,11.984018010049908,13.21914006423267,2.9119250774383545,0.19221118092536926,0.1005324199795723,0.30923974700272083,1.4433113655200558,0.318656325340271,3.836286438183123,11.169139564976518,11.366603096559311,True
MAR,Morocco,1996,9.625712865171998,8.056546916566793,0.968069464325616,3.71e-05,,0.00109323286,0.0,9.328133254763436,11.080135764541824,1.4291024208068848,0.20728209614753723,0.1319199949502945,0.18264973163604736,1.529636873059781,0.5076714754104614,-9.858735386477235,9.704958565373214,9.388043697155886,True
MAR,Morocco,1997,-5.108278194218663,-6.422771338862515,0.350556222291587,5.68e-05,3.71e-05,0.0015681721,0.0,9.424390383415156,11.08981645918508,1.4520843029022217,0.2133849710226059,0.10774625092744827,0.15515883266925812,1.431577586667565,0.5076714754104614,9.625712865171998,9.704958565373214,9.388043697155886,True
MAR,Morocco,1998,5.012057485191157,2.8195965338804947,1.5093515863675577,0.00021600000000000002,5.68e-05,0.0026832336,0.0,9.37330760147297,11.093322021407996,1.475435733795166,0.23449820280075073,0.1177343800663948,0.16847872734069824,1.3460891119986051,0.5076714754104614,-5.108278194218663,9.704958565373214,9.388043697155886,True
MAR,Morocco,1999,-1.9734357111339307,-4.183155135028277,1.7071886229103939,0.0014199999999999998,0.00021600000000000002,0.0041495255,0.0,9.423428176324881,11.108415537271672,1.4991625547409058,0.25098717212677,0.12039361894130707,0.2408399134874344,1.274059696225116,0.5076714754104614,5.012057485191157,9.704958565373214,9.388043697155886,True
MAR,Morocco,2000,1.2019398883140298,-1.9823428109098762,3.531690835104584,0.0017599999999999998,0.0014199999999999998,0.012973727,0.0,9.403693819213542,11.125487423500775,1.523271083831787,0.24240851402282715,0.1310783475637436,0.2665875107049942,1.2200635477818356,0.4940699338912964,-1.9734357111339307,9.704958565373214,9.388043697155886,True
MAR,Morocco,2001,7.002231977824636,5.085332666835566,3.247226437106754,0.006937913,0.0017599999999999998,0.08239679000000001,0.0,9.415713218096682,11.160804331851821,1.5477672815322876,0.24916160106658936,0.1351686269044876,0.29869546741247177,1.1814104097890965,0.48466652631759644,1.2019398883140298,9.704958565373214,9.388043697155886,True
MAR,Morocco,2002,1.5439074519703055,0.030865144611402773,2.046123056435789,0.013714381,0.006937913,0.16560118,0.0,9.485735537874929,11.193276596222889,1.5697811841964722,0.2580162286758423,0.13594534993171692,0.2913060560822487,1.1486692193134473,0.50532066822052,7.002231977824636,9.704958565373214,9.388043697155886,True
MAR,Morocco,2003,1.4724537213570699,1.1890171370218,-0.6624950096693283,0.02373253,0.013714381,0.21229673,6.849751e-05,9.501174612394632,11.213737826787247,1.5921082496643066,0.2676929831504822,0.13461022078990936,0.31499434262514114,1.1213222441680326,0.5044572353363037,1.5439074519703055,9.704958565373214,9.388043697155886,True
MAR,Morocco,2004,2.801368761256917,0.533396469762118,2.338558764150811,0.033533666000000004,0.02373253,0.24888459999999998,9.171018e-05,9.515899149608202,11.207112876690553,1.6147527694702148,0.2903206944465637,0.1329960823059082,0.3252554014325142,1.107806756500107,0.50010085105896,1.4724537213570699,9.704958565373214,9.388043697155886,True
MAR,Morocco,2005,1.7441433857690924,-0.9329258902745746,3.1602439015786743,0.11607935,0.033533666000000004,0.31171743,0.0021587141,9.543912837220772,11.230498464332062,1.6377195119857788,0.30457162857055664,0.13837634027004242,0.368762731552124,1.1096626477772986,0.49406376481056213,2.801368761256917,9.704958565373214,9.388043697155886,True
MAR,Morocco,2006,8.179691731659666,4.3692734749396696,5.369334509860124,0.15084445000000002,0.11607935,0.4082201,0.008206628,9.561354271078462,11.262100903347848,1.6610127687454224,0.2930903434753418,0.14662836492061615,0.41989897191524506,1.1238112175632864,0.4889805018901825,1.7441433857690924,9.704958565373214,9.388043697155886,True
MAR,Morocco,2007,1.3587965206360408,-1.7397376433007428,4.074961543100031,0.1977119,0.15084445000000002,0.52012085,0.012734547,9.64315118839506,11.31579424844645,1.6811063289642334,0.30156973004341125,0.14586368203163147,0.41776126623153687,1.139811913695743,0.4975387156009674,8.179691731659666,9.704958565373214,9.388043697155886,True
MAR,Morocco,2008,5.172784237374728,1.6005202471566253,5.564505703071987,0.215,0.1977119,0.6422433,0.015306638,9.65673915360142,11.35654386387745,1.7014429569244385,0.33185726404190063,0.15280728042125702,0.47114914655685425,1.158636566082949,0.4754887819290161,1.3587965206360408,9.704958565373214,9.388043697155886,True
MAR,Morocco,2009,7.680969109811642,5.544633240566527,4.439182274946063,0.331,0.215,0.72186104,0.01560514,9.708466995975167,11.41218892090817,1.7188472747802734,0.38512131571769714,0.15104036033153534,0.5161994099617004,1.1902377183830914,0.47406306862831116,5.172784237374728,9.704958565373214,9.388043697155886,True
MAR,Morocco,2010,2.4419684922444063,0.0568805371532255,3.006103239842517,0.413,0.331,0.7902013,0.01497007,9.785276687073283,11.45658074365763,1.7344965934753418,0.36802220344543457,0.16567154228687286,0.3754619210958481,1.2361945797949137,0.4991891384124756,7.680969109811642,9.704958565373214,9.388043697155886,True
MAR,Morocco,2011,5.391266911525072,2.058423061915722,4.274192894153828,0.52,0.413,0.9850699,0.015538816,9.809696371995727,11.486641776056056,1.7502882480621338,0.34329110383987427,0.1713847815990448,0.39230043441057205,1.2892228965852404,0.49114421010017395,2.4419684922444063,9.704958565373214,9.388043697155886,True
MAR,Morocco,2012,2.2533417698392455,-1.0152797686839978,4.696893467627028,0.46107483000000005,0.52,1.1106371,0.018084478,9.863609041110978,11.529383704997594,1.7699893712997437,0.37188220024108887,0.17669719457626343,0.4189658761024475,1.3465458604175584,0.494659960269928,5.391266911525072,9.704958565373214,9.388043697155886,True
MAR,Morocco,2013,3.405253365140304,0.9967581893221139,3.063674659044935,0.55416054,0.46107483000000005,1.1697213,0.020672643,9.88614245880937,11.576352639673864,1.789912223815918,0.36046984791755676,0.1773456186056137,0.4150356650352478,1.3936028312835802,0.4943600296974182,2.2533417698392455,9.704958565373214,9.388043697155886,True
MAR,Morocco,2014,3.084556588022558,0.7946332858712067,3.121048369088797,0.56,0.55416054,1.25560356,0.024977825,9.920194992460774,11.606989386264313,1.8100591897964478,0.3523423671722412,0.18450912833213806,0.40634118020534515,1.4152564820503422,0.5061018466949463,3.405253365140304,9.704958565373214,9.388043697155886,True
MAR,Morocco,2015,5.01069240715335,2.08927159433027,3.933012539366132,0.5677464,0.56,1.2897183,0.029044216,9.951040558340999,11.638199869955201,1.8304331302642822,0.3449495732784271,0.18318617343902588,0.3635938763618469,1.403844633881146,0.49721819162368774,3.084556588022558,9.704958565373214,9.388043697155886,True
MAR,Morocco,2016,3.978316774978552,0.7198605812423008,5.024894948831893,0.57079998,0.5677464,1.2448049,0.033158422,10.001147482412533,11.677529995348863,1.8510363101959229,0.32501593232154846,0.17817728221416473,0.38660643994808197,1.3688092006838737,0.5008718371391296,5.01069240715335,9.704958565373214,9.388043697155886,True
MAR,Morocco,2017,5.044640391211885,2.865957052219687,3.164473111715971,0.58271236,0.57079998,1.185318,0.03584535,10.040930650162318,11.727778944837182,1.8718713521957397,0.33766910433769226,0.17624178528785706,0.4105156660079956,1.3259422109255237,0.49614447355270386,3.978316774978552,9.704958565373214,9.388043697155886,True
MAR,Morocco,2018,2.1354752786344022,0.21616681442118377,1.9275606629863162,0.6176221000000001,0.58271236,1.2389432,0.038900065000000005,10.091377054074437,11.759423675954341,1.8929409980773926,0.3359377384185791,0.17335885763168335,0.425908699631691,1.2869300563477015,0.4893556833267212,5.044640391211885,9.704958565373214,9.388043697155886,True
MAR,Morocco,2019,2.2274849970447264,0.7400144365621768,2.1805320054573585,0.6480386,0.6176221000000001,1.2482752000000001,0.043320575,10.112731806860781,11.778699282584205,1.914247751235962,0.3450344502925873,0.175497367978096,0.45433732867240906,1.2507796735894416,0.4854007363319397,2.1354752786344022,9.704958565373214,9.388043697155886,True
MDA,Republic of Moldova,1996,-5.199320562315712,-4.737918073204373,-1.3171440071197082,3.46e-05,8.25e-06,3.13815e-06,0.0,9.362766959697947,11.325336091088069,2.6785120964050293,0.10097647458314896,0.5144003033638,0.2716401070356369,-0.4181452544729236,0.506416916847229,-0.8763016140417079,9.083973444685004,9.582030512673777,True
MDA,Republic of Moldova,1997,2.4867689444254992,3.1173476335529027,-1.3296406874074407,4.64e-05,3.46e-05,0.0002076658,0.0,9.31077375407479,11.312164651016872,2.694856643676758,0.10235102474689484,0.4721759855747223,0.2694346457719803,-0.5631181983381417,0.5582597851753235,-5.199320562315712,9.083973444685004,9.582030512673777,True
MDA,Republic of Moldova,1998,-6.672536589957723,-6.6638502999917915,-1.8338302970839493,0.000281,4.64e-05,0.0005007067,0.0,9.335641443519044,11.298868244142797,2.711300849914551,0.10497315973043442,0.4599425792694092,0.2092829868197441,-0.691669729287514,0.6101025938987732,2.4867689444254992,9.083973444685004,9.582030512673777,True
MDA,Republic of Moldova,1999,5.663095700355569,3.0028728447516473,6.783757673282587,0.00261,0.000281,0.0016078891,0.0,9.268916077619467,11.280529941171958,2.7278454303741455,0.12732422351837158,0.3391185700893402,0.30699121206998825,-0.7407798587739434,0.6619454622268677,-6.672536589957723,9.083973444685004,9.582030512673777,True
MDA,Republic of Moldova,2000,0.2443210729420997,2.694205933648597,-4.170326310966033,0.00601,0.00261,0.0041822165,0.0,9.325547034623023,11.348367517904784,2.7444908618927,0.1255684643983841,0.2124343067407608,0.24449314177036285,-0.6840763812192341,0.49194368720054626,5.663095700355569,9.083973444685004,9.582030512673777,True
MDA,Republic of Moldova,2001,6.307720068800826,7.700746924373403,-1.6371457826295455,0.012828465,0.00601,0.03282198,0.0,9.327990245352444,11.306664254795123,2.7612380981445312,0.13681648671627045,0.170355424284935,0.2760811001062393,-0.5498272317085995,0.516666054725647,0.2443210729420997,9.083973444685004,9.582030512673777,True
MDA,Republic of Moldova,2002,6.274940991532674,7.962937836980877,-3.0646591759424524,0.01487813,0.012828465,0.053702230000000004,5.7043703e-05,9.391067446040452,11.290292796968828,2.7784535884857178,0.1430504322052002,0.13582751154899597,0.3124672770500183,-0.37104838648578387,0.5510815978050232,6.307720068800826,9.083973444685004,9.582030512673777,True
MDA,Republic of Moldova,2004,9.073102832989477,8.4674624365089,0.731882349873203,0.07407544599999999,0.03787243,0.11621326,0.00014577263,9.610931641404147,11.338215378235992,2.813206911087036,0.14396554231643677,0.12406140565872192,0.3569949269294739,-0.11868522320672703,0.6541542410850525,15.711478544836766,9.083973444685004,9.582030512673777,True
MDA,Republic of Moldova,2005,6.046690220255613,6.4240619637064595,-2.062290034200842,0.10629391,0.07407544599999999,0.19448093,0.0006002468,9.701662669734041,11.345534201734724,2.8307461738586426,0.15528331696987152,0.09088951349258423,0.3971742242574692,-0.127439209990432,0.619945228099823,9.073102832989477,9.083973444685004,9.582030512673777,True
MDA,Republic of Moldova,2006,8.599845403699291,5.967291271601641,3.6154843311457796,0.1463027,0.10629391,0.27322397,0.0026061326,9.762129571936597,11.324911301392715,2.8483951091766357,0.17171365022659302,0.08982095867395401,0.44306780397892,-0.20813596438458148,0.6262809634208679,6.046690220255613,9.083973444685004,9.582030512673777,True
MDA,Republic of Moldova,2007,2.9660618770680713,1.0184935263212236,0.45142746120490074,0.19620647000000002,0.1463027,0.34635109999999997,0.005557318,9.84812802597359,11.361066144704173,2.8908190727233887,0.17137134075164795,0.10451556742191315,0.43779999017715454,-0.31371789071876766,0.6280951499938965,8.599845403699291,9.083973444685004,9.582030512673777,True
MDA,Republic of Moldova,2008,6.504379279763128,5.855657999713237,-0.6360825350514077,0.2045,0.19620647000000002,0.48886947999999997,0.013710872999999998,9.877788644744271,11.365580419316222,2.9338748455047607,0.1953933835029602,0.12680518627166748,0.5322091579437256,-0.38975927865922966,0.6012014150619507,2.9660618770680713,9.083973444685004,9.582030512673777,True
MDA,Republic of Moldova,2009,-1.3806796608026417,-2.5478187471150853,3.886855504290132,0.2339,0.2045,0.6411995,0.030487335,9.942832437541902,11.359219593965708,2.977571487426758,0.19505909085273743,0.1529422253370285,0.594395786523819,-0.418414865295369,0.6424655914306641,6.504379279763128,9.083973444685004,9.582030512673777,True
MDA,Republic of Moldova,2010,9.620493716522027,7.027451736781279,2.314807431948118,0.275,0.2339,0.57644035,0.050635285,9.929025640933876,11.39808814900861,3.0219194889068604,0.11394234001636505,0.18427452445030212,0.4397989585995674,-0.37447630111842045,0.6732350587844849,-1.3806796608026417,9.083973444685004,9.582030512673777,True
MDA,Republic of Moldova,2011,2.133815469721334,1.513889551614875,-3.6345047834306143,0.2968,0.275,0.7022571000000001,0.07454752,10.025230578099096,11.42123622332809,3.066927909851074,0.11403099447488785,0.21075162291526794,0.4491560757160187,-0.27951045612246705,0.6274725794792175,9.620493716522027,9.083973444685004,9.582030512673777,True
MDA,Republic of Moldova,2012,0.8032735982823169,-1.3941493320512033,1.2419410130009467,0.3207,0.2968,0.90441956,0.10016794000000001,10.04656873279631,11.384891175493784,3.1156539916992188,0.10633980482816696,0.26478931307792664,0.5123053789138794,-0.1694254527476735,0.6005961298942566,2.133815469721334,9.083973444685004,9.582030512673777,True
MDA,Republic of Moldova,2013,5.431707666298635,5.116145958812327,-3.242495148712443,0.3465,0.3207,1.02918976,0.12017340000000001,10.054601468779133,11.397310585623794,3.1662397384643555,0.10376183688640594,0.26190295815467834,0.4781859815120697,-0.08230562139153186,0.6298007369041443,0.8032735982823169,9.083973444685004,9.582030512673777,True
MDA,Republic of Moldova,2014,2.872654301042843,1.4352131489158284,-1.5386500691327853,0.37439999999999996,0.3465,1.0845169,0.13769524,10.108918545442119,11.36488563413667,3.2187740802764893,0.11162294447422028,0.2332579642534256,0.4848155379295349,-0.02986356886438557,0.5957897305488586,5.431707666298635,9.083973444685004,9.582030512673777,True
MDA,Republic of Moldova,2015,-2.885159714980823,-3.830792915655218,-2.440051836173396,0.67,0.37439999999999996,1.1182921000000001,0.15233005,10.137645088452548,11.349499133445342,3.2733516693115234,0.12215151637792587,0.2930067777633667,0.4273401275277138,-0.0290623539263013,0.571682870388031,2.872654301042843,9.083973444685004,9.582030512673777,True
MDA,Republic of Moldova,2016,2.1611224138945673,1.6447865195364981,-2.2041269318874512,0.6900001,0.67,1.1295868,0.16256962000000003,10.10879349130274,11.325098615083608,3.3300721645355225,0.10426655411720276,0.23499473929405212,0.3546970784664154,-0.06647751803092738,0.576896607875824,-2.885159714980823,9.083973444685004,9.582030512673777,True
MDA,Republic of Moldova,2017,4.604981049838841,3.0721472815183724,0.18189758080300322,0.71,0.6900001,1.1700837,0.17215517,10.130404715441685,11.303057345764733,3.3890419006347656,0.10037840157747269,0.24630028009414673,0.33205777406692505,-0.11530461565552041,0.5629713535308838,2.1611224138945673,9.083973444685004,9.582030512673777,True
MDA,Republic of Moldova,2018,-0.2285567778953279,-0.2579317118164273,-3.795453809988736,0.717671,0.71,1.17321045,0.18297497,10.176454525940073,11.304876321572763,3.4503729343414307,0.10252036899328232,0.3210827112197876,0.3382226824760437,-0.15567906091056294,0.4580705165863037,4.604981049838841,9.083973444685004,9.582030512673777,True
MDA,Republic of Moldova,2019,6.165797811611817,2.9115681796201365,3.828021834954498,0.725424,0.717671,1.1532,0.19758398,10.17416895816112,11.266921783472876,3.5141844749450684,0.117618128657341,0.31674516201019287,0.3705007806420326,-0.19083721169204093,0.5306442975997925,-0.2285567778953279,9.083973444685004,9.582030512673777,True
MEX,Mexico,1996,3.2156094187042683,3.0692026322393944,-1.2745857263933402,0.0010299999999999999,0.000433,0.007652731499999999,0.0,10.612501106653287,12.194681634755634,2.296245813369751,0.16541732847690582,0.13247166574001312,0.2609410583972931,1.6575977489632798,0.3860931396484375,-7.4461013878321936,10.483124442633473,10.654994600881846,True
MEX,Mexico,1997,4.131019593065943,2.4650088939703476,0.260203647459889,0.002,0.0010299999999999999,0.011157751,0.0,10.64465720084033,12.1819357774917,2.32004451751709,0.18330754339694977,0.1317216455936432,0.3322103023529053,1.6057445372437584,0.36346200108528137,3.2156094187042683,10.483124442633473,10.654994600881846,True
MEX,Mexico,1998,1.2266674493670138,2.1582483368208423,-0.7510914731165386,0.00627,0.002,0.01868165,0.0,10.68596739677099,12.1845378139663,2.344089984893799,0.19166259467601776,0.13437214493751526,0.38947635889053345,1.5594406725581322,0.3746589124202728,4.131019593065943,10.483124442633473,10.654994600881846,True
MEX,Mexico,1999,-1.1612148901315678,-2.750903865620899,-0.7908567945069223,0.0127,0.00627,0.035344212,0.0,10.69823407126466,12.177026899235134,2.368384838104248,0.19229133427143097,0.12964795529842377,0.3757854998111725,1.5160927016546033,0.3812677562236786,1.2266674493670138,10.483124442633473,10.654994600881846,True
MEX,Mexico,2000,1.4883128775680987,1.9012454497427014,-0.2443257581319358,0.018600000000000002,0.0127,0.08025796,0.0,10.686621922363344,12.169118331290065,2.3929312229156494,0.19040443003177643,0.135916069149971,0.4417099356651306,1.476210014743451,0.3868279755115509,-1.1612148901315678,10.483124442633473,10.654994600881846,True
MEX,Mexico,2001,-2.7092000485794188,-2.8888625252319473,-0.03404439537835202,0.05081384,0.018600000000000002,0.1427407,0.00015209041,10.701505051139025,12.166675073708745,2.417732000350952,0.1918862760066986,0.13407368957996368,0.5034797638654709,1.4410874716918265,0.3972209393978119,1.4883128775680987,10.483124442633473,10.654994600881846,True
MEX,Mexico,2002,-2.2003224080052064,-3.5715089687269006,-0.24731762869709684,0.07038023,0.05081384,0.2173602,0.000499505,10.67441305065323,12.166334629754962,2.437087297439575,0.17738676071166992,0.13291029632091522,0.4820118695497513,1.4039608654800695,0.41174426674842834,-2.7092000485794188,10.483124442633473,10.654994600881846,True
MEX,Mexico,2003,-0.2427798854322205,0.16276686150016423,0.132187540864237,0.11900000000000001,0.07038023,0.25532858,0.0022795582,10.652409826573178,12.163861453467991,2.4565975666046143,0.18121573328971863,0.13593840599060059,0.494259849190712,1.3730139606896508,0.4045115113258362,-2.2003224080052064,10.483124442633473,10.654994600881846,True
MEX,Mexico,2004,0.5483550472318299,1.1389444026682811,-1.2497521543009427,0.129,0.11900000000000001,0.29227165,0.0041598094000000006,10.649982027718856,12.165183328876633,2.4762637615203857,0.18653172254562378,0.13545462489128113,0.47957825660705566,1.3637861312715494,0.4009079933166504,-0.2427798854322205,10.483124442633473,10.654994600881846,True
MEX,Mexico,2005,1.2075384317698834,0.2141189276363399,1.1542549622259202,0.141,0.129,0.36832659999999995,0.010127790999999999,10.655465578191174,12.152685807333624,2.4960875511169434,0.19454948604106903,0.12559889256954193,0.4927373230457306,1.3814670187007216,0.38083210587501526,0.5483550472318299,10.483124442633473,10.654994600881846,True
MEX,Mexico,2006,1.355882279672116,1.7451508008287029,-0.4900637432967869,0.1721,0.141,0.44540287,0.018167703,10.667540962508873,12.164228356955883,2.5160701274871826,0.1944897174835205,0.12270817160606384,0.49099162220954895,1.4158226663880669,0.3759930431842804,1.2075384317698834,10.483124442633473,10.654994600881846,True
MEX,Mexico,2007,0.31872459325850144,-0.29194428194272704,0.7384565113962793,0.19519999999999998,0.1721,0.51649014,0.028157546999999998,10.681099785305594,12.159327719522915,2.53621244430542,0.20240432024002075,0.1292627453804016,0.5385991036891937,1.4562076048431294,0.3651983141899109,1.355882279672116,10.483124442633473,10.654994600881846,True
MEX,Mexico,2008,-0.46042933558645416,-2.7481427573843034,1.2658914117977815,0.20809999999999998,0.19519999999999998,0.61190395,0.041410694,10.68428703123818,12.166712284636878,2.556516170501709,0.20118668675422668,0.13800497353076935,0.5261919796466827,1.4860644752946683,0.36237484216690063,0.31872459325850144,10.483124442633473,10.654994600881846,True
MEX,Mexico,2009,-6.518932958210577,-4.805056046107782,0.8637858060833281,0.21710000000000002,0.20809999999999998,0.68225555,0.068246264,10.679682737882315,12.179371198754856,2.5714151859283447,0.20718345046043396,0.15079663693904877,0.5260869562625885,1.4953691111469603,0.35892659425735474,-0.46042933558645416,10.483124442633473,10.654994600881846,True
MEX,Mexico,2010,3.4923135052686405,-0.5036861727333402,0.5884222483766521,0.2634,0.21710000000000002,0.7428016,0.08608207,10.61449340830021,12.18800905681569,2.585256814956665,0.19600436091423035,0.17276731133460999,0.4410517066717148,1.4767575941124989,0.3942110240459442,-6.518932958210577,10.483124442633473,10.654994600881846,True
MEX,Mexico,2011,1.4158646964625987,1.33961875012491,0.18260880574842986,0.3105,0.2634,0.804263,0.09313943,10.649416543352896,12.193893279299456,2.599172830581665,0.2032971829175949,0.17972911894321442,0.5106774866580963,1.4381415328835523,0.3807435631752014,3.4923135052686405,10.483124442633473,10.654994600881846,True
MEX,Mexico,2012,0.3056580310085266,0.36370817164828884,-0.81221039540047,0.37176296000000003,0.3105,0.82072525,0.10036201,10.663575190317522,12.19571936735694,2.618360757827759,0.21124719083309174,0.1906479448080063,0.5202183425426483,1.3947925385513926,0.3678421080112457,1.4158646964625987,10.483124442633473,10.654994600881846,True
MEX,Mexico,2013,0.2818789104477304,-1.0631982595442326,1.013145569914009,0.3975,0.37176296000000003,0.86225624,0.11194551999999999,10.666631770627607,12.187597263402935,2.637690305709839,0.21559105813503265,0.19074909389019012,0.5371614694595337,1.3552892520419135,0.36176416277885437,0.3056580310085266,10.483124442633473,10.654994600881846,True
MEX,Mexico,2014,2.384366082473477,0.9201732519764018,1.7088988957310036,0.4346,0.3975,0.9020123999999999,0.10771918,10.669450559732084,12.197728719102075,2.657162666320801,0.21105502545833588,0.1838354915380478,0.5127302408218384,1.3155609841442484,0.3761442005634308,0.2818789104477304,10.483124442633473,10.654994600881846,True
MEX,Mexico,2015,0.843779776094955,0.3571677494806015,-0.1781638719412726,0.44385696,0.4346,0.8761445999999999,0.108799925,10.693294220556819,12.214817708059385,2.676778793334961,0.20871947705745697,0.185539111495018,0.52965447306633,1.2776763634971822,0.3741915225982666,2.384366082473477,10.483124442633473,10.654994600881846,True
MEX,Mexico,2016,0.9445402486734977,0.25166412938429217,0.1782959507005799,0.5743104,0.44385696,0.8894543,0.12189151000000001,10.701732018317768,12.213036069339973,2.6965396404266357,0.21076059341430664,0.1820252537727356,0.5500335693359375,1.2411777247185007,0.377999871969223,0.843779776094955,10.483124442633473,10.654994600881846,True
MEX,Mexico,2017,0.6604344071233115,-0.03757962696894568,0.40458004425669714,0.59540447,0.5743104,0.9139419599999999,0.130255995,10.711177420804503,12.214819028846978,2.7164463996887207,0.20570281147956848,0.17776696383953094,0.5193633139133453,1.2032513290603397,0.36845627427101135,0.9445402486734977,10.483124442633473,10.654994600881846,True
MEX,Mexico,2018,-0.4897686938484469,-0.36116414670412866,-0.8642488300740325,0.53031788,0.59540447,0.9264935,0.13776721,10.717781764875737,12.218864829289545,2.7365002632141113,0.2028113752603531,0.1679980605840683,0.5411217510700226,1.163967779211994,0.35616597533226013,0.6604344071233115,10.483124442633473,10.654994600881846,True
MEX,Mexico,2019,-2.6454339659899517,-2.113269588165243,-1.004920517123864,0.56659565,0.53031788,0.9646121999999999,0.14737395,10.712884077937252,12.210222340988805,2.756701946258545,0.1963963359594345,0.1699475198984146,0.5603614449501038,1.126421148902157,0.3602636754512787,-0.4897686938484469,10.483124442633473,10.654994600881846,True
MLT,Malta,1996,1.9294431518513733,-0.1341639396716776,3.9398211215603496,0.0022500000000000003,,0.028259935,0.0,10.729895109120209,11.985796024854961,2.6866538524627686,0.34279903769493103,0.1807721108198166,1.5758782029151917,0.8382162617209477,0.5371466875076294,1.7175057134183547,10.616729736795559,10.665554097153551,True
MLT,Malta,1997,4.6974617337335545,1.6070213863634137,5.44671884150798,0.0105,0.0022500000000000003,0.032444863000000004,0.0,10.749189540638723,12.025194236070565,2.70758318901062,0.3149758577346802,0.19054076075553894,1.447099208831787,0.8867533332525435,0.5428962707519531,1.9294431518513733,10.616729736795559,10.665554097153551,True
MLT,Malta,1998,4.93644175523702,1.0308290717661373,5.848310554133995,0.0392,0.0105,0.0454971,0.0,10.796164157976058,12.079661424485645,2.728675603866577,0.28292331099510193,0.18266929686069489,1.1918423473834991,0.9180536539177386,0.5357117056846619,4.6974617337335545,10.616729736795559,10.665554097153551,True
MLT,Malta,1999,3.683514269907384,1.0256364024230968,4.577569618896149,0.065,0.0392,0.057406454,0.0,10.845528575528428,12.138144530026985,2.749932289123535,0.268212229013443,0.18868796527385712,1.2538916170597076,0.9156409215611894,0.5270756483078003,4.93644175523702,10.616729736795559,10.665554097153551,True
MLT,Malta,2000,7.6417646114224524,3.997657531150278,6.448880124722756,0.0776,0.065,0.09480480999999999,0.0,10.882363718227502,12.183920226215946,2.7713544368743896,0.25783175230026245,0.19874921441078186,1.2685111463069916,0.8579374068138468,0.530737578868866,3.683514269907384,10.616729736795559,10.665554097153551,True
MLT,Malta,2001,-1.068608027435225,-0.16983383754244352,2.3398123657440095,0.131137085,0.0776,0.28618513,0.004141087,10.958781364341727,12.248409027463174,2.7929437160491943,0.2733244299888611,0.17974352836608887,1.2345581650733948,0.7696347433739481,0.5131717920303345,7.6417646114224524,10.616729736795559,10.665554097153551,True
MLT,Malta,2002,2.808533562902049,0.49415653180891195,2.2045195185880218,0.17877848,0.131137085,0.5944029599999999,0.022734269999999997,10.948095284067374,12.271807151120614,2.817272186279297,0.2108229100704193,0.2210036665201187,1.2479714453220367,0.679266333454076,0.5380452871322632,-1.068608027435225,10.616729736795559,10.665554097153551,True
MLT,Malta,2003,3.0164243513087996,0.7744065074610438,5.231137483185755,0.2892,0.17877848,0.6826501500000001,0.043591040000000005,10.976180619696395,12.293852346306494,2.8418126106262207,0.1865684986114502,0.22610333561897278,1.2642975747585297,0.6012248849249668,0.530471920967102,2.808533562902049,10.616729736795559,10.665554097153551,True
MLT,Malta,2004,0.2579127608722587,0.380832265062965,4.209903213330968,0.3164,0.2892,0.71037125,0.05569464,11.006344863209483,12.346163721138351,2.8665668964385986,0.22080430388450623,0.2047988921403885,1.2989429235458374,0.5355344430709064,0.5296217799186707,3.0164243513087996,10.616729736795559,10.665554097153551,True
MLT,Malta,2005,2.6391319214241094,-1.5914043071265427,4.320849412883909,0.34619999999999995,0.3164,0.7450548,0.09163141,11.008923990818205,12.388262753271661,2.8915364742279053,0.2368544489145279,0.22150465846061707,1.4344829320907593,0.4872619996045491,0.5341414213180542,0.2579127608722587,10.616729736795559,10.665554097153551,True
MLT,Malta,2006,0.28690419850896376,-1.8972826956755784,3.556111427884545,0.41240000000000004,0.34619999999999995,0.7838478999999999,0.12438062999999999,11.035315310032447,12.4314712474005,2.9167237281799316,0.25380003452301025,0.2125762552022934,1.2505891621112823,0.45475452067929023,0.5454614758491516,2.6391319214241094,10.616729736795559,10.665554097153551,True
MLT,Malta,2007,1.6673975617480963,0.1374656613231967,2.8184698368438177,0.40409999999999996,0.41240000000000004,0.83467964,0.12744612,11.038184352017536,12.467032361679346,2.933075189590454,0.25936073064804077,0.22411426901817322,1.340361475944519,0.41308054856699084,0.5516557693481445,0.28690419850896376,10.616729736795559,10.665554097153551,True
MLT,Malta,2008,1.0309110146549116,-0.27797120970873,1.4365770295654556,0.469,0.40409999999999996,0.8833477000000001,0.20130057999999998,11.054858327635017,12.495217060047784,2.9495184421539307,0.24837453663349152,0.22936265170574188,1.2935217022895813,0.3743648283898504,0.538416862487793,1.6673975617480963,10.616729736795559,10.665554097153551,True
MLT,Malta,2009,-2.2786352386178876,-3.936581522168256,2.62740554457892,0.5008,0.469,0.92044044,0.23440636,11.065167437781566,12.509582830343438,2.9660537242889404,0.2709205746650696,0.2650660276412964,1.27535080909729,0.40105615314212084,0.5290777683258057,1.0309110146549116,10.616729736795559,10.665554097153551,True
MLT,Malta,2010,1.6004526966455046,1.3349834566565522,2.0960252203126473,0.5886,0.5008,1.0030607999999999,0.27009827000000003,11.042381085395387,12.535856885789228,2.9826819896698,0.25208190083503723,0.2547767758369446,1.0161172449588776,0.5020454054050383,0.5407449007034302,-2.2786352386178876,10.616729736795559,10.665554097153551,True
MLT,Malta,2011,-1.916811489510195,-0.17674355702222977,-1.1486187519766489,0.63,0.5886,1.07790825,0.29785568,11.058385612361842,12.556817137992354,2.999403238296509,0.312071830034256,0.23758549988269806,1.4603471159934998,0.6541519200393919,0.5143601894378662,1.6004526966455046,10.616729736795559,10.665554097153551,True
MLT,Malta,2012,-0.0449583879007065,0.8581183424230698,-0.7524823340142817,0.6801982,0.63,1.2287179000000001,0.30303701,11.03921749746674,12.545330950472588,3.0166330337524414,0.2483220249414444,0.2711065709590912,1.7630872130393982,0.8320089535523656,0.5488241314888,-1.916811489510195,10.616729736795559,10.665554097153551,True
MLT,Malta,2013,1.3824161049297956,2.3410310632165645,-1.3636196492774033,0.6819987500000001,0.6801982,1.2475722,0.31822433,11.038767913587733,12.537806127132445,3.0341038703918457,0.24690952897071838,0.27763426303863525,1.9057162404060364,0.9755617124047489,0.5399067401885986,-0.0449583879007065,10.616729736795559,10.665554097153551,True
MLT,Malta,2014,4.415866734882812,6.051813013757365,-1.885156299310431,0.6891379999999999,0.6819987500000001,1.2992168000000002,0.33378300000000005,11.052592074637031,12.52416993063967,3.051819086074829,0.27348947525024414,0.2708229720592499,1.7624014616012573,1.0241138613487855,0.5298606753349304,1.3824161049297956,10.616729736795559,10.665554097153551,True
MLT,Malta,2015,8.00628286429248,5.69460008930938,3.5662349194067744,0.7311411,0.6891379999999999,1.2571873,0.3488199,11.09675074198586,12.505318367646566,3.069783926010132,0.2459564357995987,0.2748239040374756,1.7207674384117126,0.9449499751488233,0.5163496136665344,4.415866734882812,10.616729736795559,10.665554097153551,True
MLT,Malta,2016,3.1738316319158244,-0.30117503686091573,2.508411555053236,0.7596002,0.7311411,1.1779402,0.36676845999999996,11.176813570628784,12.540980716840634,3.0880022048950195,0.31394654512405396,0.24166040122509003,1.2677873969078064,0.7784645150433644,0.4938559830188751,8.00628286429248,10.616729736795559,10.665554097153551,True
MLT,Malta,2017,0.8658841243933679,3.779564262302509,-1.8138489421001935,0.7807514999999999,0.7596002,1.285987,0.3761798,11.208551886947943,12.566064832391167,3.106478452682495,0.3131709694862366,0.2279486507177353,1.2938426733016968,0.5836807209851358,0.5119036436080933,3.1738316319158244,10.616729736795559,10.665554097153551,True
MLT,Malta,2018,4.447784311212288,3.452370608815357,0.5079836757394318,0.8101191,0.7807514999999999,1.2924906999999999,0.38751278,11.217210728191876,12.547926342970165,3.1252171993255615,0.26097601652145386,0.227691650390625,1.2237138748168945,0.4201234970210743,0.5011881589889526,0.8658841243933679,10.616729736795559,10.665554097153551,True
MLT,Malta,2019,0.9737154800681935,0.5481953429242764,-0.4917243593135723,0.8165804,0.8101191,1.27093765,0.39589275,11.261688571304,12.553006179727559,3.144223213195801,0.2431078851222992,0.23280827701091766,1.0807074904441833,0.2998243202018913,0.5137290358543396,4.447784311212288,10.616729736795559,10.665554097153551,True
MNG,Mongolia,1996,1.950260662806791,0.44611116858672695,1.9911373477695449,8.81e-05,,0.0,0.0,9.336488198844949,11.683688696602248,2.5105082988739014,0.11240425705909729,0.16914249956607819,0.17792562395334244,0.7662373988569504,0.41274702548980713,5.160030835821772,8.840695280824233,9.326439793635277,True
MNG,Mongolia,1997,4.409135879632409,1.8339903132854718,3.5650632899065116,0.000182,8.81e-05,0.000381836,0.0,9.355990805473017,11.703600070079943,2.530176877975464,0.1676982045173645,0.19541358947753906,0.2918292135000229,0.8038897464674122,0.4191431999206543,1.950260662806791,8.840695280824233,9.326439793635277,True
MNG,Mongolia,1998,-0.245839723950958,-0.4624480546862597,-0.858561057220264,0.00113,0.000182,0.0008397113,0.0,9.40008216426934,11.739250702979009,2.549999713897705,0.19913561642169952,0.20277836918830872,0.3051322251558304,0.823940854574523,0.35500016808509827,4.409135879632409,8.840695280824233,9.326439793635277,True
MNG,Mongolia,1999,0.40916289004258033,0.16352848201983683,-0.7071016681663878,0.00146,0.00113,0.0037552783,0.0,9.397623767029831,11.730665092406806,2.566707134246826,0.20734980702400208,0.29871904850006104,0.2929108440876007,0.8496452398590537,0.45971548557281494,-0.245839723950958,8.840695280824233,9.326439793635277,True
MNG,Mongolia,2000,0.01936329394798264,-1.9115460517237337,1.0075584617084132,0.00508,0.00146,0.014231901,0.0,9.401715395930257,11.723594075725142,2.580228567123413,0.1953246146440506,0.305109441280365,0.2957771494984627,0.8690452968727946,0.4373413324356079,0.40916289004258033,8.840695280824233,9.326439793635277,True
MNG,Mongolia,2001,1.757726324950326,1.5031097900926438,-0.14786118102048107,0.01255652,0.00508,0.062968855,0.0,9.401909028869737,11.733669660342226,2.5938212871551514,0.22177432477474213,0.35584110021591187,0.351646825671196,0.8879230909867752,0.44121164083480835,0.01936329394798264,8.840695280824233,9.326439793635277,True
MNG,Mongolia,2002,0.10245433768698575,2.1832177423042443,-3.79850000356754,0.016532382999999998,0.01255652,0.07870202,1.9776407e-05,9.41948629211924,11.732191048532021,2.609083652496338,0.1901637464761734,0.37442922592163086,0.3232712149620056,0.9204952844398151,0.3867897093296051,1.757726324950326,8.840695280824233,9.326439793635277,True
MNG,Mongolia,2003,2.374354747079366,3.735459526346896,-2.8171914177606894,0.020395727,0.016532382999999998,0.08639741000000001,3.599892e-05,9.42051083549611,11.694206048496346,2.6244359016418457,0.18736368417739868,0.3618103563785553,0.32196108996868134,0.9740437567957727,0.3717590570449829,0.10245433768698575,8.840695280824233,9.326439793635277,True
MNG,Mongolia,2006,4.003341857274911,1.5451239801496208,-0.9877483397286113,0.09,,0.21736511,0.0007021757000000001,9.553089386024872,11.63143167312377,2.671036720275879,0.2912352383136749,0.33834388852119446,0.33051155507564545,1.1958775277686295,0.3966548442840576,5.14727508570374,8.840695280824233,9.326439793635277,True
MNG,Mongolia,2007,8.601783339360836,4.2142657332391975,2.520017714314804,0.09,0.09,0.29979617999999997,0.001354093,9.593122804597622,11.621554189726483,2.6951167583465576,0.2920505702495575,0.28662049770355225,0.35609547793865204,1.2755419455618977,0.32821351289749146,4.003341857274911,8.840695280824233,9.326439793635277,True
MNG,Mongolia,2008,8.437382969150775,4.285727786454455,3.8039322442051215,0.09,0.09,0.45805176000000003,0.0028355439999999997,9.67914063799123,11.646754366869631,2.7194137573242188,0.30745434761047363,0.27754735946655273,0.38029858469963074,1.3571408971428611,0.35328200459480286,8.601783339360836,8.840695280824233,9.326439793635277,True
MNG,Mongolia,2009,-4.996415946696864,-4.999230571400523,-2.7489967191229425,0.098,0.09,0.66928406,0.01233818,9.763514467682738,11.684793689311682,2.743929862976074,0.35407471656799316,0.25849708914756775,0.4114835858345032,1.4573566328220489,0.4137560725212097,8.437382969150775,8.840695280824233,9.326439793635277,True
MNG,Mongolia,2010,-3.9821160773618303,-1.5556833274115556,-7.604879493798755,0.1,0.098,0.8438078,0.015036434999999999,9.713550308215769,11.657303722120453,2.768666982650757,0.2702091336250305,0.24391941726207733,0.32501988112926483,1.579392665483037,0.4375273287296295,-4.996415946696864,8.840695280824233,9.326439793635277,True
MNG,Mongolia,2012,9.831765192994801,4.109369018993922,5.349569620504013,0.12499990999999999,0.102,1.0718106,0.034260776,9.829354715773444,11.644244375747636,2.819951057434082,0.44020161032676697,0.20472083985805511,0.5294514894485474,1.8383992334640276,0.3767942190170288,15.56255683312937,8.840695280824233,9.326439793635277,True
MNG,Mongolia,2013,6.647963124362732,4.969331964342364,0.780149911058281,0.16399999999999998,0.12499990999999999,1.20738846,0.039408555,9.927672367703392,11.697740071952676,2.8469197750091553,0.4265122711658478,0.2363087236881256,0.4729672819375992,1.942381961159989,0.3983666002750397,9.831765192994801,8.840695280824233,9.326439793635277,True
MNG,Mongolia,2014,6.948577707025549,5.74038511729172,1.8701280030384737,0.17699984000000002,0.16399999999999998,1.0090127,0.04899538,9.99415199894702,11.705541571063259,2.8745527267456055,0.4179301857948303,0.2542041838169098,0.5260837525129318,2.001051963468403,0.4160400927066803,6.647963124362732,8.840695280824233,9.326439793635277,True
MNG,Mongolia,2015,-1.2298201584805213,1.2435179684733197,-3.396624215098498,0.19942448,0.17699984000000002,1.0392044,0.06771176,10.063637776017275,11.724242851093644,2.9028704166412354,0.2934805750846863,0.2649214565753937,0.5325581729412079,2.00343395060405,0.40823444724082947,6.948577707025549,8.840695280824233,9.326439793635277,True
MNG,Mongolia,2016,2.2821390151520404,2.9337946028754462,0.46159110044730056,0.22500004,0.19942448,1.0307842,0.06989591,10.05133957443247,11.690276608942659,2.931893825531006,0.21121273934841156,0.2564226984977722,0.46094703674316406,1.96455045446442,0.42517009377479553,-1.2298201584805213,8.840695280824233,9.326439793635277,True
MNG,Mongolia,2017,2.1779187692855473,3.1407956242233532,-0.9349033313203137,0.2226577,0.22500004,1.1074585000000001,0.074370594,10.07416096458399,11.694892519947132,2.9616451263427734,0.20118816196918488,0.28116750717163086,0.465147003531456,1.9134154244481838,0.42940792441368103,2.2821390151520404,8.840695280824233,9.326439793635277,True
MNG,Mongolia,2018,5.737591446925094,3.5113517156754592,2.483517738835239,0.23714300000000002,0.2226577,1.25184,0.09183619999999999,10.095940152276846,11.685543486633929,2.992147207260132,0.263695627450943,0.24076944589614868,0.5722549706697464,1.8613374990365195,0.40611353516578674,2.1779187692855473,8.840695280824233,9.326439793635277,True
MNG,Mongolia,2019,3.5315488247059434,0.42547845451556054,3.9562051269651732,0.47130000000000005,0.23714300000000002,1.3328386,0.096665535,10.153316066746097,11.710378664022281,3.023423671722412,0.2956501245498657,0.21817544102668762,0.6355156898498535,1.796037521985161,0.40278443694114685,5.737591446925094,8.840695280824233,9.326439793635277,True
MOZ,Mozambique,1997,8.07265456934152,7.713138126902503,0.3135836795687297,3.04e-05,,0.0,0.0,7.127794838740412,8.095009127811508,1.1169013977050781,0.16482114791870117,0.06344529241323471,0.2970545142889023,3.0352166337300535,0.4184567332267761,8.006595550872131,7.398193002595093,7.01560072388464,True
MOZ,Mozambique,1998,7.809308408003091,7.0673333070910145,1.1135229557906356,0.000118,3.04e-05,0.00015131593,0.0,7.208521384433827,8.098144964607195,1.1200214624404907,0.16511623561382294,0.07373270392417908,0.2904558479785919,2.6996265909833728,0.43373915553092957,8.07265456934152,7.398193002595093,7.01560072388464,True
MOZ,Mozambique,1999,9.367935539657335,8.19010912267792,2.0339198545462622,0.000202,0.000118,0.0003973836,0.0,7.286614468513858,8.109280194165102,1.12315034866333,0.18078604340553284,0.08478435128927231,0.2981622442603111,2.509928773826786,0.4160498380661011,7.809308408003091,7.398193002595093,7.01560072388464,True
MOZ,Mozambique,2000,-0.5589557221544084,-4.089983375988612,5.545985634028305,0.000563,0.000202,0.0007061411400000001,0.0,7.380293823910431,8.129619392710564,1.126287817955017,0.2758482098579407,0.08981805294752121,0.37826107442379,2.5266319646426894,0.45928946137428284,9.367935539657335,7.398193002595093,7.01560072388464,True
MOZ,Mozambique,2001,9.640302520400734,8.772298434392512,2.329259822859875,0.0010959252999999999,0.000563,0.0028166562,0.0,7.374704266688887,8.185079249050847,1.1294341087341309,0.25339940190315247,0.10049652308225632,0.37595462054014206,2.676309528993759,0.42964524030685425,-0.5589557221544084,7.398193002595093,7.01560072388464,True
MOZ,Mozambique,2002,7.075686953327853,4.750986021582834,4.316225076525093,0.0016003194000000001,0.0010959252999999999,0.0082346654,0.0,7.471107291892895,8.208371847279446,1.1354162693023682,0.21286731958389282,0.10878580063581467,0.3571772128343582,2.838525439811823,0.513221263885498,9.640302520400734,7.398193002595093,7.01560072388464,True
MOZ,Mozambique,2003,4.803964435738628,3.1698923881069705,2.8138706393368906,0.0025961262000000003,0.0016003194000000001,0.013437834,0.0,7.541864161426173,8.251534098044697,1.141430139541626,0.19363829493522644,0.11826488375663757,0.4734215587377548,2.932489207456346,0.5392599701881409,7.075686953327853,7.398193002595093,7.01560072388464,True
MOZ,Mozambique,2004,5.729798536606001,4.267610217788957,1.8153196388821513,0.0041953886,0.0025961262000000003,0.022470417,0.0,7.5899038057835595,8.279672804438066,1.1474759578704834,0.1693776696920395,0.12034628540277481,0.41579826176166534,2.976679703337881,0.41486209630966187,4.803964435738628,7.398193002595093,7.01560072388464,True
MOZ,Mozambique,2005,4.5039311625164835,2.8608307821969587,2.1119425473552056,0.0067944780000000005,0.0041953886,0.035684922,0.0,7.6472017911496195,8.297826000826888,1.1535537242889404,0.15743936598300934,0.13083462417125702,0.44315892457962036,2.953464448890708,0.41486209630966187,5.729798536606001,7.398193002595093,7.01560072388464,True
MOZ,Mozambique,2006,7.279648762536972,5.5039375712958405,2.0705163800343485,0.008544000000000001,0.0067944780000000005,0.07406919000000001,0.0,7.692241102774784,8.31894542630044,1.1596636772155762,0.15201511979103088,0.1322055608034134,0.47292570769786835,2.887865830993297,0.41486209630966187,4.5039311625164835,7.398193002595093,7.01560072388464,True
MOZ,Mozambique,2007,5.428610686195423,3.8935956779347745,1.9744038651317908,0.008429545,0.008544000000000001,0.11253703,0.00010588303999999999,7.765037590400154,8.339650590100783,1.1638835668563843,0.1566466987133026,0.13195495307445526,0.43870943784713745,2.82014411127256,0.41486209630966187,7.279648762536972,7.398193002595093,7.01560072388464,True
MOZ,Mozambique,2008,4.253924988127977,1.2641227045062264,4.9596225146189,0.0091,0.008429545,0.14467474,0.00029909382000000003,7.819323697262108,8.359394628752101,1.1681188344955444,0.15739130973815918,0.12794192135334015,0.43524426221847534,2.7751884577542185,0.41486209630966187,5.428610686195423,7.398193002595093,7.01560072388464,True
MOZ,Mozambique,2009,3.4211585094586106,1.1282329341361668,4.788932183249273,0.015600000000000001,0.0091,0.2018882,0.0005103342,7.861862947143388,8.40899085389829,1.1723694801330566,0.19326390326023102,0.12585775554180145,0.4767250418663025,2.7454794168388474,0.41486209630966187,4.253924988127977,7.398193002595093,7.01560072388464,True
MOZ,Mozambique,2010,3.7526784914045486,-0.19708704558223378,5.868102975841971,0.0268,0.015600000000000001,0.26665098,0.00061397627,7.896074532237974,8.456880175730783,1.176635503768921,0.19774171710014343,0.12605692446231842,0.47192925214767456,2.7369258885967085,0.41486209630966187,3.4211585094586106,7.398193002595093,7.01560072388464,True
MOZ,Mozambique,2011,4.853861292200179,0.12265320089862863,6.924785901452601,0.0417,0.0268,0.31410505,0.0007531989,7.93360131715202,8.515561205489202,1.1809171438217163,0.20791734755039215,0.1339963972568512,0.4614696353673935,2.7437214321915704,0.41486209630966187,3.7526784914045486,7.398193002595093,7.01560072388464,True
MOZ,Mozambique,2012,4.118661138205404,-4.990809668885237,14.011412538423329,0.046,0.0417,0.3321634,0.0011997951,7.9821399300740214,8.584809064503728,1.1861060857772827,0.26766255497932434,0.15291959047317505,0.6591011136770248,2.7492628898275306,0.41486209630966187,4.853861292200179,7.398193002595093,7.01560072388464,True
MOZ,Mozambique,2013,4.243599165632084,-4.139768891794106,12.904568905016056,0.05,0.046,0.36178165,0.0012095565,8.023326541456075,8.724923189887962,1.1913177967071533,0.45812755823135376,0.16214337944984436,0.9276699870824814,2.753151770991824,0.41486209630966187,4.118661138205404,7.398193002595093,7.01560072388464,True
MOZ,Mozambique,2014,6.29762199615822,-2.483167741691471,13.683898489182234,0.055,0.05,0.49502964,0.0011517024,8.065762533112396,8.853968878938122,1.1965525150299072,0.4768921732902527,0.18988767266273499,0.9333349764347076,2.7690926976371433,0.41486209630966187,4.243599165632084,7.398193002595093,7.01560072388464,True
MOZ,Mozambique,2015,2.0289796348450295,-1.2598065407937065,4.732586602693978,0.06,0.055,0.7167015000000001,0.0014341678,8.128738753073979,8.990807863829945,1.2018101215362549,0.43864235281944275,0.21636639535427094,0.9565137028694153,2.7985576844540727,0.41486209630966187,6.29762199615822,7.398193002595093,7.01560072388464,True
MOZ,Mozambique,2016,0.8814730540178672,-1.4379183220302065,3.944765312475873,0.065,0.06,0.7584472,0.0016035364999999998,8.149028549422429,9.038133729856884,1.2070908546447754,0.3331550657749176,0.22293905913829803,0.7052128314971924,2.834754263680539,0.41486209630966187,2.0289796348450295,7.398193002595093,7.01560072388464,True
MOZ,Mozambique,2017,0.6830092491517448,-0.7415507447331979,2.476942196555676,0.07,0.065,0.54964115,0.0017046063,8.157843279962607,9.077581382981643,1.2123947143554688,0.3387241065502167,0.20984046161174774,0.5652078092098236,2.8721060828013734,0.41486209630966187,0.8814730540178672,7.398193002595093,7.01560072388464,True
MOZ,Mozambique,2018,0.12341830762387929,-7.295601046571798,9.456252596035775,0.077963266,0.07,0.4216197,0.0021884592,8.164673372454125,9.1023508049472,1.217721939086914,0.251895546913147,0.21608003973960876,0.6657311618328094,2.900681910800751,0.41486209630966187,0.6830092491517448,7.398193002595093,7.01560072388464,True
MOZ,Mozambique,2019,-0.9781912767490297,-6.029156808950919,7.64124982276666,0.109,0.077963266,0.48500709999999997,0.0024171356999999997,8.165907555530364,9.196913330907558,1.2230726480484009,0.3511875569820404,0.20262637734413147,0.889288067817688,2.9135629711831257,0.41486209630966187,0.12341830762387929,7.398193002595093,7.01560072388464,True
MRT,Mauritania,1998,0.01886857568269562,0.07441443539400738,-1.423703503697915,4.1700000000000004e-05,,0.0,0.0,9.770475727707836,11.34834143315396,1.4456263780593872,0.11537928134202957,0.2647184431552887,0.28129664063453674,2.5243181353285404,0.5166317224502563,-7.046580621629772,9.449938255068954,9.769935965021052,True
MRT,Mauritania,1999,1.0552582164073954,0.9637786323076671,-1.2339749514360676,0.00040599999999999995,4.1700000000000004e-05,0.0,0.0,9.770664413464663,11.334104398116981,1.4596189260482788,0.12325862050056458,0.24828097224235535,0.2674342840909958,2.541954663045154,0.5166317224502563,0.01886857568269562,9.449938255068954,9.769935965021052,True
MRT,Mauritania,2000,-6.999819591336021,-8.071820194493748,-1.262658034596953,0.0011799999999999998,0.00040599999999999995,0.0,0.0,9.781216995628737,11.32176464860262,1.4737468957901,0.1298399418592453,0.26305538415908813,0.26873569190502167,2.585022230350742,0.5166317224502563,1.0552582164073954,9.449938255068954,9.769935965021052,True
MRT,Mauritania,2001,-2.8833488099266447,-3.8316208013504953,-0.4270481984114838,0.0019203145999999998,0.0011799999999999998,0.005854351,0.0,9.711218799715377,11.309138068256651,1.4880117177963257,0.11830323934555054,0.2675549387931824,0.18665608018636703,2.644090515690911,0.5166317224502563,-6.999819591336021,9.449938255068954,9.769935965021052,True
MRT,Mauritania,2002,-0.7659677345063898,-2.4569456374009246,1.088388019527109,0.0026144856,0.0019203145999999998,0.041236615,0.0,9.68238531161611,11.304867586272536,1.5035091638565063,0.11923860758543015,0.2746850550174713,0.20532379299402237,2.7073154386499043,0.5166317224502563,-2.8833488099266447,9.449938255068954,9.769935965021052,True
MRT,Mauritania,2003,4.413054489910628,2.0697042246442114,2.101721501385434,0.0036322942000000004,0.0026144856,0.09027717,0.0,9.674725634271047,11.315751466467807,1.5191681385040283,0.10781606286764145,0.27183783054351807,0.1797715127468109,2.7626613774793363,0.5038758516311646,-0.7659677345063898,9.449938255068954,9.769935965021052,True
MRT,Mauritania,2004,2.214398448314725,-0.6498234195885306,1.2628924928881347,0.0042400488,0.0036322942000000004,0.12524919499999998,0.0,9.718856179170153,11.336768681481662,1.5349900722503662,0.21681280434131622,0.27236485481262207,0.15848848223686218,2.805704365086581,0.49112004041671753,4.413054489910628,9.449938255068954,9.769935965021052,True
MRT,Mauritania,2005,5.783854348345585,3.3985017524754793,1.4171304569542187,0.0048147044,0.0042400488,0.18210567,0.0,9.7410001636533,11.349397606410543,1.5509768724441528,0.26510563492774963,0.2569449245929718,0.3499918282032013,2.832950159959702,0.4783641993999481,2.214398448314725,9.449938255068954,9.769935965021052,True
MRT,Mauritania,2007,-4.53117532898073,-7.286733710502056,2.5813429747797656,0.009797,0.0067,0.35177227,0.00032286323999999996,9.942612354765059,11.382150567260052,1.5847221612930298,0.24020256102085114,0.21583987772464752,0.45594364404678345,2.8590790505721886,0.4040895700454712,14.377364762830247,9.449938255068954,9.769935965021052,True
MRT,Mauritania,2008,-2.811310877316764,-3.76919808390923,0.9665968880149478,0.014336,0.009797,0.45714194999999996,0.0012932181,9.897300601475251,11.40796399700785,1.6025116443634033,0.23945870995521545,0.1989496350288391,0.3932986408472061,2.8701662923094284,0.4040895700454712,-4.53117532898073,9.449938255068954,9.769935965021052,True
MRT,Mauritania,2009,-1.9826051631762098,-2.2544482703360376,1.0335127423223511,0.0187,0.014336,0.6571835,0.0018459012,9.869187492702084,11.417629965887999,1.6205008029937744,0.2567923963069916,0.19569295644760132,0.42597293853759766,2.8844755050651427,0.4040895700454712,-2.811310877316764,9.449938255068954,9.769935965021052,True
MRT,Mauritania,2010,0.18689779170166787,-2.1835105395810617,0.7015009370007874,0.022799999999999997,0.0187,0.6644188,0.0020627515,9.849361441070322,11.427965093311222,1.638691782951355,0.21777082979679108,0.18584692478179932,0.3326568305492401,2.905320265224698,0.4040895700454712,-1.9826051631762098,9.449938255068954,9.769935965021052,True
MRT,Mauritania,2011,1.6696947566989806,-0.4036922188097928,0.5630654760464537,0.04,0.022799999999999997,0.8186606999999999,0.0017130817,9.851230418987338,11.43498010268123,1.6570870876312256,0.23313018679618835,0.1514720469713211,0.2737434208393097,2.9267999284067425,0.4040895700454712,0.18689779170166787,9.449938255068954,9.769935965021052,True
MRT,Mauritania,2012,4.001139606827664,0.3709326053229142,3.073352796693385,0.045,0.04,0.9463161999999999,0.0017471682,9.867927366554328,11.440610757441695,1.6770401000976562,0.30605700612068176,0.12805239856243134,0.48074936866760254,2.945519925338158,0.4040895700454712,1.6696947566989806,9.449938255068954,9.769935965021052,True
MRT,Mauritania,2013,-1.2940303051930613,-1.654147091186973,-2.0822294544021958,0.05,0.045,1.1123072999999999,0.0018504938000000002,9.907938762622605,11.471344285408628,1.6977146863937378,0.38666069507598877,0.14813624322414398,0.56870336830616,2.954465443339216,0.4040895700454712,4.001139606827664,9.449938255068954,9.769935965021052,True
MRT,Mauritania,2014,0.7877480752226163,-0.08397441639615144,-0.26367516577536776,0.062,0.05,1.06798485,0.002016968,9.894998459570674,11.450521990864607,1.716678500175476,0.3469259738922119,0.14714308083057404,0.5693931728601456,2.9491312598929564,0.4040895700454712,-1.2940303051930613,9.449938255068954,9.769935965021052,True
MRT,Mauritania,2015,1.7140780509153686,1.7129163863722392,-1.34367703992897,0.11800000000000001,0.062,0.9752673000000001,0.0020787244,9.9028759403229,11.447885239206853,1.7333734035491943,0.30233195424079895,0.1751554161310196,0.5485403686761856,2.927320331714145,0.4040895700454712,0.7877480752226163,9.449938255068954,9.769935965021052,True
MRT,Mauritania,2016,-2.0584205847452353,-1.3196477999896556,-1.690972790489731,0.17600000000000002,0.11800000000000001,0.9189412,0.0024301814999999997,9.920016720832054,11.434448468807563,1.7506321668624878,0.26312750577926636,0.17986410856246948,0.5326250642538071,2.893574072476768,0.4040895700454712,1.7140780509153686,9.449938255068954,9.769935965021052,True
MRT,Mauritania,2017,5.784766534279306,4.131176411110603,2.7931757178746963,0.192328,0.17600000000000002,0.8843835,0.0027261892,9.899432514984602,11.417538740902666,1.7684779167175293,0.23178783059120178,0.18679927289485931,0.3553963750600815,2.8560862244013663,0.4040895700454712,-2.0584205847452353,9.449938255068954,9.769935965021052,True
MRT,Mauritania,2018,-6.896800740192077,-3.4996582716099933,-6.902919181024636,0.210172,0.192328,0.9675954,0.0030012348,9.957280180327395,11.445470498081413,1.7869350910186768,0.22210559248924255,0.17702718079090118,0.44970279932022095,2.818930398897357,0.4040895700454712,5.784766534279306,9.449938255068954,9.769935965021052,True
MRT,Mauritania,2019,2.754017953142629,3.153011459014069,-0.7603273311865166,0.22966999999999999,0.210172,1.0527509000000002,0.0030486307000000003,9.888312172925474,11.376441306271166,1.8060290813446045,0.21604841947555542,0.18860670924186707,0.4131547659635544,2.7803915466531492,0.4040895700454712,-6.896800740192077,9.449938255068954,9.769935965021052,True
MUS,Mauritius,1997,5.222402531711978,1.8655004420056298,4.980798373430417,0.00184,,0.017775909,0.0,10.164268372026184,11.298984226410695,2.1832027435302734,0.17120102047920227,0.11893662065267563,0.42450979351997375,1.1692969678589058,0.5438358783721924,5.072513845457038,10.446246018464496,10.090123223214018,True
MUS,Mauritius,1998,4.744454375067697,2.2682867476679967,3.241301267074981,0.0047599999999999995,0.00184,0.035900147,0.0,10.216492397343304,11.348792210145,2.2078914642333984,0.21577507257461548,0.11633026599884033,0.4269062727689743,1.0619901838794243,0.5281567573547363,5.222402531711978,10.446246018464496,10.090123223214018,True
MUS,Mauritius,1999,1.8714750507456301,-1.7179170093385931,5.248292398353094,0.025699999999999997,0.0047599999999999995,0.050589180000000004,0.0,10.26393694109398,11.38120522281575,2.2328593730926514,0.21277837455272675,0.1186341866850853,0.4443295896053314,0.9608498087399969,0.5125749707221985,4.744454375067697,10.446246018464496,10.090123223214018,True
MUS,Mauritius,2000,7.708859420404224,4.892099128888505,4.344277027505505,0.04650000000000001,0.025699999999999997,0.08471703,0.0,10.282651691601437,11.43368814679928,2.2581095695495605,0.22044982016086578,0.12653005123138428,0.44124269485473633,0.8792562979255014,0.48705190420150757,1.8714750507456301,10.446246018464496,10.090123223214018,True
MUS,Mauritius,2001,2.1352887849047875,0.5264519788124117,3.395172505571331,0.07281535,0.04650000000000001,0.14794978,0.0,10.35974028580548,11.477130917074335,2.2836453914642334,0.22073253989219666,0.1371845155954361,0.4267876595258713,0.8108591018623684,0.48299092054367065,7.708859420404224,10.446246018464496,10.090123223214018,True
MUS,Mauritius,2002,2.0195126833099764,-0.15187953464235737,4.519706358849618,0.08780903999999999,0.07281535,0.22223509,0.0,10.381093173654527,11.511082642130049,2.3022334575653076,0.16397924721240997,0.1464167833328247,0.44731104373931885,0.7374368345760218,0.4748995900154114,2.1352887849047875,10.446246018464496,10.090123223214018,True
MUS,Mauritius,2003,5.072287051868152,2.7516618296704958,4.427900697869269,0.102526245,0.08780903999999999,0.28161108,0.00023094034,10.401288300487627,11.556279705718545,2.3209726810455322,0.20787593722343445,0.15426276624202728,0.4945467412471771,0.6590919573979004,0.4665067791938782,2.0195126833099764,10.446246018464496,10.090123223214018,True
MUS,Mauritius,2004,3.3666471849592483,1.0593308905909051,3.790850073738561,0.12187106,0.102526245,0.3722771,0.0009532251,10.452011171006308,11.600558712697238,2.339864492416382,0.21040765941143036,0.16393586993217468,0.5019008219242096,0.5958190950877879,0.45995718240737915,5.072287051868152,10.446246018464496,10.090123223214018,True
MUS,Mauritius,2005,1.3141141387881916,-0.9243473341986802,3.5919197783425005,0.13689089,0.12187106,0.43826610000000005,0.0020515282,10.4856776428559,11.638467213434623,2.358910083770752,0.23160843551158905,0.17321623861789703,0.5124819725751877,0.5512514418221814,0.4545978903770447,3.3666471849592483,10.446246018464496,10.090123223214018,True
MUS,Mauritius,2006,3.4046331807653374,0.7098426699646345,3.743634939720586,0.151722,0.13689089,0.52244682,0.0042936173,10.498818784243783,11.674386411218048,2.378110647201538,0.18538127839565277,0.19308361411094666,0.5778404474258423,0.5190192478800343,0.4439566731452942,1.3141141387881916,10.446246018464496,10.090123223214018,True
MUS,Mauritius,2007,4.383625148819803,1.8225659914400394,3.8938000020742436,0.16699999999999998,0.151722,0.6111778999999999,0.022072653999999997,10.532865116051436,11.711822760615254,2.397467613220215,0.2242746204137802,0.1893814504146576,0.5914682894945145,0.4967986930549312,0.43162813782691956,3.4046331807653374,10.446246018464496,10.090123223214018,True
MUS,Mauritius,2008,1.7453948931624552,1.3800884940636262,1.2600827136692416,0.2022,0.16699999999999998,0.73147606,0.027673495,10.576701367539634,11.750760760635997,2.4169821739196777,0.23824234306812286,0.16835080087184906,0.5040068626403809,0.47116673909385065,0.42526301741600037,4.383625148819803,10.446246018464496,10.090123223214018,True
MUS,Mauritius,2009,2.8255487093673537,0.8297944376541786,4.762899301733015,0.2181,0.2022,0.81066345,0.04119689,10.594155316471259,11.763361587772689,2.436655282974243,0.2548469007015228,0.17008793354034424,0.5351420491933823,0.4345071088144026,0.4259181618690491,1.7453948931624552,10.446246018464496,10.090123223214018,True
MUS,Mauritius,2010,2.1922541315641197,0.4843469365568939,2.6550069800180154,0.22510000000000002,0.2181,0.8497043,0.056979356,10.622410803564932,11.810990580790019,2.456488847732544,0.22804972529411316,0.18418771028518677,0.457679346203804,0.380871841629013,0.4265628159046173,2.8255487093673537,10.446246018464496,10.090123223214018,True
MUS,Mauritius,2011,3.873797951070479,0.9953860759730426,4.455246013506731,0.2833,0.22510000000000002,0.9284256999999999,0.0732216,10.644333344880573,11.8375406505902,2.4764835834503174,0.23465101420879364,0.18836310505867004,0.5013178288936615,0.3181452040705246,0.4261361062526703,2.1922541315641197,10.446246018464496,10.090123223214018,True
MUS,Mauritius,2012,1.9902375531831495,0.19238791044075,2.7716257294240876,0.34950000000000003,0.2833,1.0060897,0.09192104000000001,10.683071324391278,11.882093110725267,2.497079372406006,0.2501492500305176,0.17966260015964508,0.5128408521413803,0.2500966676227401,0.4261361062526703,3.873797951070479,10.446246018464496,10.090123223214018,True
MUS,Mauritius,2013,-0.0364775271437523,-0.63173173623969,0.3279093907243791,0.3542,0.34950000000000003,1.1525245,0.10921756,10.70297369992311,11.909809368019507,2.5178463459014893,0.24106357991695404,0.1689913272857666,0.5674301832914352,0.19228870942724352,0.4261361062526703,1.9902375531831495,10.446246018464496,10.090123223214018,True
MUS,Mauritius,2014,2.2189509743320457,0.9398032598857985,1.5346014649477269,0.40116825,0.3542,1.18793106,0.12579552,10.702608924651672,11.913088461926751,2.538785934448242,0.206153005361557,0.19121094048023224,0.527318611741066,0.15656017291484636,0.4261361062526703,-0.0364775271437523,10.446246018464496,10.090123223214018,True
MUS,Mauritius,2015,1.9473234982747556,1.047392793509895,0.9235397110716193,0.44803276,0.40116825,1.2786328,0.14086633,10.724798434394993,11.928434476576228,2.5598995685577393,0.17660409212112427,0.19544918835163116,0.5356412529945374,0.15146410876855643,0.4261361062526703,2.2189509743320457,10.446246018464496,10.090123223214018,True
MUS,Mauritius,2016,3.4617131171158277,2.068083393408108,2.27741131488699,0.5013932,0.44803276,1.3637190000000001,0.15275387,10.74427166937774,11.937669873686945,2.5742406845092773,0.1588720977306366,0.20344071090221405,0.49862146377563477,0.16695735103195442,0.4261361062526703,1.9473234982747556,10.446246018464496,10.090123223214018,True
MUS,Mauritius,2017,2.375699831396183,1.497052186887326,1.375918819110744,0.521913,0.5013932,1.4042389,0.16457619,10.778888800548899,11.960443986835815,2.588634729385376,0.1456940472126007,0.20620451867580414,0.4473373144865036,0.1910903635871264,0.4261361062526703,3.4617131171158277,10.446246018464496,10.090123223214018,True
MUS,Mauritius,2018,3.3213720549289505,1.161055473191502,2.9236185056683794,0.5540324,0.521913,1.4252454,0.1906009,10.80264579886286,11.974203175026922,2.60310959815979,0.1477191299200058,0.2051292359828949,0.46876635402441025,0.20852109627978732,0.4261361062526703,2.375699831396183,10.446246018464496,10.090123223214018,True
MUS,Mauritius,2019,2.1380691657476802,0.7779878772660681,2.274107492763733,0.5859617,0.5540324,1.488168,0.21313856,10.83585951941215,12.003439360083606,2.6176652908325195,0.15612219274044037,0.210381418466568,0.4574168622493744,0.2121908585596466,0.4261361062526703,3.3213720549289505,10.446246018464496,10.090123223214018,True
MYS,Malaysia,1996,0.3334529188986579,-1.964658280483321,1.897308010645915,0.00146,0.000996,0.049911685,0.0,10.437488038460728,12.011969595398906,2.449904441833496,0.4625335931777954,0.1453799456357956,1.1232211589813232,2.5213526486595583,0.30572617053985596,7.671299847370072,10.243153496372182,10.300400272171576,True
MYS,Malaysia,1997,4.897709857984722,-1.77257740403452,8.396065984534573,0.00852,0.00146,0.07348428,0.0,10.440822567649715,12.030942675505365,2.479343891143799,0.4443736970424652,0.13128890097141266,1.087288737297058,2.5540633731772733,0.30572617053985596,0.3334529188986579,10.243153496372182,10.300400272171576,True
MYS,Malaysia,1998,-7.8176034119749716,-9.505302515633037,2.218928038433532,0.0231,0.00852,0.09412127999999999,0.0,10.489799666229562,12.11490333535071,2.50913667678833,0.46215197443962097,0.1346580684185028,1.0616069436073303,2.5608482620204764,0.30572617053985596,4.897709857984722,10.243153496372182,10.300400272171576,True
MYS,Malaysia,1999,3.2988784351458023,4.0237164815546205,-0.9114910141123644,0.0675,0.0231,0.10086864999999999,0.0,10.411623632109812,12.137092615735046,2.539287805557251,0.2994973659515381,0.1427363157272339,1.057518184185028,2.5271182603357367,0.30572617053985596,-7.8176034119749716,10.243153496372182,10.300400272171576,True
MYS,Malaysia,2000,3.783154579795145,4.17889020544224,-0.9742896273470691,0.12300000000000001,0.0675,0.13366919,0.0,10.44461241646127,12.127977705593922,2.5665884017944336,0.27662208676338196,0.1625051647424698,1.1609516143798828,2.4418069804321263,0.30572617053985596,3.2988784351458023,10.243153496372182,10.300400272171576,True
MYS,Malaysia,2001,-0.38827040921383116,-2.2067081496763397,2.3180790978232224,0.21384730999999998,0.12300000000000001,0.22299672999999998,0.0,10.482443962259222,12.118234809320452,2.5873124599456787,0.31411534547805786,0.14449653029441833,1.19118732213974,2.324616941223212,0.30572617053985596,3.783154579795145,10.243153496372182,10.300400272171576,True
MYS,Malaysia,2002,3.2812309024386366,1.7430466345637745,1.0428720261810298,0.26695972,0.21384730999999998,0.31390083,0.00017002076,10.478561258167083,12.141415600298684,2.61509108543396,0.29350802302360535,0.1724431961774826,1.133782684803009,2.1955037144411715,0.30572617053985596,-0.38827040921383116,10.243153496372182,10.300400272171576,True
MYS,Malaysia,2003,2.144518101349746,2.0646856779109517,-0.5057455455780513,0.32338203,0.26695972,0.37560455,0.0008008306,10.51137356719147,12.151844320560494,2.6431682109832764,0.3018020987510681,0.181404709815979,1.1373066902160645,2.0839566531579923,0.30572617053985596,3.2812309024386366,10.243153496372182,10.300400272171576,True
MYS,Malaysia,2004,5.510466215748977,3.580891037548088,1.882458245237295,0.34971153,0.32338203,0.4507366,0.0044734108,10.532818748204967,12.146786865104714,2.671546697616577,0.27877384424209595,0.192544624209404,1.093677580356598,2.00561201246785,0.30572617053985596,2.144518101349746,10.243153496372182,10.300400272171576,True
MYS,Malaysia,2005,4.776933454136234,1.4994905460248757,2.628029265808607,0.42252266,0.34971153,0.5784983,0.009997319,10.587923410362457,12.165611447557087,2.7002296447753906,0.26906394958496094,0.1926148235797882,1.1650956869125366,1.9717544590936331,0.30572617053985596,5.510466215748977,10.243153496372182,10.300400272171576,True
MYS,Malaysia,2006,2.8244929799136287,1.9917241311783809,0.5102900613808359,0.4862917,0.42252266,0.7565004999999999,0.018698664,10.63569274490382,12.191891740215173,2.7292208671569824,0.23802557587623596,0.1924116164445877,1.1463968753814697,1.9652621095771483,0.30572617053985596,4.776933454136234,10.243153496372182,10.300400272171576,True
MYS,Malaysia,2007,3.4904762561222213,2.422337001585353,0.9926866532453005,0.5163799,0.4862917,0.7367624,0.028427684,10.663937674702956,12.196994640828981,2.759387731552124,0.24802887439727783,0.18391957879066467,1.230884075164795,1.9708660882031381,0.30572617053985596,2.8244929799136287,10.243153496372182,10.300400272171576,True
MYS,Malaysia,2008,3.4990144868755735,1.8821564998626776,2.1988831210718374,0.557,0.5163799,0.8647553000000001,0.03834303,10.698842437264178,12.206921507361434,2.789888381958008,0.24568113684654236,0.170718252658844,1.1409542560577393,1.9591940583587153,0.31861838698387146,3.4904762561222213,10.243153496372182,10.300400272171576,True
MYS,Malaysia,2009,-3.645627503564697,-4.5395309118627445,0.7442099319284523,0.5579999999999999,0.557,1.0051846,0.048215346,10.733832582132933,12.228910338572152,2.820725917816162,0.23323044180870056,0.15912368893623352,1.0575478374958038,1.9113652039401074,0.3458540439605713,3.4990144868755735,10.243153496372182,10.300400272171576,True
MYS,Malaysia,2010,-1.4579611567022255,1.5254086782806722,-5.0513018630894635,0.5589999999999999,0.5579999999999999,1.0717951,0.05523955,10.697376307097286,12.236352437891437,2.8519046306610107,0.22237500548362732,0.16731682419776917,0.9359333515167236,1.8156747809816132,0.3602770268917084,-3.645627503564697,10.243153496372182,10.300400272171576,True
MYS,Malaysia,2011,1.4875081191384254,1.0638744868098597,0.08812875397499198,0.563,0.5589999999999999,1.1815663,0.073206882,10.682796695530264,12.185839419260542,2.883427619934082,0.26148271560668945,0.15635395050048828,1.1190918684005737,1.6910270710322806,0.3539735972881317,-1.4579611567022255,10.243153496372182,10.300400272171576,True
MYS,Malaysia,2012,1.4491017106141868,0.6330101806728821,1.1110172273768981,0.61,0.563,1.25715836,0.08595764,10.697671776721648,12.186720706800292,2.9044888019561768,0.2469620406627655,0.15653756260871887,1.0422976315021515,1.558004911243005,0.3565271198749542,1.4875081191384254,10.243153496372182,10.300400272171576,True
MYS,Malaysia,2013,-0.20060445068015298,-0.29076078663546545,0.42440252398652234,0.6579999999999999,0.61,1.3931476,0.09847004,10.71216279382779,12.197830879074061,2.925703763961792,0.2609310448169708,0.166861429810524,1.001704216003418,1.4457499178641697,0.36741411685943604,1.4491017106141868,10.243153496372182,10.300400272171576,True
MYS,Malaysia,2014,4.002591845797632,1.4727305414362242,3.2953600420071893,0.5705751,0.6579999999999999,1.4252211,0.09739426,10.710156749320989,12.202074904313926,2.9470736980438232,0.253441721200943,0.15744535624980927,0.9399549961090088,1.3691835713588674,0.37487149238586426,-0.20060445068015298,10.243153496372182,10.300400272171576,True
MYS,Malaysia,2015,3.617867226739513,1.4183478342930593,3.6258752609189315,0.63665424,0.5705751,1.4636565,0.09971939,10.750182667778965,12.235028504733998,2.968599557876587,0.25530219078063965,0.15186157822608948,0.9692824184894562,1.3404649171912641,0.37912246584892273,4.002591845797632,10.243153496372182,10.300400272171576,True
MYS,Malaysia,2016,3.865851411924126,0.7139592820951912,4.287320563978092,0.71064064,0.63665424,1.4121053000000001,0.09809559999999999,10.78636134004636,12.271287257343188,2.9902830123901367,0.26301297545433044,0.1478954255580902,0.8864138126373291,1.344800355545761,0.3959816098213196,3.617867226739513,10.243153496372182,10.300400272171576,True
MYS,Malaysia,2017,3.3390066869877444,1.397083555199805,2.5986020702905677,0.7878831,0.71064064,1.3672517,0.0855246,10.825019854165602,12.314160462982969,3.01212477684021,0.26700708270072937,0.13605304062366486,0.8185329735279083,1.3573756740267395,0.3959816098213196,3.865851411924126,10.243153496372182,10.300400272171576,True
MYS,Malaysia,2018,2.2400012381432077,0.7229004243397682,2.1698222499262343,0.8014047999999999,0.7878831,1.3085352000000001,0.08307052000000001,10.858409921035479,12.340146483685874,3.034125804901123,0.2752786874771118,0.12820158898830414,0.901286244392395,1.3594537185477762,0.3959816098213196,3.3390066869877444,10.243153496372182,10.300400272171576,True
MYS,Malaysia,2019,2.1783627281728,0.822682249945355,1.9796058763299484,0.8120105,0.8014047999999999,1.2887315000000001,0.08191798,10.880809933416911,12.361844706185137,3.0562877655029297,0.2570340931415558,0.12769868969917297,0.9388770461082458,1.3519889485535508,0.3959816098213196,2.2400012381432077,10.243153496372182,10.300400272171576,True
NAM,Namibia,1996,2.8951025463783253,0.8469916185567312,4.352665872428219,6.17e-05,,0.0021801828,0.0,10.155840704493627,11.132236043803955,2.022526502609253,0.18782274425029755,0.17914187908172607,0.5752777755260468,2.2390068183185785,0.6546433568000793,4.178975258953699,9.963161901832915,10.097348735450122,True
NAM,Namibia,1997,3.1518379175315303,2.3051649968599888,1.8021179366407125,9.03e-05,6.17e-05,0.0040265056,0.0,10.18479172995741,11.175762702528237,2.0182108879089355,0.20362348854541779,0.1690565049648285,0.5875114798545837,2.158113413312457,0.6445396542549133,2.8951025463783253,9.963161901832915,10.097348735450122,True
NAM,Namibia,1998,2.6685664398355513,0.5988483446573434,3.7624983274685775,0.000588,9.03e-05,0.007382288,0.0,10.216310109132726,11.193783881894644,2.013904094696045,0.17182409763336182,0.17827428877353668,0.5819932520389557,2.061945897022399,0.6339839696884155,3.1518379175315303,9.963161901832915,10.097348735450122,True
NAM,Namibia,1999,2.3084306349105077,0.779149223342325,3.0901098718185693,0.0028699999999999997,0.000588,0.011233023,0.0,10.242995773531081,11.23140886516933,2.0096065998077393,0.20503945648670197,0.1802731454372406,0.5756308436393738,1.95984254421806,0.632951557636261,2.6685664398355513,9.963161901832915,10.097348735450122,True
NAM,Namibia,2000,1.8908851237808832,1.3528964329458895,1.193060185623196,0.00336,0.0028699999999999997,0.016870263,0.0,10.266080079880187,11.262309963887516,2.0053181648254395,0.20304374396800995,0.18517066538333893,0.5683068335056305,1.8435663562497262,0.624335765838623,2.3084306349105077,9.963161901832915,10.097348735450122,True
NAM,Namibia,2001,-5.844606286959042,-5.287846736291287,-1.755710079159556,0.016447395,0.00336,0.045088463,0.0,10.284988931117995,11.274240565743748,2.0010392665863037,0.18396715819835663,0.1865340918302536,0.5730189979076385,1.7261973744291947,0.623427152633667,1.8908851237808832,9.963161901832915,10.097348735450122,True
NAM,Namibia,2002,2.4753973355272407,0.7569876073218524,2.114918238806318,0.024169796,0.016447395,0.057402930000000005,0.0,10.226542868248405,11.256683464952152,2.0169951915740967,0.24395987391471863,0.18941786885261536,0.6068687736988068,1.6086054758989166,0.5924668312072754,-5.844606286959042,9.963161901832915,10.097348735450122,True
NAM,Namibia,2003,1.6786325196520124,0.9417933816882613,0.49955742105325385,0.026336997,0.024169796,0.07936634,0.0,10.251296841603677,11.277832647340215,2.033078193664551,0.22939921915531158,0.1782797873020172,0.5053753405809402,1.5156492734260674,0.5785349607467651,2.4753973355272407,9.963161901832915,10.097348735450122,True
NAM,Namibia,2004,9.613152085962362,8.400790148377144,1.044722109994467,0.0335984,0.026336997,0.11664939,0.0,10.268083166800198,11.282828221550748,2.0492897033691406,0.21919529139995575,0.19193428754806519,0.47956715524196625,1.4793442001571844,0.5946285724639893,1.6786325196520124,9.963161901832915,10.097348735450122,True
NAM,Namibia,2005,-1.110062969774539,-1.52996639811904,-0.7060411812355838,0.038047156,0.0335984,0.14731356,0.0,10.364214687659821,11.293275442650692,2.0656304359436035,0.2122112512588501,0.18992328643798828,0.772572249174118,1.5119930639496237,0.5769463181495667,9.613152085962362,9.963161901832915,10.097348735450122,True
NAM,Namibia,2006,3.1264724141665923,1.6839292840985287,1.2057709591495325,0.0401,0.038047156,0.2282422,6.8138526e-05,10.353114057962076,11.286215030838337,2.082101345062256,0.20582886040210724,0.1734440177679062,0.7238630652427673,1.5899702221346401,0.5770573019981384,-1.110062969774539,9.963161901832915,10.097348735450122,True
NAM,Namibia,2007,1.073552489824614,-0.1117708699212544,1.2519361816616836,0.043988705,0.0401,0.30566277,9.940318e-05,10.384378782103742,11.298272740429832,2.0933053493499756,0.24088895320892334,0.18252280354499817,0.744521826505661,1.688022878639861,0.5355086922645569,3.1264724141665923,9.963161901832915,10.097348735450122,True
NAM,Namibia,2008,-1.4238116361116937,-2.8820691085315904,2.448614499522428,0.04835611,0.043988705,0.39644802,0.00012682057,10.395114307001988,11.310792102246449,2.104569911956787,0.2623358964920044,0.2099251002073288,0.8683024346828461,1.7697040720756174,0.5188374519348145,1.073552489824614,9.963161901832915,10.097348735450122,True
NAM,Namibia,2009,-3.8374663214204574,-5.4438281720221315,2.918526875759575,0.053290040000000004,0.04835611,0.51390877,0.00015632205,10.38087619064087,11.335278247241673,2.1158947944641113,0.30534297227859497,0.2238672971725464,0.8452300727367401,1.8213262864018032,0.5158697962760925,-1.4238116361116937,9.963161901832915,10.097348735450122,True
NAM,Namibia,2010,1.6373544380797966,-0.28419678457692055,1.5158639009612784,0.065,0.053290040000000004,0.7853956,0.0002296146,10.342501527426666,11.364463515999269,2.1272807121276855,0.31042206287384033,0.24690143764019012,1.1482926607131958,1.8257539980686466,0.5404919385910034,-3.8374663214204574,9.963161901832915,10.097348735450122,True
NAM,Namibia,2011,1.242432748728639,0.1442041675869976,0.749976281740139,0.11599999999999999,0.065,0.9242876,0.0044719645,10.358875071807464,11.379622155008882,2.138727903366089,0.3034018278121948,0.250225305557251,1.0622439086437225,1.801512463894872,0.5451722741127014,1.6373544380797966,9.963161901832915,10.097348735450122,True
NAM,Namibia,2012,2.1167542216712576,-1.044071489394366,4.003112925595254,0.12,0.11599999999999999,1.022443,0.008204722,10.37129939929475,11.387121917826283,2.1505420207977295,0.2730702757835388,0.2678251564502716,0.9823829531669617,1.7693532824824776,0.5467774271965027,1.242432748728639,9.963161901832915,10.097348735450122,True
NAM,Namibia,2013,-3.0893395484847375,-3.4674936304846264,-1.2782527023924573,0.129414,0.12,0.9782102,0.010959814000000002,10.392466941511463,11.427153047082236,2.1625258922576904,0.31062883138656616,0.25307324528694153,0.9544951617717743,1.7504832259554015,0.5430238842964172,2.1167542216712576,9.963161901832915,10.097348735450122,True
NAM,Namibia,2014,2.3602409736845686,-1.0477064432422822,5.731994544382424,0.139,0.129414,1.2110558,0.015866758999999998,10.361573546026616,11.414370520058311,2.1746826171875,0.3207617998123169,0.29239851236343384,1.0377905070781708,1.7490263033650644,0.5391499400138855,-3.0893395484847375,9.963161901832915,10.097348735450122,True
NAM,Namibia,2015,7.652062482391919,2.6508380451308806,10.194328333202662,0.1484,0.139,1.15520004,0.017824188,10.385175955763462,11.471690465502135,2.1870150566101074,0.339596152305603,0.27139773964881897,0.72437983751297,1.7713181598789096,0.5334296226501465,2.3602409736845686,9.963161901832915,10.097348735450122,True
NAM,Namibia,2016,1.0227598112237501,-0.8262706146659922,4.273529030006351,0.25687899999999997,0.1484,1.07392365,0.029654213999999998,10.46169658058738,11.573633748834162,2.199526786804199,0.2850648760795593,0.2681834399700165,0.846918523311615,1.80815927711796,0.5262141823768616,7.652062482391919,9.963161901832915,10.097348735450122,True
NAM,Namibia,2017,-3.864849420456551,-3.060807569291403,-1.6414147434048232,0.310333,0.25687899999999997,1.0904956,0.02637859,10.471924178699618,11.616369039134225,2.2122204303741455,0.19518998265266418,0.26743796467781067,0.8111147284507751,1.8464243826498694,0.5252327919006348,1.0227598112237501,9.963161901832915,10.097348735450122,True
NAM,Namibia,2018,-2.664033988886594,-2.8069125094033156,-1.2160604152068544,0.36837400000000003,0.310333,1.06914764,0.026239672000000002,10.433275684495053,11.599954891700177,2.225099563598633,0.1568126380443573,0.2605474591255188,0.840033233165741,1.8732757508757025,0.5243325233459473,-3.864849420456551,9.963161901832915,10.097348735450122,True
NAM,Namibia,2019,-3.402640066012985,-3.252781819853799,-0.30306888855982095,0.428207,0.36837400000000003,1.0706026,0.024386506,10.406635344606187,11.587794287548109,2.2381677627563477,0.14291250705718994,0.2678065598011017,1.1063202321529388,1.8829095276665542,0.5110876560211182,-2.664033988886594,9.963161901832915,10.097348735450122,True
NER,Niger,1997,-3.2752327430930706,-1.9989413694110225,-3.649376804519733,1.0399999999999999e-05,,0.0,0.0,7.696540024707634,9.773250406458354,1.093146562576294,0.12197995185852051,0.21021604537963867,0.14411406219005585,3.4823830944469503,0.5563817620277405,1.463232265236325,7.8668646962713185,7.713370963434814,True
NER,Niger,1998,8.25303775437014,8.997721060634905,-3.3036225468782376,2.01e-05,1.0399999999999999e-05,9.33849e-06,0.0,7.663787697276703,9.736756638413157,1.0992971658706665,0.12287329882383347,0.21411927044391632,0.1324187070131302,3.5155485608469927,0.5381594896316528,-3.2752327430930706,7.8668646962713185,7.713370963434814,True
NER,Niger,1999,-2.780480586258527,-1.8589622186992756,-3.7238323557611253,2.91e-05,2.01e-05,0.00012427544,0.0,7.746318074820405,9.703720412944374,1.1054824590682983,0.13040615618228912,0.20004481077194214,0.1454981490969658,3.547143465534841,0.6060194969177246,8.25303775437014,7.8668646962713185,7.713370963434814,True
NER,Niger,2000,-6.452945878752558,-5.524848269670893,-3.5360720287014757,0.000281,2.91e-05,0.0001951659,0.0,7.718513268957819,9.666482089386763,1.111702561378479,0.09342837333679199,0.20349742472171783,0.13100048527121544,3.5784088768923805,0.6241257786750793,-2.780480586258527,7.8668646962713185,7.713370963434814,True
NER,Niger,2001,3.911844455213931,4.994140988621753,-2.4471411602034365,0.00036261294,0.000281,0.00017863302,0.0,7.653983810170294,9.631121369099748,1.1179577112197876,0.09362903982400894,0.2075306922197342,0.11541150882840157,3.6087688496651893,0.6159863471984863,-6.452945878752558,7.8668646962713185,7.713370963434814,True
NER,Niger,2002,2.1082525237502203,2.977178538432848,-1.950001807448487,0.00105185434,0.00036261294,0.00017834602000000002,0.0,7.693102254722433,9.606649957497714,1.1228008270263672,0.10832162201404572,0.19898082315921783,0.11518222466111183,3.637791568602333,0.5978683829307556,3.911844455213931,7.8668646962713185,7.713370963434814,True
NER,Niger,2003,0.3132033933656686,1.2773197858558918,-2.2426244300033815,0.0012715246999999998,0.00105185434,0.0046595132,0.0,7.714184779959935,9.58714993942323,1.1276649236679077,0.11715124547481537,0.19651059806346893,0.11023180559277534,3.6645144850784295,0.6201781630516052,2.1082525237502203,7.8668646962713185,7.713370963434814,True
NER,Niger,2004,-3.930038164136196,-3.7341921733146917,-2.180179687112016,0.001556987,0.0012715246999999998,0.0064362824,0.0,7.717316813893592,9.564723695123195,1.1325501203536987,0.10248667746782303,0.20021764934062958,0.11993502452969551,3.6883285977751257,0.6154558062553406,0.3132033933656686,7.8668646962713185,7.713370963434814,True
NER,Niger,2005,4.102184453556035,3.8417614772019175,-1.133183076692923,0.0018993373,0.001556987,0.012997372,5.8043835e-06,7.67801643225223,9.542921898252075,1.1374564170837402,0.10120892524719238,0.19420918822288513,0.1590682938694954,3.709076163440317,0.6565934419631958,-3.930038164136196,7.8668646962713185,7.713370963434814,True
NER,Niger,2006,1.6736456816267342,1.2161712019945732,-1.8860376077416419,0.002213,0.0018993373,0.023542345,1.5411242e-05,7.71903827678779,9.531590067485146,1.1423840522766113,0.1398884505033493,0.20173147320747375,0.16714097559452057,3.7278623999438043,0.6635294556617737,4.102184453556035,7.8668646962713185,7.713370963434814,True
NER,Niger,2007,-0.8296973170875965,-0.7861528450590751,-1.9093054925964026,0.00294,0.002213,0.033850598,2.4319167999999998e-05,7.735774733604058,9.51272969140773,1.147333025932312,0.14294792711734772,0.19183377921581268,0.16879646107554436,3.7421235035744793,0.6694914698600769,1.6736456816267342,7.8668646962713185,7.713370963434814,True
NER,Niger,2008,5.295912988393514,4.723463047483774,0.24488100337745067,0.0039040000000000004,0.00294,0.06079598,3.2559626000000004e-05,7.727477760433182,9.493636636481765,1.1523033380508423,0.14310584962368011,0.1865798383951187,0.17592544853687286,3.7565279309877297,0.5876106023788452,-0.8296973170875965,7.8668646962713185,7.713370963434814,True
NER,Niger,2009,-4.661500687493714,-5.38229536447717,0.2712853226919165,0.006999999999999999,0.0039040000000000004,0.12352809000000001,4.0164264e-05,7.780436890317117,9.49608544651554,1.1572952270507812,0.2137746512889862,0.18058942258358002,0.2128671556711197,3.7785307400836743,0.5550457835197449,5.295912988393514,7.8668646962713185,7.713370963434814,True
NER,Niger,2010,3.9622109937510253,1.8058351567473083,0.7026248566683435,0.0076,0.006999999999999999,0.16301136,6.27208e-05,7.73382188344218,9.49879829974246,1.1623088121414185,0.22716952860355377,0.18521477282047272,0.21124397218227386,3.809711496784418,0.5245478749275208,-4.661500687493714,7.8668646962713185,7.713370963434814,True
NER,Niger,2011,-1.7714659610998496,-3.67782920113824,0.16601402305589374,0.0083,0.0076,0.22168478,9.064081999999999e-05,7.77344399337969,9.505824548309143,1.167344093322754,0.2490037977695465,0.14613837003707886,0.2096954956650734,3.8441540322692536,0.473193496465683,3.9622109937510253,7.8668646962713185,7.713370963434814,True
NER,Niger,2012,10.148185329171255,7.521144040158649,2.7459721906680556,0.009000000000000001,0.0083,0.27612953,0.00012307669,7.7557293337686914,9.507484688539702,1.1736124753952026,0.26111966371536255,0.15529832243919373,0.23263203352689743,3.876390211626024,0.48674440383911133,-1.7714659610998496,7.8668646962713185,7.713370963434814,True
NER,Niger,2013,4.3557642749327385,1.4635235871098329,3.048170960410168,0.0105,0.009000000000000001,0.30249537,0.00020569868000000003,7.857211187060404,9.534944410446382,1.1799145936965942,0.24707600474357605,0.1302202194929123,0.22000890970230103,3.898772028890951,0.4027884900569916,10.148185329171255,7.8668646962713185,7.713370963434814,True
NER,Niger,2014,6.7386824033143,3.6089078025976313,3.5946890304199286,0.0115,0.0105,0.37831203,0.00034557424000000004,7.900768829809731,9.565426120050484,1.1862504482269287,0.24194075167179108,0.12927287817001343,0.21673310548067093,3.907279075934378,0.4144827723503113,4.3557642749327385,7.8668646962713185,7.713370963434814,True
NER,Niger,2015,0.30146897829039787,-0.9436663145325895,0.7544184445157143,0.012486757,0.0115,0.428624,0.0015588126,7.968155653842874,9.601373010354683,1.1926203966140747,0.2459212839603424,0.14768193662166595,0.21039381623268127,3.899863800900283,0.4325192868709564,6.7386824033143,7.8668646962713185,7.713370963434814,True
NER,Niger,2016,1.7692769535825548,1.535774202468971,-0.7156555643280882,0.024762,0.012486757,0.4493092,0.0013635248,7.971170343625778,9.60891719479984,1.1990245580673218,0.25526273250579834,0.14185163378715515,0.22872138023376465,3.8814671368635256,0.4341132938861847,0.30146897829039787,7.8668646962713185,7.713370963434814,True
NER,Niger,2017,0.9179070300130654,0.6764170435378293,-0.5830822708183803,0.043228,0.024762,0.3612052,0.00037257526,7.988863113161604,9.60176063915656,1.2054630517959595,0.21319599449634552,0.12917982041835785,0.2017713561654091,3.8598863843459785,0.45098036527633667,1.7692769535825548,7.8668646962713185,7.713370963434814,True
NER,Niger,2018,2.7072576082758815,1.8818180061271679,-0.1919614947775372,0.10224311999999999,0.043228,0.40954987000000004,0.00040353720000000005,7.998042183461735,9.595929816448376,1.2119362354278564,0.22972147166728973,0.1305270940065384,0.25547531992197037,3.838930244706873,0.44994041323661804,0.9179070300130654,7.8668646962713185,7.713370963434814,True
NER,Niger,2019,1.7906372580201335,0.8730419587635634,0.448428273097079,0.107418,0.10224311999999999,,,8.025114759544493,9.5940102015006,1.2184441089630127,0.23292237520217896,0.12910012900829315,0.24483462423086166,3.8167243935682382,0.44994041323661804,2.7072576082758815,7.8668646962713185,7.713370963434814,True
NGA,Nigeria,1997,-0.1086943757293568,-0.96623174959381,-1.7991584769777802,8.829999999999999e-05,,0.00012617593,0.0,9.123035009575545,11.176506484040468,1.3596336841583252,0.27840694785118103,0.006975148804485798,0.19933822005987167,2.48891699206375,0.5615651607513428,1.3404638122354484,7.658068689766736,9.165357888794727,True
NGA,Nigeria,1998,-0.8280627743239677,-1.2848998676221524,-2.1837423520711496,0.000172,8.829999999999999e-05,0.00013182041,0.0,9.121948065818252,11.15851489927069,1.3839232921600342,0.30311477184295654,0.007701590657234192,0.19009928405284882,2.488785116367609,0.5880846977233887,-0.1086943757293568,7.658068689766736,9.165357888794727,True
NGA,Nigeria,1999,-3.4121548014059755,-3.524242788070453,-2.7209132641687006,0.000252,0.000172,0.00017139353,0.0,9.113667438075012,11.136677475749979,1.4086467027664185,0.34294748306274414,0.009100651368498802,0.14665283262729645,2.4913187793497826,0.6170444488525391,-0.8280627743239677,7.658068689766736,9.165357888794727,True
NGA,Nigeria,2000,5.37703544727961,3.1707994885044775,2.002213837676692,0.00041,0.000252,0.0002088632,0.0,9.079545890060952,11.109468343108292,1.4338116645812988,0.258954793214798,0.007031381130218506,0.634887233376503,2.496357004004679,0.5777825117111206,-3.4121548014059755,7.658068689766736,9.165357888794727,True
NGA,Nigeria,2001,5.309366549601435,4.351697208567068,-0.1180884113555436,0.00064080805,0.00041,0.00023737463999999998,0.0,9.133316244533749,11.129490481485059,1.4594264030456543,0.2330506145954132,0.006114352028816938,0.6929624751210213,2.503846969070622,0.5187469720840454,5.37703544727961,7.658068689766736,9.165357888794727,True
NGA,Nigeria,2002,11.75813276710489,11.121814083692277,-1.9060994662485342,0.0008990137,0.00064080805,0.0020518687,0.0,9.186409910029763,11.128309597371503,1.488318920135498,0.20465019345283508,0.006310794036835432,0.5179575830698013,2.5116165364695853,0.6491013765335083,5.309366549601435,7.658068689766736,9.165357888794727,True
NGA,Nigeria,2003,6.717013639467417,4.487558912384773,0.8985374244813826,0.00320462,0.0008990137,0.01175565,0.0,9.303991237700812,11.109248602709018,1.517783522605896,0.2102191001176834,0.0063896942883729935,0.4259718433022499,2.521515111088579,0.6641602516174316,11.75813276710489,7.658068689766736,9.165357888794727,True
NGA,Nigeria,2004,1.9615160083024108,2.5644539451108535,-6.6675271873640085,0.005585761999999999,0.00320462,0.0229549,0.0,9.371161374095486,11.118233976953832,1.547831416130066,0.24702775478363037,0.005207696929574013,0.4190869927406311,2.5372545520347067,0.5995681881904602,6.717013639467417,7.658068689766736,9.165357888794727,True
NGA,Nigeria,2005,3.5475683365449484,3.0474830263206076,-2.401729112092177,0.012861377,0.005585761999999999,0.06484759000000001,0.0,9.39077653417851,11.051558705080192,1.5784741640090942,0.20595304667949677,0.041114289313554764,0.38554997742176056,2.559661880244768,0.7752673029899597,1.9615160083024108,7.658068689766736,9.165357888794727,True
NGA,Nigeria,2006,2.802589899828334,1.1516730162021815,-1.3603491845556093,0.035491557,0.012861377,0.12817096,3.4478656e-06,9.42625221754396,11.02754141395927,1.6097235679626465,0.22119994461536407,0.06629828363656998,0.3059610649943352,2.5856890944750965,0.654974102973938,3.5475683365449484,7.658068689766736,9.165357888794727,True
NGA,Nigeria,2007,3.1976030168474168,2.3657460610325423,-2.686123958979003,0.055450362999999996,0.035491557,0.216815,,9.454278116542243,11.013937922113714,1.6415916681289673,0.26927247643470764,0.07537104189395905,0.3029848709702492,2.6108438264847322,0.9029887318611145,2.802589899828334,7.658068689766736,9.165357888794727,True
NGA,Nigeria,2008,3.6576601778861573,4.186298211423824,-2.4996380389053385,0.0677,0.055450362999999996,0.26356321,0.00034967676000000004,9.486254146710717,10.987076682523924,1.6740905046463013,0.19117264449596405,0.12758052349090576,0.2632552310824394,2.6321732636543693,0.6577786207199097,3.1976030168474168,7.658068689766736,9.165357888794727,True
NGA,Nigeria,2009,5.179626810796201,5.960121008357075,-1.8308956460870718,0.08,0.0677,0.39968581999999997,0.00043006435000000003,9.522830748489579,10.96208030213487,1.70723295211792,0.18476712703704834,0.12578806281089783,0.31776615232229233,2.6498642929393412,0.5323901772499084,3.6576601778861573,7.658068689766736,9.165357888794727,True
NGA,Nigeria,2010,1.393430253481931,2.548480422466986,-5.518038797394098,0.09300000000000001,0.08,0.45984886,0.00050575916,9.57462701659754,10.943771345674,1.7331268787384033,0.19015224277973175,0.10553043335676193,0.22186211496591568,2.6629166914126756,0.5745732188224792,5.179626810796201,7.658068689766736,9.165357888794727,True
NGA,Nigeria,2011,1.0109533965671602,1.9980825027021685,-3.7229128146453405,0.115,0.09300000000000001,0.52386147,0.00059473287,9.58856131913236,10.888590957700059,1.7589256763458252,0.17318515479564667,0.10692041367292404,0.3046089708805084,2.671442932976653,0.5022705793380737,1.393430253481931,7.658068689766736,9.165357888794727,True
NGA,Nigeria,2012,1.614602112842789,2.0363873385233804,-1.9860507577659448,0.138,0.115,0.5553013,,9.598670853098032,10.851361829553605,1.781640648841858,0.14949080348014832,0.10362627357244492,0.3942134752869606,2.677887512494781,0.4930476248264313,1.0109533965671602,7.658068689766736,9.165357888794727,True
NGA,Nigeria,2013,3.38471298807157,3.880941119947147,-2.1450399512449536,0.161,0.138,0.64005325,8.103831e-05,9.61481687422646,10.831501321975946,1.804648995399475,0.12887731194496155,0.09229378402233124,0.36552196741104126,2.680926015645202,0.4959718585014343,1.614602112842789,7.658068689766736,9.165357888794727,True
NGA,Nigeria,2014,3.109041612511554,3.206537397867532,-1.4434178343048387,0.191,0.161,0.7028251,8.309885e-05,9.648664004107175,10.810050922463496,1.8279544115066528,0.11718534678220749,0.08451088517904282,0.24582939594984055,2.6769115456604986,0.48533040285110474,3.38471298807157,7.658068689766736,9.165357888794727,True
NGA,Nigeria,2015,0.839225018054357,0.21392243040155856,-0.21003381716777625,0.21,0.191,0.7475128,8.467059e-05,9.67975442023229,10.795616744120448,1.8515608310699463,0.11680515110492706,0.07944644242525101,0.223002590239048,2.665009950414099,0.47651606798171997,3.109041612511554,7.658068689766736,9.165357888794727,True
NGA,Nigeria,2016,-7.126694718500204,-5.145221448503195,-4.321152117747751,0.22514199999999998,0.21,0.7910453,8.227747e-05,9.688146670412834,10.79351640594877,1.875472068786621,0.10562146455049515,0.08473819494247437,0.14996425062417984,2.6474010594199626,0.4681556820869446,0.839225018054357,7.658068689766736,9.165357888794727,True
NGA,Nigeria,2017,-7.136521621604075,-3.6654731303727006,-6.910763094246697,0.241375,0.22514199999999998,0.7897014,0.0005522357700000001,9.616879723227832,10.750304884771293,1.899692177772522,0.09413640201091766,0.06909290701150894,0.1269727349281311,2.627676850190852,0.46524184942245483,-7.126694718500204,7.658068689766736,9.165357888794727,True
NGA,Nigeria,2018,-0.9788999859695835,-1.0524686976726492,-1.3648266397080278,0.258779,0.241375,0.72367966,0.0005534655,9.545514507011791,10.681197253828826,1.924225091934204,0.09369468688964844,0.061588842421770096,0.14419421181082726,2.607667095925681,0.46524184942245483,-7.136521621604075,7.658068689766736,9.165357888794727,True
NGA,Nigeria,2019,-0.47387110944328015,-0.7141393937682783,-0.6408591500219885,0.277437,0.258779,0.8428401,0.00036091270000000004,9.535725507152096,10.667548987431745,1.949074625968933,0.09678070992231369,0.08271044492721558,0.1873035803437233,2.5865518537377064,0.46524184942245483,-0.9788999859695835,7.658068689766736,9.165357888794727,True
NIC,Nicaragua,1996,1.1036357494914384,1.9813040470928502,-3.4115324166034355,0.0003,0.000132,0.0009318226,0.0,9.39888471824318,10.979122368262965,1.8084393739700317,0.19105669856071472,0.13754311203956604,0.26039866358041763,2.0232384398961134,0.5404046773910522,1.4523645714755062,9.475830616252242,9.397525213815893,True
NIC,Nicaragua,1997,-1.9801091436784546,-1.0957423674907207,-3.7290795037240088,0.000841,0.0003,0.001059764,0.0,9.409921075738094,10.945007044096931,1.8275468349456787,0.21538323163986206,0.12759698927402496,0.2870401442050934,1.9032989989201443,0.5404046773910522,1.1036357494914384,9.475830616252242,9.397525213815893,True
NIC,Nicaragua,1998,-1.470999414877916,-1.21076344399891,-2.7450842629470174,0.0020599999999999998,0.000841,0.0015441297,0.0,9.39011998430131,10.90771624905969,1.8468561172485352,0.249834805727005,0.12378395348787308,0.35318318754434586,1.7992093663271813,0.5404046773910522,-1.9801091436784546,9.475830616252242,9.397525213815893,True
NIC,Nicaragua,1999,-0.061913403187219274,0.4527639821849817,-2.630578534166439,0.0030399999999999997,0.0020599999999999998,0.0036807334000000004,0.0,9.37540999015253,10.88026540643022,1.8663694858551025,0.2433209866285324,0.1254989504814148,0.3594213202595711,1.7043619659409481,0.5404046773910522,-1.470999414877916,9.475830616252242,9.397525213815893,True
NIC,Nicaragua,2000,-1.8223158714516074,-1.2558701760641853,-2.738050815624149,0.00498,0.0030399999999999997,0.008758429,0.0,9.374790856120658,10.853959621088556,1.8860889673233032,0.2999294698238373,0.13435640931129456,0.39935238659381866,1.6238599861954084,0.5404046773910522,-0.061913403187219274,9.475830616252242,9.397525213815893,True
NIC,Nicaragua,2001,-0.1007928656598267,0.34641146931400424,-0.45161837558609363,0.009802165,0.00498,0.017977424,0.00013936914,9.356567697406142,10.826579112932315,1.9060167074203491,0.2497827559709549,0.13783687353134155,0.41419246792793274,1.5558830660201695,0.5404046773910522,-1.8223158714516074,9.475830616252242,9.397525213815893,True
NIC,Nicaragua,2002,-2.0133652509919386,-1.7296540327354886,-0.7218646296616171,0.014487993999999999,0.009802165,0.032333856,0.0003152624,9.355559768749544,10.822062929176454,1.9206955432891846,0.22742421925067902,0.13711217045783997,0.4142790287733078,1.4893368240608496,0.5404046773910522,-0.1007928656598267,9.475830616252242,9.397525213815893,True
NIC,Nicaragua,2003,-0.21571410461511675,-0.02343626574782126,-0.783980751211999,0.017147295,0.014487993999999999,0.046068387,0.00045029923,9.335426116239624,10.814844282879838,1.9354873895645142,0.2150391936302185,0.1394878625869751,0.41416965425014496,1.4272154193086806,0.5404046773910522,-2.0133652509919386,9.475830616252242,9.397525213815893,True
NIC,Nicaragua,2004,1.2511715097886622,1.5246774535414502,-1.8127143951780056,0.018804126,0.017147295,0.08956233,0.0008449494,9.333268975193473,10.807004475367718,1.9503931999206543,0.204991415143013,0.14683184027671814,0.4059637188911438,1.3849885836908271,0.5404046773910522,-0.21571410461511675,9.475830616252242,9.397525213815893,True
NIC,Nicaragua,2005,0.4854813819756387,0.46505581081101033,-1.2224520604039668,0.023206646,0.018804126,0.14007895,0.0009484323,9.34578069029136,10.788877331415938,1.9654138088226318,0.21691226959228516,0.1505325585603714,0.4304988384246826,1.3665716633299185,0.5404046773910522,1.2511715097886622,9.475830616252242,9.397525213815893,True
NIC,Nicaragua,2006,1.347011639864526,0.6146714606124328,-0.3276328909704418,0.025664,0.023206646,0.20953893999999998,0.0019718818,9.350635504111116,10.776652810811898,1.980549931526184,0.22764553129673004,0.15688732266426086,0.4614066630601883,1.3653962599793346,0.5404046773910522,0.4854813819756387,9.475830616252242,9.397525213815893,True
NIC,Nicaragua,2007,1.4573955786834958,0.7706292742531439,-0.5999754183834582,0.028055729999999997,0.025664,0.33775032000000005,0.0035140264,9.364105620509761,10.773376481902194,2.002131462097168,0.21892277896404266,0.15915744006633759,0.5093048214912415,1.3709107131020248,0.5404046773910522,1.347011639864526,9.475830616252242,9.397525213815893,True
NIC,Nicaragua,2008,1.7953631798759417,0.8921119832279532,1.5810959266927327,0.039,0.028055729999999997,0.45518836999999995,0.005011603,9.378679576296596,10.767376727718359,2.0239484310150146,0.23956120014190674,0.15307000279426575,0.5199486315250397,1.3741795940574564,0.5449034571647644,1.4573955786834958,9.475830616252242,9.397525213815893,True
NIC,Nicaragua,2009,-4.1014128475284295,-3.8089905550502534,0.5873647517971037,0.053,0.039,0.5573299,0.007748817,9.396633208095356,10.783187686985286,2.0460028648376465,0.25473761558532715,0.16260279715061188,0.5437644422054291,1.3746978975197832,0.5513488054275513,1.7953631798759417,9.475830616252242,9.397525213815893,True
NIC,Nicaragua,2010,1.2052104492738636,0.7915957061175399,-1.5046569935297072,0.073,0.053,0.59126728,0.013909059999999999,9.355619079620071,10.789061334503257,2.0682976245880127,0.17357276380062103,0.1705588698387146,0.4944870173931122,1.3685359893952587,0.5434557795524597,-4.1014128475284295,9.475830616252242,9.397525213815893,True
NIC,Nicaragua,2011,1.9005355798464407,1.3949989118211923,-1.6687557212609505,0.1,0.073,0.6905937,0.01277205,9.36767118411281,10.77401476456796,2.0908353328704834,0.18242685496807098,0.1727573722600937,0.5821681618690491,1.357700656042371,0.5453404188156128,1.2052104492738636,9.475830616252242,9.397525213815893,True
NIC,Nicaragua,2012,2.3244267369685545,1.3914961002621091,-0.45556577012355604,0.106,0.1,0.82892105,0.014623003,9.386676539911274,10.75732720735535,2.111706018447876,0.21946963667869568,0.17532315850257874,0.6561306715011597,1.3468831500433653,0.5536958575248718,1.9005355798464407,9.475830616252242,9.397525213815893,True
NIC,Nicaragua,2013,2.3284309832968475,0.6861527103364483,1.036270322002153,0.135,0.106,0.9916012000000001,0.01716778,9.40992080728096,10.752771549654115,2.1327850818634033,0.22242805361747742,0.16858786344528198,0.7392446398735046,1.3375583753316933,0.5528299808502197,2.3244267369685545,9.475830616252242,9.397525213815893,True
NIC,Nicaragua,2014,1.4252237236757281,0.22485768961967578,0.14735698662029506,0.155,0.135,1.1378854,0.022007086,9.433205117113928,10.763134252874137,2.1540744304656982,0.21728797256946564,0.18003253638744354,0.7028709650039673,1.3272276654801463,0.5533474683761597,2.3284309832968475,9.475830616252242,9.397525213815893,True
NIC,Nicaragua,2015,2.8416592710410526,0.3480501859806117,2.364316345720674,0.17600000000000002,0.155,1.1650654,0.01836465,9.447457354350686,10.76460782274034,2.1755764484405518,0.20310062170028687,0.18992453813552856,0.6703604161739349,1.3154268088742205,0.5521008968353271,1.4252237236757281,9.475830616252242,9.397525213815893,True
NIC,Nicaragua,2016,1.6020761029340136,0.3049460207062251,1.011455914708037,0.197043,0.17600000000000002,1.1812747000000001,0.018913662,9.475873947061096,10.788250986197546,2.1972930431365967,0.23511949181556702,0.19847102463245392,0.6736551523208618,1.3021239907469173,0.5521008968353271,2.8416592710410526,9.475830616252242,9.397525213815893,True
NIC,Nicaragua,2017,1.9553277290521365,0.7082569858287153,1.0746803149107365,0.245718,0.197043,1.2427286,0.028402612,9.491894708090436,10.798365545344627,2.219226360321045,0.22141535580158234,0.20717333257198334,0.6277936100959778,1.2889556730436569,0.5521008968353271,1.6020761029340136,9.475830616252242,9.397525213815893,True
NIC,Nicaragua,2018,-3.557061651612692,-5.437194677025215,2.3545215860323765,0.304,0.245718,1.2950565,0.033267307,9.511447985380958,10.809112348493734,2.2413785457611084,0.22083450853824615,0.21257783472537994,0.6332476735115051,1.2747141983069588,0.5521008968353271,1.9553277290521365,9.475830616252242,9.397525213815893,True
NIC,Nicaragua,2019,-4.083610852637776,-4.3216693023831,0.15819231884641738,0.33913,0.304,1.1627241,0.030064155999999998,9.47587736886483,10.832657564354058,2.263751983642578,0.17129859328269958,0.22444449365139008,0.5991502404212952,1.2553133256176352,0.5521008968353271,-3.557061651612692,9.475830616252242,9.397525213815893,True
NLD,Netherlands,1996,1.2156540956484108,-0.0481743480693797,-0.24007289969461,0.0647,0.0326,0.034894257,0.0,11.316063010538056,13.020220433663836,3.0698583126068115,0.2441292405128479,0.16447801887989044,1.2180075645446777,0.6403439388641186,0.6166368722915649,0.6965837470241709,11.069229233522254,11.293286836547185,True
NLD,Netherlands,1997,1.1354160758301646,1.32761382964978,-0.9891822878469014,0.0965,0.0647,0.06538548999999999,0.0,11.32821955149454,13.01781970466689,3.0842642784118652,0.24798886477947235,0.1539348065853119,1.1919956803321838,0.6148946196004257,0.6155688762664795,1.2156540956484108,11.069229233522254,11.293286836547185,True
NLD,Netherlands,1998,2.2489073116149783,1.4875465599888358,-0.06897903572529174,0.141,0.0965,0.10985352000000001,0.0,11.339573712252841,13.00792788178842,3.098738193511963,0.2423597276210785,0.15788714587688446,1.1669666171073914,0.5908008957536737,0.6091715097427368,1.1354160758301646,11.069229233522254,11.293286836547185,True
NLD,Netherlands,1999,2.1747015258446467,1.3319534849313406,-0.2147659934893298,0.222,0.141,0.21313275999999998,0.0048020065,11.362062785368991,13.007238091431168,3.1132798194885254,0.23868831992149353,0.16379526257514954,1.0949140191078186,0.5743250057087756,0.6100700497627258,2.2489073116149783,11.069229233522254,11.293286836547185,True
NLD,Netherlands,2000,2.4331783630584525,1.991346257396327,0.6791419920640251,0.392,0.222,0.4265907,,11.383809800627438,13.005090431496274,3.12788987159729,0.23256437480449677,0.16609933972358704,1.064216136932373,0.5691761428485265,0.6211269497871399,2.1747015258446467,11.069229233522254,11.293286836547185,True
NLD,Netherlands,2001,0.5000567787140753,0.23030784370949264,0.38969960429167116,0.43984352,0.392,0.6697279,0.016190541,11.408141584258022,13.011881851416915,3.142568349838257,0.21123439073562622,0.16668277978897095,1.2366661429405212,0.5709090814344897,0.6216384172439575,2.4331783630584525,11.069229233522254,11.293286836547185,True
NLD,Netherlands,2002,-0.43342022942187697,-0.4465863328269716,1.1130428689977379,0.49373061999999995,0.43984352,0.7538912999999999,0.028808534,11.413142152045163,13.015778847459831,3.1551737785339355,0.20918898284435272,0.17889976501464844,1.2734518647193909,0.5755408507710058,0.6191855072975159,0.5000567787140753,11.069229233522254,11.293286836547185,True
NLD,Netherlands,2003,0.6258638687281604,-0.12020983624550716,2.0150719811447004,0.6129,0.49373061999999995,0.7428758999999999,0.071891108,11.408807949750944,13.026909276149809,3.1678295135498047,0.1867760270833969,0.1912621706724167,1.2520036101341248,0.5742026079029294,0.6222359538078308,-0.43342022942187697,11.069229233522254,11.293286836547185,True
NLD,Netherlands,2004,2.922268173973386,0.7810728318855876,2.4002603571219083,0.6435,0.6129,0.8065052,0.12146458,11.415066588438226,13.047059995961256,3.1805365085601807,0.1908567249774933,0.1844249814748764,1.3926924467086792,0.5607711270470439,0.6238387227058411,0.6258638687281604,11.069229233522254,11.293286836547185,True
NLD,Netherlands,2005,1.112290314577713,1.100879006858041,0.5822196179709138,0.6851999999999999,0.6435,0.9010344,0.19518353000000002,11.44428927017796,13.071062599532475,3.1932942867279053,0.19936488568782806,0.17368750274181366,1.5575861930847168,0.5308473866336261,0.61249178647995,2.922268173973386,11.069229233522254,11.293286836547185,True
NLD,Netherlands,2006,0.9713655087619344,0.944147143284844,-0.6988637435439315,0.81,0.6851999999999999,0.9616348000000001,0.24900232,11.455412173323737,13.076884795712184,3.2061030864715576,0.2018882930278778,0.16614679992198944,1.5438287258148193,0.4898347962978722,0.5980163812637329,1.112290314577713,11.069229233522254,11.293286836547185,True
NLD,Netherlands,2007,0.6137766010755996,0.2858642511606323,-0.7555647868150217,0.8370000000000001,0.81,1.0486331,0.31479609,11.465125828411356,13.069896158276745,3.218963384628296,0.2072543352842331,0.17931632697582245,1.6331759691238403,0.44465238055741985,0.583889365196228,0.9713655087619344,11.069229233522254,11.293286836547185,True
NLD,Netherlands,2008,0.5477864704504398,0.050571684033014555,0.3403927634858306,0.8582,0.8370000000000001,1.1665709,0.3331245,11.471263594422112,13.062340510408594,3.23187518119812,0.23268331587314606,0.1808730959892273,1.6775404810905457,0.404034306890777,0.5812520384788513,0.6137766010755996,11.069229233522254,11.293286836547185,True
NLD,Netherlands,2009,-2.716445028236336,-3.5334941739179615,2.351593991688361,0.8742,0.8582,1.24279564,0.3497566,11.476741459126616,13.065744438043453,3.2448389530181885,0.23190519213676453,0.19748933613300323,1.782291054725647,0.37157683115296436,0.5868070721626282,0.5477864704504398,11.069229233522254,11.293286836547185,True
NLD,Netherlands,2010,2.1883296184839196,1.2428355438386574,1.7738009497790586,0.8963,0.8742,1.2076732,0.36735466,11.449577008844253,13.089260377960336,3.257854461669922,0.2172842025756836,0.2213323563337326,1.548893392086029,0.3510768363635286,0.6152166724205017,-2.716445028236336,11.069229233522254,11.293286836547185,True
NLD,Netherlands,2011,0.8129532137902018,0.27804505548494074,0.35884417059239837,0.9072,0.8963,1.14356514,0.37737232,11.471460305029092,13.106998387458127,3.2709224224090576,0.23679804801940918,0.21132072806358337,1.7794100046157837,0.33950921387737587,0.6012398600578308,2.1883296184839196,11.069229233522254,11.293286836547185,True
NLD,Netherlands,2012,-0.7821580888469626,-1.1000205606253866,0.9486320254566749,0.9142,0.9072,1.1767398,0.38561419999999996,11.479589837166994,13.11058682916405,3.2846834659576416,0.2358240783214569,0.21956510841846466,1.840354859828949,0.3307852456245097,0.6043139696121216,0.8129532137902018,11.069229233522254,11.293286836547185,True
NLD,Netherlands,2013,1.041227478993001,-0.22537753719384465,1.7257616275761833,0.9285998999999999,0.9142,1.1656384,0.39337414000000004,11.471768256278525,13.120073149418618,3.2985026836395264,0.23821744322776794,0.20632058382034302,1.8940011858940125,0.31999399330775447,0.6076418161392212,-0.7821580888469626,11.069229233522254,11.293286836547185,True
NLD,Netherlands,2014,1.5742250412031922,0.600803946930864,0.5562967906232785,0.9395640000000001,0.9285998999999999,1.1473406,0.400305,11.482180531068455,13.13733076569438,3.312379837036133,0.2274891436100006,0.19693094491958618,1.8103761672973633,0.3071890312620784,0.6036811470985413,1.041227478993001,11.069229233522254,11.293286836547185,True
NLD,Netherlands,2015,1.164856465846853,0.021403365919205747,0.7943539854508685,0.91666664,0.9395640000000001,1.1486728,0.40228798,11.497922781480487,13.142893733600612,3.3263156414031982,0.226727694272995,0.20171931385993958,1.8774691820144653,0.2906153555523705,0.6025651097297668,1.5742250412031922,11.069229233522254,11.293286836547185,True
NLD,Netherlands,2016,0.9268019889871582,0.17676566394611953,-0.2685921412673764,0.9172414000000001,0.91666664,1.2163750500000001,0.41087969999999996,11.509571346138955,13.15083727345512,3.3403100967407227,0.2860480844974518,0.1963883936405182,1.6029367446899414,0.2717980456142133,0.5917724370956421,1.164856465846853,11.069229233522254,11.293286836547185,True
NLD,Netherlands,2017,0.8601954328289807,0.9295859568944634,-0.8995514840039576,0.9041096000000001,0.9172414000000001,1.2142036,0.41981396,11.518839366028827,13.148151352042447,3.354363203048706,0.2536613643169403,0.19846788048744202,1.5905984044075012,0.2523365720215054,0.5976619124412537,0.9268019889871582,11.069229233522254,11.293286836547185,True
NLD,Netherlands,2018,0.11663465770084258,0.24335551702866176,-0.9926129225796387,0.9319728,0.9041096000000001,1.1857674,0.420989,11.527441320357116,13.139155837202408,3.3684754371643066,0.25626665353775024,0.19696538150310516,1.6749998331069946,0.2355818028707546,0.5952926278114319,0.8601954328289807,11.069229233522254,11.293286836547185,True
NLD,Netherlands,2019,0.013806543203465083,-0.3607203430579667,-0.2651143049080318,0.9189189,0.9319728,1.2116216,0.42515247,11.528607666934125,13.129229707976611,3.3826472759246826,0.2598545253276825,0.1988511085510254,1.769490361213684,0.2242488206880111,0.5958938598632812,0.11663465770084258,11.069229233522254,11.293286836547185,True
NOR,Norway,1996,2.8060237087325746,2.505753908575232,-0.06469249317948567,0.0642,0.0415,0.22510439000000002,0.0,11.610911006992929,13.041746100775715,3.277601718902588,0.24990053474903107,0.1453760266304016,0.9119912385940552,0.5828730843426833,0.5393725037574768,1.9585694755598126,11.172629116351839,11.55790865578665,True
NOR,Norway,1997,2.207010904736606,1.665286599366866,-0.23618833892466995,0.183,0.0642,0.28790188,0.0,11.638971244080254,13.04109917584392,3.290294647216797,0.2258288711309433,0.13081274926662445,0.9208367168903351,0.5984809998549334,0.5266477465629578,2.8060237087325746,11.172629116351839,11.55790865578665,True
NOR,Norway,1998,-0.04399537967021416,-1.2462615514344133,0.5542054167143817,0.204,0.183,0.38062106999999995,0.0,11.66104135312762,13.038737292454673,3.303036689758301,0.24942556023597717,0.13941624760627747,0.9046812355518341,0.6139030800401901,0.5271324515342712,2.207010904736606,11.172629116351839,11.55790865578665,True
NOR,Norway,1999,1.1683187913309467,-0.42072531669808155,1.6377455486425774,0.226,0.204,0.46754322000000004,0.0,11.660601399330918,13.044279346621817,3.3158278465270996,0.2825467586517334,0.15538109838962555,0.904533177614212,0.6140022366083242,0.5709707736968994,-0.04399537967021416,11.172629116351839,11.55790865578665,True
NOR,Norway,2000,2.633149426153736,2.0038636462230714,1.4622239509769486,0.4,0.226,0.59702267,0.0,11.672284587244228,13.060656802108243,3.3286688327789307,0.2321738749742508,0.14683333039283752,0.8404139280319214,0.594476440503966,0.5577130317687988,1.1683187913309467,11.172629116351839,11.55790865578665,True
NOR,Norway,2001,1.3880747829221107,1.3049207837769596,1.0959744263562499,0.52,0.4,0.7179014599999999,0.0051876396,11.698616081505765,13.075279041618012,3.341559410095215,0.1863107830286026,0.1255989521741867,0.8596139550209045,0.5652963093048413,0.4858969449996948,2.633149426153736,11.172629116351839,11.55790865578665,True
NOR,Norway,2002,1.9859905965377678,1.0741114812362749,2.143792211668405,0.64,0.52,0.7960286000000001,0.019616245,11.712496829334986,13.086238785881575,3.36419939994812,0.17961253225803375,0.1347370445728302,0.8576720654964447,0.5270828135063077,0.4969594180583954,1.3880747829221107,11.172629116351839,11.55790865578665,True
NOR,Norway,2003,2.4822135366550313,1.2531925448159973,3.0921473476006156,0.7284,0.64,0.8351671,0.0452416,11.732356735300364,13.107676707998259,3.3869924545288086,0.17696183919906616,0.14312925934791565,0.8717301189899445,0.5044356569890329,0.5227690935134888,1.9859905965377678,11.172629116351839,11.55790865578665,True
NOR,Norway,2004,3.608529956019524,1.73471479189429,1.6878352589976942,0.7813,0.7284,0.8896218,0.08735747999999999,11.757178870666914,13.138598181474265,3.409940242767334,0.1691085696220398,0.13324594497680664,0.8957167267799377,0.5284494465400913,0.5140829682350159,2.4822135366550313,11.172629116351839,11.55790865578665,True
NOR,Norway,2005,1.491956153837748,0.20155445935384902,1.4080962533597585,0.7768999999999999,0.7813,0.9854101,0.14627691,11.79326417022711,13.155476534064242,3.4330432415008545,0.19742999970912933,0.12250882387161255,0.9208881556987762,0.6131567847239117,0.4886353611946106,3.608529956019524,11.172629116351839,11.55790865578665,True
NOR,Norway,2006,-0.8389416291350926,-1.0496429209600726,-0.3652690857526508,0.8199,0.7768999999999999,1.028407,0.21443272,11.808183731765487,13.16955749659784,3.456303119659424,0.19790150225162506,0.10451110452413559,0.9364097118377686,0.7399353715546786,0.4630343019962311,1.491956153837748,11.172629116351839,11.55790865578665,True
NOR,Norway,2007,-0.8174744567192249,-1.393615179236446,-0.4012305342158129,0.8255,0.8199,1.044721,0.2670395,11.799794315474136,13.165904805740313,3.4797205924987793,0.21337300539016724,0.10484232008457184,0.953665018081665,0.8732658797448112,0.4541130065917969,-0.8389416291350926,11.172629116351839,11.55790865578665,True
NOR,Norway,2008,-2.4957741373322406,-3.347893505406781,0.15587287429781327,0.8693000000000001,0.8255,1.0697896,0.30946314,11.791619570906944,13.161892500398155,3.503296375274658,0.23831400275230408,0.10935259610414505,0.9969304800033569,0.9882116910018723,0.47730714082717896,-0.8174744567192249,11.172629116351839,11.55790865578665,True
NOR,Norway,2009,-1.2927169950545547,-2.455059824592385,2.8269605328942404,0.9057,0.8693000000000001,1.0929313999999999,0.3308298,11.766661829533621,13.163451229141133,3.5270321369171143,0.22283659875392914,0.10870610177516937,1.0025365948677063,1.087781226393747,0.46550852060317993,-2.4957741373322406,11.172629116351839,11.55790865578665,True
NOR,Norway,2010,1.0431150967127323,-0.6938304372053186,2.166063007999597,0.9208,0.9057,1.1089194500000001,0.34548794,11.753734659583076,13.191720834470075,3.5509285926818848,0.23157061636447906,0.1323150396347046,0.8749837577342987,1.163375772486619,0.5195164680480957,-1.2927169950545547,11.172629116351839,11.55790865578665,True
NOR,Norway,2011,-0.4384839483964953,-1.1330510692033235,0.719963846048266,0.9339,0.9208,1.1452445,0.35248474,11.764165810550203,13.213381464550071,3.5749871730804443,0.2435297667980194,0.12418323010206223,0.906656414270401,1.2155336579235065,0.5033329129219055,1.0431150967127323,11.172629116351839,11.55790865578665,True
NOR,Norway,2012,0.6377105177298503,0.48083327047400515,0.42162574253374885,0.9348998000000001,0.9339,1.1559628,0.36052647,11.759780971066238,13.220581103010554,3.584643840789795,0.2202926129102707,0.11974603682756424,0.964318037033081,1.2701142696132761,0.49473002552986145,-0.4384839483964953,11.172629116351839,11.55790865578665,True
NOR,Norway,2013,-0.15863392954287292,-0.6577522224913418,1.5061203651230315,0.9464998,0.9348998000000001,1.15523575,0.37017826,11.766158076243537,13.224797360435891,3.5943267345428467,0.23538704216480255,0.11739148199558258,0.9196611046791077,1.3125814636944622,0.4972001016139984,0.6377105177298503,11.172629116351839,11.55790865578665,True
NOR,Norway,2014,0.8043819466564628,0.005510123136386741,1.3725939597545533,0.950534,0.9464998,1.1204553,0.3761168,11.764571736948108,13.239858564087122,3.6040356159210205,0.2598181664943695,0.12621401250362396,0.8995524644851685,1.302801181369384,0.508163571357727,-0.15863392954287292,11.172629116351839,11.55790865578665,True
NOR,Norway,2015,1.3483970059095185,0.541309612287046,1.5452793265247067,0.9630051000000001,0.950534,1.1169009,0.3848505,11.772615556414673,13.253584503684667,3.6137709617614746,0.2632436454296112,0.13841834664344788,0.8738740682601929,1.2289671512376144,0.518772304058075,0.8043819466564628,11.172629116351839,11.55790865578665,True
NOR,Norway,2016,0.673545019541244,-0.440410631441116,1.8676678371637223,0.96810326,0.9630051000000001,1.1011835,0.39509644,11.786099526473768,13.269037296949914,3.623532772064209,0.27765214443206787,0.16598369181156158,0.8413271009922028,1.113344274557826,0.5427003502845764,1.3483970059095185,11.172629116351839,11.55790865578665,True
NOR,Norway,2017,1.0721571230096316,0.9233233612017141,1.0456145588936039,0.9729819999999999,0.96810326,1.094268,0.40240295000000004,11.79283497666918,13.287713975321552,3.6333205699920654,0.29067331552505493,0.18555708229541779,0.803494781255722,0.9781735544334369,0.5576664805412292,0.673545019541244,11.172629116351839,11.55790865578665,True
NOR,Norway,2018,-0.4665325745911275,-1.0389528147731013,0.5305166004488271,0.96357605,0.9729819999999999,1.0839264,0.41032825,11.803556547899277,13.298170120910488,3.643134832382202,0.2892233729362488,0.1853717416524887,0.8575442731380463,0.8604550458629845,0.5403351187705994,1.0721571230096316,11.172629116351839,11.55790865578665,True
NOR,Norway,2019,-0.559809323359417,-1.2695423052989256,0.7600859884000499,0.9649166,0.96357605,1.07702545,0.41527935,11.798891222153365,13.303475286914976,3.6529757976531982,0.2708147466182709,0.17395268380641937,0.8604921698570251,0.7830559554458993,0.5285035371780396,-0.4665325745911275,11.172629116351839,11.55790865578665,True
NZL,New Zealand,1996,0.501552631223845,0.14867189206009268,0.15720407544890236,0.048799999999999996,0.0317,0.09934965,0.0,10.967673265113412,12.245009010246935,3.2676429748535156,0.2407386749982834,0.15842269361019135,0.5530249774456024,1.4156300594779125,0.5387837886810303,0.059108086067816146,10.8761903434887,10.947439207535046,True
NZL,New Zealand,1997,2.542103970577081,1.3913733796098087,2.4924545778803875,0.08039999999999999,0.048799999999999996,0.1321726,0.0,10.97268879142565,12.246581051001424,3.268195152282715,0.2361837476491928,0.14915932714939117,0.5620689988136292,1.1475062284680426,0.5455682873725891,0.501552631223845,10.8761903434887,10.947439207535046,True
NZL,New Zealand,1998,1.58828299550553,-0.07557761708456567,2.704673459408369,0.146,0.08039999999999999,0.14995291,0.0,10.998109831131421,12.271505596780228,3.268747568130493,0.2264946699142456,0.1564067304134369,0.5536633431911469,0.9374728534382148,0.5432196259498596,2.542103970577081,10.8761903434887,10.947439207535046,True
NZL,New Zealand,1999,3.153561700474228,1.820866769600854,0.8445348076397963,0.316,0.146,0.20734669,0.0,11.013992661086476,12.298552331374312,3.2693002223968506,0.19614550471305847,0.16101567447185516,0.46510761976242065,0.8389271763851402,0.5421190857887268,1.58828299550553,10.8761903434887,10.947439207535046,True
NZL,New Zealand,2000,-0.20620622234570618,-0.330200425930699,-0.1959302842015731,0.415,0.316,0.3638978,0.0,11.045528278091219,12.30699767945071,3.269852876663208,0.21069154143333435,0.15932463109493256,0.4977314621210098,0.8986255742530425,0.5289263129234314,3.153561700474228,10.8761903434887,10.947439207535046,True
NZL,New Zealand,2001,1.0736450392885288,1.182938669612478,-0.09846021046282516,0.47379555,0.415,0.39973309999999995,0.00120749466,11.043466215867761,12.305038376608694,3.2704055309295654,0.20324990153312683,0.15977370738983154,0.5297660827636719,1.0646787548341585,0.5398242473602295,-0.20620622234570618,10.8761903434887,10.947439207535046,True
NZL,New Zealand,2002,2.1900299842847915,1.7361041105330912,0.03179810021265439,0.53241016,0.47379555,0.5879085,0.0044368079999999996,11.054202666260647,12.304053774504066,3.2723960876464844,0.21529963612556458,0.16192352771759033,0.5233378410339355,1.2600766293268562,0.5411621928215027,1.0736450392885288,10.8761903434887,10.947439207535046,True
NZL,New Zealand,2003,2.252735955221574,1.2574097105924436,1.20328528733733,0.59080753,0.53241016,0.6198243999999999,0.011009538999999999,11.076102966103495,12.304371755506192,3.274387836456299,0.2273629605770111,0.1590542495250702,0.5470429956912994,1.4044703965724992,0.5275929570198059,2.1900299842847915,10.8761903434887,10.947439207535046,True
NZL,New Zealand,2004,-0.4605740419055593,-1.5075604027405167,-0.13620718870637205,0.6096254,0.59080753,0.64610176,0.020633492000000003,11.09863032565571,12.316404608379566,3.276380777359009,0.24605992436408997,0.1621374785900116,0.5798348784446716,1.474315316731123,0.5294939279556274,2.252735955221574,10.8761903434887,10.947439207535046,True
NZL,New Zealand,2005,0.16499604404529578,-0.11175065873603868,0.38300675426388153,0.6184763,0.6096254,0.7412015,0.046939087,11.094024585236655,12.315042536492502,3.2783749103546143,0.25950121879577637,0.16675066947937012,0.6628763675689697,1.4407888748070086,0.5318002700805664,-0.4605740419055593,10.8761903434887,10.947439207535046,True
NZL,New Zealand,2006,0.13508678970097776,0.1757268738381515,0.5680960797171508,0.627202,0.6184763,0.8536866000000001,0.077629857,11.095674545677108,12.31887260403514,3.2803704738616943,0.2594720125198364,0.1756008267402649,0.6904258131980896,1.3368841674048282,0.5359153151512146,0.16499604404529578,10.8761903434887,10.947439207535046,True
NZL,New Zealand,2007,1.7138622767658873,1.5614449265553985,1.1969117204683855,0.69,0.627202,0.9092167999999999,0.11243586,11.097025413574118,12.324553564832312,3.2647857666015625,0.23410578072071075,0.18575751781463623,0.6771993041038513,1.2145690543640342,0.5471527576446533,0.13508678970097776,10.8761903434887,10.947439207535046,True
NZL,New Zealand,2008,-2.5779527492387544,-2.6177679336685777,1.3623708997581474,0.6976,0.69,1.0066160000000002,0.20198112,11.114164036341776,12.336522682036996,3.249274969100952,0.23695558309555054,0.19088643789291382,0.69142085313797,1.1202960664121742,0.5564111471176147,1.7138622767658873,10.8761903434887,10.947439207535046,True
NZL,New Zealand,2009,3.820864823181047,3.149561468948096,3.5073821027623353,0.7203,0.6976,1.0840429,0.21468765,11.088384508849389,12.350146391034578,3.2338380813598633,0.21456265449523926,0.2071736752986908,0.7062365710735321,1.0600013410770437,0.5625834465026855,-2.5779527492387544,10.8761903434887,10.947439207535046,True
NZL,New Zealand,2010,0.35057870112940037,-0.5701837292058458,1.0708997957754818,0.797,0.7203,1.0919303,0.23751460000000002,11.1265931570812,12.385220212062201,3.2184743881225586,0.1813189834356308,0.20079351961612701,0.5750260651111603,1.0505715882995537,0.5630601048469543,3.820864823181047,10.8761903434887,10.947439207535046,True
NZL,New Zealand,2011,0.5939015743155807,0.45901764191494004,-0.20625344587852368,0.8046,0.797,1.083314,0.25116323,11.130098944092493,12.395929210019956,3.203183889389038,0.18790793418884277,0.19848980009555817,0.6559834778308868,1.0749638878967183,0.5688426494598389,0.35057870112940037,10.8761903434887,10.947439207535046,True
NZL,New Zealand,2012,2.2264844527050798,1.0583770186093748,1.7170402734402401,0.8123,0.8046,1.0997786999999999,0.26878408,11.13603795983565,12.39386667556117,3.225219964981079,0.1949777752161026,0.19619262218475342,0.7067318558692932,1.1063359679269524,0.5647602677345276,0.5939015743155807,10.8761903434887,10.947439207535046,True
NZL,New Zealand,2013,0.17505385787455197,-1.2466559089602376,0.4570112845975416,0.8164447,0.8123,1.1156757,0.2883258,11.1583028043627,12.411037078295573,3.2474076747894287,0.21345344185829163,0.19794273376464844,0.7317591309547424,1.12026025478964,0.5631881356239319,2.2264844527050798,10.8761903434887,10.947439207535046,True
NZL,New Zealand,2014,1.0080533694580396,0.2607853143655411,0.00016409195815469957,0.8278,0.8164447,1.0700852,0.29547464,11.160053342941445,12.415607191141548,3.2697479724884033,0.23110386729240417,0.18811966478824615,0.7266573309898376,1.1140241163058118,0.5640583038330078,0.17505385787455197,10.8761903434887,10.947439207535046,True
NZL,New Zealand,2015,3.048231037750071,1.8889031309113937,1.4261309067819639,0.84,0.8278,1.1275745000000001,0.31174116,11.170133876636026,12.41560883206113,3.2922422885894775,0.23817913234233856,0.18923701345920563,0.7390452325344086,1.0788520542502456,0.5480015277862549,1.0080533694580396,10.8761903434887,10.947439207535046,True
NZL,New Zealand,2016,1.5832423422848407,0.45606645115427447,0.3663945236057842,0.852,0.84,1.2136898,0.31445402,11.200616187013527,12.42987014112895,3.3148908615112305,0.23123693466186523,0.1947045475244522,0.6684229373931885,1.0238533779324266,0.5469995737075806,3.048231037750071,10.8761903434887,10.947439207535046,True
NZL,New Zealand,2017,0.7471845759997819,0.6954057531746358,-0.4971071928386195,0.865,0.852,1.2938065,0.3246182,11.216448610436375,12.433534086365007,3.337695360183716,0.22569289803504944,0.19308777153491974,0.6206860840320587,0.9647256013792793,0.5547559857368469,1.5832423422848407,10.8761903434887,10.947439207535046,True
NZL,New Zealand,2018,1.8011659808745861,-0.11509124806345951,1.6920196011170674,0.877,0.865,1.3298006,0.32891785,11.223920456196373,12.428563014436621,3.360656976699829,0.2315296083688736,0.19483685493469238,0.6576642692089081,0.9137470681561677,0.5520210862159729,0.7471845759997819,10.8761903434887,10.947439207535046,True
NZL,New Zealand,2019,2.7015983805645405,0.42865599289294715,3.1119517031434896,0.89,0.877,1.2893689000000002,0.33619392,11.241932116005119,12.445483210447792,3.3837764263153076,0.23006127774715424,0.19970206916332245,0.6639496088027954,0.8702285106758634,0.5524154305458069,1.8011659808745861,10.8761903434887,10.947439207535046,True
PAN,Panama,1996,2.7141372377613493,-0.8955892389667212,4.99093532136925,0.000561,7.64e-05,0.0,0.0,10.574780053701039,11.58700596200812,2.4858548641204834,0.22411316633224487,0.18750521540641785,0.26229603961110115,2.0485307923822305,0.4459798038005829,-2.3735728699783465,10.209779317480734,10.586510421660293,True
PAN,Panama,1997,1.5465247835070528,0.46108591729779774,0.3870543674150184,0.0022,0.000561,0.0025256115000000003,0.0,10.601921426078652,11.636915315221813,2.509155035018921,0.21994717419147491,0.18139196932315826,0.2682494856417179,2.045715103377499,0.4459798038005829,2.7141372377613493,10.209779317480734,10.586510421660293,True
PAN,Panama,1998,4.116879858171707,1.362065076269825,2.8342023320194087,0.005390000000000001,0.0022,0.0083005893,0.0,10.617386673913723,11.640785858895963,2.5326735973358154,0.21255932748317719,0.16648851335048676,0.2766047418117523,2.039713884900607,0.444009006023407,1.5465247835070528,10.209779317480734,10.586510421660293,True
PAN,Panama,1999,1.211902828691258,-1.282378712006773,3.5102000851981785,0.0275,0.005390000000000001,0.029766989,0.0,10.65855547249544,11.669127882216157,2.556412696838379,0.22168606519699097,0.16076871752738953,0.29574524238705635,2.0257605872340934,0.4522801339626312,4.116879858171707,10.209779317480734,10.586510421660293,True
PAN,Panama,2000,4.925832758691584,0.8720172217284106,6.919889800644974,0.0384,0.0275,0.07912963,0.0,10.670674500782352,11.70422988306814,2.5736935138702393,0.22898948192596436,0.15793566405773163,0.2959749661386013,2.001592442752531,0.45052099227905273,1.211902828691258,10.209779317480734,10.586510421660293,True
PAN,Panama,2001,-4.014289425293782,-2.1085582465968216,-2.696991206490118,0.065547967,0.0384,0.13632914,0.0,10.719932828369268,11.773428781074589,2.5899102687835693,0.20802325010299683,0.15334436297416687,0.2766334153711796,1.9706299129668814,0.4648130238056183,4.925832758691584,10.209779317480734,10.586510421660293,True
PAN,Panama,2002,-4.219587772549005,-1.169469520941649,-4.971924596899235,0.072683997,0.065547967,0.1547924,0.0025316522,10.67978993411633,11.746458869009688,2.6055963039398193,0.1620243489742279,0.163089781999588,0.26418789476156235,1.9386304075482474,0.45022502541542053,-4.014289425293782,10.209779317480734,10.586510421660293,True
PAN,Panama,2003,1.2087211827985556,1.4841835904974068,0.011379189992766214,0.08518078,0.072683997,0.16803681999999998,0.0039097652,10.63759405639084,11.696739623040695,2.621377468109131,0.15260790288448334,0.16722068190574646,0.24675988405942917,1.9087473266216737,0.4387311637401581,-4.219587772549005,10.209779317480734,10.586510421660293,True
PAN,Panama,2004,2.358170492055933,3.051627854361342,-1.4146637122731676,0.09987424,0.08518078,0.21706831000000001,0.0047147053,10.649681268218826,11.696853414940623,2.637253999710083,0.16545815765857697,0.15227408707141876,0.2118329368531704,1.8829678117308957,0.4320988655090332,1.2087211827985556,10.209779317480734,10.586510421660293,True
PAN,Panama,2005,2.3289210236075775,2.5901939402056198,-0.879913913203012,0.11140862,0.09987424,0.38753857,0.005150785,10.673262973139385,11.682706777817891,2.653226852416992,0.18355965614318848,0.15388719737529755,0.9186475872993469,1.8618703670865155,0.42956194281578064,2.358170492055933,10.209779317480734,10.586510421660293,True
PAN,Panama,2006,6.316075029325852,4.346776811064783,2.8539305466351195,0.11484,0.11140862,0.52783768,0.0053024036,10.696552183375461,11.673907638685861,2.6692965030670166,0.16057813167572021,0.13441047072410583,0.2024257853627205,1.8444443416824718,0.41220396757125854,2.3289210236075775,10.209779317480734,10.586510421660293,True
PAN,Panama,2007,7.125157730559728,4.772476840711174,3.5241560473330935,0.17349599999999998,0.11484,0.6442771999999999,0.033403614,10.75971293366872,11.702446944152213,2.6854631900787354,0.16935721039772034,0.12539279460906982,0.6557291150093079,1.8283779065972672,0.4089566171169281,6.316075029325852,10.209779317480734,10.586510421660293,True
PAN,Panama,2008,-2.3715625918178773,-0.6353254454729035,-2.3977721313650946,0.2229,0.17349599999999998,0.8758237,0.043718820000000005,10.830964510974317,11.737688504625543,2.701727867126465,0.2551727294921875,0.13935349881649017,0.7522508800029755,1.8117635392769227,0.4073408842086792,7.125157730559728,10.209779317480734,10.586510421660293,True
PAN,Panama,2009,-0.08512427458047256,-3.327496204699196,6.57786314560127,0.3382,0.2229,1.1184347,0.056043909999999995,10.807248885056138,11.713710783311893,2.7180912494659424,0.31435438990592957,0.13889871537685394,0.7584889531135559,1.7943117124521013,0.37638112902641296,-2.3715625918178773,10.209779317480734,10.586510421660293,True
PAN,Panama,2010,4.663149727803884,-0.6746613974520907,7.323097701018,0.3908,0.3382,1.7020299,0.06575644,10.806397642310333,11.779489414767905,2.734553813934326,0.24211616814136505,0.1342955231666565,0.7322700321674347,1.7761504007966833,0.35683518648147583,-0.08512427458047256,10.209779317480734,10.586510421660293,True
PAN,Panama,2011,5.191058953724159,2.0340546746671504,3.8284207701817508,0.401,0.3908,1.8316891000000002,0.07118355,10.853029139588372,11.852720391778085,2.7511157989501953,0.30494073033332825,0.1329048126935959,0.7521288394927979,1.757809351037043,0.35427844524383545,4.663149727803884,10.209779317480734,10.586510421660293,True
PAN,Panama,2012,4.326961772304472,0.4931335179651303,6.253213009388681,0.42700000000000005,0.401,1.8235873,0.07657848,10.904939729125614,11.891004599479903,2.7660250663757324,0.31866341829299927,0.12622134387493134,0.8274207413196564,1.7361852430994196,0.3322017788887024,5.191058953724159,10.209779317480734,10.586510421660293,True
PAN,Panama,2013,3.3006833882645026,-2.741297449598129,9.355156806831744,0.40301895000000004,0.42700000000000005,1.6528706,0.07840354399999999,10.948209346848659,11.95353672957379,2.781015396118164,0.35605406761169434,0.10986845940351486,0.275308670476079,1.715758685392177,0.3211139142513275,4.326961772304472,10.209779317480734,10.586510421660293,True
PAN,Panama,2014,3.5883374309900518,-3.711942374934918,10.957010104815623,0.4403,0.40301895000000004,1.6219876,0.08032407,10.981216180731304,12.047088297642107,2.7960867881774902,0.3623292148113251,0.11446233093738556,0.2555168615654111,1.7041821909704158,0.30641797184944153,3.3006833882645026,10.209779317480734,10.586510421660293,True
PAN,Panama,2015,3.3402146002199373,-3.075509890217598,9.411446049804617,0.44923817,0.4403,1.7743861,0.0796652,11.017099555041204,12.156658398690263,2.8112399578094482,0.36140620708465576,0.11630116403102875,0.2392911994829774,1.7030562136108873,0.2956596314907074,3.5883374309900518,10.209779317480734,10.586510421660293,True
PAN,Panama,2016,2.7057653627341693,-3.0630510781869447,8.330572345177423,0.5120542499999999,0.44923817,1.4499693,0.079839697,11.050501701043403,12.25077285918831,2.826475143432617,0.37312036752700806,0.12477916479110718,0.3575457036495209,1.7071494279837562,0.29905998706817627,3.3402146002199373,10.209779317480734,10.586510421660293,True
PAN,Panama,2017,4.597095721560329,-2.058569394726171,9.223639988170973,0.54,0.5120542499999999,1.2761624,0.10670683,11.077559354670745,12.334078582640084,2.8417930603027344,0.3523763120174408,0.13723966479301453,0.30968715250492096,1.7136249215800037,0.30106720328330994,2.7057653627341693,10.209779317480734,10.586510421660293,True
PAN,Panama,2018,-0.9385989000248784,-4.324222204782107,4.41591900810252,0.5995062999999999,0.54,1.2882587,0.10763468,11.123530311886348,12.426314982521793,2.8571937084198,0.3623461425304413,0.14117208123207092,0.4359031319618225,1.7115424995636674,0.306527316570282,4.597095721560329,10.209779317480734,10.586510421660293,True
PAN,Panama,2019,0.22720565218214972,-3.0269633782268817,4.834713019991632,0.6180553,0.5995062999999999,1.3729756,0.12961568,11.1141443228861,12.470474172602819,2.87267804145813,0.3555909991264343,0.14824320375919342,0.43779875338077545,1.6925334843579387,0.306308388710022,-0.9385989000248784,10.209779317480734,10.586510421660293,True
PER,Peru,1996,-1.2694478425938627,-2.5111732305204084,0.9882567006801679,0.000334,8.5e-05,0.0030080098,0.0,9.62434361321116,10.757134042539494,2.37239408493042,0.2310750037431717,0.18749389052391052,0.20638466626405716,1.8598530616556364,0.4303060472011566,1.8303783358813774,9.343504611529395,9.564261534377568,True
PER,Peru,1997,3.814590185999478,0.9403981914558008,3.3997057240753747,0.00246,0.000334,0.0080687976,0.0,9.611649134785221,10.767016609546296,2.422124147415161,0.22219212353229523,0.18817593157291412,0.20399698615074158,1.8538200282743666,0.4303060472011566,-1.2694478425938627,9.343504611529395,9.564261534377568,True
PER,Peru,1998,-4.718073290361247,-5.941442764605951,0.8526800681501356,0.004030000000000001,0.00246,0.016629512,0.0,9.649795036645216,10.80101366678705,2.4728965759277344,0.2427862584590912,0.1747053563594818,0.2212074175477028,1.8298600479445426,0.4303060472011566,3.814590185999478,9.343504611529395,9.564261534377568,True
PER,Peru,1999,-1.551253021972876,-2.5725774002189854,0.7337934518300671,0.011899999999999999,0.004030000000000001,0.028764253000000004,0.0,9.602614303741603,10.809540467468551,2.524733066558838,0.24601364135742188,0.1677764356136322,0.21733327209949493,1.757924761459817,0.4303060472011566,-4.718073290361247,9.343504611529395,9.564261534377568,True
PER,Peru,2000,-1.5489363801711065,-1.4340829983885708,-1.0834328220372669,0.0195,0.011899999999999999,0.038599145,2.8569e-06,9.587101773521875,10.816878401986852,2.5718679428100586,0.21749724447727203,0.16065426170825958,0.20187891274690628,1.6245452237787283,0.4303060472011566,-1.551253021972876,9.343504611529395,9.564261534377568,True
PER,Peru,2001,-0.8177904760669819,-1.7307451364868456,0.9580173529508684,0.030764306,0.0195,0.047892365000000006,4.052886e-05,9.571612409720164,10.80604407376648,2.608041524887085,0.21352683007717133,0.1503799706697464,0.22598040103912354,1.4528759820094717,0.4303060472011566,-1.5489363801711065,9.343504611529395,9.564261534377568,True
PER,Peru,2002,3.253740383264514,2.836631057898846,0.30647477382430566,0.07578763000000001,0.030764306,0.066505117,,9.563434504959494,10.815624247295988,2.6408205032348633,0.2043011486530304,0.13942117989063263,0.23019782453775406,1.2743165773985599,0.4303060472011566,-0.8177904760669819,9.343504611529395,9.564261534377568,True
PER,Peru,2003,2.396905409640482,1.4361580904572444,0.9764336400397866,0.08966948999999999,0.07578763000000001,0.08453989,0.0013705915,9.595971908792139,10.81868899503423,2.67401123046875,0.20782968401908875,0.12298694998025894,0.23007801920175552,1.119423874848291,0.4303060472011566,3.253740383264514,9.343504611529395,9.564261534377568,True
PER,Peru,2004,2.3631258367505126,1.6511248180458737,0.5467043667838567,0.11599999999999999,0.08966948999999999,0.10624694999999999,0.0034048706,9.619940962888544,10.828453331434629,2.7076194286346436,0.20886686444282532,0.1169179230928421,0.23128294199705124,0.9959402863839895,0.4303060472011566,2.396905409640482,9.343504611529395,9.564261534377568,True
PER,Peru,2005,3.997506411069729,2.573909386162756,1.4670087632232764,0.141,0.11599999999999999,0.14693847,0.0081720686,9.643572221256049,10.833920375102467,2.741649627685547,0.1973438411951065,0.10884980857372284,0.2601206302642822,0.9163821075561351,0.4303060472011566,2.3631258367505126,9.343504611529395,9.564261534377568,True
PER,Peru,2006,3.9453747533750416,3.323324074733532,1.251950463153939,0.171,0.141,0.19868760000000002,0.012548299,9.683547285366746,10.8485904627347,2.7761077880859375,0.19387704133987427,0.10506319254636765,0.2959732115268707,0.8719840407305668,0.4303060472011566,3.997506411069729,9.343504611529395,9.564261534377568,True
PER,Peru,2007,5.350948684928625,3.161485940209155,2.9919153070292026,0.207,0.171,0.32198284,0.017119426,9.723001032900497,10.86110996736624,2.7570033073425293,0.21659420430660248,0.10166127234697342,0.33583568036556244,0.8430229771263953,0.4303060472011566,3.9453747533750416,9.343504611529395,9.564261534377568,True
PER,Peru,2008,6.542756644342518,2.892537796261373,5.23534060002131,0.252,0.207,0.54037395,0.01998612,9.776510519749783,10.891029120436531,2.738030195236206,0.23600885272026062,0.09830552339553833,0.3479277491569519,0.8186297438252055,0.4303060472011566,5.350948684928625,9.343504611529395,9.564261534377568,True
PER,Peru,2009,-1.1256382929888176,-3.2039127484811565,3.8978822367779387,0.3057,0.252,0.72954506,0.02526418,9.841938086193208,10.943382526436745,2.7191877365112305,0.2712673842906952,0.09620119631290436,0.37206725776195526,0.8059223270564964,0.43135467171669006,6.542756644342518,9.343504611529395,9.564261534377568,True
PER,Peru,2010,5.468370023094593,2.4086765560901062,4.877435763456184,0.314,0.3057,0.85477806,0.028642018,9.83068170326332,10.982361348804524,2.700474739074707,0.203624427318573,0.10947255790233612,0.3095061630010605,0.8032058261082664,0.4507710337638855,-1.1256382929888176,9.343504611529395,9.564261534377568,True
PER,Peru,2011,3.6678616933205177,-0.0012316191631119022,4.982549684119064,0.3477,0.314,1.0010015,0.03206018,9.885365403494266,11.031135706439086,2.6818907260894775,0.2301209568977356,0.10300341248512268,0.3555004298686981,0.8129330924000477,0.4325214922428131,5.468370023094593,9.343504611529395,9.564261534377568,True
PER,Peru,2012,3.4966689053021582,-0.40532338412899854,5.52409473343527,0.3601,0.3477,1.1077436,0.04135147,9.922044020427471,11.080961203280276,2.698859453201294,0.22368048131465912,0.10485304147005081,0.3976374417543411,0.811930736644273,0.42013925313949585,3.6678616933205177,9.343504611529395,9.564261534377568,True
PER,Peru,2013,3.9279865490433608,0.12550261592236614,5.803360381388245,0.382,0.3601,0.99450806,0.048824572999999996,9.957010709480492,11.13620215061463,2.715935230255127,0.2332000881433487,0.10166018456220627,0.40244756639003754,0.825138038811879,0.44037944078445435,3.4966689053021582,9.343504611529395,9.564261534377568,True
PER,Peru,2014,0.06169110473805972,-2.514018031047009,4.200502454098398,0.392,0.382,0.9991743,0.054088683,9.996290574970926,11.194235754428512,2.733119010925293,0.24234159290790558,0.11305181682109833,0.3749312609434128,0.9014754260858737,0.4481739401817322,3.9279865490433608,9.343504611529395,9.564261534377568,True
PER,Peru,2015,1.1154467372698207,-0.7806359631815707,3.0544587618216212,0.40244656,0.392,1.0585811,0.05867536,9.996907486018307,11.236240778969496,2.7504117488861084,0.23716965317726135,0.12447286397218704,0.3431731313467026,1.0569728612612295,0.45925331115722656,0.06169110473805972,9.343504611529395,9.564261534377568,True
PER,Peru,2016,2.8266178762477168,0.7857374293925948,3.258537473710277,0.408526,0.40244656,1.12404816,0.06564729,10.008061953391005,11.266785366587712,2.7678136825561523,0.22932621836662292,0.13839887082576752,0.3345641493797302,1.2561860530782454,0.4602351784706116,1.1154467372698207,9.343504611529395,9.564261534377568,True
PER,Peru,2017,0.685946154852779,-0.7145918647906668,2.2989762471462782,0.45461742,0.408526,1.1965454,0.068707576,10.036328132153482,11.299370741324815,2.7853260040283203,0.21114669740200043,0.14682899415493011,0.3322950154542923,1.4831606805155495,0.4554811716079712,2.8266178762477168,9.343504611529395,9.564261534377568,True
PER,Peru,2018,2.066550480159002,0.6044323058661485,2.366375380632313,0.5045041299999999,0.45461742,1.2423252,0.07375079999999999,10.04318759370201,11.322360503796277,2.8029489517211914,0.21210941672325134,0.15474432706832886,0.3673439621925354,1.6619374271593212,0.4488498866558075,0.685946154852779,9.343504611529395,9.564261534377568,True
PER,Peru,2019,0.6932088830719607,-1.0008487889410904,2.6968262153102884,0.55054333,0.5045041299999999,1.3215663,0.08095108,10.0638530985036,11.3460242576026,2.820683479309082,0.21231919527053833,0.15459637343883514,0.37122146785259247,1.7182558412693894,0.447212278842926,2.066550480159002,9.343504611529395,9.564261534377568,True
PHL,Philippines,1996,-0.8847745379851446,0.43755474544739936,-2.1699067218884593,0.000286,5.8399999999999997e-05,0.007131533,0.0,9.342952292385458,10.556942094148,2.3413941860198975,0.19409871101379395,0.1935962736606598,0.24533265084028244,2.324215253113948,0.4412159323692322,2.480621281063833,9.414933403891768,9.322485314976236,True
PHL,Philippines,1997,3.4432284092098087,-0.14176108735578508,3.352981677394773,0.000559,0.000286,0.013517858,0.0,9.334104547005607,10.535243026929116,2.361701011657715,0.21188873052597046,0.18907324969768524,0.2660510987043381,2.291634667967113,0.43963170051574707,-0.8847745379851446,9.414933403891768,9.322485314976236,True
PHL,Philippines,1998,-1.9105726302859338,-2.462193854022682,1.9855846768345842,0.0013700000000000001,0.000559,0.018476918,0.0,9.368536831097705,10.568772843703064,2.3821840286254883,0.22837387025356293,0.19019493460655212,0.32256709784269333,2.2560055329459594,0.43691718578338623,3.4432284092098087,9.414933403891768,9.322485314976236,True
PHL,Philippines,1999,0.4472711551700925,0.0011947363764197583,-0.045021686541169004,0.011000000000000001,0.0013700000000000001,0.023273022,0.0,9.349431104794846,10.58862869047141,2.4028446674346924,0.20166164636611938,0.19415417313575745,0.3367721438407898,2.2222956520749904,0.42984360456466675,-1.9105726302859338,9.414933403891768,9.322485314976236,True
PHL,Philippines,2000,4.2698871685264095,1.1943835659453894,3.263471426375375,0.0143,0.011000000000000001,0.037377245,0.0,9.353903816346547,10.588178473605998,2.4236841201782227,0.1739436537027359,0.18226952850818634,0.38109980523586273,2.1907307283860256,0.4234778881072998,0.4472711551700925,9.414933403891768,9.322485314976236,True
PHL,Philippines,2001,0.05756311787052937,1.5566537086922294,0.013812517936528934,0.019822532,0.0143,0.08105905,0.0,9.39660268803181,10.620813187869752,2.44470477104187,0.16769281029701233,0.1668466329574585,0.4238631874322891,2.15904319962954,0.3962832987308502,4.2698871685264095,9.414933403891768,9.322485314976236,True
PHL,Philippines,2002,0.9638204035722353,0.7505248522004404,0.23244180261894343,0.025240057,0.019822532,0.14937274,0.00012284787,9.397178319210516,10.620951313049117,2.4600577354431152,0.20138530433177948,0.15557341277599335,0.3949515074491501,2.1326048020544164,0.3840077519416809,0.05756311787052937,9.414933403891768,9.322485314976236,True
PHL,Philippines,2003,2.479703042049408,1.4288251414104032,0.8538787773616718,0.04332276,0.025240057,0.18518366,0.00025280222000000004,9.406816523246238,10.623275731075307,2.4755072593688965,0.22529326379299164,0.13974539935588837,0.4414668381214142,2.1019212009377064,0.38038375973701477,0.9638204035722353,9.414933403891768,9.322485314976236,True
PHL,Philippines,2004,3.3663241825314216,3.0107649795685756,0.05564486650229128,0.04857672,0.04332276,0.26565647,0.0006491066500000001,9.431613553666732,10.631814518848923,2.491053581237793,0.20910651981830597,0.13822734355926514,0.42073625326156616,2.051819246471087,0.3725956678390503,2.479703042049408,9.414933403891768,9.322485314976236,True
PHL,Philippines,2005,4.0759283789277845,1.8751837518313275,2.531890656942437,0.052436285,0.04857672,0.3812265,0.0010301581,9.465276795492047,10.632370967513946,2.506697654724121,0.19051215052604675,0.13315965235233307,0.4168872982263565,1.9773488254235083,0.4104496240615845,3.3663241825314216,9.414933403891768,9.322485314976236,True
PHL,Philippines,2006,2.655686907647059,2.3480915803107156,0.8223077624652575,0.053975999999999996,0.052436285,0.3951442,0.0013974738,9.506036079281325,10.65768987408337,2.522439956665039,0.18377797305583954,0.12995454668998718,0.4155327081680298,1.8893666610324544,0.4044003486633301,4.0759283789277845,9.414933403891768,9.322485314976236,True
PHL,Philippines,2007,2.867381090188914,2.40147123038873,-0.12227388696732788,0.057405863,0.053975999999999996,0.47893417,0.0029609317000000002,9.532592948357795,10.665912951708023,2.539097785949707,0.15156380832195282,0.12499375641345978,0.42502361536026,1.7937233466756908,0.402468740940094,2.655686907647059,9.414933403891768,9.322485314976236,True
PHL,Philippines,2008,3.1094067967424976,1.0998086594353973,2.442385148747306,0.059699999999999996,0.057405863,0.6296426,0.005447708,9.561266759259684,10.66469021283835,2.55586576461792,0.14303480088710785,0.1154235228896141,0.38892611861228943,1.7111043409839155,0.403325617313385,2.867381090188914,9.414933403891768,9.322485314976236,True
PHL,Philippines,2009,-1.7724872132816927,-2.0045833228347743,0.10626863837917,0.0622,0.059699999999999996,0.7348202,0.011280756999999999,9.59236082722711,10.689114064325823,2.5685672760009766,0.17432856559753418,0.10196435451507568,0.3533626049757004,1.659961790150799,0.4115646779537201,3.1094067967424976,9.414933403891768,9.322485314976236,True
PHL,Philippines,2010,4.406780930103693,3.271406552197731,1.233149409100598,0.09,0.0622,0.8008396000000001,0.018248880999999998,9.574635955094292,10.690176750709615,2.579975128173828,0.15792514383792877,0.10188498347997665,0.27435335516929626,1.6498573906593705,0.42591923475265503,-1.7724872132816927,9.414933403891768,9.322485314976236,True
PHL,Philippines,2011,1.046412321756307,0.04248210758086013,1.0999591383395568,0.25,0.09,0.8631162,,9.61870376439533,10.70250824480062,2.5914340019226074,0.19646169245243073,0.09201466292142868,0.32103899121284485,1.6661123534588818,0.467929869890213,4.406780930103693,9.414933403891768,9.322485314976236,True
PHL,Philippines,2012,4.777932975627763,3.1267408791265425,2.458843233503849,0.29,0.25,0.9586883,0.018229264999999998,9.629167887612892,10.713507836184016,2.604868173599243,0.19464652240276337,0.08381438255310059,0.2839024215936661,1.69181709019961,0.501908540725708,1.046412321756307,9.414933403891768,9.322485314976236,True
PHL,Philippines,2013,5.756985292713601,3.36170048308753,3.668662496483499,0.308,0.29,1.01799675,0.02142839,9.67694721736917,10.738096268519055,2.6183719635009766,0.16395996510982513,0.10368408262729645,0.2891228646039963,1.7041288569542345,0.49271732568740845,4.777932975627763,9.414933403891768,9.322485314976236,True
PHL,Philippines,2014,4.775452869044194,2.508886009383054,3.727049240068858,0.327,0.308,1.0073203,0.025204665999999997,9.734517070296306,10.77478289348389,2.631946086883545,0.17278781533241272,0.10288061946630478,0.2714788615703583,1.6920808484412575,0.4878171384334564,5.756985292713601,9.414933403891768,9.322485314976236,True
PHL,Philippines,2015,5.4568800026334685,2.081176407443783,5.453251749696975,0.34700000000000003,0.327,1.072845,0.027947192,9.782271598986748,10.812053385884578,2.645590305328369,0.17508146166801453,0.0999629870057106,0.27588866651058197,1.6466901610499463,0.49152594804763794,4.775452869044194,9.414933403891768,9.322485314976236,True
PHL,Philippines,2016,1.003021267086801,-0.9058373542481439,1.9218842189632213,0.369,0.34700000000000003,1.11893196,0.027536964,9.836840399013083,10.866585903381548,2.6593053340911865,0.1784392148256302,0.10163692384958267,0.28504621982574463,1.5793634226220377,0.4856499433517456,5.4568800026334685,9.414933403891768,9.322485314976236,True
PHL,Philippines,2017,8.088878715442327,2.5103352073161718,9.18413704342207,0.392,0.369,1.12518,0.027970505,9.84687061168395,10.88580474557118,2.673091411590576,0.20131726562976837,0.09907885640859604,0.2938634604215622,1.507100539539863,0.4829500615596771,1.003021267086801,9.414933403891768,9.322485314976236,True
PHL,Philippines,2018,4.046335899959175,0.4504414878465899,5.922856400039578,0.41600000000000004,0.392,1.10962135,0.031440072,9.927759398838374,10.9776461160054,2.6869490146636963,0.20677345991134644,0.09925352036952972,0.3246444910764694,1.4452775518154048,0.4895167946815491,8.088878715442327,9.414933403891768,9.322485314976236,True
PHL,Philippines,2019,2.69404404755349,0.3091172424474816,4.055978402948313,0.441,0.41600000000000004,1.2296046,0.034609044,9.968222757837966,11.036874680005797,2.700878620147705,0.21850289404392242,0.10649038851261139,0.32063766568899155,1.3959615365340738,0.4969918429851532,4.046335899959175,9.414933403891768,9.322485314976236,True
POL,Poland,1996,4.0754421992295065,2.298389909865911,1.8339641026511089,0.0064800000000000005,0.0038900000000000002,0.0019530244,0.0,10.400324814280344,11.43883728284329,2.8989500999450684,0.16291745007038116,0.2592921853065491,0.24019238352775574,0.1800201024614978,0.6262193918228149,4.891489682954919,10.15598775385022,10.305326628364027,True
POL,Poland,1997,3.6748128471337793,1.7354399283893873,2.230482727044425,0.013000000000000001,0.0064800000000000005,0.0056482303,0.0,10.441079236272639,11.4571769238698,2.9225142002105713,0.17833003401756287,0.2520328164100647,0.2630554065108299,0.13259486002494825,0.6424971222877502,4.0754421992295065,10.15598775385022,10.305326628364027,True
POL,Poland,1998,3.207182691381938,0.5434254619194445,3.9643999729833013,0.0207,0.013000000000000001,0.021153173,0.0,10.477827364743977,11.479481751140245,2.946269989013672,0.19347749650478363,0.2387797087430954,0.28409066051244736,0.09129901367961324,0.6397573351860046,3.6748128471337793,10.15598775385022,10.305326628364027,True
POL,Poland,1999,5.413011602694873,1.0858305514936217,5.997049767127649,0.040999999999999995,0.0207,0.050235605,0.0,10.509899191657796,11.519125750870078,2.9702186584472656,0.20573942363262177,0.2264256477355957,0.3121609315276146,0.05019904646821338,0.648537814617157,3.207182691381938,10.15598775385022,10.305326628364027,True
POL,Poland,2000,6.900749569031817,4.228405115721206,7.0752415607989505,0.0546,0.040999999999999995,0.10315486,0.0,10.564029307684745,11.579096248541354,2.9943623542785645,0.20652452111244202,0.21486972272396088,0.2880191281437874,0.009487625572468517,0.6423889994621277,5.413011602694873,10.15598775385022,10.305326628364027,True
POL,Poland,2001,3.5351811914640763,0.7731946779399923,5.442272543283089,0.072854285,0.0546,0.17635494000000002,0.0,10.633036803375063,11.649848664149344,3.0187020301818848,0.20158787071704865,0.22064822912216187,0.3148038685321808,-0.028942795807695987,0.6259515881538391,6.900749569031817,10.15598775385022,10.305326628364027,True
POL,Poland,2002,5.140557696404713,2.7682485252711944,5.517068506033951,0.0990067,0.072854285,0.26157784,0.00031374714999999996,10.668388615289704,11.704271389582175,3.0383267402648926,0.1710301786661148,0.2372683584690094,0.3439056724309921,-0.07033937265172874,0.6475979685783386,3.5351811914640763,10.15598775385022,10.305326628364027,True
POL,Poland,2003,4.663448870811138,2.6513604704475418,3.501601506940588,0.2115,0.0990067,0.36355446,0.0031829946999999996,10.719794192253751,11.759442074642514,3.0580790042877197,0.1538928747177124,0.24128271639347076,0.3704151213169098,-0.10629951996055098,0.6224696636199951,5.140557696404713,10.15598775385022,10.305326628364027,True
POL,Poland,2004,3.7872190817100915,2.658538187896997,1.4668361293187715,0.2487,0.2115,0.45548737,0.0051239250000000005,10.766428680961862,11.79445808971192,3.0779597759246826,0.15642811357975006,0.23761561512947083,0.4222504645586014,-0.12172811416109042,0.6004700064659119,4.663448870811138,10.15598775385022,10.305326628364027,True
POL,Poland,2005,1.349269172569123,0.5986050194972753,0.774449654858067,0.32530000000000003,0.2487,0.6051227,0.022947883999999998,10.804300871778963,11.809126451005108,3.0979697704315186,0.1817135065793991,0.22638823091983795,0.508620023727417,-0.11000844378998842,0.5631466507911682,3.7872190817100915,10.15598775385022,10.305326628364027,True
POL,Poland,2006,2.7952384990113543,1.7704375817609974,0.4802641080939196,0.3881,0.32530000000000003,0.7650326,0.02479146,10.817793563504654,11.816870947553689,3.118109703063965,0.1881885677576065,0.2260141372680664,0.5597984790802002,-0.07974364180882709,0.5630348324775696,1.349269172569123,10.15598775385022,10.305326628364027,True
POL,Poland,2007,2.3747380952897856,1.4103359237236366,0.1794741848605952,0.4458,0.3881,0.965178,0.07646605499999999,10.845745948494768,11.821673588634628,3.140255928039551,0.1966416984796524,0.23433461785316467,0.6387253999710083,-0.03779551052636165,0.5609286427497864,2.7952384990113543,10.15598775385022,10.305326628364027,True
POL,Poland,2008,0.38873868576452253,-0.7045923448167,1.035417446006015,0.486,0.4458,1.0885933,0.10978319,10.869493329447666,11.823468330483234,3.1625592708587646,0.20991824567317963,0.23859839141368866,0.6919880211353302,-0.0028993144739697385,0.5640355944633484,2.3747380952897856,10.15598775385022,10.305326628364027,True
POL,Poland,2009,2.318951602879693,0.7449830513695188,3.552379000935346,0.5313,0.486,1.1560816,0.11745177,10.873380716305311,11.833822504943294,3.185021162033081,0.21056678891181946,0.240775927901268,0.7502694427967072,0.008989686947513675,0.5858741402626038,0.38873868576452253,10.15598775385022,10.305326628364027,True
POL,Poland,2010,6.324053974092259,3.2624464837037648,6.316916718398069,0.5897,0.5313,1.179055,0.14725481,10.896570232334108,11.869346294952647,3.2076425552368164,0.17397408187389374,0.23613429069519043,0.5768539607524872,-0.012697386032023417,0.5601898431777954,2.318951602879693,10.15598775385022,10.305326628364027,True
POL,Poland,2011,4.2493836193918,2.2918032388425766,3.6340670495018657,0.6232,0.5897,1.23248924,0.15378511,10.95981077207503,11.932515462136628,3.230424642562866,0.184791699051857,0.23758408427238464,0.5978403389453888,-0.057732161599899356,0.5634928345680237,6.324053974092259,10.15598775385022,10.305326628364027,True
POL,Poland,2012,1.3584411191201795,-0.5268110817493461,3.5703494230132193,0.6195,0.6232,1.3127978999999999,0.1824752,11.002304608268949,11.968856132631647,3.2540197372436523,0.18644286692142487,0.22861148416996002,0.6355336606502533,-0.11211668952175735,0.5551812648773193,4.2493836193918,10.15598775385022,10.305326628364027,True
POL,Poland,2013,1.311540153812274,-0.5307514705346905,3.3477771036082515,0.62309998,0.6195,1.4140973,0.18008,11.01588901946015,12.004559626861779,3.278010845184326,0.1823844462633133,0.2182447463274002,0.6068703532218933,-0.15627756970353346,0.5569058656692505,1.3584411191201795,10.15598775385022,10.305326628364027,True
POL,Poland,2014,1.7103742806646949,0.10977712249663901,2.0199987848030787,0.628492,0.62309998,1.4891245,0.18377394,11.029004420998273,12.038037397897861,3.302406072616577,0.1678418517112732,0.22050771117210388,0.6477489173412323,-0.18067144592444073,0.5565075278282166,1.311540153812274,10.15598775385022,10.305326628364027,True
POL,Poland,2015,2.7243221565901976,0.8916594233909072,2.341181500387357,0.6659874000000001,0.628492,1.4871329,0.18904568000000002,11.04610816380492,12.058237385745892,3.327214002609253,0.18448512256145477,0.22351683676242828,0.6609001159667969,-0.1756138521365358,0.5554094910621643,1.7103742806646949,10.15598775385022,10.305326628364027,True
POL,Poland,2016,2.3595479374611372,0.9023000294156487,2.0183329365561775,0.6799699,0.6659874000000001,1.4252019999999999,0.18986793999999999,11.073351385370822,12.081649200749766,3.352443218231201,0.18558846414089203,0.2253454029560089,0.6079825460910797,-0.14977966461233727,0.5458492040634155,2.7243221565901976,10.15598775385022,10.305326628364027,True
POL,Poland,2017,3.4965706123720963,2.873624546488771,1.5733032385421453,0.7330070499999999,0.6799699,1.3851868999999999,0.19151314,11.096946864745433,12.101832530115328,3.378103017807007,0.17668882012367249,0.2236088067293167,0.5953779220581055,-0.11801383469656201,0.5648828744888306,2.3595479374611372,10.15598775385022,10.305326628364027,True
POL,Poland,2018,4.756184036191868,3.70041383809424,2.7454883656593765,0.7598537000000001,0.7330070499999999,1.3190146999999999,0.19953173,11.131912570869154,12.117565562500749,3.404202461242676,0.18772995471954346,0.2229851931333542,0.6363908350467682,-0.0949140472400245,0.5696594715118408,3.4965706123720963,10.15598775385022,10.305326628364027,True
POL,Poland,2019,4.765547287023075,1.9404446130981503,3.7061916684667295,0.7754173,0.7598537000000001,1.2626619,0.20531385,11.179474411231073,12.145020446157343,3.430751085281372,0.19547177851200104,0.22121159732341766,0.6919640600681305,-0.0832635169564444,0.5797079205513,4.756184036191868,10.15598775385022,10.305326628364027,True
PRT,Portugal,1996,1.736272254878024,-0.08309071221283618,1.279627726732535,0.0149,0.007189999999999999,0.033910713,0.0,10.845931737619932,12.959016324899567,2.0741045475006104,0.3090062737464905,0.13495966792106628,0.5465946197509766,0.45967653348095716,0.6429725885391235,4.638867426958093,10.552103770124592,10.805505382821357,True
PRT,Portugal,1997,1.7670252302394829,0.10157915555122354,1.0236680777385487,0.0298,0.0149,0.0657885,0.0,10.863294460168712,12.971812602166892,2.1070919036865234,0.30554744601249695,0.1326322704553604,0.5410711169242859,0.42219367253273354,0.6577166318893433,1.736272254878024,10.552103770124592,10.805505382821357,True
PRT,Portugal,1998,2.0470222530862614,-0.6333787768963803,1.3051764456198711,0.0495,0.0298,0.14875383,0.0,10.880964712471107,12.982049282944278,2.140604019165039,0.3119654953479767,0.1382734775543213,0.5267565101385117,0.39927013972591574,0.6535587906837463,1.7670252302394829,10.552103770124592,10.805505382821357,True
PRT,Portugal,1999,2.4684734256696927,-0.13188980454862004,2.562674130436804,0.0987,0.0495,0.30204418,0.0,10.90143493500197,12.995101047400476,2.1746490001678467,0.32308512926101685,0.1467115730047226,0.5486065894365311,0.38736372605896463,0.657971978187561,2.0470222530862614,10.552103770124592,10.805505382821357,True
PRT,Portugal,2000,1.8553202481440323,-0.6622808640608661,1.901350187997508,0.147,0.0987,0.45649270000000003,2.9022700000000003e-05,10.926119669258666,13.020727788704844,2.209235668182373,0.3171370327472687,0.1473381519317627,0.5433320552110672,0.395123918555651,0.6563911437988281,2.4684734256696927,10.552103770124592,10.805505382821357,True
PRT,Portugal,2001,0.4657330120920733,0.07732430105756201,2.032160163819441,0.16430468,0.147,0.6481395000000001,0.0024461247,10.944672871740107,13.03974129058482,2.2443721294403076,0.30255886912345886,0.15624937415122986,0.5379383862018585,0.41478091203654976,0.6559446454048157,1.8553202481440323,10.552103770124592,10.805505382821357,True
PRT,Portugal,2002,0.4999541805771557,-0.2880223194346207,2.6957359831408567,0.18087136999999998,0.16430468,0.77045456,0.0095917404,10.949330201861027,13.060062892223014,2.2415778636932373,0.29393166303634644,0.16750209033489227,0.5529776811599731,0.42970105799642333,0.6585904955863953,0.4657330120920733,10.552103770124592,10.805505382821357,True
PRT,Portugal,2003,-0.008086507423676892,-0.8852298009444035,3.2204120030641548,0.1937,0.18087136999999998,0.83260956,0.02502544,10.954329743666799,13.087020252054423,2.2387869358062744,0.28166893124580383,0.173397034406662,0.5554793179035187,0.4297015586506081,0.6562178730964661,0.4999541805771557,10.552103770124592,10.805505382821357,True
PRT,Portugal,2004,2.32531847703914,1.1316072463479054,2.7053160240848584,0.2967,0.1937,0.9568080000000001,0.048021640000000004,10.954248878592562,13.119224372085064,2.235999584197998,0.26077866554260254,0.1716257482767105,0.6104455292224884,0.4191574200837156,0.6544382572174072,-0.008086507423676892,10.552103770124592,10.805505382821357,True
PRT,Portugal,2005,1.0657176532273382,0.12381143868109984,2.2981323398335363,0.3178,0.2967,1.0085599,0.07998669,10.977502063362953,13.146277532325913,2.233215570449829,0.285375714302063,0.17595890164375305,0.8138904273509979,0.39529186925229,0.6472740173339844,2.32531847703914,10.552103770124592,10.805505382821357,True
PRT,Portugal,2006,1.0720937336612835,0.09110332710333888,1.2867844660400252,0.34990000000000004,0.3178,1.0899095,0.11096265000000001,10.988159239895227,13.169258855724248,2.2304351329803467,0.2798402011394501,0.17685292661190033,0.6785962879657745,0.35819910501730945,0.6542627215385437,1.0657176532273382,10.552103770124592,10.805505382821357,True
PRT,Portugal,2007,2.3706461053974337,0.16686170277156048,1.7321010381493807,0.3801,0.34990000000000004,1.1617541,0.13527848,10.99888017723184,13.182126700384648,2.2560055255889893,0.2766435742378235,0.17678403854370117,0.7018474638462067,0.32620303421380115,0.6419499516487122,1.0720937336612835,10.552103770124592,10.805505382821357,True
PRT,Portugal,2008,-0.11235507863514016,-1.189433502581406,1.270297604769155,0.42090000000000005,0.3801,1.2778645,0.14478765,11.022586638285814,13.199447710766142,2.2818686962127686,0.28517094254493713,0.18167246878147125,0.7367850244045258,0.28710986534243865,0.6229773163795471,2.3706461053974337,10.552103770124592,10.805505382821357,True
PRT,Portugal,2009,-0.39603852494263236,-2.7225806136318726,3.9734453520571478,0.4413,0.42090000000000005,1.3299014,0.15481014999999998,11.021463087499463,13.212150686813834,2.3080286979675293,0.3001118004322052,0.1997997909784317,0.7959148287773132,0.20947212266753112,0.626674234867096,-0.11235507863514016,10.552103770124592,10.805505382821357,True
PRT,Portugal,2010,3.278090142350365,1.352831370854735,2.623296634003225,0.4827,0.4413,1.1152404,0.18076576,11.017502702250036,13.251885140334405,2.3344883918762207,0.2817065417766571,0.2065330445766449,0.6502795368432999,0.08247415367086397,0.6248826384544373,-0.39603852494263236,10.552103770124592,10.805505382821357,True
PRT,Portugal,2011,0.35538067295881604,-0.22012394150043527,2.534333112009435,0.5329999999999999,0.4827,1.1542461,0.20103577,11.05028360367354,13.278118106674437,2.3612513542175293,0.2892613708972931,0.19785913825035095,0.6870844662189484,-0.07545242803361774,0.6190568804740906,3.278090142350365,10.552103770124592,10.805505382821357,True
PRT,Portugal,2012,0.035089120962439324,-1.2820635658687252,4.01812465642557,0.55249996,0.5329999999999999,1.16837494,0.21246803,11.053837410403128,13.303461437794532,2.3776233196258545,0.23839102685451508,0.1993551254272461,0.751142293214798,-0.25209035719573336,0.6088725924491882,0.35538067295881604,10.552103770124592,10.805505382821357,True
PRT,Portugal,2013,1.9391033710084216,0.20711469443633024,2.5763758834175476,0.60339996,0.55249996,1.1335865,0.22740833,11.054188301612752,13.343642684358787,2.394108533859253,0.2097209095954895,0.1945190727710724,0.7104907333850861,-0.4083494205246563,0.5896961092948914,0.035089120962439324,10.552103770124592,10.805505382821357,True
PRT,Portugal,2014,-0.6272362662731013,-0.6297345451300113,-1.6229572739540288,0.620956,0.60339996,1.14655304,0.24510259999999998,11.073579335322837,13.369406443192963,2.41070818901062,0.20316052436828613,0.19487319886684418,0.7596815526485443,-0.5075125436208694,0.5833744406700134,1.9391033710084216,10.552103770124592,10.805505382821357,True
PRT,Portugal,2015,0.4592395408828054,0.29482302242365765,-1.3484817652226866,0.6459242000000001,0.620956,1.1431289,0.27462246,11.067306972660106,13.353176870453423,2.4274227619171143,0.21406769752502441,0.1973073035478592,0.767708420753479,-0.5246517519486904,0.5788457989692688,-0.6272362662731013,10.552103770124592,10.805505382821357,True
PRT,Portugal,2016,0.4925548192396434,0.3986257530645701,-1.4819619517561833,0.6863286,0.6459242000000001,1.1296423,0.30299973,11.071899368068934,13.339692052801196,2.444253444671631,0.211648628115654,0.19439487159252167,0.6951082050800323,-0.4798011222080678,0.5725603699684143,0.4592395408828054,10.552103770124592,10.805505382821357,True
PRT,Portugal,2017,0.3294337072787812,1.1772998631934115,-2.7668957315118092,0.7042357,0.6863286,1.11846794,0.326259,11.07682491626133,13.324872433283634,2.461200714111328,0.21625210344791412,0.18928162753582,0.6830240488052368,-0.41377491764178487,0.5733247399330139,0.4925548192396434,10.552103770124592,10.805505382821357,True
PRT,Portugal,2018,0.6617200267765355,0.8180209140060202,-1.6632199860190156,0.7379121399999999,0.7042357,1.1387362,0.3460161,11.080119253334118,13.297203475968516,2.4782655239105225,0.23652224242687225,0.1856035739183426,0.7370085418224335,-0.35908531159680734,0.5779650211334229,0.3294337072787812,10.552103770124592,10.805505382821357,True
PRT,Portugal,2019,1.5960452296150507,1.0057196005128484,-0.020122204034578317,0.74660965,0.7379121399999999,1.1485852,0.3665428,11.086736453601883,13.280571276108326,2.495448589324951,0.24897301197052002,0.18535882234573364,0.8373517394065857,-0.3147672657177303,0.5862915515899658,0.6617200267765355,10.552103770124592,10.805505382821357,True
PRY,Paraguay,1997,0.3360998674263982,0.08833132874409844,0.5678976611473985,0.00020400000000000003,,0.0069741935,0.0,9.959967334143982,11.37738892011384,2.1047589778900146,0.24658353626728058,0.07716050744056702,0.2933928966522217,2.29280645670511,0.4858438968658447,-2.0859846898776624,9.609465909485516,9.951750797851036,True
PRY,Paraguay,1998,-2.1436304667641792,-1.4933213124125406,-0.813336158259581,0.000996,0.00020400000000000003,0.017483385,0.0,9.963328332818246,11.383067896725313,2.0945401191711426,0.26359984278678894,0.07512018084526062,0.32696211338043213,2.2349907596386664,0.5137227177619934,0.3360998674263982,9.609465909485516,9.951750797851036,True
PRY,Paraguay,1999,-4.28421265171437,-2.748228748463072,-1.605807746591914,0.0019500000000000001,0.000996,0.047023935,0.0,9.941892028150605,11.374934535142717,2.0843708515167236,0.2207728624343872,0.07287178188562393,0.28140872716903687,2.1718578272157174,0.4991846978664398,-2.1436304667641792,9.609465909485516,9.951750797851036,True
PRY,Paraguay,2000,-6.357535518661983,-4.841110993924,-1.7717854458137339,0.00382,0.0019500000000000001,0.08667097,0.0,9.899049901633461,11.358876457676798,2.0742509365081787,0.20321108400821686,0.07505789399147034,0.20446287468075752,2.102131340725122,0.5010174512863159,-4.28421265171437,9.609465909485516,9.951750797851036,True
PRY,Paraguay,2001,-0.8081533650376116,0.26608117899949435,-1.885559044540841,0.007476307,0.00382,0.16091576,2.940676e-05,9.835474546446841,11.34115860321866,2.0641801357269287,0.19997994601726532,0.07555658370256424,0.24858039617538452,2.0277082243773004,0.5118048787117004,-6.357535518661983,9.609465909485516,9.951750797851036,True
PRY,Paraguay,2002,11.222155767292463,12.173393612082272,-1.8219430943931414,0.010987939,0.007476307,0.22167868,5.782922e-05,9.827393012796465,11.322303012773252,2.1061277389526367,0.2178860306739807,0.06504422426223755,0.25074827671051025,1.9577722572364786,0.4714256227016449,-0.8081533650376116,9.609465909485516,9.951750797851036,True
PRY,Paraguay,2003,0.18086167847570778,1.2700604311660812,-2.4421770533235687,0.017949696,0.010987939,0.31684359,9.503304000000001e-05,9.93961457046939,11.304083581829321,2.1489274501800537,0.1842162013053894,0.047587521374225616,0.16052944213151932,1.8890007942478304,0.44855356216430664,11.222155767292463,9.609465909485516,9.951750797851036,True
PRY,Paraguay,2004,-3.8654275744278266,-1.3346741506520599,-6.063100217963857,0.02111942,0.017949696,0.33236953999999996,9.387140000000001e-05,9.941423187254147,11.279661811296085,2.1925973892211914,0.19666536152362823,0.045108258724212646,0.17405027151107788,1.809659732413893,0.4366621971130371,0.18086167847570778,9.609465909485516,9.951750797851036,True
PRY,Paraguay,2005,-0.6986262607277638,-1.2194892420405168,-1.0150342985348004,0.034524384,0.02111942,0.32460859999999997,0.00056605436,9.902768911509868,11.219030809116447,2.237154245376587,0.1945848912000656,0.04582754522562027,0.20162097364664078,1.717219567737449,0.4357282221317291,-3.8654275744278266,9.609465909485516,9.951750797851036,True
PRY,Paraguay,2006,6.075502101378127,3.648944211434302,3.2270870203735313,0.079070077,0.034524384,0.3463595,0.0010278819000000001,9.89578264890259,11.208880466131099,2.2826170921325684,0.17155787348747253,0.0508391372859478,0.23155973106622696,1.6192456619674278,0.4361083507537842,-0.6986262607277638,9.609465909485516,9.951750797851036,True
PRY,Paraguay,2007,0.8886191870564275,1.5511036249181043,-2.049856448493337,0.079621,0.079070077,0.5872398,0.00108988896,9.956537669916372,11.241151336334834,2.300023317337036,0.17764930427074432,0.05528230965137482,0.2895950525999069,1.5184867787157774,0.4424006938934326,6.075502101378127,9.609465909485516,9.951750797851036,True
PRY,Paraguay,2008,3.8114530543728264,3.3046093040011923,0.7314099665959972,0.1121,0.079621,0.8444028,0.0015469334,9.965423861786936,11.2206527718499,2.3175625801086426,0.17796669900417328,0.060740258544683456,0.3278828412294388,1.4308606127525714,0.4468511939048767,0.8886191870564275,9.609465909485516,9.951750797851036,True
PRY,Paraguay,2009,-3.031883299099114,-2.0941320588308927,-0.32434625480082246,0.1427,0.1121,1.03156364,0.0022801873,10.003538392330665,11.22796687151586,2.335235595703125,0.2054200917482376,0.06704912334680557,0.42230769991874695,1.3720562968196237,0.4359252452850342,3.8114530543728264,9.609465909485516,9.951750797851036,True
PRY,Paraguay,2010,10.460154632242968,7.603129644052071,3.7947014379692945,0.18899999999999997,0.1427,0.9907256,0.01365399,9.973219559339674,11.224723408967852,2.3530433177948,0.18257349729537964,0.07989419251680374,0.30924805998802185,1.3503543784788574,0.4174532890319824,-3.031883299099114,9.609465909485516,9.951750797851036,True
PRY,Paraguay,2011,1.7393173826013353,0.0063953715379427845,1.3237710376790446,0.198,0.18899999999999997,1.0318730999999999,0.015596628,10.077821105662103,11.262670423347545,2.3709867000579834,0.22162240743637085,0.09096065908670425,0.42854075133800507,1.3543238613904274,0.44838136434555054,10.460154632242968,9.609465909485516,9.951750797851036,True
PRY,Paraguay,2012,-7.799120661372783,-5.550602545867537,-4.271325915975233,0.24763515000000003,0.198,1.1228672,0.020654984,10.095214279488117,11.275908133724336,2.405944347381592,0.21679112315177917,0.11301832646131516,0.4586590677499771,1.3663545477845984,0.465268611907959,1.7393173826013353,9.609465909485516,9.951750797851036,True
PRY,Paraguay,2013,7.544133100572914,5.638156924909985,2.9640607522290807,0.2934,0.24763515000000003,1.1520593,0.023088320000000002,10.017223072874389,11.233194874564584,2.4414174556732178,0.1803865134716034,0.10306812077760696,0.43123292922973633,1.3725600683605288,0.45518070459365845,-7.799120661372783,9.609465909485516,9.951750797851036,True
PRY,Paraguay,2014,5.646857256692606,2.642718674264846,4.790120846844026,0.369,0.2934,1.1789990000000001,0.026172576,10.092664403880118,11.262835482086874,2.4774134159088135,0.19538716971874237,0.10452785342931747,0.4693029522895813,1.3728091917103002,0.4765279293060303,7.544133100572914,9.609465909485516,9.951750797851036,True
PRY,Paraguay,2015,0.34989089965726805,-0.7854464004322567,0.9324681727717277,0.43007374,0.369,1.2035427,0.030499303000000002,10.149132976447044,11.310736690555315,2.5139400959014893,0.18773087859153748,0.11182937026023865,0.4509546011686325,1.3615976636369043,0.46688008308410645,5.646857256692606,9.609465909485516,9.951750797851036,True
PRY,Paraguay,2016,1.8295301986110957,1.0773285786223492,1.2398999472088335,0.49716305,0.43007374,1.2034197,0.0349296,10.152631885443617,11.320061372283032,2.5510056018829346,0.1761128306388855,0.11874853074550629,0.412825345993042,1.3428584352624062,0.44757547974586487,0.34989089965726805,9.609465909485516,9.951750797851036,True
PRY,Paraguay,2017,2.003414048470553,0.8673924960646766,0.9555355406787314,0.5340413,0.49716305,1.1984834,0.039471118,10.170927187429728,11.33246037175512,2.579226016998291,0.15356479585170746,0.11876726895570755,0.3966323733329773,1.3236775755672614,0.4549786150455475,1.8295301986110957,9.609465909485516,9.951750797851036,True
PRY,Paraguay,2018,-0.6018627789794451,-1.5787231305395653,-0.01550590135614982,0.61075756,0.5340413,1.1782104,0.04579264,10.190961327914433,11.342015727161908,2.6047675609588623,0.16293951869010925,0.12050751596689224,0.4313903748989105,1.3073024283204893,0.44163447618484497,2.003414048470553,9.609465909485516,9.951750797851036,True
PRY,Paraguay,2019,-1.317480670965665,-2.7409308637958687,1.9176769215306422,0.6499354599999999,0.61075756,1.1574996,0.049895896999999995,10.184942700124639,11.341860668148346,2.6305620670318604,0.17757612466812134,0.12295545637607574,0.45246943831443787,1.2877871995625512,0.44938284158706665,-0.6018627789794451,9.609465909485516,9.951750797851036,True
QAT,Qatar,1996,2.6158468384597455,-3.178408459769222,6.090231498249921,0.0019,,0.035852876,0.0,11.84272483409772,12.775826022654268,2.0780608654022217,0.23833361268043518,0.24825598299503326,1.0347509384155273,1.2545204476790972,0.3299334645271301,0.6696132677713962,10.905911455924974,11.82497665681846,True
QAT,Qatar,1998,6.082370496315015,3.4727343818082512,1.7243234126992135,0.0308,0.009300000000000001,0.078962426,0.0,12.116759897122858,12.923836354411096,2.1195743083953857,0.2853890359401703,0.2284538745880127,0.988372266292572,2.4182254745430787,0.3299334645271301,24.7876594640541,10.905911455924974,11.82497665681846,True
QAT,Qatar,1999,-0.7167786532109588,0.947181612325132,-2.7687038520809892,0.0352,0.0308,0.11317786,0.0,12.177583602086008,12.941079588538088,2.1406409740448,0.2538697421550751,0.2480745017528534,1.021125465631485,2.988768607775061,0.3113832175731659,6.082370496315015,10.905911455924974,11.82497665681846,True
QAT,Qatar,2000,2.4275020503301548,0.6894638586124047,0.7945823816388753,0.0407,0.0352,0.13755866,0.0,12.170415815553898,12.913392550017278,2.161917209625244,0.14085653424263,0.19580194354057312,0.9079601019620895,3.373963473835362,0.29283297061920166,-0.7167786532109588,10.905911455924974,11.82497665681846,True
QAT,Qatar,2001,-1.4021804888921352,-6.356591781966403,4.968588274970465,0.048636794,0.0407,0.18737684000000002,0.0,12.1946908360572,12.921338373833667,2.1834046840667725,0.16383668780326843,0.16257993876934052,0.7836932688951492,3.7802975327881128,0.21515275537967682,2.4275020503301548,10.905911455924974,11.82497665681846,True
QAT,Qatar,2002,1.3482998577677208,-1.5569298253240382,2.8303696827048697,0.061702685,0.048636794,0.26246119,0.0,12.180669031168279,12.971024256583371,2.213602066040039,0.2582415044307709,0.16843609511852264,0.907285526394844,3.734491669932,0.2340182662010193,-1.4021804888921352,10.905911455924974,11.82497665681846,True
QAT,Qatar,2003,-3.9856686732207436,-11.936681454208331,8.609388768249104,0.10226129,0.061702685,0.37500155999999996,0.0003205827,12.194152029745956,12.99932795341042,2.2442171573638916,0.2812606394290924,0.16314101219177246,0.7435949742794037,4.118172766613032,0.23076772689819336,1.3482998577677208,10.905911455924974,11.82497665681846,True
QAT,Qatar,2004,6.171939101107249,4.599051730592151,1.8058895536832154,0.19242336000000002,0.10226129,0.50563194,0.0040164796,12.154295343013748,13.085421841092911,2.2752556800842285,0.3839097023010254,0.13189631700515747,0.7606274783611298,6.189525160215697,0.20697568356990814,-3.9856686732207436,10.905911455924974,11.82497665681846,True
QAT,Qatar,2006,3.706989157238283,-1.3864303364139907,3.528581117686258,0.247335,0.20701649,0.8683742,0.031025867,12.120329339465023,13.072199987777184,2.3386266231536865,0.3525153696537018,0.15035805106163025,0.7978197336196899,13.870162762649397,0.1727934628725052,-9.568539455979774,10.905911455924974,11.82497665681846,True
QAT,Qatar,2007,-3.7326284873854476,-8.868595444868205,4.192308404593881,0.289741,0.247335,0.9454602,0.048079267,12.157399231037406,13.107485798954047,2.403137445449829,0.4796694815158844,0.14546242356300354,0.7846945375204086,16.700190741642498,0.18395987153053284,3.706989157238283,10.905911455924974,11.82497665681846,True
QAT,Qatar,2008,-2.8974618394368434,-5.3013244912853805,2.0989324046400526,0.37,0.289741,1.04601295,0.072541256,12.120072946163551,13.149408882999985,2.4694275856018066,0.5268847942352295,0.11668798327445984,0.7711614072322845,17.510948304487105,0.18028555810451508,-3.7326284873854476,10.905911455924974,11.82497665681846,True
QAT,Qatar,2009,-5.46729266323549,-4.636427947824312,-1.1759408915867908,0.44299999999999995,0.37,1.0017856600000001,0.07440898,12.091098327769183,13.170398207046386,2.537546396255493,0.45144879817962646,0.08714940398931503,0.7924236208200455,16.475802769483096,0.1562442183494568,-2.8974618394368434,10.905911455924974,11.82497665681846,True
QAT,Qatar,2010,1.4378989376393037,2.4892314320663464,-2.220458433679262,0.531,0.44299999999999995,1.2286939,0.09127077,12.036425401136828,13.158638798130518,2.591907501220703,0.49087461829185486,0.12308750301599503,0.6974391937255859,14.144634153822134,0.1868123859167099,-5.46729266323549,10.905911455924974,11.82497665681846,True
QAT,Qatar,2012,-0.8136661614058127,-5.951173142906407,5.451579484932267,0.69,0.69,1.2712803,0.09089207999999999,12.186031036323229,13.290179848323913,2.693986177444458,0.36961829662323,0.08716608583927155,0.7853453308343887,9.2323932962468,0.15007315576076508,13.522664581000754,10.905911455924974,11.82497665681846,True
QAT,Qatar,2014,-2.007974128678036,-5.735451762012753,4.3316281257759215,0.853,0.693,1.628597,0.10601331,12.082971720319177,13.306845558307227,2.811772108078003,0.3649139404296875,0.12571115791797638,0.7541364431381226,6.201498860662536,0.17597751319408417,-9.492265438999326,10.905911455924974,11.82497665681846,True
QAT,Qatar,2016,-2.8349622450257073,-7.617448782769248,6.351394248505038,0.9288483,0.9148999999999999,1.5409802,0.09795697,11.919538720810998,13.26144401940099,2.943753242492676,0.4437071681022644,0.13899224996566772,0.7108444422483444,4.2399962909471345,0.17619691789150238,-14.335325822139922,10.905911455924974,11.82497665681846,True
QAT,Qatar,2017,1.7479158115470739,-6.1315628600173175,10.015917243136307,0.9512466399999999,0.9288483,1.4051775,0.09760742,11.89118909836074,13.32495796188604,3.0157341957092285,0.5845869779586792,0.12134591490030289,0.614480197429657,3.3973601910081697,0.17619691789150238,-2.8349622450257073,10.905911455924974,11.82497665681846,True
QAT,Qatar,2018,0.3707581108784552,-6.0707330406612146,7.963416789149136,0.9738885,0.9512466399999999,1.4735835,0.09478669,11.908668256476211,13.425117134317404,3.092113494873047,0.5254716277122498,0.12388815730810165,0.5928138345479965,2.615976127063857,0.17619691789150238,1.7479158115470739,10.905911455924974,11.82497665681846,True
QAT,Qatar,2019,-2.060114823017578,-6.8531603770060014,6.349369515328895,0.9965285,0.9738885,1.4291109,0.09702724,11.912375837584996,13.504751302208895,3.1732304096221924,0.5028262734413147,0.11829857528209686,0.6269703954458237,2.068717409385412,0.17619691789150238,0.3707581108784552,10.905911455924974,11.82497665681846,True
ROU,Romania,1996,3.5931303779523915,1.7083520379878092,0.970657900197125,0.00075,0.000263,0.00040242960000000003,0.0,10.045530526355051,11.343655574626057,2.8573336601257324,0.1264163702726364,0.2844867706298828,0.19680865108966827,-0.6556236499650758,0.47132834792137146,4.735935424779925,9.647765318606002,9.996943646829966,True
ROU,Romania,1997,-5.157247131944942,-6.080340502841597,0.7842766331991768,0.00222,0.00075,0.0007583237,0.0,10.081461830134575,11.353362153628028,2.873183488845825,0.12210307270288467,0.26864591240882874,0.2012752667069435,-0.6949969505757103,0.4657631814479828,3.5931303779523915,9.647765318606002,9.996943646829966,True
ROU,Romania,1998,-1.1276858254237965,-2.3291089273313528,1.4737749581529513,0.00445,0.00222,0.009017685,0.0,10.029889358815126,11.36120491996002,2.8891210556030273,0.12711654603481293,0.27141448855400085,0.22419167309999466,-0.7398218915795507,0.41117846965789795,-5.157247131944942,9.647765318606002,9.996943646829966,True
ROU,Romania,1999,0.3016432194366203,-0.499279176005063,1.033974475860866,0.022400000000000003,0.00445,0.029014618,0.0,10.018612500560888,11.37594266954155,2.905147075653076,0.13190676271915436,0.23904210329055786,0.2520454227924347,-0.7596631859430047,0.5084434747695923,-1.1276858254237965,9.647765318606002,9.996943646829966,True
ROU,Romania,2000,3.5665337349740867,1.9550837898747953,1.716855167178366,0.027000000000000003,0.022400000000000003,0.06150459,0.0,10.021628932755254,11.386282414300158,2.92126202583313,0.12276435643434525,0.26336470246315,0.23893459141254425,-0.7513191272826347,0.47023624181747437,0.3016432194366203,9.647765318606002,9.996943646829966,True
ROU,Romania,2001,5.916827083849263,4.372714950298995,1.8695017620059318,0.036137172999999995,0.027000000000000003,0.11335255,0.0,10.057294270104995,11.403450965971942,2.9374661445617676,0.1409386545419693,0.27008959650993347,0.2968103289604187,-0.7233250061090324,0.5217393040657043,3.5665337349740867,9.647765318606002,9.996943646829966,True
ROU,Romania,2003,6.492362766818616,3.732242650577444,5.852536875553582,0.0658,0.04538668999999999,0.23475365,0.0007257688,10.273094738815011,11.53591175156772,2.9638121128082275,0.14776305854320526,0.248243510723114,0.3608667552471161,-0.6207540865458494,0.5231764316558838,15.663219787152372,9.647765318606002,9.996943646829966,True
ROU,Romania,2004,10.830944473133464,7.203572586278506,3.024262553465462,0.08900000000000001,0.0658,0.32602005,0.0090817356,10.338018366483197,11.594437120323256,2.9770731925964355,0.151617631316185,0.27707359194755554,0.40683382749557495,-0.6098470993891603,0.5216968655586243,6.492362766818616,9.647765318606002,9.996943646829966,True
ROU,Romania,2005,6.392116703190531,3.4956471958976802,4.473677835058787,0.15,0.08900000000000001,0.47728283,0.004871464,10.446327811214532,11.624679745857911,2.990394115447998,0.17366893589496613,0.22773894667625427,0.45022766292095184,-0.6583285767366664,0.49899986386299133,10.830944473133464,9.647765318606002,9.996943646829966,True
ROU,Romania,2006,5.803775083814955,4.613325905226078,2.249926145682579,0.215,0.15,0.6295145999999999,0.017776039,10.510248978246437,11.669416524208499,3.003774404525757,0.18719500303268433,0.22231148183345795,0.5148703902959824,-0.7470361179387375,0.5282033681869507,6.392116703190531,9.647765318606002,9.996943646829966,True
ROU,Romania,2007,6.317980587954786,1.2179360511943225,7.297622436858475,0.2466,0.215,0.7601827,0.051816597,10.568286729084587,11.691915785665325,3.022711992263794,0.2454390823841095,0.2189071625471115,0.5254041105508804,-0.8580552188824697,0.5178228616714478,5.803775083814955,9.647765318606002,9.996943646829966,True
ROU,Romania,2008,8.730681886154201,3.342130769148098,8.62133492065933,0.28300000000000003,0.2466,0.9774461,0.09353776,10.631466534964135,11.76489201003391,3.04176926612854,0.28905078768730164,0.216251939535141,0.569186806678772,-0.946887273487107,0.45581579208374023,6.317980587954786,9.647765318606002,9.996943646829966,True
ROU,Romania,2009,-4.325826705306213,-6.515677541787292,4.455190947947507,0.32420000000000004,0.28300000000000003,1.1810563,0.12150352,10.718773353825677,11.851105359240503,3.060946226119995,0.3118511438369751,0.2209518849849701,0.5536613017320633,-0.977809421558451,0.4902972877025604,8.730681886154201,9.647765318606002,9.996943646829966,True
ROU,Romania,2010,1.9333713154598087,-3.2534592001314366,8.572557688084537,0.366,0.32420000000000004,1.21981285,0.13668708000000002,10.675515086772615,11.895657268719978,3.080244541168213,0.2580600678920746,0.23467954993247986,0.4304042160511017,-0.9237466689348661,0.44414836168289185,-4.325826705306213,9.647765318606002,9.996943646829966,True
ROU,Romania,2011,4.1287865055950945,0.9772978172254504,5.13991966600571,0.3993,0.366,1.192214,0.14685373999999998,10.694848799927213,11.981382845600823,3.0996644496917725,0.24416765570640564,0.24946466088294983,0.4927434027194977,-0.8082144989245865,0.4908525049686432,1.9333713154598087,9.647765318606002,9.996943646829966,True
ROU,Romania,2012,1.1582079946677482,1.043343928181653,2.1849129063554074,0.40009999999999996,0.3993,1.1547179,0.16187498,10.736136664983164,12.03278204226088,3.118466377258301,0.2689049541950226,0.230205699801445,0.5826685428619385,-0.6623434946583462,0.46492549777030945,4.1287865055950945,9.647765318606002,9.996943646829966,True
ROU,Romania,2013,4.107087532750064,2.3662259576430187,3.1076226704188414,0.45879992999999997,0.40009999999999996,1.1330235,0.17567519999999998,10.747718744929841,12.054631171324434,3.137382745742798,0.2596786320209503,0.22424858808517456,0.5291977524757385,-0.5386488537196588,0.4488770365715027,1.1582079946677482,9.647765318606002,9.996943646829966,True
ROU,Romania,2014,2.60113246634166,1.6120637291198974,1.7807386432806993,0.497645,0.45879992999999997,1.1419074999999999,0.18891913999999999,10.788789620257342,12.085707398028623,3.1564135551452637,0.2590423822402954,0.21163758635520935,0.5564619302749634,-0.4692398361336281,0.44848644733428955,4.107087532750064,9.647765318606002,9.996943646829966,True
ROU,Romania,2015,4.711620314337139,2.665121874632044,3.8986716650816433,0.5407832,0.497645,1.1478265,0.20113952999999998,10.814800944920758,12.10351478446143,3.1755597591400146,0.24648715555667877,0.21319684386253357,0.5606321841478348,-0.4821971992349461,0.4459574818611145,2.60113246634166,9.647765318606002,9.996943646829966,True
ROU,Romania,2016,5.708913824385142,2.837913465069529,3.820560163996767,0.55763157,0.5407832,1.1635035,0.21448986,10.86191714806413,12.142501501112246,3.194822311401367,0.24527223408222198,0.2055038958787918,0.5080747753381729,-0.5543154204228795,0.4425516724586487,4.711620314337139,9.647765318606002,9.996943646829966,True
ROU,Romania,2017,4.2786280569821145,4.578073157023639,0.36441438786845026,0.5950395199999999,0.55763157,1.1579077,0.22498299,10.919006286307981,12.180707102752214,3.2142016887664795,0.2223195880651474,0.20999976992607117,0.5094945430755615,-0.6489713739865177,0.47119396924972534,5.708913824385142,9.647765318606002,9.996943646829966,True
ROU,Romania,2018,4.134996912863009,2.691636298341143,2.518473274712285,0.63747284,0.5950395199999999,1.1376679,0.24148941000000002,10.961792566877802,12.184351246630898,3.233698606491089,0.23531180620193481,0.20860649645328522,0.5095934718847275,-0.7214991181928809,0.4897906482219696,4.2786280569821145,9.647765318606002,9.996943646829966,True
ROU,Romania,2019,4.0929547617412965,1.7404333342287728,4.160125717770846,0.70681274,0.63747284,1.15492134,0.25970217,11.003142536006433,12.209535979378021,3.2533135414123535,0.23389948904514313,0.20721061527729034,0.5409416258335114,-0.7551347763596894,0.5045833587646484,4.134996912863009,9.647765318606002,9.996943646829966,True
RUS,Russian Federation,1996,-2.7932273483713743,-1.9400290461491831,-0.9639582489835874,0.00148,0.000538,0.00059723075,0.0,10.321879316157311,12.61722644068866,2.889967918395996,0.21027660369873047,0.29141563177108765,0.240074522793293,-0.08225522891249781,0.5192491412162781,-1.210356415699465,10.147112833977198,10.448986657462184,True
RUS,Russian Federation,1997,3.032387642090484,1.7660031932069775,-0.13683937901198817,0.0027,0.00148,0.001506558,0.0,10.293947042673597,12.607586858198824,2.9435622692108154,0.18217219412326813,0.30178725719451904,0.22018654644489288,-0.13949043720131726,0.5192491412162781,-2.7932273483713743,10.147112833977198,10.448986657462184,True
RUS,Russian Federation,1998,-4.056393469898012,-3.7202239040161844,-0.49123551620215977,0.00473,0.0027,0.0032822240000000003,0.0,10.324270919094502,12.606218464408704,2.9981508255004883,0.18917831778526306,0.29981529712677,0.23237210512161255,-0.1966710006132466,0.5192491412162781,3.032387642090484,10.147112833977198,10.448986657462184,True
RUS,Russian Federation,1999,5.377673532577099,5.935307753511909,-2.58110967664269,0.00813,0.00473,0.005070283399999999,0.0,10.283706984395522,12.601306109246682,3.0537514686584473,0.12032454460859299,0.32463228702545166,0.20764492452144623,-0.250374064227632,0.5192491412162781,-4.056393469898012,10.147112833977198,10.448986657462184,True
RUS,Russian Federation,2000,8.88506327506633,8.812634769278677,-2.089800589695656,0.0102,0.00813,0.00932935,0.0,10.337483719721293,12.575495012480255,3.1103835105895996,0.12459953874349594,0.3381333649158478,0.19975705444812775,-0.3022254986530193,0.5192491412162781,5.377673532577099,10.147112833977198,10.448986657462184,True
RUS,Russian Federation,2001,3.888928396304614,5.037037672244549,-2.180273213099859,0.019772301000000003,0.0102,0.02224134,0.0,10.426334352471956,12.554597006583299,3.1680655479431152,0.17288590967655182,0.30160924792289734,0.24449514970183372,-0.3484324914134973,0.5192491412162781,8.88506327506633,10.147112833977198,10.448986657462184,True
RUS,Russian Federation,2002,4.009515046217693,4.744609099510194,-1.611693059159336,0.02944368,0.019772301000000003,0.05304299999999999,0.0,10.465223636435002,12.5327942744523,3.1798532009124756,0.17974799871444702,0.2925497591495514,0.24131925404071808,-0.3929587577316873,0.5192491412162781,3.888928396304614,10.147112833977198,10.448986657462184,True
RUS,Russian Federation,2003,6.359709150688708,6.534519339654913,-1.315797936894647,0.041282716,0.02944368,0.12065792,7.537369999999999e-05,10.50531878689718,12.516677343860707,3.1916844844818115,0.15650443732738495,0.28772857785224915,0.2488354593515396,-0.4226280559073814,0.5192491412162781,4.009515046217693,10.147112833977198,10.448986657462184,True
RUS,Russian Federation,2004,5.485139445792875,5.85724549087237,-1.743041204902518,0.08298861,0.041282716,0.24785025000000002,0.0023526308,10.568915878404066,12.50351936449176,3.2035598754882812,0.16731132566928864,0.2730630934238434,0.26713939011096954,-0.41736604958186874,0.5082308053970337,6.359709150688708,10.147112833977198,10.448986657462184,True
RUS,Russian Federation,2005,4.542611616574455,4.399357027063469,-1.6827541367664622,0.12859389,0.08298861,0.50779842,0.004649397699999999,10.623767272861995,12.486088952442735,3.2154793739318848,0.17080822587013245,0.247951477766037,0.2937029078602791,-0.3673399115180054,0.5012374520301819,5.485139445792875,10.147112833977198,10.448986657462184,True
RUS,Russian Federation,2006,6.538802254550546,5.23714373981302,-0.9240296958280325,0.15226699999999999,0.12859389,0.8298877,0.010989096,10.66919338902774,12.46926141107507,3.2274434566497803,0.16854287683963776,0.22235225141048431,0.32971417158842087,-0.28394325454570435,0.49434229731559753,4.542611616574455,10.147112833977198,10.448986657462184,True
RUS,Russian Federation,2007,5.9968927425009255,4.818996356974288,-1.299903035217298,0.18023299999999998,0.15226699999999999,1.0455997000000001,0.020124502,10.734581411573245,12.46002111411679,3.2414486408233643,0.17657385766506195,0.2215673327445984,0.34401440620422363,-0.18730974847107618,0.5036163330078125,6.538802254550546,10.147112833977198,10.448986657462184,True
RUS,Russian Federation,2008,4.728661581564175,2.7823286504523175,0.7295590010055975,0.2466,0.18023299999999998,1.1900477999999999,0.034060948,10.794550338998254,12.447022083764617,3.255514621734619,0.19027824699878693,0.22504524886608124,0.3386589139699936,-0.09561116598568731,0.5190645456314087,5.9968927425009255,10.147112833977198,10.448986657462184,True
RUS,Russian Federation,2009,-5.859611102674123,-6.884502831464063,2.686610056251837,0.32,0.2466,1.3873846,0.06452876,10.841836954813896,12.454317673774673,3.269641876220703,0.1947798728942871,0.23868075013160706,0.35725390166044235,-0.01217946807887671,0.5285962820053101,4.728661581564175,10.147112833977198,10.448986657462184,True
RUS,Russian Federation,2010,3.6179880438005796,2.755782956677245,-0.23015095316321066,0.4255,0.32,1.5990227,0.08966481999999999,10.783240843787155,12.481183774337191,3.283830165863037,0.13214167952537537,0.2784643769264221,0.2838418334722519,0.05453987076311506,0.5688903331756592,-5.859611102674123,10.147112833977198,10.448986657462184,True
RUS,Russian Federation,2011,2.7788454821795483,2.130095650985046,-0.5972678627356842,0.49,0.4255,1.6513712,0.10907742000000001,10.81942072422516,12.47888226480556,3.2980799674987793,0.15533728897571564,0.25821155309677124,0.31801286339759827,0.10624667196079685,0.5370755195617676,3.6179880438005796,10.147112833977198,10.448986657462184,True
RUS,Russian Federation,2012,2.630609608478096,1.6753614306352353,-0.0777910922641567,0.58,0.49,1.4145123000000002,0.12242673999999999,10.847209179046956,12.472909586178202,3.3126299381256104,0.16933701932430267,0.2441204935312271,0.34363506734371185,0.15582509510796427,0.5470338463783264,2.7788454821795483,10.147112833977198,10.448986657462184,True
RUS,Russian Federation,2013,2.0337731292705996,0.9990163426491103,1.089422001389373,0.66,0.58,1.441982,0.1450076,10.873515275131737,12.47213167525556,3.3273253440856934,0.1741846799850464,0.23701395094394684,0.32914091646671295,0.2022038346028765,0.5509600043296814,2.630609608478096,10.147112833977198,10.448986657462184,True
RUS,Russian Federation,2014,2.049236152881484,0.6009580231283616,2.0412787973908664,0.6797,0.66,1.5096417,0.16420937,10.893853006424443,12.483025895269455,3.3421671390533447,0.1834082156419754,0.24696820974349976,0.3261546418070793,0.22999299665604767,0.57178795337677,2.0337731292705996,10.147112833977198,10.448986657462184,True
RUS,Russian Federation,2015,-3.14926200781116,-2.6881413727249894,-0.9519544360729881,0.7051757000000001,0.6797,1.5251294,0.17216104999999998,10.914345367953258,12.503438683243363,3.3571579456329346,0.16421306133270264,0.2543698251247406,0.30696723610162735,0.2348813560714369,0.5856031179428101,2.049236152881484,10.147112833977198,10.448986657462184,True
RUS,Russian Federation,2016,0.19490632648473394,0.06508374454503342,0.1794579902281157,0.7009924,0.7051757000000001,1.5641856,0.18499693,10.882852747875146,12.493919138882633,3.3722991943359375,0.1660393476486206,0.26745280623435974,0.25045569241046906,0.2211056400614808,0.5759852528572083,-3.14926200781116,10.147112833977198,10.448986657462184,True
RUS,Russian Federation,2017,1.7774189967159515,1.1395887772973607,0.44674496107131034,0.7309144000000001,0.7009924,1.5717398,0.18879785999999998,10.884801811139994,12.495713718784915,3.3875927925109863,0.1686798632144928,0.2681427597999573,0.24275121837854385,0.2000452399363084,0.5780907869338989,0.19490632648473394,10.147112833977198,10.448986657462184,True
RUS,Russian Federation,2018,1.9974066855640515,1.9169079378875746,-0.07256610551245046,0.7600814,0.7309144000000001,1.5548576,0.21276363,10.902576001107153,12.500181168395628,3.403040885925293,0.17300640046596527,0.2591230571269989,0.2727438658475876,0.17516800458077242,0.5720651149749756,1.7774189967159515,10.147112833977198,10.448986657462184,True
RUS,Russian Federation,2019,2.0135442059544317,1.1729496615280364,1.1352567015190829,0.8086472,0.7600814,1.5668289999999998,0.21896297,10.922550067962794,12.499455507340503,3.418645143508911,0.16088995337486267,0.2523941099643707,0.2770405039191246,0.14004885554461666,0.5392012000083923,1.9974066855640515,10.147112833977198,10.448986657462184,True
RWA,Rwanda,1998,7.366365752683102,6.958419636983592,-3.1154686510379115,1.63e-05,8.83e-06,0.0,0.0,7.497955245683131,7.905062674026364,1.3233610391616821,0.055268168449401855,0.2239125370979309,0.11442709155380726,6.5461110345136575,0.7410100698471069,13.475193383681017,7.522831633353644,7.359136633130771,True
RWA,Rwanda,1999,5.56130375646724,5.322327293064738,-0.9985011338361716,0.000118,1.63e-05,0.0006317402399999999,0.0,7.571618903209962,7.8739079875159845,1.3342019319534302,0.059168897569179535,0.2118719518184662,0.1023139851167798,8.117928251491712,0.7410100698471069,7.366365752683102,7.522831633353644,7.359136633130771,True
RWA,Rwanda,2000,4.974625771073349,3.761710625753506,2.0812440637252294,0.000672,0.000118,0.0013733542,0.0,7.627231940774634,7.863922976177623,1.3451316356658936,0.07083991914987564,0.2142413705587387,0.08864237368106842,7.448556080433244,0.7410100698471069,5.56130375646724,7.522831633353644,7.359136633130771,True
RWA,Rwanda,2001,7.067844954745883,6.121145116899229,3.6647670760321382,0.0006283146,0.000672,0.0047480312,0.0,7.676978198485368,7.884735416814875,1.3561508655548096,0.08269857615232468,0.20776334404945374,0.03659794479608536,5.6049574237034605,0.7410100698471069,4.974625771073349,7.522831633353644,7.359136633130771,True
RWA,Rwanda,2002,12.698089162232495,11.069527804095767,5.419633762826237,0.0024067241,0.0006283146,0.007843520999999999,0.0,7.747656648032827,7.9213830875751965,1.3756282329559326,0.08067286759614944,0.20684939622879028,0.12486753240227699,3.6809351972040716,0.7410100698471069,7.067844954745883,7.522831633353644,7.359136633130771,True
RWA,Rwanda,2003,-2.023694947590826,-2.659134779772349,1.368004801376177,0.0029278472,0.0024067241,0.009808242299999999,0.0,7.874637539655152,7.975579425203459,1.3953853845596313,0.08061584830284119,0.20004087686538696,0.07024081144481897,2.352149018584049,0.7410100698471069,12.698089162232495,7.522831633353644,7.359136633130771,True
RWA,Rwanda,2004,2.6617760397849466,1.456951640258422,1.716663756534409,0.0035691845,0.0029278472,0.015223234,0.0,7.854400590179243,7.989259473217221,1.4154261350631714,0.09214650094509125,0.2249448597431183,0.06767629645764828,1.5320519527787013,0.7410100698471069,-2.023694947590826,7.522831633353644,7.359136633130771,True
RWA,Rwanda,2005,4.1073779753393325,2.6050279853901266,2.380639513887317,0.0043085423,0.0035691845,0.015569177,0.00013020531999999999,7.881018350577093,8.006426110782565,1.4357548952102661,0.10025732964277267,0.22711947560310364,0.07991001754999161,1.4313419249562642,0.7410100698471069,2.6617760397849466,7.522831633353644,7.359136633130771,True
RWA,Rwanda,2006,5.89165341836333,3.0182093280028437,6.066178795537347,0.005560000000000001,0.0043085423,0.024626130000000003,0.00013032153,7.922092130330486,8.030232505921438,1.4563755989074707,0.11395762115716934,0.2309282273054123,0.0859753992408514,1.8229302107024115,0.7410100698471069,4.1073779753393325,7.522831633353644,7.359136633130771,True
RWA,Rwanda,2008,7.565649978884537,3.7359263184912144,10.334395395842577,0.021154000000000003,,0.06650696,0.00026628459,8.025160914363498,8.170937787437518,1.5103431940078735,0.14990219473838806,0.1307200789451599,0.10468768514692783,2.516033988215849,0.7410100698471069,4.415224984937893,7.522831633353644,7.359136633130771,True
RWA,Rwanda,2009,2.9815361200116186,0.6515703876932288,8.333950048162464,0.045,0.021154000000000003,0.13490418999999998,0.00011423595,8.100817414152344,8.274281741395944,1.5380722284317017,0.18822883069515228,0.10772088170051575,0.16525102406740189,2.668241259141535,0.7410100698471069,7.565649978884537,7.522831633353644,7.359136633130771,True
RWA,Rwanda,2010,3.945953687469128,0.1986879158902513,7.427945073163045,0.077,0.045,0.24146597,0.00022007007,8.13063277535246,8.357621241877569,1.5663105249404907,0.17572782933712006,0.09694371372461319,0.1599864326417446,2.6751679096781,0.7410100698471069,2.9815361200116186,7.522831633353644,7.359136633130771,True
RWA,Rwanda,2011,11.257647786153768,5.76563531905574,13.889998192012953,0.08,0.077,0.34395373999999995,0.00038206734,8.170092312227151,8.431900692609199,1.5950671434402466,0.16705091297626495,0.08695477247238159,0.16908296197652817,2.588850080649374,0.7410100698471069,3.945953687469128,7.522831633353644,7.359136633130771,True
RWA,Rwanda,2012,11.613637091118534,5.88560217355481,14.996224123864366,0.07,0.08,0.42049427,0.0008175920999999999,8.282668790088689,8.570800674529329,1.6283968687057495,0.16348901391029358,0.07585922628641129,0.17982636019587517,2.4985033969789683,0.7410100698471069,11.257647786153768,7.522831633353644,7.359136633130771,True
RWA,Rwanda,2013,2.0194074455202937,-2.0438969699070393,8.361423139955981,0.08023899999999999,0.07,0.52546658,0.00050766855,8.398805160999874,8.720762915767972,1.663946270942688,0.17382824420928955,0.0815148875117302,0.21352464333176613,2.4598654376546847,0.7410100698471069,11.613637091118534,7.522831633353644,7.359136633130771,True
RWA,Rwanda,2014,3.2355988305283745,-0.08532715920490999,7.373337734319385,0.09,0.08023899999999999,0.60298862,0.00025069094999999997,8.418999235455077,8.804377147167532,1.7018989324569702,0.16902902722358704,0.08637982606887817,0.21580879762768745,2.451903302051983,0.7410100698471069,2.0194074455202937,7.522831633353644,7.359136633130771,True
RWA,Rwanda,2015,5.5311393450624635,1.6456227222228677,8.28499991865339,0.106,0.09,0.68167046,0.0002566707,8.45135522376036,8.878110524510726,1.7341963052749634,0.15565770864486694,0.10143294930458069,0.19969377666711807,2.4855347791250093,0.7410100698471069,3.2355988305283745,7.522831633353644,7.359136633130771,True
RWA,Rwanda,2016,2.616736038259937,-0.7339507440447084,7.718146000586756,0.12455999999999999,0.106,0.7525432000000001,0.001814859,8.506666617210985,8.96096052369726,1.7666441202163696,0.15129731595516205,0.1037488803267479,0.21811814606189728,2.5427353186985524,0.7410100698471069,5.5311393450624635,7.522831633353644,7.359136633130771,True
RWA,Rwanda,2017,-0.4133190494185257,-3.0146430885464373,3.723101283959096,0.146371,0.12455999999999999,0.7485020400000001,0.0018223564,8.532833977593585,9.038141983703127,1.8011772632598877,0.15284806489944458,0.12204326689243317,0.21965082734823227,2.602432892795825,0.7410100698471069,2.616736038259937,7.522831633353644,7.359136633130771,True
RWA,Rwanda,2018,2.9968281637723138,0.16999093155778064,2.450346902011269,0.172,0.146371,0.7227646,0.0017849445,8.5287007870994,9.075372996542718,1.8379607200622559,0.14363496005535126,0.13259485363960266,0.24902574717998505,2.6397879390707146,0.7410100698471069,-0.4133190494185257,7.522831633353644,7.359136633130771,True
RWA,Rwanda,2019,6.843215414575177,2.9435235491186815,7.915759608029482,0.191666,0.172,0.7767947,0.00060065683,8.558669068737123,9.099876465562831,1.8771754503250122,0.13945193588733673,0.1287078559398651,0.22259564325213432,2.644060565686779,0.7410100698471069,2.9968281637723138,7.522831633353644,7.359136633130771,True
SAU,Saudi Arabia,1996,0.5684799283127262,0.6809662452435195,-0.18187562731384332,0.00010999999999999999,,0.0008474838,0.0,11.911846110383427,12.854500469891546,2.1027626991271973,0.2861388027667999,0.19150781631469727,0.47627514600753784,2.3028398893629287,0.32736843824386597,1.3188415320387392,11.073399744000515,11.898708123569346,True
SAU,Saudi Arabia,1997,-0.18455749168460045,-0.8907686852937635,0.8258439339236645,0.00026700000000000004,0.00010999999999999999,0.009826546,0.0,11.917530909666555,12.852681713618407,2.127807140350342,0.25789737701416016,0.19534079730510712,0.5026058256626129,2.097397826184677,0.32736843824386597,0.5684799283127262,11.073399744000515,11.898708123569346,True
SAU,Saudi Arabia,1998,1.318494392133296,0.19318203027937075,0.9169727400509586,0.000521,0.00026700000000000004,0.016654716,0.0,11.915685334749709,12.860940152957644,2.1531496047973633,0.2580491900444031,0.21641962230205536,0.5373014658689499,1.9422432356163366,0.32736843824386597,-0.18455749168460045,11.073399744000515,11.898708123569346,True
SAU,Saudi Arabia,1999,-1.8397333088058687,-5.862622021105157,4.853179506421945,0.00101,0.000521,0.030642008999999998,0.0,11.928870278671042,12.870109880358154,2.1787941455841064,0.3066054880619049,0.23498372733592987,0.4663008749485016,1.9197207006214967,0.32736843824386597,1.318494392133296,11.073399744000515,11.898708123569346,True
SAU,Saudi Arabia,2000,3.341391782187131,2.1837464617872837,0.8306948567858186,0.00494,0.00101,0.03982111,0.0,11.910472945582983,12.918641675422373,2.2047441005706787,0.2899247109889984,0.20344869792461395,0.49045605957508087,2.0573277445168348,0.32736843824386597,-1.8397333088058687,11.073399744000515,11.898708123569346,True
SAU,Saudi Arabia,2001,-2.871885394757001,-3.938865430086974,1.17849572843447,0.022106917,0.00494,0.08504787999999999,0.0,11.943886863404854,12.926948623990231,2.2310032844543457,0.2620645761489868,0.21429812908172607,0.5744845122098923,2.2973830908061377,0.32736843824386597,3.341391782187131,11.073399744000515,11.898708123569346,True
SAU,Saudi Arabia,2002,-4.640916377478099,-5.609679636025877,0.9435532687074755,0.04681053,0.022106917,0.14838221000000001,0.0008215289000000001,11.915168009457284,12.938733581274576,2.258600950241089,0.26109030842781067,0.2330179512500763,0.5474303811788559,2.574033854459268,0.32736843824386597,-2.871885394757001,11.073399744000515,11.898708123569346,True
SAU,Saudi Arabia,2003,4.068571606243054,5.3273390663515165,-3.0932193827769794,0.06384705,0.04681053,0.27960417,0.0019419448,11.868758845682503,12.94816911396165,2.2865405082702637,0.2905384302139282,0.20907975733280182,0.5414819568395615,2.8027859142832234,0.32736843824386597,-4.640916377478099,11.073399744000515,11.898708123569346,True
SAU,Saudi Arabia,2004,1.4793368633473136,1.2721655960931777,-1.3432760526455922,0.08001583,0.06384705,0.38528313,0.0024475738,11.909444561744934,12.917236920133881,2.3148252964019775,0.26483267545700073,0.20882466435432434,0.5806965678930283,2.9433083906285518,0.31133875250816345,4.068571606243054,11.073399744000515,11.898708123569346,True
SAU,Saudi Arabia,2005,-0.3946351130537096,-1.8580372858161553,0.4271912164380609,0.10234533000000001,0.08001583,0.46649754,0.0034927206999999997,11.924237930378407,12.903804159607425,2.3434603214263916,0.2607533633708954,0.19469067454338074,0.61969855427742,2.965968322483814,0.2916582524776459,1.4793368633473136,11.073399744000515,11.898708123569346,True
SAU,Saudi Arabia,2006,-2.74839455410838,-5.5728474013191756,1.8883810587597694,0.12705036,0.10234533000000001,0.6889230999999999,0.0032975858000000003,11.92029157924787,12.908076071771806,2.3724491596221924,0.250550240278244,0.18345694243907928,0.6870895773172379,2.9118884765254816,0.2574337422847748,-0.3946351130537096,11.073399744000515,11.898708123569346,True
SAU,Saudi Arabia,2007,-1.2122934062960056,-6.767803654711379,5.503361220478098,0.19459555,0.12705036,0.9180235999999999,0.010167041000000002,11.892807633706786,12.926959882359403,2.3984100818634033,0.2785321772098541,0.185843363404274,0.6737073212862015,2.8238827985712422,0.2455120086669922,-2.74839455410838,11.073399744000515,11.898708123569346,True
SAU,Saudi Arabia,2008,3.1187936103691527,-2.085589415910505,5.778397954646941,0.3,0.19459555,1.2696532,0.027857083999999997,11.880684699643826,12.981993494564184,2.4246551990509033,0.3096972405910492,0.18871864676475525,0.6558358520269394,2.7628441901697,0.2339407354593277,-1.2122934062960056,11.073399744000515,11.898708123569346,True
SAU,Saudi Arabia,2009,-4.075556937288383,-8.321715259466576,4.876423878783065,0.36,0.3,1.5458687,0.045006166,11.911872635747518,13.039777474110654,2.4511873722076416,0.32095545530319214,0.1716753989458084,0.6186208873987198,2.756786088961327,0.19907189905643463,3.1187936103691527,11.073399744000515,11.898708123569346,True
SAU,Saudi Arabia,2010,-3.1768830315144214,-3.2888146276711936,-0.9468109273820247,0.38,0.36,1.8525475,0.059366526999999995,11.871117066374634,13.088541712898484,2.4780101776123047,0.3417256772518158,0.20575106143951416,0.4883824288845062,2.8249339535106,0.2808816432952881,-4.075556937288383,11.073399744000515,11.898708123569346,True
SAU,Saudi Arabia,2011,-2.2129715200046363,-0.8529340689639398,-3.798287231193065,0.41,0.38,2.0496924,0.068036304,11.83934823605949,13.079073603624664,2.5051259994506836,0.3239395320415497,0.19259057939052582,0.4890418201684952,2.9276177084370136,0.2808816432952881,-3.1768830315144214,11.073399744000515,11.898708123569346,True
SAU,Saudi Arabia,2012,2.02385849397988,-1.6908013717152142,4.173289037398575,0.475,0.41,2.068518,0.074752297,11.817218520859443,13.041090731312734,2.533745050430298,0.27885717153549194,0.1961231380701065,0.5081723257899284,3.03899283239617,0.2808816432952881,-2.2129715200046363,11.073399744000515,11.898708123569346,True
SAU,Saudi Arabia,2013,-1.3338548376850667,-3.9975262312321096,3.1340477895975383,0.54,0.475,1.9584336999999998,0.09386259000000001,11.837457105799242,13.08282362168672,2.5620882511138916,0.2682247757911682,0.22743123769760132,0.5183261185884476,3.0907111410440002,0.2808816432952881,2.02385849397988,11.073399744000515,11.898708123569346,True
SAU,Saudi Arabia,2014,0.7984555273967686,-2.956610331014194,4.306606491766729,0.605,0.54,1.8947562,,11.824118557422391,13.114164099582695,2.5823326110839844,0.2703012526035309,0.2592606544494629,0.49889951944351196,3.030818304383187,0.2808816432952881,-1.3338548376850667,11.073399744000515,11.898708123569346,True
SAU,Saudi Arabia,2015,0.6828627375236707,-2.387189277285015,3.262941187514379,0.6471365,0.605,1.8185657,,11.832103112696359,13.157230164500362,2.6030330657958984,0.27479997277259827,0.26467394828796387,0.37544190138578415,2.8361981678960646,0.2808816432952881,0.7984555273967686,11.073399744000515,11.898708123569346,True
SAU,Saudi Arabia,2016,-4.109497193610068,-3.285681378061378,-1.5403758811478596,0.6961623400000001,0.6471365,1.7613402999999999,0.2113618,11.838931740071596,13.189859576375506,2.624201774597168,0.3365860879421234,0.2899545431137085,0.3946089595556259,2.55806848032587,0.2808816432952881,0.6828627375236707,11.073399744000515,11.898708123569346,True
SAU,Saudi Arabia,2017,-6.433647995425851,-5.4000612429962995,-1.8074137972620363,0.7487927000000001,0.6961623400000001,1.5604147,0.20826814999999999,11.797836768135495,13.174455817564027,2.6458523273468018,0.3149731457233429,0.2551133334636688,0.3690524101257324,2.2624637057914843,0.2808816432952881,-4.109497193610068,11.073399744000515,11.898708123569346,True
SAU,Saudi Arabia,2018,-1.4450117422580178,-1.5696284678711072,-0.5276028886189721,0.941756,0.7487927000000001,1.3062970999999999,0.21613943,11.733500288181236,13.156381679591407,2.6679980754852295,0.3089359700679779,0.23730307817459106,0.3871205747127533,2.0070419775214177,0.2808816432952881,-6.433647995425851,11.073399744000515,11.898708123569346,True
SAU,Saudi Arabia,2019,-2.3708181530043504,-3.2230953145012715,0.6275508076676317,0.9331000500000001,0.941756,1.3604616999999999,0.22466148,11.719050170758656,13.151105650705217,2.6906533241271973,0.2636590600013733,0.2350015789270401,0.423284076154232,1.8010713345899099,0.2808816432952881,-1.4450117422580178,11.073399744000515,11.898708123569346,True
SEN,Senegal,1996,3.637106545423485,2.192534571782111,0.6753739421887062,6.9300000000000006e-06,,1.413234e-05,0.0,8.76951528562534,9.948456243431353,1.2472642660140991,0.06250516325235367,0.13415749371051788,0.15801358968019485,2.6716404581053066,0.48660239577293396,2.4353301039100828,8.941020848429048,8.748463497726428,True
SEN,Senegal,1997,1.0108672867660928,0.14480185381145033,-0.24320886984519063,0.000112,6.9300000000000006e-06,0.00015966669999999998,0.0,8.805886351079575,9.95520998285324,1.2600306272506714,0.0736011415719986,0.1086583137512207,0.20435969717800617,2.5303478462753493,0.48660239577293396,3.637106545423485,8.941020848429048,8.748463497726428,True
SEN,Senegal,1998,2.2905851151239887,1.203102566567306,-0.6031435485118308,0.000273,0.000112,0.00076694146,0.0,8.815995023947236,9.952777894154789,1.2729276418685913,0.09886125475168228,0.11069504171609879,0.171758234500885,2.4166457119847884,0.48660239577293396,1.0108672867660928,8.941020848429048,8.748463497726428,True
SEN,Senegal,1999,7.952924374860082,6.684518722050553,0.48518244450868053,0.000799,0.000273,0.0029678693000000003,0.0,8.838900875098476,9.94674645866967,1.2859567403793335,0.10479693114757538,0.10864459723234177,0.18511689826846123,2.3476493141169286,0.48660239577293396,2.2905851151239887,8.941020848429048,8.748463497726428,True
SEN,Senegal,2000,-3.5305053874770564,-4.50756931094828,0.578855977440007,0.00311,0.000799,0.009271340999999999,0.0,8.918430118847077,9.951598283114757,1.2991191148757935,0.158047616481781,0.10609864443540573,0.1749420389533043,2.336141413757842,0.48660239577293396,7.952924374860082,8.941020848429048,8.748463497726428,True
SEN,Senegal,2001,2.601579922419184,1.8918682419325337,1.1482088041136151,0.0040396749999999995,0.00311,0.025104783,0.0,8.883125064972306,9.957386842889157,1.3124161958694458,0.1535232663154602,0.10541412234306335,0.19133106991648674,2.3651480222682153,0.48660239577293396,-3.5305053874770564,8.941020848429048,8.748463497726428,True
SEN,Senegal,2002,-1.9269971873768554,-2.267481410954613,0.37266257736465747,0.0098379403,0.0040396749999999995,0.029551818,0.0,8.909140864196498,9.968868930930293,1.3258949518203735,0.1610717475414276,0.09946278482675552,0.21302537992596626,2.4037856694557824,0.48660239577293396,2.601579922419184,8.941020848429048,8.748463497726428,True
SEN,Senegal,2003,3.7087848709990823,3.6979473702037615,0.25553574713796934,0.010064546,0.0098379403,0.052879579999999995,0.00011465464,8.88987089232273,9.97259555670394,1.3395121097564697,0.14399519562721252,0.09848538786172867,0.22652172669768333,2.4371029063503524,0.48660239577293396,-1.9269971873768554,8.941020848429048,8.748463497726428,True
SEN,Senegal,2004,2.4178708440953045,2.0722286863038613,0.2241172870299124,0.021014363999999997,0.010064546,0.072979217,0.0002222704,8.92695874103272,9.97515091417532,1.353269100189209,0.18537868559360504,0.09979376196861267,0.26141124218702316,2.4756697280446716,0.48660239577293396,3.7087848709990823,8.941020848429048,8.748463497726428,True
SEN,Senegal,2005,2.9219143338707454,2.0276399832557193,1.2285871830059136,0.04386024,0.021014363999999997,0.10216329,0.00069836065,8.951137449473674,9.977392087045619,1.367167353630066,0.1891328990459442,0.1015835553407669,0.27880649268627167,2.5162592208761936,0.48660239577293396,2.4178708440953045,8.941020848429048,8.748463497726428,True
SEN,Senegal,2006,-0.9961656230119686,-1.9768091313667426,1.0700253933762838,0.04786684,0.04386024,0.15398604999999999,0.0016045609,8.980356592812381,9.989677958875678,1.3812084197998047,0.2248440533876419,0.09917157143354416,0.29629887640476227,2.5574951483835484,0.48660239577293396,2.9219143338707454,8.941020848429048,8.748463497726428,True
SEN,Senegal,2007,0.26986594401847697,-0.32418346204710485,0.18471787086422609,0.056117387,0.04786684,0.2593564,0.0025152838,8.970394936582261,10.00037821280944,1.3953936100006104,0.22493156790733337,0.10865407437086105,0.3009770140051842,2.6002444672144076,0.48660239577293396,-0.9961656230119686,8.941020848429048,8.748463497726428,True
SEN,Senegal,2008,1.3307700340059014,-0.24200350500023088,2.6659705048670546,0.0689,0.056117387,0.30847052,0.0032396673999999996,8.973093596022446,10.002225391518083,1.409724473953247,0.27428364753723145,0.11682318150997162,0.3231399431824684,2.642725228674525,0.48660239577293396,0.26986594401847697,8.941020848429048,8.748463497726428,True
SEN,Senegal,2009,-0.21858594094528172,-0.7030506893068195,1.492534010472113,0.0712,0.0689,0.4472696,0.003930464,8.986401296362505,10.028885096566754,1.424202561378479,0.2756114900112152,0.12484565377235413,0.40048591047525406,2.6814364933782198,0.48660239577293396,1.3307700340059014,8.941020848429048,8.748463497726428,True
SEN,Senegal,2010,0.7936705733648353,-0.4867734503167784,0.503034626967569,0.075,0.0712,0.55939648,0.004759516,8.984215436953052,10.043810436671475,1.4388293027877808,0.22494617104530334,0.1257241666316986,0.3063986375927925,2.7149236774684837,0.48660239577293396,-0.21858594094528172,8.941020848429048,8.748463497726428,True
SEN,Senegal,2011,-2.6966508146172075,-3.7356798066672385,-0.35885523416148146,0.08,0.075,0.66034386,0.006224332,8.9921521426867,10.04884078294115,1.453606367111206,0.21483369171619415,0.13313357532024384,0.29736120253801346,2.7432321710726626,0.48660239577293396,0.7936705733648353,8.941020848429048,8.748463497726428,True
SEN,Senegal,2012,0.1453728351849648,-0.6481142220219196,-0.038399041028824854,0.098,0.08,0.7217333,0.0071543896,8.965185634540529,10.045252230599536,1.4709677696228027,0.23738330602645874,0.15064622461795807,0.3397129476070404,2.76667922615097,0.48660239577293396,-2.6966508146172075,8.941020848429048,8.748463497726428,True
SEN,Senegal,2013,-0.7417912168532936,-2.0074353459271888,0.3075570973477326,0.10800000000000001,0.098,0.8617746,0.0071793722999999995,8.966639362892378,10.044868240189247,1.4885365962982178,0.2635152041912079,0.13421407341957092,0.35542770475149155,2.785667880404441,0.48660239577293396,0.1453728351849648,8.941020848429048,8.748463497726428,True
SEN,Senegal,2014,-0.2944432920486406,-1.5138340801115606,0.7158758761500295,0.131,0.10800000000000001,0.9579109,0.007784565,8.959221450723845,10.047943811162725,1.5063152313232422,0.23972299695014954,0.13528524339199066,0.36621108651161194,2.7990804602457953,0.48660239577293396,-0.7417912168532936,8.941020848429048,8.748463497726428,True
SEN,Senegal,2015,2.553502529467444,0.7771187151605405,1.4050620359043364,0.177,0.131,1.0160843,0.00730365,8.956277017803359,10.055102569924225,1.5243061780929565,0.20613111555576324,0.14192794263362885,0.35055263340473175,2.806727951846044,0.48660239577293396,-0.2944432920486406,8.941020848429048,8.748463497726428,True
SEN,Senegal,2016,2.104058072286641,0.5403440264100671,1.7533346885853618,0.217,0.177,1.02508995,0.0068943137,8.981812043098033,10.069153190283268,1.542512059211731,0.1985684633255005,0.1363295465707779,0.3194752335548401,2.808359151898765,0.4928131401538849,2.553502529467444,8.941020848429048,8.748463497726428,True
SEN,Senegal,2017,3.057654773269469,0.9292009252869776,2.5367531775037477,0.256648,0.217,1.0101076500000001,0.006541811,9.0028526238209,10.086686537169122,1.560935378074646,0.19131651520729065,0.13259197771549225,0.3070317581295967,2.8073012802971142,0.48120298981666565,2.104058072286641,8.941020848429048,8.748463497726428,True
SEN,Senegal,2018,3.0071914645334985,0.11389919104797364,3.50870883695098,0.296431,0.256648,1.0183111,0.007224232000000001,9.033429171553594,10.11205406894416,1.5795786380767822,0.22762754559516907,0.13096314668655396,0.3504690155386925,2.8005497398714496,0.4965516924858093,3.057654773269469,8.941020848429048,8.748463497726428,True
SEN,Senegal,2019,1.9801293929260666,-0.3815122618574711,3.395222727597691,0.353,0.296431,1.04055695,0.008157342,9.06350108619893,10.14714115731367,1.5984447002410889,0.23860333859920502,0.13059666752815247,0.38630397617816925,2.7818669148210518,0.48617884516716003,3.0071914645334985,8.941020848429048,8.748463497726428,True
SGP,Singapore,1996,3.4629620048674425,-2.097214617905424,5.732853295143769,0.0287,0.011899999999999999,0.08634615999999999,0.0,11.39114982815462,12.87453930829201,2.390153408050537,0.6519060730934143,0.14660990238189697,6.213809967041016,3.1771963752344146,0.4401951730251312,4.964783787029958,10.550719151046405,11.252871702955789,True
SGP,Singapore,1997,1.9733953315055786,-1.9159935533702876,3.377524734402648,0.08349999999999999,0.0287,0.11802339999999999,0.0,11.425779448203295,12.931867841243447,2.4676434993743896,0.5774056911468506,0.13118970394134521,5.284474611282349,3.133018853913283,0.441730260848999,3.4629620048674425,10.550719151046405,11.252871702955789,True
SGP,Singapore,1998,-5.50095504220689,-8.62079703824912,4.134227505693033,0.135,0.08349999999999999,0.22565248000000002,0.0,11.445513401518351,12.965643088587473,2.5476460456848145,0.6032779216766357,0.13338814675807953,4.8008551597595215,3.0840863236626603,0.4372570812702179,1.9733953315055786,10.550719151046405,11.252871702955789,True
SGP,Singapore,1999,3.240432062660936,-0.29931640986730484,3.6230764330740683,0.196,0.135,0.2831395,0.0025864574,11.390503851096282,13.006985363644404,2.6070761680603027,0.3958899676799774,0.12108369171619415,3.3109216690063477,2.852579658372023,0.4619777202606201,-5.50095504220689,10.550719151046405,11.252871702955789,True
SGP,Singapore,2000,3.261987986323689,1.0693355081225744,1.052843423047456,0.242,0.196,0.41114530000000005,0.0075633793999999996,11.422908171722892,13.043216127975144,2.6636855602264404,0.4208301901817322,0.1357821524143219,3.4906346797943115,2.4063477607190187,0.4557953476905823,3.240432062660936,10.550719151046405,11.252871702955789,True
SGP,Singapore,2001,-3.37075731962706,-4.40699632726739,2.768509496643823,0.36,0.242,0.6808508000000001,0.017099334,11.455528051586128,13.053744562205619,2.721524238586426,0.40659886598587036,0.12951253354549408,3.1069211959838867,1.857056975459237,0.4575924277305603,3.261987986323689,10.550719151046405,11.252871702955789,True
SGP,Singapore,2002,0.8295110983072007,0.7912862690412317,0.545773520916093,0.41670425,0.36,0.7267928,0.036684623,11.421820478389858,13.081429657172057,2.7076094150543213,0.36761361360549927,0.15350060164928436,2.9374881982803345,1.1910800745186911,0.489348441362381,-3.37075731962706,10.550719151046405,11.252871702955789,True
SGP,Singapore,2003,4.952823360945224,3.2686113915859725,3.2730486637555956,0.47,0.41670425,0.7989115999999999,0.065109,11.43011558937293,13.086887392381218,2.693765878677368,0.33029279112815857,0.15839175879955292,2.66328227519989,0.6667209602270185,0.47307565808296204,0.8295110983072007,10.550719151046405,11.252871702955789,True
SGP,Singapore,2004,6.1195612087951545,6.612141131785935,0.07080369479446347,0.53837944,0.47,0.8643761000000001,0.10079152000000001,11.479643822982382,13.119617879018774,2.679993152618408,0.28063955903053284,0.18576548993587494,3.4099613428115845,0.6025539858863116,0.4644978940486908,4.952823360945224,10.550719151046405,11.252871702955789,True
SGP,Singapore,2005,2.1733591377566697,3.020854899196172,-1.7120659002085148,0.62,0.53837944,0.9563678,0.13065671,11.540839435070334,13.120325915966719,2.666290521621704,0.32636550068855286,0.17919203639030457,3.5295299291610718,1.1554539718434675,0.42625194787979126,6.1195612087951545,10.550719151046405,11.252871702955789,True
SGP,Singapore,2006,1.5347061150862373,2.0807289115116796,-3.5016499381823607,0.61,0.62,1.0272320000000001,0.15373571,11.5625730264479,13.103205256964634,2.652658462524414,0.2854485809803009,0.17685958743095398,3.3168468475341797,2.0958968767250674,0.42181241512298584,2.1733591377566697,10.550719151046405,11.252871702955789,True
SGP,Singapore,2007,-0.7049550169760721,0.9005059396352335,-4.958576905994683,0.59,0.61,1.08657524,0.17878139999999998,11.577920087598763,13.06818875758281,2.7296035289764404,0.2686918377876282,0.14072813093662262,2.9953771829605103,3.153092685326575,0.41980013251304626,1.5347061150862373,10.550719151046405,11.252871702955789,True
SGP,Singapore,2008,-3.5553785452151487,-4.592981898957734,-0.6288276414634808,0.6990000000000001,0.59,1.2888243,0.20145696999999999,11.570870537429002,13.018602988522863,2.8087809085845947,0.27185407280921936,0.12066908180713654,2.758627772331238,3.926565336978327,0.4237561821937561,-0.7049550169760721,10.550719151046405,11.252871702955789,True
SGP,Singapore,2009,-1.2045110734584696,-3.68856996228231,3.475057647182034,0.69,0.6990000000000001,1.3345425,0.22285370000000002,11.53531675197685,13.012314712108228,2.8902547359466553,0.415777325630188,0.13815036416053772,3.609018564224243,4.216250998099191,0.44755733013153076,-3.5553785452151487,10.550719151046405,11.252871702955789,True
SGP,Singapore,2010,9.742031704860388,6.76600537168565,1.0717338879201677,0.69,0.69,1.385671,0.24826067,11.523271641242266,13.047065288580049,2.9740920066833496,0.35981178283691406,0.12804336845874786,2.7991087436676025,3.9175983478000553,0.45744580030441284,-1.2045110734584696,10.550719151046405,11.252871702955789,True
SGP,Singapore,2011,2.2913069433126765,0.7737599387118057,1.0061925932951965,0.71,0.69,1.4545164,0.26361952,11.62069195829087,13.05778262745925,3.060360908508301,0.35860511660575867,0.10815314948558807,2.8154407739639282,3.259577292840876,0.439468115568161,9.742031704860388,10.550719151046405,11.252871702955789,True
SGP,Singapore,2012,0.4498094439101763,-2.0135919370993975,1.186101323769151,0.71,0.71,1.504041,0.27173582,11.643605027723996,13.067844553392202,3.161694288253784,0.36607688665390015,0.10139001905918121,3.0443824529647827,2.548794956730416,0.439468115568161,2.2913069433126765,10.550719151046405,11.252871702955789,True
SGP,Singapore,2013,0.7185996986766696,-1.404541536229472,1.1140888822737338,0.72,0.71,1.5241039,0.27067976,11.648103122163098,13.079705566629894,3.271183729171753,0.3936173617839813,0.10832017660140991,3.088895082473755,1.9908281920281823,0.439468115568161,0.4498094439101763,10.550719151046405,11.252871702955789,True
SGP,Singapore,2014,0.3253669799075709,-1.5131366851704342,1.426768388156674,0.809021,0.72,1.5667928,0.27729563,11.655289119149865,13.090846455452631,3.3896632194519043,0.3952154517173767,0.1206558495759964,3.053757429122925,1.5570737155657932,0.439468115568161,0.7185996986766696,10.550719151046405,11.252871702955789,True
SGP,Singapore,2015,2.041172445846584,-1.290888141013547,3.715760456690198,0.79029236,0.809021,1.4847835,0.27006723,11.65854278894894,13.105114139334198,3.5180726051330566,0.35707899928092957,0.11084230244159698,2.7079681158065796,1.3095482381030532,0.439468115568161,0.3253669799075709,10.550719151046405,11.252871702955789,True
SGP,Singapore,2016,2.7236437726248397,-1.2185441549624725,3.8046312486345713,0.7901295500000001,0.79029236,1.4900621,0.26897892,11.678954513407406,13.1422717439011,3.657472848892212,0.2968088686466217,0.11389394104480743,2.3990284204483032,1.196764209730139,0.439468115568161,2.041172445846584,10.550719151046405,11.252871702955789,True
SGP,Singapore,2017,4.336878058241034,-0.07365612908333531,4.199818587684945,0.8445227,0.7901295500000001,1.5168172000000002,0.2853926,11.706190951133655,13.180318056387446,3.8090639114379883,0.30160200595855713,0.11103589087724686,2.213384509086609,1.0934337993474985,0.439468115568161,2.7236437726248397,10.550719151046405,11.252871702955789,True
SGP,Singapore,2018,2.1484289607101914,-0.7338443194337706,2.021138130167266,0.8445227,0.8445227,1.4956787,0.2633261,11.749559731716065,13.222316242264295,3.974208116531372,0.3068351447582245,0.10800831764936447,2.267156958580017,0.9577358246289691,0.439468115568161,4.336878058241034,10.550719151046405,11.252871702955789,True
SGP,Singapore,2019,-0.46914874274754936,-4.080342368934612,1.6581549068112267,0.8816563399999999,0.8445227,1.5207382,0.26508736,11.771044021323167,13.242527623565968,4.154453754425049,0.294149786233902,0.1099616065621376,2.4042190313339233,0.8627296536207973,0.439468115568161,2.1484289607101914,10.550719151046405,11.252871702955789,True
SLE,Sierra Leone,1998,-1.8774798606143506,-0.9064808958745563,-3.4122591101169775,4.989999999999999e-05,2.51e-05,0.0,0.0,7.981591467197788,8.811761397264236,1.323783040046692,0.03684103488922119,0.08455710113048553,0.11792202293872833,0.5234768284500868,0.5364173054695129,-19.97848343005373,8.477113626205938,8.544060761595835,True
SLE,Sierra Leone,2000,1.1867145949142177,2.281930827189571,-4.0479140526008095,0.000485,0.00014800000000000002,0.0,0.0,7.859328616378263,8.730806040012682,1.3479859828948975,0.04106784611940384,0.10702639818191528,0.2006978988647461,1.8294556240015414,0.5364173054695129,-10.348805221338164,8.477113626205938,8.544060761595835,True
SLE,Sierra Leone,2001,12.83876263921453,14.663709019406468,-4.7183718541301545,0.00118254244,0.000485,0.0026991522000000003,0.0,7.871195762327405,8.690326899486674,1.360252857208252,0.06391481310129166,0.13114367425441742,0.2251364216208458,2.7014727558382523,0.5364173054695129,1.1867145949142177,8.477113626205938,8.544060761595835,True
SLE,Sierra Leone,2003,4.3149768968103075,5.536359022119811,-4.279747379075616,0.0017619895999999998,0.0016026445,0.013476993999999999,0.0,8.195266680418586,8.6024862891196,1.3885843753814697,0.07541798800230026,0.15870583057403564,0.18035603687167168,4.3566051592675015,0.5362903475761414,19.568329169903542,8.477113626205938,8.544060761595835,True
SLE,Sierra Leone,2004,-1.3359601921195008,1.561044570510238,-7.549447371931528,0.0019017328,0.0017619895999999998,0.021865747,0.0,8.238416449386689,8.559688815328844,1.402970552444458,0.08140288293361664,0.15440919995307922,0.2151729129254818,4.629680809364167,0.5342019200325012,4.3149768968103075,8.477113626205938,8.544060761595835,True
SLE,Sierra Leone,2005,1.5190809959340967,1.5916550442765576,-1.674939783476681,0.0020300768,0.0019017328,,0.0,8.225056847465494,8.484194341609529,1.4175058603286743,0.08011183142662048,0.1438000649213791,0.21270786225795746,4.380948111371974,0.5291576385498047,-1.3359601921195008,8.477113626205938,8.544060761595835,True
SLE,Sierra Leone,2006,2.114045176406343,2.0855899843885823,-1.1822524955935165,0.002154,0.0020300768,,0.0,8.240247657424835,8.467444943774762,1.4321917295455933,0.09651072323322296,0.15183910727500916,0.2500530481338501,3.8206877029361763,0.5311676859855652,1.5190809959340967,8.477113626205938,8.544060761595835,True
SLE,Sierra Leone,2007,6.132943782455769,5.92581435677668,-0.8351901251476335,0.002277,0.002154,,0.0,8.261388109188898,8.455622418818827,1.4467880725860596,0.08959521353244781,0.15843859314918518,0.24158278107643127,3.2005385218309312,0.5321758985519409,2.114045176406343,8.477113626205938,8.544060761595835,True
SLE,Sierra Leone,2008,3.9392960177288217,3.8906123839752116,-0.28663605668626246,0.002398,0.002277,0.13497173,0.0,8.322717547013456,8.44727051756735,1.4615331888198853,0.0835508480668068,0.1302507370710373,0.2319820299744606,2.714402445709019,0.5279452204704285,6.132943782455769,8.477113626205938,8.544060761595835,True
SLE,Sierra Leone,2009,2.1184946965838947,1.7813635966561132,0.27286852056871425,0.0025,0.002398,0.17113615,0.0,8.362110507190744,8.444404157000488,1.4764286279678345,0.08313493430614471,0.133805513381958,0.2286585494875908,2.3752200902549703,0.5272036790847778,3.9392960177288217,8.477113626205938,8.544060761595835,True
SLE,Sierra Leone,2010,3.950938942015547,-4.6480083074778555,12.851726498029059,0.0026,0.0025,0.19155678,0.0,8.383295454156583,8.447132842206175,1.4914759397506714,0.08269351720809937,0.1349751353263855,0.2260560765862465,2.242996189048485,0.5311192870140076,2.1184946965838947,8.477113626205938,8.544060761595835,True
SLE,Sierra Leone,2011,4.999025071257002,-6.268844564472244,16.30120991648134,0.0058,0.0026,0.32140315999999997,0.0,8.422804843576738,8.575650107186465,1.506676435470581,0.2584649622440338,0.13414190709590912,0.28281140327453613,2.2525519787229387,0.5321006774902344,3.950938942015547,8.477113626205938,8.544060761595835,True
SLE,Sierra Leone,2014,3.119566327857015,1.1526275662504832,2.604771608041112,0.04,0.025,0.5957655,0.0,8.777818936013846,8.850795065190114,1.5514777898788452,0.08240967243909836,0.09055710583925247,0.5144751518964767,2.2303620393397505,0.5302587747573853,17.57286850140858,8.477113626205938,8.544060761595835,True
SLE,Sierra Leone,2016,3.611051608839766,3.2178760800288377,0.10245462992699572,0.063444,0.060572999999999995,0.8038189,0.0,8.545115433887434,8.862938696322715,1.582082986831665,0.07529915124177933,0.10207279771566391,0.37392721325159073,2.181569691225649,0.5482286214828491,-26.38991654049825,8.477113626205938,8.544060761595835,True
SLE,Sierra Leone,2017,1.0898125897476518,0.5918878326503383,0.18574321108957292,0.07680100000000001,0.063444,0.8714759,0.0,8.581225949975831,8.863963242621985,1.5976111888885498,0.08596090972423553,0.11689597368240356,0.39002495259046555,2.164386634504112,0.5500332117080688,3.611051608839766,8.477113626205938,8.544060761595835,True
SLE,Sierra Leone,2018,0.7570292976314619,1.8760269837661783,-2.931323495836047,0.092971,0.07680100000000001,0.89778175,0.0,8.592124075873308,8.86582067473288,1.6132919788360596,0.07864290475845337,0.10230210423469543,0.37699755281209946,2.154179702475889,0.5475667119026184,1.0898125897476518,8.477113626205938,8.544060761595835,True
SLE,Sierra Leone,2019,2.839562306679788,3.783138829611219,-2.488951613721646,0.144223,0.092971,0.84123344,0.0,8.599694368849622,8.83650743977452,1.6291264295578003,0.04459336772561073,0.30797117948532104,0.25817496329545975,2.1367027524966,0.5475667119026184,0.7570292976314619,8.477113626205938,8.544060761595835,True
SVK,Slovakia,1996,4.385620361986575,4.600252510126207,0.310172944527487,0.00523,0.00319,0.0023018709,0.0,10.28944928455788,12.393596394228195,3.2238478660583496,0.17630058526992798,0.30615949630737305,0.41376808285713196,0.234188436988636,0.5353536009788513,3.481831573465577,10.451987056903274,10.206933795115937,True
SVK,Slovakia,1997,6.859845518037311,3.878484894328232,4.031215563125201,0.00783,0.00523,0.005348349,0.0,10.333305488177746,12.39669812367347,3.2295522689819336,0.24020841717720032,0.3033478558063507,0.4055359661579132,0.17319291654851465,0.5531101226806641,4.385620361986575,10.451987056903274,10.206933795115937,True
SVK,Slovakia,1998,4.526952313342925,2.1274578568695137,3.6687476054936496,0.011699999999999999,0.00783,0.037298990000000004,0.0,10.40190394335812,12.437010279304722,3.235267162322998,0.24181608855724335,0.2935817539691925,0.5155773013830185,0.11907953825791573,0.5686094164848328,6.859845518037311,10.451987056903274,10.206933795115937,True
SVK,Slovakia,1999,2.516661418071031,0.311959187867783,4.238847820534808,0.0269,0.011699999999999999,0.08664253999999999,0.0,10.447173466491549,12.473697755359659,3.2409915924072266,0.23920494318008423,0.30544695258140564,0.6036450266838074,0.07509416326136886,0.565483570098877,4.526952313342925,10.451987056903274,10.206933795115937,True
SVK,Slovakia,2000,2.969231708050657,2.0282147409255993,2.521656716075782,0.054400000000000004,0.0269,0.12355701,0.0,10.472340080672259,12.516086233565007,3.2467265129089355,0.20765987038612366,0.2918057441711426,0.5684212446212769,0.04547407916914992,0.5476917028427124,2.516661418071031,10.451987056903274,10.206933795115937,True
SVK,Slovakia,2001,2.430308382859714,1.6125783028283491,0.6527867622200034,0.09426804000000001,0.054400000000000004,0.23117773,0.0,10.502032397752766,12.541302800725765,3.252471446990967,0.18623414635658264,0.29589998722076416,0.6561983823776245,0.027841276010476257,0.553124189376831,2.969231708050657,10.451987056903274,10.206933795115937,True
SVK,Slovakia,2002,4.278717020464029,4.170874575321893,1.1566455530942932,0.12528322,0.09426804000000001,0.39917392999999995,0.0,10.526335481581363,12.547830668347965,3.299450159072876,0.2006821483373642,0.2978050112724304,0.7103846967220306,0.014464030380056947,0.5432689189910889,2.430308382859714,10.451987056903274,10.206933795115937,True
SVK,Slovakia,2003,4.216316009237708,5.125236668357413,-0.23779172303015628,0.4014,0.12528322,0.54361336,0.0007592482000000001,10.569122651786003,12.559397123878908,3.3471076488494873,0.19625116884708405,0.30097952485084534,0.7649339735507965,0.0024073819962611154,0.5448970794677734,4.278717020464029,10.451987056903274,10.206933795115937,True
SVK,Slovakia,2004,5.3626159316138455,2.376687399813515,1.35239009993402,0.4304,0.4014,0.6842708000000001,0.0041778612,10.61128581187838,12.557019206648606,3.395453453063965,0.1825430989265442,0.3180775046348572,0.9726760983467102,-0.005333355063075196,0.5341218113899231,4.216316009237708,10.451987056903274,10.206933795115937,True
SVK,Slovakia,2005,4.829713498235932,2.707240732970323,0.376397906093473,0.5289,0.4304,0.7952257500000001,0.014650939,10.664911971194519,12.570543107647946,3.444497585296631,0.22075265645980835,0.2837011516094208,1.159484624862671,-0.008408019329309013,0.5074567794799805,5.3626159316138455,10.451987056903274,10.206933795115937,True
SVK,Slovakia,2006,6.1015984234749965,5.344813581048102,0.1399966792998697,0.5519,0.5289,0.8444544,0.033763864,10.713209106176878,12.574307086708881,3.4942498207092285,0.25345075130462646,0.25937607884407043,1.190345823764801,-0.007723407196968957,0.5166555643081665,4.829713498235932,10.451987056903274,10.206933795115937,True
SVK,Slovakia,2007,8.244322499476198,6.727697798549377,0.5947346308124324,0.5608,0.5519,0.9100562,0.0566531,10.774225090411628,12.57570705350188,3.5176374912261963,0.2621214687824249,0.2630101144313812,1.3938992619514465,-0.0053715461434400424,0.5032549500465393,6.1015984234749965,10.451987056903274,10.206933795115937,True
SVK,Slovakia,2008,2.3257875255746185,1.7738108417310188,-0.5022900723185231,0.618,0.5608,1.1285223,0.10166712,10.85666831540639,12.581654399810004,3.5411813259124756,0.2679142951965332,0.2539137303829193,1.5932565331459045,0.0003519377181460115,0.4981836974620819,8.244322499476198,10.451987056903274,10.206933795115937,True
SVK,Slovakia,2009,-3.533185320504195,-4.827721805710462,3.0783011253900483,0.6605,0.618,1.0261981,0.11241393000000001,10.879926190662136,12.576631499086819,3.564882755279541,0.2821106016635895,0.2616557478904724,1.6870012283325195,0.012576329678659626,0.5038060545921326,2.3257875255746185,10.451987056903274,10.206933795115937,True
SVK,Slovakia,2010,7.265274430975133,4.414635048244595,2.923098143780223,0.7,0.6605,1.0209181999999999,0.14392674,10.844594337457094,12.60741451034072,3.588742971420288,0.20920273661613464,0.27964136004447937,1.40076744556427,0.03299839926600434,0.5365173816680908,-3.533185320504195,10.451987056903274,10.206933795115937,True
SVK,Slovakia,2011,1.0921661149827955,0.733472470891007,0.3053845953456147,0.7570999999999999,0.7,1.09888275,0.16264414,10.917247081766845,12.636645491778522,3.612762928009033,0.22730828821659088,0.2849140763282776,1.4685203433036804,0.05813734662658554,0.5167912840843201,7.265274430975133,10.451987056903274,10.206933795115937,True
SVK,Slovakia,2012,1.8884767680546588,1.0621761065597417,1.2213990104848804,0.7443999499999999,0.7570999999999999,1.10836205,0.17656144999999998,10.928168742916673,12.639699337731978,3.637505531311035,0.24776694178581238,0.2806277573108673,1.6872641444206238,0.08587628037060036,0.5177013874053955,1.0921661149827955,10.451987056903274,10.206933795115937,True
SVK,Slovakia,2013,1.426235975571366,0.5458993966326493,1.9714635536596248,0.7670999000000001,0.7443999499999999,1.1275876599999999,0.19343477,10.94705351059722,12.651913327836827,3.662609577178955,0.21855528652668,0.264862984418869,1.7480945587158203,0.10997960610115154,0.5122863054275513,1.8884767680546588,10.451987056903274,10.206933795115937,True
SVK,Slovakia,2014,1.1742160265949764,1.0612427056857303,-0.1673832784204521,0.778826,0.7670999000000001,1.1474913,0.20498587000000001,10.961315870352934,12.671627963373423,3.688081741333008,0.22452464699745178,0.2693028748035431,1.8613730072975159,0.12616488705368134,0.5184943675994873,1.426235975571366,10.451987056903274,10.206933795115937,True
SVK,Slovakia,2015,2.7146359089313066,1.9418620654429994,0.35152097989854525,0.7998430000000001,0.778826,1.17780685,0.21997515,10.973058030618883,12.669954130589218,3.7139289379119873,0.2438664585351944,0.26314055919647217,1.7184183597564697,0.13046371575542448,0.526757001876831,1.1742160265949764,10.451987056903274,10.206933795115937,True
SVK,Slovakia,2016,-0.23011813183497765,0.004958905490748226,-0.8880445635751855,0.7763468,0.7998430000000001,1.2315886999999999,0.23500859999999998,11.000204389708196,12.673469340388204,3.7401578426361084,0.2652042806148529,0.2689662575721741,1.6195669770240784,0.12532661018067603,0.5332086682319641,2.7146359089313066,10.451987056903274,10.206933795115937,True
SVK,Slovakia,2017,0.8624284072299204,1.4462782983580253,-0.6222167828884295,0.8047586,0.7763468,1.287925,0.24626446000000002,10.997903208389847,12.664588894752452,3.766775608062744,0.2638065814971924,0.2780577540397644,1.6992420554161072,0.1175257871024904,0.5472069382667542,-0.23011813183497765,10.451987056903274,10.206933795115937,True
SVK,Slovakia,2018,1.7557256708823132,1.7211712258807625,-0.4077711636197634,0.8162566,0.8047586,1.3094454999999998,0.2585908,11.006527492462146,12.658366726923568,3.7937896251678467,0.2795701324939728,0.2815301716327667,1.8292496800422668,0.10830216901658307,0.5630612969398499,0.8624284072299204,10.451987056903274,10.206933795115937,True
SVK,Slovakia,2019,1.0945985657487611,0.4836636642979335,0.5368122395452701,0.8044892,0.8162566,1.3304048,0.27695383,11.024084749170969,12.65428901528737,3.821207046508789,0.2857429087162018,0.2795926034450531,1.934941589832306,0.09382700157392065,0.5737650990486145,1.7557256708823132,10.451987056903274,10.206933795115937,True
SVN,Slovenia,1996,5.22076641465592,4.067062905589541,4.128211759238631,0.028999999999999998,0.010700000000000001,0.013711474999999999,0.0,10.600077026702138,12.800659471064652,3.1897902488708496,0.24885566532611847,0.19755619764328003,0.812674343585968,-0.2109137044411291,0.7224214673042297,4.510054463453095,10.555518188920871,10.493625335981308,True
SVN,Slovenia,1997,6.688432337697137,4.685958498166598,4.245650050933492,0.0507,0.028999999999999998,0.020699093,0.0,10.652284690848697,12.841941588657038,3.204533338546753,0.2438308298587799,0.1915806084871292,0.7922183871269226,-0.12895459128484665,0.7020156383514404,5.22076641465592,10.555518188920871,10.493625335981308,True
SVN,Slovenia,1998,3.1180859656334547,0.42057903404672525,2.536654915352088,0.0759,0.0507,0.04704477,0.0,10.719169014225669,12.884398089166373,3.2193446159362793,0.2622990906238556,0.18204039335250854,0.8087017834186554,-0.05583473065211564,0.6753667593002319,6.688432337697137,10.555518188920871,10.493625335981308,True
SVN,Slovenia,1999,3.725619447655859,1.629187609775784,1.6298416396402615,0.10099999999999999,0.0759,0.081279335,0.0,10.750349873882003,12.909764638319894,3.234224557876587,0.2796763777732849,0.17418114840984344,0.9039863646030426,-0.0035221543512209408,0.6649906039237976,3.1180859656334547,10.555518188920871,10.493625335981308,True
SVN,Slovenia,2000,2.318259287678792,1.5819293639402765,1.5580535999436762,0.126,0.10099999999999999,0.31788923,0.0,10.787606068358562,12.926063054716296,3.2491729259490967,0.31187573075294495,0.16474875807762146,0.865412026643753,0.012427619822386049,0.6506311893463135,3.725619447655859,10.555518188920871,10.493625335981308,True
SVN,Slovenia,2001,2.7662027465723327,1.6704063142741976,2.228654858393142,0.1511026,0.126,0.61183372,0.0,10.81078866123535,12.941643590715733,3.264190673828125,0.30753815174102783,0.1731758862733841,0.8908333480358124,0.004276354101895308,0.6592974662780762,2.318259287678792,10.555518188920871,10.493625335981308,True
SVN,Slovenia,2002,2.014284505275299,0.13290002840149195,0.8447653287696255,0.3017591,0.1511026,0.7388554,0.002764265,10.838450688701073,12.963930139299665,3.2708539962768555,0.28728970885276794,0.18098030984401703,0.9320822060108185,-0.012879926400977126,0.6556288003921509,2.7662027465723327,10.555518188920871,10.493625335981308,True
SVN,Slovenia,2003,3.26278279673069,1.6497567650341272,2.716797884621336,0.27838885999999996,0.3017591,0.8371447000000001,0.028487546,10.858593533753826,12.972377792587361,3.2775309085845947,0.27142855525016785,0.18320544064044952,0.9817392826080322,-0.009761674265718057,0.653328537940979,2.014284505275299,10.555518188920871,10.493625335981308,True
SVN,Slovenia,2004,3.908908040743775,2.0654431766632717,2.0932549205578965,0.31854794,0.27838885999999996,0.8728506,0.029105291000000002,10.891221361721133,12.999545771433574,3.284221887588501,0.2897505760192871,0.1771603226661682,1.1032874584197998,0.0299361356294936,0.6413246989250183,3.26278279673069,10.555518188920871,10.493625335981308,True
SVN,Slovenia,2005,4.1461292357208634,4.066136718145259,2.8095051986781527,0.4081,0.31854794,0.9273114,0.057720795000000005,10.93031044212857,13.020478320639153,3.290925979614258,0.33427655696868896,0.178000345826149,1.2496313452720642,0.11865009772866753,0.641414225101471,3.908908040743775,10.555518188920871,10.493625335981308,True
SVN,Slovenia,2006,3.974509122347669,3.6127653369461874,1.1328645220773481,0.4681,0.4081,0.88097534,0.09847695,10.97177173448578,13.048573372625935,3.2976438999176025,0.3456369638442993,0.17511101067066193,1.3078179359436035,0.23858298910385267,0.6451367139816284,4.1461292357208634,10.555518188920871,10.493625335981308,True
SVN,Slovenia,2007,3.140553326250206,2.8397363291891855,-0.41483662818269096,0.5401,0.4681,0.9083716599999999,0.1396895,11.011516825709256,13.059902017846708,3.316124677658081,0.36485472321510315,0.18370530009269714,1.4677724838256836,0.37294228504952676,0.6390855312347412,3.974509122347669,10.555518188920871,10.493625335981308,True
SVN,Slovenia,2008,0.9830717750142881,-0.7559762482499474,0.8766921937892747,0.5674,0.5401,0.95742836,0.17112708999999998,11.042922358971758,13.055753651564881,3.3347091674804688,0.3929648995399475,0.18268834054470062,1.6492518186569214,0.4826455584319489,0.6337889432907104,3.140553326250206,10.555518188920871,10.493625335981308,True
SVN,Slovenia,2009,-5.815895471847199,-7.448638610011979,3.4803415078009436,0.58,0.5674,1.0147224,0.21001291,11.0527530767219,13.064520573502774,3.3533976078033447,0.3872484564781189,0.19036979973316193,1.5767977833747864,0.5419363625571161,0.6449049711227417,0.9830717750142881,10.555518188920871,10.493625335981308,True
SVN,Slovenia,2010,3.4239845954951775,2.208884675004147,2.7282085829504865,0.64,0.58,1.0318465399999999,0.22058765000000002,10.994594122003429,13.099323988580784,3.3721909523010254,0.2808118760585785,0.20881177484989166,1.2976187467575073,0.5300668880030002,0.6648977994918823,-5.815895471847199,10.555518188920871,10.493625335981308,True
SVN,Slovenia,2011,2.369696935400434,1.9604698115028116,1.8944448181219542,0.7,0.64,1.0378252399999999,0.23013020999999997,11.02883396795838,13.126606074410288,3.39108943939209,0.2719897925853729,0.2122059464454651,1.4035959839820862,0.4676324597214787,0.6700290441513062,3.4239845954951775,10.555518188920871,10.493625335981308,True
SVN,Slovenia,2012,-1.831536092013586,-1.6345652536381872,0.8199261130187097,0.6734,0.7,1.0584457999999999,0.24129786,11.052530937312385,13.145550522591508,3.4104909896850586,0.26236528158187866,0.22235876321792603,1.5291696786880493,0.38831453094174684,0.656531810760498,2.369696935400434,10.555518188920871,10.493625335981308,True
SVN,Slovenia,2013,-0.02253172705142248,-1.554619272877146,1.1385440674828828,0.68349976,0.6734,1.09148056,0.24805473,11.03421557639225,13.153749783721695,3.4301388263702393,0.23957693576812744,0.22139902412891388,1.4804391860961914,0.31812268409154854,0.6562913060188293,-1.831536092013586,10.555518188920871,10.493625335981308,True
SVN,Slovenia,2014,2.190930143265568,1.247797582998425,-0.42745330726283726,0.7267560000000001,0.68349976,1.1104491,0.25511114,11.033990259121735,13.165135224396524,3.4500367641448975,0.25837764143943787,0.22083421051502228,1.5159746408462524,0.2565925192565932,0.6422275304794312,-0.02253172705142248,10.555518188920871,10.493625335981308,True
SVN,Slovenia,2015,0.7819866348658167,0.6224274967800009,-1.3542110953167708,0.7158625000000001,0.7267560000000001,1.1301909,0.2700227,11.05589956055439,13.160860691323895,3.470188856124878,0.25180143117904663,0.21645893156528473,1.5331423878669739,0.21197907128135407,0.6349748373031616,2.190930143265568,10.555518188920871,10.493625335981308,True
SVN,Slovenia,2016,1.299358188382982,2.846973805313225,-1.967826166435671,0.7309865999999999,0.7158625000000001,1.1427119399999999,0.27623333,11.063719426903049,13.147318580370728,3.4905993938446045,0.24961130321025848,0.2233746200799942,1.4332624673843384,0.17933228555578884,0.6315654516220093,0.7819866348658167,10.555518188920871,10.493625335981308,True
SVN,Slovenia,2017,1.7046125530191247,3.291107198131061,-2.7348070735575547,0.7549850499999999,0.7309865999999999,1.15736305,0.28588906999999997,11.076713008786879,13.127640318706371,3.5112721920013428,0.24456480145454407,0.22707417607307434,1.438696026802063,0.1452691654556859,0.6380389928817749,1.299358188382982,10.555518188920871,10.493625335981308,True
SVN,Slovenia,2018,1.4636982059489156,2.4871677985548395,-2.249656201091099,0.7888543,0.7549850499999999,1.1846199,0.29180426,11.09375913431707,13.100292247970796,3.5322117805480957,0.2786582112312317,0.2274928241968155,1.609361171722412,0.10523770523830356,0.633978545665741,1.7046125530191247,10.555518188920871,10.493625335981308,True
SVN,Slovenia,2019,1.1495869014508386,1.135672855697171,-1.2477799600961959,0.7974998,0.7888543,1.1915340399999998,0.29608630999999996,11.108396116376559,13.077795685959885,3.553422212600708,0.28571876883506775,0.22144047915935516,1.6316070556640625,0.06947134418069378,0.6366991996765137,1.4636982059489156,10.555518188920871,10.493625335981308,True
SWE,Sweden,1996,2.27619221527835,0.718845313849048,1.2606160546635437,0.051,0.0341,0.22926311,0.0,11.185980749927344,13.1954952563074,3.1585395336151123,0.28662416338920593,0.1771358847618103,0.8779611587524414,0.4330797721814328,0.5182499885559082,2.3449500375287258,10.988081696857316,11.118369479589434,True
SWE,Sweden,1997,4.262658155569099,2.6530788316877665,1.7153925128402747,0.0904,0.051,0.28364939,0.0,11.208742672080128,13.208101416854035,3.163184404373169,0.2763576805591583,0.17111945152282715,0.9117685258388519,0.2573633944463971,0.5320231318473816,2.27619221527835,10.988081696857316,11.118369479589434,True
SWE,Sweden,1998,2.5745513836403333,2.172124853080801,-0.9840164250320527,0.237,0.0904,0.35979190000000005,0.0,11.251369253635819,13.225255341982438,3.1678361892700195,0.26192253828048706,0.17323769629001617,0.8887272477149963,0.10900244783531576,0.5301257371902466,4.262658155569099,10.988081696857316,11.118369479589434,True
SWE,Sweden,1999,2.1444736005848952,1.553216864432394,-1.2762009875114444,0.335,0.237,0.46541748,0.0,11.277114767472222,13.215415177732117,3.172494649887085,0.25959208607673645,0.17703483998775482,0.9300788342952728,0.02249192371857056,0.504790186882019,2.5745513836403333,10.988081696857316,11.118369479589434,True
SWE,Sweden,2000,2.296573801736912,2.8489539341522487,-1.5139443377920614,0.414,0.335,0.5792826,0.0,11.29855950347807,13.202653167857003,3.1771600246429443,0.25621670484542847,0.18860317766666412,0.8195700943470001,0.025383302657244755,0.5079525709152222,2.1444736005848952,10.988081696857316,11.118369479589434,True
SWE,Sweden,2001,-0.5633897353794382,-0.002611104476327175,-1.2374093864879754,0.45687652999999995,0.414,0.7182402999999999,0.028065505,11.32152524149544,13.187513724479082,3.1818320751190186,0.2525610029697418,0.18227694928646088,0.9120016992092133,0.09619967015681574,0.5215964913368225,2.296573801736912,10.988081696857316,11.118369479589434,True
SWE,Sweden,2002,2.2026408383943874,2.2042946009240434,0.5907063445041771,0.5176566300000001,0.45687652999999995,0.8068774999999999,0.06598455,11.315891344141646,13.175139630614202,3.1979312896728516,0.24993865191936493,0.19195428490638733,0.8536808788776398,0.18170438218469975,0.5378326177597046,-0.5633897353794382,10.988081696857316,11.118369479589434,True
SWE,Sweden,2003,2.884758514142405,2.1609792165519224,1.1865366368807528,0.7056999999999999,0.5176566300000001,0.8906396,0.094117155,11.33791775252559,13.181046694059244,3.2141120433807373,0.23403878509998322,0.19953633844852448,0.8949653506278992,0.2572271378354696,0.5375034213066101,2.2026408383943874,10.988081696857316,11.118369479589434,True
SWE,Sweden,2004,4.899946470081495,2.843496066451831,1.388023000013483,0.7913,0.7056999999999999,0.9824265,0.12223123,11.366765337667013,13.192912060428052,3.230374574661255,0.24321408569812775,0.19243620336055756,0.998760998249054,0.3438426507058612,0.533762514591217,2.884758514142405,10.988081696857316,11.118369479589434,True
SWE,Sweden,2005,2.594354928308462,1.63558789209984,0.6217887740838535,0.8389,0.7913,0.97678314,0.15677453,11.415764802367828,13.206792290428186,3.2467191219329834,0.2349759340286255,0.18739566206932068,1.0793307721614838,0.43716269908706806,0.5257301926612854,4.899946470081495,10.988081696857316,11.118369479589434,True
SWE,Sweden,2006,2.6729894105159246,2.3439970357762867,-0.7339836826158574,0.8482999999999999,0.8389,1.00822044,0.27929834,11.441708351650913,13.213010178169025,3.2631468772888184,0.23423942923545837,0.18724648654460907,1.1295214295387268,0.5321246458130702,0.5277303457260132,2.594354928308462,10.988081696857316,11.118369479589434,True
SWE,Sweden,2007,1.0819608086723775,0.3490597689907466,-0.8842118158840506,0.8776,0.8482999999999999,1.0579671,0.27410013,11.468438245756072,13.205670341342866,3.2796573638916016,0.24666190147399902,0.19157302379608154,1.1838231682777405,0.6346056332490857,0.5192832350730896,2.6729894105159246,10.988081696857316,11.118369479589434,True
SWE,Sweden,2008,-1.1629730535691607,-2.417482274669239,0.5455039384058225,0.8201,0.8776,1.1058755,0.30391504,11.479257853842796,13.196828223184026,3.2962515354156494,0.2709817886352539,0.19226358830928802,1.2065182328224182,0.7314082627180252,0.5284140706062317,1.0819608086723775,10.988081696857316,11.118369479589434,True
SWE,Sweden,2009,-2.301913908648423,-3.2976657870461534,2.588967618936522,0.9,0.8201,1.0861288999999998,0.3148443,11.467628123307104,13.202283262568084,3.312929391860962,0.2698088586330414,0.20716099441051483,1.219788908958435,0.7988252073089175,0.5374698042869568,-1.1629730535691607,10.988081696857316,11.118369479589434,True
SWE,Sweden,2010,5.173099872130216,3.815994882019505,0.10121351420853131,0.91,0.9,1.1227328,0.31671957,11.44460898422062,13.22817293875745,3.3296921253204346,0.22900819778442383,0.2235317975282669,0.97651207447052,0.8265384450525382,0.5491797924041748,-2.301913908648423,10.988081696857316,11.118369479589434,True
SWE,Sweden,2011,0.7962994898058184,1.034896649885443,-1.4272698669088868,0.9,0.91,1.1721192999999999,0.31984035,11.496339982941922,13.229185073899535,3.346539258956909,0.2611784338951111,0.20481646060943604,1.1201993823051453,0.824256915773125,0.5320724844932556,5.173099872130216,10.988081696857316,11.118369479589434,True
SWE,Sweden,2012,-1.3862567302142637,-1.2444464258188819,-0.024404274667233494,0.9276999,0.9,1.2121852,0.32039116,11.50430297783998,13.214912375230446,3.3563618659973145,0.26460838317871094,0.2151443362236023,1.176870882511139,0.811824951943807,0.5370020866394043,0.7962994898058184,10.988081696857316,11.118369479589434,True
SWE,Sweden,2013,0.2817686635779637,0.3683827662480224,-0.17404933146707435,0.93179985,0.9276999,1.2446519999999999,0.32282978,11.490440410537838,13.214668332483773,3.366213083267212,0.26876187324523926,0.21699492633342743,1.1120832562446594,0.8006766983812863,0.5544601082801819,-1.3862567302142637,10.988081696857316,11.118369479589434,True
SWE,Sweden,2014,1.4575607074810648,1.1652186340933208,-0.2217626833283859,0.9478360000000001,0.93179985,1.2514159,0.32785538000000003,11.493258097173618,13.212927839169103,3.3760931491851807,0.2712118327617645,0.22993436455726624,1.061178207397461,0.7849805464426485,0.5586293339729309,0.2817686635779637,10.988081696857316,11.118369479589434,True
SWE,Sweden,2015,3.231506344235058,2.694630821534499,0.023648764306116732,0.9252360500000001,0.9478360000000001,1.2698003,0.33841393,11.507833704248428,13.210710212335819,3.386002540588379,0.2776944637298584,0.2400640845298767,1.0370058715343475,0.7676312763437387,0.5543705224990845,1.4575607074810648,10.988081696857316,11.118369479589434,True
SWE,Sweden,2016,0.7465099433247246,-0.05962562284419076,-0.03711783699600346,0.9061020000000001,0.9252360500000001,1.2897446,0.35677807,11.540148767690779,13.21094669997888,3.3959405422210693,0.2826939821243286,0.24627986550331116,0.914101779460907,0.748512482279251,0.54151451587677,3.231506344235058,10.988081696857316,11.118369479589434,True
SWE,Sweden,2017,0.7618419607585025,0.8883839525107808,-0.34721927173926304,0.8965095,0.9061020000000001,1.26401634,0.37082175999999994,11.547613867124026,13.21057552160892,3.4059081077575684,0.2847309410572052,0.2627226710319519,0.9045471847057343,0.7250392037271958,0.5499001741409302,0.7465099433247246,10.988081696857316,11.118369479589434,True
SWE,Sweden,2018,0.817606087066558,0.2631298812530553,0.2422561301846926,0.9300626,0.8965095,1.2447291,0.38326603,11.555232286731611,13.207103328891527,3.4159047603607178,0.3023197054862976,0.2641059458255768,0.9363895654678345,0.6979344322685321,0.5500876307487488,0.7618419607585025,10.988081696857316,11.118369479589434,True
SWE,Sweden,2019,1.1226169372250183,0.7976346076627637,1.0393296057486623,0.8924696,0.9300626,1.2408628,0.38741337000000003,11.563408347602277,13.209525890193374,3.425930976867676,0.3058341145515442,0.26756688952445984,0.9837362468242645,0.6715683009996365,0.5566661953926086,0.817606087066558,10.988081696857316,11.118369479589434,True
SWZ,Eswatini,1996,2.033527991115136,2.0481712813515127,1.3998263243367504,1.0300000000000001e-05,,0.0,0.0,10.023271328527498,11.702157283120052,1.7519387006759644,0.14787207543849945,0.14042294025421143,0.4222607761621475,2.0956241016678394,0.612078845500946,1.8151234547380213,10.37703705100732,10.011814049652518,True
SWZ,Eswatini,1997,1.202036253108929,1.2928160506412878,1.3253633070943849,0.000504,1.0300000000000001e-05,0.0,0.0,10.04360660843865,11.716155546363419,1.738208532333374,0.13108685612678528,0.14433500170707703,0.3772538751363754,1.9940319375551976,0.612078845500946,2.033527991115136,10.37703705100732,10.011814049652518,True
SWZ,Eswatini,1998,1.0544237955505409,0.5912596650411384,2.1761403903296284,0.0008849999999999999,0.000504,0.0,0.0,10.055626970969739,11.729409179434363,1.7245858907699585,0.14642733335494995,0.14299644529819489,0.45381689071655273,1.8773332389277018,0.612078845500946,1.202036253108929,10.37703705100732,10.011814049652518,True
SWZ,Eswatini,1999,1.8026206611224893,3.1129580980557403,-0.45781891430412003,0.000961,0.0008849999999999999,0.004675882,0.0,10.066171208925244,11.75117058333766,1.7110700607299805,0.15950345993041992,0.14443431794643402,0.49741898477077484,1.6973213110739491,0.612078845500946,1.0544237955505409,10.37703705100732,10.011814049652518,True
SWZ,Eswatini,2000,-2.025306272267713,-0.13464509535041636,-1.258013565763605,0.00471,0.000961,0.01374746,0.0,10.084197415536469,11.746592394194618,1.6939207315444946,0.12044737488031387,0.17790216207504272,0.4773845225572586,1.4376957971441648,0.612078845500946,1.8026206611224893,10.37703705100732,10.011814049652518,True
SWZ,Eswatini,2001,0.10597479844207669,2.953406945447129,-0.5507843484952701,0.009261918000000001,0.00471,0.031687686,0.0,10.063944352813792,11.734012258536982,1.6763302087783813,0.1017337217926979,0.13020576536655426,0.5162000507116318,1.1329710001817526,0.612078845500946,-2.025306272267713,10.37703705100732,10.011814049652518,True
SWZ,Eswatini,2002,4.041560283622836,6.37370056078764,-0.08189055071188278,0.012815901000000001,0.009261918000000001,0.05232793,0.0,10.065004100798213,11.72850441505203,1.6440346240997314,0.11930110305547714,0.13523131608963013,0.4732261598110199,0.8096945542144747,0.612078845500946,0.10597479844207669,10.37703705100732,10.011814049652518,True
SWZ,Eswatini,2003,3.7376088950528796,6.211144247844882,-0.16158354627329174,0.018162038000000002,0.012815901000000001,0.06418478999999999,0.0,10.10541970363444,11.72768550954491,1.6123613119125366,0.13140174746513367,0.13485117256641388,0.6403489410877228,0.536242323864101,0.612078845500946,4.041560283622836,10.37703705100732,10.011814049652518,True
SWZ,Eswatini,2004,3.4933279332458156,5.185902626114358,0.3377721463358796,0.02437074,0.018162038000000002,0.07968501,0.0,10.14279579258497,11.726069674082177,1.5812982320785522,0.12791325151920319,0.1619749218225479,0.8378139436244965,0.36662673831687265,0.612078845500946,3.7376088950528796,10.37703705100732,10.011814049652518,True
SWZ,Eswatini,2005,5.867940843189956,7.568746493207285,0.4448786665749438,0.032286851,0.02437074,0.13511512,0.0,10.177729071917428,11.729447395545536,1.5508335828781128,0.1425645649433136,0.194673553109169,0.9462681710720062,0.34005404914965975,0.612078845500946,3.4933279332458156,10.37703705100732,10.011814049652518,True
SWZ,Eswatini,2006,5.202578164399263,4.142455221757662,-0.16497139008091466,0.03697,0.032286851,0.18535303,0.0,10.236408480349327,11.733896182211286,1.5209559202194214,0.1288347989320755,0.17569734156131744,0.6137778162956238,0.41743198836799444,0.612078845500946,5.867940843189956,10.37703705100732,10.011814049652518,True
SWZ,Eswatini,2007,3.7521021244604214,3.175576014422804,-0.1220670290852155,0.036965387,0.03697,0.23053457000000002,0.0,10.28843426199332,11.732246468310477,1.5576432943344116,0.13783815503120422,0.1844485104084015,0.5891348719596863,0.5335162758670621,0.612078845500946,5.202578164399263,10.37703705100732,10.011814049652518,True
SWZ,Eswatini,2008,-1.4287839923630585,-0.8369593727477233,-1.7967797737076907,0.040999999999999995,0.036965387,0.3483985,0.0,10.325955283237924,11.731025798019624,1.5952156782150269,0.13335514068603516,0.17655526101589203,0.4623069018125534,0.6311524436523559,0.612078845500946,3.7521021244604214,10.37703705100732,10.011814049652518,True
SWZ,Eswatini,2009,0.5011693307709564,0.532079058601874,-0.24719307889586872,0.06849999999999999,0.040999999999999995,0.48415202999999996,0.0007030383,10.311667443314294,11.713058000282548,1.6336944103240967,0.14781244099140167,0.19748535752296448,0.20501234382390976,0.6970314425263864,0.612078845500946,-1.4287839923630585,10.37703705100732,10.011814049652518,True
SWZ,Eswatini,2010,2.06527187678045,0.4633235880455132,-0.9214795694539646,0.0894,0.06849999999999999,0.6012127,0.0013608976,10.316679136622003,11.710586069493589,1.6731011867523193,0.1541573703289032,0.20171406865119934,0.20244882255792618,0.7138643932508925,0.612078845500946,0.5011693307709564,10.37703705100732,10.011814049652518,True
SWZ,Eswatini,2011,0.14020821892444246,-1.1216284908792673,-1.865221353157942,0.1104,0.0894,0.6529051,0.003290604,10.337331855389808,11.70137127379905,1.7123980522155762,0.1542065143585205,0.18528585135936737,0.24101357907056808,0.6945310026968139,0.612078845500946,2.06527187678045,10.37703705100732,10.011814049652518,True
SWZ,Eswatini,2012,3.133767588176717,2.2452731968881743,-2.0895961822605003,0.1813,0.1104,0.68573746,0.007178174000000001,10.338733937579052,11.68271906026747,1.7484275102615356,0.1499936431646347,0.17125552892684937,0.1709081493318081,0.6735109952297036,0.612078845500946,0.14020821892444246,10.37703705100732,10.011814049652518,True
SWZ,Eswatini,2013,1.6873187046785532,0.5088514804059169,-1.9029735831542993,0.207818,0.1813,0.7162794499999999,0.0030510837000000002,10.37007161346082,11.661823098444865,1.7871230840682983,0.12966325879096985,0.14788557589054108,0.20011117681860924,0.6744718713031617,0.612078845500946,3.133767588176717,10.37703705100732,10.011814049652518,True
SWZ,Eswatini,2014,-1.5167194275447216,-2.6479828763461213,-2.2058586600339325,0.247,0.207818,0.7902724499999999,0.0037168469999999997,10.386944800507605,11.642793362613322,1.8287273645401,0.12892353534698486,0.1612001657485962,0.6102005243301392,0.6975599014887812,0.612078845500946,1.6873187046785532,10.37703705100732,10.011814049652518,True
SWZ,Eswatini,2015,-0.04890915393129802,-1.5509769924304897,-1.9694660297441047,0.25,0.247,0.8068299,0.0044882554,10.371777606232158,11.620734776012982,1.873510718345642,0.12677940726280212,0.1781054437160492,0.6263490915298462,0.7494551231285895,0.612078845500946,-1.5167194275447216,10.37703705100732,10.011814049652518,True
SWZ,Eswatini,2016,-1.8480884696007394,-2.674428272409992,-2.455641853365087,0.25643,0.25,0.8234068000000001,0.005250203,10.371288514692845,11.601040115715541,1.9217743873596191,0.11872868239879608,0.21185535192489624,0.5839003026485443,0.820808741707467,0.612078845500946,-0.04890915393129802,10.37703705100732,10.011814049652518,True
SWZ,Eswatini,2017,-0.2821519207872214,-1.4312822095015867,-1.8241928279106645,0.2857,0.25643,0.86558846,0.006089567000000001,10.352807629996837,11.57648369718189,1.9738552570343018,0.11364522576332092,0.24291597306728363,0.5965752005577087,0.8974646370086339,0.612078845500946,-1.8480884696007394,10.37703705100732,10.011814049652518,True
SWZ,Eswatini,2018,0.11678527590426313,-2.452563070923851,-0.06835613417166542,0.353316,0.2857,0.8871304000000001,0.013419156000000002,10.349986110788965,11.558241768902784,2.03013014793396,0.1086522713303566,0.26448988914489746,0.6321573257446289,0.9655238795830425,0.612078845500946,-0.2821519207872214,10.37703705100732,10.011814049652518,True
SWZ,Eswatini,2019,-1.161641324075724,-1.5800797013888215,-2.9068792280872557,0.39381,0.353316,0.8920037000000001,0.018710289,10.351153963548008,11.557558207561067,2.0910229682922363,0.1370813548564911,0.24085542559623718,0.6370597183704376,1.015096156656556,0.612078845500946,0.11678527590426313,10.37703705100732,10.011814049652518,True
TGO,Togo,1996,4.113607896764471,3.678228914583154,-3.0372911565601513,0.0,0.0,0.0,0.0,8.12276995726243,9.6644839636854,1.6043294668197632,0.16298151016235352,0.14323166012763977,0.3117021322250366,2.5322109516361158,0.8062014579772949,3.903774894855694,8.211335521693933,8.118568575229709,True
TGO,Togo,1997,0.2533064047979039,0.07398690581399969,-3.547320695414591,0.00010899999999999999,0.0,0.0,0.0,8.163906036230074,9.634111052119799,1.6237468719482422,0.13398884236812592,0.1245930939912796,0.30063799023628235,2.8576318451769334,0.8062014579772949,4.113607896764471,8.211335521693933,8.118568575229709,True
TGO,Togo,1998,-6.094375942583596,-7.172089865688481,-2.4259111927387167,0.00211,0.00010899999999999999,0.0006521431,0.0,8.166439100278053,9.598637845165653,1.6433993577957153,0.11268182098865509,0.10318747162818909,0.26175665110349655,3.1049418450722843,0.8062014579772949,0.2533064047979039,8.211335521693933,8.118568575229709,True
TGO,Togo,1999,-0.9999070048820613,-1.0931118251915117,-3.532568820034321,0.00306,0.00211,0.0015861948,0.0,8.105495340852217,9.574378733238266,1.6632896661758423,0.1606234610080719,0.1416339874267578,0.3499017432332039,3.213450916942917,0.8062014579772949,-6.094375942583596,8.211335521693933,8.118568575229709,True
TGO,Togo,2000,-4.51898963312658,-5.021574692344327,-2.3972856756913075,0.0059,0.00306,0.0034922355,0.0,8.095496270803396,9.539053045037923,1.6834206581115723,0.10565435886383057,0.12463381886482239,0.3050454780459404,3.1449243624295242,0.8062014579772949,-0.9999070048820613,8.211335521693933,8.118568575229709,True
TGO,Togo,2001,-2.179649727987787,-1.204053748401046,-1.6760066209400293,0.008,0.0059,0.009727557,0.0,8.05030637447213,9.51508018828101,1.703795313835144,0.15972943603992462,0.13404904305934906,0.16504843533039093,2.966857997115868,0.8062014579772949,-4.51898963312658,8.211335521693933,8.118568575229709,True
TGO,Togo,2002,0.9531719100261071,1.5659959329057616,-1.3524577385270575,0.009000000000000001,0.008,0.01800135,0.0,8.028509877192253,9.49832012207161,1.7139009237289429,0.16399210691452026,0.1603401005268097,0.19121651351451874,2.7670820980892463,0.8062014579772949,-2.179649727987787,8.211335521693933,8.118568575229709,True
TGO,Togo,2003,3.777917342324244,4.411481849285176,-0.9304834556884245,0.01,0.009000000000000001,0.030506122000000004,0.0,8.038041596292514,9.484795544686339,1.7227330207824707,0.1731981486082077,0.1322028636932373,0.20627695322036743,2.6213834075327958,0.8062014579772949,0.9531719100261071,8.211335521693933,8.118568575229709,True
TGO,Togo,2004,-3.8088292541209157,-3.75486444732433,-1.4621857834759666,0.012,0.01,0.0438771,0.0,8.075820769715756,9.475490710129455,1.731610655784607,0.185213103890419,0.1378518044948578,0.2904946357011795,2.538361743316253,0.8062014579772949,3.777917342324244,8.211335521693933,8.118568575229709,True
TGO,Togo,2005,-7.671395998000108,-7.696588131880172,-1.2101020575531862,0.015,0.012,0.058380504,0.0,8.037732477174547,9.460868852294695,1.7405340671539307,0.19177809357643127,0.14151568710803986,0.2503020092844963,2.53990050841415,0.8062014579772949,-3.8088292541209157,8.211335521693933,8.118568575229709,True
TGO,Togo,2006,-0.30312012657933707,0.052914026705053185,-0.8532791907745363,0.018000000000000002,0.015,0.074193735,0.0,7.961018517194546,9.448767831719163,1.7495033740997314,0.14983636140823364,0.1783813238143921,0.25043337047100067,2.5972888423270613,0.8062014579772949,-7.671395998000108,8.211335521693933,8.118568575229709,True
TGO,Togo,2007,-3.2862105530462316,-2.829801059780268,-0.6195272520454154,0.02,0.018000000000000002,0.11779057,0.0,7.957987315928753,9.440235039811418,1.7528635263442993,0.07783378660678864,0.10242588073015213,0.4578806459903717,2.659433782056575,0.8062014579772949,-0.30312012657933707,8.211335521693933,8.118568575229709,True
TGO,Togo,2008,1.8602535475209514,2.6525229308656417,-0.21152874554424272,0.022000000000000002,0.02,0.19234856,0.00019407453000000002,7.92512521039829,9.434039767290963,1.7562299966812134,0.12271162867546082,0.14738915860652924,0.2407137118279934,2.6959739199710064,0.8062014579772949,-3.2862105530462316,8.211335521693933,8.118568575229709,True
TGO,Togo,2009,3.2741260901503644,4.394949015954452,0.4333251973626773,0.024,0.022000000000000002,0.24330158000000002,0.00030005597,7.9437277458735,9.431924479835521,1.7596030235290527,0.1462000161409378,0.14756207168102264,0.361531063914299,2.7169948885090722,0.8062014579772949,1.8602535475209514,8.211335521693933,8.118568575229709,True
TGO,Togo,2010,3.8265506454894904,2.2447346328129614,0.6965382502725603,0.026000000000000002,0.024,0.33384906999999997,0.0006358494600000001,7.9764690067750035,9.436257731809148,1.7629826068878174,0.1648283153772354,0.13437519967556,0.36708419024944305,2.714801699037328,0.8062014579772949,3.2741260901503644,8.211335521693933,8.118568575229709,True
TGO,Togo,2011,9.061143617957157,6.7997173055060145,2.1766663984340795,0.03,0.026000000000000002,0.38652034999999996,0.0040437633,8.014734513229898,9.443223114311873,1.7663685083389282,0.17399120330810547,0.1535685956478119,0.3353869467973709,2.6964555164907145,0.8062014579772949,3.8265506454894904,8.211335521693933,8.118568575229709,True
TGO,Togo,2012,9.701061084450124,8.677992933031941,2.0862960187631785,0.035,0.03,0.38969783999999996,0.0049214384,8.10534594940947,9.464989778296214,1.7698066234588623,0.20233754813671112,0.19297631084918976,0.3700816184282303,2.677515306951128,0.8062014579772949,9.061143617957157,8.211335521693933,8.118568575229709,True
TGO,Togo,2013,9.332808476025356,7.739692045397161,2.563299304559763,0.04,0.035,0.4664642,0.005843479,8.202356560253971,9.485852738483846,1.7732665538787842,0.16140441596508026,0.1495751440525055,0.3938402682542801,2.6608794895324195,0.8062014579772949,9.701061084450124,8.211335521693933,8.118568575229709,True
TGO,Togo,2014,9.19883166671518,7.592743246881281,3.0508692501708623,0.045,0.04,0.58513855,0.00094915316,8.295684645014225,9.511485731529444,1.776748776435852,0.1884833127260208,0.14816580712795258,0.42241719365119934,2.6357295378457657,0.8062014579772949,9.332808476025356,8.211335521693933,8.118568575229709,True
TGO,Togo,2015,9.083796199657002,7.13129351507924,3.5788953145491575,0.057,0.045,0.6043686,0.0016875322000000001,8.387672961681377,9.541994424031152,1.780253291130066,0.16275440156459808,0.15880656242370605,0.5537058413028717,2.601177173514335,0.8062014579772949,9.19883166671518,8.211335521693933,8.118568575229709,True
TGO,Togo,2016,7.582861921667572,6.518320554084664,2.80962112867158,0.0712,0.057,0.63357464,0.008621991,8.478510923677947,9.577783377176644,1.7837804555892944,0.16878803074359894,0.1665913313627243,0.3237529918551445,2.5609030635097785,0.8062014579772949,9.083796199657002,8.211335521693933,8.118568575229709,True
TGO,Togo,2017,1.493513183017825,1.3712715893943246,0.3508534464678803,0.1131,0.0712,0.70058815,0.0062052949999999996,8.554339542894622,9.60587958846336,1.7873303890228271,0.1576044261455536,0.15986141562461853,0.2895926684141159,2.5187285417869854,0.8062014579772949,7.582861921667572,8.211335521693933,8.118568575229709,True
TGO,Togo,2018,2.0547142780552363,0.9984785285157487,0.6655774712795548,0.12360225,0.1131,0.75335724,0.0062739384,8.5692746747248,9.609388122928038,1.7909032106399536,0.13701505959033966,0.1548789143562317,0.27203279733657837,2.4793186279908674,0.8062014579772949,1.493513183017825,8.211335521693933,8.118568575229709,True
TGO,Togo,2019,2.2837728306676297,2.268629034434998,0.40174058773772003,0.155,0.12360225,0.7439971,0.0031670544,8.589821817505353,9.616043897640834,1.7944990396499634,0.12826533615589142,0.16870008409023285,0.2871370390057564,2.4459045208981234,0.8062014579772949,2.0547142780552363,8.211335521693933,8.118568575229709,True
THA,Thailand,1996,6.244614179423813,2.803183064266052,9.894435787420086,0.0007480000000000001,0.000386,0.021839793,0.0,9.82368630188812,11.68898532447629,2.1412224769592285,0.45438873767852783,0.17516301572322845,0.4470502734184265,1.000502310186402,0.6613681316375732,5.899608655739819,9.551592858252041,9.688298446679116,True
THA,Thailand,1997,-5.626561467649438,-5.372875261100807,1.9107431187640245,0.00115,0.0007480000000000001,0.030635998,0.0,9.886132443682358,11.78792968235049,2.1609134674072266,0.4830763041973114,0.1700904667377472,0.4135406166315079,1.1085833914417087,0.6613681316375732,6.244614179423813,9.551592858252041,9.688298446679116,True
THA,Thailand,1998,-4.83764999292724,-6.85222400603756,2.861146109128576,0.00361,0.00115,0.036136043,0.0,9.829866829005864,11.807037113538131,2.180785655975342,0.39146167039871216,0.18693634867668152,0.4398682713508606,1.1843668599264667,0.6613681316375732,-5.626561467649438,9.551592858252041,9.688298446679116,True
THA,Thailand,1999,4.593636902214193,5.3516818492027385,-0.108375226233548,0.0109,0.00361,0.032017977,0.0,9.781490329076592,11.835648574629417,2.200840473175049,0.23283210396766663,0.22311049699783325,0.43573546409606934,1.2064359933419588,0.6613681316375732,-4.83764999292724,9.551592858252041,9.688298446679116,True
THA,Thailand,2000,1.4701632053569114,1.735437336519352,-2.8809637640748065,0.024300000000000002,0.0109,0.037464792999999996,0.0,9.827426698098733,11.834564822367081,2.2210798263549805,0.22921574115753174,0.21766558289527893,0.4832967221736908,1.151848125342969,0.6613681316375732,4.593636902214193,9.551592858252041,9.688298446679116,True
THA,Thailand,2001,1.4471933455910246,3.642044639431158,-1.8550851344690145,0.036890413999999996,0.024300000000000002,0.04850192,0.0,9.842128330152303,11.805755184726333,2.2415051460266113,0.23787450790405273,0.20970432460308075,0.5690808296203613,1.0444241296301726,0.6613681316375732,1.4701632053569114,9.551592858252041,9.688298446679116,True
THA,Thailand,2002,3.0253388041572293,3.101364761029024,-2.542850702345767,0.05556326,0.036890413999999996,0.11861530999999999,2.5341259999999998e-05,9.856600263608213,11.787204333381643,2.2708401679992676,0.23227638006210327,0.20240673422813416,0.5464743673801422,0.9274245887702648,0.6613681316375732,1.4471933455910246,9.551592858252041,9.688298446679116,True
THA,Thailand,2003,4.624315997201833,4.0566987876011265,-1.2371628750777575,0.075312505,0.05556326,0.27152416,,9.886853651649785,11.761775826358186,2.3005590438842773,0.2307204008102417,0.18744851648807526,0.5208094120025635,0.8305010195710949,0.6613681316375732,3.0253388041572293,9.551592858252041,9.688298446679116,True
THA,Thailand,2004,3.5395795975338373,2.0720361173350743,-0.6666029499026394,0.09299027,0.075312505,0.33324375000000006,0.00017899381,9.933096811621803,11.749404197607408,2.3306665420532227,0.23595324158668518,0.18338976800441742,0.5315145552158356,0.7476055869972242,0.6613681316375732,4.624315997201833,9.551592858252041,9.688298446679116,True
THA,Thailand,2005,2.6463766045859316,1.9088915605416756,1.08094020038898,0.10677303,0.09299027,0.41198936,0.002517492,9.968492607597142,11.742738168108382,2.361168384552002,0.24762673676013947,0.174714595079422,0.5684804320335388,0.6876902822924968,0.6613681316375732,3.5395795975338373,9.551592858252041,9.688298446679116,True
THA,Thailand,2006,3.688407531521243,1.9398767090449271,1.1448836318692202,0.15026005,0.10677303,0.46139698,0.00841437,9.994956373643001,11.753547570112271,2.3920693397521973,0.2747514843940735,0.17497380077838898,0.624627411365509,0.6454821853646209,0.6613681316375732,2.6463766045859316,9.551592858252041,9.688298446679116,True
THA,Thailand,2007,3.707350396127218,1.944788284830215,0.4667228921832134,0.17160714999999999,0.15026005,0.602777,0.01342315,10.031840448958214,11.764996406430964,2.423374652862549,0.24903526902198792,0.16558192670345306,0.6332742273807526,0.6040570845670779,0.6613966226577759,3.688407531521243,9.551592858252041,9.688298446679116,True
THA,Thailand,2008,-0.44487123648089266,-2.183201511293911,-0.25675163645324517,0.2003,0.17160714999999999,0.78945015,0.019274141,10.068913952919486,11.769663635352796,2.455089569091797,0.24195443093776703,0.16710911691188812,0.6254787445068359,0.5599198104040859,0.6705968976020813,3.707350396127218,9.551592858252041,9.688298446679116,True
THA,Thailand,2009,-2.577633155932091,-3.4971703350957366,-1.0140572168040762,0.182,0.2003,0.9144827,0.030653714999999998,10.064465240554677,11.767096118988263,2.48721981048584,0.26193076372146606,0.16379287838935852,0.654026597738266,0.5258228957944588,0.6593159437179565,-0.44487123648089266,9.551592858252041,9.688298446679116,True
THA,Thailand,2010,6.370088987466538,5.189110645936054,0.6655467302572049,0.201,0.182,0.9681631,0.03852373,10.038688908995356,11.756955546820222,2.519770383834839,0.20437893271446228,0.17928718030452728,0.5692940652370453,0.5035400160022796,0.6643279790878296,-2.577633155932091,9.551592858252041,9.688298446679116,True
THA,Thailand,2011,1.0979250230553461,-0.9288286368854981,1.9511758519971778,0.22399999999999998,0.201,1.0458862,0.047417283000000005,10.102389798870021,11.763611014122795,2.5527467727661133,0.24753256142139435,0.17241045832633972,0.6385127604007721,0.48960925720118453,0.6646090745925903,6.370088987466538,9.551592858252041,9.688298446679116,True
THA,Thailand,2012,6.032663786368886,5.671613029575967,1.266264845082965,0.23669926,0.22399999999999998,1.1223319999999999,0.05644338,10.113369049100575,11.783122772642766,2.579838275909424,0.2525562644004822,0.17167721688747406,0.6975262463092804,0.4800718898509082,0.6557691693305969,1.0979250230553461,9.551592858252041,9.688298446679116,True
THA,Thailand,2013,2.987812319481442,2.2521267537566088,2.1784251218605277,0.2646,0.23669926,1.2243199,0.06508142,10.173695686964264,11.795785421093596,2.6052534580230713,0.24678324162960052,0.18586517870426178,0.6711719930171967,0.46924917113377873,0.6461538076400757,6.032663786368886,9.551592858252041,9.688298446679116,True
THA,Thailand,2014,1.332525025176956,0.4466654585009347,1.7724770499798481,0.2894,0.2646,1.3436731,0.07433591,10.203573810159078,11.817569672312201,2.6313772201538086,0.2409706711769104,0.18529075384140015,0.6480466723442078,0.4538247395166728,0.6525974869728088,2.987812319481442,9.551592858252041,9.688298446679116,True
THA,Thailand,2015,3.2517845508628795,3.462084552915025,1.6918048867138324,0.34886055,0.2894,1.3828114,0.07747481299999999,10.216899060410848,11.835294442812,2.658234119415283,0.21397897601127625,0.1941867470741272,0.6206524074077606,0.4308411536154466,0.6574923992156982,1.332525025176956,9.551592858252041,9.688298446679116,True
THA,Thailand,2016,4.197627965481843,1.7928505292586314,2.439643015975257,0.39316128,0.34886055,1.4593257,0.08830351,10.249416905919476,11.852212491679138,2.685849905014038,0.20310601592063904,0.19489720463752747,0.6145787537097931,0.40212733935725,0.6574745774269104,3.2517845508628795,9.551592858252041,9.688298446679116,True
THA,Thailand,2017,4.59166887250646,6.261966325023409,2.1294850142743016,0.47504967,0.39316128,1.6888127,0.101877165,10.291393185574295,11.87660892183889,2.7142508029937744,0.19180308282375336,0.19147765636444092,0.5854984819889069,0.37301923993089403,0.6438356637954712,4.197627965481843,9.551592858252041,9.688298446679116,True
THA,Thailand,2018,2.929499617742337,1.8093417220258947,0.4620222482214942,0.5289193,0.47504967,1.707837,0.11534539,10.33730987429936,11.897903771981634,2.743464708328247,0.20885737240314484,0.1810944825410843,0.5863721370697021,0.34520235513175734,0.6372031569480896,4.59166887250646,9.551592858252041,9.688298446679116,True
THA,Thailand,2019,3.0098094071719927,1.249234437467064,2.224961218699484,0.56817482,0.5289193,1.7526599999999999,0.12874061,10.366604870476783,11.902523994463849,2.7735207080841064,0.21492888033390045,0.18232402205467224,0.6156744062900543,0.31541535004295795,0.6372031569480896,2.929499617742337,9.551592858252041,9.688298446679116,True
TJK,Tajikistan,2000,7.812807493091434,9.578585625894531,-2.6535211928358393,0.000328,,0.00010097639999999999,0.0,8.59209353686779,12.525746251251835,3.13987398147583,0.07763827592134476,0.3853975236415863,0.13086650893092155,1.5192953434070677,0.5371618270874023,7.557503720443215,9.05699557776219,8.971677098948922,True
TJK,Tajikistan,2001,4.579532090314586,9.294979602738373,-6.748390358620249,0.00048599593000000005,0.000328,0.0001845742,0.0,8.670221611798704,12.499211039323477,3.1636199951171875,0.04609144479036331,0.28709250688552856,0.3988177478313446,1.5674767157366265,0.5371618270874023,7.812807493091434,9.05699557776219,8.971677098948922,True
TJK,Tajikistan,2002,8.81475439174455,11.998146569940005,-3.704904704024692,0.00051259134,0.00048599593000000005,0.00025439426,0.0,8.71601693270185,12.431727135737274,3.164700508117676,0.06108779087662697,0.2572069466114044,0.19197427481412888,1.6302425674290077,0.518258273601532,4.579532090314586,9.05699557776219,8.971677098948922,True
TJK,Tajikistan,2003,9.05533478148417,12.068415431715064,-3.489401358904942,0.00055462826,0.00051259134,0.002020923,0.0,8.804164476619295,12.394678088697027,3.165781259536743,0.06220792233943939,0.21114033460617065,0.21217310428619385,1.7003276562790992,0.47385460138320923,8.81475439174455,9.05699557776219,8.971677098948922,True
TJK,Tajikistan,2004,-0.4476452239165596,7.670091670284728,-12.21243106158294,0.0006458378,0.00055462826,0.00715123,1.5018228e-06,8.894717824434137,12.359784075107978,3.1668624877929688,0.0638754665851593,0.1643666923046112,0.23421473801136017,1.7686509611795964,0.42577940225601196,9.05533478148417,9.05699557776219,8.971677098948922,True
TJK,Tajikistan,2005,5.3433018833340284,7.891656020728832,-2.9972417817150543,0.0007747991,0.0006458378,0.019880579,,8.890241372194971,12.237659764492149,3.1679439544677734,0.05484921112656593,0.13544456660747528,0.22928976267576218,1.830444710100565,0.3664452135562897,-0.4476452239165596,9.05699557776219,8.971677098948922,True
TJK,Tajikistan,2006,5.4254423953862485,7.6666424305764425,-2.690746400767452,0.0029869002,0.0007747991,0.038268695,,8.943674391028312,12.207687346674998,3.1690261363983154,0.054104700684547424,0.120368592441082,0.26165537536144257,1.887280762985255,0.39641761779785156,5.3433018833340284,9.05699557776219,8.971677098948922,True
TJK,Tajikistan,2007,6.470272026952273,8.754697244561294,-2.6084082996685964,0.037724060000000004,0.0029869002,0.3046376,,8.997928814982174,12.180779882667323,3.158856153488159,0.056675683706998825,0.12096614390611649,0.2826281115412712,1.9438607127711727,0.391745388507843,5.4254423953862485,9.05699557776219,8.971677098948922,True
TJK,Tajikistan,2008,6.768442384673179,9.135919438951811,-2.0750990420420834,0.071976194,0.037724060000000004,0.29644545,0.0005066386199999999,9.062631535251697,12.154695799670638,3.1487185955047607,0.06435323506593704,0.1301955133676529,0.31308703124523163,2.003390646032388,0.3748670220375061,6.470272026952273,9.05699557776219,8.971677098948922,True
TJK,Tajikistan,2009,1.320369844514424,5.445825792439962,-4.203433927275313,0.08779999999999999,0.071976194,0.5005885,0.00049847357,9.130315959098429,12.133944809250217,3.1386139392852783,0.07338886708021164,0.1440083086490631,0.3421607166528702,2.0635792353556726,0.36417776346206665,6.768442384673179,9.05699557776219,8.971677098948922,True
TJK,Tajikistan,2010,4.977662696723506,7.324423593507001,-2.8617022998918884,0.1007,0.08779999999999999,0.6541855,0.0005874319,9.143519657543573,12.091910469977464,3.1285414695739746,0.06663990765810013,0.18410515785217285,0.2818321958184242,2.1246269841031173,0.3624730110168457,1.320369844514424,9.05699557776219,8.971677098948922,True
TJK,Tajikistan,2011,1.2832211790042791,3.024681286052522,-2.507511797379891,0.1155,0.1007,0.7763634,0.0006142071999999999,9.193296284510808,12.063293446978545,3.1185014247894287,0.0745389461517334,0.19517168402671814,0.29767803847789764,2.184338722127732,0.3796645402908325,4.977662696723506,9.05699557776219,8.971677098948922,True
TJK,Tajikistan,2012,4.937341897751502,7.727028273513681,-3.9387113389860673,0.1303,0.1155,0.80820114,0.0006415511999999999,9.20612849630085,12.038218329004746,3.108621597290039,0.10015816986560822,0.248334139585495,0.2978890612721443,2.2348000364594167,0.428149938583374,1.2832211790042791,9.05699557776219,8.971677098948922,True
TJK,Tajikistan,2013,5.999348063816612,7.859341379625196,-2.6008035424098352,0.1451,0.1303,0.8145659999999999,0.0006738137499999999,9.255501915278366,11.998831215614885,3.0988149642944336,0.07497375458478928,0.2233825922012329,0.2682969346642494,2.2775332172474183,0.4277363419532776,4.937341897751502,9.05699557776219,8.971677098948922,True
TJK,Tajikistan,2014,5.099973524948709,6.879884012417606,-2.6160664547003165,0.16,0.1451,0.91728775,0.0007058774,9.315495395916532,11.972823180190787,3.089081048965454,0.08760350942611694,0.21045871078968048,0.2773098386824131,2.321266394696142,0.41325509548187256,5.999348063816612,9.05699557776219,8.971677098948922,True
TJK,Tajikistan,2015,2.78013715587484,4.894261367152556,-4.0002137245460645,0.17489999999999997,0.16,0.9493858000000001,0.0007239882,9.366495131166019,11.946662515643784,3.0794193744659424,0.10688915848731995,0.27650806307792664,0.20320400223135948,2.3671639281576784,0.46345847845077515,5.099973524948709,9.05699557776219,8.971677098948922,True
TJK,Tajikistan,2016,5.742398158553819,6.511104285610781,-1.7075219428370758,0.1898,0.17489999999999997,0.98208664,0.0006941359499999999,9.394296502724767,11.906660378398323,3.069828987121582,0.12228980660438538,0.23446090519428253,0.2590837851166725,2.4086478840971814,0.4442666471004486,2.78013715587484,9.05699557776219,8.971677098948922,True
TJK,Tajikistan,2017,10.221968560173345,11.483727657726567,-2.4379148775160786,0.2047,0.1898,1.0602742,0.0006767708,9.451720484310306,11.889585158969952,3.060309410095215,0.13482511043548584,0.22288572788238525,0.21765203401446342,2.4484902462893032,0.4442666471004486,5.742398158553819,9.05699557776219,8.971677098948922,True
TJK,Tajikistan,2018,3.894268867115791,5.325027893362162,-3.455415303618281,0.21960000000000002,0.2047,1.0900351000000001,0.0006603605,9.553940169912039,11.865206010194791,3.0508599281311035,0.11555294692516327,0.3000412881374359,0.20282221212983131,2.4703820085203,0.4442666471004486,10.221968560173345,9.05699557776219,8.971677098948922,True
TJK,Tajikistan,2019,4.14453118466902,5.4483045948527185,-3.345469243238597,0.326,0.21960000000000002,1.0744216,,9.592882858583197,11.830651857158609,3.0414795875549316,0.1383741796016693,0.3383355438709259,0.2215922400355339,2.4534430826186338,0.4442666471004486,3.894268867115791,9.05699557776219,8.971677098948922,True
TTO,Trinidad and Tobago,1996,3.9286495244487796,3.529644741183011,-2.2610647787214333,0.00158,,0.0048576947999999995,0.0,10.440839937656488,11.1545684603801,2.6562445163726807,0.13904869556427002,0.22036613523960114,0.8177649080753326,0.3738441559453465,0.49473100900650024,0.10284280396728462,10.371376460869325,10.445366865284276,True
TTO,Trinidad and Tobago,1997,3.9589410757425725,2.329503021647719,-0.8928935511733016,0.00393,0.00158,0.007258834,0.0,10.480126432900976,11.131957812592885,2.6788482666015625,0.1438707858324051,0.22566887736320496,0.8635023236274719,0.26666693085944104,0.4951193630695343,3.9286495244487796,10.371376460869325,10.445366865284276,True
TTO,Trinidad and Tobago,1998,3.6870487679893316,3.6476106433298545,-2.0134977075805693,0.011699999999999999,0.00393,0.013002864999999999,0.0,10.519715843658402,11.123028877081152,2.7016444206237793,0.20489788055419922,0.229304701089859,1.0593904554843903,0.18264903303965296,0.47667866945266724,3.9589410757425725,10.371376460869325,10.445366865284276,True
TTO,Trinidad and Tobago,1999,5.591540921322746,6.412510328597038,-1.890394022451325,0.027200000000000002,0.011699999999999999,0.019890789,0.0,10.556586331338295,11.102893900005347,2.7246344089508057,0.215288907289505,0.220809206366539,1.103573977947235,0.1464976270743129,0.4841307997703552,3.6870487679893316,10.371376460869325,10.445366865284276,True
TTO,Trinidad and Tobago,2000,3.9139573616012058,4.722642411395704,-3.0739776558904808,0.0581,0.027200000000000002,0.029131269999999997,0.0,10.612501740551522,11.083989959780833,2.7478199005126953,0.13167686760425568,0.1934281438589096,0.9698218703269958,0.17722329541491888,0.47216108441352844,5.591540921322746,10.371376460869325,10.445366865284276,True
TTO,Trinidad and Tobago,2001,1.925937193274585,1.7710055429272535,-0.17386482517789403,0.077214117,0.0581,0.12264220999999999,0.0,10.651641314167534,11.053250183221929,2.77120304107666,0.10585810989141464,0.1539357751607895,1.0605766773223877,0.2544363753055112,0.40926018357276917,3.9139573616012058,10.371376460869325,10.445366865284276,True
TTO,Trinidad and Tobago,2002,5.5336716320649515,7.401601088044648,-1.0747873972258404,0.15384627,0.077214117,0.19320485999999998,0.0,10.67090068610028,11.05151153497015,2.794570207595825,0.1761125922203064,0.17546863853931427,1.2430894374847412,0.3528463140424154,0.4208774268627167,1.925937193274585,10.371376460869325,10.445366865284276,True
TTO,Trinidad and Tobago,2003,11.770470608775518,10.530513634727612,2.597282177916327,0.21998676,0.15384627,0.19727465,0.00013213104,10.72623740242093,11.040763660997891,2.818134307861328,0.15456055104732513,0.16477921605110168,1.1391587853431702,0.43792454380458534,0.41952669620513916,5.5336716320649515,10.371376460869325,10.445366865284276,True
TTO,Trinidad and Tobago,2004,2.5046261652944324,3.7605358556593584,-2.064692195310691,0.25971764,0.21998676,0.25125101,0.00066033766,10.843942108508685,11.066736482777054,2.8418972492218018,0.20027314126491547,0.1325039118528366,0.9938697516918182,0.4956328006464117,0.3633067011833191,11.770470608775518,10.371376460869325,10.445366865284276,True
TTO,Trinidad and Tobago,2005,3.9652350286417004,0.7216027192244623,4.496735728560708,0.27024271,0.25971764,0.48401863,0.003146323,10.86898837016163,11.046089560823948,2.8658604621887207,0.1689128875732422,0.13321195542812347,0.9967736005783081,0.5100874336722627,0.3401832580566406,2.5046261652944324,10.371376460869325,10.445366865284276,True
TTO,Trinidad and Tobago,2006,10.572758188435039,10.079515261777383,0.5596268568409002,0.289767,0.27024271,0.6834887000000001,0.007990184000000001,10.908640720448046,11.091056918109555,2.8900256156921387,0.23525916039943695,0.1251061111688614,1.1078538000583649,0.49323059447456963,0.3151501417160034,3.9652350286417004,10.371376460869325,10.445366865284276,True
TTO,Trinidad and Tobago,2007,4.10133942513724,2.9311140709144645,1.7605910484904896,0.300037,0.289767,1.11783485,0.015171142,11.014368302332397,11.096653186677964,2.9131431579589844,0.1338156908750534,0.11227108538150787,1.1917943060398102,0.4662457952064991,0.2886837422847748,10.572758188435039,10.371376460869325,10.445366865284276,True
TTO,Trinidad and Tobago,2008,1.682010493133923,1.7977467748412745,0.3556311780597454,0.32299999999999995,0.300037,1.1057751500000002,0.025993555,11.055381696583769,11.114259097162869,2.936445713043213,0.12365633249282837,0.11073806881904602,1.0603244304656982,0.45116682657783125,0.2907157838344574,4.10133942513724,10.371376460869325,10.445366865284276,True
TTO,Trinidad and Tobago,2009,-2.939618820277623,-6.5368616016639685,5.594625954543275,0.348,0.32299999999999995,1.3163335,0.062275343000000004,11.072201801515108,11.117815408943466,2.9599344730377197,0.11886821687221527,0.09706029295921326,1.1668709814548492,0.4569006924405872,0.2677292823791504,1.682010493133923,10.371376460869325,10.445366865284276,True
TTO,Trinidad and Tobago,2010,4.310833628894706,0.7960480755929533,4.866096141061682,0.44299999999999995,0.348,1.3388470000000001,0.09430872000000001,11.042805613312332,11.173761668488899,2.9836111068725586,0.2251874804496765,0.16122354567050934,0.8753208518028259,0.49230322248162706,0.33823204040527344,-2.939618820277623,10.371376460869325,10.445366865284276,True
TTO,Trinidad and Tobago,2011,-4.629295865775873,-4.4591570252031145,-0.883784928122644,0.485,0.44299999999999995,1.3660508999999998,0.11744097999999999,11.085913949601279,11.222422629899516,3.007477283477783,0.2149990200996399,0.13726040720939636,0.839977353811264,0.5448703722144066,0.33823204040527344,4.310833628894706,10.371376460869325,10.445366865284276,True
TTO,Trinidad and Tobago,2012,-0.733686567852132,-2.9478164779027427,2.8179034375170886,0.552,0.485,1.3091199,0.12352695000000001,11.03962099094352,11.21358478061829,3.016028642654419,0.20077025890350342,0.12329847365617752,1.114651769399643,0.6028562073255417,0.33823204040527344,-4.629295865775873,10.371376460869325,10.445366865284276,True
TTO,Trinidad and Tobago,2013,1.274135246376673,-5.5244334275753815,9.19721198642911,0.575,0.552,1.3418371999999998,0.14347393,11.032284125264999,11.24176381499346,3.024604558944702,0.19401352107524872,0.12411608546972275,1.1674363017082214,0.6446131734816896,0.33823204040527344,-0.733686567852132,10.371376460869325,10.445366865284276,True
TTO,Trinidad and Tobago,2014,-2.5950168786989636,-9.431380814385617,9.423952118405765,0.599,0.575,1.3760442,0.15042476999999999,11.045025477728766,11.333735934857751,3.0332045555114746,0.17782177031040192,0.10930673778057098,1.1687167882919312,0.6584368848075894,0.33823204040527344,1.274135246376673,10.371376460869325,10.445366865284276,True
TTO,Trinidad and Tobago,2015,3.6311011106080926,-4.140096190827258,10.89874903725132,0.624,0.599,1.3936548,0.17458488,11.019075308941776,11.427975456041809,3.0418291091918945,0.17889560759067535,0.10926752537488937,1.0631445348262787,0.6363679260563637,0.33823204040527344,-2.5950168786989636,10.371376460869325,10.445366865284276,True
TTO,Trinidad and Tobago,2016,-4.147296900080377,-11.207657540230107,10.267285763903367,0.6509999999999999,0.624,1.4857205,0.19488129,11.055386320047857,11.536962946414322,3.050478219985962,0.2046428620815277,0.12603697180747986,0.999492347240448,0.5842647626931263,0.33823204040527344,3.6311011106080926,10.371376460869325,10.445366865284276,True
TTO,Trinidad and Tobago,2017,-3.194494335970788,-7.736156594047393,6.656048106379764,0.6779999999999999,0.6509999999999999,1.5071732,0.17785273000000001,11.013913351047053,11.639635804053356,3.0591518878936768,0.20016752183437347,0.14926199615001678,0.9429342150688171,0.5263691022153683,0.33823204040527344,-4.147296900080377,10.371376460869325,10.445366865284276,True
TTO,Trinidad and Tobago,2018,-0.130879260989758,-2.557500300349055,3.387754530076137,0.706,0.6779999999999999,1.4050313,0.22610171999999998,10.981968407687345,11.706196285117153,3.067850112915039,0.15442010760307312,0.13322722911834717,0.9518031179904938,0.4706668079515641,0.33823204040527344,-3.194494335970788,10.371376460869325,10.445366865284276,True
TTO,Trinidad and Tobago,2019,-0.9635059539265356,-2.0727439612268284,2.040140549244285,0.727603,0.706,1.3414286999999998,0.23270712,10.980659615077448,11.740073830417915,3.076573133468628,0.10625085234642029,0.13640239834785461,0.932521641254425,0.4170304778375433,0.33823204040527344,-0.130879260989758,10.371376460869325,10.445366865284276,True
TUN,Tunisia,1996,3.844527779191509,3.2080452476933115,-0.8358168854414316,0.000112,7.38e-05,0.00034269046,0.0,9.958176565529273,11.195423745407266,1.7322471141815186,0.1515330970287323,0.13395828008651733,0.3605940490961075,1.7408195866682075,0.5184571743011475,-1.031996883654962,10.140806572624484,9.960112801341563,True
TUN,Tunisia,1997,2.361663283337201,1.4696438548944257,-0.34927157956659016,0.000276,0.000112,0.0006892493,0.0,9.996621843321188,11.187065576552852,1.7593605518341064,0.17681723833084106,0.11290536820888519,0.3125101327896118,1.543487630349727,0.5254539847373962,3.844527779191509,10.140806572624484,9.960112801341563,True
TUN,Tunisia,1998,2.4213590165164334,1.0189175027967623,0.33698405361040074,0.00043700000000000005,0.000276,0.0008010087,0.0,10.02023847615456,11.183572860757186,1.7868982553482056,0.18734042346477509,0.12246737629175186,0.33051545917987823,1.3694333590739127,0.5293548703193665,2.361663283337201,10.140806572624484,9.960112801341563,True
TUN,Tunisia,1999,3.640384482773662,2.039435359462617,0.8661496140366154,0.00108,0.00043700000000000005,0.0040299064,0.0,10.044452066319725,11.18694270129329,1.8148671388626099,0.18520081043243408,0.13304738700389862,0.36288870871067047,1.2138114790901877,0.5240082740783691,2.4213590165164334,10.140806572624484,9.960112801341563,True
TUN,Tunisia,2000,2.1352113844937293,0.4518288690576744,1.0081970499371096,0.016,0.00108,0.0056454456,0.0,10.080855911147461,11.195604197433656,1.843273639678955,0.1729711890220642,0.1390315443277359,0.37064550817012787,1.0848674741621878,0.5207441449165344,3.640384482773662,10.140806572624484,9.960112801341563,True
TUN,Tunisia,2001,1.5551598451526871,0.35637873040599843,1.1961895679556633,0.027507403,0.016,0.012203358,0.0,10.102208024992398,11.205686167933028,1.8721247911453247,0.19017331302165985,0.15001267194747925,0.388964906334877,0.9808825571976598,0.513467013835907,2.1352113844937293,10.140806572624484,9.960112801341563,True
TUN,Tunisia,2002,0.03121536517394219,-1.3566966621912813,1.6474334259758194,0.042979659999999996,0.027507403,0.039434726,0.0,10.117759623443925,11.217648063612584,1.9044214487075806,0.2079700082540512,0.1525905430316925,0.4347042888402939,0.8773709253730555,0.5109224319458008,1.5551598451526871,10.140806572624484,9.960112801341563,True
TUN,Tunisia,2003,3.1378827167310774,2.0861667011568974,1.1218018080597858,0.052528872,0.042979659999999996,0.057597466,2.6074273e-06,10.118071777095665,11.234122397872342,1.9372752904891968,0.2105707824230194,0.1630975306034088,0.4379550516605377,0.7866543925731939,0.5051267743110657,0.03121536517394219,10.140806572624484,9.960112801341563,True
TUN,Tunisia,2004,4.353227193892728,3.1624300339505926,0.7758797945953688,0.064908457,0.052528872,0.19038920999999998,2.5715793000000003e-05,10.149450604262976,11.24534041595294,1.9706957340240479,0.20765896141529083,0.17843616008758545,0.4630378633737564,0.7471171976660251,0.5128044486045837,3.1378827167310774,10.140806572624484,9.960112801341563,True
TUN,Tunisia,2005,1.35655194099229,0.4327625719769818,0.41900480353387337,0.08528817999999999,0.064908457,0.3674636,0.00027925974,10.192982876201903,11.253099213898894,2.004693031311035,0.2085139900445938,0.18548963963985443,0.4969368726015091,0.7712550238749394,0.5087077021598816,4.353227193892728,10.140806572624484,9.960112801341563,True
TUN,Tunisia,2006,2.421597933523323,1.4004950226018724,0.23295566075258733,0.096551,0.08528817999999999,0.55392147,0.0017135243,10.206548395611826,11.257289261934233,2.039276599884033,0.2056465893983841,0.18594886362552643,0.4924953728914261,0.8395279922423615,0.4953667223453522,1.35655194099229,10.140806572624484,9.960112801341563,True
TUN,Tunisia,2007,4.8135238786477075,3.194179370530252,1.43218761847681,0.129864,0.096551,0.7093326999999999,0.0042377019999999994,10.230764374947059,11.259618818541759,2.073808431625366,0.218973308801651,0.1939726173877716,0.5087819993495941,0.930113754402262,0.48851653933525085,2.421597933523323,10.140806572624484,9.960112801341563,True
TUN,Tunisia,2008,2.587382671859295,1.3786627233341766,1.6634458021268728,0.171,0.129864,0.7510863000000001,0.009185859,10.278899613733536,11.273940694726527,2.1089253425598145,0.22504037618637085,0.1964961290359497,0.5635132044553757,1.009589213868134,0.4854644238948822,4.8135238786477075,10.140806572624484,9.960112801341563,True
TUN,Tunisia,2009,2.0273935617955985,0.9474577938690637,2.256936834300305,0.2753,0.171,0.8159406,0.021562730999999998,10.304773440452129,11.290575152747795,2.144636631011963,0.23674406111240387,0.2013109028339386,0.6228390634059906,1.0590007565993709,0.472195565700531,2.587382671859295,10.140806572624484,9.960112801341563,True
TUN,Tunisia,2010,1.5170885079495378,-0.4607966691030682,1.3401260689315464,0.3407,0.2753,0.9198497,0.035010626,10.325047376070085,11.313144521090798,2.180952787399292,0.24681580066680908,0.2066783457994461,0.4795806109905243,1.0626683116422786,0.4865924119949341,2.0273935617955985,10.140806572624484,9.960112801341563,True
TUN,Tunisia,2011,3.0911961203356597,-1.9679437167172447,7.0922178739053265,0.368,0.3407,1.03234505,0.044789605,10.34021826114958,11.326545781780114,2.217883825302124,0.2665644884109497,0.20982550084590912,0.5211830586194992,1.0354075864481338,0.47887396812438965,1.5170885079495378,10.140806572624484,9.960112801341563,True
TUN,Tunisia,2012,1.2691456258675515,0.14914051254019678,-0.3756579479809119,0.391,0.368,1.13794014,0.051383080000000005,10.371130222352937,11.397467960519167,2.273303270339966,0.23408149182796478,0.23640157282352448,0.5469402968883514,0.9976728815416447,0.5016765594482422,3.0911961203356597,10.140806572624484,9.960112801341563,True
TUN,Tunisia,2013,1.3353812281870603,-0.4054037378749882,0.7542342704264016,0.414416,0.391,1.1666032,0.04789509,10.383821678611612,11.393711381039358,2.3301072120666504,0.224631667137146,0.21469585597515106,0.5440076589584351,0.9738608124049364,0.5016765594482422,1.2691456258675515,10.140806572624484,9.960112801341563,True
TUN,Tunisia,2014,1.7756299400350173,0.12444866084414981,0.8250883340021886,0.43799999999999994,0.414416,1.1410065,0.046671495,10.397175490893483,11.401253723743622,2.3883309364318848,0.19295285642147064,0.21787552535533905,0.5466809868812561,0.9720189230575826,0.5016765594482422,1.3353812281870603,10.140806572624484,9.960112801341563,True
TUN,Tunisia,2015,0.8158972021556465,-1.3116314537766613,1.4465739974745873,0.46159999999999995,0.43799999999999994,1.2669211,0.05033923,10.414931790293833,11.409504607083644,2.4480092525482178,0.18178978562355042,0.2125454545021057,0.4843231588602066,1.0015457886650037,0.5016765594482422,1.7756299400350173,10.140806572624484,9.960112801341563,True
TUN,Tunisia,2016,1.1117367501327635,-0.6992679793874571,1.6782624555718328,0.46499996000000005,0.46159999999999995,1.2800858,0.050338864000000004,10.42309076231539,11.42397034705839,2.509178876876831,0.14183583855628967,0.21539540588855743,0.4920407831668854,1.049753044112789,0.5016765594482422,0.8158972021556465,10.140806572624484,9.960112801341563,True
TUN,Tunisia,2017,1.1329577600905694,-0.07570499818509105,0.984859322849907,0.49599995,0.46499996000000005,1.2388309499999999,0.055536914,10.434208129816717,11.440752971614108,2.567984104156494,0.11423046886920929,0.21456100046634674,0.46535712480545044,1.1029873836869264,0.5016765594482422,1.1117367501327635,10.140806572624484,9.960112801341563,True
TUN,Tunisia,2018,2.1148594182099245,0.07889733847454293,1.2490587210066906,0.55500156,0.49599995,1.2303406,0.068819804,10.445537707417623,11.450601564842607,2.6110117435455322,0.10877388715744019,0.21086694300174713,0.471817210316658,1.1390877458452575,0.5016765594482422,1.1329577600905694,10.140806572624484,9.960112801341563,True
TUN,Tunisia,2019,-0.08721847052637344,-1.2872679755123198,0.5289700941006004,0.6419081,0.55500156,1.2553292999999999,0.08618502,10.466686301599722,11.463092152052674,2.6547598838806152,0.10767285525798798,0.20743714272975922,0.4808812290430069,1.1458018263794223,0.5016765594482422,2.1148594182099245,10.140806572624484,9.960112801341563,True
TUR,Turkey,1996,4.220313670303355,0.7640082095031652,3.580977381234618,0.0008169999999999999,0.000499,0.007370818,0.0,10.573074511302154,11.818223331656458,1.8541990518569946,0.19418345391750336,0.13359026610851288,0.1599949672818184,1.5894289881839718,0.3849981129169464,4.547638134838117,10.447396831568966,10.55268621194689,True
TUR,Turkey,1997,7.654749106920988,2.4416064185228326,7.109169207576649,0.00193,0.0008169999999999999,0.013373501000000001,0.0,10.615277648005188,11.854033105468805,1.8818238973617554,0.18865545094013214,0.12853270769119263,0.16598905622959137,1.5890896372014574,0.3849981129169464,4.220313670303355,10.447396831568966,10.55268621194689,True
TUR,Turkey,1998,0.5407829042152201,-2.0957251500196277,2.8148851054726975,0.004739999999999999,0.00193,0.026270832999999997,0.0,10.691825139074398,11.925124797544571,1.9098602533340454,0.21073804795742035,0.13211439549922943,0.1865841969847679,1.5848727150818753,0.3849981129169464,7.654749106920988,10.447396831568966,10.55268621194689,True
TUR,Turkey,1999,-4.449050583157366,-7.005028186667041,2.2147774250589336,0.00699,0.004739999999999999,0.05633038,0.0,10.69723296811655,11.953273648599298,1.938314437866211,0.2075384110212326,0.14585664868354797,0.19173767417669296,1.5729007140214968,0.3849981129169464,0.5407829042152201,10.447396831568966,10.55268621194689,True
TUR,Turkey,2000,9.035737232561303,3.7243463350427524,7.214245314921364,0.0229,0.00699,0.12853427,0.0,10.652742462284976,11.975421422849887,1.9671924114227295,0.19124294817447662,0.16309809684753418,0.18831030279397964,1.5495273255710984,0.4040489196777344,-4.449050583157366,10.447396831568966,10.55268621194689,True
TUR,Turkey,2001,-5.522623026372742,-7.016392305860498,2.2485746218803726,0.037616851,0.0229,0.24659026999999997,0.0,10.74309983461059,12.047563875999101,1.9965006113052368,0.20629273355007172,0.1755470633506775,0.21335143595933914,1.5180970031410723,0.3973994255065918,9.035737232561303,10.447396831568966,10.55268621194689,True
TUR,Turkey,2002,7.040192884293717,4.395620179955347,3.87635604287091,0.051894813,0.037616851,0.29546167,0.00016476683,10.687873604346862,12.070049622217905,2.017451047897339,0.13800299167633057,0.19402146339416504,0.20399361103773117,1.494229783549983,0.37458983063697815,-5.522623026372742,10.447396831568966,10.55268621194689,True
TUR,Turkey,2003,6.551303691237997,2.758838652612158,5.353750706254701,0.11380000000000001,0.051894813,0.3478529,0.00031626219999999995,10.7582755331898,12.108813182646614,2.038621425628662,0.14587661623954773,0.2029404491186142,0.2452695220708847,1.473881037489022,0.37968751788139343,7.040192884293717,10.447396831568966,10.55268621194689,True
TUR,Turkey,2004,9.835807221160131,4.912467044216677,7.138050024259712,0.1233,0.11380000000000001,0.41112816,0.0029385070000000004,10.82378857010218,12.162350689709161,2.060014009475708,0.17943152785301208,0.18829084932804108,0.30721867084503174,1.438721294827161,0.38416650891304016,6.551303691237997,10.447396831568966,10.55268621194689,True
TUR,Turkey,2005,6.108587079938843,1.3876116223372432,5.096809638533983,0.1458,0.1233,0.5059954,0.008425557,10.92214664231378,12.233731189951758,2.0816311836242676,0.21064603328704834,0.18049603700637817,0.34764067828655243,1.384733924045456,0.3820708394050598,9.835807221160131,10.447396831568966,10.55268621194689,True
TUR,Turkey,2006,4.841889378896269,-0.23667961956417988,6.206123360288274,0.15460000000000002,0.1458,0.6290097,0.022930595999999998,10.983232513113169,12.284699286337098,2.1034748554229736,0.24884693324565887,0.16835010051727295,0.36343351006507874,1.3231382683239978,0.3818233013153076,6.108587079938843,10.447396831568966,10.55268621194689,True
TUR,Turkey,2007,3.3705649163307427,-0.46536306867036026,5.9543438912532665,0.18239999999999998,0.15460000000000002,0.7518372,0.039598417000000004,11.031651406902132,12.34676051993998,2.125199794769287,0.2944015860557556,0.17594024538993835,0.3633843660354614,1.2488663088951135,0.3798083961009979,4.841889378896269,10.447396831568966,10.55268621194689,True
TUR,Turkey,2008,-1.3750703204996384,-4.189261794480427,3.9992051148537655,0.2863,0.18239999999999998,0.8759758999999999,0.06719035599999999,11.065357056065439,12.406303958852513,2.147148847579956,0.3132482171058655,0.1800106167793274,0.3788674473762512,1.1927942540681968,0.38608062267303467,3.3705649163307427,10.447396831568966,10.55268621194689,True
TUR,Turkey,2009,-5.1068507819096,-6.868624397427957,3.226789813574804,0.34369999999999995,0.2863,0.9198149999999999,0.08044685,11.051606352860443,12.446296010001051,2.1693246364593506,0.2939665913581848,0.18416616320610046,0.3960857689380646,1.1953760889509724,0.38566717505455017,-1.3750703204996384,10.447396831568966,10.55268621194689,True
TUR,Turkey,2010,2.0607429773905395,2.2910966966020343,-1.1255211486192351,0.364,0.34369999999999995,0.8663449,0.08901263,11.000537845041347,12.478563908136799,2.1917295455932617,0.2312333881855011,0.2114097625017166,0.315814346075058,1.2738919001843207,0.39881631731987,-5.1068507819096,10.447396831568966,10.55268621194689,True
TUR,Turkey,2011,4.207042173537623,3.5533122796597567,0.1479249063548238,0.3982,0.364,0.8421589,0.09677540000000001,11.021145274815252,12.467308696650607,2.2143657207489014,0.28165683150291443,0.2002871185541153,0.3325808346271515,1.4000928903521448,0.41391974687576294,2.0607429773905395,10.447396831568966,10.55268621194689,True
TUR,Turkey,2012,1.7227118318468015,-0.6060376118659668,3.105205904088848,0.43065712,0.3982,0.8801666,0.10228857,11.063215696550628,12.468787945714155,2.2458407878875732,0.30719414353370667,0.1893516629934311,0.3551802486181259,1.531566162358633,0.4040435254573822,4.207042173537623,10.447396831568966,10.55268621194689,True
TUR,Turkey,2013,5.263838919491626,2.8815143199397326,3.9668595215102798,0.45130000000000003,0.43065712,0.9000408,0.10464443,11.080442814869096,12.499840004755043,2.2777628898620605,0.3003692626953125,0.18750518560409546,0.35743357241153717,1.631159038023089,0.42336127161979675,1.7227118318468015,10.447396831568966,10.55268621194689,True
TUR,Turkey,2014,3.2356701557690215,-0.25295278754652806,5.0344707496117636,0.4625,0.45130000000000003,0.9117584,0.11640102000000001,11.133081204064013,12.539508599970146,2.3101391792297363,0.32603490352630615,0.17973105609416962,0.3393395394086838,1.6927506339623477,0.41650065779685974,5.263838919491626,10.447396831568966,10.55268621194689,True
TUR,Turkey,2015,3.2842013631475098,0.13748377905570897,4.2400673080795315,0.51037365,0.4625,0.9212193000000001,0.11361863,11.165437905621703,12.589853307466264,2.342975378036499,0.33607161045074463,0.1711067110300064,0.3116143196821213,1.7026253107127687,0.42582911252975464,3.2356701557690215,10.447396831568966,10.55268621194689,True
TUR,Turkey,2016,1.095262900910754,-1.8578346064211937,4.13922885074598,0.5374498,0.51037365,0.9203271,0.11878631,11.198279919253178,12.632253980547059,2.3762784004211426,0.32272422313690186,0.17103470861911774,0.2788790389895439,1.669484259945797,0.4294902980327606,3.2842013631475098,10.447396831568966,10.55268621194689,True
TUR,Turkey,2017,3.6808271914729573,1.4340151344741947,2.939898811353814,0.58347733,0.5374498,0.91928696,0.12859061,11.209232548262285,12.673646269054519,2.4100546836853027,0.3149334788322449,0.18166345357894897,0.2717296853661537,1.6399512557947915,0.46627917885780334,1.095262900910754,10.447396831568966,10.55268621194689,True
TUR,Turkey,2018,0.9767429752702839,-1.7171403388148734,3.8414717826448452,0.6468461600000001,0.58347733,0.93640755,0.14352888,11.246040820177015,12.703045257168057,2.4443113803863525,0.3248053193092346,0.18775978684425354,0.2872970327734947,1.6013072427769615,0.4428148865699768,3.6808271914729573,10.447396831568966,10.55268621194689,True
TUR,Turkey,2019,3.2129633060208107,-0.8893887718960893,6.247357219928773,0.7104276,0.6468461600000001,0.94908585,0.15882334,11.255808249929718,12.741459974994505,2.4790546894073486,0.30600956082344055,0.19219860434532166,0.26633261889219284,1.4972308522702704,0.4368312656879425,0.9767429752702839,10.447396831568966,10.55268621194689,True
TZA,U.R. of Tanzania: Mainland,1997,0.952600976769169,0.6517104279052138,-0.5681780723797658,1.62e-05,,0.0002902308,0.0,7.954652654139143,8.856745718127822,1.4209718704223633,0.16960136592388153,0.13087449967861176,0.1270429790019989,2.637853308942617,0.5114672183990479,1.853864534340044,7.742340261924516,7.914792216812673,True
TZA,U.R. of Tanzania: Mainland,1998,1.4340053009799902,0.28265491167128454,0.20759226501922967,7.900000000000001e-05,1.62e-05,0.000635503,0.0,7.964178663906835,8.851063937404025,1.4400373697280884,0.15531468391418457,0.10842902958393097,0.11877670139074326,3.0783998444579463,0.4983671307563782,0.952600976769169,7.742340261924516,7.914792216812673,True
TZA,U.R. of Tanzania: Mainland,1999,2.5186109113433552,1.6436719385824028,0.4285384926296487,9.24e-05,7.900000000000001e-05,0.00116285846,0.0,7.978518716916635,8.853139860054217,1.4593586921691895,0.16610778868198395,0.11258166283369064,0.14222655072808266,1.633801591708206,0.48976123332977295,1.4340053009799902,7.742340261924516,7.914792216812673,True
TZA,U.R. of Tanzania: Mainland,2000,2.7130994231082894,1.5927189237296386,0.7411519585202697,0.000751,9.24e-05,0.0015209059999999998,0.0,8.003704826030068,8.857425244980513,1.4789392948150635,0.16769078373908997,0.10158126801252365,0.1316930577158928,2.332652905085242,0.47043856978416443,2.5186109113433552,7.742340261924516,7.914792216812673,True
TZA,U.R. of Tanzania: Mainland,2001,3.4885032111708014,3.032559679344571,1.0563877033300528,0.0011719444,0.000751,0.003225848,0.0,8.030835820261151,8.864836764565716,1.4987826347351074,0.1718418002128601,0.09536877274513245,0.12697763368487358,2.4542547185425256,0.4646051824092865,2.7130994231082894,7.742340261924516,7.914792216812673,True
TZA,U.R. of Tanzania: Mainland,2002,4.181543722570247,3.7118528139344313,0.9232728724652972,0.0017130035,0.0011719444,0.0078287876,0.0,8.06572085237286,8.875400641599017,1.5082474946975708,0.18112227320671082,0.09114694595336914,0.13186518475413322,2.6012084764704735,0.45367664098739624,3.4885032111708014,7.742340261924516,7.914792216812673,True
TZA,U.R. of Tanzania: Mainland,2003,2.966908207817198,2.6686434599477122,0.6694616135861864,0.0022248440999999997,0.0017130035,0.016800584,0.0,8.107536289598562,8.88463337032367,1.5177720785140991,0.18305067718029022,0.09540810436010361,0.12686729803681374,2.687489078931593,0.4410865604877472,4.181543722570247,7.742340261924516,7.914792216812673,True
TZA,U.R. of Tanzania: Mainland,2004,3.6174544616697446,2.9391812187365565,0.8917365996300219,0.0067696285,0.0022248440999999997,0.034996375999999996,0.0,8.137205371676734,8.891327986459531,1.5273569822311401,0.19500666856765747,0.11502797156572342,0.13913601636886597,2.795819330015359,0.4293323755264282,2.966908207817198,7.742340261924516,7.914792216812673,True
TZA,U.R. of Tanzania: Mainland,2005,2.9019419741633357,1.6542618116101755,1.7223448917757622,0.00877575,0.0067696285,0.050958199999999995,0.0,8.173379916293431,8.900245352455832,1.5370023250579834,0.2030028998851776,0.12282689660787582,0.15184324234724045,2.8243759680080416,0.42676427960395813,3.6174544616697446,7.742340261924516,7.914792216812673,True
TZA,U.R. of Tanzania: Mainland,2006,0.07334808252554836,-1.8717351317579949,2.3637104526972763,0.011000000000000001,0.00877575,0.075646834,6.607613e-05,8.202399336035064,8.91746880137359,1.5467084646224976,0.2137320190668106,0.12147536128759384,0.15633520111441612,2.8178970524766367,0.40737804770469666,2.9019419741633357,7.742340261924516,7.914792216812673,True
TZA,U.R. of Tanzania: Mainland,2007,6.060550496155059,2.10802629004062,5.62927623023981,0.013000000000000001,0.011000000000000001,0.13919874999999998,7.440147e-05,8.20313281686032,8.941105905900562,1.5564759969711304,0.26253238320350647,0.11814524978399277,0.1783861443400383,2.7114781150082923,0.4219088554382324,0.07334808252554836,7.742340261924516,7.914792216812673,True
TZA,U.R. of Tanzania: Mainland,2008,3.134443302328549,-0.29937190126927504,5.748116615633769,0.016,0.013000000000000001,0.19915285000000002,8.191042000000001e-05,8.26373832182187,8.99739866820296,1.566305160522461,0.31489500403404236,0.11832905560731888,0.18863562494516373,2.9132188159619155,0.3879880905151367,6.060550496155059,7.742340261924516,7.914792216812673,True
TZA,U.R. of Tanzania: Mainland,2009,3.0069571993930566,0.8851639299781867,4.753692544562149,0.019,0.016,0.30553370999999996,0.00015085483,8.295082754845156,9.054879834359298,1.576196551322937,0.3183876872062683,0.10372278094291687,0.22328700870275497,2.835959171445568,0.3960406184196472,3.134443302328549,7.742340261924516,7.914792216812673,True
TZA,U.R. of Tanzania: Mainland,2010,3.581141525679321,0.27839282247155384,4.795186537559992,0.024,0.019,0.40036423,0.00015921076999999997,8.325152326839087,9.10241675980492,1.5861502885818481,0.28430959582328796,0.11082910001277924,0.18891970440745354,2.8669942691718298,0.40679997205734253,3.0069571993930566,7.742340261924516,7.914792216812673,True
TZA,U.R. of Tanzania: Mainland,2011,4.91496251568222,0.6029163021525542,6.103728183731505,0.028999999999999998,0.024,0.46882399999999996,0.00016877245,8.36096374209588,9.15036862518052,1.5961668491363525,0.3261678218841553,0.08978883922100067,0.20303620398044586,2.9052474399619665,0.40174537897109985,3.581141525679321,7.742340261924516,7.914792216812673,True
TZA,U.R. of Tanzania: Mainland,2012,3.119370125252985,-0.7611873821069333,5.935281874292997,0.032,0.028999999999999998,0.5576104399999999,0.00061412968,8.410113367252702,9.211405907017834,1.6092346906661987,0.391885906457901,0.08381805568933487,0.21994319558143616,2.941649827309334,0.4089694917201996,4.91496251568222,7.742340261924516,7.914792216812673,True
TZA,U.R. of Tanzania: Mainland,2013,4.395826786446833,0.40088857592662663,6.629422160976439,0.0395,0.032,0.5745585,0.0008723091,8.441307068505232,9.270758725760764,1.6224093437194824,0.32118624448776245,0.07982149720191956,0.261851005256176,3.037043047981358,0.43963730335235596,3.119370125252985,7.742340261924516,7.914792216812673,True
TZA,U.R. of Tanzania: Mainland,2014,3.914115422639597,-0.007666449573858619,6.003441855678027,0.044000000000000004,0.0395,0.56207504,0.0011556786,8.4852653363697,9.337052947370529,1.6356920003890991,0.31550225615501404,0.07840973883867264,0.23836736753582954,2.982208799236119,0.45399248600006104,4.395826786446833,7.742340261924516,7.914792216812673,True
TZA,U.R. of Tanzania: Mainland,2015,2.3267332992908507,-0.6040214293058375,4.754870901685138,0.07,0.044000000000000004,0.63280434,0.0016801879,8.524406490596096,9.397087365927309,1.6490833759307861,0.29652881622314453,0.07763266563415527,0.24135731160640717,2.991894319639865,0.46085989475250244,3.914115422639597,7.742340261924516,7.914792216812673,True
TZA,U.R. of Tanzania: Mainland,2016,3.3951826269168706,0.5214996836054037,5.981211517266161,0.1,0.07,0.7624926000000001,0.00203764,8.547673823589005,9.44463607494416,1.6625843048095703,0.22676552832126617,0.07799454778432846,0.27884501963853836,2.9930620577311995,0.5115861296653748,2.3267332992908507,7.742340261924516,7.914792216812673,True
TZA,U.R. of Tanzania: Mainland,2017,3.2863597272568157,0.33676642094877934,6.690667960648788,0.13504232,0.1,0.7439837,0.00591695,8.581625649858173,9.504448190116822,1.6761958599090576,0.21240615844726562,0.07412926852703094,0.17385568469762802,2.991767329184425,0.5373544692993164,3.3951826269168706,7.742340261924516,7.914792216812673,True
TZA,U.R. of Tanzania: Mainland,2018,3.4467192600761365,-0.2126509354324721,7.37699741879787,0.144634,0.13504232,0.7179116999999999,0.013718399999999999,8.614489247130741,9.57135486972331,1.689918875694275,0.1998380571603775,0.07131683081388474,0.1649184226989746,2.989801881954879,0.5726029872894287,3.2863597272568157,7.742340261924516,7.914792216812673,True
TZA,U.R. of Tanzania: Mainland,2019,3.486570946347456,0.3208225228528662,8.000140505735054,0.15490700000000002,0.144634,0.75730194,0.014994400000000001,8.648956439731503,9.645124843911288,1.703754186630249,0.2222297489643097,0.07059117406606674,0.15901602804660797,2.981022536324529,0.5836724638938904,3.4467192600761365,7.742340261924516,7.914792216812673,True
UKR,Ukraine,1997,-1.6291901415607768,-0.9466770451371453,-0.8758475157891965,0.000986,0.000431,0.00059309103,0.0,9.703639124479487,12.847223881352557,2.96716570854187,0.09584462642669678,0.4355831444263458,0.22829873859882355,-0.6371650023536901,0.5584412217140198,-10.752495059522182,9.71711419593212,10.155572082337404,True
UKR,Ukraine,1998,1.3002643403531522,0.7215068475616038,1.129373997848404,0.00199,0.000986,0.0011396848399999999,0.0,9.68734722306388,12.838465406194665,2.9928359985351562,0.10644170641899109,0.4063015878200531,0.2561383843421936,-0.7804103827129705,0.5584412217140198,-1.6291901415607768,9.71711419593212,10.155572082337404,True
UKR,Ukraine,2000,5.042625782688859,5.890625757762836,-2.487249024398608,0.004050000000000001,0.00301,0.0043936604,0.0,9.836218037077343,12.96687582015304,3.044844627380371,0.09782867878675461,0.305900901556015,0.22387535125017166,-0.9245036050623767,0.5584412217140198,13.586817060993184,9.71711419593212,10.155572082337404,True
UKR,Ukraine,2001,9.730995906373963,10.654162356840363,-0.7606640631776074,0.007161838,0.004050000000000001,0.01675927,0.0,9.886644294904231,12.942003329909054,3.0711867809295654,0.12603184580802917,0.28109630942344666,0.2798192948102951,-0.9185506371335528,0.5584412217140198,5.042625782688859,9.71711419593212,10.155572082337404,True
UKR,Ukraine,2002,4.469686710016418,5.782342715300926,-2.202968496926161,0.012387595,0.007161838,0.04596007,0.0,9.98395425396797,12.934396689277278,3.0913338661193848,0.14360260963439941,0.268600732088089,0.29626360535621643,-0.8976001279721757,0.5584412217140198,9.730995906373963,9.71711419593212,10.155572082337404,True
UKR,Ukraine,2003,8.838827675214311,9.56699977567739,-1.4927483838636846,0.018738852,0.012387595,0.076963973,0.0,10.028651121068135,12.912367004308017,3.1116127967834473,0.13953562080860138,0.2202329933643341,0.3095588982105255,-0.8748957763402565,0.5584412217140198,4.469686710016418,9.71711419593212,10.155572082337404,True
UKR,Ukraine,2004,10.528905656772203,10.841733641427927,-1.3904266927445619,0.031481276,0.018738852,0.13657727,0.0,10.117039397820278,12.89743952046938,3.1320250034332275,0.15632270276546478,0.20139984786510468,0.3376429080963135,-0.8320843299499892,0.5584412217140198,8.838827675214311,9.71711419593212,10.155572082337404,True
UKR,Ukraine,2005,1.1231983629764741,1.7009156258144433,-2.555367005187037,0.034894779,0.031481276,0.29089737,0.0,10.222328454388,12.883535253541934,3.152570962905884,0.150614395737648,0.17753511667251587,0.37866102159023285,-0.7699788612666847,0.5584412217140198,10.528905656772203,9.71711419593212,10.155572082337404,True
UKR,Ukraine,2006,6.069466079817687,6.2013808344726,-1.4051000480051812,0.037498000000000004,0.034894779,0.6400536,0.0027723179999999997,10.233560438017765,12.857981583490064,3.1732516288757324,0.15033768117427826,0.15251895785331726,0.3619195818901062,-0.694354130693764,0.5584412217140198,1.1231983629764741,9.71711419593212,10.155572082337404,True
UKR,Ukraine,2007,7.13996290420198,6.803536659404262,-0.2890425202622282,0.045061245,0.037498000000000004,1.0527679399999998,0.011154876000000001,10.294255098815942,12.843930583010012,3.181306838989258,0.16096776723861694,0.1546812355518341,0.3702639490365982,-0.6061677502154694,0.5584412217140198,6.069466079817687,9.71711419593212,10.155572082337404,True
UKR,Ukraine,2008,1.3294619948094777,1.7832519404417102,-0.5171806032796766,0.0655,0.045061245,1.1908760999999999,0.017246451,10.365654727857962,12.84104015780739,3.189382791519165,0.1777995526790619,0.15570014715194702,0.3963238596916199,-0.5185174207562149,0.5584412217140198,7.13996290420198,9.71711419593212,10.155572082337404,True
UKR,Ukraine,2010,-0.02316402987787569,0.7673345708748238,-1.6675884409151465,0.179,0.11,1.1945641999999999,0.04147706,10.254167103317531,12.861751494729102,3.2055957317352295,0.08975418657064438,0.2176373451948166,0.3314635157585144,-0.4076217719605868,0.5584412217140198,-12.478224448852515,9.71711419593212,10.155572082337404,True
UKR,Ukraine,2011,5.168782433522701,5.518369492700866,-1.304295712762027,0.233,0.179,1.1776782,0.06454904,10.253935463018752,12.84507561031995,3.213732957839966,0.10854023694992065,0.24205154180526733,0.41538403928279877,-0.38981106993727366,0.5584412217140198,-0.02316402987787569,9.71711419593212,10.155572082337404,True
UKR,Ukraine,2012,0.2855546997846403,0.5109458306432973,-0.959929159506423,0.28708263,0.233,1.21941605,0.069562106,10.30562328735398,12.83203265319233,3.2219724655151367,0.11113389581441879,0.2520497739315033,0.47600746154785156,-0.3768571483346417,0.5584412217140198,5.168782433522701,9.71711419593212,10.155572082337404,True
UKR,Ukraine,2013,-0.1876395344625692,0.22621330108968907,-1.295287487396557,0.3527,0.28708263,1.3085901999999998,0.08037551999999999,10.308478834351826,12.822433361597266,3.2302608489990234,0.10799630731344223,0.25937870144844055,0.4680824428796768,-0.3646239806071705,0.5584412217140198,0.2855546997846403,9.71711419593212,10.155572082337404,True
UKR,Ukraine,2014,3.157595385550671,-0.3100058702617748,8.452238302470327,0.4095413,0.3527,1.3844112999999998,0.0885843,10.3066024390072,12.8094804867233,3.238597869873047,0.09434207528829575,0.26044246554374695,0.400274321436882,-0.3676917289092252,0.5584412217140198,-0.1876395344625692,9.71711419593212,10.155572082337404,True
UKR,Ukraine,2015,0.014623178091710543,-3.970763976427775,8.769539584248598,0.46235977,0.4095413,1.4427885,0.093062105,10.338178392862707,12.894002869748004,3.2469842433929443,0.06912439316511154,0.286732017993927,0.3177919238805771,-0.38817279311542663,0.5584412217140198,3.157595385550671,9.71711419593212,10.155572082337404,True
UKR,Ukraine,2016,3.477243589069623,3.324636568051198,-0.1972082692203614,0.48884644,0.46235977,1.4200304,0.11643703999999999,10.338324624643624,12.98169826559049,3.255420207977295,0.09014097601175308,0.3437592387199402,0.27339257299900055,-0.4218295978487774,0.5584412217140198,0.014623178091710543,9.71711419593212,10.155572082337404,True
UKR,Ukraine,2017,3.346617995221557,2.7511254118127213,-0.15708372693232775,0.5300097,0.48884644,1.3316896,0.12034259,10.37309706053432,12.979726182898286,3.263906478881836,0.129563570022583,0.3408557176589966,0.2606608048081398,-0.4639629206228957,0.5584412217140198,3.477243589069623,9.71711419593212,10.155572082337404,True
UKR,Ukraine,2018,2.624909979814838,1.9252224471261181,-1.6071433013287617,0.5888947999999999,0.5300097,1.313565,0.12353543,10.406563240486536,12.978155345628963,3.2724430561065674,0.13073506951332092,0.345960408449173,0.28374069929122925,-0.5067038312394967,0.5584412217140198,3.346617995221557,9.71711419593212,10.155572082337404,True
UKR,Ukraine,2019,2.462073865710579,2.3041388713247852,-1.4431188573080789,0.62553154,0.5888947999999999,1.2775386,0.12803256,10.432812340284684,12.962083912615675,3.2810301780700684,0.12038155645132065,0.33275988698005676,0.29618145525455475,-0.5444451150118379,0.5584412217140198,2.624909979814838,9.71711419593212,10.155572082337404,True
URY,Uruguay,1996,4.226885247067713,2.5659389359785263,2.225923686938458,0.0031,0.000625,0.012437739000000001,0.0,10.233416019643268,11.725722749087469,2.3898568153381348,0.20130296051502228,0.20763066411018372,0.2413860335946083,0.719954702156711,0.5168891549110413,-3.8996774823051084,10.228779631432797,10.21584764024578,True
URY,Uruguay,1997,3.599929320765405,1.7475060526296549,2.547782703774004,0.018500000000000003,0.0031,0.02436006,0.0,10.275684872113946,11.747981985956853,2.420107126235962,0.18619127571582794,0.2053297609090805,0.2663346007466316,0.7138845664040439,0.5168891549110413,4.226885247067713,10.228779631432797,10.21584764024578,True
URY,Uruguay,1998,3.199512575259078,1.2647845999917,2.739016003668837,0.0336,0.018500000000000003,0.030580244,0.0,10.3116841653216,11.773459812994593,2.450740098953247,0.1978091150522232,0.17946703732013702,0.3084539324045181,0.6991311237498854,0.5168891549110413,3.599929320765405,10.228779631432797,10.21584764024578,True
URY,Uruguay,1999,-0.8051556311665209,-2.771817572967683,4.043516459886831,0.0699,0.0336,0.046385446000000004,0.0,10.34367929107419,11.800849973031282,2.4817609786987305,0.20448242127895355,0.1584254652261734,0.3225387930870056,0.6367437802279774,0.5376525521278381,3.199512575259078,10.228779631432797,10.21584764024578,True
URY,Uruguay,2000,-0.602711701135128,-2.13655472876515,3.5247154308795103,0.09970000000000001,0.0699,0.0973268,0.0,10.335627734762525,11.84128513763015,2.513174533843994,0.1808033287525177,0.15774019062519073,0.2955165430903435,0.5139830365368026,0.5644205212593079,-0.8051556311665209,10.228779631432797,10.21584764024578,True
URY,Uruguay,2001,-3.667256975023925,-3.2606349584448773,1.975320599249919,0.10539058000000001,0.09970000000000001,0.12576886,0.0,10.329600617751174,11.876532291938945,2.54498553276062,0.17814256250858307,0.14764836430549622,0.325201079249382,0.3537856969984876,0.5638449788093567,-0.602711701135128,10.228779631432797,10.21584764024578,True
URY,Uruguay,2002,-4.258747506381155,-4.757662061197151,4.347598844372591,0.11121438,0.10539058000000001,0.15881220000000001,0.0,10.292928048000935,11.896285497931444,2.5419676303863525,0.18018771708011627,0.13778290152549744,0.31128861010074615,0.17266579351626898,0.5574902892112732,-3.667256975023925,10.228779631432797,10.21584764024578,True
URY,Uruguay,2003,1.608217964372649,1.8379439186903879,1.319363009475616,0.11419470000000001,0.11121438,0.15661752,0.0,10.250340572937123,11.93976148637517,2.5389533042907715,0.1565944254398346,0.1304493546485901,0.25284963101148605,0.017048752708559434,0.5114974975585938,-4.258747506381155,10.228779631432797,10.21584764024578,True
URY,Uruguay,2004,0.8050432225855886,1.640255961941034,-2.783311376638231,0.15937137,0.11419470000000001,0.15163115,0.0,10.26642275258085,11.952955116469926,2.535942554473877,0.1686161309480667,0.12838062644004822,0.2726023197174072,-0.071341481478715,0.452859491109848,1.608217964372649,10.228779631432797,10.21584764024578,True
URY,Uruguay,2005,5.509391915584594,5.4965805681231386,0.42184755033130017,0.17063099,0.15937137,0.18268076,0.0082238144,10.274473184806705,11.925122002703544,2.532935380935669,0.18792806565761566,0.11481495201587677,0.34172315895557404,-0.0659729895847283,0.44765928387641907,0.8050432225855886,10.228779631432797,10.21584764024578,True
URY,Uruguay,2006,0.4534113025693287,0.6094495886036666,-0.8868442816520883,0.2008819,0.17063099,0.35149223,0.014772483999999999,10.329567103962551,11.929340478206857,2.5299317836761475,0.19286146759986877,0.10657594352960587,0.37976714968681335,0.009844536117320501,0.4739719033241272,5.509391915584594,10.228779631432797,10.21584764024578,True
URY,Uruguay,2007,2.21120444246079,2.736146019984928,-1.168120572462783,0.294,0.2008819,0.7083164,0.032400609999999996,10.334101216988245,11.920472035390336,2.5415289402008057,0.21033740043640137,0.10977748036384583,0.42097267508506775,0.10825605326345578,0.4739719033241272,0.4534113025693287,10.228779631432797,10.21584764024578,True
URY,Uruguay,2008,3.8555867180933845,2.184451190586277,0.7112458945950806,0.34,0.294,0.9117400000000001,0.05007901000000001,10.356213261412853,11.908790829665708,2.5531792640686035,0.21039912104606628,0.1123771220445633,0.4072520285844803,0.19071229952865032,0.4739719033241272,2.21120444246079,10.228779631432797,10.21584764024578,True
URY,Uruguay,2009,2.670635970335944,2.035729445856807,1.4403479278488618,0.39299999999999996,0.34,1.0622738,0.07405145,10.394769128593786,11.91590328861166,2.5632803440093994,0.24830305576324463,0.11867992579936981,0.49529899656772614,0.25395811292097115,0.4739719033241272,3.8555867180933845,10.228779631432797,10.21584764024578,True
URY,Uruguay,2010,6.604633487938472,4.534733809451124,2.660213300514158,0.418,0.39299999999999996,1.242129,0.09591398,10.421475488297146,11.930306767890148,2.571185350418091,0.21364527940750122,0.1257573366165161,0.4095105081796646,0.2826652277433839,0.4739719033241272,2.670635970335944,10.228779631432797,10.21584764024578,True
URY,Uruguay,2011,2.82577685009624,1.3004053964353848,1.3399167358818076,0.46399999999999997,0.418,1.3370653,0.11557624000000001,10.48752182317653,11.95690890089529,2.5791146755218506,0.22483016550540924,0.12445113807916641,0.4319871813058853,0.2861552141341095,0.4739719033241272,6.604633487938472,10.228779631432797,10.21584764024578,True
URY,Uruguay,2012,3.69545873350674,0.7309267364527503,4.554555699049878,0.5140466,0.46399999999999997,1.4300197,0.14214033,10.515779591677493,11.970308068254107,2.6003246307373047,0.23839788138866425,0.13180169463157654,0.460540771484375,0.28711969665475845,0.4739719033241272,2.82577685009624,10.228779631432797,10.21584764024578,True
URY,Uruguay,2013,4.665947759403011,1.7509423399828132,4.24321924599127,0.5445377,0.5140466,1.4977087,0.17409271,10.55273417901256,12.015853625244606,2.621709108352661,0.25453442335128784,0.12439283728599548,0.5061001032590866,0.2976035216513573,0.4739719033241272,3.69545873350674,10.228779631432797,10.21584764024578,True
URY,Uruguay,2014,1.8863659319423576,-0.09289631422751704,2.545335767066348,0.5769,0.5445377,1.5747134,0.22032997,10.59939365660659,12.058285817704519,2.6432693004608154,0.2441021054983139,0.13267925381660461,0.49273014068603516,0.30931920417271996,0.4739719033241272,4.665947759403011,10.228779631432797,10.21584764024578,True
URY,Uruguay,2015,1.3619887582414947,-0.8687890837812434,3.857136536561434,0.61462494,0.5769,1.6378268,0.25035084,10.618257315926014,12.083739175375182,2.6650068759918213,0.2237280309200287,0.13524799048900604,0.4489956796169281,0.3238057586931298,0.4739719033241272,1.8863659319423576,10.228779631432797,10.21584764024578,True
URY,Uruguay,2016,1.8810081386584798,0.6564890545511972,2.755171364700537,0.64570786,0.61462494,1.5336841,0.26749657,10.631877203508429,12.122310540740797,2.6869232654571533,0.1996707171201706,0.14350035786628723,0.4152202159166336,0.33976086802836036,0.4739719033241272,1.3619887582414947,10.228779631432797,10.21584764024578,True
URY,Uruguay,2017,2.6692356944248985,1.5855113639117042,1.586428553585506,0.664,0.64570786,1.5141484,0.27274336,10.650687284895014,12.149862254387802,2.709019899368286,0.1793171763420105,0.15386110544204712,0.3690430819988251,0.3545865428372208,0.4739719033241272,1.8810081386584798,10.228779631432797,10.21584764024578,True
URY,Uruguay,2018,1.905294085291942,0.790219269982324,1.5665212308578091,0.7032236000000001,0.664,1.5044008,0.28133347000000003,10.677379641839263,12.165726539923657,2.7312982082366943,0.15320724248886108,0.15974262356758118,0.385826975107193,0.36474080522161945,0.4739719033241272,2.6692356944248985,10.228779631432797,10.21584764024578,True
URY,Uruguay,2019,-0.17221022263811392,-0.9677243771897598,0.8771726058931506,0.80726845,0.7032236000000001,1.3136333,0.28793055,10.696432582692182,12.181391752232235,2.7537596225738525,0.16314837336540222,0.16247184574604034,0.3825165033340454,0.36724223322959215,0.4739719033241272,1.905294085291942,10.228779631432797,10.21584764024578,True
USA,United States,1996,2.227376604525233,0.8925651896695364,1.1304935804735905,0.0924,0.048600000000000004,0.12717606,0.0,11.405667308432312,12.720307769745165,3.5219931602478027,0.23251394927501678,0.0974230021238327,0.18935881555080414,1.1082865128632768,0.6073774099349976,1.2483272512392674,11.372517039984626,11.37128941001525,True
USA,United States,1997,2.0547821380388243,0.8991594778511636,0.4508310103249258,0.16399999999999998,0.0924,0.16373812000000001,0.0,11.427941074477564,12.731612705549901,3.5332388877868652,0.23464755713939667,0.09148012846708298,0.19586464762687683,1.1888670269842194,0.607116162776947,2.227376604525233,11.372517039984626,11.37128941001525,True
USA,United States,1998,2.7813091300918913,0.9901520764824562,1.3935513535072275,0.21600000000000003,0.16399999999999998,0.20305882,0.0,11.448488895857952,12.73612101565315,3.544520616531372,0.2447664439678192,0.09302555024623871,0.21645920723676682,1.251248810828276,0.609609842300415,2.0547821380388243,11.372517039984626,11.37128941001525,True
USA,United States,1999,2.980639459939738,1.3756633798314974,1.4861261941645054,0.301,0.21600000000000003,0.2509084,0.0025591385,11.476301987158871,12.750056529188223,3.5558385848999023,0.25283560156822205,0.09300914406776428,0.219861201941967,1.2659653558599437,0.6230132579803467,2.7813091300918913,11.372517039984626,11.37128941001525,True
USA,United States,2000,2.679492773231118,1.0257068014713933,1.8047899227745745,0.358,0.301,0.30821161,0.009865572,11.506108381758269,12.764917791129868,3.567192554473877,0.261089563369751,0.0934123545885086,0.22596295177936554,1.2182582150015442,0.6259886622428894,2.980639459939738,11.372517039984626,11.37128941001525,True
USA,United States,2001,0.98567553542388,0.18998723312705634,2.7227521855701653,0.43079163000000004,0.358,0.38893147,0.025116422,11.53290330949058,12.782965690357614,3.578582525253296,0.27075740694999695,0.09314769506454468,0.2619435265660286,1.1290464818873858,0.6370731592178345,2.679492773231118,11.372517039984626,11.37128941001525,True
USA,United States,2002,2.0841569170620744,1.3409660917834063,2.677859964921403,0.49080832999999996,0.43079163000000004,0.4520197,0.045000799999999994,11.542760064844819,12.810193212213315,3.5883371829986572,0.260292112827301,0.09757170081138611,0.25080031901597977,1.023137056588297,0.6403365731239319,0.98567553542388,11.372517039984626,11.37128941001525,True
USA,United States,2003,2.4318168043768296,1.9073805968380924,2.0048939915698227,0.58785404,0.49080832999999996,0.49393149999999997,0.06925334,11.56360163401544,12.83697181186253,3.598118543624878,0.2615540623664856,0.10094951093196869,0.244681254029274,0.9342205631480027,0.6296166777610779,2.0841569170620744,11.372517039984626,11.37128941001525,True
USA,United States,2004,2.596202273127801,1.7267283026971343,1.445558341244002,0.61697117,0.58785404,0.5540963,0.09570047000000001,11.587919802059208,12.857020751778228,3.6079261302948,0.2619335651397705,0.10402534902095795,0.2378830462694168,0.8789751623188735,0.6214457154273987,2.4318168043768296,11.372517039984626,11.37128941001525,True
USA,United States,2005,1.8804606813088043,1.0938983230253039,1.1598500002929057,0.6475825500000001,0.61697117,0.63124207,0.12757607,11.613881824790486,12.871476335190668,3.6177608966827393,0.2695389688014984,0.10473350435495377,0.25008073449134827,0.8722919904156967,0.6171151399612427,2.596202273127801,11.372517039984626,11.37128941001525,True
USA,United States,2006,1.0061923632024516,0.06346527955160414,0.8146420602919591,0.6796810000000001,0.6475825500000001,0.6888351,0.17299109999999998,11.632686431603574,12.883074835193597,3.627622365951538,0.27507999539375305,0.10657677054405212,0.2816201373934746,0.8985712035897819,0.6056353449821472,1.8804606813088043,11.372517039984626,11.37128941001525,True
USA,United States,2007,0.9656931006801983,-0.1835541874989896,1.4076124867633766,0.689312,0.6796810000000001,0.7685865,0.20164583,11.642748355235598,12.891221255796516,3.642328977584839,0.2695780098438263,0.1060291975736618,0.2889857143163681,0.9330970880074396,0.6055108904838562,1.0061923632024516,11.372517039984626,11.37128941001525,True
USA,United States,2008,-0.022332308884109864,-0.643976347003402,1.9084090972178558,0.75,0.689312,0.8259227,0.23755299000000002,11.6524052862424,12.90529738066415,3.657094717025757,0.25336647033691406,0.10760679841041565,0.2814352884888649,0.9524187143444607,0.6040037274360657,0.9656931006801983,11.372517039984626,11.37128941001525,True
USA,United States,2009,0.9150751539170443,0.049194533598153484,4.362572564488687,0.74,0.75,0.85680466,0.25290985,11.65218196315356,12.924381471636329,3.6719207763671875,0.23723693192005157,0.11202871054410934,0.28743335604667664,0.9527002964074605,0.6040886044502258,-0.022332308884109864,11.372517039984626,11.37128941001525,True
USA,United States,2010,2.8911261259052523,1.6418386972578216,1.2545067206715999,0.71,0.74,0.8904614,0.25969452,11.66133271469273,12.968007197281215,3.6868066787719727,0.1989552527666092,0.12133181095123291,0.24005939811468124,0.9254197596296976,0.59113609790802,0.9150751539170443,11.372517039984626,11.37128941001525,True
USA,United States,2011,0.5253195335885863,-0.18741594692157013,-0.006540489252948589,0.7169,0.71,0.9165931,0.27172007,11.690243975951782,12.980552264487931,3.7017533779144287,0.20974314212799072,0.12105360627174377,0.2754041850566864,0.8788694058941893,0.5879995822906494,2.8911261259052523,11.372517039984626,11.37128941001525,True
USA,United States,2012,0.5218691734633296,0.2630536575625269,-0.4731841634178835,0.6972946,0.7169,0.9468297,0.28117023,11.695497171287668,12.980486859595402,3.7070109844207764,0.2120261788368225,0.11971531063318253,0.30153586715459824,0.8290703507928932,0.5926562547683716,0.5253195335885863,11.372517039984626,11.37128941001525,True
USA,United States,2013,0.868577638868473,0.19584662655113133,0.31216786179406597,0.747,0.6972946,0.96128426,0.2917361,11.700715863022301,12.975755017961223,3.712275981903076,0.2327643632888794,0.1140470951795578,0.30510687828063965,0.7863621650588293,0.595092236995697,0.5218691734633296,11.372517039984626,11.37128941001525,True
USA,United States,2014,0.9703086630423741,0.4697074197790443,-0.12461122177374051,0.7140000000000001,0.747,0.9705952999999999,0.29999617,11.709401639410986,12.978876696579164,3.7175486087799072,0.22880955040454865,0.11217094957828522,0.29369254410266876,0.7476198982248938,0.5930569767951965,0.868577638868473,11.372517039984626,11.37128941001525,True
USA,United States,2015,1.6703287670344125,0.8982439456573548,0.08659073076753288,0.73,0.7140000000000001,0.9983957,0.30270922,11.71910472604141,12.977630584361426,3.7228286266326904,0.23004554212093353,0.11069397628307343,0.2928052395582199,0.7157852113953922,0.5942705869674683,0.9703086630423741,11.372517039984626,11.37128941001525,True
USA,United States,2016,0.2771197490481825,0.08726909656738088,-0.021297770774708624,0.7455419999999999,0.73,1.0183195999999999,0.31341213,11.735808013711754,12.978496491669102,3.728116273880005,0.22804713249206543,0.11164810508489609,0.2910196930170059,0.6895166296261301,0.5956462621688843,1.6703287670344125,11.372517039984626,11.37128941001525,True
USA,United States,2017,0.8238690942469873,0.6301906506845587,-0.0244665129352839,0.8554442,0.7455419999999999,1.0275185999999998,0.32114400000000004,11.738579211202236,12.978283513961355,3.7334113121032715,0.21810197830200195,0.1137794777750969,0.2779550999403,0.6639887438879555,0.5937725305557251,0.2771197490481825,11.372517039984626,11.37128941001525,True
USA,United States,2018,1.6653989840948569,0.814863906628825,0.2908164449371142,0.8727488999999999,0.8554442,1.0238056,0.32570282,11.746817902144706,12.978038848832002,3.7387139797210693,0.21984955668449402,0.11562817543745041,0.28632935136556625,0.6384093902431331,0.5961511135101318,0.8238690942469873,11.372517039984626,11.37128941001525,True
USA,United States,2019,1.1071415888139313,0.8572927030781602,0.503629953214535,0.884989,0.8727488999999999,1.0393531,0.33055916,11.763471891985654,12.980947013281373,3.7440237998962402,0.2235563099384308,0.11480309069156647,0.2906320095062256,0.6168579929855866,0.5943259596824646,1.6653989840948569,11.372517039984626,11.37128941001525,True
VEN,Venezuela (Bolivarian Republic of),1996,-2.162434184300821,-1.950390902062954,-1.2600148972527592,0.00122,0.000555,0.018265471,0.0,7.424654275680357,10.015297633438816,1.9892586469650269,0.2014024257659912,0.29115548729896545,0.3619667738676071,2.1036524727086725,0.42262211441993713,-1.4977403528332545,10.117862877583192,7.466603520875326,True
VEN,Venezuela (Bolivarian Republic of),1997,0.3667567864638066,1.6021882250421726,-4.054423091771042,0.00248,0.00122,0.02577074,0.0,7.403029933837349,10.002697484466289,2.020650863647461,0.17642733454704285,0.26474419236183167,0.39515136927366257,2.0515137360384905,0.42262211441993713,-2.162434184300821,10.117862877583192,7.466603520875326,True
VEN,Venezuela (Bolivarian Republic of),1998,-4.695280000329305,-4.272993065442387,-3.111435920223471,0.00391,0.00248,0.046528362999999996,0.0,7.406697501701987,9.962153253548578,2.0525386333465576,0.23152834177017212,0.24589481949806213,0.438982218503952,1.9994433468486061,0.42262211441993713,0.3667567864638066,10.117862877583192,7.466603520875326,True
VEN,Venezuela (Bolivarian Republic of),1999,-6.333990308757365,-6.302314000009068,0.7265215634115307,0.0138,0.00391,0.08550768,0.0,7.359744701698694,9.931038894346344,2.0849292278289795,0.25944530963897705,0.23299981653690338,0.43514586985111237,1.954786259007557,0.4745643436908722,-4.695280000329305,10.117862877583192,7.466603520875326,True
VEN,Venezuela (Bolivarian Republic of),2000,2.379297674425729,1.494396813889154,-0.2583275663521789,0.028399999999999998,0.0138,0.15791469,0.0,7.29640479861112,9.938304109980459,2.1178314685821533,0.22591406106948853,0.1914501190185547,0.4660213887691498,1.9192266970546434,0.4623044431209564,-6.333990308757365,10.117862877583192,7.466603520875326,True
VEN,Venezuela (Bolivarian Republic of),2001,-2.8873800354903167,-0.5832471568916586,-4.710668499366832,0.033595974,0.028399999999999998,0.22209145,0.00018237261,7.3201977753553775,9.935720834316937,2.151252508163452,0.20292013883590698,0.151993528008461,0.533697783946991,1.8885744071518218,0.4105197787284851,2.379297674425729,10.117862877583192,7.466603520875326,True
VEN,Venezuela (Bolivarian Republic of),2005,8.30893080955537,6.2705584956500635,0.21931126765295517,0.08404469499999999,0.074999633,0.31969294000000004,0.007980346000000001,7.199657870789891,9.8024659290117,2.307681083679199,0.16689784824848175,0.13214567303657532,0.4987155422568321,1.7264653166638944,0.37615281343460083,14.275263767749014,10.117862877583192,7.466603520875326,True
VEN,Venezuela (Bolivarian Republic of),2006,3.6993061503000746,4.10823870764867,-2.8333217947643874,0.12552998,0.08404469499999999,0.46650536000000004,0.013298014,7.282747178885445,9.804659041688229,2.348534345626831,0.1733725517988205,0.11283983290195465,0.5408140569925308,1.6626779074953024,0.3547036945819855,8.30893080955537,10.117862877583192,7.466603520875326,True
VEN,Venezuela (Bolivarian Republic of),2007,5.411024150139188,2.664784733900849,0.9847213700091118,0.15224711,0.12552998,0.6901628,0.019747813,7.3197402403884455,9.776325823740585,2.397188186645508,0.20933479070663452,0.11259426176548004,0.515350267291069,1.5680737739470096,0.3772788941860199,3.6993061503000746,10.117862877583192,7.466603520875326,True
VEN,Venezuela (Bolivarian Republic of),2008,2.064288778666956,0.5417579166138997,0.5220892153641188,0.20829999999999999,0.15224711,0.8615075,0.031024655999999998,7.373850481889837,9.786173037440676,2.446850299835205,0.24462385475635529,0.12125831097364426,0.47228725254535675,1.4692764586145657,0.4024970829486847,5.411024150139188,10.117862877583192,7.466603520875326,True
VEN,Venezuela (Bolivarian Republic of),2009,-5.137859536349509,-5.804027474397927,0.7724410447794483,0.2588,0.20829999999999999,0.9772108500000001,0.039749522,7.394493369676507,9.791393929594317,2.4975409507751465,0.2264367640018463,0.11630856990814209,0.4632869362831116,1.4147380739914173,0.3703128695487976,2.064288778666956,10.117862877583192,7.466603520875326,True
VEN,Venezuela (Bolivarian Republic of),2010,-2.18843330361862,-3.941544727958801,1.3687579154499474,0.327,0.2588,0.9889329499999999,0.04928382,7.343114774313012,9.799118340042112,2.5492818355560303,0.21870650351047516,0.14449459314346313,0.4214162826538086,1.4198170094014806,0.44361793994903564,-5.137859536349509,10.117862877583192,7.466603520875326,True
VEN,Venezuela (Bolivarian Republic of),2011,2.214256947898452,1.3002659504024017,0.28576298722402527,0.3737,0.327,0.96762,0.0580665,7.321230441276826,9.812805919196611,2.588259220123291,0.19438159465789795,0.1341702789068222,0.3488583043217659,1.4483133553443217,0.3675447404384613,-2.18843330361862,10.117862877583192,7.466603520875326,True
VEN,Venezuela (Bolivarian Republic of),2012,4.0059001502242175,2.1788588328797154,1.8939736967132248,0.4022,0.3737,0.9861843,0.06221089,7.34337301075581,9.815663549068852,2.6205151081085205,0.2145814448595047,0.14145933091640472,0.4405713677406311,1.5627427064804245,0.36603090167045593,2.214256947898452,10.117862877583192,7.466603520875326,True
VEN,Venezuela (Bolivarian Republic of),2013,-1.6197441063904527,-1.947095594728404,-0.3948844032349186,0.49050083,0.4022,1.0343525,0.06891524,7.383432012258052,9.834603286035984,2.6531729698181152,0.2625373303890228,0.1401788294315338,0.44363686442375183,1.6239789221373702,0.4030534625053406,4.0059001502242175,10.117862877583192,7.466603520875326,True
VEN,Venezuela (Bolivarian Republic of),2014,-5.088073413105931,-5.706119625303274,0.20788027374685214,0.5489999999999999,0.49050083,1.0328923,0.07466623,7.367234571194148,9.830654442003635,2.6862375736236572,0.22589430212974548,0.15824353694915771,0.4012867659330368,1.4210237898683253,0.40133777260780334,-1.6197441063904527,10.117862877583192,7.466603520875326,True
VEN,Venezuela (Bolivarian Republic of),2015,-6.761952346447231,-6.872653378232979,-0.1977086357427993,0.57,0.5489999999999999,1.0090546999999999,0.07933089,7.3163538370630885,9.832733244741103,2.719714403152466,0.19677503407001495,0.18496361374855042,0.3495597392320633,0.8756674200212533,0.48715677857398987,-5.088073413105931,10.117862877583192,7.466603520875326,True
ZAF,South Africa,1996,2.668499850163464,1.517704844777818,0.12234038127179048,0.006770000000000001,0.00247,0.012162938000000002,0.0,10.338620497518416,11.77532718666284,1.994951844215393,0.16195522248744965,0.13341094553470612,0.2850424349308014,2.126179960636243,0.5821835994720459,1.521219583063349,10.242400447426311,10.32533169352205,True
ZAF,South Africa,1997,1.0642967169962603,-0.20128345410129478,0.23390635571391982,0.00842,0.006770000000000001,0.02133824,0.0,10.365305496020051,11.776550590475559,2.0128448009490967,0.15092833340168,0.12842749059200287,0.24453246593475342,1.9247345923945502,0.5819438099861145,2.668499850163464,10.242400447426311,10.32533169352205,True
ZAF,South Africa,1998,-1.0316683248602132,-2.6818312874359633,0.2341084216492817,0.0163,0.00842,0.040543183999999996,0.0,10.375948463190014,11.778889654032698,2.0308985710144043,0.14932097494602203,0.13314558565616608,0.2622949779033661,1.751689474682827,0.5800915956497192,1.0642967169962603,10.242400447426311,10.32533169352205,True
ZAF,South Africa,1999,0.8002537991188774,0.013670388266157421,-0.5138895715873559,0.0291,0.0163,0.072777367,0.0,10.365631779941411,11.78123073824919,2.0491139888763428,0.15105724334716797,0.13205647468566895,0.23399462550878525,1.6033601507429829,0.5887944102287292,-1.0316683248602132,10.242400447426311,10.32533169352205,True
ZAF,South Africa,2000,2.692969261681455,1.8606252786938136,-0.3076154852662327,0.0412,0.0291,0.11189551,0.0,10.3736343179326,11.776091842533317,2.067492961883545,0.14620374143123627,0.13394156098365784,0.23949944972991943,1.4912273903004536,0.5834915637969971,0.8002537991188774,10.242400447426311,10.32533169352205,True
ZAF,South Africa,2001,6.091170539459867,3.3627606674473127,4.460880001430212,0.0534856,0.0412,0.17682462999999998,0.0,10.400564010549415,11.773015687680655,2.0860366821289062,0.146164670586586,0.1339300572872162,0.26206064224243164,1.4090288244267057,0.5610615015029907,2.692969261681455,10.242400447426311,10.32533169352205,True
ZAF,South Africa,2002,-1.2107377214443105,-0.9606221377304908,-3.7060265082846655,0.06346618999999999,0.0534856,0.22677582000000002,0.0,10.461475715944013,11.817624487694957,2.1245133876800537,0.14213338494300842,0.13623353838920593,0.2503284439444542,1.3332929702051466,0.5454134941101074,6.091170539459867,10.242400447426311,10.32533169352205,True
ZAF,South Africa,2003,5.095471460686873,3.4609609897918765,3.7113717904443178,0.067103224,0.06346618999999999,0.28534292,5.5581685e-05,10.44936833872957,11.78056422261211,2.1636998653411865,0.15066936612129211,0.1367809921503067,0.22437673062086105,1.2639182194201126,0.529168426990509,-1.2107377214443105,10.242400447426311,10.32533169352205,True
ZAF,South Africa,2004,3.5720820670725573,1.1648513536242966,1.2233049949763597,0.07007692,0.067103224,0.34762638,0.00041882172000000004,10.50032305333644,11.817677940516553,2.2036092281341553,0.16226685047149658,0.1480647325515747,0.27258580923080444,1.223838539933686,0.527124285697937,5.095471460686873,10.242400447426311,10.32533169352205,True
ZAF,South Africa,2005,6.037062216356048,1.8151582551546432,3.4674920593911196,0.08425118,0.07007692,0.4253602,0.0012247042,10.536043874007165,11.829910990466317,2.2442543506622314,0.17673726379871368,0.1518559753894806,0.3119599372148514,1.2177771861167308,0.5240961909294128,3.5720820670725573,10.242400447426311,10.32533169352205,True
ZAF,South Africa,2006,-7.650103801440444,-2.3413153947293472,-9.99111523870635,0.07488542599999999,0.08425118,0.6861978999999999,0.0033398643,10.596414496170725,11.864585911060228,2.285649299621582,0.17438781261444092,0.15478113293647766,0.3328837454319,1.237753149590759,0.5182737708091736,6.037062216356048,10.242400447426311,10.32533169352205,True
ZAF,South Africa,2007,3.952654936874822,1.228909059429821,2.4905959046387594,0.076071396,0.07488542599999999,0.7932674,0.006702471,10.51991345815632,11.764674758673165,2.327808141708374,0.18591290712356567,0.1543208658695221,0.3553839921951294,1.263600129058462,0.5136750936508179,-7.650103801440444,10.242400447426311,10.32533169352205,True
ZAF,South Africa,2008,-0.07803781029807055,-1.1000827803000865,1.1113794054065096,0.08065375,0.076071396,0.8371499,0.007480914,10.559440007525069,11.789580717719552,2.370744228363037,0.19286464154720306,0.15607458353042603,0.3689722418785095,1.2914943359612963,0.5128187537193298,3.952654936874822,10.242400447426311,10.32533169352205,True
ZAF,South Africa,2009,0.47293028440691387,-2.2668642331581363,5.317081708115268,0.0843,0.08065375,0.8803747,0.008334214,10.558659629422088,11.800694511773617,2.4144723415374756,0.2134726643562317,0.1662539392709732,0.38337546586990356,1.334129265018813,0.5155150294303894,-0.07803781029807055,10.242400447426311,10.32533169352205,True
ZAF,South Africa,2010,4.958205045498332,2.014414541580561,4.670985909761249,0.1,0.0843,0.8976867,0.0092985463,10.563388932266157,11.85386532885477,2.4590070247650146,0.2049199789762497,0.1827823966741562,0.30326198041439056,1.391533478569773,0.5224776268005371,0.47293028440691387,10.242400447426311,10.32533169352205,True
ZAF,South Africa,2011,-1.2461872621166492,-2.205662786591896,-1.5995821395010879,0.24,0.1,0.9623252,0.014194545999999999,10.61297098272114,11.900575187952382,2.5043632984161377,0.2050318717956543,0.18786413967609406,0.4003481864929199,1.455280038247464,0.5282972455024719,4.958205045498332,10.242400447426311,10.32533169352205,True
ZAF,South Africa,2012,1.7632106476245468,0.3961777210396686,2.3712219782753508,0.3397,0.24,1.2076564,0.017114756,10.600509110099974,11.884579366557372,2.5577144622802734,0.21782514452934265,0.19202709197998047,0.4651004672050476,1.524512221934149,0.5326507091522217,-1.2461872621166492,10.242400447426311,10.32533169352205,True
ZAF,South Africa,2013,0.31091134354692684,-0.8392845230812074,0.9062340819632198,0.41,0.3397,1.271676,0.020586596,10.61814121657622,11.908291586340125,2.5960116386413574,0.21535257995128632,0.18439927697181702,0.4565931409597397,1.5813594720384572,0.5370960831642151,1.7632106476245468,10.242400447426311,10.32533169352205,True
ZAF,South Africa,2014,1.1405305249379438,-0.7012127976387603,2.1147196937937096,0.465,0.41,1.4057603,0.029539974,10.621250330011689,11.917353927159757,2.6351492404937744,0.21791772544384003,0.19537433981895447,0.43353351950645447,1.604361811504873,0.5437981486320496,0.31091134354692684,10.242400447426311,10.32533169352205,True
ZAF,South Africa,2015,-3.363401770633878,-3.7033076365989785,-1.8184347718477767,0.49,0.465,1.4260448,0.030691931000000002,10.632655635261068,11.938501124097694,2.675950527191162,0.20532362163066864,0.2023402601480484,0.40438947081565857,1.5837985132474142,0.5523406267166138,1.1405305249379438,10.242400447426311,10.32533169352205,True
ZAF,South Africa,2016,-0.726966242598337,-2.2796870160268856,1.0893627448293586,0.519191,0.49,1.5513753,0.024845893,10.59902161755473,11.920316776379217,2.718503475189209,0.20179767906665802,0.20343463122844696,0.37474939227104187,1.5322354956680329,0.5616903305053711,-3.363401770633878,10.242400447426311,10.32533169352205,True
ZAF,South Africa,2017,-0.347414422140524,-0.9193823531178619,0.37310310652287626,0.54,0.519191,1.4392862,0.020097432,10.591751955128746,11.93121040382751,2.762902021408081,0.1794651746749878,0.21364422142505646,0.34933288395404816,1.471931703042273,0.5683430433273315,-0.726966242598337,10.242400447426311,10.32533169352205,True
ZAF,South Africa,2018,-1.289764660091386,-2.0212115164277034,-0.19309777456388844,0.561674,0.54,1.5354794,0.019487913,10.588277810907341,11.934941434892739,2.8092458248138428,0.1730114370584488,0.2199268937110901,0.38249610364437103,1.4169613615673704,0.5704144835472107,-0.347414422140524,10.242400447426311,10.32533169352205,True
ZAF,South Africa,2019,0.38632039337276325,-1.4332477256364908,1.9271549877229788,0.624,0.561674,1.5769191,0.018886817,10.575380164306427,11.9330104571471,2.8576412200927734,0.16484437882900238,0.22337421774864197,0.39673127233982086,1.3636909849200407,0.5708882808685303,-1.289764660091386,10.242400447426311,10.32533169352205,True
ZMB,Zambia,1996,2.855239395332987,5.653176699076489,-4.9716608240627735,8.779999999999999e-05,6.78e-05,0.00017814096,0.0,8.738721239951365,11.102042251332945,2.0999834537506104,0.1382661759853363,0.13109667599201202,0.34549057483673096,2.5256003248177894,0.4457208812236786,2.5928235586041737,8.276039936891598,8.762639589669494,True
ZMB,Zambia,1997,1.2357742550737072,3.377027936946803,-4.055127534239311,9.07e-05,8.779999999999999e-05,0.000305661,0.0,8.767273633904695,11.052325643092317,2.0932369232177734,0.15588872134685516,0.11311176419258118,0.29324252903461456,2.6376178256934946,0.4457208812236786,2.855239395332987,8.276039936891598,8.762639589669494,True
ZMB,Zambia,1998,-1.5498851095648192,-0.9588581350022107,-2.2177978440609536,9.329999999999999e-05,9.07e-05,0.0004981848600000001,0.0,8.779631376455432,11.011774367749924,2.0865120887756348,0.1554471254348755,0.11181800067424774,0.35032878816127777,2.723633984420104,0.4457208812236786,1.2357742550737072,8.276039936891598,8.762639589669494,True
ZMB,Zambia,1999,1.786600762905266,2.9502447803485934,-3.359939481277685,0.000302,9.329999999999999e-05,0.0008813082399999999,0.0,8.764132525359784,10.989596389309314,2.0798087120056152,0.19350598752498627,0.10362829267978668,0.3782482445240021,2.762874319828823,0.4457208812236786,-1.5498851095648192,8.276039936891598,8.762639589669494,True
ZMB,Zambia,2000,1.7406132674642194,1.9465665331642568,-2.0492648436398753,0.00147,0.000302,0.0029299763,0.0,8.781998532988837,10.955996994496537,2.073127031326294,0.22390033304691315,0.08737387508153915,0.3373304456472397,2.7400573925564498,0.4457208812236786,1.786600762905266,8.276039936891598,8.762639589669494,True
ZMB,Zambia,2001,3.270944864532588,2.716951674309276,-0.9375914867245427,0.0019107164,0.00147,0.009867902,2.0963040000000003e-06,8.799404665663479,10.935504346060139,2.0664665699005127,0.22229653596878052,0.0582866296172142,0.28561507165431976,2.6794387031246814,0.4457208812236786,1.7406132674642194,8.276039936891598,8.762639589669494,True
ZMB,Zambia,2002,2.937763847341479,1.895008077150312,-0.19810352140883225,0.0023312956,0.0019107164,0.011738288,3.0023673999999997e-06,8.832114114308805,10.926128431192893,2.0850298404693604,0.26588600873947144,0.06589128077030182,0.31711335480213165,2.61761398852447,0.4457208812236786,3.270944864532588,8.276039936891598,8.762639589669494,True
ZMB,Zambia,2003,4.8619005596119536,3.4506077406821407,-0.00969563701538334,0.004777509,0.0023312956,0.013062798,4.5079103e-06,8.86149175278222,10.924147395978805,2.103759527206421,0.2716063857078552,0.07587743550539017,0.2887207418680191,2.5805199095534803,0.4457208812236786,2.937763847341479,8.276039936891598,8.762639589669494,True
ZMB,Zambia,2004,4.81484535952692,3.7918829441441564,-0.6525415887184138,0.0098048306,0.004777509,0.021941814,8.2850835e-06,8.91011075837834,10.924050439608651,2.1226577758789062,0.2684721052646637,0.09128383547067642,0.28409097343683243,2.564827878463616,0.4457208812236786,4.8619005596119536,8.276039936891598,8.762639589669494,True
ZMB,Zambia,2005,3.9261447063674737,3.7311617254556895,-1.8297963924824856,0.011000000000000001,0.0098048306,0.040954832999999996,2.2049359999999997e-05,8.958259211973608,10.917525023721467,2.141725540161133,0.2652985453605652,0.1266585737466812,0.3879438489675522,2.5773692965540107,0.4457208812236786,4.81484535952692,8.276039936891598,8.762639589669494,True
ZMB,Zambia,2006,4.151954838162908,4.1488454251974645,-1.8727184584795609,0.013000000000000001,0.011000000000000001,0.08102855999999999,2.1333208e-05,8.997520659037283,10.899227059796642,2.1609647274017334,0.23073817789554596,0.1360911875963211,0.38890713453292847,2.6113881831423047,0.4457208812236786,3.9261447063674737,8.276039936891598,8.762639589669494,True
ZMB,Zambia,2007,4.397070927374713,4.316446488976963,-1.3092322429434589,0.016,0.013000000000000001,0.13713018999999999,0.00019283481,9.039040207418912,10.880499875211846,2.1730613708496094,0.23153430223464966,0.12883980572223663,0.48349541425704956,2.6407706461388347,0.4457208812236786,4.151954838162908,8.276039936891598,8.762639589669494,True
ZMB,Zambia,2008,3.851381196311543,4.077220538107677,-0.7702103676416883,0.019,0.016,0.21002849999999998,0.00031834245,9.08301091669266,10.867407552782412,2.18522572517395,0.21816053986549377,0.10150864720344543,0.4376644790172577,2.67026481819852,0.4457208812236786,4.397070927374713,8.276039936891598,8.762639589669494,True
ZMB,Zambia,2009,6.272589170579579,6.802378524089596,0.22818553940435748,0.022000000000000002,0.019,0.27178518,0.0004379739,9.121524728655775,10.859705449105995,2.197458028793335,0.25937506556510925,0.11340588331222534,0.440163254737854,2.7264151596819275,0.4457208812236786,3.851381196311543,8.276039936891598,8.762639589669494,True
ZMB,Zambia,2010,6.764022330378339,7.243447080029185,-0.1257717141477599,0.025,0.022000000000000002,0.32665343999999996,0.0007933055,9.18425062036157,10.861987304500039,2.209758996963501,0.27069738507270813,0.10689804702997208,0.33194921910762787,2.813365844104787,0.4457208812236786,6.272589170579579,8.276039936891598,8.762639589669494,True
ZMB,Zambia,2011,1.206300743598021,0.16650267790191964,-0.24745079247647794,0.03,0.025,0.39002929999999997,0.00073516384,9.251890843665354,10.860729587358561,2.2221286296844482,0.29505300521850586,0.09977290034294128,0.4404672682285309,2.9146629619097197,0.4457208812236786,6.764022330378339,8.276039936891598,8.762639589669494,True
ZMB,Zambia,2012,2.4921618276952273,2.3133329430987377,-1.6367553586020378,0.035,0.03,0.5654986000000001,0.0011369464,9.263953851101334,10.858255079433796,2.2754411697387695,0.3584807515144348,0.0989232286810875,0.48468273878097534,3.0203618886984973,0.4009774625301361,1.206300743598021,8.276039936891598,8.762639589669494,True
ZMB,Zambia,2013,-0.43849794948371823,-0.9616469825810146,-1.2644584717330432,0.040999999999999995,0.035,0.7057085999999999,0.0010057244,9.288875469378286,10.841887525847776,2.3300323486328125,0.3400146961212158,0.11305821686983109,0.5594926178455353,3.102899337523368,0.44242212176322937,2.4921618276952273,8.276039936891598,8.762639589669494,True
ZMB,Zambia,2014,0.6721702595177348,-1.8644539445184516,1.4007132035404268,0.048,0.040999999999999995,0.675096,0.0008732386999999999,9.28449048988345,10.829242941130445,2.3859336376190186,0.35003384947776794,0.12874792516231537,0.6159746646881104,3.13987962816773,0.3923841118812561,-0.43849794948371823,8.276039936891598,8.762639589669494,True
ZMB,Zambia,2015,-0.4014302010624249,-4.9788869821031465,3.804139826117847,0.065,0.048,0.63634266,0.0012910093,9.291212192478627,10.84325007316585,2.443176031112671,0.33288684487342834,0.15142624080181122,0.5410086214542389,3.1212638576774143,0.3985762596130371,0.6721702595177348,8.276039936891598,8.762639589669494,True
ZMB,Zambia,2016,-0.6209348258609637,-1.9905043744519668,1.3456780118753287,0.08800000000000001,0.065,0.70477844,0.0014262988,9.287197890468002,10.881291471427028,2.501791477203369,0.38629502058029175,0.16170795261859894,0.46234606206417084,3.0666472623595453,0.35282450914382935,-0.4014302010624249,8.276039936891598,8.762639589669494,True
ZMB,Zambia,2017,-0.7954982926403176,-2.6774547884531024,2.0784266200175594,0.10300000000000001,0.08800000000000001,0.71046074,0.0018791062999999998,9.280988542209393,10.894748251545781,2.5612146854400635,0.32669028639793396,0.1744045466184616,0.4190613180398941,3.0030462317777395,0.34085947275161743,-0.6209348258609637,8.276039936891598,8.762639589669494,True
ZMB,Zambia,2018,3.478022960496574,-0.41088717967033317,4.542492103823292,0.122,0.10300000000000001,0.7705001,0.0020590185,9.27303355928299,10.915532517745957,2.6024248600006104,0.35530051589012146,0.16825181245803833,0.48839789628982544,2.9513546463182827,0.28362613916397095,-0.7954982926403176,8.276039936891598,8.762639589669494,True
ZMB,Zambia,2019,-2.321935307911005,-3.218365568244837,1.2749856634325596,0.14299997,0.122,0.86072334,0.0040185674999999995,9.307813788887955,10.96095743878419,2.6442980766296387,0.3292265832424164,0.15280936658382416,0.5194883942604065,2.912672085601198,0.39030054211616516,3.478022960496574,8.276039936891598,8.762639589669494,True
ZWE,Zimbabwe,1996,9.174670401145057,8.652682914300005,-0.10953734096492695,7.68e-05,1.74e-05,0.0,0.0,8.379340762944418,9.326009020969192,1.9975305795669556,0.20274381339550018,0.22213323414325714,0.12946364656090736,1.3141243338021358,0.5333811044692993,-1.5623098833671634,9.498073480542507,8.389665519783854,True
ZWE,Zimbabwe,1997,1.733551220640983,1.0957067174805184,0.19207406967503005,0.000168,7.68e-05,0.0,0.0,8.471087466955868,9.324913647559542,2.0115838050842285,0.16771866381168365,0.16857945919036865,0.12983522191643715,1.1371976188350619,0.5333811044692993,9.174670401145057,9.498073480542507,8.389665519783854,True
ZWE,Zimbabwe,1998,1.0706543183198747,-0.4562958190672123,1.5244238841557234,0.00033099999999999997,0.000168,0.00050464682,0.0,8.488422979162278,9.326834388256293,2.025735855102539,0.15873904526233673,0.13751600682735443,0.16631029546260834,0.9659709768294888,0.5333811044692993,1.733551220640983,9.498073480542507,8.389665519783854,True
ZWE,Zimbabwe,1999,-2.785785736383062,-3.804022319287226,1.0991844126612804,0.0008160000000000001,0.00033099999999999997,0.0016452546,0.0,8.499129522345477,9.34207862709785,2.039987564086914,0.17446406185626984,0.14194075763225555,0.11729299649596214,0.8019593487540888,0.5333811044692993,1.0706543183198747,9.498073480542507,8.389665519783854,True
ZWE,Zimbabwe,2001,-1.7252362246550135,-2.704206017863342,0.6109108891402926,0.0040143353,0.0016200000000000001,0.022404959999999998,0.0,8.366705712645562,9.359051606566943,2.0687923431396484,0.2489178478717804,0.16033042967319489,0.15742678940296173,0.49576134407418593,0.5333811044692993,-10.456595233608468,9.498073480542507,8.389665519783854,True
ZWE,Zimbabwe,2002,-7.561319001850109,-7.730410074027083,-0.9687610015975068,0.0079984605,0.0040143353,0.02622825,6.44008e-05,8.349453350399012,9.365160715458346,2.1051790714263916,0.2051716297864914,0.12226703017950058,0.1423310898244381,0.35653306390508455,0.5333811044692993,-1.7252362246550135,9.498073480542507,8.389665519783854,True
ZWE,Zimbabwe,2003,-9.380693503292648,-10.129334693368557,-0.28881023263842565,0.011000000000000001,0.0079984605,0.028026865,0.00023552960000000002,8.27384016038051,9.355473105442371,2.1422061920166016,0.10104523599147797,0.122014619410038,0.2706007957458496,0.25442463248741554,0.5333811044692993,-7.561319001850109,9.498073480542507,8.389665519783854,True
ZWE,Zimbabwe,2004,-5.543148105173401,-4.153189508156252,-4.206676346423066,0.018000000000000002,0.011000000000000001,0.029728694,0.0005220594600000001,8.180033225347584,9.352585003115987,2.179884195327759,0.02785584330558777,0.15353618562221527,0.24747682362794876,0.233400842587983,0.5333811044692993,-9.380693503292648,9.498073480542507,8.389665519783854,True
ZWE,Zimbabwe,2005,-4.99644700936468,-3.289385864572114,-4.288942321918832,0.021,0.018000000000000002,0.034428966,0.0007251394999999999,8.12460174429585,9.310518239651756,2.2182250022888184,0.5280925631523132,0.1809626817703247,0.31762003898620605,0.3140389753095274,0.5333811044692993,-5.543148105173401,9.498073480542507,8.389665519783854,True
ZWE,Zimbabwe,2006,-4.713177805671087,-2.78572983126697,-4.240137512025122,0.024,0.021,0.051837506,0.0008158814,8.074637274202203,9.267628816432568,2.2572402954101562,0.8402891755104065,0.12050394713878632,0.3269553855061531,0.47132856256992817,0.5333811044692993,-4.99644700936468,9.498073480542507,8.389665519783854,True
ZWE,Zimbabwe,2007,-4.225912194769865,-3.103551285532946,-3.0949888492978417,0.024,0.024,0.06719817,0.00080718905,8.027505496145492,9.225227441312317,2.279855489730835,0.1926235854625702,0.28095823526382446,1.0498131811618805,0.650310827693934,0.5333811044692993,-4.713177805671087,9.498073480542507,8.389665519783854,True
ZWE,Zimbabwe,2008,-6.116509189432762,-3.806542330893037,-4.0207676122248515,0.03,0.024,0.09572387,0.0011879046,7.985246374197794,9.194277552819338,2.30269718170166,0.1425793319940567,0.19373267889022827,0.631197065114975,0.8228246896765601,0.5333811044692993,-4.225912194769865,9.498073480542507,8.389665519783854,True
ZWE,Zimbabwe,2011,11.492915224897793,8.648166762013897,1.5441664713925718,0.064,0.04,0.57649628,0.0024706982,8.548150134269745,9.186997399200889,2.3726048469543457,0.1568819284439087,0.16085579991340637,0.5479844510555267,1.3538925674875468,0.5333811044692993,16.699316651829044,9.498073480542507,8.389665519783854,True
ZWE,Zimbabwe,2013,-0.36105375884165625,-1.5507557436912185,-0.5089099411581088,0.12,0.084,0.9128700000000001,0.005203762,8.795852896389908,9.226613231828354,2.4598278999328613,0.07880643755197525,0.20417776703834534,0.5375846177339554,1.6980991106779086,0.5333811044692993,13.277360987118492,9.498073480542507,8.389665519783854,True
ZWE,Zimbabwe,2014,0.060835389760249825,-1.4365552281103724,0.055998183554351044,0.155,0.12,0.9728381,0.0074152576999999996,8.792242358801492,9.221524132416773,2.5046348571777344,0.07209061086177826,0.17583057284355164,0.4933299720287323,1.7776273991865654,0.5333811044692993,-0.36105375884165625,9.498073480542507,8.389665519783854,True
ZWE,Zimbabwe,2015,-0.25518192775191295,-1.808042792123275,0.3451428089258357,0.1636474,0.155,0.8304606,0.010715151000000001,8.792850712699094,9.222084114252317,2.550257682800293,0.07486788928508759,0.18117745220661163,0.40446558594703674,1.754756374782307,0.5333811044692993,0.060835389760249825,9.498073480542507,8.389665519783854,True
ZWE,Zimbabwe,2016,-0.9623324841584235,-1.9348166261661772,0.32990219992417025,0.227428,0.1636474,0.885992,0.011388767,8.790298893421575,9.225535542341575,2.58465313911438,0.07796315848827362,0.17640294134616852,0.4278651475906372,1.6636214868213095,0.5333811044692993,-0.25518192775191295,9.498073480542507,8.389665519783854,True
ZWE,Zimbabwe,2017,2.9590393560905426,1.9681769493195573,0.40844939023827465,0.23120000000000002,0.227428,0.8821004499999999,0.011700997,8.78067556857999,9.228834564340817,2.616257429122925,0.07616924494504929,0.16888737678527832,0.3831521272659302,1.5493382991400573,0.5333811044692993,-0.9623324841584235,9.498073480542507,8.389665519783854,True
ZWE,Zimbabwe,2018,3.168189191240778,1.7999872491380589,0.5469802037469051,0.244,0.23120000000000002,0.9513668,0.012645416,8.810265962140896,9.2329190582432,2.6482479572296143,0.07544837892055511,0.20710083842277527,0.3295486271381378,1.4594276084415547,0.5333811044692993,2.9590393560905426,9.498073480542507,8.389665519783854,True
