shape,rep,N,rho,method,irmse,ibias,ate_err,cover,ucover
constant,0,100,1.0,TWFE,0.6115880001147971,0.6115880001147971,0.6115880001147971,0.0,
constant,0,100,1.0,TWFE-interaction,0.8210421810436418,0.7251525983801461,0.6644504662750899,0.17647058823529413,
constant,0,100,1.0,FE-DML (constant),0.0665919403180879,0.0665919403180879,0.0665919403180879,1.0,
constant,0,100,1.0,FE-DML + R-learner,0.5399962633316225,0.06318109151591922,0.05316410890558276,,
constant,0,100,1.0,Pooled DML-sieve,0.43785548140557423,0.4128733022455897,0.4206007135591441,0.23529411764705882,
constant,0,100,1.0,Panel-DOSE,0.15159630092500914,0.05265677351454504,0.06019190017929987,1.0,1.0
constant,0,100,1.0,Panel-DOSE (unpenalised),0.30444183597038676,0.12850597070794437,0.0919445153793923,0.9411764705882353,1.0
constant,1,100,1.0,TWFE,0.4191590900144009,0.4191590900144009,0.4191590900144009,0.0,
constant,1,100,1.0,TWFE-interaction,0.7457802067781807,0.6905229179204326,0.5863883779425567,0.0,
constant,1,100,1.0,FE-DML (constant),0.06216804373208573,-0.06216804373208573,-0.06216804373208573,1.0,
constant,1,100,1.0,FE-DML + R-learner,0.5783472431288103,0.010304971214183101,-0.09172397564083912,,
constant,1,100,1.0,Pooled DML-sieve,0.5861266540445385,0.582492641588126,0.5757781384534546,0.0,
constant,1,100,1.0,Panel-DOSE,0.1994253051569684,-0.0409640432358726,-0.04844605168419536,1.0,1.0
constant,1,100,1.0,Panel-DOSE (unpenalised),0.47471146692736804,-0.05577592946085155,-0.08969222108819419,0.8235294117647058,1.0
constant,2,100,1.0,TWFE,0.5543774760868612,0.5543774760868612,0.5543774760868612,0.0,
constant,2,100,1.0,TWFE-interaction,0.6952405528169003,0.649807286732636,0.6070737120464804,0.0,
constant,2,100,1.0,FE-DML (constant),0.03186197240850497,0.03186197240850497,0.03186197240850497,1.0,
constant,2,100,1.0,FE-DML + R-learner,0.4961030602443899,0.23707959785008584,0.05767779601363965,,
constant,2,100,1.0,Pooled DML-sieve,0.44122278191915193,0.44054115324855186,0.4393689129211633,0.058823529411764705,
constant,2,100,1.0,Panel-DOSE,0.044777182395154144,0.03372407153491388,0.031011682077828784,1.0,1.0
constant,2,100,1.0,Panel-DOSE (unpenalised),0.181807595560708,0.09006554377777846,0.04891162831468354,1.0,1.0
constant,3,100,1.0,TWFE,0.67903931823903,0.67903931823903,0.67903931823903,0.0,
constant,3,100,1.0,TWFE-interaction,0.9041785345437351,0.8670679574984322,0.7943947400888427,0.0,
constant,3,100,1.0,FE-DML (constant),0.1092027383136267,0.1092027383136267,0.1092027383136267,1.0,
constant,3,100,1.0,FE-DML + R-learner,0.44589147567887694,0.23008214565509694,0.12031039604331717,,
constant,3,100,1.0,Pooled DML-sieve,0.8521821253026828,0.8012555372156642,0.7482726034784701,0.11764705882352941,
constant,3,100,1.0,Panel-DOSE,0.19984980457205392,0.13707903911888794,0.09888601111449713,1.0,1.0
constant,3,100,1.0,Panel-DOSE (unpenalised),0.32371686940395467,0.13679621092030622,0.09806969174572266,0.8823529411764706,1.0
constant,4,100,1.0,TWFE,0.8537306253185195,0.8537306253185195,0.8537306253185195,0.0,
constant,4,100,1.0,TWFE-interaction,1.0354768005175021,0.95473942571024,0.9090874654517243,0.058823529411764705,
constant,4,100,1.0,FE-DML (constant),0.11649667140870612,0.11649667140870612,0.11649667140870612,1.0,
constant,4,100,1.0,FE-DML + R-learner,0.6335648199066601,0.09421054503309492,0.08924633209723076,,
constant,4,100,1.0,Pooled DML-sieve,0.7458628563355257,0.6599627036560084,0.61815631858845,0.17647058823529413,
constant,4,100,1.0,Panel-DOSE,0.19837767733975067,0.13068207642846855,0.12370863915557084,0.7058823529411765,1.0
constant,4,100,1.0,Panel-DOSE (unpenalised),0.2716693598624252,0.1312772852757588,0.10475068701995771,0.9411764705882353,1.0
constant,5,100,1.0,TWFE,0.647701577795168,0.647701577795168,0.647701577795168,0.0,
constant,5,100,1.0,TWFE-interaction,0.8153752463789887,0.7781162265044105,0.7625993748321827,0.0,
constant,5,100,1.0,FE-DML (constant),0.18460076495659017,0.18460076495659017,0.18460076495659017,0.0,
constant,5,100,1.0,FE-DML + R-learner,0.49358718926470385,-0.01796447003750108,0.14600222480934155,,
constant,5,100,1.0,Pooled DML-sieve,0.7567815224659517,0.7278947886606283,0.7879058139127559,0.17647058823529413,
constant,5,100,1.0,Panel-DOSE,0.18645655930638833,0.14331616765443722,0.16830467603534816,0.6470588235294118,0.0
constant,5,100,1.0,Panel-DOSE (unpenalised),0.24000238916644037,0.10957767930765301,0.18361999340358492,0.8235294117647058,1.0
constant,6,100,1.0,TWFE,0.9084113467261823,0.9084113467261823,0.9084113467261823,0.0,
constant,6,100,1.0,TWFE-interaction,0.9818198729986518,0.9562037487451095,0.9486541367378323,0.0,
constant,6,100,1.0,FE-DML (constant),0.12878926423810788,0.12878926423810788,0.12878926423810788,1.0,
constant,6,100,1.0,FE-DML + R-learner,0.508851773604802,0.12819839861508106,0.1317372123562759,,
constant,6,100,1.0,Pooled DML-sieve,0.6314772218014721,0.6283444306696053,0.6291384446273331,0.0,
constant,6,100,1.0,Panel-DOSE,0.13400125396196189,0.1048754397060008,0.12254979579523817,0.7058823529411765,0.0
constant,6,100,1.0,Panel-DOSE (unpenalised),0.1924565678824279,0.06711778996654691,0.11761178510487191,0.8823529411764706,1.0
constant,7,100,1.0,TWFE,0.7389345563070495,0.7389345563070495,0.7389345563070495,0.0,
constant,7,100,1.0,TWFE-interaction,0.9378498662267991,0.9148761757546355,0.8574452796441014,0.0,
constant,7,100,1.0,FE-DML (constant),0.13263236849773974,0.13263236849773974,0.13263236849773974,1.0,
constant,7,100,1.0,FE-DML + R-learner,0.8007620636651497,-0.24509932709821652,0.12921305630714452,,
constant,7,100,1.0,Pooled DML-sieve,0.6619796464974396,0.5627738932791226,0.6682336614739679,0.5294117647058824,
constant,7,100,1.0,Panel-DOSE,0.4166766314354549,0.007754490863183838,0.12491328451457884,0.7058823529411765,0.0
constant,7,100,1.0,Panel-DOSE (unpenalised),0.5727585787159583,0.012298662100280378,0.13050195228744177,0.7647058823529411,1.0
constant,8,100,1.0,TWFE,0.6314086603846649,0.6314086603846649,0.6314086603846649,0.0,
constant,8,100,1.0,TWFE-interaction,0.766830789263861,0.6895244989165771,0.716420365189252,0.11764705882352941,
constant,8,100,1.0,FE-DML (constant),0.08652347063874322,0.08652347063874322,0.08652347063874322,1.0,
constant,8,100,1.0,FE-DML + R-learner,0.6857385299838948,0.07250584789077993,0.09219933291664795,,
constant,8,100,1.0,Pooled DML-sieve,0.6023602332329059,0.563010379071059,0.6061529346864039,0.23529411764705882,
constant,8,100,1.0,Panel-DOSE,0.3184917232299668,-0.02580612309315445,0.070998278229224,0.5882352941176471,0.0
constant,8,100,1.0,Panel-DOSE (unpenalised),0.5080903243443142,-0.08765918033965864,0.07132521630482125,0.8823529411764706,0.0
constant,9,100,1.0,TWFE,0.6459485750318403,0.6459485750318403,0.6459485750318403,0.0,
constant,9,100,1.0,TWFE-interaction,0.8370563147162254,0.8018047307729296,0.7660996849791399,0.0,
constant,9,100,1.0,FE-DML (constant),0.005735187386249008,0.005735187386249008,0.005735187386249008,1.0,
constant,9,100,1.0,FE-DML + R-learner,0.5950001612439866,-0.16537460634447712,-0.08679784468470231,,
constant,9,100,1.0,Pooled DML-sieve,0.6428011006703133,0.6410533539835784,0.633960341349352,0.0,
constant,9,100,1.0,Panel-DOSE,0.0241556544960025,0.004811466998189945,0.004273464444297881,1.0,1.0
constant,9,100,1.0,Panel-DOSE (unpenalised),0.15050906731908725,-0.04275791212449419,0.004696158612718326,1.0,1.0
constant,10,100,1.0,TWFE,0.7116450474987635,0.7116450474987635,0.7116450474987635,0.0,
constant,10,100,1.0,TWFE-interaction,0.85283806505965,0.8111531479311822,0.8351860144724739,0.0,
constant,10,100,1.0,FE-DML (constant),0.08647333694485626,0.08647333694485626,0.08647333694485626,1.0,
constant,10,100,1.0,FE-DML + R-learner,0.705554923906186,0.16491953903234796,0.1927045525943265,,
constant,10,100,1.0,Pooled DML-sieve,0.6501038352579241,0.6451580270232109,0.6641288678656612,0.0,
constant,10,100,1.0,Panel-DOSE,0.2149968230192741,0.047489300085802634,0.10930302907154354,1.0,1.0
constant,10,100,1.0,Panel-DOSE (unpenalised),0.2715013414389432,0.021791644159191586,0.12075140098108306,0.9411764705882353,1.0
constant,11,100,1.0,TWFE,0.7177192596622997,0.7177192596622997,0.7177192596622997,0.0,
constant,11,100,1.0,TWFE-interaction,0.7722906225554497,0.717177185828658,0.7433939874903068,0.11764705882352941,
constant,11,100,1.0,FE-DML (constant),0.02165105161768155,-0.02165105161768155,-0.02165105161768155,1.0,
constant,11,100,1.0,FE-DML + R-learner,0.5957618900698527,-0.243166612609756,-0.06504066237059836,,
constant,11,100,1.0,Pooled DML-sieve,0.5765545873031128,0.557111357944315,0.5928736128474885,0.17647058823529413,
constant,11,100,1.0,Panel-DOSE,0.18669335344230742,-0.0977499164773919,-0.04745100040570127,1.0,1.0
constant,11,100,1.0,Panel-DOSE (unpenalised),0.300369448902991,-0.13547587602334488,-0.08791606809839603,1.0,1.0
constant,12,100,1.0,TWFE,0.5569367339472584,0.5569367339472584,0.5569367339472584,0.0,
constant,12,100,1.0,TWFE-interaction,0.6855938342154123,0.6534974284377294,0.6111217325923388,0.0,
constant,12,100,1.0,FE-DML (constant),0.11194888250982304,-0.11194888250982304,-0.11194888250982304,1.0,
constant,12,100,1.0,FE-DML + R-learner,0.5226368881729494,0.13767977085225577,-0.059145512443526504,,
constant,12,100,1.0,Pooled DML-sieve,0.5404526968105721,0.5024263700675364,0.5148374218473597,0.17647058823529413,
constant,12,100,1.0,Panel-DOSE,0.11955056032128732,-0.1067520405516773,-0.10944688258905266,1.0,1.0
constant,12,100,1.0,Panel-DOSE (unpenalised),0.2009833188865488,-0.08352322699489895,-0.08663606415451786,1.0,1.0
constant,13,100,1.0,TWFE,0.6314842268791556,0.6314842268791556,0.6314842268791556,0.0,
constant,13,100,1.0,TWFE-interaction,0.8802800400242563,0.7848297459168317,0.7897577072844717,0.11764705882352941,
constant,13,100,1.0,FE-DML (constant),0.04702162272948085,0.04702162272948085,0.04702162272948085,1.0,
constant,13,100,1.0,FE-DML + R-learner,0.6915392959742158,0.09903974939237616,0.06541356795006026,,
constant,13,100,1.0,Pooled DML-sieve,0.5108329695607337,0.5106599321133313,0.5122076088126808,0.0,
constant,13,100,1.0,Panel-DOSE,0.08425980400607905,0.042131347199196964,0.050626253026595514,1.0,1.0
constant,13,100,1.0,Panel-DOSE (unpenalised),0.1589304259037771,0.042887096398643854,0.01760149733899108,1.0,1.0
constant,14,100,1.0,TWFE,0.7989513138380993,0.7989513138380993,0.7989513138380993,0.0,
constant,14,100,1.0,TWFE-interaction,1.0800212214679368,1.0037341125796322,0.9602223456373391,0.0,
constant,14,100,1.0,FE-DML (constant),0.20483729920423177,0.20483729920423177,0.20483729920423177,0.0,
constant,14,100,1.0,FE-DML + R-learner,0.5981007743931391,0.18058176856231242,0.21014252359971208,,
constant,14,100,1.0,Pooled DML-sieve,0.8163817013904615,0.774770600486157,0.7805774675934691,0.058823529411764705,
constant,14,100,1.0,Panel-DOSE,0.2737742425121516,0.2207265070661651,0.21845372755179127,0.4117647058823529,0.0
constant,14,100,1.0,Panel-DOSE (unpenalised),0.24573587067310348,0.18052760210529803,0.22424142296690253,0.8823529411764706,1.0
constant,15,100,1.0,TWFE,0.7149479398267646,0.7149479398267646,0.7149479398267646,0.0,
constant,15,100,1.0,TWFE-interaction,1.0238290320203198,0.9535605395443563,0.9067531675189993,0.0,
constant,15,100,1.0,FE-DML (constant),0.07226714936258816,0.07226714936258816,0.07226714936258816,1.0,
constant,15,100,1.0,FE-DML + R-learner,0.40384838123872385,-0.04744979470962364,0.05997415917157123,,
constant,15,100,1.0,Pooled DML-sieve,0.7430882379327148,0.7246581836139809,0.726303763477405,0.11764705882352941,
constant,15,100,1.0,Panel-DOSE,0.10131232812370583,0.036815121452693146,0.07038094644317971,1.0,1.0
constant,15,100,1.0,Panel-DOSE (unpenalised),0.1974617068496079,0.02654871350458093,0.08587497334238603,1.0,1.0
constant,16,100,1.0,TWFE,0.6676424658709967,0.6676424658709967,0.6676424658709967,0.0,
constant,16,100,1.0,TWFE-interaction,0.8609122941912305,0.8139019659141522,0.7849811443427719,0.0,
constant,16,100,1.0,FE-DML (constant),0.0548052869058957,0.0548052869058957,0.0548052869058957,1.0,
constant,16,100,1.0,FE-DML + R-learner,0.6202919914994661,0.3354568462982562,0.07236930359495974,,
constant,16,100,1.0,Pooled DML-sieve,0.6242653214997834,0.6188714807593589,0.5971177090647344,0.11764705882352941,
constant,16,100,1.0,Panel-DOSE,0.065964953459596,0.055907905634107975,0.05364550344333874,1.0,1.0
constant,16,100,1.0,Panel-DOSE (unpenalised),0.17601002748606004,0.09893205283336834,0.04839407989363065,1.0,1.0
constant,17,100,1.0,TWFE,0.47434326250429226,0.4743432625042922,0.47434326250429226,0.0,
constant,17,100,1.0,TWFE-interaction,0.6870627892200656,0.6275500944038589,0.613736772525951,0.0,
constant,17,100,1.0,FE-DML (constant),0.03402950240822866,0.03402950240822866,0.03402950240822866,1.0,
constant,17,100,1.0,FE-DML + R-learner,0.5981732328054176,0.06871254215296876,0.03843980165279892,,
constant,17,100,1.0,Pooled DML-sieve,0.6563923063939862,0.6535122352450464,0.657424838803379,0.0,
constant,17,100,1.0,Panel-DOSE,0.12730398392326417,0.039382135638399596,0.04902498946142142,1.0,1.0
constant,17,100,1.0,Panel-DOSE (unpenalised),0.20681454022038362,0.04446444858155261,0.07905793767318836,1.0,1.0
constant,18,100,1.0,TWFE,0.6396499895448249,0.6396499895448249,0.6396499895448249,0.0,
constant,18,100,1.0,TWFE-interaction,0.9041344777723321,0.818628210532328,0.8019400269940926,0.0,
constant,18,100,1.0,FE-DML (constant),0.051901201229767935,0.051901201229767935,0.051901201229767935,1.0,
constant,18,100,1.0,FE-DML + R-learner,0.5307390550910662,-0.12609125488997264,0.08489887279269137,,
constant,18,100,1.0,Pooled DML-sieve,0.5191516682883605,0.5191198101727886,0.518502676077383,0.0,
constant,18,100,1.0,Panel-DOSE,0.05241686771508002,0.03665209087593349,0.04457772535457116,1.0,1.0
constant,18,100,1.0,Panel-DOSE (unpenalised),0.13366285598864913,-0.002261889804086148,0.04931053224090842,1.0,1.0
constant,19,100,1.0,TWFE,0.5023188038577597,0.5023188038577597,0.5023188038577597,0.0,
constant,19,100,1.0,TWFE-interaction,0.7000564172320831,0.6154309741356289,0.6339534908906617,0.23529411764705882,
constant,19,100,1.0,FE-DML (constant),0.08308838767813143,0.08308838767813143,0.08308838767813143,1.0,
constant,19,100,1.0,FE-DML + R-learner,0.6587403427534304,0.021980236907041154,0.08858591010404404,,
constant,19,100,1.0,Pooled DML-sieve,0.7040501339116004,0.6919047216884372,0.7112589872681969,0.11764705882352941,
constant,19,100,1.0,Panel-DOSE,0.08333895959830993,0.08329941230359161,0.08291787454267574,1.0,1.0
constant,19,100,1.0,Panel-DOSE (unpenalised),0.16298843815650937,0.044484245983861394,0.11490116155594476,1.0,1.0
constant,20,100,1.0,TWFE,0.6145893808817857,0.6145893808817857,0.6145893808817857,0.0,
constant,20,100,1.0,TWFE-interaction,0.8456874712587533,0.766586560785528,0.7414300437890442,0.11764705882352941,
constant,20,100,1.0,FE-DML (constant),0.01009351648636203,0.01009351648636203,0.01009351648636203,1.0,
constant,20,100,1.0,FE-DML + R-learner,0.6143963440984449,-0.11903325558652167,-0.021615764259115267,,
constant,20,100,1.0,Pooled DML-sieve,0.5709352197110164,0.5104767145816397,0.5224612780907378,0.23529411764705882,
constant,20,100,1.0,Panel-DOSE,0.09328529678108251,-0.03413278725399059,-0.008922786095611701,1.0,1.0
constant,20,100,1.0,Panel-DOSE (unpenalised),0.20148295723552231,-0.04094215344534127,-0.038783965602550374,1.0,1.0
constant,21,100,1.0,TWFE,0.6807069201068525,0.6807069201068525,0.6807069201068525,0.0,
constant,21,100,1.0,TWFE-interaction,0.9247322972074795,0.8169964995140798,0.8008884227898951,0.17647058823529413,
constant,21,100,1.0,FE-DML (constant),0.03732141474280071,-0.03732141474280071,-0.03732141474280071,1.0,
constant,21,100,1.0,FE-DML + R-learner,0.574059060862786,-0.060094810134339954,-0.04447850095587913,,
constant,21,100,1.0,Pooled DML-sieve,0.44154440276451234,0.4280399984173925,0.4020841906311603,0.17647058823529413,
constant,21,100,1.0,Panel-DOSE,0.0931246896493594,-0.04040794227731885,-0.042051333873646124,1.0,1.0
constant,21,100,1.0,Panel-DOSE (unpenalised),0.1458073416322723,0.014088675524297227,-0.039792873986899235,1.0,1.0
constant,22,100,1.0,TWFE,0.5919998601386238,0.5919998601386238,0.5919998601386238,0.0,
constant,22,100,1.0,TWFE-interaction,0.8270570742505066,0.763461787003514,0.71283666013363,0.0,
constant,22,100,1.0,FE-DML (constant),0.0751981488778326,0.0751981488778326,0.0751981488778326,1.0,
constant,22,100,1.0,FE-DML + R-learner,0.541085082007842,0.021859618043853724,0.10189323731255295,,
constant,22,100,1.0,Pooled DML-sieve,0.5120696912100359,0.47973985257970725,0.4814663592939352,0.17647058823529413,
constant,22,100,1.0,Panel-DOSE,0.18195938567639028,0.11992895296636584,0.0959858163837386,0.8823529411764706,1.0
constant,22,100,1.0,Panel-DOSE (unpenalised),0.27411495888074716,0.15753237276519738,0.08705284194882679,1.0,1.0
constant,23,100,1.0,TWFE,0.5123891935633769,0.5123891935633769,0.5123891935633769,0.0,
constant,23,100,1.0,TWFE-interaction,0.747037633118914,0.6413069618458023,0.596105090712739,0.23529411764705882,
constant,23,100,1.0,FE-DML (constant),0.013503521111112082,0.013503521111112082,0.013503521111112082,1.0,
constant,23,100,1.0,FE-DML + R-learner,0.672311519026462,-0.1055003291270972,0.012046456592137655,,
constant,23,100,1.0,Pooled DML-sieve,0.540092906046778,0.5380121321123527,0.5201401612589811,0.058823529411764705,
constant,23,100,1.0,Panel-DOSE,0.017975427007777205,0.016421003125607844,0.014241322878038476,1.0,1.0
constant,23,100,1.0,Panel-DOSE (unpenalised),0.22743032880363517,0.05772678485560062,0.033454446278017524,1.0,1.0
constant,24,100,1.0,TWFE,0.6530644010273245,0.6530644010273245,0.6530644010273245,0.0,
constant,24,100,1.0,TWFE-interaction,0.8513040997255724,0.8067069413109519,0.7687671828061009,0.0,
constant,24,100,1.0,FE-DML (constant),0.09021805839268948,0.09021805839268948,0.09021805839268948,1.0,
constant,24,100,1.0,FE-DML + R-learner,0.5952647612701696,0.2414942383504624,0.12076954100444715,,
constant,24,100,1.0,Pooled DML-sieve,0.7062887221035705,0.6580259756751494,0.6384566129875875,0.11764705882352941,
constant,24,100,1.0,Panel-DOSE,0.20488773517951075,0.06811258120094235,0.07219147766327305,1.0,1.0
constant,24,100,1.0,Panel-DOSE (unpenalised),0.31307023216599694,0.06947752598789993,0.08801301520933968,0.8823529411764706,1.0
constant,25,100,1.0,TWFE,0.5688067347489458,0.5688067347489458,0.5688067347489458,0.0,
constant,25,100,1.0,TWFE-interaction,0.7011590659834563,0.6783996000293897,0.6544522375168329,0.0,
constant,25,100,1.0,FE-DML (constant),0.013530882150306622,-0.013530882150306622,-0.013530882150306622,1.0,
constant,25,100,1.0,FE-DML + R-learner,0.6898130870019639,0.17850371278951188,0.019550318139522682,,
constant,25,100,1.0,Pooled DML-sieve,0.5458919656170523,0.542004633479882,0.5342855728953555,0.11764705882352941,
constant,25,100,1.0,Panel-DOSE,0.19239532484773356,0.015320456945163414,-0.014097359129647269,1.0,1.0
constant,25,100,1.0,Panel-DOSE (unpenalised),0.3404724448383913,0.045647748436462104,-0.012041961866976592,0.8823529411764706,1.0
constant,26,100,1.0,TWFE,0.5296861045659189,0.5296861045659189,0.5296861045659189,0.0,
constant,26,100,1.0,TWFE-interaction,0.7312738531184625,0.694764966830357,0.6662646603546969,0.0,
constant,26,100,1.0,FE-DML (constant),0.09322687556637588,0.09322687556637588,0.09322687556637588,1.0,
constant,26,100,1.0,FE-DML + R-learner,0.6371691496663144,-0.02218956524418194,0.058617094285621896,,
constant,26,100,1.0,Pooled DML-sieve,0.5868762405006374,0.585618329996012,0.5930648354753716,0.0,
constant,26,100,1.0,Panel-DOSE,0.13018177118537283,0.09874200086711732,0.08229211667221081,1.0,1.0
constant,26,100,1.0,Panel-DOSE (unpenalised),0.22734083971373034,0.15271768600124047,0.06148443303937068,1.0,1.0
constant,27,100,1.0,TWFE,0.7619081194609509,0.7619081194609509,0.7619081194609509,0.0,
constant,27,100,1.0,TWFE-interaction,0.9579922061266118,0.8938322152770652,0.8674748127667835,0.0,
constant,27,100,1.0,FE-DML (constant),0.11758153260179549,0.11758153260179549,0.11758153260179549,1.0,
constant,27,100,1.0,FE-DML + R-learner,0.7243684481960563,0.38202217051640863,0.16649001565753196,,
constant,27,100,1.0,Pooled DML-sieve,0.7193978230790569,0.717253352820493,0.7216199667606886,0.0,
constant,27,100,1.0,Panel-DOSE,0.15236042371529712,0.1139983429807202,0.12456088708143231,0.8235294117647058,1.0
constant,27,100,1.0,Panel-DOSE (unpenalised),0.40995537961267764,0.2061212795070625,0.1421846300136338,0.8235294117647058,0.0
constant,28,100,1.0,TWFE,0.6880647704314855,0.6880647704314855,0.6880647704314855,0.0,
constant,28,100,1.0,TWFE-interaction,0.8843813675108475,0.8587100646265978,0.8093559828039443,0.0,
constant,28,100,1.0,FE-DML (constant),0.055772382188484126,0.055772382188484126,0.055772382188484126,1.0,
constant,28,100,1.0,FE-DML + R-learner,0.4236846481511344,0.06715370706890252,0.04393933014389528,,
constant,28,100,1.0,Pooled DML-sieve,0.7067248373342319,0.7047434876449744,0.7123800543365357,0.058823529411764705,
constant,28,100,1.0,Panel-DOSE,0.07796723638923077,0.05799298510142213,0.051976530435931645,1.0,1.0
constant,28,100,1.0,Panel-DOSE (unpenalised),0.16682022759766532,0.023894805348868446,0.03211257418405866,1.0,1.0
constant,29,100,1.0,TWFE,0.518295878898577,0.518295878898577,0.518295878898577,0.0,
constant,29,100,1.0,TWFE-interaction,0.839069177679098,0.7308459570402082,0.6265283827768136,0.058823529411764705,
constant,29,100,1.0,FE-DML (constant),0.10417222194801101,-0.10417222194801101,-0.10417222194801101,1.0,
constant,29,100,1.0,FE-DML + R-learner,0.5925019678644682,-0.2909392369746949,-0.12370105006939691,,
constant,29,100,1.0,Pooled DML-sieve,0.41656015054917506,0.41247321573220447,0.4198436811713029,0.23529411764705882,
constant,29,100,1.0,Panel-DOSE,0.14722545810843793,-0.1308075142627778,-0.11362600945228629,1.0,1.0
constant,29,100,1.0,Panel-DOSE (unpenalised),0.21733177348996832,-0.1349335816433046,-0.11614772293806241,1.0,1.0
constant,30,100,1.0,TWFE,0.6721368607981815,0.6721368607981815,0.6721368607981815,0.0,
constant,30,100,1.0,TWFE-interaction,0.830539750169406,0.8043404148418352,0.7387310513153771,0.0,
constant,30,100,1.0,FE-DML (constant),0.08218338179735785,0.08218338179735785,0.08218338179735785,1.0,
constant,30,100,1.0,FE-DML + R-learner,0.6255868192810519,-0.031972396009000446,0.006602084752417303,,
constant,30,100,1.0,Pooled DML-sieve,0.5982027428377469,0.5382341747768932,0.5341724917756692,0.17647058823529413,
constant,30,100,1.0,Panel-DOSE,0.25744573721556113,0.06247724724047338,0.07572614926298349,1.0,1.0
constant,30,100,1.0,Panel-DOSE (unpenalised),0.48627469946341184,0.0013736448183883218,0.06830897374673017,0.8823529411764706,1.0
constant,31,100,1.0,TWFE,0.7607339001686795,0.7607339001686795,0.7607339001686795,0.0,
constant,31,100,1.0,TWFE-interaction,0.8545809466994009,0.8356178788809261,0.785262498328327,0.0,
constant,31,100,1.0,FE-DML (constant),0.1221958685665514,0.12219586856655142,0.1221958685665514,1.0,
constant,31,100,1.0,FE-DML + R-learner,0.6232698523128255,-0.063330849454935,0.09226051256837509,,
constant,31,100,1.0,Pooled DML-sieve,0.6170272910799399,0.6167699100091995,0.6171887615972944,0.0,
constant,31,100,1.0,Panel-DOSE,0.15082488839424718,0.11161904447862635,0.11646516571721821,0.8235294117647058,1.0
constant,31,100,1.0,Panel-DOSE (unpenalised),0.20442794365245637,0.05764158923678281,0.10363026507743611,1.0,1.0
constant,32,100,1.0,TWFE,0.806314267047525,0.806314267047525,0.806314267047525,0.0,
constant,32,100,1.0,TWFE-interaction,1.0046265928200666,0.9576745939800597,0.9210933673598583,0.0,
constant,32,100,1.0,FE-DML (constant),0.15788477947687807,0.15788477947687807,0.15788477947687807,1.0,
constant,32,100,1.0,FE-DML + R-learner,0.6051266502519878,0.24382310879196367,0.22350021438081313,,
constant,32,100,1.0,Pooled DML-sieve,0.7057776480900924,0.6718813753587641,0.6457149023860782,0.29411764705882354,
constant,32,100,1.0,Panel-DOSE,0.16992511272687635,0.1630711127599881,0.16538010289253702,0.9411764705882353,1.0
constant,32,100,1.0,Panel-DOSE (unpenalised),0.283475405096581,0.18798959058622633,0.1615753194740417,0.7647058823529411,1.0
constant,33,100,1.0,TWFE,0.650846146765367,0.650846146765367,0.650846146765367,0.0,
constant,33,100,1.0,TWFE-interaction,0.8439393172316388,0.793723447916235,0.7760098070169574,0.11764705882352941,
constant,33,100,1.0,FE-DML (constant),0.003929505368533093,0.003929505368533093,0.003929505368533093,1.0,
constant,33,100,1.0,FE-DML + R-learner,0.6784629683013276,0.023429685835447297,0.07196400896813837,,
constant,33,100,1.0,Pooled DML-sieve,0.5310505315337651,0.5288340179581413,0.5269669776696881,0.11764705882352941,
constant,33,100,1.0,Panel-DOSE,0.03569761083212806,0.0018811897568107435,1.5592996877034082e-05,1.0,1.0
constant,33,100,1.0,Panel-DOSE (unpenalised),0.12856951134601696,-0.014050544966063446,0.0027790108975602745,1.0,1.0
constant,34,100,1.0,TWFE,0.5324159414730041,0.5324159414730041,0.5324159414730041,0.0,
constant,34,100,1.0,TWFE-interaction,0.7753831932173162,0.7133696499587014,0.6453619504919703,0.0,
constant,34,100,1.0,FE-DML (constant),0.06843521676037634,0.06843521676037634,0.06843521676037634,1.0,
constant,34,100,1.0,FE-DML + R-learner,0.5056316431723891,0.054213130543988096,0.11964541142539242,,
constant,34,100,1.0,Pooled DML-sieve,0.5228324068542004,0.5162486196808054,0.5397742733278754,0.23529411764705882,
constant,34,100,1.0,Panel-DOSE,0.09127541395052219,0.053426090455628045,0.0680124981257395,1.0,1.0
constant,34,100,1.0,Panel-DOSE (unpenalised),0.18723772518830092,0.06200021710048861,0.07854399884831897,0.8823529411764706,1.0
constant,35,100,1.0,TWFE,0.3898175591592412,0.3898175591592412,0.3898175591592412,0.0,
constant,35,100,1.0,TWFE-interaction,0.6171907866014325,0.5745775728015098,0.4929529413230953,0.0,
constant,35,100,1.0,FE-DML (constant),0.007948813432109292,-0.007948813432109292,-0.007948813432109292,1.0,
constant,35,100,1.0,FE-DML + R-learner,0.6044656837075935,0.1794856490329007,-0.06325364768158015,,
constant,35,100,1.0,Pooled DML-sieve,0.600534935520429,0.5985870271005522,0.5873394756179284,0.0,
constant,35,100,1.0,Panel-DOSE,0.10443864676457908,0.009302721616634388,-0.015465199179288236,1.0,1.0
constant,35,100,1.0,Panel-DOSE (unpenalised),0.41537989866521,0.0781543847696317,-0.007488159681600104,1.0,1.0
constant,36,100,1.0,TWFE,0.5353196343491895,0.5353196343491895,0.5353196343491895,0.0,
constant,36,100,1.0,TWFE-interaction,0.7581782685984896,0.6410557169009334,0.633981347144924,0.23529411764705882,
constant,36,100,1.0,FE-DML (constant),0.10782288089858483,0.10782288089858483,0.10782288089858483,1.0,
constant,36,100,1.0,FE-DML + R-learner,0.6005308963571512,0.18819059639674177,0.10003004980510544,,
constant,36,100,1.0,Pooled DML-sieve,0.6113779656224637,0.5854101100923751,0.589283537250405,0.11764705882352941,
constant,36,100,1.0,Panel-DOSE,0.2753997498683247,0.0938474107079788,0.12039098543209614,0.47058823529411764,0.0
constant,36,100,1.0,Panel-DOSE (unpenalised),0.3230680713564402,0.03858831242131832,0.10480742968254941,0.7058823529411765,1.0
constant,37,100,1.0,TWFE,0.44134242421799597,0.44134242421799597,0.44134242421799597,0.0,
constant,37,100,1.0,TWFE-interaction,0.6841214158849315,0.636919050700847,0.5870792509679086,0.0,
constant,37,100,1.0,FE-DML (constant),0.046377931073970036,-0.046377931073970036,-0.046377931073970036,1.0,
constant,37,100,1.0,FE-DML + R-learner,0.6369925241789232,-0.0674365554955289,-0.09694692156187745,,
constant,37,100,1.0,Pooled DML-sieve,0.5091490415813849,0.4581816351647297,0.47529545060205547,0.23529411764705882,
constant,37,100,1.0,Panel-DOSE,0.11629096232870084,-0.06402551009292179,-0.04412383385854357,1.0,1.0
constant,37,100,1.0,Panel-DOSE (unpenalised),0.34019046200102204,-0.1550003220357296,-0.10628603700800532,1.0,1.0
constant,38,100,1.0,TWFE,0.7529895018131567,0.7529895018131567,0.7529895018131567,0.0,
constant,38,100,1.0,TWFE-interaction,0.8619782721638315,0.8217604653969854,0.809395955240853,0.0,
constant,38,100,1.0,FE-DML (constant),0.03845667946980469,0.03845667946980469,0.03845667946980469,1.0,
constant,38,100,1.0,FE-DML + R-learner,0.6833617762337414,0.13912233404257543,0.06195087807216404,,
constant,38,100,1.0,Pooled DML-sieve,0.5958906221437308,0.5955533496848604,0.5938216083373686,0.0,
constant,38,100,1.0,Panel-DOSE,0.046739491228649954,0.03608182516882828,0.04035327171236802,1.0,1.0
constant,38,100,1.0,Panel-DOSE (unpenalised),0.18701729903000894,0.002898569567137025,0.04493939485704468,1.0,1.0
constant,39,100,1.0,TWFE,0.5970609845769879,0.5970609845769879,0.5970609845769879,0.0,
constant,39,100,1.0,TWFE-interaction,0.8595450685922941,0.8239967597546353,0.8121947195743646,0.0,
constant,39,100,1.0,FE-DML (constant),0.18557321234893198,0.18557321234893198,0.18557321234893198,0.0,
constant,39,100,1.0,FE-DML + R-learner,0.754657069409191,0.2769997697613134,0.15064617602178476,,
constant,39,100,1.0,Pooled DML-sieve,0.7044182445757468,0.6656129193379549,0.6636734927056813,0.0,
constant,39,100,1.0,Panel-DOSE,0.37187325604765326,0.23409318015356795,0.23591335047725615,0.6470588235294118,0.0
constant,39,100,1.0,Panel-DOSE (unpenalised),0.4360400555290952,0.24281254710059913,0.181177048170591,0.7647058823529411,0.0
constant,40,100,1.0,TWFE,0.44560154388370354,0.44560154388370354,0.44560154388370354,0.0,
constant,40,100,1.0,TWFE-interaction,0.657977282878297,0.5726913503600373,0.5774675197928638,0.29411764705882354,
constant,40,100,1.0,FE-DML (constant),0.06634364952208371,-0.06634364952208371,-0.06634364952208371,1.0,
constant,40,100,1.0,FE-DML + R-learner,0.4403687798452407,-0.1825506267324427,-0.06654661931004247,,
constant,40,100,1.0,Pooled DML-sieve,0.5203341720481945,0.4984118670181652,0.47650428670998646,0.17647058823529413,
constant,40,100,1.0,Panel-DOSE,0.0855474203405888,-0.062459527255507546,-0.07102887423775539,1.0,1.0
constant,40,100,1.0,Panel-DOSE (unpenalised),0.2547176304621824,-0.10813396749143894,-0.08829759830849104,0.9411764705882353,0.0
constant,41,100,1.0,TWFE,0.6470554989190418,0.6470554989190418,0.6470554989190418,0.0,
constant,41,100,1.0,TWFE-interaction,0.8347069965355125,0.7706757453240666,0.7262182399869261,0.11764705882352941,
constant,41,100,1.0,FE-DML (constant),0.02923721387467282,0.02923721387467282,0.02923721387467282,1.0,
constant,41,100,1.0,FE-DML + R-learner,0.6106832640948567,0.08488157021295603,0.020433599765437238,,
constant,41,100,1.0,Pooled DML-sieve,0.538725600260003,0.5304891946612307,0.543436535439793,0.17647058823529413,
constant,41,100,1.0,Panel-DOSE,0.029530061480739687,0.01821852617311456,0.02673226957246233,1.0,1.0
constant,41,100,1.0,Panel-DOSE (unpenalised),0.23184521557894539,-0.04772523800093684,0.005711807389815693,0.9411764705882353,1.0
constant,42,100,1.0,TWFE,0.5184504680848419,0.5184504680848419,0.5184504680848419,0.0,
constant,42,100,1.0,TWFE-interaction,0.7409548901994472,0.6835485903601588,0.615507215138138,0.0,
constant,42,100,1.0,FE-DML (constant),0.00680185517320564,0.00680185517320564,0.00680185517320564,1.0,
constant,42,100,1.0,FE-DML + R-learner,0.38975108429496846,-0.0907645560384802,-0.010630116004180068,,
constant,42,100,1.0,Pooled DML-sieve,0.7989323814799765,0.7682517132840031,0.7328887723532373,0.17647058823529413,
constant,42,100,1.0,Panel-DOSE,0.22015198867258257,0.045327989210413006,-0.010775180346670021,0.7647058823529411,0.0
constant,42,100,1.0,Panel-DOSE (unpenalised),0.32227768503265763,0.0279267156686874,-0.008391529200878045,0.8235294117647058,0.0
constant,43,100,1.0,TWFE,0.6915741112680223,0.6915741112680223,0.6915741112680223,0.0,
constant,43,100,1.0,TWFE-interaction,0.8014535700893339,0.7787423651670423,0.7748143299655137,0.0,
constant,43,100,1.0,FE-DML (constant),0.03653982691833835,-0.03653982691833835,-0.03653982691833835,1.0,
constant,43,100,1.0,FE-DML + R-learner,0.506375780054703,0.09223803043588334,0.013461082753018827,,
constant,43,100,1.0,Pooled DML-sieve,0.6267011968741016,0.5967876880150511,0.6247089301423441,0.11764705882352941,
constant,43,100,1.0,Panel-DOSE,0.07829803524447405,-0.0412428035325222,-0.03152913282564296,1.0,1.0
constant,43,100,1.0,Panel-DOSE (unpenalised),0.12354045652694293,-0.057671537631635315,-0.013402871472937394,1.0,1.0
constant,44,100,1.0,TWFE,0.7436106376132934,0.7436106376132934,0.7436106376132934,0.0,
constant,44,100,1.0,TWFE-interaction,0.965639583857077,0.9062358730165209,0.8658616463588948,0.0,
constant,44,100,1.0,FE-DML (constant),0.14139872406914167,0.14139872406914167,0.14139872406914167,1.0,
constant,44,100,1.0,FE-DML + R-learner,0.6017389412371872,0.208734662412162,0.1483871492180906,,
constant,44,100,1.0,Pooled DML-sieve,0.6836820425615017,0.6528128123764203,0.6188544192024366,0.0,
constant,44,100,1.0,Panel-DOSE,0.22669725541301047,0.17996101613800788,0.16191777745226554,0.7647058823529411,1.0
constant,44,100,1.0,Panel-DOSE (unpenalised),0.3487669890470746,0.21582596835765688,0.21172684537569197,0.8823529411764706,1.0
constant,45,100,1.0,TWFE,0.67928030696992,0.67928030696992,0.67928030696992,0.0,
constant,45,100,1.0,TWFE-interaction,0.8549448307612583,0.8166350448514998,0.7947423854951352,0.0,
constant,45,100,1.0,FE-DML (constant),0.039750195943579314,-0.039750195943579314,-0.039750195943579314,1.0,
constant,45,100,1.0,FE-DML + R-learner,0.6818672047721666,-0.2965139198851126,-0.07705508254582127,,
constant,45,100,1.0,Pooled DML-sieve,0.4447946067378686,0.318218102276201,0.32666036472842763,0.47058823529411764,
constant,45,100,1.0,Panel-DOSE,0.22532050909280799,-0.05233368580063821,-0.0532986194324212,0.8823529411764706,0.0
constant,45,100,1.0,Panel-DOSE (unpenalised),0.3466660216107381,-0.08054724754678735,-0.04367906315163583,0.8235294117647058,0.0
constant,46,100,1.0,TWFE,0.6041441455123302,0.6041441455123302,0.6041441455123302,0.0,
constant,46,100,1.0,TWFE-interaction,0.830627701875061,0.7262694729498332,0.6856871448908377,0.11764705882352941,
constant,46,100,1.0,FE-DML (constant),0.06435484130040603,0.06435484130040603,0.06435484130040603,1.0,
constant,46,100,1.0,FE-DML + R-learner,0.48759283789518365,0.0957058404336921,0.08202360108011719,,
constant,46,100,1.0,Pooled DML-sieve,0.6342261921075087,0.6259907211133487,0.612111018370407,0.0,
constant,46,100,1.0,Panel-DOSE,0.06844499386272337,0.06314093545819525,0.06259721284610031,1.0,1.0
constant,46,100,1.0,Panel-DOSE (unpenalised),0.15234791404172598,0.10948915435795936,0.06904082481981888,1.0,1.0
constant,47,100,1.0,TWFE,0.7300074099596863,0.7300074099596863,0.7300074099596863,0.0,
constant,47,100,1.0,TWFE-interaction,0.9022323263631424,0.8414763435311362,0.8083209625518444,0.0,
constant,47,100,1.0,FE-DML (constant),0.09541836656081726,0.09541836656081726,0.09541836656081726,1.0,
constant,47,100,1.0,FE-DML + R-learner,0.5133838060657915,-0.03946419943562484,0.06989507186154942,,
constant,47,100,1.0,Pooled DML-sieve,0.6080985182631006,0.571594510989722,0.5578268045704202,0.11764705882352941,
constant,47,100,1.0,Panel-DOSE,0.13751713259350887,0.02684619873440648,0.07363221053413604,0.8823529411764706,1.0
constant,47,100,1.0,Panel-DOSE (unpenalised),0.2518446309741041,-0.030062310663778062,0.0663828946420586,1.0,1.0
constant,48,100,1.0,TWFE,0.9410558811434884,0.9410558811434884,0.9410558811434884,0.0,
constant,48,100,1.0,TWFE-interaction,1.094518637404658,1.0422411488944738,1.043325635438522,0.0,
constant,48,100,1.0,FE-DML (constant),0.2409146116479155,0.2409146116479155,0.2409146116479155,0.0,
constant,48,100,1.0,FE-DML + R-learner,0.7632432491557527,0.08300842075759945,0.24394972702725548,,
constant,48,100,1.0,Pooled DML-sieve,0.7457293390051032,0.7422330271420519,0.7337862958768273,0.0,
constant,48,100,1.0,Panel-DOSE,0.24711668611606136,0.19669037342855838,0.212397427760477,0.5294117647058824,0.0
constant,48,100,1.0,Panel-DOSE (unpenalised),0.28651967257247873,0.13036208524539344,0.21360483753637283,0.7058823529411765,1.0
constant,49,100,1.0,TWFE,0.7274659864459077,0.7274659864459077,0.7274659864459077,0.0,
constant,49,100,1.0,TWFE-interaction,0.8951716465178291,0.8557838862492785,0.8400312068907727,0.0,
constant,49,100,1.0,FE-DML (constant),0.1180569273092158,0.1180569273092158,0.1180569273092158,1.0,
constant,49,100,1.0,FE-DML + R-learner,0.4651814398223527,-0.06673812346157398,0.09374770892512507,,
constant,49,100,1.0,Pooled DML-sieve,0.7361991449568456,0.7314234063586529,0.73902672528696,0.0,
constant,49,100,1.0,Panel-DOSE,0.150013739647288,0.11348350276648367,0.122780826768347,0.6470588235294118,1.0
constant,49,100,1.0,Panel-DOSE (unpenalised),0.1738370017066695,0.10171258281916137,0.11886518171422611,0.8823529411764706,1.0
constant,50,100,1.0,TWFE,0.6794577239839736,0.6794577239839736,0.6794577239839736,0.0,
constant,50,100,1.0,TWFE-interaction,0.8324929279326985,0.7880086508695938,0.795272030769647,0.0,
constant,50,100,1.0,FE-DML (constant),0.05762972295748314,0.05762972295748314,0.05762972295748314,1.0,
constant,50,100,1.0,FE-DML + R-learner,0.605917648775876,0.03177697226748211,0.09864153337574266,,
constant,50,100,1.0,Pooled DML-sieve,0.6677691204851821,0.5731586241723534,0.6063433403194478,0.23529411764705882,
constant,50,100,1.0,Panel-DOSE,0.2693994977334569,0.041602424077759326,0.07430908703472716,0.7647058823529411,1.0
constant,50,100,1.0,Panel-DOSE (unpenalised),0.31849117863090565,0.040231704913955536,0.10713410389334443,0.7647058823529411,0.0
constant,51,100,1.0,TWFE,0.6747461483546513,0.6747461483546513,0.6747461483546513,0.0,
constant,51,100,1.0,TWFE-interaction,0.9515107902204175,0.8747546375963983,0.8332867375758639,0.0,
constant,51,100,1.0,FE-DML (constant),0.062416485960105295,0.062416485960105295,0.062416485960105295,1.0,
constant,51,100,1.0,FE-DML + R-learner,0.5945565232594896,-0.028325623566610805,0.028435023255981795,,
constant,51,100,1.0,Pooled DML-sieve,0.6129864696520763,0.5940197786244318,0.5967142795831306,0.11764705882352941,
constant,51,100,1.0,Panel-DOSE,0.19117693787645776,0.008100014868781072,0.03535909970170903,0.9411764705882353,1.0
constant,51,100,1.0,Panel-DOSE (unpenalised),0.23456325971301042,0.04836171115471702,0.016753636996036825,0.8823529411764706,1.0
constant,52,100,1.0,TWFE,0.5485958168491283,0.5485958168491283,0.5485958168491283,0.0,
constant,52,100,1.0,TWFE-interaction,0.7445759143629782,0.6990173915687438,0.6587867558218925,0.0,
constant,52,100,1.0,FE-DML (constant),0.020872838057734988,0.020872838057734988,0.020872838057734988,1.0,
constant,52,100,1.0,FE-DML + R-learner,0.6351563881011418,-0.01958448998026685,-0.009448447104277724,,
constant,52,100,1.0,Pooled DML-sieve,0.8120113903267026,0.7800935383135262,0.7554478481726559,0.058823529411764705,
constant,52,100,1.0,Panel-DOSE,0.1612219815145412,0.053090602883705575,0.037312585436732215,0.8823529411764706,1.0
constant,52,100,1.0,Panel-DOSE (unpenalised),0.28383671291579704,0.09020958594508341,0.020559762307773344,0.9411764705882353,1.0
constant,53,100,1.0,TWFE,0.5731416253260686,0.5731416253260686,0.5731416253260686,0.0,
constant,53,100,1.0,TWFE-interaction,0.8498351440736885,0.7666323795402908,0.7151519291163146,0.0,
constant,53,100,1.0,FE-DML (constant),0.07604062701680414,-0.07604062701680414,-0.07604062701680414,1.0,
constant,53,100,1.0,FE-DML + R-learner,0.5995454327861957,-0.12427033593975283,-0.0686221622110349,,
constant,53,100,1.0,Pooled DML-sieve,0.4708816908495554,0.45624120608529317,0.4584750741726611,0.11764705882352941,
constant,53,100,1.0,Panel-DOSE,0.08263852224503106,-0.07501783027006112,-0.07435324894825024,1.0,1.0
constant,53,100,1.0,Panel-DOSE (unpenalised),0.1728912851732453,-0.02666736782042755,-0.02473626461731171,1.0,1.0
constant,54,100,1.0,TWFE,0.4920704545500787,0.49207045455007875,0.4920704545500787,0.0,
constant,54,100,1.0,TWFE-interaction,0.6903383071598409,0.6043995173793438,0.5720810836479493,0.23529411764705882,
constant,54,100,1.0,FE-DML (constant),0.01300023674439954,0.01300023674439954,0.01300023674439954,1.0,
constant,54,100,1.0,FE-DML + R-learner,0.725887552603215,0.14262052219135615,0.10787266358879655,,
constant,54,100,1.0,Pooled DML-sieve,0.5643054113825974,0.5637544797725649,0.5618026869814747,0.0,
constant,54,100,1.0,Panel-DOSE,0.14678761042350488,0.003554579118262069,0.034018836270542474,1.0,1.0
constant,54,100,1.0,Panel-DOSE (unpenalised),0.2880484853488653,0.0011270614157548237,0.055455651533537154,1.0,1.0
constant,55,100,1.0,TWFE,0.7778505555896615,0.7778505555896615,0.7778505555896615,0.0,
constant,55,100,1.0,TWFE-interaction,0.9950833389619003,0.946043192376059,0.872453104146782,0.0,
constant,55,100,1.0,FE-DML (constant),0.1692606321474166,0.1692606321474166,0.1692606321474166,0.0,
constant,55,100,1.0,FE-DML + R-learner,0.7868190383048872,0.11892855395167036,0.2431586175756857,,
constant,55,100,1.0,Pooled DML-sieve,0.817592171158152,0.7793378119085936,0.794281805823605,0.11764705882352941,
constant,55,100,1.0,Panel-DOSE,0.17660965747773288,0.17491942894103185,0.17158608914452755,0.7058823529411765,0.0
constant,55,100,1.0,Panel-DOSE (unpenalised),0.331895231672604,0.218207730429242,0.174042235032577,0.9411764705882353,1.0
constant,56,100,1.0,TWFE,0.6445329179317569,0.6445329179317569,0.6445329179317569,0.0,
constant,56,100,1.0,TWFE-interaction,0.8380694847606999,0.8048268159405716,0.7472332129409254,0.0,
constant,56,100,1.0,FE-DML (constant),0.03823201483630556,0.03823201483630556,0.03823201483630556,1.0,
constant,56,100,1.0,FE-DML + R-learner,0.6567602480044005,0.08118041855654022,-0.00330461857767983,,
constant,56,100,1.0,Pooled DML-sieve,0.8751212556341446,0.7435231467275798,0.6632183457330771,0.29411764705882354,
constant,56,100,1.0,Panel-DOSE,0.22278733888769456,-0.030363882236255784,0.015775843077967755,0.8235294117647058,1.0
constant,56,100,1.0,Panel-DOSE (unpenalised),0.2582183342106227,0.008065849923256358,0.014283466038124581,0.8823529411764706,0.0
constant,57,100,1.0,TWFE,0.5942566312161068,0.5942566312161068,0.5942566312161068,0.0,
constant,57,100,1.0,TWFE-interaction,0.813408991518098,0.7534977043873561,0.7284798315797469,0.0,
constant,57,100,1.0,FE-DML (constant),0.027625235562578343,0.027625235562578343,0.027625235562578343,1.0,
constant,57,100,1.0,FE-DML + R-learner,0.3914480024916262,0.15030453081495573,0.05505403784726215,,
constant,57,100,1.0,Pooled DML-sieve,0.7330347737767047,0.7260460755193069,0.7196416880690855,0.058823529411764705,
constant,57,100,1.0,Panel-DOSE,0.027820570008714726,0.027710377223140154,0.027900484092407085,1.0,1.0
constant,57,100,1.0,Panel-DOSE (unpenalised),0.08507472147061351,0.008482892284484537,0.048746938600289,1.0,1.0
constant,58,100,1.0,TWFE,0.5564993437278105,0.5564993437278105,0.5564993437278105,0.0,
constant,58,100,1.0,TWFE-interaction,0.8144476496116718,0.7556627937549512,0.6465745689110385,0.0,
constant,58,100,1.0,FE-DML (constant),0.028525954740566295,0.028525954740566295,0.028525954740566295,1.0,
constant,58,100,1.0,FE-DML + R-learner,0.652874764233915,0.20410233826215876,0.04929997786164497,,
constant,58,100,1.0,Pooled DML-sieve,0.6959635329109655,0.6941847143884814,0.6895494613694204,0.0,
constant,58,100,1.0,Panel-DOSE,0.2515906383130346,0.10649124819511148,0.03831520061072635,0.8235294117647058,1.0
constant,58,100,1.0,Panel-DOSE (unpenalised),0.3628620337544427,0.11026358328748957,0.05937159297349126,0.8823529411764706,1.0
constant,59,100,1.0,TWFE,0.5513850633918853,0.5513850633918853,0.5513850633918853,0.0,
constant,59,100,1.0,TWFE-interaction,0.6948813777002767,0.6439430835265978,0.6351473350478707,0.0,
constant,59,100,1.0,FE-DML (constant),0.012477967622933406,0.012477967622933406,0.012477967622933406,1.0,
constant,59,100,1.0,FE-DML + R-learner,0.6050073313309188,-0.06804906287232428,0.028703895970128235,,
constant,59,100,1.0,Pooled DML-sieve,0.5958638229947818,0.5909891382832033,0.5926890574046983,0.0,
constant,59,100,1.0,Panel-DOSE,0.18493324623663698,-0.013414572483304008,-0.0009035433905941748,0.9411764705882353,1.0
constant,59,100,1.0,Panel-DOSE (unpenalised),0.2984638960154351,-0.04959416967531321,-0.03024155718200372,0.9411764705882353,1.0
constant,60,100,1.0,TWFE,0.4955619995249332,0.49556199952493313,0.4955619995249332,0.0,
constant,60,100,1.0,TWFE-interaction,0.7540413097064996,0.6856780703263512,0.6209355067210443,0.0,
constant,60,100,1.0,FE-DML (constant),0.03647948594266692,0.03647948594266692,0.03647948594266692,1.0,
constant,60,100,1.0,FE-DML + R-learner,0.6768097517099688,-0.08057497174466799,0.011895722158501432,,
constant,60,100,1.0,Pooled DML-sieve,0.5673355292451534,0.5228436631661995,0.5325572835157915,0.17647058823529413,
constant,60,100,1.0,Panel-DOSE,0.04786480326434403,0.033674977334147524,0.03517524462954458,1.0,1.0
constant,60,100,1.0,Panel-DOSE (unpenalised),0.20101892166823604,0.006748194964980522,0.0809238073076286,1.0,1.0
constant,61,100,1.0,TWFE,0.518022452484757,0.518022452484757,0.518022452484757,0.0,
constant,61,100,1.0,TWFE-interaction,0.8356800399933505,0.7687424817919974,0.7168524717024849,0.0,
constant,61,100,1.0,FE-DML (constant),0.05409929634488142,-0.05409929634488142,-0.05409929634488142,1.0,
constant,61,100,1.0,FE-DML + R-learner,0.5390672428315517,0.009536264650221752,-0.04734342880422204,,
constant,61,100,1.0,Pooled DML-sieve,0.5956308887801747,0.5590399282393584,0.5715261268568013,0.29411764705882354,
constant,61,100,1.0,Panel-DOSE,0.12781608967657643,-0.05491844803345053,-0.04682774074175622,1.0,1.0
constant,61,100,1.0,Panel-DOSE (unpenalised),0.26607739233208694,-0.031819410220421125,-0.01447643676901833,1.0,1.0
constant,62,100,1.0,TWFE,0.6633424749506656,0.6633424749506656,0.6633424749506656,0.0,
constant,62,100,1.0,TWFE-interaction,0.7621234897643925,0.7267251165406783,0.7385486221566016,0.0,
constant,62,100,1.0,FE-DML (constant),0.08165667301606794,0.08165667301606794,0.08165667301606794,1.0,
constant,62,100,1.0,FE-DML + R-learner,0.48126376238913193,0.13169470571764363,0.11082356308405328,,
constant,62,100,1.0,Pooled DML-sieve,0.6441996060104801,0.615938378600597,0.5799892174926711,0.0,
constant,62,100,1.0,Panel-DOSE,0.11640705356616175,0.09601701771855808,0.08701791696691741,1.0,1.0
constant,62,100,1.0,Panel-DOSE (unpenalised),0.1734422011532646,0.10168261877703114,0.10658077896180806,1.0,1.0
constant,63,100,1.0,TWFE,0.8074672813487942,0.8074672813487942,0.8074672813487942,0.0,
constant,63,100,1.0,TWFE-interaction,0.9408236264502691,0.9094133245917574,0.8819252405467459,0.0,
constant,63,100,1.0,FE-DML (constant),0.09458392575473096,0.09458392575473096,0.09458392575473096,1.0,
constant,63,100,1.0,FE-DML + R-learner,0.5689159699779869,0.28978754173994015,0.09804887013821517,,
constant,63,100,1.0,Pooled DML-sieve,0.6007968313351594,0.5952536266922765,0.576742862205524,0.0,
constant,63,100,1.0,Panel-DOSE,0.1830083423765254,0.14199416079788077,0.10832419635085189,1.0,1.0
constant,63,100,1.0,Panel-DOSE (unpenalised),0.3251026707355798,0.20665259501173253,0.11622752056638652,0.9411764705882353,1.0
constant,64,100,1.0,TWFE,0.5507225503439057,0.5507225503439057,0.5507225503439057,0.0,
constant,64,100,1.0,TWFE-interaction,0.7454791562799759,0.6786670434950038,0.6467047554294663,0.0,
constant,64,100,1.0,FE-DML (constant),0.0234626194193579,0.0234626194193579,0.0234626194193579,1.0,
constant,64,100,1.0,FE-DML + R-learner,0.46513708721838215,0.2442197113013176,0.03481746839307909,,
constant,64,100,1.0,Pooled DML-sieve,0.6576755995590584,0.6493182933049674,0.6482249365339434,0.0,
constant,64,100,1.0,Panel-DOSE,0.0289058508637582,0.02306447756477046,0.02287930851509823,1.0,1.0
constant,64,100,1.0,Panel-DOSE (unpenalised),0.15117477575855,0.07376163880043848,0.020212218589913844,1.0,1.0
constant,65,100,1.0,TWFE,0.6068221963508196,0.6068221963508196,0.6068221963508196,0.0,
constant,65,100,1.0,TWFE-interaction,0.8227153350873955,0.6970238778163771,0.658554079303594,0.17647058823529413,
constant,65,100,1.0,FE-DML (constant),0.07398528412855399,0.07398528412855399,0.07398528412855399,1.0,
constant,65,100,1.0,FE-DML + R-learner,0.5936657898975222,0.2352555324361307,0.1322884341407431,,
constant,65,100,1.0,Pooled DML-sieve,0.8273460400630205,0.7614933493317251,0.6626400110882953,0.0,
constant,65,100,1.0,Panel-DOSE,0.14781114748690244,0.1013187557672448,0.08278909448142824,1.0,1.0
constant,65,100,1.0,Panel-DOSE (unpenalised),0.5259967723920485,0.21767792564738295,0.11838609118074306,0.9411764705882353,1.0
constant,66,100,1.0,TWFE,0.7278738283303403,0.7278738283303403,0.7278738283303403,0.0,
constant,66,100,1.0,TWFE-interaction,0.8796917183391549,0.8521183252026132,0.8141290499467817,0.0,
constant,66,100,1.0,FE-DML (constant),0.0010745337414803657,-0.0010745337414803657,-0.0010745337414803657,1.0,
constant,66,100,1.0,FE-DML + R-learner,0.35185894920757815,-0.005626794380678688,-0.02558053940287286,,
constant,66,100,1.0,Pooled DML-sieve,0.5494184509693981,0.5423979175724564,0.5432207258561794,0.058823529411764705,
constant,66,100,1.0,Panel-DOSE,0.08007810698963164,-0.0074818114559456195,-0.00673244053518518,1.0,1.0
constant,66,100,1.0,Panel-DOSE (unpenalised),0.21025468903388328,0.022031180753096964,-0.005444620086314411,0.9411764705882353,1.0
constant,67,100,1.0,TWFE,0.7290753433336852,0.7290753433336852,0.7290753433336852,0.0,
constant,67,100,1.0,TWFE-interaction,0.928902704402748,0.8537164569365293,0.8440730969809309,0.0,
constant,67,100,1.0,FE-DML (constant),0.03806888384510598,0.03806888384510598,0.03806888384510598,1.0,
constant,67,100,1.0,FE-DML + R-learner,0.36371390501433765,0.02597043530324802,0.03625718375564113,,
constant,67,100,1.0,Pooled DML-sieve,0.5654393631760298,0.5220385708649143,0.5488607359811175,0.5882352941176471,
constant,67,100,1.0,Panel-DOSE,0.18605673324588895,0.04445707260495807,0.05665788654759196,1.0,1.0
constant,67,100,1.0,Panel-DOSE (unpenalised),0.2192128691684562,0.01692904449790842,0.03764671125687569,0.8823529411764706,1.0
constant,68,100,1.0,TWFE,0.7545481571861059,0.7545481571861059,0.7545481571861059,0.0,
constant,68,100,1.0,TWFE-interaction,0.9124010537820628,0.8710978261577941,0.8265973928277046,0.0,
constant,68,100,1.0,FE-DML (constant),0.1427181867145011,0.1427181867145011,0.1427181867145011,0.0,
constant,68,100,1.0,FE-DML + R-learner,0.41689837789652645,0.05740576102206117,0.1313406235830925,,
constant,68,100,1.0,Pooled DML-sieve,0.6676741644242072,0.6592182085023628,0.6689166483362037,0.058823529411764705,
constant,68,100,1.0,Panel-DOSE,0.14296355254673737,0.14271252188338254,0.14234669276185885,0.9411764705882353,1.0
constant,68,100,1.0,Panel-DOSE (unpenalised),0.19490833776705913,0.08273110962395064,0.15457224639140454,0.8235294117647058,1.0
constant,69,100,1.0,TWFE,0.5734898068631469,0.5734898068631469,0.5734898068631469,0.0,
constant,69,100,1.0,TWFE-interaction,0.749115166774755,0.7063959709498767,0.6680249415160766,0.0,
constant,69,100,1.0,FE-DML (constant),0.0701319710563868,0.0701319710563868,0.0701319710563868,1.0,
constant,69,100,1.0,FE-DML + R-learner,0.5206139531486293,0.08466114212293487,0.07168246774707088,,
constant,69,100,1.0,Pooled DML-sieve,0.6673064801491754,0.6642629239562213,0.662838710438868,0.0,
constant,69,100,1.0,Panel-DOSE,0.10948488862118991,0.07127193182044206,0.07313116770692574,1.0,1.0
constant,69,100,1.0,Panel-DOSE (unpenalised),0.17320594708202738,0.09234416948048967,0.08254807008461285,1.0,1.0
constant,70,100,1.0,TWFE,0.628633504438316,0.628633504438316,0.628633504438316,0.0,
constant,70,100,1.0,TWFE-interaction,0.7644934211201933,0.728776545548145,0.7307178612640057,0.0,
constant,70,100,1.0,FE-DML (constant),0.0017374708486701529,0.0017374708486701529,0.0017374708486701529,1.0,
constant,70,100,1.0,FE-DML + R-learner,0.5119839074727509,-0.09338421430554937,0.019088890603068842,,
constant,70,100,1.0,Pooled DML-sieve,0.6471107014951588,0.5540488088884028,0.6335164219504836,0.23529411764705882,
constant,70,100,1.0,Panel-DOSE,0.1921689776945202,-0.04135003819738686,0.008495844353263449,1.0,1.0
constant,70,100,1.0,Panel-DOSE (unpenalised),0.2904027863798791,-0.08568123508400168,-0.018785880901678764,1.0,1.0
constant,71,100,1.0,TWFE,0.5259497429494877,0.5259497429494877,0.5259497429494877,0.0,
constant,71,100,1.0,TWFE-interaction,0.7120081069207211,0.6611485228448098,0.628862092819662,0.11764705882352941,
constant,71,100,1.0,FE-DML (constant),0.09523664427119982,0.09523664427119982,0.09523664427119982,1.0,
constant,71,100,1.0,FE-DML + R-learner,0.513070380110023,0.12870334717899434,0.11483401804391513,,
constant,71,100,1.0,Pooled DML-sieve,0.7807299225327115,0.7537231913769797,0.7082102295918289,0.0,
constant,71,100,1.0,Panel-DOSE,0.11584429810260288,0.10593767055885453,0.10151162074075493,1.0,1.0
constant,71,100,1.0,Panel-DOSE (unpenalised),0.2794477791246295,0.1632899159333239,0.11400666940950832,1.0,1.0
constant,72,100,1.0,TWFE,0.4979670556883303,0.49796705568833016,0.4979670556883302,0.0,
constant,72,100,1.0,TWFE-interaction,0.6058614119621338,0.5648983452069456,0.5555672345278833,0.0,
constant,72,100,1.0,FE-DML (constant),0.051932810658494866,0.051932810658494866,0.051932810658494866,1.0,
constant,72,100,1.0,FE-DML + R-learner,0.4552579126886677,0.26168090900272745,0.10306168253905867,,
constant,72,100,1.0,Pooled DML-sieve,0.7040765713474664,0.6309933874034199,0.5477844626476225,0.0,
constant,72,100,1.0,Panel-DOSE,0.14240535389339354,0.08991792323763878,0.07178565034672335,1.0,1.0
constant,72,100,1.0,Panel-DOSE (unpenalised),0.21137054514776552,0.10034401564473822,0.09144886801117624,0.9411764705882353,1.0
constant,73,100,1.0,TWFE,0.59561747001533,0.59561747001533,0.59561747001533,0.0,
constant,73,100,1.0,TWFE-interaction,0.8126793378068572,0.7609927065920199,0.7576199845900455,0.0,
constant,73,100,1.0,FE-DML (constant),0.027580878168914413,-0.027580878168914413,-0.027580878168914413,1.0,
constant,73,100,1.0,FE-DML + R-learner,0.424124157253625,0.005436483641152116,-0.0338326718462707,,
constant,73,100,1.0,Pooled DML-sieve,0.46941614431289963,0.3793144999560368,0.37270322241395637,0.23529411764705882,
constant,73,100,1.0,Panel-DOSE,0.03983111442373701,-0.025606266383703773,-0.03027407447001862,1.0,1.0
constant,73,100,1.0,Panel-DOSE (unpenalised),0.10626757516638884,-0.03676923739359495,-0.06827427533005259,1.0,1.0
constant,74,100,1.0,TWFE,0.5127422705803335,0.5127422705803335,0.5127422705803335,0.0,
constant,74,100,1.0,TWFE-interaction,0.6604409072782383,0.6112282330697776,0.6242843829968312,0.0,
constant,74,100,1.0,FE-DML (constant),0.014472866952007557,0.014472866952007557,0.014472866952007557,1.0,
constant,74,100,1.0,FE-DML + R-learner,0.382622675940782,-0.22406490399286788,-0.02088463602850954,,
constant,74,100,1.0,Pooled DML-sieve,0.5130740766746361,0.5124181605156048,0.5174472289509764,0.0,
constant,74,100,1.0,Panel-DOSE,0.14297005139905905,-0.0038568689551914,0.023855771803191983,1.0,1.0
constant,74,100,1.0,Panel-DOSE (unpenalised),0.14331746385374067,-0.00852806917330633,0.020639678089413582,1.0,1.0
constant,75,100,1.0,TWFE,0.6140313001347562,0.6140313001347562,0.6140313001347562,0.0,
constant,75,100,1.0,TWFE-interaction,0.8380275536230882,0.8013891268657317,0.7747247624182834,0.0,
constant,75,100,1.0,FE-DML (constant),0.08393021636118592,0.08393021636118592,0.08393021636118592,1.0,
constant,75,100,1.0,FE-DML + R-learner,0.5212444326869168,0.13750434410386822,0.026609965343609154,,
constant,75,100,1.0,Pooled DML-sieve,0.5921549735488761,0.5871354445725642,0.5828595313168279,0.058823529411764705,
constant,75,100,1.0,Panel-DOSE,0.13770411710443234,0.08659405391935536,0.09254462356312021,1.0,1.0
constant,75,100,1.0,Panel-DOSE (unpenalised),0.24249229327368416,0.10262777641905199,0.03822532996166261,0.8823529411764706,0.0
constant,76,100,1.0,TWFE,0.6100811609861498,0.6100811609861498,0.6100811609861498,0.0,
constant,76,100,1.0,TWFE-interaction,0.8586237522857355,0.7989709160561852,0.7312235454569278,0.0,
constant,76,100,1.0,FE-DML (constant),0.05390136313098859,0.05390136313098859,0.05390136313098859,1.0,
constant,76,100,1.0,FE-DML + R-learner,0.9198663166172887,0.2236956375893082,0.11805410683541706,,
constant,76,100,1.0,Pooled DML-sieve,0.6146847948251933,0.5707840044939362,0.5593164701966062,0.29411764705882354,
constant,76,100,1.0,Panel-DOSE,0.13470385469551593,0.05085139487456511,0.049158515196645824,1.0,1.0
constant,76,100,1.0,Panel-DOSE (unpenalised),0.24606906126423986,0.06847718988777382,0.06483099309683316,0.9411764705882353,1.0
constant,77,100,1.0,TWFE,0.625034469943615,0.625034469943615,0.625034469943615,0.0,
constant,77,100,1.0,TWFE-interaction,0.7732052648106479,0.7457380391243427,0.7042679997538281,0.0,
constant,77,100,1.0,FE-DML (constant),0.09653675731767764,0.09653675731767764,0.09653675731767764,1.0,
constant,77,100,1.0,FE-DML + R-learner,0.49921246387423557,0.19304713281097916,0.1213172780654379,,
constant,77,100,1.0,Pooled DML-sieve,0.7118328985262252,0.7117019602865877,0.7116801747049419,0.0,
constant,77,100,1.0,Panel-DOSE,0.09964400337369923,0.09505686906711164,0.09500902441911085,1.0,1.0
constant,77,100,1.0,Panel-DOSE (unpenalised),0.1484945997830968,0.07037797121490143,0.09248767175430062,1.0,1.0
constant,78,100,1.0,TWFE,0.5545840296217013,0.5545840296217013,0.5545840296217013,0.0,
constant,78,100,1.0,TWFE-interaction,0.7977129959344796,0.732227905057328,0.6807342448634761,0.0,
constant,78,100,1.0,FE-DML (constant),0.1730782636075554,0.1730782636075554,0.1730782636075554,0.0,
constant,78,100,1.0,FE-DML + R-learner,0.5856324744003434,0.08123997031093216,0.09988925283142547,,
constant,78,100,1.0,Pooled DML-sieve,0.6724242956189889,0.6716702836161383,0.6709692927714939,0.0,
constant,78,100,1.0,Panel-DOSE,0.17866626876781588,0.14088225054258982,0.14660065391638044,0.8235294117647058,1.0
constant,78,100,1.0,Panel-DOSE (unpenalised),0.2740925574459224,0.11740743161479486,0.11923738087840663,0.8235294117647058,0.0
constant,79,100,1.0,TWFE,0.5507691179256138,0.5507691179256138,0.5507691179256138,0.0,
constant,79,100,1.0,TWFE-interaction,0.7223019538779396,0.6680223098368806,0.6465438564738049,0.11764705882352941,
constant,79,100,1.0,FE-DML (constant),0.07486349095543765,-0.07486349095543765,-0.07486349095543765,1.0,
constant,79,100,1.0,FE-DML + R-learner,0.6616896922153586,-0.17288881031392062,-0.060087591941434426,,
constant,79,100,1.0,Pooled DML-sieve,0.3415933251277002,0.3276006367907989,0.33818395143522695,0.5294117647058824,
constant,79,100,1.0,Panel-DOSE,0.19211184874774068,-0.08441347589941145,-0.06553903828028795,1.0,1.0
constant,79,100,1.0,Panel-DOSE (unpenalised),0.2289498682032901,-0.10544661455964277,-0.06273152924448755,1.0,1.0
constant,80,100,1.0,TWFE,0.5271926327914502,0.5271926327914502,0.5271926327914502,0.0,
constant,80,100,1.0,TWFE-interaction,0.6990462121922769,0.6398479598586407,0.6048787569431779,0.058823529411764705,
constant,80,100,1.0,FE-DML (constant),0.1555253193931816,0.1555253193931816,0.1555253193931816,0.0,
constant,80,100,1.0,FE-DML + R-learner,0.49014897193637286,0.05905328801076942,0.11840868580067565,,
constant,80,100,1.0,Pooled DML-sieve,0.6542400024500566,0.6534074447097533,0.6544844774767469,0.0,
constant,80,100,1.0,Panel-DOSE,0.15441304089797941,0.15354792372178283,0.15441049603028123,0.7647058823529411,1.0
constant,80,100,1.0,Panel-DOSE (unpenalised),0.20473952259911724,0.14913697071453302,0.13295292838905626,0.8235294117647058,1.0
constant,81,100,1.0,TWFE,0.5995194252488174,0.5995194252488174,0.5995194252488174,0.0,
constant,81,100,1.0,TWFE-interaction,0.834977612430878,0.7850899548054805,0.7139178216411233,0.0,
constant,81,100,1.0,FE-DML (constant),0.03033475401407015,0.030334754014070153,0.030334754014070153,1.0,
constant,81,100,1.0,FE-DML + R-learner,0.49786906165627165,0.21292317102193015,0.01371980911294357,,
constant,81,100,1.0,Pooled DML-sieve,0.503678137014237,0.46237830974681016,0.43402737105809974,0.29411764705882354,
constant,81,100,1.0,Panel-DOSE,0.20743196930279845,0.09506921713847946,0.04617805187601931,0.9411764705882353,1.0
constant,81,100,1.0,Panel-DOSE (unpenalised),0.3195650180433909,0.14161059625908154,0.04785961194563937,1.0,1.0
constant,82,100,1.0,TWFE,0.6527919290675184,0.6527919290675184,0.6527919290675184,0.0,
constant,82,100,1.0,TWFE-interaction,0.815577262793315,0.7604500484920019,0.7673012508969874,0.0,
constant,82,100,1.0,FE-DML (constant),0.03437837721893233,0.03437837721893233,0.03437837721893233,1.0,
constant,82,100,1.0,FE-DML + R-learner,0.647739265050502,0.13508780647709653,0.07307996127445637,,
constant,82,100,1.0,Pooled DML-sieve,0.6305628748421979,0.607980984346636,0.6332855758910765,0.11764705882352941,
constant,82,100,1.0,Panel-DOSE,0.11193934946893003,0.028424409618290552,0.044806670206874566,1.0,1.0
constant,82,100,1.0,Panel-DOSE (unpenalised),0.3196615296651426,-0.04978590488680991,0.007113418965388529,1.0,1.0
constant,83,100,1.0,TWFE,0.6514294206013189,0.6514294206013189,0.6514294206013189,0.0,
constant,83,100,1.0,TWFE-interaction,0.8169760154995325,0.7835643711329723,0.7638582226842401,0.0,
constant,83,100,1.0,FE-DML (constant),0.08142419256098066,0.08142419256098066,0.08142419256098066,1.0,
constant,83,100,1.0,FE-DML + R-learner,0.5699493337458488,0.11583174118641291,0.0947780664224478,,
constant,83,100,1.0,Pooled DML-sieve,0.7467308158018743,0.6907177981301079,0.6507745968535914,0.35294117647058826,
constant,83,100,1.0,Panel-DOSE,0.12910937984316337,0.09808181569219572,0.08045066421415048,1.0,1.0
constant,83,100,1.0,Panel-DOSE (unpenalised),0.30408405347901224,0.18025127653617065,0.10396975303974365,1.0,1.0
constant,84,100,1.0,TWFE,0.4520869320503138,0.4520869320503138,0.4520869320503138,0.0,
constant,84,100,1.0,TWFE-interaction,0.723336136326393,0.609592317578614,0.5503592446829912,0.23529411764705882,
constant,84,100,1.0,FE-DML (constant),0.050891538742313,0.050891538742313,0.050891538742313,1.0,
constant,84,100,1.0,FE-DML + R-learner,0.47497506808688095,-0.12249723272977858,0.05782827497013576,,
constant,84,100,1.0,Pooled DML-sieve,0.6203883856379241,0.5976022920451689,0.5893438416478218,0.058823529411764705,
constant,84,100,1.0,Panel-DOSE,0.07699543431176113,0.041461082032760596,0.04433667135915642,1.0,1.0
constant,84,100,1.0,Panel-DOSE (unpenalised),0.1611794838429081,0.02471183464476098,0.037462550949908024,1.0,1.0
constant,85,100,1.0,TWFE,0.7288284639405032,0.7288284639405032,0.7288284639405032,0.0,
constant,85,100,1.0,TWFE-interaction,0.8711551094975845,0.843449131409769,0.8354855598611022,0.0,
constant,85,100,1.0,FE-DML (constant),0.12120697718353735,0.12120697718353736,0.12120697718353735,1.0,
constant,85,100,1.0,FE-DML + R-learner,0.7844622392128772,0.07510117512477749,0.10341572583532432,,
constant,85,100,1.0,Pooled DML-sieve,0.6536910720375494,0.6127202864020705,0.6550780563040028,0.17647058823529413,
constant,85,100,1.0,Panel-DOSE,0.12371041969556644,0.12204662191428325,0.11959649969026231,1.0,1.0
constant,85,100,1.0,Panel-DOSE (unpenalised),0.1428995706328746,0.11689680385362766,0.10346115663434796,1.0,1.0
constant,86,100,1.0,TWFE,0.4946162597365593,0.49461625973655937,0.4946162597365593,0.0,
constant,86,100,1.0,TWFE-interaction,0.6796794408363698,0.559505913460706,0.6223091010836499,0.29411764705882354,
constant,86,100,1.0,FE-DML (constant),0.06642162872131241,0.06642162872131241,0.06642162872131241,1.0,
constant,86,100,1.0,FE-DML + R-learner,0.7225312925606546,0.05009997660671031,0.06008069272505767,,
constant,86,100,1.0,Pooled DML-sieve,0.6133937718005804,0.577635089758201,0.6177179654059102,0.11764705882352941,
constant,86,100,1.0,Panel-DOSE,0.10208919271330201,0.05001407707658373,0.06832238403120927,1.0,1.0
constant,86,100,1.0,Panel-DOSE (unpenalised),0.2321354352451411,-0.008513338924789272,0.06351436862652449,1.0,1.0
constant,87,100,1.0,TWFE,0.5840055043762262,0.5840055043762262,0.5840055043762262,0.0,
constant,87,100,1.0,TWFE-interaction,0.7656987247705441,0.7341602513066123,0.7022092230865231,0.0,
constant,87,100,1.0,FE-DML (constant),0.03321665467409063,0.03321665467409063,0.03321665467409063,1.0,
constant,87,100,1.0,FE-DML + R-learner,0.5963502294541924,0.19293293683528798,0.06829042053641587,,
constant,87,100,1.0,Pooled DML-sieve,0.6665153823810323,0.6470786745432305,0.6386428629675482,0.058823529411764705,
constant,87,100,1.0,Panel-DOSE,0.0808241992903307,0.04579080950797542,0.0430871551360017,1.0,1.0
constant,87,100,1.0,Panel-DOSE (unpenalised),0.16311691039799867,0.08014764092902509,0.07776642200819328,1.0,1.0
constant,88,100,1.0,TWFE,0.7130878207783389,0.7130878207783389,0.7130878207783389,0.0,
constant,88,100,1.0,TWFE-interaction,0.8842206230928558,0.8677913242606072,0.8247070684673343,0.0,
constant,88,100,1.0,FE-DML (constant),0.028394150926523753,0.028394150926523753,0.028394150926523753,1.0,
constant,88,100,1.0,FE-DML + R-learner,0.6234351646704833,-0.19295786258549139,-0.04450012399499392,,
constant,88,100,1.0,Pooled DML-sieve,0.5552186817693306,0.5169187140784856,0.5054918114721316,0.23529411764705882,
constant,88,100,1.0,Panel-DOSE,0.3312796053101112,0.0056189862206911766,0.008743124935431945,1.0,1.0
constant,88,100,1.0,Panel-DOSE (unpenalised),0.5252823896624613,-0.02372025567083645,0.008444619635527895,0.9411764705882353,1.0
constant,89,100,1.0,TWFE,0.8076368640389038,0.8076368640389038,0.8076368640389038,0.0,
constant,89,100,1.0,TWFE-interaction,1.046855929190237,0.9863723316307533,0.8977500051900273,0.0,
constant,89,100,1.0,FE-DML (constant),0.14027081435989253,0.14027081435989253,0.14027081435989253,1.0,
constant,89,100,1.0,FE-DML + R-learner,0.5777281427263713,0.11157070062964419,0.14761150252492916,,
constant,89,100,1.0,Pooled DML-sieve,0.6416324458904167,0.6288816112471317,0.6276663063175711,0.058823529411764705,
constant,89,100,1.0,Panel-DOSE,0.1394733857666772,0.13938389056268352,0.13971870968330768,1.0,1.0
constant,89,100,1.0,Panel-DOSE (unpenalised),0.19832450885851408,0.1443736171804792,0.12228540228750706,1.0,1.0
constant,90,100,1.0,TWFE,0.7197494594954021,0.7197494594954021,0.7197494594954021,0.0,
constant,90,100,1.0,TWFE-interaction,0.9229848108464376,0.8404869158530208,0.8191957813011812,0.0,
constant,90,100,1.0,FE-DML (constant),0.1263224408157284,0.1263224408157284,0.1263224408157284,1.0,
constant,90,100,1.0,FE-DML + R-learner,0.5175281763802224,-0.12657068621140746,0.09868681436916438,,
constant,90,100,1.0,Pooled DML-sieve,0.670265483537765,0.5081071665113971,0.6106171309608177,0.47058823529411764,
constant,90,100,1.0,Panel-DOSE,0.28074476201712045,0.049113788750109924,0.11905891844530081,0.7647058823529411,0.0
constant,90,100,1.0,Panel-DOSE (unpenalised),0.3375328632521676,0.05389965537919559,0.12369100146594358,0.7058823529411765,0.0
constant,91,100,1.0,TWFE,0.5479160283436149,0.5479160283436149,0.5479160283436149,0.0,
constant,91,100,1.0,TWFE-interaction,0.7934147972902893,0.7334149177369527,0.7041297397538038,0.0,
constant,91,100,1.0,FE-DML (constant),0.10141880551748339,0.10141880551748339,0.10141880551748339,1.0,
constant,91,100,1.0,FE-DML + R-learner,0.6954050916761116,0.0032112677794016754,0.12069539213909741,,
constant,91,100,1.0,Pooled DML-sieve,0.8304017862481075,0.8291104674018763,0.8152571307889753,0.0,
constant,91,100,1.0,Panel-DOSE,0.12531698238422442,0.11732737571139362,0.10620708359813325,1.0,1.0
constant,91,100,1.0,Panel-DOSE (unpenalised),0.26291365901110025,0.17948682939969535,0.10323845224788997,0.8823529411764706,1.0
constant,92,100,1.0,TWFE,0.5078744115119014,0.5078744115119014,0.5078744115119014,0.0,
constant,92,100,1.0,TWFE-interaction,0.7377303769991916,0.6351652224622261,0.6880631988897277,0.17647058823529413,
constant,92,100,1.0,FE-DML (constant),0.014996974274185337,0.014996974274185337,0.014996974274185337,1.0,
constant,92,100,1.0,FE-DML + R-learner,0.5028240577519691,0.00885978262224197,0.02316256051175558,,
constant,92,100,1.0,Pooled DML-sieve,0.5399926288699234,0.5043173002429634,0.5342116951946276,0.11764705882352941,
constant,92,100,1.0,Panel-DOSE,0.23158687534685057,0.05637392442442718,0.07785777989118703,0.8235294117647058,1.0
constant,92,100,1.0,Panel-DOSE (unpenalised),0.29054139194384027,0.0492685577539029,0.08596985577366945,0.9411764705882353,1.0
constant,93,100,1.0,TWFE,0.6427016823630027,0.6427016823630027,0.6427016823630027,0.0,
constant,93,100,1.0,TWFE-interaction,0.7443453244041156,0.7329600870074473,0.7143393894251635,0.0,
constant,93,100,1.0,FE-DML (constant),0.06019675098313382,-0.06019675098313382,-0.06019675098313382,1.0,
constant,93,100,1.0,FE-DML + R-learner,0.5472141486463994,0.01628293052260327,0.03994317022296889,,
constant,93,100,1.0,Pooled DML-sieve,0.6568939108508104,0.5562200977520115,0.3913571893250376,0.35294117647058826,
constant,93,100,1.0,Panel-DOSE,0.37133078433239003,0.08213690679442667,-0.11755792024900935,0.8823529411764706,1.0
constant,93,100,1.0,Panel-DOSE (unpenalised),0.37133078433239003,0.08213690679442667,-0.11755792024900935,0.8823529411764706,1.0
constant,94,100,1.0,TWFE,0.7273555923457298,0.7273555923457298,0.7273555923457298,0.0,
constant,94,100,1.0,TWFE-interaction,0.9944569115787648,0.9197599759901205,0.8995547702154465,0.0,
constant,94,100,1.0,FE-DML (constant),0.11570064222275356,0.11570064222275356,0.11570064222275356,1.0,
constant,94,100,1.0,FE-DML + R-learner,0.44943702497622084,0.20120535530648823,0.06433635752080713,,
constant,94,100,1.0,Pooled DML-sieve,0.644619817561525,0.6272944626189314,0.6415094821809773,0.23529411764705882,
constant,94,100,1.0,Panel-DOSE,0.14167934022370918,0.05028179482276009,0.08416308101666847,0.8235294117647058,1.0
constant,94,100,1.0,Panel-DOSE (unpenalised),0.22206185132746487,0.018267680599184467,0.06183218632632048,0.8823529411764706,1.0
constant,95,100,1.0,TWFE,0.8279470512896705,0.8279470512896705,0.8279470512896705,0.0,
constant,95,100,1.0,TWFE-interaction,1.0047426513604898,0.9467781965358446,0.9211332818407718,0.0,
constant,95,100,1.0,FE-DML (constant),0.10025343542204013,0.10025343542204013,0.10025343542204013,1.0,
constant,95,100,1.0,FE-DML + R-learner,0.34600485051388064,0.0972671474550508,0.0865673057046239,,
constant,95,100,1.0,Pooled DML-sieve,0.7906458482819343,0.7898218239105652,0.7917659957633754,0.0,
constant,95,100,1.0,Panel-DOSE,0.1003846713038477,0.10035152490202753,0.10049043251381629,1.0,1.0
constant,95,100,1.0,Panel-DOSE (unpenalised),0.25272045719158975,0.16774576220022705,0.11338820814009343,1.0,1.0
constant,96,100,1.0,TWFE,0.3874277346707138,0.3874277346707138,0.3874277346707138,0.0,
constant,96,100,1.0,TWFE-interaction,0.6842000603061104,0.573215655588722,0.5229452283888572,0.0,
constant,96,100,1.0,FE-DML (constant),0.05450812474839628,0.05450812474839628,0.05450812474839628,1.0,
constant,96,100,1.0,FE-DML + R-learner,0.5197684165005627,-0.007816348189879693,0.061171394858766215,,
constant,96,100,1.0,Pooled DML-sieve,0.6488489813334052,0.6467806388821895,0.6470487567533849,0.0,
constant,96,100,1.0,Panel-DOSE,0.1506253137818355,0.07616563465564116,0.07072790314223809,1.0,1.0
constant,96,100,1.0,Panel-DOSE (unpenalised),0.24046991059594958,0.11436603880037419,0.09233829228511281,1.0,1.0
constant,97,100,1.0,TWFE,0.6430923442785188,0.6430923442785188,0.6430923442785188,0.0,
constant,97,100,1.0,TWFE-interaction,0.89361139308183,0.8347981614695617,0.7723294516926589,0.0,
constant,97,100,1.0,FE-DML (constant),0.020530104014621853,-0.020530104014621853,-0.020530104014621853,1.0,
constant,97,100,1.0,FE-DML + R-learner,0.43614199734638465,-0.010381609636490138,-0.0526026105778955,,
constant,97,100,1.0,Pooled DML-sieve,0.6969977240891365,0.6453018239183507,0.5982581823185895,0.29411764705882354,
constant,97,100,1.0,Panel-DOSE,0.1120129793457449,0.01896400886202702,-0.014269503936585992,1.0,1.0
constant,97,100,1.0,Panel-DOSE (unpenalised),0.30578946253448785,0.07231717075914258,0.02628208650852537,0.9411764705882353,1.0
constant,98,100,1.0,TWFE,0.7362110680465996,0.7362110680465996,0.7362110680465996,0.0,
constant,98,100,1.0,TWFE-interaction,0.9448087551063532,0.904682612524658,0.8868647702272991,0.0,
constant,98,100,1.0,FE-DML (constant),0.11991681303498458,0.11991681303498458,0.11991681303498458,1.0,
constant,98,100,1.0,FE-DML + R-learner,0.5143457729303066,0.10805506559163006,0.1045442900772462,,
constant,98,100,1.0,Pooled DML-sieve,0.5838559622208583,0.5727840425752069,0.5578821374410363,0.058823529411764705,
constant,98,100,1.0,Panel-DOSE,0.13077357848897958,0.11652810904920083,0.10871217446513781,1.0,1.0
constant,98,100,1.0,Panel-DOSE (unpenalised),0.13513032487200383,0.10554866565980049,0.07950664289306464,1.0,1.0
constant,99,100,1.0,TWFE,0.7794087907789233,0.7794087907789233,0.7794087907789233,0.0,
constant,99,100,1.0,TWFE-interaction,0.9954300815162266,0.9316571256625398,0.9182725072957543,0.0,
constant,99,100,1.0,FE-DML (constant),0.1696536166138114,0.1696536166138114,0.1696536166138114,0.0,
constant,99,100,1.0,FE-DML + R-learner,0.4399690664397301,0.07190286189532903,0.2039478109968449,,
constant,99,100,1.0,Pooled DML-sieve,0.8089978241562953,0.8050721394194816,0.809091463106868,0.0,
constant,99,100,1.0,Panel-DOSE,0.18697306222557883,0.18030692715688265,0.17468672450989686,1.0,1.0
constant,99,100,1.0,Panel-DOSE (unpenalised),0.2623013982884443,0.16396429039708538,0.18026387632855667,0.7647058823529411,0.0
linear,0,100,1.0,TWFE,0.905813128120664,0.5296200742756475,0.5738085024872938,0.23529411764705882,
linear,0,100,1.0,TWFE-interaction,0.8210421810436408,0.725152598380145,0.6644504662750891,0.17647058823529413,
linear,0,100,1.0,FE-DML (constant),0.7349006511979232,-0.008886345206646173,0.03530208300500004,0.11764705882352941,
linear,0,100,1.0,FE-DML + R-learner,0.5442154737071363,0.12291617862672603,0.06658243132070651,,
linear,0,100,1.0,Pooled DML-sieve,0.4538474560382334,0.40578941559757836,0.4217424552419803,0.29411764705882354,
linear,0,100,1.0,Panel-DOSE,0.13901370295883347,0.05975792556025189,0.06510709969303907,1.0,1.0
linear,0,100,1.0,Panel-DOSE (unpenalised),0.37842272178257313,0.166138611475756,0.11272829423209985,0.8823529411764706,1.0
linear,1,100,1.0,TWFE,0.8212013087130802,0.36656730545982347,0.2767973964616728,0.23529411764705882,
linear,1,100,1.0,TWFE-interaction,0.7457802067781828,0.690522917920435,0.5863883779425587,0.0,
linear,1,100,1.0,FE-DML (constant),0.7352149548845097,-0.023260049136482785,-0.11302995813463346,0.17647058823529413,
linear,1,100,1.0,FE-DML + R-learner,0.43123271740426783,0.018774304613642184,-0.08196652933388937,,
linear,1,100,1.0,Pooled DML-sieve,0.6377542022532827,0.6169035001930796,0.5865511008680184,0.11764705882352941,
linear,1,100,1.0,Panel-DOSE,0.0761759111427236,-0.06219073383097419,-0.07860443354808977,1.0,1.0
linear,1,100,1.0,Panel-DOSE (unpenalised),0.3908700310245659,-0.03782672669543216,-0.10035832650690124,0.8823529411764706,1.0
linear,2,100,1.0,TWFE,0.9173712427524521,0.5491538919366578,0.5187112920040857,0.17647058823529413,
linear,2,100,1.0,TWFE-interaction,0.6952405528169018,0.6498072867326375,0.607073712046482,0.0,
linear,2,100,1.0,FE-DML (constant),0.7358408993011776,0.03823387352029244,0.00779127358772036,0.11764705882352941,
linear,2,100,1.0,FE-DML + R-learner,0.5037569772497312,0.21309681304526187,0.05794812405081795,,
linear,2,100,1.0,Pooled DML-sieve,0.462885498223313,0.46135297754392696,0.4641396992900866,0.0,
linear,2,100,1.0,Panel-DOSE,0.08521127452592393,0.035903848793297645,0.037077066937715175,1.0,1.0
linear,2,100,1.0,Panel-DOSE (unpenalised),0.17819474174093952,0.09076490457287158,0.05750249305885302,1.0,1.0
linear,3,100,1.0,TWFE,1.0130739736991505,0.6973656689188159,0.5732315777092407,0.17647058823529413,
linear,3,100,1.0,TWFE-interaction,0.9041785345437363,0.8670679574984335,0.7943947400888436,0.0,
linear,3,100,1.0,FE-DML (constant),0.7553274794404109,0.17469860101845253,0.05056450980887739,0.11764705882352941,
linear,3,100,1.0,FE-DML + R-learner,0.5639916302661603,0.23045675224254628,0.11984251046776517,,
linear,3,100,1.0,Pooled DML-sieve,0.894264818083421,0.8364462038851737,0.7768585388774927,0.11764705882352941,
linear,3,100,1.0,Panel-DOSE,0.25341193764160014,0.14742138427127816,0.08866827721736659,0.8235294117647058,1.0
linear,3,100,1.0,Panel-DOSE (unpenalised),0.3676910776470797,0.13153485397370837,0.08628760484593978,0.8823529411764706,1.0
linear,4,100,1.0,TWFE,1.055572085958164,0.757781253828616,0.7941287294440811,0.29411764705882354,
linear,4,100,1.0,TWFE-interaction,1.035476800517504,0.9547394257102421,0.909087465451726,0.058823529411764705,
linear,4,100,1.0,FE-DML (constant),0.7364751889341177,0.04894592848791717,0.08529340410338215,0.17647058823529413,
linear,4,100,1.0,FE-DML + R-learner,0.631499979927464,0.08216260739748533,0.1141195899327252,,
linear,4,100,1.0,Pooled DML-sieve,0.7350948411506234,0.6480355766120832,0.6054674009689938,0.23529411764705882,
linear,4,100,1.0,Panel-DOSE,0.2169554573039378,0.13460345755693748,0.12872162146016963,0.7647058823529411,0.0
linear,4,100,1.0,Panel-DOSE (unpenalised),0.29483919977829603,0.14641052514005223,0.11868392290449914,1.0,1.0
linear,5,100,1.0,TWFE,0.9675934630059361,0.6294736766949193,0.5518057118302782,0.17647058823529413,
linear,5,100,1.0,TWFE-interaction,0.8153752463789868,0.7781162265044086,0.7625993748321813,0.0,
linear,5,100,1.0,FE-DML (constant),0.7844120629049515,0.27441261711299186,0.1967446522483507,0.17647058823529413,
linear,5,100,1.0,FE-DML + R-learner,0.5293676716266137,-0.010915881838231556,0.13033546134894292,,
linear,5,100,1.0,Pooled DML-sieve,0.7818631062138598,0.7576971562931326,0.8103070653309501,0.23529411764705882,
linear,5,100,1.0,Panel-DOSE,0.20802578411533942,0.16817187501482372,0.1902831365740194,0.5294117647058824,0.0
linear,5,100,1.0,Panel-DOSE (unpenalised),0.2566250959338554,0.1322793649509687,0.17648864802382835,0.8235294117647058,0.0
linear,6,100,1.0,TWFE,1.1139260863223082,0.8371566913005798,0.8266225494200763,0.23529411764705882,
linear,6,100,1.0,TWFE-interaction,0.9818198729986511,0.9562037487451088,0.9486541367378312,0.0,
linear,6,100,1.0,FE-DML (constant),0.7432436813776923,0.11140543033382427,0.10087128845332072,0.17647058823529413,
linear,6,100,1.0,FE-DML + R-learner,0.5157248887753286,0.11235299955719241,0.12649298287442678,,
linear,6,100,1.0,Pooled DML-sieve,0.6414482058880732,0.640985815426686,0.639884049746982,0.0,
linear,6,100,1.0,Panel-DOSE,0.14861995607719777,0.09715823721779973,0.1242134257008436,0.7058823529411765,0.0
linear,6,100,1.0,Panel-DOSE (unpenalised),0.20451485214383555,0.0709508489678795,0.11739224741935117,0.8823529411764706,1.0
linear,7,100,1.0,TWFE,1.0109212564961239,0.6942346770622325,0.6252142567185284,0.17647058823529413,
linear,7,100,1.0,TWFE-interaction,0.9378498662267962,0.9148761757546326,0.857445279644099,0.0,
linear,7,100,1.0,FE-DML (constant),0.7591533485690773,0.19056181843077352,0.12154139808706943,0.17647058823529413,
linear,7,100,1.0,FE-DML + R-learner,0.8826030978087318,-0.1960663218403476,0.15997251824074743,,
linear,7,100,1.0,Pooled DML-sieve,0.6683670731526691,0.58715989915137,0.6733567793303337,0.5294117647058824,
linear,7,100,1.0,Panel-DOSE,0.4408200999236196,0.04279082203900798,0.16240250965449943,0.6470588235294118,0.0
linear,7,100,1.0,Panel-DOSE (unpenalised),0.5787489161126932,0.050725028167412145,0.1752300736172112,0.7058823529411765,1.0
linear,8,100,1.0,TWFE,0.9476952395760027,0.5984365188681395,0.4999563098815438,0.17647058823529413,
linear,8,100,1.0,TWFE-interaction,0.7668307892638621,0.689524498916578,0.7164203651892529,0.11764705882352941,
linear,8,100,1.0,FE-DML (constant),0.7427646140659248,0.10816317260741787,0.009682963620822216,0.11764705882352941,
linear,8,100,1.0,FE-DML + R-learner,0.7100175254373059,0.05932840549349782,0.07069489264649365,,
linear,8,100,1.0,Pooled DML-sieve,0.6045949243653679,0.5745069993727223,0.6147895595715713,0.17647058823529413,
linear,8,100,1.0,Panel-DOSE,0.32066210649369453,-0.0384849712660047,0.06188077988037688,0.7058823529411765,0.0
linear,8,100,1.0,Panel-DOSE (unpenalised),0.5080649950592465,-0.10797510351969627,0.06255818883931363,0.8823529411764706,0.0
linear,9,100,1.0,TWFE,0.9174494552988526,0.5492845374013011,0.5321383851361845,0.17647058823529413,
linear,9,100,1.0,TWFE-interaction,0.8370563147162257,0.8018047307729299,0.7660996849791399,0.0,
linear,9,100,1.0,FE-DML (constant),0.7348480631145382,-0.0012945513462583977,-0.018440703611374953,0.17647058823529413,
linear,9,100,1.0,FE-DML + R-learner,0.6285036596057034,-0.034990218766286336,-0.04716299853590855,,
linear,9,100,1.0,Pooled DML-sieve,0.6848971130563118,0.6822902837804738,0.664965747665043,0.0,
linear,9,100,1.0,Panel-DOSE,0.03401743402217483,0.027173491204014792,0.0265069457304139,1.0,1.0
linear,9,100,1.0,Panel-DOSE (unpenalised),0.1577806039810941,-0.02523480909306711,0.02907593131232522,1.0,1.0
linear,10,100,1.0,TWFE,1.033997254063711,0.7274271932030687,0.5775234600665426,0.17647058823529413,
linear,10,100,1.0,TWFE-interaction,0.8528380650596499,0.8111531479311823,0.8351860144724734,0.0,
linear,10,100,1.0,FE-DML (constant),0.7496629356318666,0.14830548560383078,-0.0015982475326952184,0.17647058823529413,
linear,10,100,1.0,FE-DML + R-learner,0.7785788613352506,0.21282663600149837,0.23718212949498785,,
linear,10,100,1.0,Pooled DML-sieve,0.6547711572781054,0.653382237956338,0.6652615279246985,0.0,
linear,10,100,1.0,Panel-DOSE,0.2080026216167167,0.023943219850773672,0.08780654279029387,1.0,1.0
linear,10,100,1.0,Panel-DOSE (unpenalised),0.2587915548179176,-0.009436252685461085,0.09686261492692916,1.0,1.0
linear,11,100,1.0,TWFE,1.0323702233272976,0.7251125967826335,0.6555211415501698,0.17647058823529413,
linear,11,100,1.0,TWFE-interaction,0.7722906225554488,0.7171771858286573,0.7433939874903055,0.11764705882352941,
linear,11,100,1.0,FE-DML (constant),0.734853623560673,0.0031381619224117208,-0.0664532933100519,0.17647058823529413,
linear,11,100,1.0,FE-DML + R-learner,0.6178037596832268,-0.2661441683561081,-0.06222088105635404,,
linear,11,100,1.0,Pooled DML-sieve,0.6055401881791389,0.587315275636881,0.6091376493844531,0.17647058823529413,
linear,11,100,1.0,Panel-DOSE,0.14076286497409965,-0.09688315744490496,-0.0662708749820835,1.0,1.0
linear,11,100,1.0,Panel-DOSE (unpenalised),0.2454657982100887,-0.13651322408297994,-0.1009784082831311,1.0,1.0
linear,12,100,1.0,TWFE,0.8597448607899307,0.446274831975429,0.4994530344476339,0.17647058823529413,
linear,12,100,1.0,TWFE-interaction,0.6855938342154149,0.6534974284377322,0.6111217325923414,0.0,
linear,12,100,1.0,FE-DML (constant),0.751739496355311,-0.15846851542352686,-0.10529031295132196,0.17647058823529413,
linear,12,100,1.0,FE-DML + R-learner,0.5148445538446479,0.09770332477861224,-0.06990213947765445,,
linear,12,100,1.0,Pooled DML-sieve,0.5837639465955463,0.5375132331623219,0.5510219471194325,0.17647058823529413,
linear,12,100,1.0,Panel-DOSE,0.10325041824001717,-0.06439117565038231,-0.08079852310013924,1.0,1.0
linear,12,100,1.0,Panel-DOSE (unpenalised),0.22078001345098186,-0.047002541915480894,-0.05528807387184531,0.9411764705882353,1.0
linear,13,100,1.0,TWFE,0.946940267875646,0.5972402120791936,0.5100901918723801,0.17647058823529413,
linear,13,100,1.0,TWFE-interaction,0.8802800400242577,0.7848297459168332,0.789757707284473,0.11764705882352941,
linear,13,100,1.0,FE-DML (constant),0.740861987214767,0.09421509486177698,0.007065074654963421,0.11764705882352941,
linear,13,100,1.0,FE-DML + R-learner,0.5808131969693742,0.03926641916515652,0.02081983219806105,,
linear,13,100,1.0,Pooled DML-sieve,0.5566517317693246,0.5471764645387188,0.5198560618137045,0.11764705882352941,
linear,13,100,1.0,Panel-DOSE,0.055483785086721034,0.04173233603485,0.04346895985149546,1.0,1.0
linear,13,100,1.0,Panel-DOSE (unpenalised),0.1631259195047109,0.024217889473837392,0.007716144962001348,1.0,1.0
linear,14,100,1.0,TWFE,1.0028092911765136,0.6823682836049327,0.6914642708565356,0.23529411764705882,
linear,14,100,1.0,TWFE-interaction,1.080021221467938,1.003734112579634,0.9602223456373403,0.0,
linear,14,100,1.0,FE-DML (constant),0.7446809395287218,0.12062214430766888,0.1297181315592718,0.17647058823529413,
linear,14,100,1.0,FE-DML + R-learner,0.49065079313022286,0.1331490175131954,0.19696161218582786,,
linear,14,100,1.0,Pooled DML-sieve,0.7829550212232073,0.7538205212643259,0.7587159682283998,0.058823529411764705,
linear,14,100,1.0,Panel-DOSE,0.2426426006229044,0.2051031927825677,0.20210163282189952,0.7058823529411765,0.0
linear,14,100,1.0,Panel-DOSE (unpenalised),0.2289731798136909,0.16362841546489984,0.21873809532081745,0.8823529411764706,1.0
linear,15,100,1.0,TWFE,0.9904013926555075,0.6639991856726698,0.5701978865485553,0.23529411764705882,
linear,15,100,1.0,TWFE-interaction,1.0238290320203205,0.9535605395443566,0.9067531675189999,0.0,
linear,15,100,1.0,FE-DML (constant),0.7393109986199479,0.08112183849263171,-0.012679460631482842,0.11764705882352941,
linear,15,100,1.0,FE-DML + R-learner,0.4041931655749663,-0.05733273005636081,0.028498107388118976,,
linear,15,100,1.0,Pooled DML-sieve,0.7565039046784018,0.7329783098634493,0.7511943631222584,0.17647058823529413,
linear,15,100,1.0,Panel-DOSE,0.1380402728317216,-0.004864263819536598,0.0480281874384072,1.0,1.0
linear,15,100,1.0,Panel-DOSE (unpenalised),0.23060981745715287,-0.014762879118569276,0.05407505562220272,1.0,1.0
linear,16,100,1.0,TWFE,0.9595291209074808,0.6170057810665007,0.5730260114446153,0.17647058823529413,
linear,16,100,1.0,TWFE-interaction,0.8609122941912323,0.8139019659141541,0.7849811443427739,0.0,
linear,16,100,1.0,FE-DML (constant),0.7388840570651692,0.07713397296317831,0.03315420334129282,0.11764705882352941,
linear,16,100,1.0,FE-DML + R-learner,0.6403156686852911,0.34394328276078395,0.07608746297076774,,
linear,16,100,1.0,Pooled DML-sieve,0.6351405760996419,0.629305595641842,0.6108503772023475,0.058823529411764705,
linear,16,100,1.0,Panel-DOSE,0.06341898633012881,0.04912813958927905,0.05047096433015397,1.0,1.0
linear,16,100,1.0,Panel-DOSE (unpenalised),0.17132361870567056,0.08160304468373429,0.039043140531224374,1.0,1.0
linear,17,100,1.0,TWFE,0.8122474950228706,0.34604334001816633,0.3000534188621953,0.17647058823529413,
linear,17,100,1.0,TWFE-interaction,0.6870627892200681,0.6275500944038617,0.6137367725259542,0.0,
linear,17,100,1.0,FE-DML (constant),0.7348663506454693,0.005343529824937067,-0.04064639133103398,0.17647058823529413,
linear,17,100,1.0,FE-DML + R-learner,0.5841520645116268,0.02106347326906585,0.02122870794592102,,
linear,17,100,1.0,Pooled DML-sieve,0.6427724591643413,0.6419587860506745,0.6412685739071133,0.0,
linear,17,100,1.0,Panel-DOSE,0.08702812072008703,0.041450143612143824,0.04691295833959552,1.0,1.0
linear,17,100,1.0,Panel-DOSE (unpenalised),0.17720360803806987,0.05192845202157925,0.07276924692305964,1.0,1.0
linear,18,100,1.0,TWFE,0.9215780832483752,0.5561530036992961,0.4844398684116522,0.23529411764705882,
linear,18,100,1.0,TWFE-interaction,0.9041344777723315,0.818628210532327,0.8019400269940917,0.0,
linear,18,100,1.0,FE-DML (constant),0.7372929915087173,0.060007960537527605,-0.011705174750116232,0.11764705882352941,
linear,18,100,1.0,FE-DML + R-learner,0.5593193171089239,0.008427494265099844,0.1119689053107149,,
linear,18,100,1.0,Pooled DML-sieve,0.5298517417110061,0.5281869439903225,0.5320948156181051,0.0,
linear,18,100,1.0,Panel-DOSE,0.0877735052745762,0.05738235521342611,0.07107204845617421,1.0,1.0
linear,18,100,1.0,Panel-DOSE (unpenalised),0.14804637252907907,0.03126873808018472,0.07703841277654089,1.0,1.0
linear,19,100,1.0,TWFE,0.8639046256232521,0.45423694496732797,0.34417220614315935,0.17647058823529413,
linear,19,100,1.0,TWFE-interaction,0.7000564172320797,0.6154309741356245,0.6339534908906579,0.23529411764705882,
linear,19,100,1.0,FE-DML (constant),0.7509893958540741,0.15487114865354096,0.04480640982937234,0.17647058823529413,
linear,19,100,1.0,FE-DML + R-learner,0.7660290689863584,-0.00611295916447301,0.07122697848856108,,
linear,19,100,1.0,Pooled DML-sieve,0.7007492835635069,0.6978121761550667,0.7057245272845052,0.058823529411764705,
linear,19,100,1.0,Panel-DOSE,0.0997689053747268,0.09660413192363873,0.09647240685680747,1.0,1.0
linear,19,100,1.0,Panel-DOSE (unpenalised),0.17276735191378426,0.08187183314725258,0.13658455614822418,1.0,1.0
linear,20,100,1.0,TWFE,0.8904965337320573,0.5029752246272265,0.48644557288278056,0.23529411764705882,
linear,20,100,1.0,TWFE-interaction,0.8456874712587535,0.7665865607855281,0.7414300437890444,0.11764705882352941,
linear,20,100,1.0,FE-DML (constant),0.7368814497661688,-0.054719932469720366,-0.07124958421416627,0.11764705882352941,
linear,20,100,1.0,FE-DML + R-learner,0.6701807964603492,-0.1697255656945506,-0.043526026403800766,,
linear,20,100,1.0,Pooled DML-sieve,0.6051788155928176,0.5222920560410594,0.5435608807014509,0.23529411764705882,
linear,20,100,1.0,Panel-DOSE,0.0875718009924226,-0.048602853577803196,-0.029281113760679323,1.0,1.0
linear,20,100,1.0,Panel-DOSE (unpenalised),0.1722789959871665,-0.0485086069478029,-0.0450760293437521,0.9411764705882353,1.0
linear,21,100,1.0,TWFE,0.9377195677954039,0.5825100753003325,0.5695058423729424,0.17647058823529413,
linear,21,100,1.0,TWFE-interaction,0.9247322972074803,0.8169964995140804,0.8008884227898962,0.17647058823529413,
linear,21,100,1.0,FE-DML (constant),0.7367279458562922,-0.05261241493822382,-0.06561664786561383,0.11764705882352941,
linear,21,100,1.0,FE-DML + R-learner,0.5606922484554426,-0.04020487253225041,-0.055259352297385544,,
linear,21,100,1.0,Pooled DML-sieve,0.4385238957879124,0.4187994176489758,0.4020651953217882,0.29411764705882354,
linear,21,100,1.0,Panel-DOSE,0.11272346738808282,-0.0036694899956235113,-0.01818960434367234,1.0,1.0
linear,21,100,1.0,Panel-DOSE (unpenalised),0.20065603468056045,0.050299257982860224,-0.011639291108006988,1.0,1.0
linear,22,100,1.0,TWFE,0.9056107115112683,0.5292738051367604,0.5364589927742962,0.23529411764705882,
linear,22,100,1.0,TWFE-interaction,0.8270570742505077,0.7634617870035153,0.7128366601336311,0.0,
linear,22,100,1.0,FE-DML (constant),0.7378624261444252,0.06664052757697297,0.07382571521450876,0.11764705882352941,
linear,22,100,1.0,FE-DML + R-learner,0.5739689205145984,0.02262294019855584,0.08242989915117871,,
linear,22,100,1.0,Pooled DML-sieve,0.5407695031458379,0.49195292306795985,0.49421127444856405,0.23529411764705882,
linear,22,100,1.0,Panel-DOSE,0.18766329609697177,0.0921896460172235,0.07826302538730334,0.7647058823529411,1.0
linear,22,100,1.0,Panel-DOSE (unpenalised),0.28427189201955666,0.1452204780581816,0.06914545523662907,0.9411764705882353,1.0
linear,23,100,1.0,TWFE,0.8465974112911305,0.4203893157596225,0.4139507966289615,0.17647058823529413,
linear,23,100,1.0,TWFE-interaction,0.7470376331189149,0.6413069618458037,0.5961050907127403,0.23529411764705882,
linear,23,100,1.0,FE-DML (constant),0.7349736775366136,-0.013649420196261208,-0.02008793932692221,0.17647058823529413,
linear,23,100,1.0,FE-DML + R-learner,0.6677078295958875,-0.14570568516518942,-0.016936530047475862,,
linear,23,100,1.0,Pooled DML-sieve,0.5319605792077583,0.528594228422388,0.5099562299395453,0.058823529411764705,
linear,23,100,1.0,Panel-DOSE,0.06376731911871582,0.03368177516184231,0.017891469287205863,1.0,1.0
linear,23,100,1.0,Panel-DOSE (unpenalised),0.2503494104238302,0.07783946387417884,0.039765217225114835,1.0,1.0
linear,24,100,1.0,TWFE,0.9594097963319779,0.6168201985163643,0.559252590493019,0.23529411764705882,
linear,24,100,1.0,TWFE-interaction,0.8513040997255722,0.8067069413109517,0.7687671828061005,0.0,
linear,24,100,1.0,FE-DML (constant),0.7449864256711064,0.1224939771344326,0.06492636911108729,0.11764705882352941,
linear,24,100,1.0,FE-DML + R-learner,0.6229462076776917,0.2683779709715407,0.1459899082828635,,
linear,24,100,1.0,Pooled DML-sieve,0.7280469581881646,0.6584581338515811,0.6332938735288864,0.17647058823529413,
linear,24,100,1.0,Panel-DOSE,0.2000732075276128,0.0995662319832716,0.0849264189485297,0.7058823529411765,0.0
linear,24,100,1.0,Panel-DOSE (unpenalised),0.293214467750126,0.0761466271586101,0.09351402314780533,0.8823529411764706,1.0
linear,25,100,1.0,TWFE,0.9381490007243604,0.58320112102097,0.49368474259082906,0.17647058823529413,
linear,25,100,1.0,TWFE-interaction,0.7011590659834589,0.6783996000293929,0.6544522375168358,0.0,
linear,25,100,1.0,FE-DML (constant),0.7379826459451702,0.06795870596350667,-0.021557672466634203,0.11764705882352941,
linear,25,100,1.0,FE-DML + R-learner,0.6894532083540872,0.29141890869667164,0.054665222388999624,,
linear,25,100,1.0,Pooled DML-sieve,0.570148291795661,0.5594094605557638,0.5443182170196523,0.17647058823529413,
linear,25,100,1.0,Panel-DOSE,0.3048844284219332,0.048736113951726244,0.0019140557635279887,0.7647058823529411,1.0
linear,25,100,1.0,Panel-DOSE (unpenalised),0.41468278446818657,0.0608590821552375,-0.011758574644861408,0.8823529411764706,1.0
linear,26,100,1.0,TWFE,0.9034888033395012,0.5256348711414073,0.38092134639281516,0.23529411764705882,
linear,26,100,1.0,TWFE-interaction,0.7312738531184628,0.694764966830358,0.6662646603546976,0.0,
linear,26,100,1.0,FE-DML (constant),0.7525441081421802,0.162242518161884,0.017528993413291838,0.17647058823529413,
linear,26,100,1.0,FE-DML + R-learner,0.6052167868574918,0.02888526820876082,0.07115155077683433,,
linear,26,100,1.0,Pooled DML-sieve,0.6247349005101921,0.6210922805857324,0.5958646883122369,0.11764705882352941,
linear,26,100,1.0,Panel-DOSE,0.15094829437453963,0.12051016382465658,0.10151233518054803,0.7647058823529411,1.0
linear,26,100,1.0,Panel-DOSE (unpenalised),0.22376145936211567,0.1643360711323345,0.06964476152038612,1.0,1.0
linear,27,100,1.0,TWFE,1.0465897226096923,0.745218120735287,0.6678842862099805,0.23529411764705882,
linear,27,100,1.0,TWFE-interaction,0.9579922061266128,0.8938322152770664,0.8674748127667846,0.0,
linear,27,100,1.0,FE-DML (constant),0.7528477116474942,0.16364497221995128,0.08631113769464482,0.17647058823529413,
linear,27,100,1.0,FE-DML + R-learner,0.7917917264971864,0.4283448523988649,0.18342633974520317,,
linear,27,100,1.0,Pooled DML-sieve,0.7352442423478649,0.7340378949313701,0.7312764397271794,0.0,
linear,27,100,1.0,Panel-DOSE,0.14907434859188853,0.13556303703833575,0.14102871952978568,0.8235294117647058,1.0
linear,27,100,1.0,Panel-DOSE (unpenalised),0.46254473177076233,0.2481507801377333,0.16603474452485045,0.8235294117647058,0.0
linear,28,100,1.0,TWFE,0.9950123428722777,0.6708573339154749,0.5891121498862499,0.23529411764705882,
linear,28,100,1.0,TWFE-interaction,0.8843813675108486,0.858710064626599,0.8093559828039456,0.0,
linear,28,100,1.0,FE-DML (constant),0.7386828901144322,0.07518252554823007,-0.0065626584809947985,0.11764705882352941,
linear,28,100,1.0,FE-DML + R-learner,0.48001453126503746,0.02303261745824372,-0.023551973606829257,,
linear,28,100,1.0,Pooled DML-sieve,0.7044006093514826,0.7001836868876874,0.7118147017776926,0.11764705882352941,
linear,28,100,1.0,Panel-DOSE,0.06763150496358036,0.04420783015140978,0.04207857676136495,1.0,1.0
linear,28,100,1.0,Panel-DOSE (unpenalised),0.17159101848287267,0.021315078270879802,0.016541689699937967,1.0,1.0
linear,29,100,1.0,TWFE,0.8042753081449828,0.3268925990164155,0.46189993336545365,0.17647058823529413,
linear,29,100,1.0,TWFE-interaction,0.8390691776790972,0.7308459570402082,0.626528382776814,0.058823529411764705,
linear,29,100,1.0,FE-DML (constant),0.7784016921414019,-0.25672786044486456,-0.1217205260958264,0.11764705882352941,
linear,29,100,1.0,FE-DML + R-learner,0.5670972297778379,-0.3101900406934095,-0.1332108825635866,,
linear,29,100,1.0,Pooled DML-sieve,0.4387720238791766,0.4338404283249839,0.43946168087103277,0.23529411764705882,
linear,29,100,1.0,Panel-DOSE,0.14817758838127623,-0.13331920840124734,-0.11573129167450191,1.0,1.0
linear,29,100,1.0,Panel-DOSE (unpenalised),0.2196927933448878,-0.146459016520208,-0.1302140934798376,1.0,1.0
linear,30,100,1.0,TWFE,0.9576661672493605,0.6141046229219254,0.6110577504100398,0.17647058823529413,
linear,30,100,1.0,TWFE-interaction,0.8305397501694068,0.8043404148418358,0.7387310513153778,0.0,
linear,30,100,1.0,FE-DML (constant),0.7402054879532368,0.08890536764498197,0.08585849513309651,0.11764705882352941,
linear,30,100,1.0,FE-DML + R-learner,0.687608292544484,-0.04569595428037288,0.01088247212846083,,
linear,30,100,1.0,Pooled DML-sieve,0.6236595181722594,0.5428216365235156,0.5383164524969097,0.23529411764705882,
linear,30,100,1.0,Panel-DOSE,0.2540230720368023,0.05951143908762493,0.08202251382303882,0.8823529411764706,1.0
linear,30,100,1.0,Panel-DOSE (unpenalised),0.5031173809936351,0.01348355270451045,0.07995535996364689,0.8235294117647058,0.0
linear,31,100,1.0,TWFE,1.038981168960638,0.7344942950457914,0.7144710902922253,0.17647058823529413,
linear,31,100,1.0,TWFE-interaction,0.8545809466994027,0.835617878880928,0.7852624983283292,0.0,
linear,31,100,1.0,FE-DML (constant),0.7415083774670476,0.0991699241393959,0.07914671938582973,0.11764705882352941,
linear,31,100,1.0,FE-DML + R-learner,0.6039170738147054,-0.014636792007623774,0.11128487940942455,,
linear,31,100,1.0,Pooled DML-sieve,0.6231189192199144,0.6224369229568589,0.6191868993385177,0.0,
linear,31,100,1.0,Panel-DOSE,0.1371225283575928,0.09854274354387736,0.10660515326469544,0.9411764705882353,1.0
linear,31,100,1.0,Panel-DOSE (unpenalised),0.18121457293200469,0.03856277531234396,0.09551643737204563,1.0,1.0
linear,32,100,1.0,TWFE,1.0105599720606193,0.6937084813746766,0.6679859063655227,0.17647058823529413,
linear,32,100,1.0,TWFE-interaction,1.0046265928200684,0.9576745939800612,0.92109336735986,0.0,
linear,32,100,1.0,FE-DML (constant),0.7407209706908119,0.09309971225056873,0.06737713724141492,0.11764705882352941,
linear,32,100,1.0,FE-DML + R-learner,0.6364757513005536,0.3212983874101763,0.2561387709810723,,
linear,32,100,1.0,Pooled DML-sieve,0.7505793270682778,0.7148254691560402,0.6693533355489127,0.29411764705882354,
linear,32,100,1.0,Panel-DOSE,0.2132052045555377,0.19699302375064986,0.19601457368963682,1.0,1.0
linear,32,100,1.0,Panel-DOSE (unpenalised),0.3158467388680778,0.22586430550594702,0.19227711335301967,0.8823529411764706,1.0
linear,33,100,1.0,TWFE,0.8918977592811745,0.5054518899072196,0.47465217648698355,0.23529411764705882,
linear,33,100,1.0,TWFE-interaction,0.8439393172316396,0.7937234479162358,0.7760098070169585,0.11764705882352941,
linear,33,100,1.0,FE-DML (constant),0.7361839082549533,-0.0443480188231394,-0.07514773224337534,0.11764705882352941,
linear,33,100,1.0,FE-DML + R-learner,0.6751892010177429,0.039982292888460634,0.07833597603353293,,
linear,33,100,1.0,Pooled DML-sieve,0.5589788848927161,0.5503374632726356,0.5530167027369624,0.17647058823529413,
linear,33,100,1.0,Panel-DOSE,0.06394778886145577,-5.0639585065808905e-05,0.004500763033581157,1.0,1.0
linear,33,100,1.0,Panel-DOSE (unpenalised),0.14308681202694198,0.00296161873383045,0.0064109858010885645,1.0,1.0
linear,34,100,1.0,TWFE,0.8408071185234816,0.40860324345232496,0.44039159030827435,0.17647058823529413,
linear,34,100,1.0,TWFE-interaction,0.7753831932173184,0.7133696499587036,0.6453619504919724,0.0,
linear,34,100,1.0,FE-DML (constant),0.7351088462672561,-0.01962182102600225,0.01216652582994715,0.17647058823529413,
linear,34,100,1.0,FE-DML + R-learner,0.5026125298481344,0.028988381320407472,0.10490105483666456,,
linear,34,100,1.0,Pooled DML-sieve,0.5290825504391437,0.5212601419686063,0.5392105349282476,0.29411764705882354,
linear,34,100,1.0,Panel-DOSE,0.15063017124032435,0.04518645364586981,0.06934768392064428,1.0,1.0
linear,34,100,1.0,Panel-DOSE (unpenalised),0.1914900415965266,0.04989924731310961,0.07623083162092092,0.9411764705882353,1.0
linear,35,100,1.0,TWFE,0.8667889932081073,0.4596989871064809,0.2878694071718433,0.17647058823529413,
linear,35,100,1.0,TWFE-interaction,0.6171907866014351,0.5745775728015131,0.4929529413230984,0.0,
linear,35,100,1.0,FE-DML (constant),0.7449038761236247,0.12199092041623677,-0.04983865951840083,0.11764705882352941,
linear,35,100,1.0,FE-DML + R-learner,0.6462202872335391,0.20839973566326386,-0.07146687377626026,,
linear,35,100,1.0,Pooled DML-sieve,0.6402047956419487,0.6329137584786089,0.6164125924467831,0.0,
linear,35,100,1.0,Panel-DOSE,0.12939072339541205,0.021001345559178815,-0.005794447378741685,1.0,1.0
linear,35,100,1.0,Panel-DOSE (unpenalised),0.5474254006562616,0.14050684308166123,0.010498989499118094,1.0,1.0
linear,36,100,1.0,TWFE,0.8737581570227163,0.4727084904713831,0.43053126850641354,0.17647058823529413,
linear,36,100,1.0,TWFE-interaction,0.7581782685984891,0.6410557169009334,0.6339813471449238,0.23529411764705882,
linear,36,100,1.0,FE-DML (constant),0.7405826112383113,0.09199241310323208,0.04981519113826249,0.11764705882352941,
linear,36,100,1.0,FE-DML + R-learner,0.6364083165467425,0.21768836913525585,0.07788487103421371,,
linear,36,100,1.0,Pooled DML-sieve,0.5886074315442347,0.5766504781880729,0.5837873472411885,0.058823529411764705,
linear,36,100,1.0,Panel-DOSE,0.2729024055191536,0.07713947548467379,0.1125549157611545,0.35294117647058826,0.0
linear,36,100,1.0,Panel-DOSE (unpenalised),0.3170331425725554,0.022290491135540026,0.10030558496926023,0.8235294117647058,1.0
linear,37,100,1.0,TWFE,0.8078606860367222,0.33561717483424996,0.2854292762820809,0.23529411764705882,
linear,37,100,1.0,TWFE-interaction,0.6841214158849327,0.636919050700848,0.5870792509679097,0.0,
linear,37,100,1.0,FE-DML (constant),0.739879252517362,-0.08614701565144516,-0.1363349142036142,0.11764705882352941,
linear,37,100,1.0,FE-DML + R-learner,0.6079565745025293,-0.05326898472218654,-0.10637215018904655,,
linear,37,100,1.0,Pooled DML-sieve,0.4739237927465225,0.44049762606079007,0.46025263632621316,0.23529411764705882,
linear,37,100,1.0,Panel-DOSE,0.09804005924166284,-0.05462694441416776,-0.03600979402569604,1.0,1.0
linear,37,100,1.0,Panel-DOSE (unpenalised),0.3223691964882278,-0.14679690595850114,-0.08457743947564356,1.0,1.0
linear,38,100,1.0,TWFE,1.0420170076387325,0.7387824065368491,0.6699178860937809,0.23529411764705882,
linear,38,100,1.0,TWFE-interaction,0.8619782721638329,0.821760465396987,0.8093959552408545,0.0,
linear,38,100,1.0,FE-DML (constant),0.7366312295900999,0.05124030061799395,-0.017624219825074228,0.11764705882352941,
linear,38,100,1.0,FE-DML + R-learner,0.6709938726714576,0.15559231786356048,0.0489907694301257,,
linear,38,100,1.0,Pooled DML-sieve,0.6286706222658962,0.6275120684566303,0.6196724980194945,0.0,
linear,38,100,1.0,Panel-DOSE,0.058882359644534164,0.05211622040869007,0.04592757564171812,1.0,1.0
linear,38,100,1.0,Panel-DOSE (unpenalised),0.17803634344069563,0.024918573734522893,0.050517568941971014,1.0,1.0
linear,39,100,1.0,TWFE,0.9051173420726911,0.5284291843953484,0.393081610879934,0.23529411764705882,
linear,39,100,1.0,TWFE-interaction,0.8595450685922927,0.8239967597546337,0.8121947195743631,0.0,
linear,39,100,1.0,FE-DML (constant),0.7713442620350628,0.23446102143941866,0.09911344792400434,0.11764705882352941,
linear,39,100,1.0,FE-DML + R-learner,0.7241529850627295,0.3222968154471977,0.15611946094091178,,
linear,39,100,1.0,Pooled DML-sieve,0.7680777005845202,0.7331794922904753,0.7195665808143838,0.0,
linear,39,100,1.0,Panel-DOSE,0.3299453765771336,0.2243498437164628,0.21161671026497308,0.5882352941176471,0.0
linear,39,100,1.0,Panel-DOSE (unpenalised),0.39730188704666103,0.23344597309721568,0.15103974732678038,0.7647058823529411,0.0
linear,40,100,1.0,TWFE,0.8475597753518176,0.4223240139921285,0.3196732433887306,0.17647058823529413,
linear,40,100,1.0,TWFE-interaction,0.6579772828783005,0.5726913503600408,0.5774675197928671,0.29411764705882354,
linear,40,100,1.0,FE-DML (constant),0.7349627113032905,0.013045574202920674,-0.08960519640047715,0.17647058823529413,
linear,40,100,1.0,FE-DML + R-learner,0.49045491835188365,-0.1583631215697165,-0.07276297934766118,,
linear,40,100,1.0,Pooled DML-sieve,0.5799005051787174,0.539902526850485,0.5077313122025029,0.23529411764705882,
linear,40,100,1.0,Panel-DOSE,0.08697856533690682,-0.029486320050735912,-0.036023707786677184,1.0,1.0
linear,40,100,1.0,Panel-DOSE (unpenalised),0.20204033916110825,-0.04201456185677085,-0.05064316789453338,0.9411764705882353,1.0
linear,41,100,1.0,TWFE,0.9190653404781173,0.5519792569183716,0.5457990832212569,0.23529411764705882,
linear,41,100,1.0,TWFE-interaction,0.8347069965355114,0.7706757453240654,0.7262182399869248,0.11764705882352941,
linear,41,100,1.0,FE-DML (constant),0.7360833309379743,-0.0426458683197258,-0.04882604201684049,0.11764705882352941,
linear,41,100,1.0,FE-DML + R-learner,0.6231432228017026,0.08345685316326773,0.039044195626543265,,
linear,41,100,1.0,Pooled DML-sieve,0.5937685182109765,0.45366474565696596,0.5302153265017802,0.29411764705882354,
linear,41,100,1.0,Panel-DOSE,0.05306620988694387,0.022951295436026233,0.02802310167219879,1.0,1.0
linear,41,100,1.0,Panel-DOSE (unpenalised),0.267847019413621,-0.041350823789938616,0.0021423877748458775,0.9411764705882353,1.0
linear,42,100,1.0,TWFE,0.8672014478928365,0.4604762222172085,0.42383471359371505,0.17647058823529413,
linear,42,100,1.0,TWFE-interaction,0.7409548901994462,0.6835485903601577,0.6155072151381369,0.0,
linear,42,100,1.0,FE-DML (constant),0.7351428685581466,-0.020857545203125282,-0.057499053826618685,0.17647058823529413,
linear,42,100,1.0,FE-DML + R-learner,0.47192026830193445,-0.1266222859724065,-0.029740448319299784,,
linear,42,100,1.0,Pooled DML-sieve,0.8307011813964605,0.7830780238099618,0.7368549679039091,0.17647058823529413,
linear,42,100,1.0,Panel-DOSE,0.2377332696866197,0.027170414421891068,-0.02434656398379187,0.7647058823529411,0.0
linear,42,100,1.0,Panel-DOSE (unpenalised),0.34209943888300887,0.0065770241756054545,-0.020292167720543652,0.8235294117647058,0.0
linear,43,100,1.0,TWFE,0.9763977636733125,0.6429250289934636,0.5376815021958841,0.17647058823529413,
linear,43,100,1.0,TWFE-interaction,0.8014535700893329,0.7787423651670424,0.774814329965513,0.0,
linear,43,100,1.0,FE-DML (constant),0.7357817960602412,0.037078988843201204,-0.06816453795437827,0.11764705882352941,
linear,43,100,1.0,FE-DML + R-learner,0.5420924188961795,0.05394834828086849,0.008236491700630788,,
linear,43,100,1.0,Pooled DML-sieve,0.6273834253688568,0.615355891613609,0.6348214442390658,0.058823529411764705,
linear,43,100,1.0,Panel-DOSE,0.05469535810078106,-0.018122692981512603,-0.009457972113982027,1.0,1.0
linear,43,100,1.0,Panel-DOSE (unpenalised),0.11409483649578035,-0.04270946238444614,0.004887173811643164,1.0,1.0
linear,44,100,1.0,TWFE,0.9579925015117006,0.6146134012146541,0.6539868025626577,0.17647058823529413,
linear,44,100,1.0,TWFE-interaction,0.9656395838570716,0.9062358730165153,0.8658616463588894,0.0,
linear,44,100,1.0,FE-DML (constant),0.7373952384968631,0.06125143065958211,0.10062483200758565,0.17647058823529413,
linear,44,100,1.0,FE-DML + R-learner,0.5371786121262457,0.16187245163239272,0.14341170977980944,,
linear,44,100,1.0,Pooled DML-sieve,0.6924297708887593,0.6679293519730649,0.6373673220170014,0.0,
linear,44,100,1.0,Panel-DOSE,0.2465674454847033,0.19185473400480157,0.16714899004469908,0.8823529411764706,1.0
linear,44,100,1.0,Panel-DOSE (unpenalised),0.3731215197944294,0.23390014658031866,0.21493402315415067,0.9411764705882353,1.0
linear,45,100,1.0,TWFE,0.9317365744581182,0.5728289833649728,0.5331895214879214,0.17647058823529413,
linear,45,100,1.0,TWFE-interaction,0.8549448307612593,0.8166350448515011,0.7947423854951368,0.0,
linear,45,100,1.0,FE-DML (constant),0.7362380824388043,-0.04523841324767738,-0.08487787512472877,0.11764705882352941,
linear,45,100,1.0,FE-DML + R-learner,0.6797619491868199,-0.30724381319820576,-0.12283633639638114,,
linear,45,100,1.0,Pooled DML-sieve,0.5005979243035252,0.3382769510757412,0.34356459572757214,0.47058823529411764,
linear,45,100,1.0,Panel-DOSE,0.26158493872273514,-0.07123615331790732,-0.06685388032960737,0.8235294117647058,0.0
linear,45,100,1.0,Panel-DOSE (unpenalised),0.35227765476988543,-0.0972126740027079,-0.0685100264290801,0.8235294117647058,0.0
linear,46,100,1.0,TWFE,0.9034590579105306,0.5255837414918612,0.5393921213893978,0.23529411764705882,
linear,46,100,1.0,TWFE-interaction,0.8306277018750596,0.7262694729498316,0.685687144890836,0.11764705882352941,
linear,46,100,1.0,FE-DML (constant),0.7349527699810852,-0.01247293481382401,0.0013354450837127496,0.17647058823529413,
linear,46,100,1.0,FE-DML + R-learner,0.4903779825888867,0.10981971670495226,0.0893686906322414,,
linear,46,100,1.0,Pooled DML-sieve,0.6590922748921311,0.6485020831564993,0.6269161165100247,0.0,
linear,46,100,1.0,Panel-DOSE,0.09382913900300206,0.08075207013974177,0.07243405839793937,1.0,1.0
linear,46,100,1.0,Panel-DOSE (unpenalised),0.2155244248398816,0.13798788240909596,0.09733484687609073,0.9411764705882353,1.0
linear,47,100,1.0,TWFE,1.0125121329612248,0.6965492225203394,0.6575637043684452,0.23529411764705882,
linear,47,100,1.0,TWFE-interaction,0.902232326363146,0.8414763435311403,0.8083209625518486,0.0,
linear,47,100,1.0,FE-DML (constant),0.7422612491463959,0.10465066643059678,0.06566514827870273,0.11764705882352941,
linear,47,100,1.0,FE-DML + R-learner,0.5714428324700018,-0.04169025133596469,0.09259476978223335,,
linear,47,100,1.0,Pooled DML-sieve,0.619669609488611,0.5610736584464344,0.5613014374270355,0.23529411764705882,
linear,47,100,1.0,Panel-DOSE,0.1450863519991629,0.04114505702151986,0.09157809635588765,0.8235294117647058,1.0
linear,47,100,1.0,Panel-DOSE (unpenalised),0.2710839295282294,-0.023081555325503135,0.08986200014533252,1.0,1.0
linear,48,100,1.0,TWFE,1.1923873050096419,0.9390354014349812,0.8432803328522527,0.17647058823529413,
linear,48,100,1.0,TWFE-interaction,1.0945186374046594,1.0422411488944752,1.0433256354385232,0.0,
linear,48,100,1.0,FE-DML (constant),0.7927936219391504,0.29752601060646183,0.20177094202373325,0.17647058823529413,
linear,48,100,1.0,FE-DML + R-learner,0.7545025222307111,0.10003957938540929,0.24280783451389043,,
linear,48,100,1.0,Pooled DML-sieve,0.7961094754329718,0.7877420544792327,0.7649712223898215,0.0,
linear,48,100,1.0,Panel-DOSE,0.26669112169852877,0.21657028834149233,0.22556790854223485,0.5294117647058824,0.0
linear,48,100,1.0,Panel-DOSE (unpenalised),0.29512076448298674,0.14518686211727466,0.2262066980400239,0.7058823529411765,0.0
linear,49,100,1.0,TWFE,1.0113181335814039,0.6948124691674542,0.6214511503426023,0.17647058823529413,
linear,49,100,1.0,TWFE-interaction,0.8951716465178273,0.8557838862492767,0.8400312068907714,0.0,
linear,49,100,1.0,FE-DML (constant),0.7547408641407521,0.17214462525425883,0.09878330642940703,0.17647058823529413,
linear,49,100,1.0,FE-DML + R-learner,0.44197950138008063,0.05657387185236487,0.09153073093942887,,
linear,49,100,1.0,Pooled DML-sieve,0.7440392262349,0.7417074857382912,0.7336651390450875,0.0,
linear,49,100,1.0,Panel-DOSE,0.16053183806111407,0.13265131344686887,0.1371278330439849,0.6470588235294118,1.0
linear,49,100,1.0,Panel-DOSE (unpenalised),0.2256279503301884,0.09726923424960483,0.1337301599495231,0.8235294117647058,1.0
linear,50,100,1.0,TWFE,0.986263968649808,0.6578119912686828,0.586663987098281,0.23529411764705882,
linear,50,100,1.0,TWFE-interaction,0.832492927932697,0.7880086508695927,0.795272030769645,0.0,
linear,50,100,1.0,FE-DML (constant),0.7433927803358397,0.11239584447589696,0.04124784030549522,0.17647058823529413,
linear,50,100,1.0,FE-DML + R-learner,0.5834915076028141,0.012705335426052788,0.1131418899846397,,
linear,50,100,1.0,Pooled DML-sieve,0.6528554369959838,0.5839724114908194,0.612103770635458,0.17647058823529413,
linear,50,100,1.0,Panel-DOSE,0.2511495358264522,0.06306024983848943,0.09644210666844422,0.7647058823529411,1.0
linear,50,100,1.0,Panel-DOSE (unpenalised),0.3242530977707035,0.05894785293082162,0.1234538316906002,0.8823529411764706,0.0
linear,51,100,1.0,TWFE,0.9202730549677689,0.5539878118692778,0.5670203022467004,0.17647058823529413,
linear,51,100,1.0,TWFE-interaction,0.9515107902204181,0.874754637596399,0.8332867375758648,0.0,
linear,51,100,1.0,FE-DML (constant),0.734871125107607,0.005964102356616975,0.01899659273403964,0.17647058823529413,
linear,51,100,1.0,FE-DML + R-learner,0.7207272774058489,0.012458354848391391,0.05461759275058009,,
linear,51,100,1.0,Pooled DML-sieve,0.6540922158838185,0.5954722329130018,0.6103562590853235,0.17647058823529413,
linear,51,100,1.0,Panel-DOSE,0.2309503352402531,0.006287916055795628,0.03121551289659874,0.9411764705882353,1.0
linear,51,100,1.0,Panel-DOSE (unpenalised),0.25958876754092713,0.05208007050090251,0.012077452427969537,1.0,1.0
linear,52,100,1.0,TWFE,0.8636740613525976,0.45379828586420484,0.45086569272598687,0.17647058823529413,
linear,52,100,1.0,TWFE-interaction,0.7445759143629774,0.6990173915687438,0.6587867558218921,0.0,
linear,52,100,1.0,FE-DML (constant),0.7352689548295347,-0.02490855146563826,-0.027841144603856227,0.17647058823529413,
linear,52,100,1.0,FE-DML + R-learner,0.5841576641953127,-0.03949757032020364,-0.030205944959132203,,
linear,52,100,1.0,Pooled DML-sieve,0.8172356100927317,0.773251192274872,0.7495062320375345,0.058823529411764705,
linear,52,100,1.0,Panel-DOSE,0.1938909819470014,0.03287542505546216,0.018753525326834053,0.8823529411764706,1.0
linear,52,100,1.0,Panel-DOSE (unpenalised),0.2934029079632946,0.06710314328203666,0.008989572275861057,0.9411764705882353,1.0
linear,53,100,1.0,TWFE,0.90012729181956,0.5198356869996665,0.5093775233777764,0.23529411764705882,
linear,53,100,1.0,TWFE-interaction,0.8498351440736884,0.7666323795402908,0.7151519291163144,0.0,
linear,53,100,1.0,FE-DML (constant),0.7417447735508131,-0.10092229233398861,-0.11138045595587864,0.11764705882352941,
linear,53,100,1.0,FE-DML + R-learner,0.6290529533388383,-0.11780690481635091,-0.07527463704477899,,
linear,53,100,1.0,Pooled DML-sieve,0.4458697925213199,0.44418810608526416,0.44846031772850803,0.058823529411764705,
linear,53,100,1.0,Panel-DOSE,0.08281216960870218,-0.07809879495591433,-0.07409130715605461,1.0,1.0
linear,53,100,1.0,Panel-DOSE (unpenalised),0.20031590850512715,-0.026140633722588222,-0.012189821101922793,0.9411764705882353,1.0
linear,54,100,1.0,TWFE,0.8856308929145245,0.49430969895863663,0.4413304933995874,0.23529411764705882,
linear,54,100,1.0,TWFE-interaction,0.6903383071598408,0.6043995173793439,0.5720810836479493,0.23529411764705882,
linear,54,100,1.0,FE-DML (constant),0.7377918724277364,0.0658547418218704,0.01287553626282123,0.11764705882352941,
linear,54,100,1.0,FE-DML + R-learner,0.711133033318151,0.13667452707696073,0.11281070048127462,,
linear,54,100,1.0,Pooled DML-sieve,0.6087350591741818,0.598143336557852,0.5940591234642689,0.11764705882352941,
linear,54,100,1.0,Panel-DOSE,0.15514883108481112,0.02258051213114852,0.05658596528975712,1.0,1.0
linear,54,100,1.0,Panel-DOSE (unpenalised),0.28712454430101514,0.0159547095545071,0.07167344758629879,1.0,1.0
linear,55,100,1.0,TWFE,0.9977658123960319,0.6749345274812316,0.7154666677807832,0.23529411764705882,
linear,55,100,1.0,TWFE-interaction,0.9950833389618995,0.9460431923760583,0.872453104146781,0.0,
linear,55,100,1.0,FE-DML (constant),0.7415265952270924,0.09930604930760362,0.1398381896071551,0.11764705882352941,
linear,55,100,1.0,FE-DML + R-learner,0.8182725169612324,0.09879336125692142,0.23934832567641717,,
linear,55,100,1.0,Pooled DML-sieve,0.8386942258954299,0.7782660008064194,0.7932331466989596,0.17647058823529413,
linear,55,100,1.0,Panel-DOSE,0.22290346537789782,0.2000481884853457,0.1788888754931358,0.7058823529411765,1.0
linear,55,100,1.0,Panel-DOSE (unpenalised),0.3309413197659569,0.19584986108577682,0.16650692230615094,0.7647058823529411,1.0
linear,56,100,1.0,TWFE,0.9250461891560864,0.5618811725553702,0.5321438638249882,0.17647058823529413,
linear,56,100,1.0,TWFE-interaction,0.838069484760702,0.8048268159405739,0.7472332129409274,0.0,
linear,56,100,1.0,FE-DML (constant),0.735182559659172,0.02221251960071362,-0.007524789129668363,0.17647058823529413,
linear,56,100,1.0,FE-DML + R-learner,0.733009025529729,-0.035747446510386714,-0.04644170131227521,,
linear,56,100,1.0,Pooled DML-sieve,0.8719044321525206,0.7293744147215954,0.6511435855613681,0.29411764705882354,
linear,56,100,1.0,Panel-DOSE,0.2488728364625339,-0.06784569036120315,-0.010256347954446854,0.8823529411764706,1.0
linear,56,100,1.0,Panel-DOSE (unpenalised),0.29640567719712924,-0.03150939051715111,-0.006435146695811689,0.8823529411764706,0.0
linear,57,100,1.0,TWFE,0.8967005480541288,0.5138792395890059,0.45571971905727326,0.11764705882352941,
linear,57,100,1.0,TWFE-interaction,0.8134089915180975,0.7534977043873556,0.7284798315797467,0.0,
linear,57,100,1.0,FE-DML (constant),0.7354145643391419,0.02888912324958597,-0.029270397282146643,0.17647058823529413,
linear,57,100,1.0,FE-DML + R-learner,0.29481973693616753,0.07377837423172236,0.03287572441198949,,
linear,57,100,1.0,Pooled DML-sieve,0.731836589610744,0.7306607873414115,0.7267353098154241,0.0,
linear,57,100,1.0,Panel-DOSE,0.06285112158386257,0.05807089607547672,0.057607227718869725,1.0,1.0
linear,57,100,1.0,Panel-DOSE (unpenalised),0.08193595305762527,0.025106474385813145,0.06970653026473861,1.0,1.0
linear,58,100,1.0,TWFE,0.9360104021537781,0.5797546661649885,0.5038131765296083,0.17647058823529413,
linear,58,100,1.0,TWFE-interaction,0.814447649611675,0.7556627937549544,0.6465745689110418,0.0,
linear,58,100,1.0,FE-DML (constant),0.740589814264784,0.09205038290385986,0.01610889326847964,0.11764705882352941,
linear,58,100,1.0,FE-DML + R-learner,0.7263752918252145,0.25294535438190235,0.1116124311855069,,
linear,58,100,1.0,Pooled DML-sieve,0.723446116266643,0.7151330067675103,0.6977409154585241,0.0,
linear,58,100,1.0,Panel-DOSE,0.28297468092947836,0.12758429258782192,0.05325511575003339,0.7647058823529411,0.0
linear,58,100,1.0,Panel-DOSE (unpenalised),0.38290352678240314,0.14996358284481776,0.07051929370675802,0.8823529411764706,1.0
linear,59,100,1.0,TWFE,0.8764518041469658,0.477669095705878,0.4639869107705603,0.17647058823529413,
linear,59,100,1.0,TWFE-interaction,0.6948813777002751,0.6439430835265965,0.6351473350478696,0.0,
linear,59,100,1.0,FE-DML (constant),0.7356016095678698,0.03331258018888266,0.019630395253565025,0.17647058823529413,
linear,59,100,1.0,FE-DML + R-learner,0.4891226247070613,-0.08126979898704448,0.05973876775523346,,
linear,59,100,1.0,Pooled DML-sieve,0.6104067233081875,0.6081895036767849,0.6118105483488097,0.0,
linear,59,100,1.0,Panel-DOSE,0.16366158345443169,0.015307874416751018,0.02382964043056046,1.0,1.0
linear,59,100,1.0,Panel-DOSE (unpenalised),0.25444015268716874,-0.00358124060510519,0.004469225073056915,1.0,1.0
linear,60,100,1.0,TWFE,0.8212165320046079,0.36660140812287567,0.4050090562477894,0.17647058823529413,
linear,60,100,1.0,TWFE-interaction,0.7540413097064997,0.685678070326352,0.6209355067210452,0.0,
linear,60,100,1.0,FE-DML (constant),0.735930529453344,-0.03992172568263293,-0.0015140775577191512,0.11764705882352941,
linear,60,100,1.0,FE-DML + R-learner,0.7175581242036488,-0.032531024671855514,0.02179294012287858,,
linear,60,100,1.0,Pooled DML-sieve,0.5980819602261901,0.5342417872540601,0.5520692695207051,0.23529411764705882,
linear,60,100,1.0,Panel-DOSE,0.0830469455505859,0.009880450327931148,0.019383783491912054,1.0,1.0
linear,60,100,1.0,Panel-DOSE (unpenalised),0.21162411007653395,-0.011377557016828672,0.07235445484019631,0.9411764705882353,1.0
linear,61,100,1.0,TWFE,0.866454827095734,0.45906858681192525,0.40843644189752304,0.17647058823529413,
linear,61,100,1.0,TWFE-interaction,0.8356800399933514,0.7687424817919988,0.7168524717024862,0.0,
linear,61,100,1.0,FE-DML (constant),0.7366503399693789,-0.0515143026450063,-0.1021464475594085,0.11764705882352941,
linear,61,100,1.0,FE-DML + R-learner,0.5032220343934872,0.02046016899256973,-0.05112162873202175,,
linear,61,100,1.0,Pooled DML-sieve,0.5674439139172416,0.5423292253319257,0.5535675236347164,0.23529411764705882,
linear,61,100,1.0,Panel-DOSE,0.10501815596649657,-0.05770210850727621,-0.05091352443635422,1.0,1.0
linear,61,100,1.0,Panel-DOSE (unpenalised),0.19331038489609587,-0.05077165858720485,-0.022936593640062952,1.0,1.0
linear,62,100,1.0,TWFE,1.0119978553245763,0.6958014509768875,0.5847902590727079,0.17647058823529413,
linear,62,100,1.0,TWFE-interaction,0.7621234897643941,0.7267251165406802,0.7385486221566036,0.0,
linear,62,100,1.0,FE-DML (constant),0.7482712407882434,0.14110226713549753,0.030091075231317932,0.17647058823529413,
linear,62,100,1.0,FE-DML + R-learner,0.44469767072433997,0.1307547916105436,0.11009851081536781,,
linear,62,100,1.0,Pooled DML-sieve,0.6590797860809878,0.6177293707214568,0.5764953916413678,0.0,
linear,62,100,1.0,Panel-DOSE,0.13166492633453705,0.0704772301690074,0.05491349715999183,1.0,1.0
linear,62,100,1.0,Panel-DOSE (unpenalised),0.1607110444079634,0.07569992700000552,0.0708481057079251,1.0,1.0
linear,63,100,1.0,TWFE,1.0820006971841964,0.7941822893436287,0.7235072747434856,0.17647058823529413,
linear,63,100,1.0,TWFE-interaction,0.9408236264502697,0.909413324591758,0.8819252405467466,0.0,
linear,63,100,1.0,FE-DML (constant),0.7483522786955924,0.1415313853139492,0.07085637071380613,0.17647058823529413,
linear,63,100,1.0,FE-DML + R-learner,0.7031282187445534,0.34880826991175856,0.0811468441216332,,
linear,63,100,1.0,Pooled DML-sieve,0.6290966312054228,0.6092739319905521,0.5683892032016982,0.0,
linear,63,100,1.0,Panel-DOSE,0.16690480601526236,0.13605333916699236,0.109781349161298,1.0,1.0
linear,63,100,1.0,Panel-DOSE (unpenalised),0.30691600544941333,0.20057243971157004,0.12182319520031215,1.0,1.0
linear,64,100,1.0,TWFE,0.8747428810365067,0.4745261930853219,0.46698673139001134,0.17647058823529413,
linear,64,100,1.0,TWFE-interaction,0.745479156279974,0.6786670434950021,0.6467047554294645,0.0,
linear,64,100,1.0,FE-DML (constant),0.7348896509654549,0.007924588073083983,0.00038512637777343706,0.17647058823529413,
linear,64,100,1.0,FE-DML + R-learner,0.4540124935733573,0.25372478865775316,0.04785947747680264,,
linear,64,100,1.0,Pooled DML-sieve,0.7140833730513125,0.6875755930600335,0.6787537237912411,0.0,
linear,64,100,1.0,Panel-DOSE,0.04489435686875469,0.02487267249227029,0.02478283200565201,1.0,1.0
linear,64,100,1.0,Panel-DOSE (unpenalised),0.14388838059883266,0.06642364589921393,0.013515650401266788,1.0,1.0
linear,65,100,1.0,TWFE,0.919285186666794,0.552345231196036,0.5692533010410318,0.23529411764705882,
linear,65,100,1.0,TWFE-interaction,0.8227153350873961,0.6970238778163779,0.6585540793035943,0.17647058823529413,
linear,65,100,1.0,FE-DML (constant),0.7353302560447903,0.026656808790566467,0.043564878635562354,0.17647058823529413,
linear,65,100,1.0,FE-DML + R-learner,0.6504769780579382,0.17125243665169598,0.13644198874144486,,
linear,65,100,1.0,Pooled DML-sieve,0.8607633050490794,0.8014958362110794,0.6891027581614467,0.0,
linear,65,100,1.0,Panel-DOSE,0.11552915564848801,0.08909327399118556,0.06294596172358358,1.0,1.0
linear,65,100,1.0,Panel-DOSE (unpenalised),0.527138857569848,0.20410422845460782,0.1088019390187206,0.9411764705882353,1.0
linear,66,100,1.0,TWFE,0.9708453590624351,0.6344609611418722,0.641433798811124,0.17647058823529413,
linear,66,100,1.0,TWFE-interaction,0.8796917183391554,0.8521183252026138,0.8141290499467825,0.0,
linear,66,100,1.0,FE-DML (constant),0.7366894121270622,-0.052070048397484824,-0.04509721072823314,0.11764705882352941,
linear,66,100,1.0,FE-DML + R-learner,0.33596641461726284,0.013862234099755419,-0.003239005899592584,,
linear,66,100,1.0,Pooled DML-sieve,0.5635563158932015,0.5364658308269172,0.5358052280137823,0.17647058823529413,
linear,66,100,1.0,Panel-DOSE,0.08792064056089308,0.0001443148061298442,0.0010182894237311668,1.0,1.0
linear,66,100,1.0,Panel-DOSE (unpenalised),0.21591570229813173,0.022401798076135723,-0.0001329468083126617,1.0,1.0
linear,67,100,1.0,TWFE,0.9686055221186438,0.6310282541049416,0.5873449267195707,0.17647058823529413,
linear,67,100,1.0,TWFE-interaction,0.9289027044027494,0.8537164569365312,0.8440730969809327,0.0,
linear,67,100,1.0,FE-DML (constant),0.73486910880554,0.005710260646292144,-0.03797306673907874,0.17647058823529413,
linear,67,100,1.0,FE-DML + R-learner,0.38875821160381246,0.026881131516811204,0.02944730804141593,,
linear,67,100,1.0,Pooled DML-sieve,0.5693006600000745,0.5304673785222879,0.5548851670973409,0.5294117647058824,
linear,67,100,1.0,Panel-DOSE,0.18335595323761314,0.031544461442312696,0.051877558014371106,1.0,1.0
linear,67,100,1.0,Panel-DOSE (unpenalised),0.21941912382832235,0.027587413601288194,0.03732928702730787,0.8823529411764706,1.0
linear,68,100,1.0,TWFE,0.999476024489896,0.6774602006982604,0.7097902132862809,0.23529411764705882,
linear,68,100,1.0,TWFE-interaction,0.9124010537820642,0.8710978261577956,0.8265973928277063,0.0,
linear,68,100,1.0,FE-DML (constant),0.7425900910217577,0.10695813799661152,0.13928815058463206,0.11764705882352941,
linear,68,100,1.0,FE-DML + R-learner,0.3929284561396745,0.02478232453975273,0.127419446034443,,
linear,68,100,1.0,Pooled DML-sieve,0.7079455342650135,0.6907430414153791,0.6988954088208764,0.058823529411764705,
linear,68,100,1.0,Panel-DOSE,0.1276916123230657,0.1249592993743522,0.1297941450169705,0.8823529411764706,1.0
linear,68,100,1.0,Panel-DOSE (unpenalised),0.19989146879374042,0.06731385734144615,0.14339545992615055,0.8235294117647058,1.0
linear,69,100,1.0,TWFE,0.8954244287150313,0.5116492035952369,0.48193195603453143,0.17647058823529413,
linear,69,100,1.0,TWFE-interaction,0.749115166774752,0.7063959709498737,0.6680249415160735,0.0,
linear,69,100,1.0,FE-DML (constant),0.7389900072334651,0.0781423751297387,0.04842512756903328,0.11764705882352941,
linear,69,100,1.0,FE-DML + R-learner,0.38096933850834547,0.035439546374598105,0.058169134037087566,,
linear,69,100,1.0,Pooled DML-sieve,0.6672643532689094,0.6532429714572542,0.63701834994805,0.0,
linear,69,100,1.0,Panel-DOSE,0.10832930372928826,0.08863241140208358,0.0764401794287366,1.0,1.0
linear,69,100,1.0,Panel-DOSE (unpenalised),0.17628838820842013,0.09807627956823366,0.08417818078765404,1.0,1.0
linear,70,100,1.0,TWFE,1.0205597072206105,0.7081963823701859,0.5370105152338793,0.23529411764705882,
linear,70,100,1.0,TWFE-interaction,0.7644934211201968,0.7287765455481503,0.7307178612640097,0.0,
linear,70,100,1.0,FE-DML (constant),0.7442826675883357,0.11813843266443408,-0.053047434471872545,0.17647058823529413,
linear,70,100,1.0,FE-DML + R-learner,0.4572321188848392,-0.009122920980234497,0.009250459282515555,,
linear,70,100,1.0,Pooled DML-sieve,0.6539547857923431,0.583183489555428,0.6565706919422616,0.17647058823529413,
linear,70,100,1.0,Panel-DOSE,0.19734099898256277,-0.054169147551119755,-0.0007506706733257928,0.9411764705882353,1.0
linear,70,100,1.0,Panel-DOSE (unpenalised),0.2804498461483137,-0.10087675821313577,-0.051308484153344214,1.0,1.0
linear,71,100,1.0,TWFE,0.8809148557088785,0.4858096160108342,0.44597272531979093,0.17647058823529413,
linear,71,100,1.0,TWFE-interaction,0.7120081069207188,0.6611485228448075,0.6288620928196595,0.11764705882352941,
linear,71,100,1.0,FE-DML (constant),0.7414189613542443,0.09849911804481554,0.058662227353772245,0.11764705882352941,
linear,71,100,1.0,FE-DML + R-learner,0.49209071467849647,0.03431184821058425,0.05801404644480024,,
linear,71,100,1.0,Pooled DML-sieve,0.8165600436810315,0.789830358664904,0.7410641539703302,0.0,
linear,71,100,1.0,Panel-DOSE,0.09782930698881125,0.09580855144948482,0.09836675232284597,1.0,1.0
linear,71,100,1.0,Panel-DOSE (unpenalised),0.25222781468730554,0.15308901547864656,0.11128885760745821,1.0,1.0
linear,72,100,1.0,TWFE,0.9363584110910961,0.5803163568443009,0.43671902114895755,0.17647058823529413,
linear,72,100,1.0,TWFE-interaction,0.6058614119621348,0.5648983452069474,0.5555672345278848,0.0,
linear,72,100,1.0,FE-DML (constant),0.7450006363028391,0.12258037400675166,-0.021016961688591795,0.11764705882352941,
linear,72,100,1.0,FE-DML + R-learner,0.4820629469427584,0.2463410436194917,0.10597396636701495,,
linear,72,100,1.0,Pooled DML-sieve,0.779176310671541,0.679206637248328,0.572380216668694,0.11764705882352941,
linear,72,100,1.0,Panel-DOSE,0.14359482965658066,0.08158000234931319,0.05090508957751538,1.0,1.0
linear,72,100,1.0,Panel-DOSE (unpenalised),0.21516451593368136,0.09736493262032561,0.0664165673564463,1.0,1.0
linear,73,100,1.0,TWFE,0.9257489836297207,0.5630374594034228,0.445565971396114,0.17647058823529413,
linear,73,100,1.0,TWFE-interaction,0.8126793378068587,0.7609927065920212,0.7576199845900471,0.0,
linear,73,100,1.0,FE-DML (constant),0.7356174748704586,0.03366109527020294,-0.08381039273710589,0.11764705882352941,
linear,73,100,1.0,FE-DML + R-learner,0.4366138822987882,-0.027433357421011183,-0.026455585186138775,,
linear,73,100,1.0,Pooled DML-sieve,0.5501000774968516,0.34052414239197537,0.32978965395379034,0.23529411764705882,
linear,73,100,1.0,Panel-DOSE,0.08914553712988119,-0.03211673765019833,-0.038232295980006326,1.0,1.0
linear,73,100,1.0,Panel-DOSE (unpenalised),0.12278777092924162,-0.030341843335693015,-0.07079435806978451,1.0,1.0
linear,74,100,1.0,TWFE,0.897196611614436,0.5147443636334692,0.37493954669641294,0.23529411764705882,
linear,74,100,1.0,TWFE-interaction,0.6604409072782355,0.6112282330697724,0.6242843829968268,0.0,
linear,74,100,1.0,FE-DML (constant),0.7419084842995121,0.10211855402226949,-0.03768626291478672,0.17647058823529413,
linear,74,100,1.0,FE-DML + R-learner,0.44855778482497366,-0.26953707874954297,-0.029101333150140407,,
linear,74,100,1.0,Pooled DML-sieve,0.5250994301116847,0.5241220468898483,0.5226082230012274,0.0,
linear,74,100,1.0,Panel-DOSE,0.13945039485944888,-0.010566925275577422,0.0186037596265054,1.0,1.0
linear,74,100,1.0,Panel-DOSE (unpenalised),0.12569951417089684,-0.0005585524760051729,0.019982025989900842,1.0,1.0
linear,75,100,1.0,TWFE,0.9038132200233546,0.5261923001042345,0.49316336037456354,0.11764705882352941,
linear,75,100,1.0,TWFE-interaction,0.8380275536230902,0.8013891268657344,0.7747247624182858,0.0,
linear,75,100,1.0,FE-DML (constant),0.7360276931204717,0.04167451307745645,0.008645573347785485,0.17647058823529413,
linear,75,100,1.0,FE-DML + R-learner,0.5932771844933757,0.22322126106557666,0.04379656400184673,,
linear,75,100,1.0,Pooled DML-sieve,0.5973642230773185,0.5852479407614825,0.5865864550039324,0.11764705882352941,
linear,75,100,1.0,Panel-DOSE,0.100234401355812,0.06152707961640525,0.07336981920388874,1.0,1.0
linear,75,100,1.0,Panel-DOSE (unpenalised),0.2102204154709079,0.08805803441104817,0.025522424752823847,0.9411764705882353,1.0
linear,76,100,1.0,TWFE,0.8749955702665683,0.47499183991529476,0.47469968027732734,0.17647058823529413,
linear,76,100,1.0,TWFE-interaction,0.8586237522857347,0.7989709160561845,0.7312235454569274,0.0,
linear,76,100,1.0,FE-DML (constant),0.7351946262417289,0.022608371341504997,0.022316211703537592,0.11764705882352941,
linear,76,100,1.0,FE-DML + R-learner,0.9767678359504944,0.1738332187815499,0.10580100621209465,,
linear,76,100,1.0,Pooled DML-sieve,0.6914849886937142,0.5966927044111882,0.5763506941734657,0.29411764705882354,
linear,76,100,1.0,Panel-DOSE,0.2371136454065531,0.06622304710060384,0.052303106998011106,1.0,1.0
linear,76,100,1.0,Panel-DOSE (unpenalised),0.3262041574393161,0.08759044635895241,0.06290608377189488,0.8823529411764706,0.0
linear,77,100,1.0,TWFE,0.906708598091296,0.5311501500072114,0.5451543739779071,0.17647058823529413,
linear,77,100,1.0,TWFE-interaction,0.7732052648106492,0.7457380391243442,0.7042679997538298,0.0,
linear,77,100,1.0,FE-DML (constant),0.7391392778052756,0.07954163686085541,0.09354586083155103,0.11764705882352941,
linear,77,100,1.0,FE-DML + R-learner,0.5276337426010709,0.10591355578486862,0.09440703665878203,,
linear,77,100,1.0,Pooled DML-sieve,0.718852826792664,0.7160987340056861,0.7312057448188939,0.0,
linear,77,100,1.0,Panel-DOSE,0.1215193588650087,0.11269249872107281,0.12785246269721606,0.9411764705882353,1.0
linear,77,100,1.0,Panel-DOSE (unpenalised),0.17220374316402645,0.0945283374738218,0.12723681211839544,1.0,1.0
linear,78,100,1.0,TWFE,0.8610566841591736,0.44879685085257764,0.4788687274394634,0.17647058823529413,
linear,78,100,1.0,TWFE-interaction,0.79771299593448,0.7322279050573286,0.680734244863477,0.0,
linear,78,100,1.0,FE-DML (constant),0.7456035438431549,0.12619288645352128,0.15626476304040704,0.17647058823529413,
linear,78,100,1.0,FE-DML + R-learner,0.5866646883950949,0.09042341428985437,0.10641989583848788,,
linear,78,100,1.0,Pooled DML-sieve,0.6523473782017211,0.6517811167157136,0.6575059750592542,0.0,
linear,78,100,1.0,Panel-DOSE,0.18148712818189272,0.13615667266597192,0.1482067238586906,0.7058823529411765,1.0
linear,78,100,1.0,Panel-DOSE (unpenalised),0.26742616133100017,0.10652590874983592,0.11713108905966396,0.8235294117647058,0.0
linear,79,100,1.0,TWFE,0.9002283573504446,0.5200106685231369,0.435212778079201,0.11764705882352941,
linear,79,100,1.0,TWFE-interaction,0.7223019538779407,0.668022309836882,0.6465438564738064,0.11764705882352941,
linear,79,100,1.0,FE-DML (constant),0.7355268981432298,-0.031619897093461434,-0.11641778753739729,0.11764705882352941,
linear,79,100,1.0,FE-DML + R-learner,0.6460305433583919,-0.19738902121009816,-0.10173247568893462,,
linear,79,100,1.0,Pooled DML-sieve,0.33606266269360435,0.3331417408353154,0.3328715333949923,0.5294117647058824,
linear,79,100,1.0,Panel-DOSE,0.15407978536336384,-0.07945924043182524,-0.06968682787405123,1.0,1.0
linear,79,100,1.0,Panel-DOSE (unpenalised),0.17935457549340544,-0.07978612424595347,-0.056952693189272985,1.0,1.0
linear,80,100,1.0,TWFE,0.8346250301371988,0.3957258406163539,0.4147345649382165,0.17647058823529413,
linear,80,100,1.0,TWFE-interaction,0.6990462121922748,0.6398479598586384,0.6048787569431756,0.058823529411764705,
linear,80,100,1.0,FE-DML (constant),0.741114375508161,0.09617961106623091,0.11518833538809348,0.11764705882352941,
linear,80,100,1.0,FE-DML + R-learner,0.5315588642798523,0.055482560183266874,0.11452891988409963,,
linear,80,100,1.0,Pooled DML-sieve,0.6741590785386039,0.6674646766192724,0.6655185899887156,0.0,
linear,80,100,1.0,Panel-DOSE,0.17632838496449774,0.15938821502713169,0.1567915660072795,0.5294117647058824,1.0
linear,80,100,1.0,Panel-DOSE (unpenalised),0.23194565777980986,0.14998284140673993,0.13798556021353747,0.8235294117647058,1.0
linear,81,100,1.0,TWFE,0.9282429618341698,0.5671287298265464,0.5342260326506045,0.17647058823529413,
linear,81,100,1.0,TWFE-interaction,0.8349776124308768,0.7850899548054789,0.7139178216411217,0.0,
linear,81,100,1.0,FE-DML (constant),0.7352504932229568,0.024357499555600782,-0.008545197620341005,0.11764705882352941,
linear,81,100,1.0,FE-DML + R-learner,0.5110646081552,0.20852697583580493,0.01904479351420507,,
linear,81,100,1.0,Pooled DML-sieve,0.5526946771031707,0.4827292339188777,0.4454317705807209,0.35294117647058826,
linear,81,100,1.0,Panel-DOSE,0.19151131443514394,0.08176024443007167,0.03149232720883566,1.0,1.0
linear,81,100,1.0,Panel-DOSE (unpenalised),0.3159095919799509,0.13385813741730315,0.0332798345833496,1.0,1.0
linear,82,100,1.0,TWFE,0.9591211656414368,0.616371162840531,0.5093601540557313,0.17647058823529413,
linear,82,100,1.0,TWFE-interaction,0.8155772627933154,0.760450048492002,0.7673012508969874,0.0,
linear,82,100,1.0,FE-DML (constant),0.738741887461309,0.07575999135359751,-0.03125101743120218,0.11764705882352941,
linear,82,100,1.0,FE-DML + R-learner,0.6966977743821132,0.186706119877436,0.09326056137018135,,
linear,82,100,1.0,Pooled DML-sieve,0.642767506029081,0.6314838239863875,0.6533631247726508,0.058823529411764705,
linear,82,100,1.0,Panel-DOSE,0.09390712617355865,0.030925319689452415,0.047939167400570915,1.0,1.0
linear,82,100,1.0,Panel-DOSE (unpenalised),0.2736547694517283,-0.04734512844840225,0.015428645734552493,1.0,1.0
linear,83,100,1.0,TWFE,0.990254743371913,0.6637804281316024,0.5486181245769794,0.23529411764705882,
linear,83,100,1.0,TWFE-interaction,0.8169760154995351,0.7835643711329766,0.7638582226842436,0.0,
linear,83,100,1.0,FE-DML (constant),0.750412424906403,0.15204870092805128,0.03688639737342836,0.17647058823529413,
linear,83,100,1.0,FE-DML + R-learner,0.6381923422169958,0.14822490118811493,0.09538621396729186,,
linear,83,100,1.0,Pooled DML-sieve,0.7888984272242296,0.7220015130084159,0.6698443888869969,0.23529411764705882,
linear,83,100,1.0,Panel-DOSE,0.14897210607004568,0.09051824779295696,0.06959033476668863,1.0,1.0
linear,83,100,1.0,Panel-DOSE (unpenalised),0.3506955147674671,0.1903667645272687,0.09190592244321905,1.0,1.0
linear,84,100,1.0,TWFE,0.7984595541534256,0.31231019775038943,0.34170014723426423,0.17647058823529413,
linear,84,100,1.0,TWFE-interaction,0.7233361363263926,0.6095923175786127,0.5503592446829899,0.23529411764705882,
linear,84,100,1.0,FE-DML (constant),0.7370763859881596,-0.0572852405194088,-0.02789529103553401,0.11764705882352941,
linear,84,100,1.0,FE-DML + R-learner,0.5553862187354389,-0.15425579987227134,0.04664584930447102,,
linear,84,100,1.0,Pooled DML-sieve,0.6449874051778082,0.6311317902958491,0.6221420347417312,0.058823529411764705,
linear,84,100,1.0,Panel-DOSE,0.1188752373076955,0.0322077804942778,0.0340308204263442,1.0,1.0
linear,84,100,1.0,Panel-DOSE (unpenalised),0.24693252878719665,-0.012176314225383534,0.017415403064966695,1.0,1.0
linear,85,100,1.0,TWFE,0.9991891597301915,0.6770369095716468,0.5870728682928912,0.23529411764705882,
linear,85,100,1.0,TWFE-interaction,0.8711551094975848,0.8434491314097702,0.8354855598611028,0.0,
linear,85,100,1.0,FE-DML (constant),0.7522132440453723,0.1607008541273591,0.07073681284860345,0.17647058823529413,
linear,85,100,1.0,FE-DML + R-learner,0.7926210462181739,0.10498113091267687,0.12603530998572166,,
linear,85,100,1.0,Pooled DML-sieve,0.677827099972683,0.64524662342145,0.6884581352410228,0.11764705882352941,
linear,85,100,1.0,Panel-DOSE,0.13807309580463473,0.1331778958171561,0.12884073501145177,1.0,1.0
linear,85,100,1.0,Panel-DOSE (unpenalised),0.15282888737596123,0.11354332444852411,0.10727999609988403,1.0,1.0
linear,86,100,1.0,TWFE,0.8883999501543756,0.4992539147911583,0.35500735274918815,0.23529411764705882,
linear,86,100,1.0,TWFE-interaction,0.6796794408363722,0.5595059134607088,0.6223091010836523,0.29411764705882354,
linear,86,100,1.0,FE-DML (constant),0.7584133408296587,0.1875920988432193,0.043345536801249196,0.17647058823529413,
linear,86,100,1.0,FE-DML + R-learner,0.7096417395452691,0.04233504891682019,0.038136775602028994,,
linear,86,100,1.0,Pooled DML-sieve,0.6334165906884329,0.6085875690087642,0.6404796791798886,0.058823529411764705,
linear,86,100,1.0,Panel-DOSE,0.07975230476978847,0.06561159792108706,0.07024666077758357,1.0,1.0
linear,86,100,1.0,Panel-DOSE (unpenalised),0.1501387272617146,0.012977734811075548,0.062461051028289694,1.0,1.0
linear,87,100,1.0,TWFE,0.8936689287633549,0.5085706973834044,0.4615648141430295,0.23529411764705882,
linear,87,100,1.0,TWFE-interaction,0.7656987247705452,0.7341602513066138,0.702209223086524,0.0,
linear,87,100,1.0,FE-DML (constant),0.7361458917383861,0.043712400109163045,-0.003293483131211916,0.11764705882352941,
linear,87,100,1.0,FE-DML + R-learner,0.6251329950239605,0.23314840334231357,0.0904851401522202,,
linear,87,100,1.0,Pooled DML-sieve,0.7120761670016235,0.6932295830507812,0.6783249039135093,0.058823529411764705,
linear,87,100,1.0,Panel-DOSE,0.1403469356208882,0.09864704539662116,0.08090782839339128,1.0,1.0
linear,87,100,1.0,Panel-DOSE (unpenalised),0.223231767244587,0.13136352827889514,0.10815650540297961,1.0,1.0
linear,88,100,1.0,TWFE,0.9497678917573801,0.6017134269843565,0.5667410862423743,0.17647058823529413,
linear,88,100,1.0,TWFE-interaction,0.8842206230928569,0.8677913242606085,0.8247070684673357,0.0,
linear,88,100,1.0,FE-DML (constant),0.7348769132403886,-0.006639097357442353,-0.04161143809942447,0.17647058823529413,
linear,88,100,1.0,FE-DML + R-learner,0.736741073536889,-0.20109068842555933,-0.05548784698462106,,
linear,88,100,1.0,Pooled DML-sieve,0.6145310076093632,0.5312216577458072,0.513123800510942,0.29411764705882354,
linear,88,100,1.0,Panel-DOSE,0.48114592504107395,-0.039135496387313146,-0.011718168100305348,0.8823529411764706,1.0
linear,88,100,1.0,Panel-DOSE (unpenalised),0.5891189644810851,-0.055745584266654914,-0.011220895773395245,0.7058823529411765,1.0
linear,89,100,1.0,TWFE,1.0059353469791334,0.686954090388892,0.7388421335929604,0.23529411764705882,
linear,89,100,1.0,TWFE-interaction,1.0468559291902366,0.986372331630753,0.897750005190027,0.0,
linear,89,100,1.0,FE-DML (constant),0.7367843233277585,0.05339605885777482,0.10528410206184324,0.11764705882352941,
linear,89,100,1.0,FE-DML + R-learner,0.6281554819886437,0.21185685410734212,0.16249907469460545,,
linear,89,100,1.0,Pooled DML-sieve,0.6427672053052224,0.6120743960279161,0.6173268810565012,0.17647058823529413,
linear,89,100,1.0,Panel-DOSE,0.16416073818327584,0.15583274714727643,0.16168327813433614,0.8235294117647058,1.0
linear,89,100,1.0,Panel-DOSE (unpenalised),0.2569583529607163,0.1963111220794598,0.15008278199826208,1.0,1.0
linear,90,100,1.0,TWFE,1.0147075138143817,0.6997366208734283,0.6194952809378804,0.23529411764705882,
linear,90,100,1.0,TWFE-interaction,0.92298481084644,0.8404869158530235,0.8191957813011839,0.0,
linear,90,100,1.0,FE-DML (constant),0.7428024700159169,0.10842282721709123,0.02818148728154335,0.17647058823529413,
linear,90,100,1.0,FE-DML + R-learner,0.5331405597999461,-0.13592658745080727,0.09690493302991654,,
linear,90,100,1.0,Pooled DML-sieve,0.681467484992001,0.5112315564638262,0.6125827968003676,0.47058823529411764,
linear,90,100,1.0,Panel-DOSE,0.2594257709904449,0.05385560974458753,0.11455829699577214,0.8235294117647058,1.0
linear,90,100,1.0,Panel-DOSE (unpenalised),0.3219703522724792,0.05807618295422699,0.12087536181547276,0.8823529411764706,0.0
linear,91,100,1.0,TWFE,0.8609269355899063,0.4485478663690496,0.4070672309927095,0.17647058823529413,
linear,91,100,1.0,TWFE-interaction,0.7934147972902911,0.7334149177369562,0.7041297397538071,0.0,
linear,91,100,1.0,FE-DML (constant),0.7428989347343816,0.10908174562904199,0.06760111025270188,0.11764705882352941,
linear,91,100,1.0,FE-DML + R-learner,0.7281133523388398,0.0433172976656544,0.12969623987524037,,
linear,91,100,1.0,Pooled DML-sieve,0.840890895910396,0.837276517232727,0.8216459317183775,0.0,
linear,91,100,1.0,Panel-DOSE,0.11855692820019652,0.10090847595365508,0.0961778990055906,1.0,1.0
linear,91,100,1.0,Panel-DOSE (unpenalised),0.27475630820768965,0.18063640426965258,0.1020725641702438,1.0,1.0
linear,92,100,1.0,TWFE,0.8851922639105306,0.49352339770982534,0.3412657528777576,0.23529411764705882,
linear,92,100,1.0,TWFE-interaction,0.73773037699919,0.6351652224622242,0.6880631988897261,0.17647058823529413,
linear,92,100,1.0,FE-DML (constant),0.737639500216361,0.06412512985907298,-0.08813251497299479,0.11764705882352941,
linear,92,100,1.0,FE-DML + R-learner,0.5099139325777519,0.0039049086238105045,-0.004254615266342299,,
linear,92,100,1.0,Pooled DML-sieve,0.5417086750874742,0.5241515790681054,0.5403265667194392,0.058823529411764705,
linear,92,100,1.0,Panel-DOSE,0.24418964912240904,0.0790706670826901,0.08746757079404732,0.8235294117647058,0.0
linear,92,100,1.0,Panel-DOSE (unpenalised),0.3006096752043563,0.08504269780991651,0.10812818390419165,0.8823529411764706,1.0
linear,93,100,1.0,TWFE,0.9955664256817934,0.6716788726354447,0.4947799625547351,0.11764705882352941,
linear,93,100,1.0,TWFE-interaction,0.7443453244041195,0.7329600870074521,0.7143393894251671,0.0,
linear,93,100,1.0,FE-DML (constant),0.7359133943620958,0.039604595712386,-0.13729431436832362,0.11764705882352941,
linear,93,100,1.0,FE-DML + R-learner,0.5982967181935833,-0.0011764335188724348,0.021774749478364885,,
linear,93,100,1.0,Pooled DML-sieve,0.709112329489923,0.5899737912767331,0.39722076108692517,0.35294117647058826,
linear,93,100,1.0,Panel-DOSE,0.3989124346635393,0.09323072357922856,-0.12316304784220655,0.8235294117647058,1.0
linear,93,100,1.0,Panel-DOSE (unpenalised),0.3989124346635393,0.09323072357922856,-0.12316304784220655,0.8235294117647058,1.0
linear,94,100,1.0,TWFE,0.9419077351453375,0.5892284629298041,0.5416868875322578,0.17647058823529413,
linear,94,100,1.0,TWFE-interaction,0.9944569115787657,0.9197599759901217,0.8995547702154476,0.0,
linear,94,100,1.0,FE-DML (constant),0.7370117134664189,0.05644701751825981,0.008905442120713536,0.11764705882352941,
linear,94,100,1.0,FE-DML + R-learner,0.4972864591388625,0.11826575981518254,0.05094230013341838,,
linear,94,100,1.0,Pooled DML-sieve,0.67735500837668,0.6621454110999814,0.677587649772847,0.17647058823529413,
linear,94,100,1.0,Panel-DOSE,0.12691882966217138,0.05970164551472024,0.08841486628606776,0.8235294117647058,1.0
linear,94,100,1.0,Panel-DOSE (unpenalised),0.21686669554745877,0.025636770861274687,0.05369208205300602,0.9411764705882353,1.0
linear,95,100,1.0,TWFE,1.0637111477742938,0.7690782833361668,0.7270140824276281,0.29411764705882354,
linear,95,100,1.0,TWFE-interaction,1.0047426513604887,0.9467781965358434,0.9211332818407711,0.0,
linear,95,100,1.0,FE-DML (constant),0.7363473787707892,0.04698363781798858,0.004919436909449848,0.11764705882352941,
linear,95,100,1.0,FE-DML + R-learner,0.3589675980643348,0.1402811632167426,0.09671037347051148,,
linear,95,100,1.0,Pooled DML-sieve,0.7723208531261665,0.7715438973722593,0.7703007144031682,0.0,
linear,95,100,1.0,Panel-DOSE,0.07975367261038548,0.07552981667527957,0.07298080476233326,1.0,1.0
linear,95,100,1.0,Panel-DOSE (unpenalised),0.21259146964817413,0.13045443678394306,0.08781654247307924,1.0,1.0
linear,96,100,1.0,TWFE,0.7992679287079479,0.31437115303585594,0.2807984781303918,0.17647058823529413,
linear,96,100,1.0,TWFE-interaction,0.6842000603061128,0.573215655588725,0.5229452283888598,0.0,
linear,96,100,1.0,FE-DML (constant),0.7351888468042981,0.022419644632191305,-0.011153030273272746,0.17647058823529413,
linear,96,100,1.0,FE-DML + R-learner,0.5380651737502086,0.010423457239724083,0.057961356238548145,,
linear,96,100,1.0,Pooled DML-sieve,0.6572753639202372,0.6569530398040788,0.653396772250096,0.0,
linear,96,100,1.0,Panel-DOSE,0.13774542610117418,0.06398792043912974,0.06219719275303004,1.0,1.0
linear,96,100,1.0,Panel-DOSE (unpenalised),0.210783676052239,0.10226122433837105,0.08971123561650662,1.0,1.0
linear,97,100,1.0,TWFE,0.9524844818091878,0.6059923168550216,0.5406831707461941,0.17647058823529413,
linear,97,100,1.0,TWFE-interaction,0.8936113930818295,0.8347981614695611,0.7723294516926582,0.0,
linear,97,100,1.0,FE-DML (constant),0.7350254391901938,-0.016198649843037604,-0.08150779595186508,0.17647058823529413,
linear,97,100,1.0,FE-DML + R-learner,0.43700093761481007,-0.04078539768764044,-0.06924522736700478,,
linear,97,100,1.0,Pooled DML-sieve,0.6812480246302886,0.6481191129728514,0.5893054845458112,0.058823529411764705,
linear,97,100,1.0,Panel-DOSE,0.10860610128818488,0.029280450486703486,-0.00017697475019562425,1.0,1.0
linear,97,100,1.0,Panel-DOSE (unpenalised),0.31660301899262205,0.09185877276556409,0.042282642006304494,1.0,1.0
linear,98,100,1.0,TWFE,0.9997787771693973,0.6779067806699794,0.585346944878552,0.23529411764705882,
linear,98,100,1.0,TWFE-interaction,0.9448087551063513,0.9046826125246562,0.8868647702272976,0.0,
linear,98,100,1.0,FE-DML (constant),0.739190158826542,0.08001306709537154,-0.012546768696055866,0.11764705882352941,
linear,98,100,1.0,FE-DML + R-learner,0.49224430723685075,0.10714008223814141,0.07395536392165591,,
linear,98,100,1.0,Pooled DML-sieve,0.6161151336668904,0.580946692603174,0.5593097580377859,0.11764705882352941,
linear,98,100,1.0,Panel-DOSE,0.14573869793134225,0.11731284723083783,0.1105277252146526,0.7058823529411765,1.0
linear,98,100,1.0,Panel-DOSE (unpenalised),0.16760582675107616,0.12680049770176685,0.09172760451826467,1.0,1.0
linear,99,100,1.0,TWFE,0.992342109656976,0.6668904427253833,0.6307965876318027,0.23529411764705882,
linear,99,100,1.0,TWFE-interaction,0.9954300815162227,0.9316571256625356,0.91827250729575,0.0,
linear,99,100,1.0,FE-DML (constant),0.7397384348582705,0.08492909988080516,0.04883524478722445,0.11764705882352941,
linear,99,100,1.0,FE-DML + R-learner,0.5367796300233103,0.04438505656125487,0.1709287208649226,,
linear,99,100,1.0,Pooled DML-sieve,0.743389299669394,0.7430129751909872,0.7443475672281001,0.0,
linear,99,100,1.0,Panel-DOSE,0.16580246547894759,0.15064708001557123,0.14632117094369423,1.0,1.0
linear,99,100,1.0,Panel-DOSE (unpenalised),0.25228823003411077,0.12512190235580967,0.14948927571757942,0.7647058823529411,0.0
threshold,0,100,1.0,TWFE,1.1019232932597536,0.5071115588916251,0.5829901484108575,0.11764705882352941,
threshold,0,100,1.0,TWFE-interaction,0.922304917105922,0.6142579005234476,0.6318669120089906,0.11764705882352941,
threshold,0,100,1.0,FE-DML (constant),0.9800673407369348,-0.05881480521297585,0.017063784306256657,0.058823529411764705,
threshold,0,100,1.0,FE-DML + R-learner,0.5578433487874347,0.13767984746390058,0.06333793882940475,,
threshold,0,100,1.0,Pooled DML-sieve,0.48075092333611325,0.41982617568627795,0.42772331218469795,0.35294117647058826,
threshold,0,100,1.0,Panel-DOSE,0.18779401834475012,0.09366053093976472,0.07410631564123726,0.8823529411764706,1.0
threshold,0,100,1.0,Panel-DOSE (unpenalised),0.35287154074699756,0.13431613004939705,0.09657372507729334,0.8823529411764706,1.0
threshold,1,100,1.0,TWFE,1.063597978827626,0.41733421798276243,0.2716312090069668,0.11764705882352941,
threshold,1,100,1.0,TWFE-interaction,0.680701840594917,0.502711620898332,0.5268543745505034,0.23529411764705882,
threshold,1,100,1.0,FE-DML (constant),0.9793846122920041,0.04605874213905783,-0.09964426683673788,0.058823529411764705,
threshold,1,100,1.0,FE-DML + R-learner,0.5295737897092276,-0.006127297506110211,-0.09046365353828512,,
threshold,1,100,1.0,Pooled DML-sieve,0.6923804347883886,0.6454552482309382,0.6026101051614512,0.058823529411764705,
threshold,1,100,1.0,Panel-DOSE,0.2952329539647085,-0.014684737276305246,-0.04594321255738276,0.5294117647058824,0.0
threshold,1,100,1.0,Panel-DOSE (unpenalised),0.5037444871287367,-0.05175211427336929,-0.09487319624076707,0.7647058823529411,0.0
threshold,2,100,1.0,TWFE,1.1380569021845528,0.5814642736600192,0.5348544213104587,0.11764705882352941,
threshold,2,100,1.0,TWFE-interaction,0.7555962038848665,0.5472922978028488,0.5832056904872585,0.17647058823529413,
threshold,2,100,1.0,FE-DML (constant),0.9791778024432559,0.04142894797936716,-0.005180904370193362,0.058823529411764705,
threshold,2,100,1.0,FE-DML + R-learner,0.5154260973383579,0.19060739826046022,0.05884522827598648,,
threshold,2,100,1.0,Pooled DML-sieve,0.5622779881502592,0.5294665687770429,0.495049849389684,0.17647058823529413,
threshold,2,100,1.0,Panel-DOSE,0.1613173869656838,0.0892619361815206,0.054119763261173515,1.0,1.0
threshold,2,100,1.0,Panel-DOSE (unpenalised),0.1777136756784569,0.09982181252432998,0.05757574164121515,0.9411764705882353,1.0
threshold,3,100,1.0,TWFE,1.2392604036354689,0.7607190920121686,0.5979245490585586,0.11764705882352941,
threshold,3,100,1.0,TWFE-interaction,0.8502524188716993,0.7156932077009844,0.786374535857545,0.17647058823529413,
threshold,3,100,1.0,FE-DML (constant),1.0037888250417002,0.2247647530456461,0.06197021009203607,0.058823529411764705,
threshold,3,100,1.0,FE-DML + R-learner,0.5232183194708554,0.2346769537446013,0.13042692950919588,,
threshold,3,100,1.0,Pooled DML-sieve,0.9120967915589779,0.8492038076447533,0.7848189991019833,0.11764705882352941,
threshold,3,100,1.0,Panel-DOSE,0.2754209697128533,0.16528374393663048,0.0963581246099191,1.0,1.0
threshold,3,100,1.0,Panel-DOSE (unpenalised),0.3823181366384198,0.15135802996833966,0.10397804747252815,0.8235294117647058,1.0
threshold,4,100,1.0,TWFE,1.2340070716712161,0.7521307345585893,0.8014730945338566,0.17647058823529413,
threshold,4,100,1.0,TWFE-interaction,1.1137369273751943,0.8745417241631048,0.8902479942990547,0.17647058823529413,
threshold,4,100,1.0,FE-DML (constant),0.9787595108752118,0.02995611893682025,0.07929847891208774,0.058823529411764705,
threshold,4,100,1.0,FE-DML + R-learner,0.6797087505579094,0.12869040443143487,0.135462579477845,,
threshold,4,100,1.0,Pooled DML-sieve,0.7912822847642992,0.6462206575542266,0.6046623693739195,0.17647058823529413,
threshold,4,100,1.0,Panel-DOSE,0.3474342210210168,0.15733683872689105,0.14065049091548132,0.7647058823529411,0.0
threshold,4,100,1.0,Panel-DOSE (unpenalised),0.300359925762429,0.15462049301762218,0.12815576127054717,1.0,1.0
threshold,5,100,1.0,TWFE,1.217171072444475,0.7241771941512015,0.6335673506019656,0.11764705882352941,
threshold,5,100,1.0,TWFE-interaction,0.8515812641963891,0.7016276239884096,0.7717660501728313,0.17647058823529413,
threshold,5,100,1.0,FE-DML (constant),1.0320864642998768,0.32883074479752356,0.23822090124828754,0.058823529411764705,
threshold,5,100,1.0,FE-DML + R-learner,0.49737810663336307,0.04463381518418947,0.16475888893575485,,
threshold,5,100,1.0,Pooled DML-sieve,0.7735417999814824,0.7430619847905094,0.7914004807805363,0.17647058823529413,
threshold,5,100,1.0,Panel-DOSE,0.281807598617228,0.17389344325416933,0.21661885294779115,0.6470588235294118,0.0
threshold,5,100,1.0,Panel-DOSE (unpenalised),0.2539279108052916,0.1624747473987235,0.207681678094097,0.7647058823529411,0.0
threshold,6,100,1.0,TWFE,1.3036982045060976,0.8617170053825651,0.8350496104750063,0.23529411764705882,
threshold,6,100,1.0,TWFE-interaction,1.041611100102275,0.9142008542310459,0.9396662886095137,0.11764705882352941,
threshold,6,100,1.0,FE-DML (constant),0.9850725900859956,0.11530479899728785,0.08863740408972887,0.058823529411764705,
threshold,6,100,1.0,FE-DML + R-learner,0.5075791344527592,0.11669976444818052,0.1210017283488034,,
threshold,6,100,1.0,Pooled DML-sieve,0.6552273129418257,0.6225614948015995,0.6187633417851557,0.11764705882352941,
threshold,6,100,1.0,Panel-DOSE,0.17814928533186522,0.07441194124963496,0.11048371529355716,0.7647058823529411,1.0
threshold,6,100,1.0,Panel-DOSE (unpenalised),0.19282197874359056,0.07419762750229068,0.10592403392891014,1.0,1.0
threshold,7,100,1.0,TWFE,1.231895807691364,0.7486617860827619,0.6684885540083666,0.11764705882352941,
threshold,7,100,1.0,TWFE-interaction,0.8913011853332613,0.7431279569741989,0.8272600221709198,0.17647058823529413,
threshold,7,100,1.0,FE-DML (constant),1.001645137919349,0.2149887700568204,0.13481553798242507,0.11764705882352941,
threshold,7,100,1.0,FE-DML + R-learner,0.9516436505652014,-0.24339801870655406,0.1502242352271087,,
threshold,7,100,1.0,Pooled DML-sieve,0.6631938400185989,0.5612922587951207,0.6646197734469598,0.5294117647058824,
threshold,7,100,1.0,Panel-DOSE,0.5034515297785994,0.07855039003414455,0.1860979115986222,0.4117647058823529,0.0
threshold,7,100,1.0,Panel-DOSE (unpenalised),0.6233005534976905,0.050982096220302975,0.17707859108315127,0.7058823529411765,1.0
threshold,8,100,1.0,TWFE,1.1594437505252073,0.6222836970104809,0.5061537178551986,0.17647058823529413,
threshold,8,100,1.0,TWFE-interaction,0.8730174535435693,0.5549244912061757,0.7028433616775475,0.11764705882352941,
threshold,8,100,1.0,FE-DML (constant),0.9843467604092654,0.10892994841313708,-0.007200030742145258,0.058823529411764705,
threshold,8,100,1.0,FE-DML + R-learner,0.7445847443948576,0.07080115911499009,0.11477440011165108,,
threshold,8,100,1.0,Pooled DML-sieve,0.5884499755600994,0.5129193524297868,0.5950214365321839,0.29411764705882354,
threshold,8,100,1.0,Panel-DOSE,0.4537803381542332,-0.0698573171420872,0.0630603506183185,0.5882352941176471,0.0
threshold,8,100,1.0,Panel-DOSE (unpenalised),0.5238677590349908,-0.10673287336988026,0.06547192545678604,0.9411764705882353,0.0
threshold,9,100,1.0,TWFE,1.1507366635995602,0.6059059810608575,0.5724405800005417,0.11764705882352941,
threshold,9,100,1.0,TWFE-interaction,0.8793265529540205,0.7070850678456599,0.7330429108073699,0.11764705882352941,
threshold,9,100,1.0,FE-DML (constant),0.9784881330000178,0.019136754033369917,-0.014328647026945918,0.058823529411764705,
threshold,9,100,1.0,FE-DML + R-learner,0.5481759855495946,-0.03126933269222674,-0.05559769218883237,,
threshold,9,100,1.0,Pooled DML-sieve,0.7341725425040388,0.7229307395962932,0.6811491958287308,0.058823529411764705,
threshold,9,100,1.0,Panel-DOSE,0.07355144054146669,0.043579047111442025,0.04092523464297271,1.0,1.0
threshold,9,100,1.0,Panel-DOSE (unpenalised),0.15277852568963204,-0.019633605023699374,0.03682184995156945,1.0,1.0
threshold,10,100,1.0,TWFE,1.2717453795077986,0.8125659968473381,0.6336940561474028,0.17647058823529413,
threshold,10,100,1.0,TWFE-interaction,0.8955181441557049,0.6570511310476442,0.8112207761777702,0.17647058823529413,
threshold,10,100,1.0,FE-DML (constant),0.9920699528473118,0.16471180976341848,-0.014160130936516802,0.11764705882352941,
threshold,10,100,1.0,FE-DML + R-learner,0.7023107294824431,0.19490126715235173,0.24005157771166374,,
threshold,10,100,1.0,Pooled DML-sieve,0.6788279172852184,0.6153599696994364,0.6807773633191895,0.11764705882352941,
threshold,10,100,1.0,Panel-DOSE,0.3036713134952423,0.03574023834931254,0.09634838800060253,0.5294117647058824,0.0
threshold,10,100,1.0,Panel-DOSE (unpenalised),0.24268592743192713,-5.109685630638412e-05,0.09007630020729562,1.0,1.0
threshold,11,100,1.0,TWFE,1.263491874039209,0.7995867086790431,0.6918179267848104,0.17647058823529413,
threshold,11,100,1.0,TWFE-interaction,0.8828465221138043,0.6175565716191653,0.7170452120545643,0.11764705882352941,
threshold,11,100,1.0,FE-DML (constant),0.9796007043450894,0.05044530589131694,-0.057323476002915985,0.058823529411764705,
threshold,11,100,1.0,FE-DML + R-learner,0.6537320653484374,-0.2559691041921842,-0.05652032466146617,,
threshold,11,100,1.0,Pooled DML-sieve,0.6381335772504849,0.581158990305609,0.6186466495037637,0.23529411764705882,
threshold,11,100,1.0,Panel-DOSE,0.22492572928033105,-0.11146963536591492,-0.06644365795926965,0.9411764705882353,1.0
threshold,11,100,1.0,Panel-DOSE (unpenalised),0.23829027736044797,-0.11182873339115128,-0.0931646852663619,1.0,1.0
threshold,12,100,1.0,TWFE,1.0525603300036177,0.38834319516427435,0.46109973473844057,0.058823529411764705,
threshold,12,100,1.0,TWFE-interaction,0.7011055613316889,0.5432563957860266,0.5390336497334368,0.23529411764705882,
threshold,12,100,1.0,FE-DML (constant),0.9943475757329309,-0.17791652621111312,-0.10515998663694681,0.11764705882352941,
threshold,12,100,1.0,FE-DML + R-learner,0.6001971886669398,0.05514574616094985,-0.0655677617812177,,
threshold,12,100,1.0,Pooled DML-sieve,0.657282301695353,0.6105226012270805,0.5976152294966325,0.17647058823529413,
threshold,12,100,1.0,Panel-DOSE,0.21108840452808827,-0.03624862279201006,-0.06603185441689874,0.7058823529411765,0.0
threshold,12,100,1.0,Panel-DOSE (unpenalised),0.20210509160930132,-0.04460063082827347,-0.062254094375529756,1.0,1.0
threshold,13,100,1.0,TWFE,1.1803290710004906,0.6603816357091966,0.542017697503468,0.11764705882352941,
threshold,13,100,1.0,TWFE-interaction,0.9497069415139965,0.6475322133332753,0.7439758897874972,0.17647058823529413,
threshold,13,100,1.0,FE-DML (constant),0.9918242234294227,0.16322524043312173,0.04486130222739304,0.11764705882352941,
threshold,13,100,1.0,FE-DML + R-learner,0.575289730214973,0.10055767064100368,0.045028679258695914,,
threshold,13,100,1.0,Pooled DML-sieve,0.5651925888864171,0.5505671587553455,0.5160640201288945,0.11764705882352941,
threshold,13,100,1.0,Panel-DOSE,0.09940559242011078,0.05395913704443299,0.05442137607652886,1.0,1.0
threshold,13,100,1.0,Panel-DOSE (unpenalised),0.1593512641190751,0.05110626312182919,0.034132691115275615,1.0,1.0
threshold,14,100,1.0,TWFE,1.184179514785741,0.6672393215116044,0.6733707925195955,0.17647058823529413,
threshold,14,100,1.0,TWFE-interaction,1.0920736849237809,0.9171144419358206,0.9016014898525746,0.17647058823529413,
threshold,14,100,1.0,FE-DML (constant),0.9875457236673899,0.1348100339990384,0.14094150500702962,0.11764705882352941,
threshold,14,100,1.0,FE-DML + R-learner,0.5782665855582613,0.1572440804109836,0.2198156874853121,,
threshold,14,100,1.0,Pooled DML-sieve,0.7644399193831216,0.7294783810701762,0.755682936069586,0.23529411764705882,
threshold,14,100,1.0,Panel-DOSE,0.3274290451812689,0.26149243552037404,0.2503967241029681,0.8235294117647058,1.0
threshold,14,100,1.0,Panel-DOSE (unpenalised),0.24817149444368744,0.19842883348668505,0.24950030122869615,0.8823529411764706,1.0
threshold,15,100,1.0,TWFE,1.23038194812006,0.7461681628110295,0.6543753420928777,0.11764705882352941,
threshold,15,100,1.0,TWFE-interaction,1.0408718026226675,0.8544967746469718,0.9529073557094299,0.23529411764705882,
threshold,15,100,1.0,FE-DML (constant),0.9843503485018388,0.10896236748880073,0.01716954677064908,0.058823529411764705,
threshold,15,100,1.0,FE-DML + R-learner,0.3959924964446843,-0.06283641790166991,0.04936415652885717,,
threshold,15,100,1.0,Pooled DML-sieve,0.8040332014631281,0.7607964337966321,0.8019404539257247,0.058823529411764705,
threshold,15,100,1.0,Panel-DOSE,0.31289617218353727,0.0006427176364388022,0.09747939000400563,0.7058823529411765,0.0
threshold,15,100,1.0,Panel-DOSE (unpenalised),0.20385185396923147,0.016273048354370594,0.08451613306770245,1.0,1.0
threshold,16,100,1.0,TWFE,1.1840685434233489,0.6670423558199019,0.6139900773648421,0.11764705882352941,
threshold,16,100,1.0,TWFE-interaction,0.901545067726279,0.6912074984727079,0.7520604821516639,0.17647058823529413,
threshold,16,100,1.0,FE-DML (constant),0.9857438907066558,0.12090577735810848,0.06785349890304881,0.058823529411764705,
threshold,16,100,1.0,FE-DML + R-learner,0.5782699211861105,0.31701208946142323,0.08729828335772138,,
threshold,16,100,1.0,Pooled DML-sieve,0.6308145693993736,0.613179029412562,0.602655015614014,0.11764705882352941,
threshold,16,100,1.0,Panel-DOSE,0.13479546833509057,0.08377931023756335,0.0692238854589784,1.0,1.0
threshold,16,100,1.0,Panel-DOSE (unpenalised),0.2231983873398769,0.11561529068360887,0.060913973600545956,1.0,1.0
threshold,17,100,1.0,TWFE,1.0306233680985448,0.3242093703208803,0.27250588447412016,0.058823529411764705,
threshold,17,100,1.0,TWFE-interaction,0.7418633599996189,0.49640177023887755,0.5566808264060699,0.11764705882352941,
threshold,17,100,1.0,FE-DML (constant),0.9783192988952156,0.005986612055181982,-0.04571687379157818,0.058823529411764705,
threshold,17,100,1.0,FE-DML + R-learner,0.5975672750388095,-0.013204633916464299,0.02660478477245154,,
threshold,17,100,1.0,Pooled DML-sieve,0.7166134585083204,0.7003220777246913,0.7013838099102474,0.058823529411764705,
threshold,17,100,1.0,Panel-DOSE,0.33042742283789545,0.05790937072541096,0.08026768658040129,0.5882352941176471,0.0
threshold,17,100,1.0,Panel-DOSE (unpenalised),0.19079908450674324,0.06903320884714981,0.09579117482099164,1.0,1.0
threshold,18,100,1.0,TWFE,1.1244138837084146,0.5542867225627122,0.46796093408379147,0.17647058823529413,
threshold,18,100,1.0,TWFE-interaction,0.9672727996896852,0.6926229341823804,0.7758167093782219,0.17647058823529413,
threshold,18,100,1.0,FE-DML (constant),0.979657730354075,0.05154083405971114,-0.03478495441920948,0.058823529411764705,
threshold,18,100,1.0,FE-DML + R-learner,0.5782637039091842,0.00585650938653454,0.13025011523687624,,
threshold,18,100,1.0,Pooled DML-sieve,0.6059038174558258,0.5985186613026194,0.5788644427463195,0.11764705882352941,
threshold,18,100,1.0,Panel-DOSE,0.17007676032681224,0.02886763116461172,0.07083491728668301,0.8235294117647058,1.0
threshold,18,100,1.0,Panel-DOSE (unpenalised),0.1658080068389691,0.01708753387924705,0.06973749614160363,1.0,1.0
threshold,19,100,1.0,TWFE,1.1010943945539966,0.5053078810500634,0.3628782970892025,0.11764705882352941,
threshold,19,100,1.0,TWFE-interaction,0.8421642732713445,0.44931573973106786,0.597954925796525,0.11764705882352941,
threshold,19,100,1.0,FE-DML (constant),0.9956950905614506,0.18529949352669087,0.04286990956582992,0.11764705882352941,
threshold,19,100,1.0,FE-DML + R-learner,0.6970804350611121,0.043890308699005426,0.10452777791834711,,
threshold,19,100,1.0,Pooled DML-sieve,0.7609097032269566,0.6821135238416636,0.7144883449063423,0.11764705882352941,
threshold,19,100,1.0,Panel-DOSE,0.30976661047266696,0.09819052820029295,0.12008203359304404,0.7058823529411765,0.0
threshold,19,100,1.0,Panel-DOSE (unpenalised),0.16815845100183105,0.07797638395664729,0.1319641850275063,1.0,1.0
threshold,20,100,1.0,TWFE,1.1078267965092705,0.5198147747006289,0.48967963498916767,0.11764705882352941,
threshold,20,100,1.0,TWFE-interaction,0.9288290343849185,0.6603756990962056,0.6963055871298387,0.17647058823529413,
threshold,20,100,1.0,FE-DML (constant),0.9813005262221057,-0.0766675400469761,-0.10680267975843727,0.058823529411764705,
threshold,20,100,1.0,FE-DML + R-learner,0.6671970706574857,-0.15653755536268096,-0.04695696562966989,,
threshold,20,100,1.0,Pooled DML-sieve,0.6109907176050066,0.5046410273527816,0.5417069086693571,0.29411764705882354,
threshold,20,100,1.0,Panel-DOSE,0.1886336606046612,-0.08865093367233062,-0.048051098971400474,1.0,1.0
threshold,20,100,1.0,Panel-DOSE (unpenalised),0.1975453721635123,-0.06247925110626407,-0.06946574965686059,0.9411764705882353,1.0
threshold,21,100,1.0,TWFE,1.1461315813348343,0.5971137166957069,0.5723995419932344,0.17647058823529413,
threshold,21,100,1.0,TWFE-interaction,1.0180077257983335,0.695304133518047,0.7358579094245572,0.11764705882352941,
threshold,21,100,1.0,FE-DML (constant),0.9804073104423886,-0.06423148217152824,-0.0889456568740008,0.058823529411764705,
threshold,21,100,1.0,FE-DML + R-learner,0.5482519794547692,-0.03758542838387222,-0.03474040911763521,,
threshold,21,100,1.0,Pooled DML-sieve,0.49600143742432207,0.44970413598161774,0.41383011327777997,0.5294117647058824,
threshold,21,100,1.0,Panel-DOSE,0.17803626562671027,0.03539023958125037,-0.0043213979417278114,0.8823529411764706,1.0
threshold,21,100,1.0,Panel-DOSE (unpenalised),0.20694127558398775,0.046472574966216006,-0.018321901101129634,1.0,1.0
threshold,22,100,1.0,TWFE,1.1158871625570335,0.5367786773826442,0.5453965182322599,0.11764705882352941,
threshold,22,100,1.0,TWFE-interaction,0.8471970696894886,0.6417383839597557,0.6423402471202028,0.17647058823529413,
threshold,22,100,1.0,FE-DML (constant),0.9808569823999657,0.07076446040096487,0.07938230125058066,0.058823529411764705,
threshold,22,100,1.0,FE-DML + R-learner,0.6366076393114622,0.05024877563547957,0.11275081569187995,,
threshold,22,100,1.0,Pooled DML-sieve,0.5749988829475862,0.5268718540622019,0.5174435941124548,0.29411764705882354,
threshold,22,100,1.0,Panel-DOSE,0.2538192194559634,0.0987345380166548,0.08220370725651915,0.47058823529411764,0.0
threshold,22,100,1.0,Panel-DOSE (unpenalised),0.29322442459551656,0.14758934890824096,0.06986570904770417,0.8823529411764706,1.0
threshold,23,100,1.0,TWFE,1.0455465759946199,0.36891032990029776,0.3597656290735901,0.11764705882352941,
threshold,23,100,1.0,TWFE-interaction,0.8721588185625337,0.508594603476831,0.5498727644274418,0.17647058823529413,
threshold,23,100,1.0,FE-DML (constant),0.9787288583220572,-0.028937295061400924,-0.038081995888108566,0.058823529411764705,
threshold,23,100,1.0,FE-DML + R-learner,0.6220534916992105,-0.12171241580995738,-0.0009247759381051379,,
threshold,23,100,1.0,Pooled DML-sieve,0.6171046465178087,0.5886198318243883,0.5366199048132821,0.11764705882352941,
threshold,23,100,1.0,Panel-DOSE,0.18541894244879273,0.056531596699086556,0.027053254140792182,1.0,1.0
threshold,23,100,1.0,Panel-DOSE (unpenalised),0.24858565274716063,0.08136248298570703,0.04021405571989056,1.0,1.0
threshold,24,100,1.0,TWFE,1.1714855563296844,0.6444420824419703,0.5710610550577156,0.17647058823529413,
threshold,24,100,1.0,TWFE-interaction,0.8605216587432408,0.6749751519938126,0.7287080745203668,0.17647058823529413,
threshold,24,100,1.0,FE-DML (constant),0.9877493548563173,0.1362937157470746,0.06291268836282005,0.058823529411764705,
threshold,24,100,1.0,FE-DML + R-learner,0.6197493593318842,0.22093368558632032,0.12748572426325855,,
threshold,24,100,1.0,Pooled DML-sieve,0.7903949260216508,0.696712284139242,0.6526168793894959,0.17647058823529413,
threshold,24,100,1.0,Panel-DOSE,0.2612099580506498,0.06758247020183274,0.07051050817157212,0.9411764705882353,1.0
threshold,24,100,1.0,Panel-DOSE (unpenalised),0.34088525332850717,0.07689997785631182,0.09494712891531198,0.8823529411764706,1.0
threshold,25,100,1.0,TWFE,1.1898689288056725,0.6772852107275278,0.5403526254345925,0.11764705882352941,
threshold,25,100,1.0,TWFE-interaction,0.7232215878052503,0.5882559941712712,0.6293109694055781,0.17647058823529413,
threshold,25,100,1.0,FE-DML (constant),0.989374771373494,0.14761309956581284,0.01068051427287764,0.058823529411764705,
threshold,25,100,1.0,FE-DML + R-learner,0.6651394715946883,0.2844141869676239,0.060662913631216564,,
threshold,25,100,1.0,Pooled DML-sieve,0.5782834932120701,0.5673401686553003,0.5547526507799094,0.23529411764705882,
threshold,25,100,1.0,Panel-DOSE,0.3135516566181334,0.0764964213359353,0.0250610129711224,0.8823529411764706,1.0
threshold,25,100,1.0,Panel-DOSE (unpenalised),0.40712146663108084,0.08508941446615709,0.014168968020008443,0.8823529411764706,1.0
threshold,26,100,1.0,TWFE,1.1706355530485517,0.6428956268278401,0.446836512053143,0.17647058823529413,
threshold,26,100,1.0,TWFE-interaction,0.7335269976782067,0.6415344212784171,0.6892166428479141,0.17647058823529413,
threshold,26,100,1.0,FE-DML (constant),1.002337937833583,0.21819379128094524,0.02213467650624823,0.11764705882352941,
threshold,26,100,1.0,FE-DML + R-learner,0.7032383500146742,-0.009388984675407438,0.0842749829235192,,
threshold,26,100,1.0,Pooled DML-sieve,0.6480985013938163,0.6406782260063122,0.5988419318781419,0.058823529411764705,
threshold,26,100,1.0,Panel-DOSE,0.1938352169712532,0.14207375814093381,0.09630277443731106,0.7647058823529411,1.0
threshold,26,100,1.0,Panel-DOSE (unpenalised),0.2256216461476545,0.16835487676389418,0.07691902908137993,0.9411764705882353,1.0
threshold,27,100,1.0,TWFE,1.2408363975759291,0.7632837968162841,0.6568236721015875,0.17647058823529413,
threshold,27,100,1.0,TWFE-interaction,0.9908387569076955,0.7005781888815377,0.8096050539916372,0.17647058823529413,
threshold,27,100,1.0,FE-DML (constant),0.9956596850693423,0.18510914997766842,0.0786490252629718,0.11764705882352941,
threshold,27,100,1.0,FE-DML + R-learner,0.7695792159799123,0.38162956419196364,0.1789219786895072,,
threshold,27,100,1.0,Pooled DML-sieve,0.8325997203926675,0.8070857572059513,0.7710303346785764,0.11764705882352941,
threshold,27,100,1.0,Panel-DOSE,0.2849004925025797,0.21646975265417803,0.16506606078390929,0.8235294117647058,1.0
threshold,27,100,1.0,Panel-DOSE (unpenalised),0.4938384155619537,0.2631957365876406,0.17510030286071687,0.7647058823529411,0.0
threshold,28,100,1.0,TWFE,1.2149135809287157,0.7203764280278113,0.6244146438915249,0.11764705882352941,
threshold,28,100,1.0,TWFE-interaction,0.8128559295510769,0.7210950554877024,0.7728455287715285,0.17647058823529413,
threshold,28,100,1.0,FE-DML (constant),0.9811620952944223,0.07487487012085006,-0.021086914015436276,0.058823529411764705,
threshold,28,100,1.0,FE-DML + R-learner,0.4613390821816397,0.048532066237925886,0.023199996158667635,,
threshold,28,100,1.0,Pooled DML-sieve,0.7003860653817595,0.6384565789869114,0.6983729168211886,0.35294117647058826,
threshold,28,100,1.0,Panel-DOSE,0.11779994500420328,0.030970329861656154,0.027204456721197756,1.0,1.0
threshold,28,100,1.0,Panel-DOSE (unpenalised),0.1855519398791725,0.02912250098903196,0.021007336456905223,1.0,1.0
threshold,29,100,1.0,TWFE,1.0160062061579964,0.2742185257867128,0.46881450113636913,0.11764705882352941,
threshold,29,100,1.0,TWFE-interaction,0.9039949432552596,0.675412000621578,0.59023567918672,0.17647058823529413,
threshold,29,100,1.0,FE-DML (constant),1.0291064162622234,-0.3193543563584977,-0.1247583810088414,0.058823529411764705,
threshold,29,100,1.0,FE-DML + R-learner,0.5936078481307584,-0.2706062775670586,-0.10461726020423218,,
threshold,29,100,1.0,Pooled DML-sieve,0.5032310041997509,0.4769282970713229,0.46475344367112337,0.4117647058823529,
threshold,29,100,1.0,Panel-DOSE,0.2788211701897591,-0.1406295386931068,-0.11530598608931891,0.5294117647058824,0.0
threshold,29,100,1.0,Panel-DOSE (unpenalised),0.22896802474208336,-0.14877909923328506,-0.13362392839467158,1.0,1.0
threshold,30,100,1.0,TWFE,1.141879197918799,0.5889102576562517,0.5885668293374705,0.11764705882352941,
threshold,30,100,1.0,TWFE-interaction,0.8386009748315081,0.6430008586749708,0.6808664427055303,0.17647058823529413,
threshold,30,100,1.0,FE-DML (constant),0.9822140521581105,0.08758785983187858,0.08724443151309746,0.058823529411764705,
threshold,30,100,1.0,FE-DML + R-learner,0.7167603896179078,-0.07835719317450963,0.010309234030907777,,
threshold,30,100,1.0,Pooled DML-sieve,0.6595645568333831,0.5419036622588557,0.5442027391994751,0.23529411764705882,
threshold,30,100,1.0,Panel-DOSE,0.3768296090706574,0.030110979770540846,0.0764501405868665,0.8823529411764706,1.0
threshold,30,100,1.0,Panel-DOSE (unpenalised),0.516504014070689,0.007606347340984787,0.08219868089201199,0.8235294117647058,0.0
threshold,31,100,1.0,TWFE,1.223602543645394,0.7349356255812829,0.7022981904086292,0.11764705882352941,
threshold,31,100,1.0,TWFE-interaction,0.8648095423200651,0.7351222249273247,0.7757506108391041,0.17647058823529413,
threshold,31,100,1.0,FE-DML (constant),0.9859262332209757,0.12238352130239993,0.08974608612974633,0.058823529411764705,
threshold,31,100,1.0,FE-DML + R-learner,0.6645705103220861,-0.027751199478950342,0.11473844538017441,,
threshold,31,100,1.0,Pooled DML-sieve,0.6294951010662506,0.5889765806898283,0.6066157533440564,0.11764705882352941,
threshold,31,100,1.0,Panel-DOSE,0.18687833939954354,0.0855185983163563,0.12563079015632062,0.7647058823529411,0.0
threshold,31,100,1.0,Panel-DOSE (unpenalised),0.20010220018297023,0.0707799629686801,0.12219046687320023,1.0,1.0
threshold,32,100,1.0,TWFE,1.1889046908935748,0.6755897815700141,0.6624542053370256,0.11764705882352941,
threshold,32,100,1.0,TWFE-interaction,1.0306789526684585,0.8328261086491983,0.9033323822662368,0.11764705882352941,
threshold,32,100,1.0,FE-DML (constant),0.9792292519940741,0.0426276540985663,0.029492077865577726,0.058823529411764705,
threshold,32,100,1.0,FE-DML + R-learner,0.695413845146721,0.3827174892583825,0.2672657898654457,,
threshold,32,100,1.0,Pooled DML-sieve,0.7608661953753729,0.7266248104377875,0.6904475136670961,0.29411764705882354,
threshold,32,100,1.0,Panel-DOSE,0.27740372613941994,0.1897798945438324,0.20412455691740827,0.7647058823529411,0.0
threshold,32,100,1.0,Panel-DOSE (unpenalised),0.3141413936616412,0.22874972622991963,0.1971893449399731,0.8823529411764706,0.0
threshold,33,100,1.0,TWFE,1.084121321329435,0.46716830831527245,0.4563279469258593,0.11764705882352941,
threshold,33,100,1.0,TWFE-interaction,0.8714700805666307,0.6529733610301656,0.7374632132954125,0.17647058823529413,
threshold,33,100,1.0,FE-DML (constant),0.981605997569254,-0.08048306279586709,-0.09132342418528017,0.058823529411764705,
threshold,33,100,1.0,FE-DML + R-learner,0.6604511439127406,0.023877412437770713,0.09272802126833846,,
threshold,33,100,1.0,Pooled DML-sieve,0.5248749776107127,0.501769457203533,0.5340399280756106,0.4117647058823529,
threshold,33,100,1.0,Panel-DOSE,0.1669337510934189,0.005296836002171215,0.029752184000318094,1.0,1.0
threshold,33,100,1.0,Panel-DOSE (unpenalised),0.13953517245851055,0.007603479317872371,0.019337652981497366,1.0,1.0
threshold,34,100,1.0,TWFE,1.0575281479362046,0.40161296369820054,0.4364394967778886,0.11764705882352941,
threshold,34,100,1.0,TWFE-interaction,0.839660236462831,0.6411103079720508,0.6150704744054538,0.11764705882352941,
threshold,34,100,1.0,FE-DML (constant),0.9799383046571898,-0.056623933698397515,-0.021797400618709495,0.058823529411764705,
threshold,34,100,1.0,FE-DML + R-learner,0.4644368082145202,-0.03142533845554449,0.08807255523927315,,
threshold,34,100,1.0,Pooled DML-sieve,0.5445324699026212,0.525960553599878,0.5435416537174858,0.35294117647058826,
threshold,34,100,1.0,Panel-DOSE,0.1320829994481327,0.059272131179985255,0.07406733802228205,1.0,1.0
threshold,34,100,1.0,Panel-DOSE (unpenalised),0.18022525017891083,0.060814431733278176,0.07957706162583622,0.9411764705882353,1.0
threshold,35,100,1.0,TWFE,1.1371420588916101,0.5796716752035787,0.3332193123138757,0.11764705882352941,
threshold,35,100,1.0,TWFE-interaction,0.6035755319330874,0.3956073298977748,0.48958038426487505,0.17647058823529413,
threshold,35,100,1.0,FE-DML (constant),0.995372375219274,0.18355749585002604,-0.06289486703967684,0.11764705882352941,
threshold,35,100,1.0,FE-DML + R-learner,0.6480632349767119,0.2451447456013407,-0.06287034227835042,,
threshold,35,100,1.0,Pooled DML-sieve,0.6604816064867122,0.6397615201748259,0.6529355218854626,0.29411764705882354,
threshold,35,100,1.0,Panel-DOSE,0.16175428969144165,0.009247324872458332,-0.024430792409136037,1.0,1.0
threshold,35,100,1.0,Panel-DOSE (unpenalised),0.5984955293880575,0.13330323279926878,-0.008554123401926517,1.0,1.0
threshold,36,100,1.0,TWFE,1.0942362722330132,0.4901838516347455,0.44722542277005295,0.11764705882352941,
threshold,36,100,1.0,TWFE-interaction,0.8745718196501246,0.5130361502388956,0.6094149213930011,0.11764705882352941,
threshold,36,100,1.0,FE-DML (constant),0.9816297601531209,0.080772365022615,0.03781393615792239,0.058823529411764705,
threshold,36,100,1.0,FE-DML + R-learner,0.6017238945211227,0.1730798074238407,0.08304503370407845,,
threshold,36,100,1.0,Pooled DML-sieve,0.6595506435672377,0.5720327618754074,0.6003246710583072,0.17647058823529413,
threshold,36,100,1.0,Panel-DOSE,0.3080037390575984,0.02912629022854219,0.09266309064038003,0.47058823529411764,0.0
threshold,36,100,1.0,Panel-DOSE (unpenalised),0.3001328093847057,0.014934502720067381,0.09086555962821352,0.8235294117647058,1.0
threshold,37,100,1.0,TWFE,1.0313669572451527,0.32656544432961343,0.2718290694704668,0.058823529411764705,
threshold,37,100,1.0,TWFE-interaction,0.707436301825518,0.47763241938991746,0.5382588590559312,0.17647058823529413,
threshold,37,100,1.0,FE-DML (constant),0.9849426700441732,-0.11418954508543361,-0.16892591994458028,0.058823529411764705,
threshold,37,100,1.0,FE-DML + R-learner,0.5689491925812555,-0.05534157981918558,-0.08750102981385466,,
threshold,37,100,1.0,Pooled DML-sieve,0.5760624468522445,0.4865217046420882,0.49705628197329843,0.23529411764705882,
threshold,37,100,1.0,Panel-DOSE,0.2171457332180658,-0.11426062112460558,-0.06686327234792355,1.0,1.0
threshold,37,100,1.0,Panel-DOSE (unpenalised),0.340261827542011,-0.1489154275662426,-0.0963871938887676,1.0,1.0
threshold,38,100,1.0,TWFE,1.2116760653110612,0.7149028438751439,0.6242832624336837,0.17647058823529413,
threshold,38,100,1.0,TWFE-interaction,0.8951508182647414,0.6633859880321427,0.7558832497697164,0.11764705882352941,
threshold,38,100,1.0,FE-DML (constant),0.9806441374310115,0.06775037424904529,-0.02286920719241481,0.058823529411764705,
threshold,38,100,1.0,FE-DML + R-learner,0.6666878602394192,0.20068669600963873,0.07264534173679438,,
threshold,38,100,1.0,Pooled DML-sieve,0.683416828055139,0.6307476486199222,0.6312427796066079,0.11764705882352941,
threshold,38,100,1.0,Panel-DOSE,0.16751830223015657,0.022491790898797447,0.05389342718934165,0.9411764705882353,1.0
threshold,38,100,1.0,Panel-DOSE (unpenalised),0.17528356552322003,0.025321728823475876,0.0591890256164902,1.0,1.0
threshold,39,100,1.0,TWFE,1.1409445108943996,0.5870958745155122,0.43864562883887837,0.11764705882352941,
threshold,39,100,1.0,TWFE-interaction,0.8229112857601751,0.6534316685373809,0.7716891348070808,0.17647058823529413,
threshold,39,100,1.0,FE-DML (constant),1.014196477359743,0.2674353821430228,0.11898513646638909,0.058823529411764705,
threshold,39,100,1.0,FE-DML + R-learner,0.6629487413248372,0.31253184746646623,0.17249462053974562,,
threshold,39,100,1.0,Pooled DML-sieve,0.771095042944361,0.7033436948753702,0.7263442397320751,0.058823529411764705,
threshold,39,100,1.0,Panel-DOSE,0.3622999343070541,0.2457036308007355,0.22826761271215645,0.5294117647058824,0.0
threshold,39,100,1.0,Panel-DOSE (unpenalised),0.4197526574858324,0.26185420010828997,0.16354169507227068,0.6470588235294118,0.0
threshold,40,100,1.0,TWFE,1.0909517575933025,0.48280733872735315,0.3596048064220069,0.11764705882352941,
threshold,40,100,1.0,TWFE-interaction,0.8079365422716384,0.3792419607381198,0.5292647663918729,0.11764705882352941,
threshold,40,100,1.0,FE-DML (constant),0.9790449690696128,0.038160717938638865,-0.08504181436670744,0.058823529411764705,
threshold,40,100,1.0,FE-DML + R-learner,0.5134001000863821,-0.1787007673758823,-0.07057830832128509,,
threshold,40,100,1.0,Pooled DML-sieve,0.5666258968469575,0.5100742143265747,0.5171078288090031,0.4117647058823529,
threshold,40,100,1.0,Panel-DOSE,0.19213063413497344,-0.018323090478661215,-0.00930033042632572,0.8823529411764706,1.0
threshold,40,100,1.0,Panel-DOSE (unpenalised),0.2219891004848798,-0.044578550001638594,-0.05216485653864855,1.0,1.0
threshold,41,100,1.0,TWFE,1.1122567337773945,0.5291901650316554,0.5031076905256893,0.11764705882352941,
threshold,41,100,1.0,TWFE-interaction,0.9008827293803814,0.6774659335752583,0.6888723854723591,0.17647058823529413,
threshold,41,100,1.0,FE-DML (constant),0.9808568222362449,-0.07076224035781928,-0.09684471486378543,0.058823529411764705,
threshold,41,100,1.0,FE-DML + R-learner,0.6179127054262178,0.13287088643426123,0.04916954936868756,,
threshold,41,100,1.0,Pooled DML-sieve,0.603024901024271,0.4941508477882638,0.5633164852664978,0.29411764705882354,
threshold,41,100,1.0,Panel-DOSE,0.1077893042337422,-0.012459543928410054,0.010969556113914702,1.0,1.0
threshold,41,100,1.0,Panel-DOSE (unpenalised),0.24719308526050832,-0.03895491842606065,0.0004863471453585566,0.9411764705882353,1.0
threshold,42,100,1.0,TWFE,1.0784944324071493,0.45395751967149117,0.38516481610005604,0.11764705882352941,
threshold,42,100,1.0,TWFE-interaction,0.7281966345704134,0.5767031506909032,0.5656656893024494,0.17647058823529413,
threshold,42,100,1.0,FE-DML (constant),0.9783290388239314,-0.00740926037001697,-0.07620196394145218,0.058823529411764705,
threshold,42,100,1.0,FE-DML + R-learner,0.46346432472598575,-0.14120172544910248,-0.02670258450841534,,
threshold,42,100,1.0,Pooled DML-sieve,0.8221991438035987,0.7720888067570806,0.7375311387591321,0.0,
threshold,42,100,1.0,Panel-DOSE,0.24309485200319683,0.016325438627731007,-0.018441201902403614,0.7647058823529411,0.0
threshold,42,100,1.0,Panel-DOSE (unpenalised),0.34425783771805807,0.008246884740617048,-0.015594473639202633,0.7647058823529411,0.0
threshold,43,100,1.0,TWFE,1.1788632379807584,0.6577581035574944,0.5310678378056226,0.11764705882352941,
threshold,43,100,1.0,TWFE-interaction,0.8270325247995941,0.5930175575972432,0.7322128335996689,0.11764705882352941,
threshold,43,100,1.0,FE-DML (constant),0.9794338432524932,0.047093972453194376,-0.07959629329867735,0.058823529411764705,
threshold,43,100,1.0,FE-DML + R-learner,0.5423602117772616,0.11264502454721613,0.009456738633083606,,
threshold,43,100,1.0,Pooled DML-sieve,0.6659943946762881,0.6472314848857901,0.6748092055492729,0.17647058823529413,
threshold,43,100,1.0,Panel-DOSE,0.10957796885245684,-0.03497989028763791,-0.012792339630289695,1.0,1.0
threshold,43,100,1.0,Panel-DOSE (unpenalised),0.127437237793026,-0.04736290927012514,-0.00149555234512877,1.0,1.0
threshold,44,100,1.0,TWFE,1.1577863376243107,0.6191901101621271,0.6689921414442191,0.17647058823529413,
threshold,44,100,1.0,TWFE-interaction,1.032557786912377,0.8446810448257316,0.8224772958915872,0.11764705882352941,
threshold,44,100,1.0,FE-DML (constant),0.9793048336317443,0.0443299685040639,0.09413199978615583,0.058823529411764705,
threshold,44,100,1.0,FE-DML + R-learner,0.6092569000068473,0.2016048080913265,0.1479586944781064,,
threshold,44,100,1.0,Pooled DML-sieve,0.7558960420513917,0.7054890448546461,0.6642440861613986,0.0,
threshold,44,100,1.0,Panel-DOSE,0.375075395020592,0.24363839424677844,0.20215957070390234,0.8235294117647058,0.0
threshold,44,100,1.0,Panel-DOSE (unpenalised),0.35295650603072387,0.23565340992946998,0.21926231355479808,0.9411764705882353,1.0
threshold,45,100,1.0,TWFE,1.1271395506168589,0.5597952799888971,0.515672448094102,0.11764705882352941,
threshold,45,100,1.0,TWFE-interaction,0.8768615027912269,0.6750656956514252,0.7395551919279042,0.11764705882352941,
threshold,45,100,1.0,FE-DML (constant),0.979801239420077,-0.05420016330411145,-0.09832299519890664,0.058823529411764705,
threshold,45,100,1.0,FE-DML + R-learner,0.6700867745777959,-0.2824689706439709,-0.0984835722132178,,
threshold,45,100,1.0,Pooled DML-sieve,0.49240160744641587,0.3441978194820119,0.35158423929300664,0.35294117647058826,
threshold,45,100,1.0,Panel-DOSE,0.26903285670257654,-0.06554301219262829,-0.06064152079698004,0.8235294117647058,0.0
threshold,45,100,1.0,Panel-DOSE (unpenalised),0.3573491625284803,-0.09079647115260757,-0.05224672126449503,0.8235294117647058,0.0
threshold,46,100,1.0,TWFE,1.0989190769092751,0.5005500240018043,0.5175904412977277,0.11764705882352941,
threshold,46,100,1.0,TWFE-interaction,0.8923320686609153,0.6117317334159466,0.6222021120827821,0.11764705882352941,
threshold,46,100,1.0,FE-DML (constant),0.9807155504612591,-0.06877630296550888,-0.051735885669585424,0.058823529411764705,
threshold,46,100,1.0,FE-DML + R-learner,0.5237865371175325,0.1045035774020892,0.08827205762572254,,
threshold,46,100,1.0,Pooled DML-sieve,0.6977534508875628,0.680291675832132,0.6430980956631411,0.0,
threshold,46,100,1.0,Panel-DOSE,0.16931690502857596,0.10507817138290709,0.07532067989331326,1.0,1.0
threshold,46,100,1.0,Panel-DOSE (unpenalised),0.18432007704643655,0.11132270638846045,0.07362313693172429,0.8823529411764706,1.0
threshold,47,100,1.0,TWFE,1.2013010827898236,0.6971739241000598,0.6671870755152931,0.11764705882352941,
threshold,47,100,1.0,TWFE-interaction,0.9446827072036315,0.6937651746156658,0.7820855210847646,0.17647058823529413,
threshold,47,100,1.0,FE-DML (constant),0.9842543457586586,0.10809165591237002,0.07810480732760339,0.058823529411764705,
threshold,47,100,1.0,FE-DML + R-learner,0.5355638270092918,-0.013713728197741389,0.12431019950775302,,
threshold,47,100,1.0,Pooled DML-sieve,0.6173824839404908,0.5628639056408827,0.5915034247686162,0.23529411764705882,
threshold,47,100,1.0,Panel-DOSE,0.28642181434641056,-0.0004748651275207856,0.09570977952802429,0.7647058823529411,0.0
threshold,47,100,1.0,Panel-DOSE (unpenalised),0.3320896808185556,-0.04508574248707304,0.0844638962712716,0.9411764705882353,1.0
threshold,48,100,1.0,TWFE,1.393535709589168,0.9924056442973603,0.8579503800998762,0.35294117647058826,
threshold,48,100,1.0,TWFE-interaction,1.0981242220881986,0.8438737783883516,0.9780979869105595,0.17647058823529413,
threshold,48,100,1.0,FE-DML (constant),1.0316148191808976,0.32734740580415306,0.19289214160666912,0.058823529411764705,
threshold,48,100,1.0,FE-DML + R-learner,0.7774213186936463,0.07597314422108879,0.2839971417289715,,
threshold,48,100,1.0,Pooled DML-sieve,0.8187487699570977,0.7820129084512645,0.7642020214129657,0.058823529411764705,
threshold,48,100,1.0,Panel-DOSE,0.2838166083512246,0.16143184019947354,0.22059513859796032,0.6470588235294118,0.0
threshold,48,100,1.0,Panel-DOSE (unpenalised),0.3164960013987345,0.1496562848024753,0.23298336943595155,0.6470588235294118,0.0
threshold,49,100,1.0,TWFE,1.2428076876348537,0.7664842707957975,0.6633727361557555,0.11764705882352941,
threshold,49,100,1.0,TWFE-interaction,0.9295796705922181,0.7595082545010338,0.821411621547621,0.17647058823529413,
threshold,49,100,1.0,FE-DML (constant),1.001328637111978,0.21350931697142558,0.11039778233138364,0.11764705882352941,
threshold,49,100,1.0,FE-DML + R-learner,0.43232202584927815,0.0834184342158863,0.09807898945846927,,
threshold,49,100,1.0,Pooled DML-sieve,0.813708969988219,0.7772270125630854,0.7659404629623627,0.058823529411764705,
threshold,49,100,1.0,Panel-DOSE,0.1473084905359083,0.1359291890099229,0.13929751796239642,0.8823529411764706,1.0
threshold,49,100,1.0,Panel-DOSE (unpenalised),0.21829114334615607,0.11693662931754453,0.14052036526866596,0.8823529411764706,1.0
threshold,50,100,1.0,TWFE,1.2092994828832675,0.7108673773882236,0.6067611017431719,0.11764705882352941,
threshold,50,100,1.0,TWFE-interaction,0.8670407636653926,0.6658088695427795,0.7153615840171142,0.11764705882352941,
threshold,50,100,1.0,FE-DML (constant),0.9916495983353658,0.16216076841136828,0.05805449276631658,0.11764705882352941,
threshold,50,100,1.0,FE-DML + R-learner,0.60890684517092,0.06060251932223474,0.11547754779957708,,
threshold,50,100,1.0,Pooled DML-sieve,0.6619854874775444,0.6085174692034122,0.6429530310455748,0.35294117647058826,
threshold,50,100,1.0,Panel-DOSE,0.2548651299883688,0.07227206809936637,0.10602740466562244,0.9411764705882353,1.0
threshold,50,100,1.0,Panel-DOSE (unpenalised),0.3279541239457526,0.06745926198404804,0.13149433057270832,0.9411764705882353,1.0
threshold,51,100,1.0,TWFE,1.1080125384510657,0.5202105095995728,0.530447338801069,0.11764705882352941,
threshold,51,100,1.0,TWFE-interaction,0.9615050177225966,0.7659708073173764,0.7495222962616629,0.17647058823529413,
threshold,51,100,1.0,FE-DML (constant),0.9783350136410759,-0.00816013781483869,0.0020766913866575587,0.058823529411764705,
threshold,51,100,1.0,FE-DML + R-learner,0.67857146395555,0.013390816650644259,0.0695682061003885,,
threshold,51,100,1.0,Pooled DML-sieve,0.6365236137371416,0.5965150976098481,0.6072320854531393,0.23529411764705882,
threshold,51,100,1.0,Panel-DOSE,0.2351924259355724,0.013003765260108694,0.03693859451264947,0.9411764705882353,1.0
threshold,51,100,1.0,Panel-DOSE (unpenalised),0.2597543475618869,0.05731252981743456,0.01649443997918798,0.9411764705882353,1.0
threshold,52,100,1.0,TWFE,1.069601795354505,0.43240627835249257,0.4208188852273951,0.11764705882352941,
threshold,52,100,1.0,TWFE-interaction,0.727299117498032,0.607312435283194,0.597972944653598,0.17647058823529413,
threshold,52,100,1.0,FE-DML (constant),0.9785253553346722,-0.020953757799489537,-0.03254115092458709,0.058823529411764705,
threshold,52,100,1.0,FE-DML + R-learner,0.5755861310964755,0.010896847204797352,-0.0363517675913031,,
threshold,52,100,1.0,Pooled DML-sieve,0.8442916766834503,0.7877215847552403,0.7567479479290431,0.058823529411764705,
threshold,52,100,1.0,Panel-DOSE,0.23367567782496249,0.04952011481289206,0.036855965212497566,0.8823529411764706,1.0
threshold,52,100,1.0,Panel-DOSE (unpenalised),0.29850252801637167,0.07162273323274115,0.021794346749190452,0.9411764705882353,1.0
threshold,53,100,1.0,TWFE,1.12188198668044,0.5491323892934418,0.5407978827302552,0.11764705882352941,
threshold,53,100,1.0,TWFE-interaction,0.8789567704934007,0.6564301931087995,0.66961760518593,0.23529411764705882,
threshold,53,100,1.0,FE-DML (constant),0.9822042397429253,-0.08747775432674801,-0.09581226088993455,0.058823529411764705,
threshold,53,100,1.0,FE-DML + R-learner,0.6198096017738901,-0.13617845078734714,-0.08664113097176751,,
threshold,53,100,1.0,Pooled DML-sieve,0.5275296604040353,0.49941748485767273,0.4826933670529262,0.058823529411764705,
threshold,53,100,1.0,Panel-DOSE,0.11314822476645946,-0.027857837039093745,-0.030207508028598284,1.0,1.0
threshold,53,100,1.0,Panel-DOSE (unpenalised),0.1794374619228113,-0.012564827717028193,-0.011892743218266277,1.0,1.0
threshold,54,100,1.0,TWFE,1.12097100326135,0.5472688362092537,0.47335497141157723,0.11764705882352941,
threshold,54,100,1.0,TWFE-interaction,0.781826143158201,0.5075652666914141,0.5581507658066436,0.17647058823529413,
threshold,54,100,1.0,FE-DML (constant),0.9856245832603774,0.11992917935292402,0.046015314555247655,0.058823529411764705,
threshold,54,100,1.0,FE-DML + R-learner,0.7209725294445704,0.08558661218116825,0.09932764727845922,,
threshold,54,100,1.0,Pooled DML-sieve,0.6332092965710624,0.6192371424406032,0.6334331521616636,0.29411764705882354,
threshold,54,100,1.0,Panel-DOSE,0.29388708330561725,0.033357481753442345,0.09076548217929148,0.8823529411764706,1.0
threshold,54,100,1.0,Panel-DOSE (unpenalised),0.29388708330561725,0.033357481753442345,0.09076548217929148,0.8823529411764706,1.0
threshold,55,100,1.0,TWFE,1.1828034373384886,0.6647940736143912,0.724111265026297,0.11764705882352941,
threshold,55,100,1.0,TWFE-interaction,0.9975830637713862,0.8572681292388651,0.8410575649219983,0.17647058823529413,
threshold,55,100,1.0,FE-DML (constant),0.9822587705678594,0.08808791796015969,0.1474051093720654,0.058823529411764705,
threshold,55,100,1.0,FE-DML + R-learner,0.8031879549959093,0.09474709878516467,0.27370697083248763,,
threshold,55,100,1.0,Pooled DML-sieve,0.8567612384556592,0.8081039409512036,0.8190911966588333,0.0,
threshold,55,100,1.0,Panel-DOSE,0.347108301170283,0.20084116309931843,0.19406960950791363,0.4117647058823529,0.0
threshold,55,100,1.0,Panel-DOSE (unpenalised),0.3170504130555603,0.19759588441080794,0.173885055745572,0.7647058823529411,0.0
threshold,56,100,1.0,TWFE,1.1441770579355388,0.5933534602908273,0.5610353249102096,0.11764705882352941,
threshold,56,100,1.0,TWFE-interaction,0.8582132250362432,0.7218224155989388,0.7550302365330237,0.17647058823529413,
threshold,56,100,1.0,FE-DML (constant),0.9795135925665835,0.04872439795182926,0.016406262571211694,0.058823529411764705,
threshold,56,100,1.0,FE-DML + R-learner,0.6724511778748008,0.02907754289530998,-0.045184095272500446,,
threshold,56,100,1.0,Pooled DML-sieve,0.8686897397335561,0.7151740931694708,0.6350470136352937,0.29411764705882354,
threshold,56,100,1.0,Panel-DOSE,0.2574245920234823,-0.04601627580793466,0.015253545735254948,0.7058823529411765,1.0
threshold,56,100,1.0,Panel-DOSE (unpenalised),0.29512672326928363,-0.0109393068734656,0.012227958331691768,0.8235294117647058,0.0
threshold,57,100,1.0,TWFE,1.111946610834764,0.5285380348470587,0.45448501885659753,0.11764705882352941,
threshold,57,100,1.0,TWFE-interaction,0.8498792911576915,0.6482762076273387,0.7023827520065632,0.11764705882352941,
threshold,57,100,1.0,FE-DML (constant),0.9784450181474307,0.016788164598883347,-0.057264851391578,0.058823529411764705,
threshold,57,100,1.0,FE-DML + R-learner,0.3735453843944236,0.09696390329967211,0.05151290160857458,,
threshold,57,100,1.0,Pooled DML-sieve,0.7984360596685982,0.7600788925750355,0.7602278228033897,0.058823529411764705,
threshold,57,100,1.0,Panel-DOSE,0.11740130909654013,0.03303341110145018,0.045797324879419676,1.0,1.0
threshold,57,100,1.0,Panel-DOSE (unpenalised),0.06821439792937392,0.014779697466912309,0.0453684324987077,1.0,1.0
threshold,58,100,1.0,TWFE,1.152275262331576,0.6088230195339,0.5056591824948852,0.11764705882352941,
threshold,58,100,1.0,TWFE-interaction,0.6983733230765048,0.6027397855753779,0.6078441024476736,0.17647058823529413,
threshold,58,100,1.0,FE-DML (constant),0.9862173108389392,0.12470674854017227,0.021542911501157613,0.058823529411764705,
threshold,58,100,1.0,FE-DML + R-learner,0.7186293061610471,0.2681503360417268,0.0883589642790431,,
threshold,58,100,1.0,Pooled DML-sieve,0.7579393694997794,0.7445444665641167,0.7020105930138772,0.0,
threshold,58,100,1.0,Panel-DOSE,0.3435172245202813,0.15019327896843992,0.060569833495261016,0.7647058823529411,1.0
threshold,58,100,1.0,Panel-DOSE (unpenalised),0.407101741662987,0.15031631869441553,0.06800257928289466,0.8235294117647058,1.0
threshold,59,100,1.0,TWFE,1.0867702396047634,0.47328294140362553,0.457291738430498,0.11764705882352941,
threshold,59,100,1.0,TWFE-interaction,0.7690318453631212,0.5313504489855256,0.5591904565004591,0.11764705882352941,
threshold,59,100,1.0,FE-DML (constant),0.9791392253865634,0.040506933032166334,0.02451573005903873,0.058823529411764705,
threshold,59,100,1.0,FE-DML + R-learner,0.5711585441952344,-0.12337981595770356,0.049826127881043236,,
threshold,59,100,1.0,Pooled DML-sieve,0.6023022434637922,0.5882637341928764,0.6006173830185813,0.11764705882352941,
threshold,59,100,1.0,Panel-DOSE,0.29081941808151757,-0.0021896245412225124,0.017125864128134327,0.8823529411764706,1.0
threshold,59,100,1.0,Panel-DOSE (unpenalised),0.2642810750247532,-0.0018245946483737726,0.001317200605824298,1.0,1.0
threshold,60,100,1.0,TWFE,1.0353329966984748,0.33888287502574826,0.39955732933264454,0.058823529411764705,
threshold,60,100,1.0,TWFE-interaction,0.8009219808012134,0.562451546598683,0.5585054830710513,0.17647058823529413,
threshold,60,100,1.0,FE-DML (constant),0.9798201102403766,-0.05454023619803124,0.006134218108864942,0.058823529411764705,
threshold,60,100,1.0,FE-DML + R-learner,0.7596774527218433,-0.012088881516723701,0.05516535722243787,,
threshold,60,100,1.0,Pooled DML-sieve,0.5985648417296122,0.5201410551272145,0.5470306077250854,0.29411764705882354,
threshold,60,100,1.0,Panel-DOSE,0.1263911283666871,0.03124477186540428,0.052998774113030445,1.0,1.0
threshold,60,100,1.0,Panel-DOSE (unpenalised),0.20012808599518292,0.004241940510327038,0.09018530427086369,1.0,1.0
threshold,61,100,1.0,TWFE,1.1027147218530169,0.5088289955618187,0.4489078946405448,0.11764705882352941,
threshold,61,100,1.0,TWFE-interaction,0.8225912054272557,0.648151938059496,0.6778592704797911,0.17647058823529413,
threshold,61,100,1.0,FE-DML (constant),0.9788881028557381,-0.0338984785142255,-0.09381957943549946,0.058823529411764705,
threshold,61,100,1.0,FE-DML + R-learner,0.5330976244670025,0.029975368064683785,-0.07140608386892677,,
threshold,61,100,1.0,Pooled DML-sieve,0.6121185440199644,0.5773469601129237,0.5762665768891923,0.23529411764705882,
threshold,61,100,1.0,Panel-DOSE,0.16071698872098303,-0.057461908899499675,-0.03717611007331678,1.0,1.0
threshold,61,100,1.0,Panel-DOSE (unpenalised),0.18401162151957387,-0.04218489006202386,-0.021986672396760887,1.0,1.0
threshold,62,100,1.0,TWFE,1.2600759761919378,0.7941779742029729,0.6490983174304474,0.17647058823529413,
threshold,62,100,1.0,TWFE-interaction,0.8269749502111597,0.6748104646921917,0.7500301903269058,0.11764705882352941,
threshold,62,100,1.0,FE-DML (constant),0.9966625036934581,0.19042934438154627,0.045349687609020695,0.11764705882352941,
threshold,62,100,1.0,FE-DML + R-learner,0.48017652088212376,0.14514639432108287,0.10380754409890003,,
threshold,62,100,1.0,Pooled DML-sieve,0.6956908755831394,0.6413083230089185,0.6051562357123925,0.0,
threshold,62,100,1.0,Panel-DOSE,0.2633953626620895,0.08462979781508778,0.08232991574748427,0.47058823529411764,0.0
threshold,62,100,1.0,Panel-DOSE (unpenalised),0.18118403872521002,0.08923446316800869,0.08684023516303796,0.9411764705882353,1.0
threshold,63,100,1.0,TWFE,1.2810344525165644,0.8270286920461024,0.7315677708055318,0.17647058823529413,
threshold,63,100,1.0,TWFE-interaction,0.949801637593275,0.8149606619463748,0.8690667171911456,0.17647058823529413,
threshold,63,100,1.0,FE-DML (constant),0.9928808766696439,0.16952765022070437,0.07406672898013378,0.11764705882352941,
threshold,63,100,1.0,FE-DML + R-learner,0.7168373146052396,0.3538740064308031,0.072262813529677,,
threshold,63,100,1.0,Pooled DML-sieve,0.6506462432920844,0.604082386094452,0.5813826529066141,0.058823529411764705,
threshold,63,100,1.0,Panel-DOSE,0.23894115736420937,0.14728581082789707,0.11616346478000761,0.7647058823529411,1.0
threshold,63,100,1.0,Panel-DOSE (unpenalised),0.29663885811405,0.19231841579542566,0.114803544449806,0.9411764705882353,1.0
threshold,64,100,1.0,TWFE,1.098347561100038,0.4992940555499081,0.4893350201615255,0.11764705882352941,
threshold,64,100,1.0,TWFE-interaction,0.8055298685474063,0.6021944094887647,0.6229056400307632,0.17647058823529413,
threshold,64,100,1.0,FE-DML (constant),0.9783237438718534,0.006673586480505109,-0.0032854489078774085,0.058823529411764705,
threshold,64,100,1.0,FE-DML + R-learner,0.49316929437262436,0.2573349435559394,0.05446204019740564,,
threshold,64,100,1.0,Pooled DML-sieve,0.6856711185352075,0.6606545129272209,0.6518803395322003,0.0,
threshold,64,100,1.0,Panel-DOSE,0.10542798612406692,0.0572546990714433,0.033222304896303956,1.0,1.0
threshold,64,100,1.0,Panel-DOSE (unpenalised),0.17400079078222394,0.0858323463555687,0.02191981574623869,1.0,1.0
threshold,65,100,1.0,TWFE,1.1262789961060846,0.5580605397291611,0.5509434502653576,0.11764705882352941,
threshold,65,100,1.0,TWFE-interaction,0.9499528820380713,0.5828367032803259,0.5856198037735079,0.11764705882352941,
threshold,65,100,1.0,FE-DML (constant),0.9793268401293778,0.044813488269323985,0.03769639880552034,0.058823529411764705,
threshold,65,100,1.0,FE-DML + R-learner,0.6344130007865939,0.1474858675797615,0.12395654007778711,,
threshold,65,100,1.0,Pooled DML-sieve,0.9729442009622365,0.8761872644057168,0.724233432519956,0.0,
threshold,65,100,1.0,Panel-DOSE,0.25462252895362525,0.16383475243156842,0.09567462520434733,1.0,1.0
threshold,65,100,1.0,Panel-DOSE (unpenalised),0.48252439478859444,0.2045079421647154,0.11376309421032871,1.0,1.0
threshold,66,100,1.0,TWFE,1.1757533738118626,0.6521680649671913,0.6589093197979212,0.17647058823529413,
threshold,66,100,1.0,TWFE-interaction,0.9020449674648545,0.7756825976459438,0.7866348775439773,0.17647058823529413,
threshold,66,100,1.0,FE-DML (constant),0.9808125406996815,-0.0701457691299883,-0.0634045142992582,0.058823529411764705,
threshold,66,100,1.0,FE-DML + R-learner,0.35324452469295325,-0.0295845707335857,-0.023187348185595757,,
threshold,66,100,1.0,Pooled DML-sieve,0.6325293912592455,0.5847080038349466,0.5690668833734134,0.29411764705882354,
threshold,66,100,1.0,Panel-DOSE,0.09000155799012606,0.010853467774822123,0.0043204633723606944,1.0,1.0
threshold,66,100,1.0,Panel-DOSE (unpenalised),0.20935835486308665,0.01279717812475292,-0.006780165236014657,1.0,1.0
threshold,67,100,1.0,TWFE,1.1734527978119875,0.6480113097977954,0.5935352159351859,0.17647058823529413,
threshold,67,100,1.0,TWFE-interaction,1.0049806536337125,0.7841086661556147,0.8473064490386288,0.11764705882352941,
threshold,67,100,1.0,FE-DML (constant),0.9784023562945133,0.014084024131221137,-0.040392069731388425,0.058823529411764705,
threshold,67,100,1.0,FE-DML + R-learner,0.34152214545830883,0.0665851259894599,0.046234226586296834,,
threshold,67,100,1.0,Pooled DML-sieve,0.6042956888609533,0.5689077194631856,0.5899526456844044,0.5294117647058824,
threshold,67,100,1.0,Panel-DOSE,0.157233796072928,0.04497310413963957,0.05805404754879595,0.8823529411764706,1.0
threshold,67,100,1.0,Panel-DOSE (unpenalised),0.2112357637703459,0.04179861654465919,0.04775687699648823,0.8823529411764706,1.0
threshold,68,100,1.0,TWFE,1.1935905680094334,0.6838023347241181,0.7311640650981365,0.11764705882352941,
threshold,68,100,1.0,TWFE-interaction,0.9341807869698012,0.7795982844813046,0.7842877448494231,0.17647058823529413,
threshold,68,100,1.0,FE-DML (constant),0.9839511070528371,0.10529468174403063,0.15265641211804892,0.058823529411764705,
threshold,68,100,1.0,FE-DML + R-learner,0.39539991291936916,0.05626281733420964,0.14338234988788834,,
threshold,68,100,1.0,Pooled DML-sieve,0.6803320397158583,0.6515110744332524,0.6845005540192258,0.23529411764705882,
threshold,68,100,1.0,Panel-DOSE,0.16655138226562127,0.09448410185999945,0.12647935098000818,0.7058823529411765,0.0
threshold,68,100,1.0,Panel-DOSE (unpenalised),0.21633767131991344,0.07124379186739131,0.14849820141465675,0.7058823529411765,1.0
threshold,69,100,1.0,TWFE,1.1247034661471227,0.5548739277497413,0.49052399741344077,0.11764705882352941,
threshold,69,100,1.0,TWFE-interaction,0.8154532346549123,0.6175885844351279,0.6343879044674265,0.17647058823529413,
threshold,69,100,1.0,FE-DML (constant),0.9825174157196339,0.09092667994302361,0.02657674960672307,0.058823529411764705,
threshold,69,100,1.0,FE-DML + R-learner,0.3631855303503965,0.00982530349889937,0.047800906372533536,,
threshold,69,100,1.0,Pooled DML-sieve,0.7254425248478037,0.6999331134573825,0.6666333355311327,0.11764705882352941,
threshold,69,100,1.0,Panel-DOSE,0.07160289163611651,0.05371334254653292,0.061070822012489145,1.0,1.0
threshold,69,100,1.0,Panel-DOSE (unpenalised),0.11834571896417875,0.0684720314158126,0.06887678170255473,1.0,1.0
threshold,70,100,1.0,TWFE,1.2829559403212762,0.8300018877922647,0.6111926063690182,0.23529411764705882,
threshold,70,100,1.0,TWFE-interaction,0.7888530218925117,0.6122123308261637,0.7376227878463485,0.23529411764705882,
threshold,70,100,1.0,FE-DML (constant),0.9992569676084975,0.20357228752264636,-0.015236993900600182,0.11764705882352941,
threshold,70,100,1.0,FE-DML + R-learner,0.471185416924577,0.0027987974104244752,0.02610411671121715,,
threshold,70,100,1.0,Pooled DML-sieve,0.6404040401293104,0.5756991540023019,0.6463507213387439,0.23529411764705882,
threshold,70,100,1.0,Panel-DOSE,0.2979375251155133,-0.07746745655450557,0.009492542894446232,0.8235294117647058,1.0
threshold,70,100,1.0,Panel-DOSE (unpenalised),0.287876767068882,-0.07347446099578804,-0.003499031284647902,1.0,1.0
threshold,71,100,1.0,TWFE,1.1228918444467662,0.5511926008738994,0.4948084258083849,0.11764705882352941,
threshold,71,100,1.0,TWFE-interaction,0.7767296125350659,0.5375187557999599,0.5939047068826766,0.17647058823529413,
threshold,71,100,1.0,FE-DML (constant),0.9865145127530158,0.1270357146844664,0.07065153961895199,0.058823529411764705,
threshold,71,100,1.0,FE-DML + R-learner,0.5068475944838199,0.034598468398246006,0.08358241906414754,,
threshold,71,100,1.0,Pooled DML-sieve,0.8510175326653335,0.822159617019436,0.7581560966047607,0.0,
threshold,71,100,1.0,Panel-DOSE,0.3061542228921932,0.15402198281233634,0.13995121034915003,0.6470588235294118,0.0
threshold,71,100,1.0,Panel-DOSE (unpenalised),0.26916242603342244,0.169104859565996,0.12895561967198266,0.8823529411764706,1.0
threshold,72,100,1.0,TWFE,1.1734654075878237,0.6480341439602776,0.4449666083619238,0.058823529411764705,
threshold,72,100,1.0,TWFE-interaction,0.6850169150445133,0.40713197611219776,0.525069505701426,0.11764705882352941,
threshold,72,100,1.0,FE-DML (constant),0.9970841392269202,0.19262390721548875,-0.010443628382865056,0.11764705882352941,
threshold,72,100,1.0,FE-DML + R-learner,0.507653040824866,0.2637449825534781,0.11278282717263,,
threshold,72,100,1.0,Pooled DML-sieve,0.7576374697260848,0.6688283801721999,0.5642309941800284,0.11764705882352941,
threshold,72,100,1.0,Panel-DOSE,0.21439065704894747,0.12854864286131515,0.08171674009921748,0.9411764705882353,1.0
threshold,72,100,1.0,Panel-DOSE (unpenalised),0.222333039569108,0.11657103611382205,0.08647608017960351,1.0,1.0
threshold,73,100,1.0,TWFE,1.2031546958424781,0.7003630566076993,0.5218263207875856,0.11764705882352941,
threshold,73,100,1.0,TWFE-interaction,0.8834192577133637,0.7063468122986712,0.7711030430747284,0.11764705882352941,
threshold,73,100,1.0,FE-DML (constant),0.986355369351667,0.12579389326170234,-0.05274284255841122,0.058823529411764705,
threshold,73,100,1.0,FE-DML + R-learner,0.43322967848143457,-0.04866579064558344,-0.023749507502656697,,
threshold,73,100,1.0,Pooled DML-sieve,0.5615285818857251,0.39329571039564043,0.37033651941439893,0.29411764705882354,
threshold,73,100,1.0,Panel-DOSE,0.10222186787874225,-0.02649739070811867,-0.029436999505067285,1.0,1.0
threshold,73,100,1.0,Panel-DOSE (unpenalised),0.11886221801445823,-0.011251145851740944,-0.051297654709897,1.0,1.0
threshold,74,100,1.0,TWFE,1.1413012896933907,0.5877889270723551,0.41629169186629833,0.11764705882352941,
threshold,74,100,1.0,TWFE-interaction,0.7321183665809549,0.4874635146524382,0.616119612135725,0.11764705882352941,
threshold,74,100,1.0,FE-DML (constant),0.9911402971829759,0.15901659546421854,-0.012480639741838107,0.11764705882352941,
threshold,74,100,1.0,FE-DML + R-learner,0.45581167684291685,-0.20812807104441866,-0.015759973255065507,,
threshold,74,100,1.0,Pooled DML-sieve,0.5312339396309097,0.499589610350196,0.5302742812947406,0.23529411764705882,
threshold,74,100,1.0,Panel-DOSE,0.12772788152989803,0.008037983965979338,0.03684831762521945,1.0,1.0
threshold,74,100,1.0,Panel-DOSE (unpenalised),0.11736327027861304,0.010120798762747426,0.0339213408671446,1.0,1.0
threshold,75,100,1.0,TWFE,1.118829978341229,0.5428698825391846,0.5254424616973649,0.11764705882352941,
threshold,75,100,1.0,TWFE-interaction,0.8359989900063921,0.6820192556655515,0.7314292802735726,0.17647058823529413,
threshold,75,100,1.0,FE-DML (constant),0.9785518134003146,0.022154919140391048,0.004727498298571331,0.058823529411764705,
threshold,75,100,1.0,FE-DML + R-learner,0.5927924638627295,0.10344376652586161,0.004560529827435045,,
threshold,75,100,1.0,Pooled DML-sieve,0.6903539744825081,0.6363296559078219,0.5686107909729353,0.35294117647058826,
threshold,75,100,1.0,Panel-DOSE,0.19121906002502703,0.08312968815103323,0.06429145818345006,1.0,1.0
threshold,75,100,1.0,Panel-DOSE (unpenalised),0.2227848399400355,0.10644393209938884,0.047703225239028035,0.8823529411764706,1.0
threshold,76,100,1.0,TWFE,1.0652017985640418,0.42140486541702693,0.4327184113390876,0.11764705882352941,
threshold,76,100,1.0,TWFE-interaction,0.8888254195158857,0.6714834124638989,0.6946483928201441,0.17647058823529413,
threshold,76,100,1.0,FE-DML (constant),0.9783016831183388,0.001171377500035617,0.012484923422096283,0.058823529411764705,
threshold,76,100,1.0,FE-DML + R-learner,0.9339526055066006,0.1528942100995398,0.10222130482978364,,
threshold,76,100,1.0,Pooled DML-sieve,0.6967393345305781,0.608195248366041,0.5865997611920908,0.35294117647058826,
threshold,76,100,1.0,Panel-DOSE,0.2463796681170325,0.06459332784764693,0.050297038405382244,1.0,1.0
threshold,76,100,1.0,Panel-DOSE (unpenalised),0.2944948903067183,0.07158777779313785,0.05251659196334035,0.9411764705882353,1.0
threshold,77,100,1.0,TWFE,1.1034796965851232,0.5104847007586697,0.5577489395641163,0.11764705882352941,
threshold,77,100,1.0,TWFE-interaction,0.7899010999444813,0.6234115035759326,0.6682407668448337,0.11764705882352941,
threshold,77,100,1.0,FE-DML (constant),0.980105859586998,0.05945321631199999,0.10671745511744646,0.058823529411764705,
threshold,77,100,1.0,FE-DML + R-learner,0.5118790749277148,0.19184119593991636,0.12767675575284065,,
threshold,77,100,1.0,Pooled DML-sieve,0.7536952242159083,0.7224757233164742,0.7556331019633428,0.11764705882352941,
threshold,77,100,1.0,Panel-DOSE,0.15721152012418285,0.13716141288513645,0.15170876179651183,0.8235294117647058,1.0
threshold,77,100,1.0,Panel-DOSE (unpenalised),0.2250589729526336,0.125136768973552,0.15053218599839102,1.0,1.0
threshold,78,100,1.0,TWFE,1.0910769635879645,0.4830901876517526,0.5298286127510072,0.11764705882352941,
threshold,78,100,1.0,TWFE-interaction,0.8559779619101704,0.6170961235905065,0.6263286675879305,0.11764705882352941,
threshold,78,100,1.0,FE-DML (constant),0.982402742364996,0.08967907860442073,0.13641750370367545,0.058823529411764705,
threshold,78,100,1.0,FE-DML + R-learner,0.6071134060317422,0.12150867604796269,0.11934177692066439,,
threshold,78,100,1.0,Pooled DML-sieve,0.6861303008091155,0.6368963900653191,0.6503601053472314,0.11764705882352941,
threshold,78,100,1.0,Panel-DOSE,0.24359275478095876,0.11509174316818344,0.13616124838031818,0.7058823529411765,0.0
threshold,78,100,1.0,Panel-DOSE (unpenalised),0.2780785844663459,0.0954846691270549,0.1130968404270658,0.8235294117647058,0.0
threshold,79,100,1.0,TWFE,1.131607861397449,0.5687385523327754,0.43777654571914426,0.11764705882352941,
threshold,79,100,1.0,TWFE-interaction,0.7971470777625275,0.5569788207203198,0.6288768410865608,0.17647058823529413,
threshold,79,100,1.0,FE-DML (constant),0.9783069973077144,0.0034307308710380875,-0.12753127574259304,0.058823529411764705,
threshold,79,100,1.0,FE-DML + R-learner,0.6361424722571203,-0.18435517500458823,-0.0946043723915071,,
threshold,79,100,1.0,Pooled DML-sieve,0.47542634719556787,0.3769024787974472,0.36871332222410613,0.47058823529411764,
threshold,79,100,1.0,Panel-DOSE,0.31229146709873895,-0.08595816606175673,-0.07056654192101197,0.8235294117647058,1.0
threshold,79,100,1.0,Panel-DOSE (unpenalised),0.18366567438526984,-0.10090313154631265,-0.07438243384617149,1.0,1.0
threshold,80,100,1.0,TWFE,1.0403856972803278,0.35401919162461665,0.3500735955522105,0.058823529411764705,
threshold,80,100,1.0,TWFE-interaction,0.7880513848258572,0.5341244959817889,0.5281998970731125,0.11764705882352941,
threshold,80,100,1.0,FE-DML (constant),0.9831519009207965,0.09754408858177255,0.09359849250936647,0.058823529411764705,
threshold,80,100,1.0,FE-DML + R-learner,0.49678016193903207,0.04179804501030633,0.11303357761941868,,
threshold,80,100,1.0,Pooled DML-sieve,0.6806732498385433,0.6628896597407844,0.6855705734936797,0.11764705882352941,
threshold,80,100,1.0,Panel-DOSE,0.18023637129712033,0.14258638316124086,0.15544961335409202,0.6470588235294118,0.0
threshold,80,100,1.0,Panel-DOSE (unpenalised),0.2509838518869828,0.16794838791612535,0.14974665798630693,0.7647058823529411,1.0
threshold,81,100,1.0,TWFE,1.131738462546321,0.5689983625106348,0.5407182843396435,0.11764705882352941,
threshold,81,100,1.0,TWFE-interaction,0.8010351355691729,0.6012179770185445,0.650664177658662,0.17647058823529413,
threshold,81,100,1.0,FE-DML (constant),0.9785538777149715,0.022245910277629254,-0.006034167893362086,0.058823529411764705,
threshold,81,100,1.0,FE-DML + R-learner,0.5521549590162244,0.2344865772018403,0.04655680612562685,,
threshold,81,100,1.0,Pooled DML-sieve,0.533237986540711,0.47260992644254096,0.45373516073585185,0.4117647058823529,
threshold,81,100,1.0,Panel-DOSE,0.25517492833117195,0.12209134074192676,0.049604928156930295,1.0,1.0
threshold,81,100,1.0,Panel-DOSE (unpenalised),0.29284687968994916,0.1324225640429327,0.03843638911377223,1.0,1.0
threshold,82,100,1.0,TWFE,1.186101770525768,0.6706449127350735,0.5339382705631467,0.11764705882352941,
threshold,82,100,1.0,TWFE-interaction,0.9051358847225083,0.6059239729988827,0.7469798164721523,0.11764705882352941,
threshold,82,100,1.0,FE-DML (constant),0.9832376281474159,0.09840438170137167,-0.038302260470555294,0.058823529411764705,
threshold,82,100,1.0,FE-DML + R-learner,0.6824110949345891,0.13203914605141231,0.059822233065221386,,
threshold,82,100,1.0,Pooled DML-sieve,0.6169490364011115,0.6033508420137279,0.6307063608517561,0.23529411764705882,
threshold,82,100,1.0,Panel-DOSE,0.3457337831726287,0.03349417757553449,0.07649208151544373,0.6470588235294118,0.0
threshold,82,100,1.0,Panel-DOSE (unpenalised),0.2600659223649544,-0.0338545778581029,0.031651200215705,1.0,1.0
threshold,83,100,1.0,TWFE,1.2172554541878773,0.7243190109911577,0.567163588722117,0.11764705882352941,
threshold,83,100,1.0,TWFE-interaction,0.8156661996918987,0.6229906869147336,0.7137942687266722,0.17647058823529413,
threshold,83,100,1.0,FE-DML (constant),1.0026415575531984,0.2195843388445016,0.06242891657546101,0.058823529411764705,
threshold,83,100,1.0,FE-DML + R-learner,0.585484693375664,0.20541175845357415,0.10526355233129292,,
threshold,83,100,1.0,Pooled DML-sieve,0.77878137945473,0.7215220584468414,0.6727696189108444,0.29411764705882354,
threshold,83,100,1.0,Panel-DOSE,0.28372528800878505,0.1810932252621119,0.12232803739207465,0.8823529411764706,1.0
threshold,83,100,1.0,Panel-DOSE (unpenalised),0.3687790302421357,0.21837017293986827,0.12172959851011667,0.9411764705882353,1.0
threshold,84,100,1.0,TWFE,1.0191110721520649,0.28550755912235387,0.32632409327724576,0.11764705882352941,
threshold,84,100,1.0,TWFE-interaction,0.8640576487910826,0.5323878138806376,0.537946712016359,0.11764705882352941,
threshold,84,100,1.0,FE-DML (constant),0.983358191223877,-0.09960181313695146,-0.05878527898205954,0.058823529411764705,
threshold,84,100,1.0,FE-DML + R-learner,0.5952439186394323,-0.22279797577018354,0.03395536713314051,,
threshold,84,100,1.0,Pooled DML-sieve,0.722202064711465,0.6889414061336416,0.6362434492301225,0.058823529411764705,
threshold,84,100,1.0,Panel-DOSE,0.13554855596297036,0.005581312794405964,0.03149119629536512,1.0,1.0
threshold,84,100,1.0,Panel-DOSE (unpenalised),0.23520213183073033,-0.007227766584589111,0.023605700893319148,1.0,1.0
threshold,85,100,1.0,TWFE,1.2059150798263425,0.705094581375894,0.6009815305931299,0.11764705882352941,
threshold,85,100,1.0,TWFE-interaction,0.8608137324722015,0.7464040163791997,0.8162403582120665,0.17647058823529413,
threshold,85,100,1.0,FE-DML (constant),0.995841359815413,0.1860838597301875,0.08197080894742348,0.11764705882352941,
threshold,85,100,1.0,FE-DML + R-learner,0.8104325932032728,0.08852793388473057,0.12781972662951302,,
threshold,85,100,1.0,Pooled DML-sieve,0.6901077821281072,0.6215327808985842,0.6846747711930734,0.23529411764705882,
threshold,85,100,1.0,Panel-DOSE,0.1623541054262189,0.12983506023187552,0.13025551357847298,0.8235294117647058,1.0
threshold,85,100,1.0,Panel-DOSE (unpenalised),0.17098976436774066,0.12241423483649715,0.11677928200861487,1.0,1.0
threshold,86,100,1.0,TWFE,1.1425934171695837,0.5902939148359395,0.39533816562921387,0.17647058823529413,
threshold,86,100,1.0,TWFE-interaction,0.8167090512808002,0.44953581631825423,0.5855405682890475,0.17647058823529413,
threshold,86,100,1.0,FE-DML (constant),1.0079325595520088,0.24260097596286948,0.0476452267561438,0.11764705882352941,
threshold,86,100,1.0,FE-DML + R-learner,0.6858090290008438,0.044804127980712004,0.04068965323516238,,
threshold,86,100,1.0,Pooled DML-sieve,0.6746442039939593,0.6099756704109885,0.6466045504453433,0.11764705882352941,
threshold,86,100,1.0,Panel-DOSE,0.10441489402942684,0.02931536260325142,0.053426360713793586,1.0,1.0
threshold,86,100,1.0,Panel-DOSE (unpenalised),0.13748571888661765,0.014688841004051758,0.05800046447534135,1.0,1.0
threshold,87,100,1.0,TWFE,1.1180888724994715,0.5413408498720674,0.4948211481244086,0.11764705882352941,
threshold,87,100,1.0,TWFE-interaction,0.7709480307130735,0.6332103033587617,0.6847710728345814,0.11764705882352941,
threshold,87,100,1.0,FE-DML (constant),0.9791757449311224,0.04138028992759219,-0.005139411820066719,0.058823529411764705,
threshold,87,100,1.0,FE-DML + R-learner,0.6582611051591868,0.2273689387971492,0.06791231293094457,,
threshold,87,100,1.0,Pooled DML-sieve,0.7756551133190347,0.7406001393404069,0.7066602606778322,0.0,
threshold,87,100,1.0,Panel-DOSE,0.2173323869162794,0.1263131362062969,0.10409557191816543,1.0,1.0
threshold,87,100,1.0,Panel-DOSE (unpenalised),0.2068235510046433,0.1321027629947942,0.11594913904257764,1.0,1.0
threshold,88,100,1.0,TWFE,1.1529356194260556,0.6100719068064153,0.5725946291591167,0.17647058823529413,
threshold,88,100,1.0,TWFE-interaction,0.8656756240826844,0.710692189418828,0.7747043844750631,0.17647058823529413,
threshold,88,100,1.0,FE-DML (constant),0.9783086220013858,-0.0038663697862084023,-0.04134364743350716,0.058823529411764705,
threshold,88,100,1.0,FE-DML + R-learner,0.651489394750973,-0.200346183254745,-0.05820529135118779,,
threshold,88,100,1.0,Pooled DML-sieve,0.6761667272000865,0.5863473487994616,0.5572033572624356,0.29411764705882354,
threshold,88,100,1.0,Panel-DOSE,0.4639472229031988,-0.021265791380672874,0.0097378318099276,0.8823529411764706,1.0
threshold,88,100,1.0,Panel-DOSE (unpenalised),0.5747482326315333,-0.03373842868009975,0.011283537053180082,0.7647058823529411,0.0
threshold,89,100,1.0,TWFE,1.1704458327226928,0.6425501040938291,0.7206806280110845,0.17647058823529413,
threshold,89,100,1.0,TWFE-interaction,1.0576663940052147,0.8534234392578162,0.8446275021405765,0.17647058823529413,
threshold,89,100,1.0,FE-DML (constant),0.9783022216047251,0.0015574754616927014,0.07968799937894822,0.058823529411764705,
threshold,89,100,1.0,FE-DML + R-learner,0.6522769608898225,0.22149374525998652,0.1739199142425516,,
threshold,89,100,1.0,Pooled DML-sieve,0.710166632815732,0.6703770429261756,0.635765666132323,0.0,
threshold,89,100,1.0,Panel-DOSE,0.21027130895715407,0.17512184298061587,0.17243177961294376,0.7647058823529411,1.0
threshold,89,100,1.0,Panel-DOSE (unpenalised),0.24687869010427999,0.19678159142456106,0.1627239938165057,1.0,1.0
threshold,90,100,1.0,TWFE,1.2335056887641365,0.7513078417975946,0.6197928343201209,0.17647058823529413,
threshold,90,100,1.0,TWFE-interaction,0.9961864240015569,0.7993893721328864,0.8282542730142632,0.17647058823529413,
threshold,90,100,1.0,FE-DML (constant),0.9892021496647384,0.1464516365030203,0.0149366290255466,0.11764705882352941,
threshold,90,100,1.0,FE-DML + R-learner,0.5412179576732351,-0.08121715604647084,0.1033863216195059,,
threshold,90,100,1.0,Pooled DML-sieve,0.6561852444824823,0.5500614060167548,0.6500969095448166,0.47058823529411764,
threshold,90,100,1.0,Panel-DOSE,0.2687127410841407,0.06355610697127523,0.12608789132551457,0.8823529411764706,1.0
threshold,90,100,1.0,Panel-DOSE (unpenalised),0.334900938148055,0.06862696174303339,0.13454051388727817,0.7647058823529411,0.0
threshold,91,100,1.0,TWFE,1.0929777801141238,0.48736805061090227,0.4231527454563371,0.11764705882352941,
threshold,91,100,1.0,TWFE-interaction,0.858781841084966,0.604054657757198,0.650948701718425,0.17647058823529413,
threshold,91,100,1.0,FE-DML (constant),0.9872376644946804,0.13253450543154555,0.06831920027698035,0.058823529411764705,
threshold,91,100,1.0,FE-DML + R-learner,0.7625804638157793,0.013948009574070705,0.1409683766608596,,
threshold,91,100,1.0,Pooled DML-sieve,0.9161724360813973,0.8991926986129579,0.8453141683397303,0.0,
threshold,91,100,1.0,Panel-DOSE,0.21280413134481935,0.1391843764612807,0.11695034020326367,0.8235294117647058,1.0
threshold,91,100,1.0,Panel-DOSE (unpenalised),0.26559815727795294,0.18478016430411837,0.11535912226222522,1.0,1.0
threshold,92,100,1.0,TWFE,1.1257630719981249,0.5570185663043277,0.36414945103426755,0.11764705882352941,
threshold,92,100,1.0,TWFE-interaction,0.8324149296824152,0.5186971255822135,0.6584097318685376,0.11764705882352941,
threshold,92,100,1.0,FE-DML (constant),0.9821743304281739,0.08714128920956413,-0.10572782606049591,0.058823529411764705,
threshold,92,100,1.0,FE-DML + R-learner,0.47268379131369104,0.008964976369592703,0.018845175494085487,,
threshold,92,100,1.0,Pooled DML-sieve,0.5878229741900491,0.5557745009204093,0.5553803061556213,0.11764705882352941,
threshold,92,100,1.0,Panel-DOSE,0.32641753928414313,0.09292182587461711,0.10266211842295547,0.7058823529411765,0.0
threshold,92,100,1.0,Panel-DOSE (unpenalised),0.29446640297447396,0.09082127115764338,0.11234739952161599,0.9411764705882353,1.0
threshold,93,100,1.0,TWFE,1.2430784924964609,0.7669232865419767,0.5064294893996266,0.11764705882352941,
threshold,93,100,1.0,TWFE-interaction,0.7449747087003322,0.5909439129671179,0.693310224074114,0.11764705882352941,
threshold,93,100,1.0,FE-DML (constant),0.983085000437187,0.09686747141149687,-0.16362632573085323,0.058823529411764705,
threshold,93,100,1.0,FE-DML + R-learner,0.6390865370074625,-0.02570251192254068,0.02631391774691827,,
threshold,93,100,1.0,Pooled DML-sieve,0.7152919288372341,0.6047415205296938,0.407292089376055,0.29411764705882354,
threshold,93,100,1.0,Panel-DOSE,0.44077084738004874,0.10104286099922473,-0.12137918755002608,0.8235294117647058,0.0
threshold,93,100,1.0,Panel-DOSE (unpenalised),0.44077084738004874,0.10104286099922473,-0.12137918755002608,0.8235294117647058,0.0
threshold,94,100,1.0,TWFE,1.1479590474471268,0.6006139888054456,0.5610943141506956,0.17647058823529413,
threshold,94,100,1.0,TWFE-interaction,1.0412084548257194,0.7937449157840489,0.8915488959834873,0.17647058823529413,
threshold,94,100,1.0,FE-DML (constant),0.9786927891797961,0.02769051327805093,-0.011829161376698982,0.058823529411764705,
threshold,94,100,1.0,FE-DML + R-learner,0.362263617885282,0.12506367865715803,0.05322482282950691,,
threshold,94,100,1.0,Pooled DML-sieve,0.659038229260084,0.6326520797046004,0.6556321090341214,0.23529411764705882,
threshold,94,100,1.0,Panel-DOSE,0.1949218297869415,0.017894370350193152,0.06758087161619653,0.7647058823529411,1.0
threshold,94,100,1.0,Panel-DOSE (unpenalised),0.22171650738181797,0.027295713818431308,0.047827637817673185,0.8823529411764706,1.0
threshold,95,100,1.0,TWFE,1.2733420031957192,0.8150626025254504,0.7464831417236399,0.23529411764705882,
threshold,95,100,1.0,TWFE-interaction,1.0650207208752092,0.9354533432336165,0.9442161825803668,0.17647058823529413,
threshold,95,100,1.0,FE-DML (constant),0.981098868527943,0.07404173660769367,0.005462275805883099,0.058823529411764705,
threshold,95,100,1.0,FE-DML + R-learner,0.3633496548016843,0.12693792214049476,0.08545438352069501,,
threshold,95,100,1.0,Pooled DML-sieve,0.8454228480564207,0.7992104452809696,0.7880063604061598,0.058823529411764705,
threshold,95,100,1.0,Panel-DOSE,0.1907321555334953,0.11811235670755664,0.10218013110617796,1.0,1.0
threshold,95,100,1.0,Panel-DOSE (unpenalised),0.22464896335861698,0.1455039097866189,0.0960715007967965,1.0,1.0
threshold,96,100,1.0,TWFE,1.0319582937202723,0.32842824012427585,0.2732006908689504,0.058823529411764705,
threshold,96,100,1.0,TWFE-interaction,0.7627116869681677,0.4673871708432287,0.4858789067970637,0.11764705882352941,
threshold,96,100,1.0,FE-DML (constant),0.9786352969041122,0.02557798427696869,-0.0296495649783568,0.058823529411764705,
threshold,96,100,1.0,FE-DML + R-learner,0.5215162289036601,0.051166678639136605,0.09013304753766649,,
threshold,96,100,1.0,Pooled DML-sieve,0.736573400272186,0.7085994706697107,0.683871333348121,0.058823529411764705,
threshold,96,100,1.0,Panel-DOSE,0.2724945402937345,0.110220668676349,0.08027595202768345,1.0,1.0
threshold,96,100,1.0,Panel-DOSE (unpenalised),0.1901565261262599,0.0949090601509454,0.08142180665960663,1.0,1.0
threshold,97,100,1.0,TWFE,1.1890582108913588,0.6758599099082829,0.5716597207101163,0.11764705882352941,
threshold,97,100,1.0,TWFE-interaction,0.915279382474104,0.7911924907308574,0.786373928125195,0.17647058823529413,
threshold,97,100,1.0,FE-DML (constant),0.9783322380655383,0.007820292283423388,-0.09637989691474314,0.058823529411764705,
threshold,97,100,1.0,FE-DML + R-learner,0.4529167042498442,-0.032018180693159946,-0.06255952047985802,,
threshold,97,100,1.0,Pooled DML-sieve,0.7121988203667432,0.6593121580380844,0.5896116039626457,0.11764705882352941,
threshold,97,100,1.0,Panel-DOSE,0.19296625585549454,0.07211093838624251,0.022663792564556084,1.0,1.0
threshold,97,100,1.0,Panel-DOSE (unpenalised),0.285016711159945,0.07773740494658206,0.03876140661287342,1.0,1.0
threshold,98,100,1.0,TWFE,1.2322738676177833,0.7492837071141767,0.6347251662869828,0.11764705882352941,
threshold,98,100,1.0,TWFE-interaction,0.9662989669274112,0.8279635214847247,0.8975537129933966,0.17647058823529413,
threshold,98,100,1.0,FE-DML (constant),0.9808571947294927,0.07076740341204638,-0.043791137415147396,0.058823529411764705,
threshold,98,100,1.0,FE-DML + R-learner,0.576358473996906,0.15714807788926455,0.11068570627529295,,
threshold,98,100,1.0,Pooled DML-sieve,0.6256456333991557,0.5889337279050506,0.5664593503886568,0.23529411764705882,
threshold,98,100,1.0,Panel-DOSE,0.14464479658998308,0.11418799685872391,0.11293599457276704,0.8235294117647058,1.0
threshold,98,100,1.0,Panel-DOSE (unpenalised),0.15821973376425177,0.12821405276486436,0.09926113704457962,1.0,1.0
threshold,99,100,1.0,TWFE,1.1816480221810526,0.6627361747011148,0.6215234417296914,0.11764705882352941,
threshold,99,100,1.0,TWFE-interaction,1.0393654365757354,0.8323318802658151,0.8842472098482438,0.11764705882352941,
threshold,99,100,1.0,FE-DML (constant),0.9800847126238125,0.05910357731960062,0.017890844348177226,0.058823529411764705,
threshold,99,100,1.0,FE-DML + R-learner,0.53585547156616,0.06507356018286613,0.164715002403525,,
threshold,99,100,1.0,Pooled DML-sieve,0.7749998312122566,0.7658770524101475,0.7638748108351933,0.0,
threshold,99,100,1.0,Panel-DOSE,0.18010247427892265,0.1544015945110399,0.14603548455853432,0.8823529411764706,1.0
threshold,99,100,1.0,Panel-DOSE (unpenalised),0.23633980804821114,0.1281294628833757,0.1500104475579248,0.8823529411764706,0.0
hump,0,100,1.0,TWFE,0.994341572197655,0.8979505343839961,0.7456322914469589,0.0,
hump,0,100,1.0,TWFE-interaction,0.8210421810436374,0.7251525983801413,0.6644504662750854,0.17647058823529413,
hump,0,100,1.0,FE-DML (constant),0.5049490745275534,0.269394817816217,0.11707657487917977,0.35294117647058826,
hump,0,100,1.0,FE-DML + R-learner,0.4542866335198891,0.06285964846042162,0.05933796802632996,,
hump,0,100,1.0,Pooled DML-sieve,0.48717909961988737,0.44217980801125684,0.42090426442045614,0.29411764705882354,
hump,0,100,1.0,Panel-DOSE,0.25910236295748285,0.13351672274916057,0.0749725737572311,0.8235294117647058,1.0
hump,0,100,1.0,Panel-DOSE (unpenalised),0.350427538987547,0.1355001142735941,0.07900476212506513,0.8823529411764706,1.0
hump,1,100,1.0,TWFE,0.9346422682119113,0.8313580272832556,0.6621351346441147,0.0,
hump,1,100,1.0,TWFE-interaction,0.745780206778183,0.6905229179204347,0.586388377942558,0.0,
hump,1,100,1.0,FE-DML (constant),0.4538292035134174,0.1534957522592165,-0.015727140379924398,0.23529411764705882,
hump,1,100,1.0,FE-DML + R-learner,0.6377560883023038,0.05225849785215859,-0.057072138252489246,,
hump,1,100,1.0,Pooled DML-sieve,0.7307703523576567,0.6940182431981559,0.6006578853502655,0.0,
hump,1,100,1.0,Panel-DOSE,0.1710452879201556,0.0025923479503659115,-0.05600324220420361,0.8823529411764706,1.0
hump,1,100,1.0,Panel-DOSE (unpenalised),0.3436921201056626,-0.04108877514483206,-0.10500382899494065,0.8823529411764706,0.0
hump,2,100,1.0,TWFE,0.9184798121960294,0.8131452302090035,0.6736594860023088,0.0,
hump,2,100,1.0,TWFE-interaction,0.6952405528169048,0.64980728673264,0.6070737120464851,0.0,
hump,2,100,1.0,FE-DML (constant),0.47256971404073683,0.20229220110657695,0.06280645689988229,0.23529411764705882,
hump,2,100,1.0,FE-DML + R-learner,0.5641888464623339,0.2911006991420618,0.0872605318953541,,
hump,2,100,1.0,Pooled DML-sieve,0.5789600904849252,0.5348274422697135,0.46553322863997204,0.0,
hump,2,100,1.0,Panel-DOSE,0.24740433330838868,0.11411289847947616,0.04398508744565288,0.7647058823529411,0.0
hump,2,100,1.0,Panel-DOSE (unpenalised),0.22119472035062618,0.10113272207343703,0.04192236877822775,1.0,1.0
hump,3,100,1.0,TWFE,1.096252510624011,1.0096383347760958,0.8611884789588635,0.0,
hump,3,100,1.0,TWFE-interaction,0.9041785345437341,0.8670679574984311,0.7943947400888418,0.0,
hump,3,100,1.0,FE-DML (constant),0.53474617955688,0.32179726001114256,0.17334740419391048,0.35294117647058826,
hump,3,100,1.0,FE-DML + R-learner,0.5543091314031646,0.30693719741024383,0.13385106804935365,,
hump,3,100,1.0,Pooled DML-sieve,0.8961640702463041,0.833702768411082,0.7574748394569553,0.11764705882352941,
hump,3,100,1.0,Panel-DOSE,0.3076247515999544,0.182385784896785,0.1030352643258392,0.7647058823529411,1.0
hump,3,100,1.0,Panel-DOSE (unpenalised),0.36229092633256216,0.1510078589661168,0.0964240571916739,0.8823529411764706,1.0
hump,4,100,1.0,TWFE,1.2196098165401128,1.1423870204974353,0.9900014466014788,0.0,
hump,4,100,1.0,TWFE-interaction,1.035476800517503,0.9547394257102411,0.9090874654517251,0.058823529411764705,
hump,4,100,1.0,FE-DML (constant),0.5257328835678898,0.3065861459110773,0.15420057201512094,0.5294117647058824,
hump,4,100,1.0,FE-DML + R-learner,0.6310127455461767,0.10600646679265494,0.1189205779420699,,
hump,4,100,1.0,Pooled DML-sieve,0.7169285204844588,0.6496185134507764,0.5968410381020335,0.23529411764705882,
hump,4,100,1.0,Panel-DOSE,0.20019191274634768,0.11798828295641423,0.09850084561718386,0.7647058823529411,1.0
hump,4,100,1.0,Panel-DOSE (unpenalised),0.21783429030304527,0.07973202220396913,0.05692496665761859,1.0,1.0
hump,5,100,1.0,TWFE,1.0692083669046735,0.9802073922690845,0.8883420538933766,0.0,
hump,5,100,1.0,TWFE-interaction,0.815375246378985,0.7781162265044068,0.7625993748321798,0.0,
hump,5,100,1.0,FE-DML (constant),0.5505404965578268,0.3474116266766823,0.2555462883009745,0.4117647058823529,
hump,5,100,1.0,FE-DML + R-learner,0.47553865852672667,-0.013404367677571543,0.13659706227999546,,
hump,5,100,1.0,Pooled DML-sieve,0.7436746079435135,0.7165213207291257,0.7683024296010079,0.17647058823529413,
hump,5,100,1.0,Panel-DOSE,0.18493763146496986,0.15633760488548598,0.18157756093422317,0.7058823529411765,0.0
hump,5,100,1.0,Panel-DOSE (unpenalised),0.220597160609756,0.12569453258020857,0.18459717771122053,0.8235294117647058,1.0
hump,6,100,1.0,TWFE,1.2335464660742792,1.1572540274133172,1.0575617316134858,0.0,
hump,6,100,1.0,TWFE-interaction,0.9818198729986486,0.9562037487451067,0.9486541367378283,0.0,
hump,6,100,1.0,FE-DML (constant),0.5005465804932346,0.2610495723870664,0.1613572765872351,0.35294117647058826,
hump,6,100,1.0,FE-DML + R-learner,0.5604458788923132,0.09379238271528437,0.10459201703344312,,
hump,6,100,1.0,Pooled DML-sieve,0.6271778633722447,0.6215663215937691,0.6275540492600828,0.11764705882352941,
hump,6,100,1.0,Panel-DOSE,0.13154830767823036,0.0717206666933355,0.09763542150120541,0.7647058823529411,1.0
hump,6,100,1.0,Panel-DOSE (unpenalised),0.19762336805243924,0.050348741449449334,0.09133847163191922,1.0,1.0
hump,7,100,1.0,TWFE,1.2120043587587075,1.1342638871312556,0.9805318027018566,0.0,
hump,7,100,1.0,TWFE-interaction,0.9378498662267946,0.914876175754631,0.8574452796440974,0.0,
hump,7,100,1.0,FE-DML (constant),0.5619007678008126,0.36514719340992163,0.21141510898052274,0.4117647058823529,
hump,7,100,1.0,FE-DML + R-learner,0.8701165754788349,-0.2572080331905544,0.1404624001547663,,
hump,7,100,1.0,Pooled DML-sieve,0.6174918519512533,0.5360796389088678,0.6248203308328075,0.5294117647058824,
hump,7,100,1.0,Panel-DOSE,0.35278162270392655,0.01441937516565765,0.11450225684194826,0.7647058823529411,1.0
hump,7,100,1.0,Panel-DOSE (unpenalised),0.49220757697015405,0.0018630331788254129,0.0989070619181649,0.7647058823529411,1.0
hump,8,100,1.0,TWFE,1.0365383290325114,0.94446371425985,0.8188755603664184,0.0,
hump,8,100,1.0,TWFE-interaction,0.766830789263866,0.6895244989165816,0.7164203651892578,0.11764705882352941,
hump,8,100,1.0,FE-DML (constant),0.5002325084992072,0.26044685169801796,0.13485869780458648,0.35294117647058826,
hump,8,100,1.0,FE-DML + R-learner,0.6380424026594188,0.032704104108017384,0.09559475826280783,,
hump,8,100,1.0,Pooled DML-sieve,0.5949857442646013,0.5425381954656454,0.5934260919168906,0.23529411764705882,
hump,8,100,1.0,Panel-DOSE,0.3327591887410718,-0.04891329119906563,0.04658637301738566,0.7647058823529411,0.0
hump,8,100,1.0,Panel-DOSE (unpenalised),0.4882913669529703,-0.1049204748343134,0.029662542286609472,0.8235294117647058,0.0
hump,9,100,1.0,TWFE,1.1349473995560342,1.0515253681005536,0.9256005797014142,0.0,
hump,9,100,1.0,TWFE-interaction,0.8370563147162244,0.8018047307729286,0.7660996849791388,0.0,
hump,9,100,1.0,FE-DML (constant),0.48859110021912894,0.2373210130041984,0.11139622460505905,0.23529411764705882,
hump,9,100,1.0,FE-DML + R-learner,0.6385775513729095,-0.14594211100508223,-0.04689027611152485,,
hump,9,100,1.0,Pooled DML-sieve,0.7099430567898736,0.6865243517865239,0.636387384443037,0.058823529411764705,
hump,9,100,1.0,Panel-DOSE,0.1029729244051118,0.04838467259180837,0.02644501965076418,1.0,1.0
hump,9,100,1.0,Panel-DOSE (unpenalised),0.19004610884891085,-0.060131113593084665,0.0012271043983542729,1.0,1.0
hump,10,100,1.0,TWFE,1.1510767329060603,1.0689142365211952,0.989361391506687,0.0,
hump,10,100,1.0,TWFE-interaction,0.852838065059651,0.8111531479311844,0.8351860144724743,0.0,
hump,10,100,1.0,FE-DML (constant),0.4945357351454634,0.2493302896478161,0.16977744463330802,0.35294117647058826,
hump,10,100,1.0,FE-DML + R-learner,0.6679224274370738,0.14230915471306393,0.16969593685203477,,
hump,10,100,1.0,Pooled DML-sieve,0.6869802378521475,0.6778440549624115,0.6878758579350237,0.058823529411764705,
hump,10,100,1.0,Panel-DOSE,0.2446908768191891,0.039584126461120306,0.10672668543145969,0.9411764705882353,1.0
hump,10,100,1.0,Panel-DOSE (unpenalised),0.2737777130305773,0.010638404196676459,0.11468362367749929,1.0,1.0
hump,11,100,1.0,TWFE,1.1269900124684868,1.0429316795474766,0.9157885525626792,0.0,
hump,11,100,1.0,TWFE-interaction,0.7722906225554442,0.7171771858286524,0.7433939874903,0.11764705882352941,
hump,11,100,1.0,FE-DML (constant),0.4568471405916088,0.1622014484113171,0.03505832142651988,0.23529411764705882,
hump,11,100,1.0,FE-DML + R-learner,0.534818189321923,-0.21359962319959436,-0.03062599062011384,,
hump,11,100,1.0,Pooled DML-sieve,0.5564136755480654,0.5386014158889955,0.5667339626829837,0.29411764705882354,
hump,11,100,1.0,Panel-DOSE,0.2571240585664401,-0.12662129627977264,-0.10112170092822259,1.0,1.0
hump,11,100,1.0,Panel-DOSE (unpenalised),0.313826222399332,-0.14610660926470326,-0.11592565463798099,1.0,1.0
hump,12,100,1.0,TWFE,0.9146641890319519,0.8088328496651693,0.7020343258730715,0.0,
hump,12,100,1.0,TWFE-interaction,0.6855938342154152,0.653497428437733,0.6111217325923426,0.0,
hump,12,100,1.0,FE-DML (constant),0.42965656794625173,0.04695493988231734,-0.059843583909780396,0.23529411764705882,
hump,12,100,1.0,FE-DML + R-learner,0.5825660689111051,0.11642016510089649,-0.05829151079855199,,
hump,12,100,1.0,Pooled DML-sieve,0.6598948939788228,0.5999137434356104,0.5601817631681247,0.0,
hump,12,100,1.0,Panel-DOSE,0.17918984664966925,-0.05954782508369214,-0.09507056941609249,0.7647058823529411,1.0
hump,12,100,1.0,Panel-DOSE (unpenalised),0.19884513012870908,-0.08477514008438906,-0.0941940491999842,1.0,1.0
hump,13,100,1.0,TWFE,1.0944494923789374,1.0076803517825057,0.9009428922566503,0.0,
hump,13,100,1.0,TWFE-interaction,0.8802800400242569,0.7848297459168305,0.7897577072844706,0.11764705882352941,
hump,13,100,1.0,FE-DML (constant),0.48189369721793385,0.2232073820875323,0.11646992256167699,0.23529411764705882,
hump,13,100,1.0,FE-DML + R-learner,0.6284097200287025,0.12696515868654457,0.06034440629204596,,
hump,13,100,1.0,Pooled DML-sieve,0.594159022774486,0.5716892889064644,0.5276919089408965,0.058823529411764705,
hump,13,100,1.0,Panel-DOSE,0.12038172180334797,0.03454994222590751,0.013475771108918622,1.0,1.0
hump,13,100,1.0,Panel-DOSE (unpenalised),0.18306997446004497,0.03973548840604277,-0.008811791591023299,1.0,1.0
hump,14,100,1.0,TWFE,1.1800064192819946,1.1000068861360435,1.0218052679644074,0.0,
hump,14,100,1.0,TWFE-interaction,1.0800212214679348,1.0037341125796302,0.9602223456373358,0.0,
hump,14,100,1.0,FE-DML (constant),0.5720898028995045,0.380639911966144,0.30243829379450804,0.4117647058823529,
hump,14,100,1.0,FE-DML + R-learner,0.592019677282668,0.20349273303674778,0.24390708368462133,,
hump,14,100,1.0,Pooled DML-sieve,0.8117699908239573,0.7733674603352432,0.7728412191587124,0.058823529411764705,
hump,14,100,1.0,Panel-DOSE,0.3475788517006275,0.27274486204878734,0.24908973111792232,0.7647058823529411,1.0
hump,14,100,1.0,Panel-DOSE (unpenalised),0.2582890912157726,0.19779129398856088,0.23443541494833475,0.8823529411764706,1.0
hump,15,100,1.0,TWFE,1.1704152297904153,1.089711801406845,0.9495199229593836,0.0,
hump,15,100,1.0,TWFE-interaction,1.0238290320203194,0.9535605395443558,0.9067531675189988,0.0,
hump,15,100,1.0,FE-DML (constant),0.49411160813813615,0.2484879902467219,0.10829611179926069,0.35294117647058826,
hump,15,100,1.0,FE-DML + R-learner,0.391983079252089,-0.03479943903692071,0.03832730642616555,,
hump,15,100,1.0,Pooled DML-sieve,0.6866236535160959,0.6704025679989968,0.7100297552866008,0.11764705882352941,
hump,15,100,1.0,Panel-DOSE,0.2035066247598078,-0.013061819652202107,0.05451480934644648,1.0,1.0
hump,15,100,1.0,Panel-DOSE (unpenalised),0.27208082229917696,-0.043047600900373684,0.0553618356162624,0.9411764705882353,1.0
hump,16,100,1.0,TWFE,1.1057524664302683,1.0199453500147062,0.9041994189216411,0.0,
hump,16,100,1.0,TWFE-interaction,0.8609122941912309,0.8139019659141529,0.7849811443427721,0.0,
hump,16,100,1.0,FE-DML (constant),0.49985260591932196,0.2597164369929961,0.1439705058999312,0.35294117647058826,
hump,16,100,1.0,FE-DML + R-learner,0.770087818531224,0.33839403066065615,0.09163432229579693,,
hump,16,100,1.0,Pooled DML-sieve,0.7740000960628616,0.7197105393669375,0.6427165138255626,0.0,
hump,16,100,1.0,Panel-DOSE,0.20006160157148636,0.10961683669543272,0.06628293442022448,1.0,1.0
hump,16,100,1.0,Panel-DOSE (unpenalised),0.18410340387869714,0.09749457377978098,0.040126682527451774,1.0,1.0
hump,17,100,1.0,TWFE,0.9399111057915295,0.8372770669200583,0.7404062743003159,0.0,
hump,17,100,1.0,TWFE-interaction,0.6870627892200665,0.6275500944038602,0.6137367725259524,0.0,
hump,17,100,1.0,FE-DML (constant),0.4868560535166668,0.2337280831347047,0.13685729051496232,0.23529411764705882,
hump,17,100,1.0,FE-DML + R-learner,0.6213350094061665,-0.005809564989439931,0.06599796922517465,,
hump,17,100,1.0,Pooled DML-sieve,0.7851985341352028,0.7537757783745699,0.7161385066077219,0.0,
hump,17,100,1.0,Panel-DOSE,0.2035733437186549,0.09183561953550931,0.08042393529306979,0.9411764705882353,1.0
hump,17,100,1.0,Panel-DOSE (unpenalised),0.21579653090743092,0.06366985515337839,0.09083470464494181,1.0,1.0
hump,18,100,1.0,TWFE,1.0527648844565551,0.9622442007852394,0.8490543885007606,0.0,
hump,18,100,1.0,TWFE-interaction,0.9041344777723285,0.8186282105323235,0.801940026994088,0.0,
hump,18,100,1.0,FE-DML (constant),0.49197965949930256,0.24422118122933073,0.13103136894485212,0.23529411764705882,
hump,18,100,1.0,FE-DML + R-learner,0.5009008486905361,-0.0844583728430532,0.08721910384664988,,
hump,18,100,1.0,Pooled DML-sieve,0.5887068762259737,0.5593043283080061,0.5120782191120514,0.0,
hump,18,100,1.0,Panel-DOSE,0.08241247988601239,0.06461021900797866,0.06024479314259534,1.0,1.0
hump,18,100,1.0,Panel-DOSE (unpenalised),0.10722920961106888,0.026717204855809744,0.061565226460341904,1.0,1.0
hump,19,100,1.0,TWFE,0.9887916482099098,0.891800943916113,0.7690347372564881,0.0,
hump,19,100,1.0,TWFE-interaction,0.700056417232079,0.6154309741356241,0.6339534908906568,0.23529411764705882,
hump,19,100,1.0,FE-DML (constant),0.5080782734765164,0.2752154283082212,0.15244922164859642,0.35294117647058826,
hump,19,100,1.0,FE-DML + R-learner,0.5959256556834142,0.0444365984313134,0.09607866316114189,,
hump,19,100,1.0,Pooled DML-sieve,0.7812181239923682,0.7581254921581377,0.726744252127755,0.11764705882352941,
hump,19,100,1.0,Panel-DOSE,0.09457717724859628,0.08430563947985804,0.07636809679639422,1.0,1.0
hump,19,100,1.0,Panel-DOSE (unpenalised),0.16194323981860356,0.019341362550213157,0.08954593833841629,1.0,1.0
hump,20,100,1.0,TWFE,1.0703662572540764,0.9814702872059345,0.8622516295292859,0.0,
hump,20,100,1.0,TWFE-interaction,0.8456874712587565,0.7665865607855309,0.7414300437890471,0.11764705882352941,
hump,20,100,1.0,FE-DML (constant),0.4692649905755144,0.1944469886108747,0.0752283309342261,0.23529411764705882,
hump,20,100,1.0,FE-DML + R-learner,0.5433849039150174,-0.1664896808531624,-0.03735753125263841,,
hump,20,100,1.0,Pooled DML-sieve,0.5996408922016095,0.5318713336460336,0.5374406098127846,0.23529411764705882,
hump,20,100,1.0,Panel-DOSE,0.09688769322986687,-0.060305319167157034,-0.036984705434989884,1.0,1.0
hump,20,100,1.0,Panel-DOSE (unpenalised),0.20720286309190256,-0.07770893537443584,-0.0733087701691193,1.0,1.0
hump,21,100,1.0,TWFE,1.1395734593174427,1.0565167623756488,0.9451902751208179,0.0,
hump,21,100,1.0,TWFE-interaction,0.9247322972074805,0.8169964995140802,0.800888422789896,0.17647058823529413,
hump,21,100,1.0,FE-DML (constant),0.44789596359967354,0.13494737570208634,0.023620888447255517,0.11764705882352941,
hump,21,100,1.0,FE-DML + R-learner,0.5909394112851761,-0.026674685145316873,-0.04634689924276447,,
hump,21,100,1.0,Pooled DML-sieve,0.5815794272688878,0.5041083198874353,0.4308171415784976,0.23529411764705882,
hump,21,100,1.0,Panel-DOSE,0.2117287505898197,0.004570749141065968,-0.04018920727453934,0.8823529411764706,1.0
hump,21,100,1.0,Panel-DOSE (unpenalised),0.20172508127121472,-0.021475295349686084,-0.08950382026146819,0.9411764705882353,1.0
hump,22,100,1.0,TWFE,1.0156508781724904,0.9214915660669668,0.8156771204235855,0.0,
hump,22,100,1.0,TWFE-interaction,0.827057074250509,0.7634617870035174,0.7128366601336327,0.0,
hump,22,100,1.0,FE-DML (constant),0.4904048715260892,0.2410330641561858,0.1352186185128046,0.23529411764705882,
hump,22,100,1.0,FE-DML + R-learner,0.5553051201537725,0.07991124501410118,0.10100414421864579,,
hump,22,100,1.0,Pooled DML-sieve,0.6114751539727676,0.5531056273021339,0.5100285730175871,0.0,
hump,22,100,1.0,Panel-DOSE,0.24976211688588676,0.12575544514390374,0.08112308984520822,0.8823529411764706,1.0
hump,22,100,1.0,Panel-DOSE (unpenalised),0.26922229231134487,0.1300940426769996,0.05480834015459446,1.0,1.0
hump,23,100,1.0,TWFE,0.8985237434799506,0.7905345771041417,0.6298769891099849,0.0,
hump,23,100,1.0,TWFE-interaction,0.7470376331189146,0.641306961845802,0.5961050907127388,0.23529411764705882,
hump,23,100,1.0,FE-DML (constant),0.4706914431356436,0.19786468770630802,0.037207099712151415,0.23529411764705882,
hump,23,100,1.0,FE-DML + R-learner,0.6344996929893977,-0.1590222538180258,-0.015818167661126648,,
hump,23,100,1.0,Pooled DML-sieve,0.6829093244843599,0.625811551903566,0.5245925692021101,0.0,
hump,23,100,1.0,Panel-DOSE,0.1493139797216236,0.05587060320463143,0.010551075828704404,1.0,1.0
hump,23,100,1.0,Panel-DOSE (unpenalised),0.23186141389356366,0.052745179249694095,0.018050936310746613,1.0,1.0
hump,24,100,1.0,TWFE,1.0661711896787518,0.9768935488071385,0.8573379511572634,0.0,
hump,24,100,1.0,TWFE-interaction,0.8513040997255747,0.8067069413109542,0.7687671828061036,0.0,
hump,24,100,1.0,FE-DML (constant),0.4936865168666489,0.24764163005424572,0.12808603240437066,0.35294117647058826,
hump,24,100,1.0,FE-DML + R-learner,0.6133175559258165,0.3076274494690616,0.1307933608203462,,
hump,24,100,1.0,Pooled DML-sieve,0.8014536975146386,0.7204884835858723,0.6403610656755276,0.058823529411764705,
hump,24,100,1.0,Panel-DOSE,0.22274461352473485,0.03824119580107093,0.03626483062966446,1.0,1.0
hump,24,100,1.0,Panel-DOSE (unpenalised),0.2776745939639634,0.03248405376204308,0.052025663193068894,0.8823529411764706,1.0
hump,25,100,1.0,TWFE,0.979389456576133,0.8813646848226294,0.7831247259943306,0.0,
hump,25,100,1.0,TWFE-interaction,0.7011590659834637,0.6783996000293989,0.6544522375168407,0.0,
hump,25,100,1.0,FE-DML (constant),0.4701426285646637,0.19655556769954727,0.09831560887124846,0.23529411764705882,
hump,25,100,1.0,FE-DML + R-learner,0.6670768906827849,0.22373840447560933,0.08410592944448858,,
hump,25,100,1.0,Pooled DML-sieve,0.6573591767409965,0.6218860050863416,0.568795887243134,0.058823529411764705,
hump,25,100,1.0,Panel-DOSE,0.33015964220351174,0.10856531132239775,0.03990651461965733,0.7647058823529411,0.0
hump,25,100,1.0,Panel-DOSE (unpenalised),0.3975139347118855,0.08796261317646945,0.03258703616776715,0.8235294117647058,1.0
hump,26,100,1.0,TWFE,0.9512933362561649,0.8500347120002718,0.7709205260674532,0.0,
hump,26,100,1.0,TWFE-interaction,0.7312738531184668,0.6947649668303632,0.6662646603547018,0.0,
hump,26,100,1.0,FE-DML (constant),0.4905843506267952,0.24139802211268063,0.1622838361798622,0.23529411764705882,
hump,26,100,1.0,FE-DML + R-learner,0.6372702096093461,-0.08888462401065847,0.07281757601392247,,
hump,26,100,1.0,Pooled DML-sieve,0.680028002448313,0.6560004201176574,0.6293190612435444,0.0,
hump,26,100,1.0,Panel-DOSE,0.2391558794306189,0.14353964304341968,0.0914320465558216,0.7647058823529411,0.0
hump,26,100,1.0,Panel-DOSE (unpenalised),0.223671912123051,0.14270460187548406,0.06280983977733623,0.9411764705882353,1.0
hump,27,100,1.0,TWFE,1.186688086898931,1.1071714481451573,0.9447118737579174,0.0,
hump,27,100,1.0,TWFE-interaction,0.9579922061266122,0.8938322152770661,0.8674748127667842,0.0,
hump,27,100,1.0,FE-DML (constant),0.5419860912932487,0.3336898607319881,0.17123028634474835,0.35294117647058826,
hump,27,100,1.0,FE-DML + R-learner,0.7069298230032277,0.30862473841079324,0.145901274098988,,
hump,27,100,1.0,Pooled DML-sieve,0.9218561279551979,0.8679503415858076,0.7539618175019589,0.0,
hump,27,100,1.0,Panel-DOSE,0.27832747362473836,0.17894688340811882,0.12524969606642933,0.7647058823529411,1.0
hump,27,100,1.0,Panel-DOSE (unpenalised),0.43305700118142293,0.2073686975276232,0.12940982735844253,0.8235294117647058,0.0
hump,28,100,1.0,TWFE,1.117797598317269,1.0329915153590832,0.9289268894713205,0.0,
hump,28,100,1.0,TWFE-interaction,0.8843813675108448,0.858710064626595,0.809355982803942,0.0,
hump,28,100,1.0,FE-DML (constant),0.4946479426111056,0.24955277423703298,0.14548814834927049,0.35294117647058826,
hump,28,100,1.0,FE-DML + R-learner,0.5001243113311419,0.044960471008326855,0.060669980701678394,,
hump,28,100,1.0,Pooled DML-sieve,0.7075915728590255,0.7068197218768323,0.7134555485084919,0.058823529411764705,
hump,28,100,1.0,Panel-DOSE,0.09725322333305074,0.0529184530867039,0.041814958490868026,1.0,1.0
hump,28,100,1.0,Panel-DOSE (unpenalised),0.2020888574751,0.025934709069517323,0.02689316770678185,1.0,1.0
hump,29,100,1.0,TWFE,0.9104021809133196,0.8040100316611285,0.7158220974622664,0.0,
hump,29,100,1.0,TWFE-interaction,0.8390691776791009,0.7308459570402109,0.6265283827768164,0.058823529411764705,
hump,29,100,1.0,FE-DML (constant),0.42981082636847345,0.04834611115229479,-0.03984182304656714,0.23529411764705882,
hump,29,100,1.0,FE-DML + R-learner,0.602433826973681,-0.3497410809734117,-0.13816794694075463,,
hump,29,100,1.0,Pooled DML-sieve,0.5502740229234082,0.49554846952605525,0.450796324247138,0.23529411764705882,
hump,29,100,1.0,Panel-DOSE,0.1634268739202802,-0.13666517094964248,-0.1259788149657206,0.8823529411764706,1.0
hump,29,100,1.0,Panel-DOSE (unpenalised),0.23733943251872944,-0.16426814907723286,-0.14584583114676342,1.0,1.0
hump,30,100,1.0,TWFE,1.0901563335878732,1.0030158681006769,0.8228834977729087,0.0,
hump,30,100,1.0,TWFE-interaction,0.8305397501694088,0.8043404148418375,0.7387310513153795,0.0,
hump,30,100,1.0,FE-DML (constant),0.5248865583466497,0.3051325927084663,0.1250002223806983,0.23529411764705882,
hump,30,100,1.0,FE-DML + R-learner,0.7092024680982033,0.009129834058304835,0.017984220924393668,,
hump,30,100,1.0,Pooled DML-sieve,0.7225408120350848,0.5820318114671514,0.5425588034596651,0.23529411764705882,
hump,30,100,1.0,Panel-DOSE,0.3850228005190387,0.05747115322645161,0.05821646699441829,0.7647058823529411,1.0
hump,30,100,1.0,Panel-DOSE (unpenalised),0.5529169132453482,0.026555541846348354,0.05849651504371001,0.8235294117647058,1.0
hump,31,100,1.0,TWFE,1.1008579559106273,1.0146369986806734,0.8188721964452066,0.0,
hump,31,100,1.0,TWFE-interaction,0.854580946699403,0.8356178788809284,0.7852624983283292,0.0,
hump,31,100,1.0,FE-DML (constant),0.5471092001657634,0.3419480617082385,0.1461832594727719,0.4117647058823529,
hump,31,100,1.0,FE-DML + R-learner,0.6428477488727972,-0.10102240248110898,0.07250117903028097,,
hump,31,100,1.0,Pooled DML-sieve,0.6490113141230919,0.6411245980512813,0.6023351387830873,0.0,
hump,31,100,1.0,Panel-DOSE,0.1286061942563359,0.07180458390784335,0.09705537246758977,1.0,1.0
hump,31,100,1.0,Panel-DOSE (unpenalised),0.23679324441560667,0.018089937557740243,0.08492271692834263,1.0,1.0
hump,32,100,1.0,TWFE,1.2178257663576721,1.1404821775041694,1.0009502992640502,0.0,
hump,32,100,1.0,TWFE-interaction,1.0046265928200677,0.9576745939800598,0.9210933673598583,0.0,
hump,32,100,1.0,FE-DML (constant),0.5366337861290645,0.32492433029124573,0.18539245205112675,0.5294117647058824,
hump,32,100,1.0,FE-DML + R-learner,0.5953969090412531,0.15900518078267098,0.1693191556849749,,
hump,32,100,1.0,Pooled DML-sieve,0.6527755257651926,0.6412830825165345,0.6132150508366572,0.17647058823529413,
hump,32,100,1.0,Panel-DOSE,0.14788155899982933,0.12248641576497936,0.12292934836390512,1.0,1.0
hump,32,100,1.0,Panel-DOSE (unpenalised),0.23074566583920622,0.13491696969567957,0.11542007046265068,0.8823529411764706,1.0
hump,33,100,1.0,TWFE,1.1065162110737328,1.0207732977350894,0.9019087006988089,0.0,
hump,33,100,1.0,TWFE-interaction,0.8439393172316397,0.793723447916236,0.7760098070169588,0.11764705882352941,
hump,33,100,1.0,FE-DML (constant),0.48820249324347326,0.23651992391581633,0.11765532687953595,0.35294117647058826,
hump,33,100,1.0,FE-DML + R-learner,0.7160983057023712,0.01896117951242533,0.07631029604512851,,
hump,33,100,1.0,Pooled DML-sieve,0.5092809691590375,0.5078636475889429,0.5158471802471012,0.29411764705882354,
hump,33,100,1.0,Panel-DOSE,0.13533915563355792,0.06484293183845603,0.03614325772238458,1.0,1.0
hump,33,100,1.0,Panel-DOSE (unpenalised),0.10587185180089291,0.012019980748724417,0.0037536144476779665,1.0,1.0
hump,34,100,1.0,TWFE,0.9591079154314734,0.8587712113498603,0.7247971500327659,0.0,
hump,34,100,1.0,TWFE-interaction,0.7753831932173195,0.7133696499587046,0.6453619504919734,0.0,
hump,34,100,1.0,FE-DML (constant),0.49603943731801475,0.25229966978728424,0.1183256084701898,0.35294117647058826,
hump,34,100,1.0,FE-DML + R-learner,0.45902630461094424,0.02746794636263632,0.0957782395720308,,
hump,34,100,1.0,Pooled DML-sieve,0.5593631091923923,0.5477208469684283,0.5533891950693808,0.29411764705882354,
hump,34,100,1.0,Panel-DOSE,0.13447601270647394,0.06402317357008805,0.07432969852123095,1.0,1.0
hump,34,100,1.0,Panel-DOSE (unpenalised),0.1816667174572806,0.06233586692256101,0.08366938803721369,0.9411764705882353,1.0
hump,35,100,1.0,TWFE,0.8605658914121286,0.7471102016851006,0.5796741221311823,0.0,
hump,35,100,1.0,TWFE-interaction,0.6171907866014451,0.5745775728015244,0.4929529413231064,0.0,
hump,35,100,1.0,FE-DML (constant),0.474352672846198,0.20642300801105504,0.038986928457136916,0.23529411764705882,
hump,35,100,1.0,FE-DML + R-learner,0.5882028229648925,0.21096409972633132,-0.08098011409695816,,
hump,35,100,1.0,Pooled DML-sieve,0.6633567579020131,0.6454227377858265,0.5869425116038283,0.0,
hump,35,100,1.0,Panel-DOSE,0.19813422119057036,0.030225661853150638,-0.036223255341213845,1.0,1.0
hump,35,100,1.0,Panel-DOSE (unpenalised),0.5664117288446335,0.10601436682719612,-0.05805136506564912,1.0,1.0
hump,36,100,1.0,TWFE,0.9726384311836093,0.8738566918066787,0.7343845326141303,0.0,
hump,36,100,1.0,TWFE-interaction,0.7581782685984901,0.6410557169009338,0.6339813471449232,0.23529411764705882,
hump,36,100,1.0,FE-DML (constant),0.5216422439051634,0.2995173294258847,0.1600451702333363,0.35294117647058826,
hump,36,100,1.0,FE-DML + R-learner,0.6809837097630035,0.17407139851177295,0.08447468306205486,,
hump,36,100,1.0,Pooled DML-sieve,0.6541022100134581,0.6128413851403757,0.5768377726712635,0.11764705882352941,
hump,36,100,1.0,Panel-DOSE,0.28310603366001363,0.03581268927205534,0.08093364703838901,0.47058823529411764,0.0
hump,36,100,1.0,Panel-DOSE (unpenalised),0.3617923317700703,0.006620422287797343,0.06436714659969467,0.7647058823529411,1.0
hump,37,100,1.0,TWFE,0.9214855705535444,0.8165388274530435,0.6863008834083719,0.0,
hump,37,100,1.0,TWFE-interaction,0.684121415884933,0.6369190507008478,0.5870792509679097,0.0,
hump,37,100,1.0,FE-DML (constant),0.4544298170756917,0.15526254747184395,0.025024603427172387,0.23529411764705882,
hump,37,100,1.0,FE-DML + R-learner,0.5832916791775307,-0.10767173367274085,-0.07336813777940843,,
hump,37,100,1.0,Pooled DML-sieve,0.6097098151192595,0.5442698555024469,0.5100472986933893,0.29411764705882354,
hump,37,100,1.0,Panel-DOSE,0.19546040689373292,-0.12107930209615955,-0.08859871512450601,1.0,1.0
hump,37,100,1.0,Panel-DOSE (unpenalised),0.3525131828055857,-0.17079988073131802,-0.1380703614850569,1.0,1.0
hump,38,100,1.0,TWFE,1.0926351626030386,1.0057095000826874,0.8697786916371788,0.0,
hump,38,100,1.0,TWFE-interaction,0.8619782721638318,0.8217604653969861,0.8093959552408534,0.0,
hump,38,100,1.0,FE-DML (constant),0.484052790155237,0.22783130526130488,0.09190049681579637,0.23529411764705882,
hump,38,100,1.0,FE-DML + R-learner,0.5042918561494563,0.12366591060789996,0.08914164084760667,,
hump,38,100,1.0,Pooled DML-sieve,0.711109390630179,0.686507001900527,0.6272194373594027,0.0,
hump,38,100,1.0,Panel-DOSE,0.0413463212162649,0.03750190749908799,0.036256816624644195,1.0,1.0
hump,38,100,1.0,Panel-DOSE (unpenalised),0.12378102135082206,-0.01704874556013974,0.024247703218430283,1.0,1.0
hump,39,100,1.0,TWFE,1.1118987390248778,1.026605477213673,0.9602196180870606,0.0,
hump,39,100,1.0,TWFE-interaction,0.8595450685922925,0.8239967597546337,0.8121947195743631,0.0,
hump,39,100,1.0,FE-DML (constant),0.5520876266064805,0.3498581819137244,0.2834723227871119,0.4117647058823529,
hump,39,100,1.0,FE-DML + R-learner,0.758828367058578,0.3466375094828672,0.1681139277967676,,
hump,39,100,1.0,Pooled DML-sieve,0.8091303639010331,0.7391702786906433,0.6858889539928668,0.0,
hump,39,100,1.0,Panel-DOSE,0.394616181147011,0.22815552441630818,0.16722586734465916,0.7647058823529411,0.0
hump,39,100,1.0,Panel-DOSE (unpenalised),0.4301645284267498,0.2326490428661509,0.14017382110753007,0.7647058823529411,0.0
hump,40,100,1.0,TWFE,0.9466940668201903,0.8448844040178225,0.7195422197665968,0.0,
hump,40,100,1.0,TWFE-interaction,0.6579772828783,0.5726913503600413,0.5774675197928671,0.29411764705882354,
hump,40,100,1.0,FE-DML (constant),0.4476922689563498,0.13426975714316533,0.008927572891939795,0.23529411764705882,
hump,40,100,1.0,FE-DML + R-learner,0.47450700521202516,-0.18883077397731524,-0.08649904087008164,,
hump,40,100,1.0,Pooled DML-sieve,0.6675893812308308,0.583300922882421,0.48537818542180555,0.35294117647058826,
hump,40,100,1.0,Panel-DOSE,0.1250748472369158,-0.06461379613673,-0.08872323977005103,0.8823529411764706,1.0
hump,40,100,1.0,Panel-DOSE (unpenalised),0.23479497306885605,-0.13228849913545732,-0.10829021496028246,0.9411764705882353,1.0
hump,41,100,1.0,TWFE,1.0224548058061802,0.9289853765889716,0.7746034243329829,0.0,
hump,41,100,1.0,TWFE-interaction,0.8347069965355113,0.7706757453240636,0.7262182399869226,0.11764705882352941,
hump,41,100,1.0,FE-DML (constant),0.4746937270103749,0.20720553675758832,0.05282358450159963,0.23529411764705882,
hump,41,100,1.0,FE-DML + R-learner,0.5575815769567386,0.06341747617196418,0.02255096252523514,,
hump,41,100,1.0,Pooled DML-sieve,0.5812570400531113,0.5634380968191497,0.563211698414047,0.11764705882352941,
hump,41,100,1.0,Panel-DOSE,0.08453233082255988,-0.02930556277861213,-0.002894343612763972,1.0,1.0
hump,41,100,1.0,Panel-DOSE (unpenalised),0.2582507510896937,-0.09162220639901389,-0.015612631591469528,1.0,1.0
hump,42,100,1.0,TWFE,0.9073431933437215,0.800544608692846,0.6581625784053085,0.0,
hump,42,100,1.0,TWFE-interaction,0.7409548901994452,0.6835485903601569,0.6155072151381367,0.0,
hump,42,100,1.0,FE-DML (constant),0.4620068719681413,0.17621109427554912,0.033829063988011665,0.23529411764705882,
hump,42,100,1.0,FE-DML + R-learner,0.4744844019784865,-0.08816299449462181,-0.014785328729879144,,
hump,42,100,1.0,Pooled DML-sieve,0.871000833810818,0.8269103071698164,0.7433539468490586,0.0,
hump,42,100,1.0,Panel-DOSE,0.24046129471018493,0.03916940917479824,-0.03598210114913858,0.7647058823529411,1.0
hump,42,100,1.0,Panel-DOSE (unpenalised),0.3201633284795074,0.020172505398957125,-0.04121462875412352,0.7647058823529411,0.0
hump,43,100,1.0,TWFE,1.134872311296295,1.051444322323819,0.9201832531021596,0.0,
hump,43,100,1.0,TWFE-interaction,0.8014535700893407,0.7787423651670522,0.7748143299655219,0.0,
hump,43,100,1.0,FE-DML (constant),0.45534204284669844,0.15791255803071688,0.026651488809057655,0.23529411764705882,
hump,43,100,1.0,FE-DML + R-learner,0.5698393745691908,0.06891701672915035,0.022365292187767727,,
hump,43,100,1.0,Pooled DML-sieve,0.6883885530406564,0.6601253233370638,0.6495875658238728,0.11764705882352941,
hump,43,100,1.0,Panel-DOSE,0.12153094020211146,-0.01428936749046474,-0.027979710782306544,1.0,1.0
hump,43,100,1.0,Panel-DOSE (unpenalised),0.15104908110967719,-0.07875319810506998,-0.025150827778160467,1.0,1.0
hump,44,100,1.0,TWFE,1.148931125564276,1.0666033617471842,0.995231097816722,0.0,
hump,44,100,1.0,TWFE-interaction,0.9656395838570695,0.9062358730165144,0.8658616463588891,0.0,
hump,44,100,1.0,FE-DML (constant),0.5131760121976033,0.28451646612284975,0.21314420219238772,0.47058823529411764,
hump,44,100,1.0,FE-DML + R-learner,0.578005266943746,0.20676425975640336,0.16122825814878405,,
hump,44,100,1.0,Pooled DML-sieve,0.8283747346273321,0.7295939248776188,0.6611885281701293,0.0,
hump,44,100,1.0,Panel-DOSE,0.3847840927326226,0.24167103835124196,0.1900968985651017,0.6470588235294118,0.0
hump,44,100,1.0,Panel-DOSE (unpenalised),0.34564503509647043,0.21574456296529132,0.19962551907569837,0.9411764705882353,1.0
hump,45,100,1.0,TWFE,1.1189777032761197,1.0342683889731428,0.9210557756031255,0.0,
hump,45,100,1.0,TWFE-interaction,0.8549448307612623,0.8166350448515033,0.7947423854951381,0.0,
hump,45,100,1.0,FE-DML (constant),0.441650589218043,0.11249552416271756,-0.000717089207299626,0.23529411764705882,
hump,45,100,1.0,FE-DML + R-learner,0.666495284714304,-0.2819328443194461,-0.07711611383021899,,
hump,45,100,1.0,Pooled DML-sieve,0.4629802498948821,0.34511140878850605,0.34206592525059043,0.5294117647058824,
hump,45,100,1.0,Panel-DOSE,0.21122086416154465,-0.059338625310612646,-0.06630940617315617,0.8823529411764706,0.0
hump,45,100,1.0,Panel-DOSE (unpenalised),0.32969907127434933,-0.09970221186906451,-0.0564566672950324,0.8235294117647058,0.0
hump,46,100,1.0,TWFE,0.9760581641506432,0.8776614038483884,0.7652097132381055,0.0,
hump,46,100,1.0,TWFE-interaction,0.8306277018750566,0.7262694729498291,0.6856871448908337,0.11764705882352941,
hump,46,100,1.0,FE-DML (constant),0.49204105875233023,0.2443448454502653,0.13189315483998243,0.23529411764705882,
hump,46,100,1.0,FE-DML + R-learner,0.4936414766011375,0.10189963329479941,0.0771081133303011,,
hump,46,100,1.0,Pooled DML-sieve,0.7333483240679417,0.6911746800761275,0.630130366179332,0.0,
hump,46,100,1.0,Panel-DOSE,0.21082893526310664,0.12229955249064674,0.08224451916017017,0.8235294117647058,0.0
hump,46,100,1.0,Panel-DOSE (unpenalised),0.18138047553212502,0.08755642375257143,0.05416844851030489,0.9411764705882353,1.0
hump,47,100,1.0,TWFE,1.1053248733869516,1.0194817682175004,0.8761623507951577,0.0,
hump,47,100,1.0,TWFE-interaction,0.9022323263631418,0.8414763435311367,0.8083209625518437,0.0,
hump,47,100,1.0,FE-DML (constant),0.5399982119887013,0.33045131101418634,0.1871318935918438,0.4117647058823529,
hump,47,100,1.0,FE-DML + R-learner,0.556384211845629,-0.0025732991543576276,0.10095131098949017,,
hump,47,100,1.0,Pooled DML-sieve,0.6123206556886385,0.5858803559589827,0.5675071620663541,0.17647058823529413,
hump,47,100,1.0,Panel-DOSE,0.12749780929563037,0.03810891095103471,0.08235407563432862,0.8823529411764706,1.0
hump,47,100,1.0,Panel-DOSE (unpenalised),0.22451381899997752,-0.00963662896500006,0.06601077679922929,1.0,1.0
hump,48,100,1.0,TWFE,1.387401546436274,1.3200314583576274,1.1693054410867616,0.0,
hump,48,100,1.0,TWFE-interaction,1.094518637404658,1.0422411488944736,1.0433256354385219,0.0,
hump,48,100,1.0,FE-DML (constant),0.6376825348202729,0.47353882123307317,0.3228128039622076,0.29411764705882354,
hump,48,100,1.0,FE-DML + R-learner,0.7775803451359474,0.04956978271980315,0.2524514233769044,,
hump,48,100,1.0,Pooled DML-sieve,0.8541867218519175,0.8334403159277128,0.7675604955761559,0.0,
hump,48,100,1.0,Panel-DOSE,0.2153837806546999,0.1688821483024985,0.19620844326860198,0.6470588235294118,0.0
hump,48,100,1.0,Panel-DOSE (unpenalised),0.2600334983432432,0.11614469244979128,0.19166587398656976,0.7647058823529411,1.0
hump,49,100,1.0,TWFE,1.1503318605607402,1.0681120678192595,0.9609167722802492,0.0,
hump,49,100,1.0,TWFE-interaction,0.8951716465178284,0.8557838862492789,0.8400312068907732,0.0,
hump,49,100,1.0,FE-DML (constant),0.5174058631737315,0.2920767488975359,0.18488145335852568,0.35294117647058826,
hump,49,100,1.0,FE-DML + R-learner,0.47052460444143734,-0.09000793491356199,0.1061924673285537,,
hump,49,100,1.0,Pooled DML-sieve,0.8585646545320544,0.8205187150006036,0.7670045831992569,0.0,
hump,49,100,1.0,Panel-DOSE,0.20332273052626765,0.15173319537689042,0.13139109032829954,0.7647058823529411,1.0
hump,49,100,1.0,Panel-DOSE (unpenalised),0.19175991902807954,0.11884349671947667,0.11115854805945524,0.9411764705882353,1.0
hump,50,100,1.0,TWFE,1.1052978336064891,1.0194524515519097,0.9672188843624705,0.0,
hump,50,100,1.0,TWFE-interaction,0.8324929279326949,0.7880086508695904,0.7952720307696428,0.0,
hump,50,100,1.0,FE-DML (constant),0.4726573931791839,0.20249694152490702,0.150263374335468,0.23529411764705882,
hump,50,100,1.0,FE-DML + R-learner,0.6387160715112442,0.09536155717915759,0.1273691316894905,,
hump,50,100,1.0,Pooled DML-sieve,0.6793949946617422,0.5965919314598493,0.6161825843580824,0.35294117647058826,
hump,50,100,1.0,Panel-DOSE,0.2693497903014515,0.042893038447922194,0.07248452017814144,0.8235294117647058,1.0
hump,50,100,1.0,Panel-DOSE (unpenalised),0.3259807220791085,0.036141692494368535,0.09576443217553221,0.8823529411764706,0.0
hump,51,100,1.0,TWFE,1.0593410298975492,0.96943458656291,0.8985437949282218,0.0,
hump,51,100,1.0,TWFE-interaction,0.9515107902204187,0.8747546375964004,0.8332867375758657,0.0,
hump,51,100,1.0,FE-DML (constant),0.473718896700127,0.20496241872788676,0.13407162709319853,0.23529411764705882,
hump,51,100,1.0,FE-DML + R-learner,0.5665450511989899,-0.01796499957994127,0.04039221746855426,,
hump,51,100,1.0,Pooled DML-sieve,0.6723894650335164,0.6366508236505806,0.635015012700739,0.11764705882352941,
hump,51,100,1.0,Panel-DOSE,0.20458169499669812,0.015302538349863582,0.03373083364928764,0.9411764705882353,1.0
hump,51,100,1.0,Panel-DOSE (unpenalised),0.2504637511588471,0.043058331092665714,0.017337208500651347,1.0,1.0
hump,52,100,1.0,TWFE,0.9127968057630944,0.8067205269554683,0.7280361944240925,0.0,
hump,52,100,1.0,TWFE-interaction,0.7445759143629826,0.6990173915687503,0.6587867558218978,0.0,
hump,52,100,1.0,FE-DML (constant),0.4525262871745051,0.1495996008816288,0.07091526835025319,0.11764705882352941,
hump,52,100,1.0,FE-DML + R-learner,0.6901460638353191,-0.039356658400509364,-0.02628881423232876,,
hump,52,100,1.0,Pooled DML-sieve,0.8566495582666609,0.8015079012970201,0.759867853187661,0.0,
hump,52,100,1.0,Panel-DOSE,0.230286583846993,0.04714626075312433,0.019348681750640306,0.8823529411764706,0.0
hump,52,100,1.0,Panel-DOSE (unpenalised),0.2976261505442859,0.06071772730151044,-0.006082945143718099,0.8823529411764706,1.0
hump,53,100,1.0,TWFE,0.9940231127324026,0.8975978769171721,0.7931274848960495,0.0,
hump,53,100,1.0,TWFE-interaction,0.8498351440736881,0.7666323795402912,0.7151519291163153,0.0,
hump,53,100,1.0,FE-DML (constant),0.4411068401519137,0.1103414900606564,0.005871098039533784,0.23529411764705882,
hump,53,100,1.0,FE-DML + R-learner,0.5048181452004986,-0.06984010495465943,-0.04397009320522738,,
hump,53,100,1.0,Pooled DML-sieve,0.5970285377211205,0.553039995512738,0.5110501905728146,0.0,
hump,53,100,1.0,Panel-DOSE,0.1254110699167999,-0.03819876361737485,-0.059029267389538065,1.0,1.0
hump,53,100,1.0,Panel-DOSE (unpenalised),0.188859720843627,-0.03771128941673246,-0.043846434107040366,0.9411764705882353,1.0
hump,54,100,1.0,TWFE,0.8766726241682465,0.7656075299825884,0.6382177367545256,0.0,
hump,54,100,1.0,TWFE-interaction,0.6903383071598378,0.6043995173793426,0.5720810836479477,0.23529411764705882,
hump,54,100,1.0,FE-DML (constant),0.46774021744491545,0.19073780699016316,0.06334801376210053,0.23529411764705882,
hump,54,100,1.0,FE-DML + R-learner,0.7183750868069325,0.1652821124362207,0.09978110206635304,,
hump,54,100,1.0,Pooled DML-sieve,0.6162694292941092,0.6080279039174827,0.5826415470112909,0.0,
hump,54,100,1.0,Panel-DOSE,0.27821295670731994,-0.0185025005570488,0.03711770668267822,0.9411764705882353,1.0
hump,54,100,1.0,Panel-DOSE (unpenalised),0.27821295670731994,-0.0185025005570488,0.03711770668267822,0.9411764705882353,1.0
hump,55,100,1.0,TWFE,1.1705420686452415,1.089848032740474,0.9497769970692118,0.0,
hump,55,100,1.0,TWFE-interaction,0.9950833389618982,0.9460431923760569,0.87245310414678,0.0,
hump,55,100,1.0,FE-DML (constant),0.5703503383405216,0.378020513259727,0.23794947758846496,0.4117647058823529,
hump,55,100,1.0,FE-DML + R-learner,0.7583338219601731,0.07395983073582961,0.2382400116193497,,
hump,55,100,1.0,Pooled DML-sieve,0.9053413322175742,0.8576145411200194,0.8194751269226586,0.0,
hump,55,100,1.0,Panel-DOSE,0.29528174228697335,0.23614597734817183,0.18379045831922047,0.8235294117647058,1.0
hump,55,100,1.0,Panel-DOSE (unpenalised),0.31859691411008484,0.20805598188313462,0.1637723902581798,1.0,1.0
hump,56,100,1.0,TWFE,1.0659789659941996,0.9766837543146006,0.8308979199001938,0.0,
hump,56,100,1.0,TWFE-interaction,0.8380694847607003,0.8048268159405721,0.7472332129409256,0.0,
hump,56,100,1.0,FE-DML (constant),0.49935156549478477,0.2587508182829424,0.1129649838685356,0.35294117647058826,
hump,56,100,1.0,FE-DML + R-learner,0.5930950891003851,0.06691653653786132,-0.02624045450554946,,
hump,56,100,1.0,Pooled DML-sieve,0.895107603367608,0.7312149301965014,0.6372408569873123,0.29411764705882354,
hump,56,100,1.0,Panel-DOSE,0.25312663931648455,-0.04840294134274237,0.0021238772851952525,0.8823529411764706,1.0
hump,56,100,1.0,Panel-DOSE (unpenalised),0.30586770024276627,-0.01308615412367459,-0.007659722101297506,0.8235294117647058,0.0
hump,57,100,1.0,TWFE,1.012550791037012,0.9180735833415962,0.8073707349266219,0.0,
hump,57,100,1.0,TWFE-interaction,0.813408991518096,0.7534977043873546,0.7284798315797452,0.0,
hump,57,100,1.0,FE-DML (constant),0.4618044464053966,0.17567967076413468,0.06497682234916047,0.23529411764705882,
hump,57,100,1.0,FE-DML + R-learner,0.3921816373152907,0.1247316102663035,0.04771679680650576,,
hump,57,100,1.0,Pooled DML-sieve,0.7401964071521386,0.7295206301233984,0.714616290250675,0.058823529411764705,
hump,57,100,1.0,Panel-DOSE,0.09836962177063284,0.042304252375176675,0.034349913632817364,1.0,1.0
hump,57,100,1.0,Panel-DOSE (unpenalised),0.07537115381462942,0.016375786005487464,0.03998528397117185,1.0,1.0
hump,58,100,1.0,TWFE,0.9390594227678831,0.8363208711309016,0.6835485028298074,0.0,
hump,58,100,1.0,TWFE-interaction,0.8144476496116713,0.7556627937549506,0.6465745689110374,0.0,
hump,58,100,1.0,FE-DML (constant),0.4856565983242871,0.23121922821408666,0.0784468599129926,0.23529411764705882,
hump,58,100,1.0,FE-DML + R-learner,0.6257256263141461,0.1811374789071145,0.04745355676852081,,
hump,58,100,1.0,Pooled DML-sieve,0.9071857202320406,0.8519870487672293,0.7383696857045339,0.0,
hump,58,100,1.0,Panel-DOSE,0.39746188791412435,0.1777248305197901,0.05397820630635941,0.7058823529411765,0.0
hump,58,100,1.0,Panel-DOSE (unpenalised),0.3698220740649147,0.1191538051386623,0.06336762637814997,0.8823529411764706,1.0
hump,59,100,1.0,TWFE,0.9499460352052175,0.8485266464891438,0.7906417313727137,0.0,
hump,59,100,1.0,TWFE-interaction,0.6948813777002756,0.6439430835265971,0.6351473350478709,0.0,
hump,59,100,1.0,FE-DML (constant),0.4547260549037564,0.1561274639784239,0.0982425488619938,0.23529411764705882,
hump,59,100,1.0,FE-DML + R-learner,0.5923085787322698,-0.07674656268745406,0.03755494648726576,,
hump,59,100,1.0,Pooled DML-sieve,0.648918457325804,0.6404072830823452,0.6284050964853127,0.0,
hump,59,100,1.0,Panel-DOSE,0.13079296209397864,-0.017232153143509708,-0.008881000370207115,1.0,1.0
hump,59,100,1.0,Panel-DOSE (unpenalised),0.20237966799232684,-0.041531955378965264,-0.027664304681290774,1.0,1.0
hump,60,100,1.0,TWFE,0.9379292657287642,0.8350516795447447,0.7149788867123559,0.0,
hump,60,100,1.0,TWFE-interaction,0.7540413097064995,0.6856780703263524,0.6209355067210458,0.0,
hump,60,100,1.0,FE-DML (constant),0.4848165084909158,0.22944944302682932,0.10937665019444065,0.23529411764705882,
hump,60,100,1.0,FE-DML + R-learner,0.6810637776651378,-0.14757712889269156,-0.003426966744439097,,
hump,60,100,1.0,Pooled DML-sieve,0.595860972487903,0.5586404517554102,0.5519402953276158,0.0,
hump,60,100,1.0,Panel-DOSE,0.10496282691565184,0.04685600570003649,0.035166159958309295,1.0,1.0
hump,60,100,1.0,Panel-DOSE (unpenalised),0.16858951257893848,-0.005597351385471814,0.05178570379082581,1.0,1.0
hump,61,100,1.0,TWFE,0.9797305897903118,0.8817437431424577,0.7836890938082861,0.0,
hump,61,100,1.0,TWFE-interaction,0.8356800399933563,0.7687424817920049,0.7168524717024922,0.0,
hump,61,100,1.0,FE-DML (constant),0.4464036090273635,0.129908360595672,0.031853711261500495,0.23529411764705882,
hump,61,100,1.0,FE-DML + R-learner,0.5679431450777124,0.04811765452005906,-0.02501290359148678,,
hump,61,100,1.0,Pooled DML-sieve,0.7387141168580056,0.6552871813754497,0.616610832335416,0.29411764705882354,
hump,61,100,1.0,Panel-DOSE,0.18171146157788085,-0.03089904341810632,-0.029620122280755723,1.0,1.0
hump,61,100,1.0,Panel-DOSE (unpenalised),0.24264299449639823,-0.02860422840939422,-0.026524921977090887,1.0,1.0
hump,62,100,1.0,TWFE,1.0123909369789708,0.9178972759939745,0.8554413339497202,0.0,
hump,62,100,1.0,TWFE-interaction,0.7621234897643956,0.726725116540682,0.7385486221566051,0.0,
hump,62,100,1.0,FE-DML (constant),0.467858951849823,0.19102879056837216,0.128572848524118,0.23529411764705882,
hump,62,100,1.0,FE-DML + R-learner,0.4808889542713085,0.1262178013334786,0.08628506545272407,,
hump,62,100,1.0,Pooled DML-sieve,0.7223130590168023,0.6689836037185222,0.6260672084081205,0.0,
hump,62,100,1.0,Panel-DOSE,0.15181096476405853,0.0875566194149547,0.0675263249495257,1.0,1.0
hump,62,100,1.0,Panel-DOSE (unpenalised),0.1713250810932367,0.08043819875072158,0.060877855381457735,1.0,1.0
hump,63,100,1.0,TWFE,1.150630864686587,1.0684340816210438,0.9502640387108323,0.0,
hump,63,100,1.0,TWFE-interaction,0.9408236264502696,0.9094133245917587,0.8819252405467475,0.0,
hump,63,100,1.0,FE-DML (constant),0.4896438814114769,0.23948096083759238,0.12131091792738102,0.23529411764705882,
hump,63,100,1.0,FE-DML + R-learner,0.5533415958419531,0.26631507820507844,0.07862565347746964,,
hump,63,100,1.0,Pooled DML-sieve,0.7142270324938911,0.664358337386901,0.5890946156220289,0.0,
hump,63,100,1.0,Panel-DOSE,0.30279903998385227,0.17057362134233156,0.09870355818727483,0.7058823529411765,0.0
hump,63,100,1.0,Panel-DOSE (unpenalised),0.29610456540299956,0.17259663409788017,0.08809727843824144,0.8823529411764706,1.0
hump,64,100,1.0,TWFE,0.9513452368313888,0.8500927947240651,0.7455276735457403,0.0,
hump,64,100,1.0,TWFE-interaction,0.7454791562799743,0.6786670434950016,0.6467047554294643,0.0,
hump,64,100,1.0,FE-DML (constant),0.45959975206826353,0.1697996822765263,0.0652345610982017,0.23529411764705882,
hump,64,100,1.0,FE-DML + R-learner,0.4721864372542344,0.19913938672454698,0.015051276142072023,,
hump,64,100,1.0,Pooled DML-sieve,0.6993223209552827,0.6706562751812841,0.656927834912113,0.0,
hump,64,100,1.0,Panel-DOSE,0.13311659053396122,0.04495269394681206,0.01466450553282228,1.0,1.0
hump,64,100,1.0,Panel-DOSE (unpenalised),0.14137055390614126,0.04495373122185319,-0.014786582845104146,1.0,1.0
hump,65,100,1.0,TWFE,1.0182688744552344,0.9243762765694121,0.7687935438833664,0.0,
hump,65,100,1.0,TWFE-interaction,0.822715335087396,0.6970238778163768,0.6585540793035936,0.17647058823529413,
hump,65,100,1.0,FE-DML (constant),0.530161510105925,0.3141197650543418,0.1585370323682962,0.47058823529411764,
hump,65,100,1.0,FE-DML + R-learner,0.5761030801911136,0.249429440880708,0.1305762265884629,,
hump,65,100,1.0,Pooled DML-sieve,0.9912043661425559,0.8745403614859373,0.7109523714888248,0.0,
hump,65,100,1.0,Panel-DOSE,0.34754371525065375,0.21864772813053757,0.12852100853648651,0.7058823529411765,1.0
hump,65,100,1.0,Panel-DOSE (unpenalised),0.43289125752092766,0.20515884092801417,0.13032907660642867,1.0,1.0
hump,66,100,1.0,TWFE,1.1329655090893427,1.0493859370060539,0.9353338756034126,0.0,
hump,66,100,1.0,TWFE-interaction,0.8796917183391575,0.8521183252026159,0.8141290499467841,0.0,
hump,66,100,1.0,FE-DML (constant),0.4677866519030981,0.19085164840448784,0.07679958700184675,0.23529411764705882,
hump,66,100,1.0,FE-DML + R-learner,0.3097474973756123,-0.006979945500668918,-0.001520465878147137,,
hump,66,100,1.0,Pooled DML-sieve,0.6985551616614604,0.6552533874691714,0.5931432160614081,0.0,
hump,66,100,1.0,Panel-DOSE,0.14969034327264613,0.023314948003837127,-0.0003223888393764085,1.0,1.0
hump,66,100,1.0,Panel-DOSE (unpenalised),0.1915898805027212,-0.0005380806136977752,-0.03015722893997408,1.0,1.0
hump,67,100,1.0,TWFE,1.1213885874018281,1.036876252961301,0.9167411603679372,0.0,
hump,67,100,1.0,TWFE-interaction,0.9289027044027499,0.8537164569365312,0.8440730969809329,0.0,
hump,67,100,1.0,FE-DML (constant),0.4805146826093647,0.22021435058410352,0.10007925799073991,0.23529411764705882,
hump,67,100,1.0,FE-DML + R-learner,0.3885543972748056,0.014710946395744296,0.046511220189072056,,
hump,67,100,1.0,Pooled DML-sieve,0.5633838020732211,0.5158179201821513,0.5412910687643104,0.5882352941176471,
hump,67,100,1.0,Panel-DOSE,0.1537156842391308,0.011652691446921937,0.024588574665523444,0.9411764705882353,1.0
hump,67,100,1.0,Panel-DOSE (unpenalised),0.2211322690415795,-0.012808169656606642,0.012299361400568642,0.9411764705882353,1.0
hump,68,100,1.0,TWFE,1.1461218465010437,1.0635766484024374,0.9487889800332139,0.0,
hump,68,100,1.0,TWFE-interaction,0.9124010537820644,0.8710978261577954,0.8265973928277048,0.0,
hump,68,100,1.0,FE-DML (constant),0.5232198145665976,0.30225647115505205,0.18746880278582845,0.35294117647058826,
hump,68,100,1.0,FE-DML + R-learner,0.43665306475072396,0.03293280624187971,0.10783921729564638,,
hump,68,100,1.0,Pooled DML-sieve,0.6356439450107189,0.6232019068928025,0.6368594116288835,0.17647058823529413,
hump,68,100,1.0,Panel-DOSE,0.0918188260165406,0.0844765429809026,0.0948068904033077,1.0,1.0
hump,68,100,1.0,Panel-DOSE (unpenalised),0.1752471602773291,0.03983203837637989,0.10432207315127662,0.9411764705882353,1.0
hump,69,100,1.0,TWFE,1.02246918607364,0.9290012036967937,0.7850623275410646,0.0,
hump,69,100,1.0,TWFE-interaction,0.7491151667747503,0.7063959709498726,0.6680249415160724,0.0,
hump,69,100,1.0,FE-DML (constant),0.5143635066295674,0.2866527811695972,0.14271390501386816,0.47058823529411764,
hump,69,100,1.0,FE-DML + R-learner,0.529818966062478,0.0035836844824847667,0.07162315994113078,,
hump,69,100,1.0,Pooled DML-sieve,0.7699446309448617,0.7445225358488762,0.6941903155325522,0.058823529411764705,
hump,69,100,1.0,Panel-DOSE,0.11741179420524717,0.08033925133739894,0.07127164788633311,1.0,1.0
hump,69,100,1.0,Panel-DOSE (unpenalised),0.13226341606982311,0.060144178684784604,0.059997565249845675,1.0,1.0
hump,70,100,1.0,TWFE,1.0385257027343255,0.9466444080222651,0.8468872519049842,0.0,
hump,70,100,1.0,TWFE-interaction,0.7644934211202039,0.7287765455481616,0.7307178612640182,0.0,
hump,70,100,1.0,FE-DML (constant),0.4703168924512391,0.19697202675758393,0.0972148706403031,0.23529411764705882,
hump,70,100,1.0,FE-DML + R-learner,0.41658577019915055,-0.06466554302909525,0.06273946799027152,,
hump,70,100,1.0,Pooled DML-sieve,0.690585454832338,0.6035400594477991,0.6592260300457622,0.29411764705882354,
hump,70,100,1.0,Panel-DOSE,0.18125193813258625,-0.010146089187617542,0.027141032429329748,1.0,1.0
hump,70,100,1.0,Panel-DOSE (unpenalised),0.23755287084076315,-0.052681148530424514,2.6153896251157605e-05,1.0,1.0
hump,71,100,1.0,TWFE,1.0104899442074036,0.9158001568815555,0.7741193389833785,0.0,
hump,71,100,1.0,TWFE-interaction,0.7120081069207196,0.6611485228448081,0.6288620928196602,0.11764705882352941,
hump,71,100,1.0,FE-DML (constant),0.5304495020817331,0.31460558523134724,0.17292476733317041,0.35294117647058826,
hump,71,100,1.0,FE-DML + R-learner,0.5098611003969324,0.1810316619921308,0.12746693531674413,,
hump,71,100,1.0,Pooled DML-sieve,0.915411021801736,0.8216729803670075,0.7134423009167068,0.0,
hump,71,100,1.0,Panel-DOSE,0.27699569944257146,0.18660106004562477,0.13255768444653615,0.8235294117647058,0.0
hump,71,100,1.0,Panel-DOSE (unpenalised),0.2896983532532051,0.15457868127951405,0.10126583495056285,1.0,1.0
hump,72,100,1.0,TWFE,0.8816117551840678,0.7712582491479313,0.6348698402108888,0.0,
hump,72,100,1.0,TWFE-interaction,0.6058614119621394,0.5648983452069546,0.5555672345278906,0.0,
hump,72,100,1.0,FE-DML (constant),0.48800739809167093,0.23611696379591737,0.09972855485887488,0.23529411764705882,
hump,72,100,1.0,FE-DML + R-learner,0.5259230799379842,0.34360422820537395,0.13330154264248106,,
hump,72,100,1.0,Pooled DML-sieve,0.7673986369402223,0.6748265733304246,0.5706895139304373,0.0,
hump,72,100,1.0,Panel-DOSE,0.3022291713184758,0.15217587844666108,0.07584446830405844,0.8235294117647058,0.0
hump,72,100,1.0,Panel-DOSE (unpenalised),0.23243225239254714,0.0987280023871838,0.07552324587030301,0.9411764705882353,0.0
hump,73,100,1.0,TWFE,1.079798639041886,0.9917485068689087,0.8888406642445947,0.0,
hump,73,100,1.0,TWFE-interaction,0.8126793378068596,0.7609927065920216,0.7576199845900475,0.0,
hump,73,100,1.0,FE-DML (constant),0.4637609154862261,0.1807600252617335,0.07785218263741966,0.23529411764705882,
hump,73,100,1.0,FE-DML + R-learner,0.4236295721498386,0.027216951196165386,0.010930592922301807,,
hump,73,100,1.0,Pooled DML-sieve,0.5032656422331017,0.4282426584458968,0.404954589778338,0.23529411764705882,
hump,73,100,1.0,Panel-DOSE,0.10579691101891438,0.006312526442305726,-0.0127582091289129,1.0,1.0
hump,73,100,1.0,Panel-DOSE (unpenalised),0.12749501902684865,0.0005082899511701051,-0.050741103529861276,1.0,1.0
hump,74,100,1.0,TWFE,0.9485950153563215,0.8470138742422463,0.7525588366369522,0.0,
hump,74,100,1.0,TWFE-interaction,0.6604409072782287,0.6112282330697607,0.6242843829968172,0.0,
hump,74,100,1.0,FE-DML (constant),0.4761012345478725,0.2104100414381603,0.11595500383286628,0.23529411764705882,
hump,74,100,1.0,FE-DML + R-learner,0.31496376053577696,-0.15763916269307665,-0.0064613664099830714,,
hump,74,100,1.0,Pooled DML-sieve,0.5648158834437832,0.5578272983162638,0.5448776569980862,0.0,
hump,74,100,1.0,Panel-DOSE,0.20538426176171093,0.09265886219036266,0.0711348494577213,0.8823529411764706,1.0
hump,74,100,1.0,Panel-DOSE (unpenalised),0.13029789566836608,0.04504012199008591,0.05546157701322052,1.0,1.0
hump,75,100,1.0,TWFE,1.056946246745949,0.9668171329213961,0.9001408222460383,0.0,
hump,75,100,1.0,TWFE-interaction,0.8380275536230893,0.8013891268657346,0.7747247624182858,0.0,
hump,75,100,1.0,FE-DML (constant),0.4695879132956794,0.19522501969110015,0.12854870901574245,0.23529411764705882,
hump,75,100,1.0,FE-DML + R-learner,0.5069216835723093,0.1596441454186822,0.08265960192085275,,
hump,75,100,1.0,Pooled DML-sieve,0.6455388582830668,0.6313925804210231,0.611575989393701,0.0,
hump,75,100,1.0,Panel-DOSE,0.17064394745560013,0.08577126972453032,0.08324259586427907,0.8235294117647058,1.0
hump,75,100,1.0,Panel-DOSE (unpenalised),0.2275171360624355,0.09978422545708891,0.03774576561616261,0.8823529411764706,1.0
hump,76,100,1.0,TWFE,1.0332932892417943,0.940901175252814,0.7827281896075104,0.0,
hump,76,100,1.0,TWFE-interaction,0.8586237522857327,0.7989709160561818,0.7312235454569247,0.0,
hump,76,100,1.0,FE-DML (constant),0.4907111602189523,0.2416556284538603,0.08348264280855688,0.35294117647058826,
hump,76,100,1.0,FE-DML + R-learner,0.8733741112314215,0.2586327993453582,0.11932037608449986,,
hump,76,100,1.0,Pooled DML-sieve,0.7008093423706098,0.5966060446521958,0.562176876484574,0.29411764705882354,
hump,76,100,1.0,Panel-DOSE,0.2928891953705816,0.047871541979026114,0.04798400218484922,0.9411764705882353,0.0
hump,76,100,1.0,Panel-DOSE (unpenalised),0.2928891953705816,0.047871541979026114,0.04798400218484922,0.9411764705882353,0.0
hump,77,100,1.0,TWFE,1.0268836262361596,0.9338575811289026,0.8166038573229637,0.0,
hump,77,100,1.0,TWFE-interaction,0.773205264810652,0.7457380391243468,0.7042679997538321,0.0,
hump,77,100,1.0,FE-DML (constant),0.5030057587995541,0.2657344414740309,0.148480717668092,0.35294117647058826,
hump,77,100,1.0,FE-DML + R-learner,0.5122238546443603,0.23614085850674366,0.11589094681107825,,
hump,77,100,1.0,Pooled DML-sieve,0.7602257077705288,0.7518802378754712,0.7299086702951929,0.0,
hump,77,100,1.0,Panel-DOSE,0.13484798333478662,0.10766681147974032,0.09016254512023014,1.0,1.0
hump,77,100,1.0,Panel-DOSE (unpenalised),0.12998252427615922,0.05683998763678622,0.07856361615754914,1.0,1.0
hump,78,100,1.0,TWFE,1.0437683024261024,0.9523929174187867,0.8364255660079767,0.0,
hump,78,100,1.0,TWFE-interaction,0.7977129959344812,0.7322279050573303,0.6807342448634786,0.0,
hump,78,100,1.0,FE-DML (constant),0.5581955502082037,0.35941935433729666,0.24345200292648683,0.4117647058823529,
hump,78,100,1.0,FE-DML + R-learner,0.5999216198321657,0.15417988830629276,0.11683491063910578,,
hump,78,100,1.0,Pooled DML-sieve,0.6555169269731029,0.6543051060755324,0.6533316066226091,0.058823529411764705,
hump,78,100,1.0,Panel-DOSE,0.1844451469609662,0.13277012970299978,0.1349145731986412,0.7647058823529411,0.0
hump,78,100,1.0,Panel-DOSE (unpenalised),0.24199166155440016,0.11434737576373101,0.12098423944137049,0.8823529411764706,0.0
hump,79,100,1.0,TWFE,0.9853804721385542,0.8880172717194188,0.7338459015753653,0.0,
hump,79,100,1.0,TWFE-interaction,0.7223019538779395,0.6680223098368817,0.6465438564738053,0.11764705882352941,
hump,79,100,1.0,FE-DML (constant),0.4541287003319909,0.15437900266947946,0.00020763252542610466,0.23529411764705882,
hump,79,100,1.0,FE-DML + R-learner,0.6630032823134867,-0.11090849765966183,-0.008922260124705206,,
hump,79,100,1.0,Pooled DML-sieve,0.5205530523014626,0.4575687825807029,0.3876480761091987,0.5294117647058824,
hump,79,100,1.0,Panel-DOSE,0.21153678299663908,-0.03159889354474285,-0.04967020757346452,1.0,1.0
hump,79,100,1.0,Panel-DOSE (unpenalised),0.23559378287360228,-0.06325711209672544,-0.046541518237441126,1.0,1.0
hump,80,100,1.0,TWFE,0.9413112012170025,0.8388484830627021,0.7040322139118707,0.0,
hump,80,100,1.0,TWFE-interaction,0.6990462121922715,0.6398479598586357,0.6048787569431724,0.058823529411764705,
hump,80,100,1.0,FE-DML (constant),0.5461364500485778,0.34038951521993555,0.2055732460691042,0.4117647058823529,
hump,80,100,1.0,FE-DML + R-learner,0.5567333887800883,0.09560397260801498,0.11719730609307333,,
hump,80,100,1.0,Pooled DML-sieve,0.6912172055315403,0.6720151462764585,0.6654959361596808,0.058823529411764705,
hump,80,100,1.0,Panel-DOSE,0.1357762615711843,0.13200135666401835,0.13644680934206055,0.9411764705882353,1.0
hump,80,100,1.0,Panel-DOSE (unpenalised),0.22269964984158244,0.14886458902480765,0.11439707622597473,0.8823529411764706,1.0
hump,81,100,1.0,TWFE,1.0333533803997546,0.9409671666873398,0.7890224160917212,0.0,
hump,81,100,1.0,TWFE-interaction,0.8349776124308795,0.785089954805482,0.7139178216411248,0.0,
hump,81,100,1.0,FE-DML (constant),0.48047984082519263,0.22013831433760553,0.06819356374198704,0.23529411764705882,
hump,81,100,1.0,FE-DML + R-learner,0.535427421170616,0.26525701974616406,0.026351046461724925,,
hump,81,100,1.0,Pooled DML-sieve,0.7713134152091983,0.6097909043085465,0.45725787886577596,0.29411764705882354,
hump,81,100,1.0,Panel-DOSE,0.4632144666503358,0.19871373180679355,0.055215925387611886,0.35294117647058826,0.0
hump,81,100,1.0,Panel-DOSE (unpenalised),0.3945031886848944,0.1414901732675992,0.0331184536374427,0.8823529411764706,1.0
hump,82,100,1.0,TWFE,1.108418109396607,1.0228346421774874,0.892818812663529,0.0,
hump,82,100,1.0,TWFE-interaction,0.8155772627933154,0.7604500484920019,0.7673012508969879,0.0,
hump,82,100,1.0,FE-DML (constant),0.494187482722931,0.2486388305957604,0.11862300108180213,0.35294117647058826,
hump,82,100,1.0,FE-DML + R-learner,0.7199540532989077,0.1406212505922565,0.07440865879571157,,
hump,82,100,1.0,Pooled DML-sieve,0.677997643379525,0.6524069253196528,0.6384681101011869,0.058823529411764705,
hump,82,100,1.0,Panel-DOSE,0.1484294515639231,0.04344759870160605,0.05625264987770451,1.0,1.0
hump,82,100,1.0,Panel-DOSE (unpenalised),0.21383863645793164,-0.017474306714041273,0.03723647577562583,1.0,1.0
hump,83,100,1.0,TWFE,1.0827602156064264,0.9949722028780881,0.8811226735385629,0.0,
hump,83,100,1.0,TWFE-interaction,0.8169760154995451,0.7835643711329903,0.7638582226842556,0.0,
hump,83,100,1.0,FE-DML (constant),0.5083419090054803,0.27570182525934783,0.16185229591982275,0.35294117647058826,
hump,83,100,1.0,FE-DML + R-learner,0.616183953159662,0.20652660108681045,0.12645779947355384,,
hump,83,100,1.0,Pooled DML-sieve,0.8045528083195246,0.7222174746363017,0.6659643712595626,0.0,
hump,83,100,1.0,Panel-DOSE,0.319544558572848,0.19536295133530374,0.12080438639903734,0.8235294117647058,1.0
hump,83,100,1.0,Panel-DOSE (unpenalised),0.35199295977591183,0.19884972301001536,0.13325868048178569,0.9411764705882353,1.0
hump,84,100,1.0,TWFE,0.8721426642635038,0.760416219467104,0.6031230943944454,0.0,
hump,84,100,1.0,TWFE-interaction,0.7233361363263946,0.6095923175786138,0.5503592446829899,0.23529411764705882,
hump,84,100,1.0,FE-DML (constant),0.49282205566883397,0.2459137624323927,0.08862063735973424,0.35294117647058826,
hump,84,100,1.0,FE-DML + R-learner,0.4931509454820172,-0.060191165277100396,0.09716238901867413,,
hump,84,100,1.0,Pooled DML-sieve,0.7951754368861755,0.7122362980584964,0.6037519851560533,0.0,
hump,84,100,1.0,Panel-DOSE,0.10800776703162879,0.06263720963740053,0.04224270882843517,0.9411764705882353,1.0
hump,84,100,1.0,Panel-DOSE (unpenalised),0.1418963043961071,0.037394490541800274,0.03272719935015633,1.0,1.0
hump,85,100,1.0,TWFE,1.11196249214402,1.026674526778151,0.9473443352112934,0.0,
hump,85,100,1.0,TWFE-interaction,0.8711551094975888,0.8434491314097755,0.8354855598611086,0.0,
hump,85,100,1.0,FE-DML (constant),0.5034740363754059,0.2666197766560904,0.18728958508923288,0.35294117647058826,
hump,85,100,1.0,FE-DML + R-learner,0.7871963361442665,0.027730446046189166,0.09195129043841366,,
hump,85,100,1.0,Pooled DML-sieve,0.6280882010446739,0.5886012351255169,0.6314370491879624,0.17647058823529413,
hump,85,100,1.0,Panel-DOSE,0.13381436536911634,0.12313784263635069,0.11330375872563359,1.0,1.0
hump,85,100,1.0,Panel-DOSE (unpenalised),0.14771544191173056,0.10053846563415023,0.09185919227829697,1.0,1.0
hump,86,100,1.0,TWFE,0.9432088833785605,0.8409774061675087,0.7834323713018536,0.0,
hump,86,100,1.0,TWFE-interaction,0.6796794408363707,0.5595059134607085,0.6223091010836512,0.29411764705882354,
hump,86,100,1.0,FE-DML (constant),0.4666418220807778,0.18802816308965062,0.13048312822399555,0.23529411764705882,
hump,86,100,1.0,FE-DML + R-learner,0.692745993653367,0.03171616168608524,0.08511217875225308,,
hump,86,100,1.0,Pooled DML-sieve,0.5926278980974649,0.5751169409771941,0.601824287322478,0.058823529411764705,
hump,86,100,1.0,Panel-DOSE,0.08639772463793542,0.041773698644594216,0.05649950457056363,1.0,1.0
hump,86,100,1.0,Panel-DOSE (unpenalised),0.19545944640096075,-0.0033918341587328656,0.04858598876872677,1.0,1.0
hump,87,100,1.0,TWFE,1.0221684099798856,0.928670155846955,0.8254563370678487,0.0,
hump,87,100,1.0,TWFE-interaction,0.7656987247705463,0.7341602513066148,0.7022092230865251,0.0,
hump,87,100,1.0,FE-DML (constant),0.4761743658795033,0.2105754656192099,0.10736164684010374,0.23529411764705882,
hump,87,100,1.0,FE-DML + R-learner,0.6505338664189532,0.20940846261569276,0.09075582104692836,,
hump,87,100,1.0,Pooled DML-sieve,0.7150418322322792,0.6786285505197122,0.6395175155194206,0.0,
hump,87,100,1.0,Panel-DOSE,0.26071177366392484,0.1269063623753129,0.07709735505463966,0.8823529411764706,1.0
hump,87,100,1.0,Panel-DOSE (unpenalised),0.18041181124506303,0.09100990400884512,0.08008187437042369,1.0,1.0
hump,88,100,1.0,TWFE,1.2033496961129142,1.1250113293363062,0.9882637388152749,0.0,
hump,88,100,1.0,TWFE-interaction,0.8842206230928545,0.8677913242606061,0.824707068467333,0.0,
hump,88,100,1.0,FE-DML (constant),0.48437742468288725,0.22852021692276167,0.09177262640173045,0.23529411764705882,
hump,88,100,1.0,FE-DML + R-learner,0.5337108028614553,-0.1636606031463198,-0.06138768840222819,,
hump,88,100,1.0,Pooled DML-sieve,0.6595126184049724,0.57889362862349,0.516316979950407,0.29411764705882354,
hump,88,100,1.0,Panel-DOSE,0.35210875494105,0.029887029395475547,0.005660911855037698,0.8823529411764706,1.0
hump,88,100,1.0,Panel-DOSE (unpenalised),0.5467319932287255,-0.00684408948674395,0.00370498173223921,0.8823529411764706,1.0
hump,89,100,1.0,TWFE,1.2060815924181558,1.127932980087875,0.9608684420732809,0.0,
hump,89,100,1.0,TWFE-interaction,1.0468559291902384,0.9863723316307547,0.8977500051900289,0.0,
hump,89,100,1.0,FE-DML (constant),0.5463804440487794,0.34078085280564296,0.173716314791049,0.4117647058823529,
hump,89,100,1.0,FE-DML + R-learner,0.6319669696363955,0.1440356220208419,0.11089180633736095,,
hump,89,100,1.0,Pooled DML-sieve,0.7429723922736013,0.6979720722465853,0.612984827090332,0.0,
hump,89,100,1.0,Panel-DOSE,0.16177455647108963,0.14808418828828826,0.12642666089289234,1.0,1.0
hump,89,100,1.0,Panel-DOSE (unpenalised),0.1923624551173457,0.13091777664770865,0.10448430643106588,1.0,1.0
hump,90,100,1.0,TWFE,1.0550594732832825,0.9647541096905459,0.8396479489673152,0.0,
hump,90,100,1.0,TWFE-interaction,0.9229848108464433,0.840486915853027,0.819195781301187,0.0,
hump,90,100,1.0,FE-DML (constant),0.514191125168891,0.2863433484515575,0.16123718772832696,0.47058823529411764,
hump,90,100,1.0,FE-DML + R-learner,0.46977119920919247,-0.16130080770479785,0.08395791491789084,,
hump,90,100,1.0,Pooled DML-sieve,0.6585758715261093,0.5560963718881058,0.6459932902851238,0.5294117647058824,
hump,90,100,1.0,Panel-DOSE,0.25476861643350324,0.0419434366154069,0.10369032038617076,0.8823529411764706,0.0
hump,90,100,1.0,Panel-DOSE (unpenalised),0.3285270632421365,0.04798205848467464,0.11070752697483455,0.8823529411764706,0.0
hump,91,100,1.0,TWFE,1.055988573272597,0.96577009007439,0.8433620946051799,0.0,
hump,91,100,1.0,TWFE-interaction,0.7934147972902914,0.733414917736962,0.7041297397538131,0.0,
hump,91,100,1.0,FE-DML (constant),0.5294662847255834,0.31294495787775933,0.19053696240854934,0.47058823529411764,
hump,91,100,1.0,FE-DML + R-learner,0.7785387020340699,0.04928151393852972,0.16648693496964162,,
hump,91,100,1.0,Pooled DML-sieve,1.040715954809021,0.9725098532855144,0.8648791641865314,0.0,
hump,91,100,1.0,Panel-DOSE,0.3853828935535436,0.2491016467586204,0.16350865593519748,0.6470588235294118,0.0
hump,91,100,1.0,Panel-DOSE (unpenalised),0.3952548435333955,0.24896971654856265,0.15431344858697926,0.8235294117647058,1.0
hump,92,100,1.0,TWFE,0.9382130503930383,0.8353704136057309,0.78734953016615,0.0,
hump,92,100,1.0,TWFE-interaction,0.7377303769991881,0.6351652224622222,0.6880631988897234,0.17647058823529413,
hump,92,100,1.0,FE-DML (constant),0.4618022828385017,0.17567398337503343,0.1276530999354526,0.23529411764705882,
hump,92,100,1.0,FE-DML + R-learner,0.5345568534401579,0.04455081799941973,0.04323506361070484,,
hump,92,100,1.0,Pooled DML-sieve,0.6930646312604991,0.6054600351587809,0.5945296483053979,0.0,
hump,92,100,1.0,Panel-DOSE,0.34191950974961527,0.11747706157945523,0.11162853088632696,0.5882352941176471,0.0
hump,92,100,1.0,Panel-DOSE (unpenalised),0.2865012956491166,0.06815582563000422,0.07555517429134584,0.8823529411764706,1.0
hump,93,100,1.0,TWFE,1.0843666160395533,0.9967201001189212,0.8656849240252751,0.0,
hump,93,100,1.0,TWFE-interaction,0.744345324404124,0.7329600870074584,0.71433938942517,0.0,
hump,93,100,1.0,FE-DML (constant),0.44077975653165097,0.10902657367862877,-0.02200860241501723,0.23529411764705882,
hump,93,100,1.0,FE-DML + R-learner,0.6228069987450923,0.017427171411074558,0.020273299323251504,,
hump,93,100,1.0,Pooled DML-sieve,0.7152173377388538,0.5717445023804217,0.3788557763274236,0.4117647058823529,
hump,93,100,1.0,Panel-DOSE,0.3621693654332444,0.03679877172008603,-0.15510641045142348,0.7647058823529411,1.0
hump,93,100,1.0,Panel-DOSE (unpenalised),0.3621693654332444,0.03679877172008603,-0.15510641045142348,0.7647058823529411,1.0
hump,94,100,1.0,TWFE,1.200838686360536,1.1223250646136786,0.9875798046560633,0.0,
hump,94,100,1.0,TWFE-interaction,0.9944569115787658,0.9197599759901216,0.8995547702154485,0.0,
hump,94,100,1.0,FE-DML (constant),0.516410578546285,0.2903099819753169,0.15556472201770166,0.35294117647058826,
hump,94,100,1.0,FE-DML + R-learner,0.42613496936943784,0.22276853793280704,0.05151193832657075,,
hump,94,100,1.0,Pooled DML-sieve,0.5956662803091709,0.5626577225511865,0.5912907131046956,0.35294117647058826,
hump,94,100,1.0,Panel-DOSE,0.14112165603088214,0.006103527780142063,0.03898285970563453,1.0,1.0
hump,94,100,1.0,Panel-DOSE (unpenalised),0.22388950226398457,-0.020218037820838433,0.012710874160377195,0.9411764705882353,1.0
hump,95,100,1.0,TWFE,1.1402717178821562,1.0572698759550108,0.9570691994573022,0.0,
hump,95,100,1.0,TWFE-interaction,1.0047426513604893,0.946778196535844,0.9211332818407711,0.0,
hump,95,100,1.0,FE-DML (constant),0.4884014511196373,0.2369303219424804,0.13672964544477195,0.23529411764705882,
hump,95,100,1.0,FE-DML + R-learner,0.34655248282967566,0.03587268090138271,0.0639763656611323,,
hump,95,100,1.0,Pooled DML-sieve,0.8323686351929428,0.8129863610534589,0.780213609034347,0.0,
hump,95,100,1.0,Panel-DOSE,0.17806749354955073,0.12512324644485986,0.09649103813111215,1.0,1.0
hump,95,100,1.0,Panel-DOSE (unpenalised),0.21393735850914886,0.13284560681314783,0.0767856868896768,1.0,1.0
hump,96,100,1.0,TWFE,0.8220887191520609,0.7024456293244882,0.5716826866222198,0.0,
hump,96,100,1.0,TWFE-interaction,0.6842000603061092,0.5732156555887208,0.5229452283888556,0.0,
hump,96,100,1.0,FE-DML (constant),0.5008243394522036,0.2615817634846437,0.13081882078237528,0.35294117647058826,
hump,96,100,1.0,FE-DML + R-learner,0.48985270165744116,-0.006819254572974857,0.0954620078177526,,
hump,96,100,1.0,Pooled DML-sieve,0.786199934712012,0.7489112359908838,0.6796139195203332,0.0,
hump,96,100,1.0,Panel-DOSE,0.2523890131685929,0.13808848422718925,0.09535752670444064,1.0,1.0
hump,96,100,1.0,Panel-DOSE (unpenalised),0.18910680332355134,0.09541323587950885,0.08172852690335142,1.0,1.0
hump,97,100,1.0,TWFE,1.0341618969380546,0.9418549936580024,0.8128709537886374,0.0,
hump,97,100,1.0,TWFE-interaction,0.8936113930818292,0.8347981614695605,0.7723294516926578,0.0,
hump,97,100,1.0,FE-DML (constant),0.45829815877713437,0.1662444054352249,0.037260365565859876,0.23529411764705882,
hump,97,100,1.0,FE-DML + R-learner,0.3899515156234723,0.05520468703698631,-0.022469247777029633,,
hump,97,100,1.0,Pooled DML-sieve,0.7405109698085207,0.6583850860502068,0.5981365970666703,0.29411764705882354,
hump,97,100,1.0,Panel-DOSE,0.26476283158919217,0.07392148640069718,0.01930929879516463,1.0,1.0
hump,97,100,1.0,Panel-DOSE (unpenalised),0.3042724992339756,0.05894592788071414,0.0259788111646182,1.0,1.0
hump,98,100,1.0,TWFE,1.1439479425948977,1.0612336667139333,0.9751441705792105,0.0,
hump,98,100,1.0,TWFE-interaction,0.9448087551063523,0.9046826125246574,0.8868647702272994,0.0,
hump,98,100,1.0,FE-DML (constant),0.5013116343399453,0.2625135324599229,0.17642403632520032,0.23529411764705882,
hump,98,100,1.0,FE-DML + R-learner,0.567984766679686,0.18264520608201226,0.11057319010841504,,
hump,98,100,1.0,Pooled DML-sieve,0.6355652282323151,0.596156099547477,0.5486900549709355,0.058823529411764705,
hump,98,100,1.0,Panel-DOSE,0.16311424327547455,0.11698893550780239,0.09040750298436051,1.0,1.0
hump,98,100,1.0,Panel-DOSE (unpenalised),0.14897395165883212,0.10967437702020195,0.06405789274319673,1.0,1.0
hump,99,100,1.0,TWFE,1.1761488576496715,1.0958677544989757,1.0061467040555594,0.0,
hump,99,100,1.0,TWFE-interaction,0.9954300815162217,0.931657125662534,0.9182725072957485,0.0,
hump,99,100,1.0,FE-DML (constant),0.527626580706109,0.30982222106817986,0.22010117062476375,0.47058823529411764,
hump,99,100,1.0,FE-DML + R-learner,0.5055915903712502,0.2005686548419898,0.24716999598517475,,
hump,99,100,1.0,Pooled DML-sieve,0.8332763427694287,0.8213630401943526,0.8080852794529956,0.0,
hump,99,100,1.0,Panel-DOSE,0.21099375700386414,0.18574595252306125,0.1681010365975837,0.8235294117647058,0.0
hump,99,100,1.0,Panel-DOSE (unpenalised),0.2617479294221622,0.17564100697994256,0.1711639287371045,0.7647058823529411,0.0
threshold,0,50,1.0,TWFE,1.1944358538108302,0.6852767308189298,0.7787743830126241,0.23529411764705882,
threshold,0,50,1.0,TWFE-interaction,0.9908262392973727,0.7420667419965781,0.7498447599984934,0.17647058823529413,
threshold,0,50,1.0,FE-DML (constant),0.9806689266351559,-0.06810824179805283,0.025389410395641354,0.11764705882352941,
threshold,0,50,1.0,FE-DML + R-learner,0.6595925371230272,0.07753194037073889,0.009704545760672367,,
threshold,0,50,1.0,Pooled DML-sieve,1.0862482869613657,0.8896975932366842,0.7964341665317969,0.11764705882352941,
threshold,0,50,1.0,Panel-DOSE,0.20870545483611128,0.11556260487800821,0.09051640352044776,1.0,1.0
threshold,0,50,1.0,Panel-DOSE (unpenalised),0.17121470577173856,0.10383649826340596,0.1036846870399476,1.0,1.0
threshold,1,50,1.0,TWFE,1.3709665804469673,0.9604564298475615,0.9885739629251165,0.4117647058823529,
threshold,1,50,1.0,TWFE-interaction,1.2385117167711281,1.1130323677202068,1.1261974010183704,0.17647058823529413,
threshold,1,50,1.0,FE-DML (constant),0.9850929614343066,-0.11547870626433837,-0.0873611731867836,0.11764705882352941,
threshold,1,50,1.0,FE-DML + R-learner,0.6763198852999804,0.048649116025080326,-0.06532425290231225,,
threshold,1,50,1.0,Pooled DML-sieve,0.7968893672761109,0.7353080436212069,0.6848638136800993,0.4117647058823529,
threshold,1,50,1.0,Panel-DOSE,0.2871963564339531,-0.03693893538267963,-0.0550032575286068,0.8823529411764706,1.0
threshold,1,50,1.0,Panel-DOSE (unpenalised),0.40536224510320135,-0.08429658584655614,-0.07112621116577211,0.8823529411764706,0.0
threshold,2,50,1.0,TWFE,0.9798245773255377,-0.05462042900089409,0.09570030859128964,0.058823529411764705,
threshold,2,50,1.0,TWFE-interaction,0.4738716938667608,0.3279491153042513,0.31139992384639414,0.47058823529411764,
threshold,2,50,1.0,FE-DML (constant),1.0137083540785927,-0.26557826729949585,-0.11525752970731212,0.058823529411764705,
threshold,2,50,1.0,FE-DML + R-learner,1.120088094010065,-0.4539081872553406,-0.10367056253029422,,
threshold,2,50,1.0,Pooled DML-sieve,0.6046278728479372,0.38413494615361543,0.564132756677506,0.5294117647058824,
threshold,2,50,1.0,Panel-DOSE,0.2818759367283266,-0.14605002581157228,-0.044472044101241726,1.0,1.0
threshold,2,50,1.0,Panel-DOSE (unpenalised),0.7071764124581809,-0.2545896920174189,-0.09053757160595943,1.0,1.0
threshold,3,50,1.0,TWFE,1.1027391189037132,0.5088818657543328,0.520863512358178,0.11764705882352941,
threshold,3,50,1.0,TWFE-interaction,0.8181166180044622,0.751045150975438,0.7206370792087222,0.11764705882352941,
threshold,3,50,1.0,FE-DML (constant),0.9867852475374337,0.12912131385091763,0.1411029604547629,0.11764705882352941,
threshold,3,50,1.0,FE-DML + R-learner,0.5969661237535391,0.18489062745253512,0.19196906034394878,,
threshold,3,50,1.0,Pooled DML-sieve,0.8660722349294505,0.8063535043486628,0.8222892322466706,0.35294117647058826,
threshold,3,50,1.0,Panel-DOSE,0.2703811405488462,0.1260584657065031,0.18149840610433532,0.8823529411764706,1.0
threshold,3,50,1.0,Panel-DOSE (unpenalised),0.39903431535517725,0.15130973637543232,0.19768029781622376,0.8235294117647058,1.0
threshold,4,50,1.0,TWFE,0.9949285107462619,0.1811351164982863,0.22324558756235113,0.11764705882352941,
threshold,4,50,1.0,TWFE-interaction,0.8924933766265031,0.491309108670495,0.4962982805277114,0.17647058823529413,
threshold,4,50,1.0,FE-DML (constant),0.9819944854893236,-0.08509029594797674,-0.04297982488391194,0.11764705882352941,
threshold,4,50,1.0,FE-DML + R-learner,0.7258400634791351,-0.14829455560355767,0.040769329014323175,,
threshold,4,50,1.0,Pooled DML-sieve,0.9058286371026469,0.8033452733040027,0.7631811986209993,0.058823529411764705,
threshold,4,50,1.0,Panel-DOSE,0.1976903951691652,0.06270942272279836,0.04101571232842782,1.0,1.0
threshold,4,50,1.0,Panel-DOSE (unpenalised),0.36716484184609893,0.09233988817950192,0.02713486332373516,1.0,1.0
threshold,5,50,1.0,TWFE,1.098013781232407,0.49855937731564215,0.402860035754134,0.11764705882352941,
threshold,5,50,1.0,TWFE-interaction,0.592994765923908,0.4085959879750127,0.47153375318154633,0.17647058823529413,
threshold,5,50,1.0,FE-DML (constant),0.9925806701551251,0.16776047120424475,0.07206112964273659,0.11764705882352941,
threshold,5,50,1.0,FE-DML + R-learner,0.6989273904071199,-0.05890716475045144,0.05928749899814345,,
threshold,5,50,1.0,Pooled DML-sieve,0.5903650779682583,0.49284870771063216,0.4858711604222631,0.29411764705882354,
threshold,5,50,1.0,Panel-DOSE,0.11025328840980929,0.06202137667319918,0.07124773786078631,1.0,1.0
threshold,5,50,1.0,Panel-DOSE (unpenalised),0.16529970489287607,0.06157575369393838,0.0897900463385799,1.0,1.0
threshold,6,50,1.0,TWFE,1.1964779339993645,0.688829903154952,0.54502752819677,0.23529411764705882,
threshold,6,50,1.0,TWFE-interaction,0.9204686984111261,0.5097635937363575,0.6707783617751217,0.17647058823529413,
threshold,6,50,1.0,FE-DML (constant),0.9936638015561039,0.17405441521547602,0.030252040257294,0.11764705882352941,
threshold,6,50,1.0,FE-DML + R-learner,0.6314229010966028,-0.07568657947277821,0.07639186611355486,,
threshold,6,50,1.0,Pooled DML-sieve,0.6709772449848218,0.5877906686845407,0.7241570000027722,0.5294117647058824,
threshold,6,50,1.0,Panel-DOSE,0.40638942250933763,-0.020790264677836023,0.07990184338818174,0.8235294117647058,0.0
threshold,6,50,1.0,Panel-DOSE (unpenalised),0.3120127360110984,-0.04027883112884309,0.10303380227313785,1.0,1.0
threshold,7,50,1.0,TWFE,1.3295052816829696,0.9002841123534201,0.6785826170642413,0.4117647058823529,
threshold,7,50,1.0,TWFE-interaction,0.8690028930808429,0.5729873148888673,0.7341579887121541,0.29411764705882354,
threshold,7,50,1.0,FE-DML (constant),1.024691625939687,0.3048280124988389,0.08312651720966002,0.058823529411764705,
threshold,7,50,1.0,FE-DML + R-learner,0.32844933596236736,0.03646111364420074,0.14462233047526252,,
threshold,7,50,1.0,Pooled DML-sieve,0.5728877623209341,0.5478870503136046,0.5636591267985198,0.5294117647058824,
threshold,7,50,1.0,Panel-DOSE,0.23520519852480762,0.002901123094022684,0.06907011723661527,0.8823529411764706,1.0
threshold,7,50,1.0,Panel-DOSE (unpenalised),0.24844600633131073,0.017908087687568287,0.036079759419734625,1.0,1.0
threshold,8,50,1.0,TWFE,1.1463408980337717,0.5975153918000333,0.5966670747338593,0.17647058823529413,
threshold,8,50,1.0,TWFE-interaction,0.9162228983957668,0.6170024310443354,0.7006317166664536,0.17647058823529413,
threshold,8,50,1.0,FE-DML (constant),0.9812965092945215,-0.07661610853264568,-0.07746442559881972,0.11764705882352941,
threshold,8,50,1.0,FE-DML + R-learner,0.7402835857779649,0.17997599270180006,0.13023617917642905,,
threshold,8,50,1.0,Pooled DML-sieve,0.8571918794385859,0.7526359532875863,0.6993350475527428,0.5294117647058824,
threshold,8,50,1.0,Panel-DOSE,0.18905994090987935,0.027037592917493383,0.049278938297968033,1.0,1.0
threshold,8,50,1.0,Panel-DOSE (unpenalised),0.48352145273326746,-0.029548829613084627,-0.05657690570840801,0.9411764705882353,1.0
threshold,9,50,1.0,TWFE,1.1445810283620848,0.5941320723706814,0.5897919709025983,0.17647058823529413,
threshold,9,50,1.0,TWFE-interaction,0.8594412379444348,0.6691596880932142,0.6961274030889704,0.23529411764705882,
threshold,9,50,1.0,FE-DML (constant),0.9960803103888114,0.1873584096787332,0.18301830821065002,0.11764705882352941,
threshold,9,50,1.0,FE-DML + R-learner,0.6612394393570856,0.32265492649497896,0.21209151653120628,,
threshold,9,50,1.0,Pooled DML-sieve,0.9204418973808877,0.8173068303431935,0.8118817322971956,0.5294117647058824,
threshold,9,50,1.0,Panel-DOSE,0.31844167584316657,0.27057280103391645,0.24668230157564297,1.0,1.0
threshold,9,50,1.0,Panel-DOSE (unpenalised),0.4173561882794583,0.25039216144744925,0.27246765635384085,0.9411764705882353,1.0
threshold,10,50,1.0,TWFE,1.0934542862040462,0.4884357326722455,0.5019965405015973,0.11764705882352941,
threshold,10,50,1.0,TWFE-interaction,0.8615565255266301,0.7102687426155442,0.7553797971333386,0.17647058823529413,
threshold,10,50,1.0,FE-DML (constant),0.9830371843159421,-0.09638098713381602,-0.08282017930446417,0.11764705882352941,
threshold,10,50,1.0,FE-DML + R-learner,0.7591706194381749,0.1022859292848078,0.12522960689103835,,
threshold,10,50,1.0,Pooled DML-sieve,0.6432398874272822,0.6334606610066812,0.6208758679909628,0.058823529411764705,
threshold,10,50,1.0,Panel-DOSE,0.321080869721089,0.03035489472532645,0.07041525346048672,0.6470588235294118,0.0
threshold,10,50,1.0,Panel-DOSE (unpenalised),0.12623990332051443,0.05532323082334738,0.05617363355397276,1.0,1.0
threshold,11,50,1.0,TWFE,1.5733659154701545,1.2322367844275346,1.054919457440208,0.35294117647058826,
threshold,11,50,1.0,TWFE-interaction,1.2072434721154581,0.8140100999074048,0.9770212706297392,0.11764705882352941,
threshold,11,50,1.0,FE-DML (constant),1.0466713053435943,0.3720860254870323,0.1947686984997059,0.11764705882352941,
threshold,11,50,1.0,FE-DML + R-learner,0.7909276335222104,0.42780480552694633,0.22566895861277447,,
threshold,11,50,1.0,Pooled DML-sieve,0.9615840262739804,0.9472876889867524,0.9215578238578812,0.17647058823529413,
threshold,11,50,1.0,Panel-DOSE,0.18503997822176105,0.09127671932115863,0.12463932151337875,1.0,1.0
threshold,11,50,1.0,Panel-DOSE (unpenalised),0.29950163559843695,0.14841050619642623,0.13843936876807428,0.9411764705882353,1.0
threshold,12,50,1.0,TWFE,1.082311938831346,0.46295390901248507,0.4372250770997661,0.11764705882352941,
threshold,12,50,1.0,TWFE-interaction,0.7035091500262114,0.6285877295270103,0.5981546134651907,0.11764705882352941,
threshold,12,50,1.0,FE-DML (constant),0.9844386124038161,0.10975687005661194,0.08402803814389292,0.11764705882352941,
threshold,12,50,1.0,FE-DML + R-learner,0.6826259507357854,0.3202034324309103,0.22197690945722137,,
threshold,12,50,1.0,Pooled DML-sieve,0.7751330650721773,0.6271139339874758,0.617866757215976,0.17647058823529413,
threshold,12,50,1.0,Panel-DOSE,0.34130712348361053,0.17384506903325067,0.161968011742206,0.5882352941176471,0.0
threshold,12,50,1.0,Panel-DOSE (unpenalised),0.3065513296762281,0.17302126307154872,0.1751495849488527,1.0,1.0
threshold,13,50,1.0,TWFE,1.1207155797317616,0.5467454614229292,0.6058871540089266,0.17647058823529413,
threshold,13,50,1.0,TWFE-interaction,1.0271091216155137,0.831684408322451,0.8714953468465192,0.23529411764705882,
threshold,13,50,1.0,FE-DML (constant),0.9803221830751957,-0.06291876955559876,-0.0037770769696013895,0.11764705882352941,
threshold,13,50,1.0,FE-DML + R-learner,0.7283341921661569,-0.1552795022631975,0.011710947180698983,,
threshold,13,50,1.0,Pooled DML-sieve,0.9412475541415043,0.8428666541292772,0.9095831534354273,0.4117647058823529,
threshold,13,50,1.0,Panel-DOSE,0.3458587481189354,0.04602514940333937,0.10515072038939655,0.8823529411764706,1.0
threshold,13,50,1.0,Panel-DOSE (unpenalised),0.6129733768521983,-0.035000265755650545,0.08129960862382546,0.8235294117647058,0.0
threshold,14,50,1.0,TWFE,1.169398914558526,0.6406410932056512,0.5826794925645349,0.23529411764705882,
threshold,14,50,1.0,TWFE-interaction,0.847901574776276,0.8044144642163119,0.7898784795984397,0.11764705882352941,
threshold,14,50,1.0,FE-DML (constant),0.9959182547090698,0.18649493021482594,0.12853332957370966,0.11764705882352941,
threshold,14,50,1.0,FE-DML + R-learner,0.6007098097163878,0.03545068269536138,0.11111341584898282,,
threshold,14,50,1.0,Pooled DML-sieve,1.0387213991386879,0.9472539175240862,0.8941851628173569,0.11764705882352941,
threshold,14,50,1.0,Panel-DOSE,0.33902568002372113,0.2262591462154984,0.21455494533340014,0.6470588235294118,0.0
threshold,14,50,1.0,Panel-DOSE (unpenalised),0.4516989095378533,0.265094668128882,0.2231293102323122,0.8823529411764706,1.0
threshold,15,50,1.0,TWFE,1.2760082940171575,0.8192217986196715,0.5763385625093786,0.23529411764705882,
threshold,15,50,1.0,TWFE-interaction,0.865559613969205,0.6351860222737999,0.7923138514039592,0.17647058823529413,
threshold,15,50,1.0,FE-DML (constant),1.0155991261109907,0.272706387696514,0.029823151586221064,0.058823529411764705,
threshold,15,50,1.0,FE-DML + R-learner,0.8541878294892622,0.4090065530450322,0.16871165523698006,,
threshold,15,50,1.0,Pooled DML-sieve,1.1472668796737846,0.9646115919137775,0.7302517376452144,0.29411764705882354,
threshold,15,50,1.0,Panel-DOSE,0.9256312527154889,0.43408387308378593,0.2105466539689087,0.7647058823529411,0.0
threshold,15,50,1.0,Panel-DOSE (unpenalised),0.9256312527154889,0.43408387308378593,0.2105466539689087,0.7647058823529411,0.0
threshold,16,50,1.0,TWFE,1.1609602351399315,0.6251046764416648,0.6625308810769133,0.23529411764705882,
threshold,16,50,1.0,TWFE-interaction,1.17290374230314,0.9517792848856061,0.917562167996604,0.17647058823529413,
threshold,16,50,1.0,FE-DML (constant),0.981253296127361,0.07606063432475044,0.11348683895999878,0.11764705882352941,
threshold,16,50,1.0,FE-DML + R-learner,0.6277598527940204,0.1959543704882965,0.2910585691974785,,
threshold,16,50,1.0,Pooled DML-sieve,1.311588114076622,0.8561629114543717,0.8462430261868381,0.5294117647058824,
threshold,16,50,1.0,Panel-DOSE,0.14683908203992674,0.14126290954891857,0.14448358683391227,1.0,1.0
threshold,16,50,1.0,Panel-DOSE (unpenalised),0.23037893579102814,0.1599514306021116,0.14937767362827037,1.0,1.0
threshold,17,50,1.0,TWFE,1.0093111389410556,0.24826631693317586,0.15004493694446797,0.11764705882352941,
threshold,17,50,1.0,TWFE-interaction,0.7353997448607171,0.2103331475357006,0.32740942857053335,0.17647058823529413,
threshold,17,50,1.0,FE-DML (constant),0.9787792020618853,0.030592733156320183,-0.06762864683238767,0.058823529411764705,
threshold,17,50,1.0,FE-DML + R-learner,0.4477854765083259,-0.03601770213443771,-0.030738093564322,,
threshold,17,50,1.0,Pooled DML-sieve,0.4313107440138226,0.33140919087372955,0.34513681584590583,0.6470588235294118,
threshold,17,50,1.0,Panel-DOSE,0.24515571188717505,-0.10540388753169276,-0.063762641892264,1.0,1.0
threshold,17,50,1.0,Panel-DOSE (unpenalised),0.14139883875148582,-0.07879814402577526,-0.07388130821128569,1.0,1.0
threshold,18,50,1.0,TWFE,1.1199014306464519,0.5450746768077219,0.5078287322832805,0.17647058823529413,
threshold,18,50,1.0,TWFE-interaction,0.950108312659119,0.6156162933823027,0.684812204801598,0.11764705882352941,
threshold,18,50,1.0,FE-DML (constant),0.9850284662513371,0.11492723027435547,0.07768128574991418,0.11764705882352941,
threshold,18,50,1.0,FE-DML + R-learner,0.5388545741523142,0.06611491414253538,0.081315262281063,,
threshold,18,50,1.0,Pooled DML-sieve,0.6683639686891009,0.6450069098434051,0.6581626510617352,0.47058823529411764,
threshold,18,50,1.0,Panel-DOSE,0.22597779641503554,0.13264921751076145,0.1522155552152784,1.0,1.0
threshold,18,50,1.0,Panel-DOSE (unpenalised),0.2945163856268159,0.14234619453870756,0.1631688714521501,1.0,1.0
threshold,19,50,1.0,TWFE,1.0652572017562938,0.42154489064241124,0.3819832713046132,0.17647058823529413,
threshold,19,50,1.0,TWFE-interaction,0.9188184140993894,0.474627859970524,0.6281862722242582,0.17647058823529413,
threshold,19,50,1.0,FE-DML (constant),0.9787473433647728,0.02955589749395928,-0.010005721843838744,0.058823529411764705,
threshold,19,50,1.0,FE-DML + R-learner,0.8827837264424498,0.3130620653101172,0.17495395205232156,,
threshold,19,50,1.0,Pooled DML-sieve,0.9129184518692628,0.7679186217869197,0.7316722572919003,0.47058823529411764,
threshold,19,50,1.0,Panel-DOSE,0.8728560317150705,-0.005867899539337633,0.08360153626754552,0.7647058823529411,1.0
threshold,19,50,1.0,Panel-DOSE (unpenalised),0.8728560317150705,-0.005867899539337633,0.08360153626754552,0.7647058823529411,1.0
threshold,20,50,1.0,TWFE,1.2790853915807612,0.8240064489361609,0.930978224641447,0.4117647058823529,
threshold,20,50,1.0,TWFE-interaction,1.2360835072850351,1.165475557389095,1.1109078429349952,0.058823529411764705,
threshold,20,50,1.0,FE-DML (constant),0.9791585266851063,-0.040970834909983385,0.0660009407953025,0.058823529411764705,
threshold,20,50,1.0,FE-DML + R-learner,0.5870857663928453,0.28768154929220224,0.1695735877896094,,
threshold,20,50,1.0,Pooled DML-sieve,0.925639018834649,0.8947947137341806,0.8804269102287313,0.11764705882352941,
threshold,20,50,1.0,Panel-DOSE,0.3071983351968364,0.05602746792487846,0.08591732827391618,0.6470588235294118,0.0
threshold,20,50,1.0,Panel-DOSE (unpenalised),0.340384022000164,0.04758851019837675,0.10700651884096468,0.9411764705882353,1.0
threshold,21,50,1.0,TWFE,1.0437723421290934,0.36385146849604194,0.41445646618672805,0.11764705882352941,
threshold,21,50,1.0,TWFE-interaction,1.020169159753391,0.7349371852971827,0.7026545664778414,0.17647058823529413,
threshold,21,50,1.0,FE-DML (constant),0.9811709946315755,-0.07499139710252276,-0.024386399411836734,0.11764705882352941,
threshold,21,50,1.0,FE-DML + R-learner,0.7401543000117601,-0.05110460022588216,0.05729473653077799,,
threshold,21,50,1.0,Pooled DML-sieve,1.066046619624044,0.9257170322752838,0.9762829738582097,0.29411764705882354,
threshold,21,50,1.0,Panel-DOSE,0.5269262430455723,-0.04191477910951164,0.14503795612399717,0.7647058823529411,1.0
threshold,21,50,1.0,Panel-DOSE (unpenalised),0.5269262430455723,-0.04191477910951164,0.14503795612399717,0.7647058823529411,1.0
threshold,22,50,1.0,TWFE,1.1647065388405191,0.6320352130624799,0.5604489859762265,0.23529411764705882,
threshold,22,50,1.0,TWFE-interaction,0.8367769608568518,0.6109151555929302,0.69032122654733,0.17647058823529413,
threshold,22,50,1.0,FE-DML (constant),0.978303124464551,-0.0020475034007695152,-0.07363373048702293,0.058823529411764705,
threshold,22,50,1.0,FE-DML + R-learner,0.6500872967334339,0.06871084280194595,0.019949348507137366,,
threshold,22,50,1.0,Pooled DML-sieve,0.4040534874858107,0.3474033073816345,0.40265634726512367,0.8235294117647058,
threshold,22,50,1.0,Panel-DOSE,0.16914197742264414,-0.09719098223957187,-0.06610344183610983,1.0,1.0
threshold,22,50,1.0,Panel-DOSE (unpenalised),0.288256173983038,-0.05992859432246183,-0.06328720220002226,1.0,1.0
threshold,23,50,1.0,TWFE,1.237972616083634,0.7586193954190926,0.786609991828333,0.17647058823529413,
threshold,23,50,1.0,TWFE-interaction,1.0255781063082532,0.8287245693502656,0.9200420094839333,0.23529411764705882,
threshold,23,50,1.0,FE-DML (constant),0.979390826517396,0.04619069169758285,0.07418128810682323,0.058823529411764705,
threshold,23,50,1.0,FE-DML + R-learner,0.5651376242073896,-0.11557004551872402,0.04298728352394032,,
threshold,23,50,1.0,Pooled DML-sieve,0.8764819953301227,0.4330657642477347,0.5914967205166278,0.47058823529411764,
threshold,23,50,1.0,Panel-DOSE,0.2832366016625608,0.15582345936042516,0.1627975687530272,0.7058823529411765,0.0
threshold,23,50,1.0,Panel-DOSE (unpenalised),0.5683803247847067,0.011886048617447647,0.14341053437942264,0.8823529411764706,1.0
threshold,24,50,1.0,TWFE,1.1256312332026657,0.5567520651909854,0.6548674801143853,0.17647058823529413,
threshold,24,50,1.0,TWFE-interaction,0.7724126332058328,0.667738226062518,0.6570161906600108,0.23529411764705882,
threshold,24,50,1.0,FE-DML (constant),0.978302448353281,-0.0016939265323946211,0.0964214883910054,0.058823529411764705,
threshold,24,50,1.0,FE-DML + R-learner,0.554576822054837,0.19862183272393277,0.17832289595727713,,
threshold,24,50,1.0,Pooled DML-sieve,0.9559790093450414,0.829760661954822,0.853494025200051,0.35294117647058826,
threshold,24,50,1.0,Panel-DOSE,0.3410346131871886,0.15254138491014893,0.04633942603123031,0.9411764705882353,1.0
threshold,24,50,1.0,Panel-DOSE (unpenalised),0.41870794134687744,0.15746461854648391,0.024880638951620848,0.8235294117647058,1.0
threshold,25,50,1.0,TWFE,1.2067182482019772,0.7064673520246506,0.7028948240042858,0.23529411764705882,
threshold,25,50,1.0,TWFE-interaction,0.9290246548116979,0.7854247722000869,0.8208925026973617,0.17647058823529413,
threshold,25,50,1.0,FE-DML (constant),0.9790092301486955,0.037232534823921214,0.03366000680355641,0.058823529411764705,
threshold,25,50,1.0,FE-DML + R-learner,0.45106995266372796,0.14364259540557137,0.10728709707852913,,
threshold,25,50,1.0,Pooled DML-sieve,0.5307538400450433,0.43036117044286815,0.44881011930356496,0.47058823529411764,
threshold,25,50,1.0,Panel-DOSE,0.24991950292175627,-0.03206317790039742,0.012234672703100635,1.0,1.0
threshold,25,50,1.0,Panel-DOSE (unpenalised),0.38746860982088166,-0.05049583204747621,0.00427848289867383,0.8823529411764706,1.0
threshold,26,50,1.0,TWFE,1.0558469441127247,0.3971649006713113,0.17440261982134286,0.11764705882352941,
threshold,26,50,1.0,TWFE-interaction,0.6595341532567607,0.39851891396034683,0.5139916889900755,0.17647058823529413,
threshold,26,50,1.0,FE-DML (constant),0.9834357080928777,0.10036424106828568,-0.12239803978168273,0.11764705882352941,
threshold,26,50,1.0,FE-DML + R-learner,0.6786214600401889,-0.3217415209369802,-0.08037712527655816,,
threshold,26,50,1.0,Pooled DML-sieve,0.6887086832824633,0.6620643130867873,0.7195768400704083,0.4117647058823529,
threshold,26,50,1.0,Panel-DOSE,0.27969937824855945,-0.13816009988531971,-0.06897088559244835,1.0,1.0
threshold,26,50,1.0,Panel-DOSE (unpenalised),0.2973919021498068,-0.1053684908808298,-0.10733038228070058,1.0,1.0
threshold,27,50,1.0,TWFE,1.135844637985658,0.5771223705366513,0.42498966850657705,0.17647058823529413,
threshold,27,50,1.0,TWFE-interaction,0.6775649106564908,0.4232232460794092,0.5362061964838907,0.17647058823529413,
threshold,27,50,1.0,FE-DML (constant),0.979179800999998,0.04147615724086283,-0.11065654478921128,0.058823529411764705,
threshold,27,50,1.0,FE-DML + R-learner,0.7213844714210308,-0.0800341765292953,-0.012660149873851556,,
threshold,27,50,1.0,Pooled DML-sieve,0.5610209402264349,0.466016720016953,0.48386942005196465,0.4117647058823529,
threshold,27,50,1.0,Panel-DOSE,0.40449262433305155,-0.02112646506132194,0.014345387973160206,0.7647058823529411,0.0
threshold,27,50,1.0,Panel-DOSE (unpenalised),0.38415997315698736,-0.11050875897281648,0.009962316809692395,1.0,1.0
threshold,28,50,1.0,TWFE,1.1531996709034684,0.6105707738705983,0.48892751554603875,0.17647058823529413,
threshold,28,50,1.0,TWFE-interaction,0.7207547012900382,0.5394695901368705,0.5894416259833543,0.23529411764705882,
threshold,28,50,1.0,FE-DML (constant),0.982255794062707,0.08805472107066184,-0.033588537253897655,0.058823529411764705,
threshold,28,50,1.0,FE-DML + R-learner,0.9243389900941168,0.29279598188850436,0.04356826116065815,,
threshold,28,50,1.0,Pooled DML-sieve,1.0305163934720116,0.8339585823183333,0.6903990005285913,0.4117647058823529,
threshold,28,50,1.0,Panel-DOSE,0.6956420058887399,0.20341315383893663,0.04530540396544602,0.8823529411764706,1.0
threshold,28,50,1.0,Panel-DOSE (unpenalised),1.0922550049900082,0.30684228610048647,0.0547914321508447,0.8823529411764706,0.0
threshold,29,50,1.0,TWFE,0.999622282907373,0.2053579738359851,0.3844262536153946,0.11764705882352941,
threshold,29,50,1.0,TWFE-interaction,0.501958654254644,0.2951038341173573,0.28458249491924803,0.5294117647058824,
threshold,29,50,1.0,FE-DML (constant),0.99651812472651,-0.1896722484748712,-0.010603968695461652,0.11764705882352941,
threshold,29,50,1.0,FE-DML + R-learner,0.7601657857831823,-0.023496575452231175,-0.008468741607284058,,
threshold,29,50,1.0,Pooled DML-sieve,0.5736768335668487,0.4239559845101085,0.5454734459159198,0.47058823529411764,
threshold,29,50,1.0,Panel-DOSE,0.3054223741000653,-0.11775413282249139,-0.04060585634828795,0.8823529411764706,1.0
threshold,29,50,1.0,Panel-DOSE (unpenalised),0.4206997590559518,-0.1007532431570367,-0.024296710988599535,0.7058823529411765,0.0
threshold,30,50,1.0,TWFE,1.2770548906093457,0.8208510111843202,0.6790407324330353,0.4117647058823529,
threshold,30,50,1.0,TWFE-interaction,0.9213018439685755,0.6411928997677305,0.7665670379297583,0.17647058823529413,
threshold,30,50,1.0,FE-DML (constant),0.9945496683637182,0.17904254180349163,0.037232263052206616,0.11764705882352941,
threshold,30,50,1.0,FE-DML + R-learner,0.8157936043836012,0.5254233499320691,0.23012380190207427,,
threshold,30,50,1.0,Pooled DML-sieve,0.6903750018500358,0.6549330160992197,0.7237155941777719,0.17647058823529413,
threshold,30,50,1.0,Panel-DOSE,0.1936422360664274,0.07815365834248392,0.10429177120569588,1.0,1.0
threshold,30,50,1.0,Panel-DOSE (unpenalised),0.3105086382021289,0.10175279521512441,0.09973253895789613,0.8823529411764706,1.0
threshold,31,50,1.0,TWFE,1.3331680788545723,0.905684445825291,0.5516710870144776,0.4117647058823529,
threshold,31,50,1.0,TWFE-interaction,0.8867209867222334,0.6526919921658092,0.7841537822979605,0.29411764705882354,
threshold,31,50,1.0,FE-DML (constant),1.090721745572801,0.48228737822842843,0.12827401941761507,0.11764705882352941,
threshold,31,50,1.0,FE-DML + R-learner,0.7396429733523638,0.39920970854465876,0.1492156654142478,,
threshold,31,50,1.0,Pooled DML-sieve,0.9575836792912477,0.9033704678333138,0.7406714592839696,0.058823529411764705,
threshold,31,50,1.0,Panel-DOSE,0.6180310212309388,0.46561033733910073,0.2473243929826039,0.47058823529411764,0.0
threshold,31,50,1.0,Panel-DOSE (unpenalised),0.6998397119393774,0.49036838625349916,0.22752990614356605,0.7647058823529411,0.0
threshold,32,50,1.0,TWFE,1.2701489048768293,0.8100650773196446,0.7107860773531366,0.47058823529411764,
threshold,32,50,1.0,TWFE-interaction,0.9369073833471373,0.787560841709273,0.90441333068644,0.17647058823529413,
threshold,32,50,1.0,FE-DML (constant),1.0191398120702513,0.28561012846126477,0.18633112849475675,0.11764705882352941,
threshold,32,50,1.0,FE-DML + R-learner,0.795240550916458,0.45884334166609736,0.2517193492167028,,
threshold,32,50,1.0,Pooled DML-sieve,0.7732571184322655,0.7384276577368659,0.6624397189003218,0.35294117647058826,
threshold,32,50,1.0,Panel-DOSE,0.270275698214367,0.23513267291931436,0.23374655315205206,1.0,1.0
threshold,32,50,1.0,Panel-DOSE (unpenalised),0.41506045594066554,0.1984738215070991,0.23275996984018665,0.9411764705882353,1.0
threshold,33,50,1.0,TWFE,1.1302102085335182,0.565952563742273,0.36610229672016925,0.17647058823529413,
threshold,33,50,1.0,TWFE-interaction,0.7291123258235939,0.37910663632485575,0.5277797798497452,0.17647058823529413,
threshold,33,50,1.0,FE-DML (constant),1.0020718910100208,0.21696834719717142,0.017118080175067663,0.11764705882352941,
threshold,33,50,1.0,FE-DML + R-learner,0.8013148033416195,0.2413215061730003,0.10298087419486746,,
threshold,33,50,1.0,Pooled DML-sieve,1.158728169038538,0.9090925047537536,0.6765198705612787,0.35294117647058826,
threshold,33,50,1.0,Panel-DOSE,0.3133453726517615,0.16129390348195807,0.1457316723967539,1.0,1.0
threshold,33,50,1.0,Panel-DOSE (unpenalised),0.3959419260716036,0.18535618464764497,0.16289712882096752,0.9411764705882353,1.0
threshold,34,50,1.0,TWFE,1.089484151764241,0.47948191402650503,0.47645752171715083,0.17647058823529413,
threshold,34,50,1.0,TWFE-interaction,0.8454132780322726,0.6223502022878202,0.64455661165973,0.17647058823529413,
threshold,34,50,1.0,FE-DML (constant),0.9818146200431949,0.08298877673297947,0.07996438442362519,0.11764705882352941,
threshold,34,50,1.0,FE-DML + R-learner,0.6501403603020232,-0.18200390820794457,0.058918052387395115,,
threshold,34,50,1.0,Pooled DML-sieve,0.524271366943992,0.4705443634584534,0.49529036017820227,0.4117647058823529,
threshold,34,50,1.0,Panel-DOSE,0.3532850585427344,-0.012192670256238087,0.08722586881288497,0.7058823529411765,0.0
threshold,34,50,1.0,Panel-DOSE (unpenalised),0.3888307943649879,-0.037311084878983374,0.10345441858510895,1.0,1.0
threshold,35,50,1.0,TWFE,1.1899098962478294,0.6773571806082765,0.5375558979850902,0.23529411764705882,
threshold,35,50,1.0,TWFE-interaction,0.8558531127725824,0.568535059505471,0.6946990087825425,0.17647058823529413,
threshold,35,50,1.0,FE-DML (constant),0.9949945826353219,0.18149768154638127,0.04169639892319499,0.11764705882352941,
threshold,35,50,1.0,FE-DML + R-learner,0.5439151526148148,0.29180281466417535,0.18517136923622013,,
threshold,35,50,1.0,Pooled DML-sieve,0.9205830334343077,0.8338831253188005,0.8313574420661901,0.6470588235294118,
threshold,35,50,1.0,Panel-DOSE,0.2595334618670434,0.07368507139024795,0.11112212944227451,1.0,1.0
threshold,35,50,1.0,Panel-DOSE (unpenalised),0.3944486985480155,0.07840603853842204,0.08815330268238308,0.9411764705882353,1.0
threshold,36,50,1.0,TWFE,1.0842335535310421,0.4674286978092215,0.39895520094960424,0.11764705882352941,
threshold,36,50,1.0,TWFE-interaction,0.6764480940849774,0.48058340616251405,0.5548121531959507,0.23529411764705882,
threshold,36,50,1.0,FE-DML (constant),0.9827583672153235,0.09349437023052065,0.025020873370903307,0.11764705882352941,
threshold,36,50,1.0,FE-DML + R-learner,0.5427355058945637,-0.024326885853393408,0.1014372857763246,,
threshold,36,50,1.0,Pooled DML-sieve,0.7326425076575005,0.6846837320431723,0.7353041966395488,0.17647058823529413,
threshold,36,50,1.0,Panel-DOSE,0.29506971473796095,0.09205663929575371,0.1350003897943931,0.7647058823529411,0.0
threshold,36,50,1.0,Panel-DOSE (unpenalised),0.26085899394334994,0.10510426398461599,0.08003682275513802,1.0,1.0
threshold,37,50,1.0,TWFE,1.3449308184853086,0.9229117484595344,0.7676209841101633,0.4117647058823529,
threshold,37,50,1.0,TWFE-interaction,0.992066685020491,0.7192461027920546,0.8561855019122198,0.17647058823529413,
threshold,37,50,1.0,FE-DML (constant),0.9953340659848067,0.18334964369455578,0.028058879345184584,0.11764705882352941,
threshold,37,50,1.0,FE-DML + R-learner,0.458834210810702,-0.05346091946345326,0.22354287127686145,,
threshold,37,50,1.0,Pooled DML-sieve,0.7691035156881121,0.7363592856050695,0.7223777018912516,0.5294117647058824,
threshold,37,50,1.0,Panel-DOSE,0.2725083255361238,0.058034889683112094,0.1222502164412973,0.8235294117647058,1.0
threshold,37,50,1.0,Panel-DOSE (unpenalised),0.41694298280747066,0.060629978367694994,0.12219098431771891,0.8823529411764706,0.0
threshold,38,50,1.0,TWFE,1.0228590214053956,0.2986097228883827,0.24846072684577658,0.11764705882352941,
threshold,38,50,1.0,TWFE-interaction,0.6488955541743662,0.3307985765903326,0.3474574339848815,0.23529411764705882,
threshold,38,50,1.0,FE-DML (constant),0.9833968286120793,-0.09998255576533471,-0.1501315518079409,0.11764705882352941,
threshold,38,50,1.0,FE-DML + R-learner,0.9346749715638869,-0.2598186456334779,-0.25455104255233385,,
threshold,38,50,1.0,Pooled DML-sieve,0.8617536876331879,0.6223925658817828,0.5890209729317877,0.23529411764705882,
threshold,38,50,1.0,Panel-DOSE,0.4567275634181604,-0.22957919099997318,-0.20446662808397487,0.9411764705882353,1.0
threshold,38,50,1.0,Panel-DOSE (unpenalised),0.6678659982901501,-0.3297558453337636,-0.23646667959183365,0.7647058823529411,0.0
threshold,39,50,1.0,TWFE,1.2188275304000884,0.726957865212456,0.564076179544516,0.23529411764705882,
threshold,39,50,1.0,TWFE-interaction,1.0038135496616503,0.7759541181519664,0.8491236293890146,0.11764705882352941,
threshold,39,50,1.0,FE-DML (constant),1.0121901813039833,0.259723222029267,0.0968415363613272,0.11764705882352941,
threshold,39,50,1.0,FE-DML + R-learner,0.4562833741434072,0.11708988204990158,0.21875640500147042,,
threshold,39,50,1.0,Pooled DML-sieve,0.9429049931977096,0.907855793754388,0.874364903711275,0.058823529411764705,
threshold,39,50,1.0,Panel-DOSE,0.33848279104043527,0.2193751394425931,0.18794598176541577,0.6470588235294118,0.0
threshold,39,50,1.0,Panel-DOSE (unpenalised),0.38075088486694725,0.18215583636237861,0.13319971069214664,1.0,1.0
threshold,40,50,1.0,TWFE,1.185729798547265,0.6699868238226859,0.6456807764588506,0.23529411764705882,
threshold,40,50,1.0,TWFE-interaction,0.9978304205698251,0.8445472602670507,0.8446611830192783,0.17647058823529413,
threshold,40,50,1.0,FE-DML (constant),0.9796995413467927,0.05232953514210951,0.028023487778274125,0.11764705882352941,
threshold,40,50,1.0,FE-DML + R-learner,0.7554666626531439,0.3257263551519483,0.1332588421186559,,
threshold,40,50,1.0,Pooled DML-sieve,0.6950649065745264,0.5846899713751581,0.5715515818435977,0.47058823529411764,
threshold,40,50,1.0,Panel-DOSE,0.2780525314293658,0.12582504224368715,0.10152004090975897,0.7058823529411765,0.0
threshold,40,50,1.0,Panel-DOSE (unpenalised),0.22862199031385544,0.12826473280156564,0.07722246800537491,1.0,1.0
threshold,41,50,1.0,TWFE,1.0753294407414782,0.4463861501642422,0.5189434767100266,0.11764705882352941,
threshold,41,50,1.0,TWFE-interaction,0.9816825335477386,0.5598984975830087,0.6292817824973639,0.17647058823529413,
threshold,41,50,1.0,FE-DML (constant),0.9783036663606943,0.0022918437664570996,0.07484917031224148,0.17647058823529413,
threshold,41,50,1.0,FE-DML + R-learner,0.8438542030305414,0.23793050908044044,0.19689001852522636,,
threshold,41,50,1.0,Pooled DML-sieve,1.1535170884293826,0.8401232943575621,0.7438359932622317,0.5294117647058824,
threshold,41,50,1.0,Panel-DOSE,0.5699149082919651,0.16906845448679816,0.14042785318780848,0.8823529411764706,1.0
threshold,41,50,1.0,Panel-DOSE (unpenalised),0.6314908147509706,0.146223083030558,0.1266688002822186,0.9411764705882353,1.0
threshold,42,50,1.0,TWFE,1.129043396803123,0.563618825801452,0.6307747139260487,0.17647058823529413,
threshold,42,50,1.0,TWFE-interaction,0.9621509741845601,0.7230915255418867,0.7300464871041259,0.23529411764705882,
threshold,42,50,1.0,FE-DML (constant),0.9797390422128908,0.0530639215409631,0.12021980966555978,0.11764705882352941,
threshold,42,50,1.0,FE-DML + R-learner,0.7983951317348248,0.1666202783538446,0.24509147085092997,,
threshold,42,50,1.0,Pooled DML-sieve,0.8252801495784985,0.7898851452195147,0.8046174533460777,0.29411764705882354,
threshold,42,50,1.0,Panel-DOSE,0.47049536849123796,0.3330047317805247,0.26986677756107735,0.7058823529411765,1.0
threshold,42,50,1.0,Panel-DOSE (unpenalised),0.43871001788921665,0.3078710386519572,0.2616916533073135,0.9411764705882353,1.0
threshold,43,50,1.0,TWFE,1.0600132537292137,0.4081118560084573,0.46836290951269455,0.11764705882352941,
threshold,43,50,1.0,TWFE-interaction,0.9481581363016601,0.604650412630014,0.6457387942896798,0.11764705882352941,
threshold,43,50,1.0,FE-DML (constant),0.9944775727070894,-0.17864162882838167,-0.11839057532414432,0.11764705882352941,
threshold,43,50,1.0,FE-DML + R-learner,0.6017581364716305,0.3008827749559366,0.12875431362857515,,
threshold,43,50,1.0,Pooled DML-sieve,0.7430293910909774,0.6003267523340048,0.6477868829899466,0.7647058823529411,
threshold,43,50,1.0,Panel-DOSE,0.36040128159062323,0.1647516683980651,0.11647964253007226,1.0,1.0
threshold,43,50,1.0,Panel-DOSE (unpenalised),0.4511362732284789,0.19472330835916402,0.12684337423197745,0.8823529411764706,1.0
threshold,44,50,1.0,TWFE,1.1497847056675659,0.6040960671285025,0.6580149772017182,0.17647058823529413,
threshold,44,50,1.0,TWFE-interaction,1.2058076954085657,0.9420267703885838,0.9010790169517758,0.23529411764705882,
threshold,44,50,1.0,FE-DML (constant),0.9870280197830362,0.13096373837782238,0.1848826484510382,0.11764705882352941,
threshold,44,50,1.0,FE-DML + R-learner,0.7940812053897613,0.23877162279259098,0.3225179876901244,,
threshold,44,50,1.0,Pooled DML-sieve,1.3831487817542027,1.2105634098814566,0.9610224478569472,0.0,
threshold,44,50,1.0,Panel-DOSE,0.43180222613294467,0.32263018151773104,0.25624821979397394,0.7058823529411765,0.0
threshold,44,50,1.0,Panel-DOSE (unpenalised),0.391437325477079,0.32661608792586067,0.27303887409911753,1.0,1.0
threshold,45,50,1.0,TWFE,1.1200787813317352,0.5454389657172087,0.3353085566995191,0.17647058823529413,
threshold,45,50,1.0,TWFE-interaction,0.8709208646433849,0.5786573432843686,0.7133934015100676,0.17647058823529413,
threshold,45,50,1.0,FE-DML (constant),0.9901833645181616,0.1529388253570021,-0.05719158366068744,0.11764705882352941,
threshold,45,50,1.0,FE-DML + R-learner,0.8275634284670633,0.23753015724098223,0.18414760915885853,,
threshold,45,50,1.0,Pooled DML-sieve,0.821338372333837,0.6866689282081486,0.7699832111336464,0.23529411764705882,
threshold,45,50,1.0,Panel-DOSE,0.3614310052671963,0.046085406765166516,0.10064117906168457,0.8235294117647058,1.0
threshold,45,50,1.0,Panel-DOSE (unpenalised),0.2590592574753071,0.00692155521741925,0.041707568375803916,1.0,1.0
threshold,46,50,1.0,TWFE,1.1603162271142575,0.6239077943396273,0.3743375311800955,0.29411764705882354,
threshold,46,50,1.0,TWFE-interaction,0.7900890871138976,0.6875980022745811,0.7035782504878224,0.17647058823529413,
threshold,46,50,1.0,FE-DML (constant),0.9793962399752004,-0.04630533242115096,-0.29587559558068277,0.11764705882352941,
threshold,46,50,1.0,FE-DML + R-learner,0.83182007813389,0.23347826011916298,-0.1803701633272885,,
threshold,46,50,1.0,Pooled DML-sieve,0.5345162300682287,0.32507056727544553,0.33722848290491225,0.9411764705882353,
threshold,46,50,1.0,Panel-DOSE,0.3138662049451672,-0.2590652761132978,-0.21463642376856829,0.8235294117647058,1.0
threshold,46,50,1.0,Panel-DOSE (unpenalised),0.33443231780948285,-0.2497314201390516,-0.17192636832873265,1.0,1.0
threshold,47,50,1.0,TWFE,1.1222996381776589,0.5499851514239062,0.5657200169930418,0.17647058823529413,
threshold,47,50,1.0,TWFE-interaction,0.9418850827982634,0.7441882077204234,0.7524354976426434,0.23529411764705882,
threshold,47,50,1.0,FE-DML (constant),0.9785714237825271,-0.023004790301921773,-0.007269924732786204,0.058823529411764705,
threshold,47,50,1.0,FE-DML + R-learner,0.7932753538220312,-0.030838135360845786,0.005313928044702543,,
threshold,47,50,1.0,Pooled DML-sieve,1.0403818113280503,1.026935325532575,1.0366803809077005,0.058823529411764705,
threshold,47,50,1.0,Panel-DOSE,0.24953910278221778,0.025552772135582588,0.044463368551553306,0.9411764705882353,1.0
threshold,47,50,1.0,Panel-DOSE (unpenalised),0.425611173878113,-0.08493803201298565,0.011254559564669364,0.9411764705882353,1.0
threshold,48,50,1.0,TWFE,1.1453968791981834,0.5957022744710745,0.46559987343277986,0.17647058823529413,
threshold,48,50,1.0,TWFE-interaction,0.7954436945786723,0.5076986307355978,0.5955557050343058,0.29411764705882354,
threshold,48,50,1.0,FE-DML (constant),0.9783137092040746,-0.0049902454556753255,-0.1350926464939699,0.058823529411764705,
threshold,48,50,1.0,FE-DML + R-learner,0.8797086896384525,-0.12545828811611753,-0.06510403557242928,,
threshold,48,50,1.0,Pooled DML-sieve,0.9178445232755724,0.828881863695305,0.7223738667203164,0.23529411764705882,
threshold,48,50,1.0,Panel-DOSE,0.5708330151579478,0.027459752954611463,-0.06571364558710568,0.7058823529411765,0.0
threshold,48,50,1.0,Panel-DOSE (unpenalised),0.7208708494414682,0.08004259301512433,-0.06260795345827008,0.7058823529411765,0.0
threshold,49,50,1.0,TWFE,1.2301560154732256,0.7457955559924154,0.8182938602767011,0.35294117647058826,
threshold,49,50,1.0,TWFE-interaction,1.2262226934654752,1.093042017284325,1.0794112787975418,0.17647058823529413,
threshold,49,50,1.0,FE-DML (constant),0.9904744066952584,0.15481194802532938,0.2273102523096152,0.11764705882352941,
threshold,49,50,1.0,FE-DML + R-learner,0.789649431344537,0.4636362494012455,0.3577405099776372,,
threshold,49,50,1.0,Pooled DML-sieve,0.7676612178194395,0.7231887313566857,0.6861151002095256,0.17647058823529413,
threshold,49,50,1.0,Panel-DOSE,0.4047287217759091,0.32027341336773874,0.2679916648452575,0.7058823529411765,0.0
threshold,49,50,1.0,Panel-DOSE (unpenalised),0.4794775260247865,0.2972752200695154,0.25017569627194447,0.8235294117647058,1.0
threshold,0,200,1.0,TWFE,1.1168750069112092,0.5388292586673318,0.48987094938616516,0.11764705882352941,
threshold,0,200,1.0,TWFE-interaction,0.7916244055451479,0.5547191821251607,0.6088440301754648,0.11764705882352941,
threshold,0,200,1.0,FE-DML (constant),0.9811437766976351,0.0746344390048718,0.025676129723705032,0.058823529411764705,
threshold,0,200,1.0,FE-DML + R-learner,0.5038953541567465,-0.06390914095863748,0.051648726261079636,,
threshold,0,200,1.0,Pooled DML-sieve,0.6165701734056459,0.6107333450604413,0.607046479172492,0.058823529411764705,
threshold,0,200,1.0,Panel-DOSE,0.19129757888550025,0.05525369788464346,0.07023443016911646,0.8235294117647058,0.0
threshold,0,200,1.0,Panel-DOSE (unpenalised),0.24919569231977287,0.03386480749224509,0.06569783887812919,0.8823529411764706,1.0
threshold,1,200,1.0,TWFE,1.1416959646343208,0.5885548951417915,0.5595504613803554,0.11764705882352941,
threshold,1,200,1.0,TWFE-interaction,0.8894375631238077,0.7291031704409928,0.7785505688806144,0.11764705882352941,
threshold,1,200,1.0,FE-DML (constant),0.9824335302452792,-0.0900157224226695,-0.11902015618410566,0.058823529411764705,
threshold,1,200,1.0,FE-DML + R-learner,0.4283989782858362,-0.16868667841028662,0.019611830761832705,,
threshold,1,200,1.0,Pooled DML-sieve,0.5419552416799535,0.4809878763918768,0.484966697399018,0.23529411764705882,
threshold,1,200,1.0,Panel-DOSE,0.18352103988699967,-0.025947132967144015,-0.03167321770665121,0.9411764705882353,1.0
threshold,1,200,1.0,Panel-DOSE (unpenalised),0.27572816719936116,-0.039271024763144105,-0.026534599848671903,0.8235294117647058,0.0
threshold,2,200,1.0,TWFE,1.1025686813292868,0.5085124246085589,0.4603085379917644,0.11764705882352941,
threshold,2,200,1.0,TWFE-interaction,0.820981104141344,0.582714328166026,0.6342189752917609,0.11764705882352941,
threshold,2,200,1.0,FE-DML (constant),0.9783279883275583,0.007269228165365369,-0.040934658451429184,0.058823529411764705,
threshold,2,200,1.0,FE-DML + R-learner,0.5030880188710987,0.012275534093602753,0.0724362485820983,,
threshold,2,200,1.0,Pooled DML-sieve,0.6232681503046907,0.6002738094821652,0.5909309321485197,0.0,
threshold,2,200,1.0,Panel-DOSE,0.1336608832098267,0.061747054777597385,0.04668948128960326,1.0,1.0
threshold,2,200,1.0,Panel-DOSE (unpenalised),0.1933171571798411,0.08018221596869855,0.05249332322438893,0.8823529411764706,1.0
threshold,3,200,1.0,TWFE,1.1170626789247364,0.5392181539781299,0.5070273658870176,0.11764705882352941,
threshold,3,200,1.0,TWFE-interaction,0.843695163916752,0.6797111598709078,0.6985530130566776,0.11764705882352941,
threshold,3,200,1.0,FE-DML (constant),0.980918055949198,-0.07160601525170424,-0.1037968033428166,0.058823529411764705,
threshold,3,200,1.0,FE-DML + R-learner,0.3625164308980293,0.038190803540498065,-0.02055293159100191,,
threshold,3,200,1.0,Pooled DML-sieve,0.6393522617535589,0.6247797261207841,0.6172516256317236,0.058823529411764705,
threshold,3,200,1.0,Panel-DOSE,0.07473974595889812,-0.04338294415549566,-0.03345803523291191,1.0,1.0
threshold,3,200,1.0,Panel-DOSE (unpenalised),0.13044376114854175,-0.015421509037128996,-0.04027952618263775,0.8823529411764706,1.0
threshold,4,200,1.0,TWFE,1.0659622562398647,0.4233234232369575,0.521706840287428,0.058823529411764705,
threshold,4,200,1.0,TWFE-interaction,0.9487702662936549,0.7322270504290254,0.7134487311667362,0.11764705882352941,
threshold,4,200,1.0,FE-DML (constant),0.9796207065696751,-0.050832250325384465,0.04755116672508597,0.058823529411764705,
threshold,4,200,1.0,FE-DML + R-learner,0.4390686226820787,0.18502111751703937,0.14825324108981675,,
threshold,4,200,1.0,Pooled DML-sieve,0.7163969145565117,0.6992312720769321,0.69409525793116,0.0,
threshold,4,200,1.0,Panel-DOSE,0.15004617035778964,0.11221285860315634,0.11958486321813655,0.7647058823529411,0.0
threshold,4,200,1.0,Panel-DOSE (unpenalised),0.1584470342025363,0.09162371419566201,0.11684117547535611,0.8235294117647058,1.0
threshold,5,200,1.0,TWFE,1.1773737824567267,0.6550848895750329,0.6054667880688143,0.058823529411764705,
threshold,5,200,1.0,TWFE-interaction,0.8784570581469135,0.6265590784800442,0.7016488065692366,0.11764705882352941,
threshold,5,200,1.0,FE-DML (constant),0.9796704588800677,0.0517822067447448,0.0021641052385261705,0.058823529411764705,
threshold,5,200,1.0,FE-DML + R-learner,0.3519253728615774,0.10129732143507311,0.02242907256490978,,
threshold,5,200,1.0,Pooled DML-sieve,0.63134413656377,0.6061983213491414,0.5863432883229047,0.0,
threshold,5,200,1.0,Panel-DOSE,0.11309073156904478,0.04780819595392336,0.05046638610017318,0.8823529411764706,1.0
threshold,5,200,1.0,Panel-DOSE (unpenalised),0.134912141631193,0.04728541263712042,0.05602750527366385,1.0,1.0
threshold,6,200,1.0,TWFE,1.2175872681831212,0.7248765029815143,0.6388843328976651,0.11764705882352941,
threshold,6,200,1.0,TWFE-interaction,0.9136468224196687,0.6970013835798079,0.7666907356778233,0.11764705882352941,
threshold,6,200,1.0,FE-DML (constant),0.9857249415889943,0.12075118800119167,0.034759017917342594,0.058823529411764705,
threshold,6,200,1.0,FE-DML + R-learner,0.5255547255133532,-0.06178306246942915,0.05766932337715136,,
threshold,6,200,1.0,Pooled DML-sieve,0.75330466299106,0.6074728782775835,0.6038387066043994,0.23529411764705882,
threshold,6,200,1.0,Panel-DOSE,0.24367211166654834,0.05293422282435252,0.0513475958166717,0.6470588235294118,0.0
threshold,6,200,1.0,Panel-DOSE (unpenalised),0.31039154083185905,0.033744349948611044,0.04194832986489361,0.7647058823529411,0.0
threshold,7,200,1.0,TWFE,1.180628472582084,0.6609166204632606,0.5631568161330294,0.058823529411764705,
threshold,7,200,1.0,TWFE-interaction,0.8488065064121811,0.6851021644867368,0.7253547749945917,0.11764705882352941,
threshold,7,200,1.0,FE-DML (constant),0.9810835390008376,0.073838333076263,-0.023921471253968152,0.058823529411764705,
threshold,7,200,1.0,FE-DML + R-learner,0.6147493216083559,0.12399242046001717,-0.00531781092062833,,
threshold,7,200,1.0,Pooled DML-sieve,0.513440971807853,0.4961204384559784,0.5009559297646342,0.11764705882352941,
threshold,7,200,1.0,Panel-DOSE,0.1454907176597404,0.02452685281153391,0.01854628654878665,0.8235294117647058,0.0
threshold,7,200,1.0,Panel-DOSE (unpenalised),0.12184163826677938,0.035052295689113215,0.013517569346139235,1.0,1.0
threshold,8,200,1.0,TWFE,1.1052664613942076,0.5143356293471673,0.43735266560544117,0.11764705882352941,
threshold,8,200,1.0,TWFE-interaction,0.8073542255500619,0.5551540160849388,0.601741684648567,0.11764705882352941,
threshold,8,200,1.0,FE-DML (constant),0.9819067136364862,0.08407129841674635,0.007088334675020347,0.058823529411764705,
threshold,8,200,1.0,FE-DML + R-learner,0.454933701204088,0.10264764471586459,0.02226690506966411,,
threshold,8,200,1.0,Pooled DML-sieve,0.5921665755897354,0.5493182001811361,0.5196648091699954,0.11764705882352941,
threshold,8,200,1.0,Panel-DOSE,0.188956609119237,0.042744511868591434,0.03942277742981559,0.9411764705882353,1.0
threshold,8,200,1.0,Panel-DOSE (unpenalised),0.2526879350218158,0.027095115000725294,0.03035985992078527,0.8823529411764706,1.0
threshold,9,200,1.0,TWFE,1.1526784234332528,0.6095857091350174,0.5673335809209884,0.11764705882352941,
threshold,9,200,1.0,TWFE-interaction,0.9014618567960879,0.650513374676221,0.7205168431883257,0.11764705882352941,
threshold,9,200,1.0,FE-DML (constant),0.9808193418785116,0.07024080250160561,0.027988674287576454,0.058823529411764705,
threshold,9,200,1.0,FE-DML + R-learner,0.6398063046692191,-0.13455102761720444,0.036690654929746436,,
threshold,9,200,1.0,Pooled DML-sieve,0.6266389071764934,0.6120924470094875,0.5952236045960787,0.0,
threshold,9,200,1.0,Panel-DOSE,0.10379591698822646,0.07518289442392835,0.0703700486048936,0.9411764705882353,1.0
threshold,9,200,1.0,Panel-DOSE (unpenalised),0.0860937705489266,0.05744732002559389,0.06182158421519213,1.0,1.0
threshold,10,200,1.0,TWFE,1.0690987848388864,0.4311605277353864,0.4186969023680176,0.058823529411764705,
threshold,10,200,1.0,TWFE-interaction,0.7970839366403221,0.5946524012192779,0.644530666665317,0.058823529411764705,
threshold,10,200,1.0,FE-DML (constant),0.9783014267229436,0.0009329851125171792,-0.01153064025485162,0.058823529411764705,
threshold,10,200,1.0,FE-DML + R-learner,0.3631033707904621,-0.0016550206884349402,0.011954930336660619,,
threshold,10,200,1.0,Pooled DML-sieve,0.6238095595258077,0.5855613783674632,0.6327633907667836,0.17647058823529413,
threshold,10,200,1.0,Panel-DOSE,0.14257635889734804,-0.0019713508907716255,0.028981811772213817,0.7647058823529411,0.0
threshold,10,200,1.0,Panel-DOSE (unpenalised),0.165171216463116,-0.018502905886896234,0.03240091577294324,0.8823529411764706,1.0
threshold,11,200,1.0,TWFE,1.160156222448689,0.6236101742430803,0.5912568710282835,0.058823529411764705,
threshold,11,200,1.0,TWFE-interaction,0.8681792363591007,0.7461769658463835,0.7789737779468098,0.17647058823529413,
threshold,11,200,1.0,FE-DML (constant),0.9811268957649947,0.07441219339952312,0.042058890184726305,0.058823529411764705,
threshold,11,200,1.0,FE-DML + R-learner,0.44216991409268835,0.0819920913866824,0.06435733663082777,,
threshold,11,200,1.0,Pooled DML-sieve,0.6427241807261684,0.6381089318957601,0.6443481935788549,0.058823529411764705,
threshold,11,200,1.0,Panel-DOSE,0.08786891587339435,0.06736544717576914,0.0768490126805077,0.8823529411764706,1.0
threshold,11,200,1.0,Panel-DOSE (unpenalised),0.11838020309597397,0.08086806479019826,0.07147803504155648,0.8823529411764706,1.0
threshold,12,200,1.0,TWFE,1.077384953316423,0.4513153294158134,0.4540029321486052,0.058823529411764705,
threshold,12,200,1.0,TWFE-interaction,0.7701516896767582,0.5491104550636952,0.5936338980428062,0.058823529411764705,
threshold,12,200,1.0,FE-DML (constant),0.9783440467448622,0.009179473524454048,0.011867076257245923,0.058823529411764705,
threshold,12,200,1.0,FE-DML + R-learner,0.38790970296300886,-0.03992897379976741,0.10502630873636132,,
threshold,12,200,1.0,Pooled DML-sieve,0.634380454078274,0.6070858664149811,0.6421993282312768,0.11764705882352941,
threshold,12,200,1.0,Panel-DOSE,0.15873348561046172,0.06460649125690437,0.09579864509769809,0.7647058823529411,1.0
threshold,12,200,1.0,Panel-DOSE (unpenalised),0.1781971106445963,0.07561129737848814,0.10133696501362555,0.8823529411764706,1.0
threshold,13,200,1.0,TWFE,1.1270047631540068,0.5595238378343607,0.5315589658031331,0.11764705882352941,
threshold,13,200,1.0,TWFE-interaction,0.8960084519538715,0.6673226463048451,0.7006022060829032,0.11764705882352941,
threshold,13,200,1.0,FE-DML (constant),0.9784161011176471,-0.015008526221147326,-0.042973398252374895,0.058823529411764705,
threshold,13,200,1.0,FE-DML + R-learner,0.5286059917693973,-0.021209418154075593,-0.006188996471997998,,
threshold,13,200,1.0,Pooled DML-sieve,0.5538734739576022,0.5412383861386326,0.5265890443521938,0.17647058823529413,
threshold,13,200,1.0,Panel-DOSE,0.24126372152375897,-0.030898385041350163,-0.007559816674697517,0.7058823529411765,0.0
threshold,13,200,1.0,Panel-DOSE (unpenalised),0.24126372152375897,-0.030898385041350163,-0.007559816674697517,0.7058823529411765,0.0
threshold,14,200,1.0,TWFE,1.0766149418330015,0.4494740503200941,0.5032189050978105,0.058823529411764705,
threshold,14,200,1.0,TWFE-interaction,0.9484133409611469,0.649780043736922,0.6784457227432811,0.11764705882352941,
threshold,14,200,1.0,FE-DML (constant),0.9944506259606175,-0.17849155836211725,-0.12474670358440088,0.0,
threshold,14,200,1.0,FE-DML + R-learner,0.5880207373849392,-0.25141321184466164,-0.10493572126499284,,
threshold,14,200,1.0,Pooled DML-sieve,0.5798399264142966,0.4596359240184719,0.5113785701894576,0.11764705882352941,
threshold,14,200,1.0,Panel-DOSE,0.24691842509591938,-0.1289539225314823,-0.07240689925280464,0.7058823529411765,0.0
threshold,14,200,1.0,Panel-DOSE (unpenalised),0.27989374997509986,-0.14229322579515943,-0.07676884100851078,0.7647058823529411,1.0
threshold,15,200,1.0,TWFE,1.150932646579943,0.6062781093661433,0.46652845225307915,0.058823529411764705,
threshold,15,200,1.0,TWFE-interaction,0.8443456037982597,0.6089451165884016,0.7056230118248542,0.11764705882352941,
threshold,15,200,1.0,FE-DML (constant),0.9825721700001502,0.09151643673066101,-0.048233220382403075,0.058823529411764705,
threshold,15,200,1.0,FE-DML + R-learner,0.29590774089750277,0.05679725968568679,-0.006945924654416791,,
threshold,15,200,1.0,Pooled DML-sieve,0.6023835223073388,0.5904396678159791,0.5841782152204321,0.058823529411764705,
threshold,15,200,1.0,Panel-DOSE,0.07248741949167202,0.01822250469458795,0.006753671749126,1.0,1.0
threshold,15,200,1.0,Panel-DOSE (unpenalised),0.15458815084857522,0.02071504224804326,-0.001250090060281761,1.0,1.0
threshold,16,200,1.0,TWFE,1.1732601971454375,0.647662473159302,0.6070710126170366,0.058823529411764705,
threshold,16,200,1.0,TWFE-interaction,0.9104924164482358,0.717125944447954,0.759458094861562,0.11764705882352941,
threshold,16,200,1.0,FE-DML (constant),0.9785149396845338,0.02046157664746316,-0.020129883894802303,0.058823529411764705,
threshold,16,200,1.0,FE-DML + R-learner,0.4575593438537816,0.10545279249662032,0.00700216596663128,,
threshold,16,200,1.0,Pooled DML-sieve,0.701552418821974,0.6722189776027969,0.6453611102736009,0.0,
threshold,16,200,1.0,Panel-DOSE,0.06669018665214281,0.012425911860740484,0.011833180601258042,1.0,1.0
threshold,16,200,1.0,Panel-DOSE (unpenalised),0.11370921547740001,0.01148513938396499,0.015648591147457314,1.0,1.0
threshold,17,200,1.0,TWFE,1.1042887338235974,0.5122311944647621,0.46431061887079683,0.11764705882352941,
threshold,17,200,1.0,TWFE-interaction,0.8009475922932039,0.6005438512006452,0.6312158825643883,0.058823529411764705,
threshold,17,200,1.0,FE-DML (constant),0.9787922126337102,-0.031006200113318293,-0.07892677570728357,0.058823529411764705,
threshold,17,200,1.0,FE-DML + R-learner,0.26773815382419,0.01367920316439259,-0.0014767791600210911,,
threshold,17,200,1.0,Pooled DML-sieve,0.5101539624458452,0.5030739154872755,0.5141762024462371,0.11764705882352941,
threshold,17,200,1.0,Panel-DOSE,0.05716153741169758,-0.003427994456333474,-0.0027275304957479207,1.0,1.0
threshold,17,200,1.0,Panel-DOSE (unpenalised),0.09700806685966522,-0.009742893379563088,-0.004622264157003619,1.0,1.0
threshold,18,200,1.0,TWFE,1.1607323819262105,0.6246813999033165,0.5101985029765757,0.058823529411764705,
threshold,18,200,1.0,TWFE-interaction,0.807879058868763,0.6300128785900945,0.7178282238257274,0.11764705882352941,
threshold,18,200,1.0,FE-DML (constant),0.9867759176099278,0.12904999228201466,0.014567095355273896,0.058823529411764705,
threshold,18,200,1.0,FE-DML + R-learner,0.48004775401796135,-0.08707154188672632,0.0433642292550952,,
threshold,18,200,1.0,Pooled DML-sieve,0.7001562800123445,0.6453540398997945,0.7167730174838987,0.17647058823529413,
threshold,18,200,1.0,Panel-DOSE,0.2049798480629947,0.01883735504214708,0.0883996846724383,0.8823529411764706,1.0
threshold,18,200,1.0,Panel-DOSE (unpenalised),0.2049798480629947,0.01883735504214708,0.0883996846724383,0.8823529411764706,1.0
threshold,19,200,1.0,TWFE,1.1388993383068666,0.5831113887833884,0.5296291146291265,0.058823529411764705,
threshold,19,200,1.0,TWFE-interaction,0.8476643690186023,0.6509782204607026,0.7122946713830447,0.11764705882352941,
threshold,19,200,1.0,FE-DML (constant),0.9783010075261966,0.0002241870749885218,-0.053258087079273375,0.058823529411764705,
threshold,19,200,1.0,FE-DML + R-learner,0.47698330739923134,0.18610991089385512,-0.0025431862096702007,,
threshold,19,200,1.0,Pooled DML-sieve,0.696011532815544,0.6843988108777117,0.6977007922075484,0.11764705882352941,
threshold,19,200,1.0,Panel-DOSE,0.16867571007735763,0.04853272319199674,0.015245616760253267,0.9411764705882353,1.0
threshold,19,200,1.0,Panel-DOSE (unpenalised),0.2526681751278758,0.04464375340779746,0.013739982405877593,0.7647058823529411,1.0
threshold,20,200,1.0,TWFE,1.2621725225198743,0.7975002605248828,0.713562965975139,0.11764705882352941,
threshold,20,200,1.0,TWFE-interaction,0.9908341082244686,0.7370250071995339,0.8184688306871044,0.058823529411764705,
threshold,20,200,1.0,FE-DML (constant),0.9904567278326404,0.154698799743289,0.07076150519354518,0.0,
threshold,20,200,1.0,FE-DML + R-learner,0.5521403637255387,0.015015262037452168,0.08272918007344443,,
threshold,20,200,1.0,Pooled DML-sieve,0.6984831891352676,0.6785361385185406,0.6560791599837388,0.0,
threshold,20,200,1.0,Panel-DOSE,0.1281400871493715,0.08310773675768997,0.11097634582741178,0.7647058823529411,0.0
threshold,20,200,1.0,Panel-DOSE (unpenalised),0.19803715989752696,0.1110496358518214,0.11702842516445733,0.7647058823529411,0.0
threshold,21,200,1.0,TWFE,1.1626572250000344,0.6282507554932617,0.5588951279155888,0.058823529411764705,
threshold,21,200,1.0,TWFE-interaction,0.8989796894777965,0.6879487124873869,0.750085598359384,0.11764705882352941,
threshold,21,200,1.0,FE-DML (constant),0.9786294083316105,0.025351682085243875,-0.04400394549242892,0.058823529411764705,
threshold,21,200,1.0,FE-DML + R-learner,0.5323646838324672,-0.1274749156811539,0.027940550964503985,,
threshold,21,200,1.0,Pooled DML-sieve,0.5745131840312736,0.5658895592771978,0.5578239741416043,0.058823529411764705,
threshold,21,200,1.0,Panel-DOSE,0.10306174467325294,0.01643396847857425,0.025108320885341873,1.0,1.0
threshold,21,200,1.0,Panel-DOSE (unpenalised),0.12138565693572698,0.030158498325624568,0.020029899850009247,1.0,1.0
threshold,22,200,1.0,TWFE,1.2077870823604566,0.7082914832537925,0.6299823045603152,0.11764705882352941,
threshold,22,200,1.0,TWFE-interaction,0.8980734801915222,0.6986074938887761,0.7668610858367022,0.11764705882352941,
threshold,22,200,1.0,FE-DML (constant),0.980179519411514,0.06065541366489661,-0.017653765028580848,0.058823529411764705,
threshold,22,200,1.0,FE-DML + R-learner,0.43235504491631344,0.11211006039950673,0.05087898346975417,,
threshold,22,200,1.0,Pooled DML-sieve,0.5314256007945107,0.5242951555032253,0.5149293495392506,0.17647058823529413,
threshold,22,200,1.0,Panel-DOSE,0.10764764350363605,0.06196216371889027,0.05403513954455652,1.0,1.0
threshold,22,200,1.0,Panel-DOSE (unpenalised),0.18751584054514475,0.05228583633587477,0.050960580167423,0.9411764705882353,1.0
threshold,23,200,1.0,TWFE,1.0932786179905796,0.4880423398522558,0.4922209071320274,0.11764705882352941,
threshold,23,200,1.0,TWFE-interaction,0.7959584926115286,0.5647777315166653,0.6149856900495003,0.11764705882352941,
threshold,23,200,1.0,FE-DML (constant),0.9798213075192828,-0.05456174119169884,-0.05038317391192737,0.058823529411764705,
threshold,23,200,1.0,FE-DML + R-learner,0.571682988769679,0.2175293584086474,0.021100602473429375,,
threshold,23,200,1.0,Pooled DML-sieve,0.4993036444842818,0.4885687500260873,0.46543305014419767,0.11764705882352941,
threshold,23,200,1.0,Panel-DOSE,0.16125074973035744,0.05310027843389454,0.03420205990245506,0.8823529411764706,1.0
threshold,23,200,1.0,Panel-DOSE (unpenalised),0.23768854250364138,0.0669238115856552,0.02911274010530407,0.9411764705882353,1.0
threshold,24,200,1.0,TWFE,1.0730161873565809,0.44078444534979455,0.43198819051744686,0.058823529411764705,
threshold,24,200,1.0,TWFE-interaction,0.7301303132309184,0.5415203552632721,0.5696030437788425,0.11764705882352941,
threshold,24,200,1.0,FE-DML (constant),0.9802111998674821,-0.06116522932779674,-0.06996148416014447,0.058823529411764705,
threshold,24,200,1.0,FE-DML + R-learner,0.5114679315614047,-0.09446800672448992,0.017875760870737167,,
threshold,24,200,1.0,Pooled DML-sieve,0.4781540894043756,0.43620125618555466,0.41356994961766447,0.29411764705882354,
threshold,24,200,1.0,Panel-DOSE,0.21832942965242166,0.043364361339585426,0.010408116268037837,0.7647058823529411,0.0
threshold,24,200,1.0,Panel-DOSE (unpenalised),0.23495717844757158,0.05015894810549225,0.01660587931390245,0.7647058823529411,1.0
threshold,25,200,1.0,TWFE,1.2095984455794733,0.7113758419298134,0.6507959351753662,0.11764705882352941,
threshold,25,200,1.0,TWFE-interaction,0.82810431079926,0.6255431815160845,0.6900133159931997,0.058823529411764705,
threshold,25,200,1.0,FE-DML (constant),0.9849073060990627,0.11388411013124589,0.05330420337679864,0.058823529411764705,
threshold,25,200,1.0,FE-DML + R-learner,0.3820370017955522,0.0236186893357603,0.026472034861336202,,
threshold,25,200,1.0,Pooled DML-sieve,0.5365562087169581,0.5173935119752133,0.5369785618199431,0.23529411764705882,
threshold,25,200,1.0,Panel-DOSE,0.09404808702411689,0.06512159997419836,0.06938271156709952,1.0,1.0
threshold,25,200,1.0,Panel-DOSE (unpenalised),0.16193196315751707,0.06334720559360996,0.06827679914224194,0.8823529411764706,1.0
threshold,26,200,1.0,TWFE,1.1175725059155055,0.5402735371192408,0.4915295577416533,0.11764705882352941,
threshold,26,200,1.0,TWFE-interaction,0.8967071485964128,0.6276895579016755,0.7123267651614605,0.11764705882352941,
threshold,26,200,1.0,FE-DML (constant),0.9783116680707055,0.004572615920818499,-0.044171363456768975,0.058823529411764705,
threshold,26,200,1.0,FE-DML + R-learner,0.33260856067675393,0.0814057287644906,0.04715888504499022,,
threshold,26,200,1.0,Pooled DML-sieve,0.6119776222378921,0.6023691995045006,0.6202661165467328,0.058823529411764705,
threshold,26,200,1.0,Panel-DOSE,0.11993774270357838,0.029142598289099278,0.04392426260433013,0.8235294117647058,0.0
threshold,26,200,1.0,Panel-DOSE (unpenalised),0.08391274908104707,0.030330377214968555,0.042358170679421714,1.0,1.0
threshold,27,200,1.0,TWFE,1.1873832170547125,0.6729086810825611,0.569675876275248,0.058823529411764705,
threshold,27,200,1.0,TWFE-interaction,0.9405425020075041,0.6432145806718419,0.7332488588197507,0.11764705882352941,
threshold,27,200,1.0,FE-DML (constant),0.9840976287906117,0.106655201112641,0.003422396305327924,0.058823529411764705,
threshold,27,200,1.0,FE-DML + R-learner,0.5111120027492512,-0.1422691835995416,0.08776464798855321,,
threshold,27,200,1.0,Pooled DML-sieve,0.6049554060653859,0.5743711913379005,0.6224144711413363,0.17647058823529413,
threshold,27,200,1.0,Panel-DOSE,0.12756042497073714,0.010420575089415848,0.046142654919998805,0.8235294117647058,1.0
threshold,27,200,1.0,Panel-DOSE (unpenalised),0.14602594329804572,0.008365107492391211,0.063247960828969,0.9411764705882353,1.0
threshold,28,200,1.0,TWFE,1.266302616695462,0.8040208367840025,0.7955911657032592,0.11764705882352941,
threshold,28,200,1.0,TWFE-interaction,1.0998517673868606,0.9097258192472104,0.9597024941448965,0.11764705882352941,
threshold,28,200,1.0,FE-DML (constant),0.9799616549367571,0.05702660852147227,0.048596937440728794,0.058823529411764705,
threshold,28,200,1.0,FE-DML + R-learner,0.5801262924558747,-0.12890374552175377,0.033621823727246314,,
threshold,28,200,1.0,Pooled DML-sieve,0.6827683866061326,0.6500429852338439,0.6794555159808476,0.058823529411764705,
threshold,28,200,1.0,Panel-DOSE,0.10883722736658585,0.07580558326441873,0.09149831552319831,0.8823529411764706,1.0
threshold,28,200,1.0,Panel-DOSE (unpenalised),0.1466751777879011,0.08882586292323559,0.08682733400431086,0.8235294117647058,1.0
threshold,29,200,1.0,TWFE,1.1539826617555486,0.6120483416900125,0.6059052822261213,0.058823529411764705,
threshold,29,200,1.0,TWFE-interaction,0.9036978420759991,0.6392450861636243,0.6685924257392117,0.11764705882352941,
threshold,29,200,1.0,FE-DML (constant),0.978477024837915,-0.01856009344617591,-0.024703152910067194,0.058823529411764705,
threshold,29,200,1.0,FE-DML + R-learner,0.49055970407942917,-0.036939538320314026,-0.008332063972378623,,
threshold,29,200,1.0,Pooled DML-sieve,0.5339096495612946,0.5266583731015413,0.5451911100558977,0.058823529411764705,
threshold,29,200,1.0,Panel-DOSE,0.25354346578270887,-0.0011456568632802625,-0.004797265028572806,0.9411764705882353,1.0
threshold,29,200,1.0,Panel-DOSE (unpenalised),0.25354346578270887,-0.0011456568632802625,-0.004797265028572806,0.9411764705882353,1.0
threshold,30,200,1.0,TWFE,1.166198393834571,0.6347801845642369,0.5602297181027869,0.058823529411764705,
threshold,30,200,1.0,TWFE-interaction,0.9428163898232164,0.6922417268678815,0.7793149580538059,0.058823529411764705,
threshold,30,200,1.0,FE-DML (constant),0.980028901533374,0.05817075531385677,-0.01637971114759318,0.058823529411764705,
threshold,30,200,1.0,FE-DML + R-learner,0.6460558650837371,0.1667113681287308,0.05036052444658967,,
threshold,30,200,1.0,Pooled DML-sieve,0.5966921785830357,0.547627610283631,0.5896288714486693,0.11764705882352941,
threshold,30,200,1.0,Panel-DOSE,0.208395683179597,0.043245590922402086,0.0731755659944967,0.7058823529411765,0.0
threshold,30,200,1.0,Panel-DOSE (unpenalised),0.18780799305779408,0.04440273769582929,0.054702588046585454,0.9411764705882353,1.0
threshold,31,200,1.0,TWFE,1.1069320562886373,0.5179051710230974,0.4354435782317302,0.11764705882352941,
threshold,31,200,1.0,TWFE-interaction,0.8166958395869945,0.542477235286486,0.6132083774005704,0.11764705882352941,
threshold,31,200,1.0,FE-DML (constant),0.9796650432641391,0.05167964712341428,-0.030781945667953003,0.058823529411764705,
threshold,31,200,1.0,FE-DML + R-learner,0.47675635605969857,-0.06311431795610789,-0.017261924525239003,,
threshold,31,200,1.0,Pooled DML-sieve,0.5572899112984011,0.537047503378557,0.5508898440943301,0.11764705882352941,
threshold,31,200,1.0,Panel-DOSE,0.14549302928579919,0.008913818391400938,0.004464192348599849,1.0,1.0
threshold,31,200,1.0,Panel-DOSE (unpenalised),0.16858067814727,0.012612890380509178,0.0020466502710680956,0.9411764705882353,1.0
threshold,32,200,1.0,TWFE,1.1941361261631969,0.684754172489018,0.5296718720702159,0.058823529411764705,
threshold,32,200,1.0,TWFE-interaction,0.8310652424845519,0.650753426154291,0.7221055145021215,0.11764705882352941,
threshold,32,200,1.0,FE-DML (constant),0.9802604586187594,0.06194962198862567,-0.09313267843017636,0.058823529411764705,
threshold,32,200,1.0,FE-DML + R-learner,0.42991640269717546,0.17093460114300787,0.0231846969163515,,
threshold,32,200,1.0,Pooled DML-sieve,0.636192217004752,0.6305568405694,0.6397669854799596,0.0,
threshold,32,200,1.0,Panel-DOSE,0.17296738607116272,-0.07419401204255624,-0.05320731952962543,0.7647058823529411,1.0
threshold,32,200,1.0,Panel-DOSE (unpenalised),0.17961267240916626,-0.057537940299841675,-0.047311037961127234,0.9411764705882353,1.0
threshold,33,200,1.0,TWFE,1.07927644954175,0.45581228972957544,0.4347718767645389,0.058823529411764705,
threshold,33,200,1.0,TWFE-interaction,0.820205487426596,0.5922630010323882,0.6276076525269986,0.11764705882352941,
threshold,33,200,1.0,FE-DML (constant),0.9837137021526673,-0.10305259208763137,-0.12409300505266796,0.058823529411764705,
threshold,33,200,1.0,FE-DML + R-learner,0.3083040172997407,-0.11504693303473328,-0.08364373763614386,,
threshold,33,200,1.0,Pooled DML-sieve,0.5476448516930413,0.5375525038989517,0.552996279786781,0.17647058823529413,
threshold,33,200,1.0,Panel-DOSE,0.10718863794878543,-0.06684266040419483,-0.0533148471743935,1.0,1.0
threshold,33,200,1.0,Panel-DOSE (unpenalised),0.14174073813606458,-0.0770203212688356,-0.047784405703404254,1.0,1.0
threshold,34,200,1.0,TWFE,1.1150245243209886,0.5349830640032637,0.44666789502237536,0.11764705882352941,
threshold,34,200,1.0,TWFE-interaction,0.7782880890065336,0.540362965167678,0.622210461793557,0.11764705882352941,
threshold,34,200,1.0,FE-DML (constant),0.9838032859510606,0.10390425583765761,0.015589086856769296,0.058823529411764705,
threshold,34,200,1.0,FE-DML + R-learner,0.3909901825562492,0.03724623626194306,0.0801807011870368,,
threshold,34,200,1.0,Pooled DML-sieve,0.5508406712463585,0.5114897356749073,0.5774348512727344,0.23529411764705882,
threshold,34,200,1.0,Panel-DOSE,0.11060071859048529,0.017584459570838235,0.04980102147999754,1.0,1.0
threshold,34,200,1.0,Panel-DOSE (unpenalised),0.1602545171919288,0.02856376331031881,0.045134940168122806,1.0,1.0
threshold,35,200,1.0,TWFE,1.2248384659054623,0.7369914901101092,0.5910971954904535,0.11764705882352941,
threshold,35,200,1.0,TWFE-interaction,0.8288958783770871,0.6919617627813688,0.7632686863038086,0.17647058823529413,
threshold,35,200,1.0,FE-DML (constant),1.0013583913017883,0.2136488164338343,0.06775452181417851,0.058823529411764705,
threshold,35,200,1.0,FE-DML + R-learner,0.31555660577147926,-0.11078374739523633,0.08152534989930016,,
threshold,35,200,1.0,Pooled DML-sieve,0.7129722358682501,0.683690814592809,0.6560311099161517,0.0,
threshold,35,200,1.0,Panel-DOSE,0.15498011617757024,0.13220752233629998,0.10582219743481536,1.0,1.0
threshold,35,200,1.0,Panel-DOSE (unpenalised),0.18809793739328484,0.12257297738562267,0.08857110325674267,0.9411764705882353,1.0
threshold,36,200,1.0,TWFE,1.191891582034,0.6808323819095152,0.5352961693284077,0.11764705882352941,
threshold,36,200,1.0,TWFE-interaction,0.910299305539995,0.6490063995073333,0.7625708917996905,0.11764705882352941,
threshold,36,200,1.0,FE-DML (constant),0.97912684311673,0.040206514954753456,-0.10532969762635414,0.058823529411764705,
threshold,36,200,1.0,FE-DML + R-learner,0.6240240364110308,0.19631500388761083,0.025813698636813043,,
threshold,36,200,1.0,Pooled DML-sieve,0.5985032616870407,0.5871464975769906,0.5754153379547247,0.17647058823529413,
threshold,36,200,1.0,Panel-DOSE,0.14225090969868878,0.02778800082706523,0.03856388384430265,1.0,1.0
threshold,36,200,1.0,Panel-DOSE (unpenalised),0.18496624983409166,0.05784725773754154,0.035319967390866513,1.0,1.0
threshold,37,200,1.0,TWFE,1.2247734734292786,0.736883471214474,0.6940727859668047,0.11764705882352941,
threshold,37,200,1.0,TWFE-interaction,0.9526644307269261,0.7000149387964013,0.7611747080308909,0.058823529411764705,
threshold,37,200,1.0,FE-DML (constant),0.9786009767757177,-0.0242293351015226,-0.06704002034919188,0.058823529411764705,
threshold,37,200,1.0,FE-DML + R-learner,0.5897786880998026,0.0355690858015061,0.0292168111143275,,
threshold,37,200,1.0,Pooled DML-sieve,0.7092975097430666,0.6784428985070178,0.6072662425870957,0.0,
threshold,37,200,1.0,Panel-DOSE,0.10460640276116957,0.021118548423784217,0.008408433093931134,1.0,1.0
threshold,37,200,1.0,Panel-DOSE (unpenalised),0.06577885391435871,-0.0023433017926034667,-7.523974443657266e-05,1.0,1.0
threshold,38,200,1.0,TWFE,1.077820314195256,0.4523536433201723,0.5193235814795851,0.058823529411764705,
threshold,38,200,1.0,TWFE-interaction,0.9413419759409462,0.7477767168443337,0.7537669785729004,0.11764705882352941,
threshold,38,200,1.0,FE-DML (constant),0.9878096425435343,-0.1367299485667207,-0.06976001040730795,0.058823529411764705,
threshold,38,200,1.0,FE-DML + R-learner,0.6001462495391265,0.10224247362144016,0.005982359452089692,,
threshold,38,200,1.0,Pooled DML-sieve,0.5450480491343447,0.5165082729403072,0.5464775856436908,0.17647058823529413,
threshold,38,200,1.0,Panel-DOSE,0.372475065803077,-0.015614354272288045,0.018517827621173155,0.7058823529411765,0.0
threshold,38,200,1.0,Panel-DOSE (unpenalised),0.372475065803077,-0.015614354272288045,0.018517827621173155,0.7058823529411765,0.0
threshold,39,200,1.0,TWFE,1.1042202543631319,0.5120835469714415,0.4847972079272982,0.11764705882352941,
threshold,39,200,1.0,TWFE-interaction,0.832122356739488,0.6349133561675798,0.6555869498207396,0.11764705882352941,
threshold,39,200,1.0,FE-DML (constant),0.9795277351473914,0.04900788565171325,0.021721546607569975,0.058823529411764705,
threshold,39,200,1.0,FE-DML + R-learner,0.45975563561580957,0.06405487822129971,0.057431641007688494,,
threshold,39,200,1.0,Pooled DML-sieve,0.6854578326659668,0.6791175312236227,0.6591435202850113,0.0,
threshold,39,200,1.0,Panel-DOSE,0.07105326335573751,0.056350472732571356,0.04971302586873705,1.0,1.0
threshold,39,200,1.0,Panel-DOSE (unpenalised),0.12447086757194116,0.06548848139772749,0.055664694767537104,1.0,1.0
threshold,40,200,1.0,TWFE,1.1377805729028363,0.5809232488101843,0.5669696485201584,0.058823529411764705,
threshold,40,200,1.0,TWFE-interaction,0.8737912044395103,0.7040095970221467,0.7398848994095938,0.11764705882352941,
threshold,40,200,1.0,FE-DML (constant),0.9789378323754675,0.03530536204391712,0.021351761753891085,0.058823529411764705,
threshold,40,200,1.0,FE-DML + R-learner,0.43992601795213676,0.06518051124151418,0.10081489499879737,,
threshold,40,200,1.0,Pooled DML-sieve,0.651429428220039,0.6446024951389496,0.6498352165557427,0.11764705882352941,
threshold,40,200,1.0,Panel-DOSE,0.14331972228634865,0.12362379323349698,0.10698879531445815,1.0,1.0
threshold,40,200,1.0,Panel-DOSE (unpenalised),0.16911594841682423,0.1262005510000472,0.10632948938899545,1.0,1.0
threshold,41,200,1.0,TWFE,1.13524033539579,0.5759321210373831,0.5303915095260149,0.058823529411764705,
threshold,41,200,1.0,TWFE-interaction,0.8705348619422897,0.6871471035122487,0.7206608008497432,0.11764705882352941,
threshold,41,200,1.0,FE-DML (constant),0.9791610404533022,-0.04103086733992365,-0.0865714788512918,0.058823529411764705,
threshold,41,200,1.0,FE-DML + R-learner,0.439777858359265,-0.02651932297714233,-0.02067651649134017,,
threshold,41,200,1.0,Pooled DML-sieve,0.7155198783814161,0.6220358170365814,0.669020764207574,0.17647058823529413,
threshold,41,200,1.0,Panel-DOSE,0.16852148997118777,-0.02795310883759239,-0.00897820532045368,0.8823529411764706,1.0
threshold,41,200,1.0,Panel-DOSE (unpenalised),0.22603260753123106,-0.02061736662496951,0.004275768159696769,0.8235294117647058,0.0
threshold,42,200,1.0,TWFE,1.1142369010783386,0.5333395359972224,0.46363247419918363,0.11764705882352941,
threshold,42,200,1.0,TWFE-interaction,0.7820430448793844,0.519886129290048,0.6106300128231846,0.11764705882352941,
threshold,42,200,1.0,FE-DML (constant),0.9783898414786194,-0.01318600931408507,-0.08289307111212396,0.058823529411764705,
threshold,42,200,1.0,FE-DML + R-learner,0.459841971314436,-0.08708707274086247,-0.11929900994609943,,
threshold,42,200,1.0,Pooled DML-sieve,0.5035841875592889,0.5024293569795356,0.5008636979772624,0.17647058823529413,
threshold,42,200,1.0,Panel-DOSE,0.09291819831550163,-0.03528911825905845,-0.051963852308548386,0.9411764705882353,1.0
threshold,42,200,1.0,Panel-DOSE (unpenalised),0.18558023377122365,-0.06007550503848725,-0.06340737366471161,1.0,1.0
threshold,43,200,1.0,TWFE,1.101645680667974,0.5065080400817706,0.45541417690669495,0.11764705882352941,
threshold,43,200,1.0,TWFE-interaction,0.9174444499553416,0.6477943874970854,0.6725332771794569,0.11764705882352941,
threshold,43,200,1.0,FE-DML (constant),0.979004553477774,-0.03710936085799361,-0.08820322403306935,0.058823529411764705,
threshold,43,200,1.0,FE-DML + R-learner,0.4348959383559639,-0.10229611802279671,-0.051961718281327895,,
threshold,43,200,1.0,Pooled DML-sieve,0.541024466626815,0.5163762589181755,0.47291975781852946,0.23529411764705882,
threshold,43,200,1.0,Panel-DOSE,0.11026822515174581,-0.0384762172384609,-0.03136574268275072,1.0,1.0
threshold,43,200,1.0,Panel-DOSE (unpenalised),0.2198133739422534,-0.04050433203580009,-0.04301105138437844,0.9411764705882353,1.0
threshold,44,200,1.0,TWFE,1.196731707258233,0.6892706058510535,0.629524255888157,0.11764705882352941,
threshold,44,200,1.0,TWFE-interaction,0.9475953895036558,0.7966556133939363,0.8112626451872434,0.11764705882352941,
threshold,44,200,1.0,FE-DML (constant),0.9785493818383835,0.02204725899869433,-0.03769909096420221,0.058823529411764705,
threshold,44,200,1.0,FE-DML + R-learner,0.2916209815661008,0.04817498378414343,-0.02210432980410737,,
threshold,44,200,1.0,Pooled DML-sieve,0.6562796749713801,0.6148615976812911,0.6083311466846223,0.11764705882352941,
threshold,44,200,1.0,Panel-DOSE,0.14271557022336823,0.009646772999522506,0.006760994544495524,0.8235294117647058,0.0
threshold,44,200,1.0,Panel-DOSE (unpenalised),0.13370942760818114,0.0022652294821195805,0.013593106037513625,0.8823529411764706,1.0
threshold,45,200,1.0,TWFE,1.163750348384472,0.6302714195472082,0.4983634527333538,0.058823529411764705,
threshold,45,200,1.0,TWFE-interaction,0.7497576858249397,0.5368014034317794,0.6474555808854794,0.11764705882352941,
threshold,45,200,1.0,FE-DML (constant),0.984322450281047,0.10871005041097892,-0.023197916402875496,0.058823529411764705,
threshold,45,200,1.0,FE-DML + R-learner,0.4775487709562249,0.05289856719945757,0.024703262251523084,,
threshold,45,200,1.0,Pooled DML-sieve,0.5597201462618078,0.5297117173945981,0.47656204244865896,0.11764705882352941,
threshold,45,200,1.0,Panel-DOSE,0.09897142382401408,0.04334165632252257,0.0166046644677581,1.0,1.0
threshold,45,200,1.0,Panel-DOSE (unpenalised),0.18460741503980418,0.06480186607378884,0.010526118306196874,0.9411764705882353,1.0
threshold,46,200,1.0,TWFE,1.1738814660104362,0.6487872418411788,0.6004886278653645,0.058823529411764705,
threshold,46,200,1.0,TWFE-interaction,0.8926309588006912,0.6439652315289253,0.6922414562007106,0.11764705882352941,
threshold,46,200,1.0,FE-DML (constant),0.9784870725810562,0.019082456375377664,-0.02921615760043661,0.058823529411764705,
threshold,46,200,1.0,FE-DML + R-learner,0.6771678763427984,0.09630662011797066,0.04476423532549445,,
threshold,46,200,1.0,Pooled DML-sieve,0.657342994480615,0.6540550618398954,0.6657166561967192,0.058823529411764705,
threshold,46,200,1.0,Panel-DOSE,0.0720727337269414,-0.013509468055317338,0.0060339900853289,1.0,1.0
threshold,46,200,1.0,Panel-DOSE (unpenalised),0.08985034325469905,-0.0016164038989159237,0.012488297398571269,1.0,1.0
threshold,47,200,1.0,TWFE,1.1807863650462824,0.6611986303768981,0.5549516499891207,0.058823529411764705,
threshold,47,200,1.0,TWFE-interaction,0.8736903946981357,0.7639479961853769,0.7948511253340227,0.11764705882352941,
threshold,47,200,1.0,FE-DML (constant),0.9829959372707088,0.09595937486140882,-0.010287605526368537,0.058823529411764705,
threshold,47,200,1.0,FE-DML + R-learner,0.5692455561872033,0.1443700838197967,0.10379508232030621,,
threshold,47,200,1.0,Pooled DML-sieve,0.5610432353158099,0.554264069752315,0.561767614291208,0.058823529411764705,
threshold,47,200,1.0,Panel-DOSE,0.15753736140716695,0.10856087997004117,0.10388005674285816,0.7647058823529411,0.0
threshold,47,200,1.0,Panel-DOSE (unpenalised),0.17091737339038965,0.11748492713700902,0.10421810290650313,0.8235294117647058,1.0
threshold,48,200,1.0,TWFE,1.1982342897336684,0.6918761464500869,0.6157956909578925,0.058823529411764705,
threshold,48,200,1.0,TWFE-interaction,0.8721388088507344,0.6586578076363381,0.7637595304864822,0.058823529411764705,
threshold,48,200,1.0,FE-DML (constant),0.9837845477140871,0.10372668535186014,0.027646229859665916,0.058823529411764705,
threshold,48,200,1.0,FE-DML + R-learner,0.53926502732665,0.09469185461237599,0.09685812419853956,,
threshold,48,200,1.0,Pooled DML-sieve,0.6498859834271125,0.5906173211327478,0.7169247189403449,0.35294117647058826,
threshold,48,200,1.0,Panel-DOSE,0.13398030261081062,0.05712865280017197,0.09757584999306534,0.9411764705882353,1.0
threshold,48,200,1.0,Panel-DOSE (unpenalised),0.17784782552419665,0.04121863245907278,0.09834248269622514,0.7647058823529411,0.0
threshold,49,200,1.0,TWFE,1.065024729433375,0.42095708004226123,0.43702708268982715,0.058823529411764705,
threshold,49,200,1.0,TWFE-interaction,0.7999105178779854,0.5662190949096311,0.5894128636837109,0.11764705882352941,
threshold,49,200,1.0,FE-DML (constant),0.9795684272661734,-0.049814582501487355,-0.03374457985392143,0.058823529411764705,
threshold,49,200,1.0,FE-DML + R-learner,0.3652812006410454,0.02901130335107043,-0.006029001581007387,,
threshold,49,200,1.0,Pooled DML-sieve,0.5842199540840614,0.537929614465933,0.5599827497379034,0.17647058823529413,
threshold,49,200,1.0,Panel-DOSE,0.18043402557652446,0.014099755281137605,-0.00019806890032858515,1.0,1.0
threshold,49,200,1.0,Panel-DOSE (unpenalised),0.19710921572782297,0.022081145709949596,-0.005635927910880412,0.9411764705882353,1.0
threshold,0,100,0.5,TWFE,1.0007552312718317,0.2108037519851361,0.28668234150436855,0.11764705882352941,
threshold,0,100,0.5,TWFE-interaction,0.6151151230892217,0.2547638520710676,0.30610952623369825,0.11764705882352941,
threshold,0,100,0.5,FE-DML (constant),0.9842708840268701,-0.10824214556312911,-0.032363556043896624,0.058823529411764705,
threshold,0,100,0.5,FE-DML + R-learner,0.5794017240432946,0.018302391304213256,0.005785339454590144,,
threshold,0,100,0.5,Pooled DML-sieve,0.45781268915988466,0.3690970635747468,0.39463088121083834,0.4117647058823529,
threshold,0,100,0.5,Panel-DOSE,0.15366405880525236,0.006340138626327498,0.012255537881621814,0.9411764705882353,1.0
threshold,0,100,0.5,Panel-DOSE (unpenalised),0.27777454122019885,0.031267029788746424,0.024905288864196073,1.0,1.0
threshold,1,100,0.5,TWFE,0.9973996907378637,0.19425069373636536,0.04854768476056959,0.11764705882352941,
threshold,1,100,0.5,TWFE-interaction,0.48334626375429407,0.14257950239254924,0.21901715356269125,0.23529411764705882,
threshold,1,100,0.5,FE-DML (constant),0.9783756656439473,0.012088509308853922,-0.13361449966694183,0.058823529411764705,
threshold,1,100,0.5,FE-DML + R-learner,0.5685904350484494,-0.04832635677851406,-0.13757658680127227,,
threshold,1,100,0.5,Pooled DML-sieve,0.6864799432504229,0.6379869617045093,0.5964394859010143,0.058823529411764705,
threshold,1,100,0.5,Panel-DOSE,0.3056209334272382,-0.04929978665800562,-0.0793351973839731,0.5294117647058824,0.0
threshold,1,100,0.5,Panel-DOSE (unpenalised),0.4647004509346409,-0.1028503459602804,-0.1334475881090369,0.8235294117647058,0.0
threshold,2,100,0.5,TWFE,1.0269354028579887,0.31228754470227055,0.26567769235271,0.058823529411764705,
threshold,2,100,0.5,TWFE-interaction,0.5328384310166823,0.22025857958823894,0.2842658904283095,0.058823529411764705,
threshold,2,100,0.5,FE-DML (constant),0.9783324319553542,-0.007844510740073177,-0.054454363089633695,0.058823529411764705,
threshold,2,100,0.5,FE-DML + R-learner,0.5233223683637985,0.19249406714399264,0.007026230292191071,,
threshold,2,100,0.5,Pooled DML-sieve,0.4936835053638839,0.4737198911899467,0.44255142920735224,0.11764705882352941,
threshold,2,100,0.5,Panel-DOSE,0.1130908799054702,0.03364118573654271,0.004843097910581351,1.0,1.0
threshold,2,100,0.5,Panel-DOSE (unpenalised),0.12990763625021914,0.04702519450391046,0.0015952308307337626,1.0,1.0
threshold,3,100,0.5,TWFE,1.0584412096312799,0.4040111176425717,0.24121657468896174,0.058823529411764705,
threshold,3,100,0.5,TWFE-interaction,0.5006918618930115,0.29497842414142117,0.381981326762301,0.11764705882352941,
threshold,3,100,0.5,FE-DML (constant),0.9947521967124816,0.18016415236494945,0.01736960941133947,0.11764705882352941,
threshold,3,100,0.5,FE-DML + R-learner,0.5891794335660238,0.2609353483006487,0.08012593226579912,,
threshold,3,100,0.5,Pooled DML-sieve,0.881944298542342,0.8086340793720288,0.7379560762036063,0.11764705882352941,
threshold,3,100,0.5,Panel-DOSE,0.2859016954409984,0.12685878817501015,0.048195516507333114,0.8823529411764706,1.0
threshold,3,100,0.5,Panel-DOSE (unpenalised),0.3836266932769204,0.1134793025565561,0.052895143857128235,0.8823529411764706,1.0
threshold,4,100,0.5,TWFE,1.038202305842234,0.3475503082852965,0.396892668260564,0.058823529411764705,
threshold,4,100,0.5,TWFE-interaction,0.6651123239204155,0.4263584581076328,0.4610566285008324,0.11764705882352941,
threshold,4,100,0.5,FE-DML (constant),0.9783177942220923,0.005735453308430525,0.055077813283697985,0.058823529411764705,
threshold,4,100,0.5,FE-DML + R-learner,0.6351019861140373,0.13303454115723012,0.10184494266191069,,
threshold,4,100,0.5,Pooled DML-sieve,0.7582849461476306,0.6128245249652692,0.5727963068085289,0.17647058823529413,
threshold,4,100,0.5,Panel-DOSE,0.30160965131181594,0.12464266607908518,0.11132455519343909,1.0,1.0
threshold,4,100,0.5,Panel-DOSE (unpenalised),0.28902810151132186,0.12611157441177903,0.10227916652342572,1.0,1.0
threshold,5,100,0.5,TWFE,1.0583024687941254,0.40364750016420736,0.3130376566149714,0.058823529411764705,
threshold,5,100,0.5,TWFE-interaction,0.5117006301716077,0.3226726684926913,0.3946980418161442,0.11764705882352941,
threshold,5,100,0.5,FE-DML (constant),1.0190978159621855,0.28546023791759495,0.19485039436835894,0.058823529411764705,
threshold,5,100,0.5,FE-DML + R-learner,0.526996354961159,0.04351664087052229,0.13809839352963682,,
threshold,5,100,0.5,Pooled DML-sieve,0.7814010338813853,0.7524942836641141,0.7997743904266846,0.17647058823529413,
threshold,5,100,0.5,Panel-DOSE,0.25570839932613293,0.1278067477618569,0.1718303931853843,0.7058823529411765,0.0
threshold,5,100,0.5,Panel-DOSE (unpenalised),0.23882253120438038,0.12134621032663245,0.16991524400081348,0.8235294117647058,0.0
threshold,6,100,0.5,TWFE,1.068245443461917,0.42904022703031097,0.402372832122752,0.11764705882352941,
threshold,6,100,0.5,TWFE-interaction,0.61889728247103,0.4435984732329188,0.47863466696724877,0.058823529411764705,
threshold,6,100,0.5,FE-DML (constant),0.981197256280966,0.07533421975682082,0.04866682484926177,0.058823529411764705,
threshold,6,100,0.5,FE-DML + R-learner,0.47972762624634036,0.05099392029693632,0.07974946983306941,,
threshold,6,100,0.5,Pooled DML-sieve,0.6208879215676714,0.5942673110854209,0.5977789581700945,0.17647058823529413,
threshold,6,100,0.5,Panel-DOSE,0.20009793617025182,0.019973540452652323,0.06471914914224952,0.8823529411764706,1.0
threshold,6,100,0.5,Panel-DOSE (unpenalised),0.22460438226965188,0.018855542552944762,0.06106120294086581,1.0,1.0
threshold,7,100,0.5,TWFE,1.0577616017397322,0.4022272927687488,0.3220540606943535,0.058823529411764705,
threshold,7,100,0.5,TWFE-interaction,0.5457809461828563,0.3184628757010015,0.4227152871514869,0.11764705882352941,
threshold,7,100,0.5,FE-DML (constant),0.9939744854550167,0.17581941493657074,0.09564618286217541,0.11764705882352941,
threshold,7,100,0.5,FE-DML + R-learner,0.9649763116903828,-0.2877215672210765,0.13018419565269246,,
threshold,7,100,0.5,Pooled DML-sieve,0.6498432994049324,0.5616382541164581,0.6470740250163011,0.5294117647058824,
threshold,7,100,0.5,Panel-DOSE,0.4681515268408892,0.038655291874955096,0.1473194679387323,0.5294117647058824,0.0
threshold,7,100,0.5,Panel-DOSE (unpenalised),0.5729996446419018,0.033875725750547536,0.13844554733823755,0.7058823529411765,0.0
threshold,8,100,0.5,TWFE,1.0327822690786654,0.331008163428563,0.21487818427328065,0.058823529411764705,
threshold,8,100,0.5,TWFE-interaction,0.6226892140011043,0.23097063476296453,0.3731699733260546,0.058823529411764705,
threshold,8,100,0.5,FE-DML (constant),0.9831337170037969,0.09736064113785947,-0.018769338017422865,0.058823529411764705,
threshold,8,100,0.5,FE-DML + R-learner,0.6733193412829022,0.04844394664715452,0.09333373538232792,,
threshold,8,100,0.5,Pooled DML-sieve,0.5574373659992031,0.4761907478345184,0.5612120602645795,0.29411764705882354,
threshold,8,100,0.5,Panel-DOSE,0.42285271824886506,-0.06362027608724084,0.05717423522592968,0.6470588235294118,0.0
threshold,8,100,0.5,Panel-DOSE (unpenalised),0.45826368180335,-0.0856234670054319,0.05340991323512079,0.8823529411764706,0.0
threshold,9,100,0.5,TWFE,1.0201319084753961,0.28913024681400507,0.2556648457536892,0.058823529411764705,
threshold,9,100,0.5,TWFE-interaction,0.5390144154543863,0.3100606011403303,0.35333810116987485,0.11764705882352941,
threshold,9,100,0.5,FE-DML (constant),0.9783627140374556,-0.010990411812536441,-0.044455812872852274,0.058823529411764705,
threshold,9,100,0.5,FE-DML + R-learner,0.5617332442044107,-0.13617374516543415,-0.07437243423837248,,
threshold,9,100,0.5,Pooled DML-sieve,0.6894333447437601,0.6815249172354287,0.6481774456343536,0.058823529411764705,
threshold,9,100,0.5,Panel-DOSE,0.05426490172269434,-0.004258829673119307,0.0017785450815220871,1.0,1.0
threshold,9,100,0.5,Panel-DOSE (unpenalised),0.15630344674287067,-0.05346189357811752,-0.005302095794469608,1.0,1.0
threshold,10,100,0.5,TWFE,1.0841086873992651,0.4671389889825414,0.2882670482826061,0.11764705882352941,
threshold,10,100,0.5,TWFE-interaction,0.5960682984275021,0.25295545075472775,0.3987893037273277,0.058823529411764705,
threshold,10,100,0.5,FE-DML (constant),0.9894420627997208,0.14806344778654734,-0.03080849291338794,0.11764705882352941,
threshold,10,100,0.5,FE-DML + R-learner,0.6889028189997188,0.12119443826709621,0.16526292083479632,,
threshold,10,100,0.5,Pooled DML-sieve,0.6667821278080296,0.6213625213552875,0.6789146828607905,0.11764705882352941,
threshold,10,100,0.5,Panel-DOSE,0.304963802842133,0.03408097510586627,0.08843935890798271,0.5294117647058824,0.0
threshold,10,100,0.5,Panel-DOSE (unpenalised),0.2406212156007551,0.008429783424980582,0.0920397637810263,0.9411764705882353,1.0
threshold,11,100,0.5,TWFE,1.0750502192704814,0.4457130948116546,0.3379443129174218,0.11764705882352941,
threshold,11,100,0.5,TWFE-interaction,0.5896524116132167,0.24663873969691744,0.34132310688081247,0.058823529411764705,
threshold,11,100,0.5,FE-DML (constant),0.9785574038305949,0.022400480457954418,-0.0853683014362785,0.058823529411764705,
threshold,11,100,0.5,FE-DML + R-learner,0.5811103768371183,-0.2768162479757777,-0.09987783959034491,,
threshold,11,100,0.5,Pooled DML-sieve,0.6000513870781655,0.5438933410229487,0.5821596738857813,0.29411764705882354,
threshold,11,100,0.5,Panel-DOSE,0.27026613830750035,-0.14974472776513129,-0.09636334865529339,0.8823529411764706,0.0
threshold,11,100,0.5,Panel-DOSE (unpenalised),0.2521302011173699,-0.14772627234233668,-0.11371728586026297,1.0,1.0
threshold,12,100,0.5,TWFE,0.9801340105029087,0.05991550281512407,0.1326720423892903,0.058823529411764705,
threshold,12,100,0.5,TWFE-interaction,0.39250128414367863,0.16416895623288183,0.18252746090030425,0.29411764705882354,
threshold,12,100,0.5,FE-DML (constant),0.9979216476911419,-0.1969131886483904,-0.12415664907422419,0.11764705882352941,
threshold,12,100,0.5,FE-DML + R-learner,0.6193036725535744,0.029727025229543676,-0.09523641011480077,,
threshold,12,100,0.5,Pooled DML-sieve,0.6417155781830083,0.588694920141401,0.5805764246061637,0.17647058823529413,
threshold,12,100,0.5,Panel-DOSE,0.20785923567053696,-0.06765688563523524,-0.08981148588405774,0.7647058823529411,0.0
threshold,12,100,0.5,Panel-DOSE (unpenalised),0.18340066685498366,-0.07752248657018128,-0.08705619445532531,1.0,1.0
threshold,13,100,0.5,TWFE,1.0284178941337063,0.31712860783518126,0.1987646696294526,0.058823529411764705,
threshold,13,100,0.5,TWFE-interaction,0.6140906062905618,0.23375368008204767,0.3294861859893762,0.11764705882352941,
threshold,13,100,0.5,FE-DML (constant),0.9857325401845444,0.1208132017279054,0.00244926352217667,0.058823529411764705,
threshold,13,100,0.5,FE-DML + R-learner,0.5690214152484022,0.07031822593575042,0.02257669172208776,,
threshold,13,100,0.5,Pooled DML-sieve,0.5386065694675883,0.5222666085581161,0.4877086009048367,0.17647058823529413,
threshold,13,100,0.5,Panel-DOSE,0.08093910599319325,0.027181152939032168,0.020824831180092485,1.0,1.0
threshold,13,100,0.5,Panel-DOSE (unpenalised),0.1271391370951492,0.0207346485457245,0.0032665054332373655,1.0,1.0
threshold,14,100,0.5,TWFE,1.025639601154486,0.30799964348908876,0.31413111449708,0.058823529411764705,
threshold,14,100,0.5,TWFE-interaction,0.6519469150593922,0.46098084295396663,0.4661641540449868,0.11764705882352941,
threshold,14,100,0.5,FE-DML (constant),0.980868546615483,0.07092457030284419,0.07705604131083543,0.058823529411764705,
threshold,14,100,0.5,FE-DML + R-learner,0.5763290129331734,0.12167309903437179,0.18451638054810338,,
threshold,14,100,0.5,Pooled DML-sieve,0.7602418123013165,0.7235603576689479,0.741673361745135,0.17647058823529413,
threshold,14,100,0.5,Panel-DOSE,0.27733586690325845,0.18871430072368384,0.18270404288823106,1.0,1.0
threshold,14,100,0.5,Panel-DOSE (unpenalised),0.21469263695867835,0.13045671983932347,0.18078832943791978,0.8823529411764706,1.0
threshold,15,100,0.5,TWFE,1.0539696254264617,0.39214686056969683,0.3003540398515452,0.058823529411764705,
threshold,15,100,0.5,TWFE-interaction,0.6396944046159666,0.3928475467854247,0.5143965056267477,0.17647058823529413,
threshold,15,100,0.5,FE-DML (constant),0.980705256517637,0.0686293602942433,-0.023163460423908377,0.058823529411764705,
threshold,15,100,0.5,FE-DML + R-learner,0.4231420012605586,-0.052789345867499116,0.016895521581503425,,
threshold,15,100,0.5,Pooled DML-sieve,0.7894719877736867,0.7437864908173702,0.7822415852043338,0.058823529411764705,
threshold,15,100,0.5,Panel-DOSE,0.33269812854632946,-0.009469801940833675,0.07252943808412404,0.5294117647058824,0.0
threshold,15,100,0.5,Panel-DOSE (unpenalised),0.1905832532381057,-0.023309303822273898,0.04880123519114343,1.0,1.0
threshold,16,100,0.5,TWFE,1.0402324489877424,0.35356857448040996,0.30051629602535024,0.058823529411764705,
threshold,16,100,0.5,TWFE-interaction,0.5914990858173449,0.2976862285452289,0.3762772392638045,0.11764705882352941,
threshold,16,100,0.5,FE-DML (constant),0.980072618526743,0.05890268685671144,0.005850408401651741,0.058823529411764705,
threshold,16,100,0.5,FE-DML + R-learner,0.6763966011715713,0.3499359777736413,0.05491875210117858,,
threshold,16,100,0.5,Pooled DML-sieve,0.6103045541438178,0.5956579086550209,0.5801901030346976,0.17647058823529413,
threshold,16,100,0.5,Panel-DOSE,0.0738784718311375,0.01367869251485907,0.008101439339241678,1.0,1.0
threshold,16,100,0.5,Panel-DOSE (unpenalised),0.15458007956211214,0.035047670754236676,0.0018099378287302903,1.0,1.0
threshold,17,100,0.5,TWFE,0.9813178057768985,0.07688839228296965,0.02518490643620952,0.058823529411764705,
threshold,17,100,0.5,TWFE-interaction,0.49270409712220437,0.16233699828612833,0.232141634199023,0.11764705882352941,
threshold,17,100,0.5,FE-DML (constant),0.9786741783136723,-0.027024733689987902,-0.07872821953674802,0.058823529411764705,
threshold,17,100,0.5,FE-DML + R-learner,0.5403053025410528,-0.08537766017152137,-0.027656577249836056,,
threshold,17,100,0.5,Pooled DML-sieve,0.6743450293605584,0.6582849370402241,0.7071257513794869,0.23529411764705882,
threshold,17,100,0.5,Panel-DOSE,0.2847291967716103,0.0376853877009705,0.04925141236985975,0.7058823529411765,0.0
threshold,17,100,0.5,Panel-DOSE (unpenalised),0.1509307463192636,0.03164650655895801,0.053748520003450984,1.0,1.0
threshold,18,100,0.5,TWFE,1.0003892543288937,0.20905943917889283,0.12273365069997222,0.11764705882352941,
threshold,18,100,0.5,TWFE-interaction,0.5944905955129007,0.27054495681919394,0.35688332856829297,0.11764705882352941,
threshold,18,100,0.5,FE-DML (constant),0.979194484533437,0.04182137579966296,-0.04450441267925764,0.058823529411764705,
threshold,18,100,0.5,FE-DML + R-learner,0.5466059884178213,-0.01868768925375758,0.09545579755306244,,
threshold,18,100,0.5,Pooled DML-sieve,0.6042131600231414,0.5881966469084405,0.5570813540922149,0.11764705882352941,
threshold,18,100,0.5,Panel-DOSE,0.12473688107571947,0.035731824395031545,0.06144391258274029,0.8235294117647058,1.0
threshold,18,100,0.5,Panel-DOSE (unpenalised),0.14129389160563943,0.03237467389253115,0.06294013544887112,1.0,1.0
threshold,19,100,0.5,TWFE,1.011865271944148,0.2584540916675108,0.11602450770664985,0.11764705882352941,
threshold,19,100,0.5,TWFE-interaction,0.651630582757543,0.13553951393809432,0.2869717606464718,0.11764705882352941,
threshold,19,100,0.5,FE-DML (constant),0.9909397853392261,0.15776199511043357,0.015332411149572622,0.11764705882352941,
threshold,19,100,0.5,FE-DML + R-learner,0.6078121135625152,0.037019437672035506,0.09262847137353358,,
threshold,19,100,0.5,Pooled DML-sieve,0.7458763537029369,0.6529841319779923,0.6902658296248011,0.17647058823529413,
threshold,19,100,0.5,Panel-DOSE,0.2195337057082097,0.061904650655075305,0.08226274950928092,0.8823529411764706,1.0
threshold,19,100,0.5,Panel-DOSE (unpenalised),0.1458984685624289,0.032841788712472196,0.0919669845056924,1.0,1.0
threshold,20,100,0.5,TWFE,1.0035689918912363,0.22378094293005715,0.19364580321859592,0.11764705882352941,
threshold,20,100,0.5,TWFE-interaction,0.6023987411813365,0.2868668810506412,0.3367580580343539,0.11764705882352941,
threshold,20,100,0.5,FE-DML (constant),0.9826119421353021,-0.09194246983839136,-0.12207760954985258,0.058823529411764705,
threshold,20,100,0.5,FE-DML + R-learner,0.5617824238868638,-0.20604522947822873,-0.05748617301140557,,
threshold,20,100,0.5,Pooled DML-sieve,0.614179894060599,0.4933505151503308,0.5259133860078116,0.29411764705882354,
threshold,20,100,0.5,Panel-DOSE,0.1834211232111818,-0.10593203127789944,-0.062334373337512794,1.0,1.0
threshold,20,100,0.5,Panel-DOSE (unpenalised),0.20400827582649525,-0.08150683494846728,-0.07953156369733905,0.9411764705882353,1.0
threshold,21,100,0.5,TWFE,1.0053850364261387,0.23178925860069868,0.20707508389822615,0.11764705882352941,
threshold,21,100,0.5,TWFE-interaction,0.6216900911696278,0.25564043542018206,0.3061171690515625,0.11764705882352941,
threshold,21,100,0.5,FE-DML (constant),0.9843189704253842,-0.10867853731239355,-0.13339271201486602,0.058823529411764705,
threshold,21,100,0.5,FE-DML + R-learner,0.5524780706992163,-0.08743961795733474,-0.08130694536929794,,
threshold,21,100,0.5,Pooled DML-sieve,0.4596690909031941,0.42229061888418107,0.3922311073433853,0.5294117647058824,
threshold,21,100,0.5,Panel-DOSE,0.15268744415902408,-0.021325590257988573,-0.05525240284199129,0.8823529411764706,1.0
threshold,21,100,0.5,Panel-DOSE (unpenalised),0.1894103579845992,-0.011675880436655928,-0.07925772342446658,0.9411764705882353,1.0
threshold,22,100,0.5,TWFE,1.008108142170575,0.24332943768414375,0.25194727853375953,0.058823529411764705,
threshold,22,100,0.5,TWFE-interaction,0.506172055330153,0.2637987440389792,0.2888000681268369,0.11764705882352941,
threshold,22,100,0.5,FE-DML (constant),0.9788117283364768,0.03161626894675997,0.04023410979637576,0.058823529411764705,
threshold,22,100,0.5,FE-DML + R-learner,0.5668620728998645,-0.006868377338456172,0.07324024529021766,,
threshold,22,100,0.5,Pooled DML-sieve,0.5621802357322654,0.5102759385586565,0.500058991249723,0.4117647058823529,
threshold,22,100,0.5,Panel-DOSE,0.24103182966056327,0.056026126441778096,0.041790587199611484,0.5294117647058824,0.0
threshold,22,100,0.5,Panel-DOSE (unpenalised),0.2892082678743937,0.10543041537884112,0.03341083893925778,0.8235294117647058,1.0
threshold,23,100,0.5,TWFE,0.9795723582775726,0.04989182332364909,0.04074712249694146,0.058823529411764705,
threshold,23,100,0.5,TWFE-interaction,0.5866120129297072,0.1379496946312471,0.1959665893527387,0.11764705882352941,
threshold,23,100,0.5,FE-DML (constant),0.9811519554026013,-0.07474187931421931,-0.08388658014092698,0.058823529411764705,
threshold,23,100,0.5,FE-DML + R-learner,0.6379686182758858,-0.23516963529370424,-0.03927438617379497,,
threshold,23,100,0.5,Pooled DML-sieve,0.595640797415855,0.5724654086688876,0.5186978541009403,0.11764705882352941,
threshold,23,100,0.5,Panel-DOSE,0.14577980321088732,0.016448906146967895,-0.015349796935209992,1.0,1.0
threshold,23,100,0.5,Panel-DOSE (unpenalised),0.2254634021398738,0.026865934082847834,-0.00630107570162719,1.0,1.0
threshold,24,100,0.5,TWFE,1.0301172377661414,0.32259682651262706,0.24921579912837244,0.058823529411764705,
threshold,24,100,0.5,TWFE-interaction,0.5346752379879017,0.28164954491412564,0.35097312529396507,0.11764705882352941,
threshold,24,100,0.5,FE-DML (constant),0.9814966783717398,0.07913860365101029,0.00575757626675566,0.058823529411764705,
threshold,24,100,0.5,FE-DML + R-learner,0.6152172198895812,0.17158068312478394,0.06953266929675428,,
threshold,24,100,0.5,Pooled DML-sieve,0.7781800932146886,0.6744685372374811,0.6289728067667685,0.23529411764705882,
threshold,24,100,0.5,Panel-DOSE,0.24252247700014873,0.014226279040007565,0.017623800124921485,0.8235294117647058,1.0
threshold,24,100,0.5,Panel-DOSE (unpenalised),0.30710777354445157,0.027202630344687152,0.04287898876995766,0.8235294117647058,1.0
threshold,25,100,0.5,TWFE,1.0569390364144176,0.40005914016518934,0.2631265548722541,0.058823529411764705,
threshold,25,100,0.5,TWFE-interaction,0.47033342018120156,0.25423182271283123,0.3056389940210338,0.11764705882352941,
threshold,25,100,0.5,FE-DML (constant),0.9885315718283942,0.14185153307098586,0.004918947778050686,0.058823529411764705,
threshold,25,100,0.5,FE-DML + R-learner,0.6480727597892402,0.2647465224241339,0.038812905126347386,,
threshold,25,100,0.5,Pooled DML-sieve,0.5746461847441869,0.5677482482716016,0.549982140515902,0.23529411764705882,
threshold,25,100,0.5,Panel-DOSE,0.26395698340330215,0.07784479193141804,0.028587588756070703,0.8823529411764706,1.0
threshold,25,100,0.5,Panel-DOSE (unpenalised),0.3609995056816932,0.0790348487646747,0.02407448978076554,0.8235294117647058,1.0
threshold,26,100,0.5,TWFE,1.049777710031141,0.3807366930193349,0.18467757824463793,0.058823529411764705,
threshold,26,100,0.5,TWFE-interaction,0.4523531223702486,0.3000139914565898,0.3572741737405116,0.17647058823529413,
threshold,26,100,0.5,FE-DML (constant),0.9963765464427833,0.1889269997494293,-0.007132115025267671,0.11764705882352941,
threshold,26,100,0.5,FE-DML + R-learner,0.7274565012089133,-0.06679324789422181,0.05066873751836454,,
threshold,26,100,0.5,Pooled DML-sieve,0.6065422425464125,0.6014446634431331,0.5683055602603526,0.058823529411764705,
threshold,26,100,0.5,Panel-DOSE,0.14840969999098824,0.10912598142121743,0.07333339155057961,0.8235294117647058,1.0
threshold,26,100,0.5,Panel-DOSE (unpenalised),0.19648338810683585,0.1391587399107561,0.05267219152497227,0.8823529411764706,1.0
threshold,27,100,0.5,TWFE,1.0509515924127768,0.38396150657067757,0.27750138185598094,0.058823529411764705,
threshold,27,100,0.5,TWFE-interaction,0.6644341563580873,0.2483007617301917,0.37797518926616125,0.11764705882352941,
threshold,27,100,0.5,FE-DML (constant),0.9868323125532601,0.12948050831027913,0.02302038359558256,0.058823529411764705,
threshold,27,100,0.5,FE-DML + R-learner,0.6900099297718414,0.30842921925812095,0.12659859415383645,,
threshold,27,100,0.5,Pooled DML-sieve,0.8068759096996448,0.7843746106814148,0.7315464371468864,0.058823529411764705,
threshold,27,100,0.5,Panel-DOSE,0.2226486140957847,0.15303145932585163,0.10944249041975451,0.9411764705882353,1.0
threshold,27,100,0.5,Panel-DOSE (unpenalised),0.42964417060251825,0.20025589659763068,0.11848436162832221,0.8235294117647058,0.0
threshold,28,100,0.5,TWFE,1.0368711058280606,0.3435533132341742,0.24759152909788795,0.058823529411764705,
threshold,28,100,0.5,TWFE-interaction,0.4536177021197956,0.2565675094113751,0.33056189775271816,0.17647058823529413,
threshold,28,100,0.5,FE-DML (constant),0.9785728713483567,0.02306628431370252,-0.07289549982258381,0.058823529411764705,
threshold,28,100,0.5,FE-DML + R-learner,0.449210480267873,-0.011623662527257635,-0.04693700299499992,,
threshold,28,100,0.5,Pooled DML-sieve,0.7226223354862665,0.5930624564919112,0.6763704032552028,0.35294117647058826,
threshold,28,100,0.5,Panel-DOSE,0.12091195612606852,-0.035059984214855344,-0.027943928010519592,1.0,1.0
threshold,28,100,0.5,Panel-DOSE (unpenalised),0.1735545493442371,-0.033252066249668616,-0.03303729567434077,1.0,1.0
threshold,29,100,0.5,TWFE,0.9786079131639187,-0.024507889344309874,0.17008808600534642,0.058823529411764705,
threshold,29,100,0.5,TWFE-interaction,0.5354637583361813,0.275943372344289,0.2388130757249043,0.11764705882352941,
threshold,29,100,0.5,FE-DML (constant),1.041970740302224,-0.3586505438153382,-0.1640545684656819,0.058823529411764705,
threshold,29,100,0.5,FE-DML + R-learner,0.6409129565204643,-0.3911585465936631,-0.16959079290987694,,
threshold,29,100,0.5,Pooled DML-sieve,0.4789129075753315,0.45132179570385855,0.4421637810306358,0.4117647058823529,
threshold,29,100,0.5,Panel-DOSE,0.24472546638227932,-0.16427739660766277,-0.14607838251177147,0.7647058823529411,0.0
threshold,29,100,0.5,Panel-DOSE (unpenalised),0.22165194000333677,-0.18039621072347173,-0.1684020187440201,0.8823529411764706,1.0
threshold,30,100,0.5,TWFE,1.019473018144756,0.2867968334174053,0.28645340509862416,0.058823529411764705,
threshold,30,100,0.5,TWFE-interaction,0.535297209518909,0.2847844153243456,0.34780672882470987,0.11764705882352941,
threshold,30,100,0.5,FE-DML (constant),0.9799509455320726,0.0568422781235595,0.05649884980477837,0.058823529411764705,
threshold,30,100,0.5,FE-DML + R-learner,0.6654795463634101,-0.039505203268532234,0.014087008014878166,,
threshold,30,100,0.5,Pooled DML-sieve,0.6298585045503006,0.5335382185453418,0.5274601379060834,0.23529411764705882,
threshold,30,100,0.5,Panel-DOSE,0.3565275682354542,0.013638153603963078,0.05000479022875748,0.8823529411764706,1.0
threshold,30,100,0.5,Panel-DOSE (unpenalised),0.515139150966559,-0.004450807981173679,0.058754855321504595,0.7647058823529411,0.0
threshold,31,100,0.5,TWFE,1.0462838822000027,0.3709948127461922,0.3383573775735387,0.058823529411764705,
threshold,31,100,0.5,TWFE-interaction,0.5245662784716587,0.33268597261287985,0.3985667597292144,0.11764705882352941,
threshold,31,100,0.5,FE-DML (constant),0.9820278661429719,0.08547466767640458,0.05283723250375094,0.058823529411764705,
threshold,31,100,0.5,FE-DML + R-learner,0.6531820911767069,-0.06829189450271492,0.058642282183981265,,
threshold,31,100,0.5,Pooled DML-sieve,0.6278565952146664,0.5858342879340145,0.6016475568822075,0.11764705882352941,
threshold,31,100,0.5,Panel-DOSE,0.18645890430183562,0.031019659731039713,0.08609060896715959,0.7647058823529411,0.0
threshold,31,100,0.5,Panel-DOSE (unpenalised),0.25043983501585104,-0.0002318337223155096,0.07891834395481967,1.0,1.0
threshold,32,100,0.5,TWFE,1.0260246216684046,0.3092793449340997,0.29614376870111114,0.058823529411764705,
threshold,32,100,0.5,TWFE-interaction,0.6207151992454956,0.39286605998935753,0.4781466521647294,0.11764705882352941,
threshold,32,100,0.5,FE-DML (constant),0.9784039921888845,0.014197213255423623,0.0010616370224350025,0.058823529411764705,
threshold,32,100,0.5,FE-DML + R-learner,0.6398105629241809,0.28147511728245483,0.19987398464240347,,
threshold,32,100,0.5,Pooled DML-sieve,0.7271822634163256,0.6928573209390346,0.6615627956472759,0.23529411764705882,
threshold,32,100,0.5,Panel-DOSE,0.21323064913451345,0.1707314708110056,0.16990878859391034,0.8235294117647058,0.0
threshold,32,100,0.5,Panel-DOSE (unpenalised),0.2880195365606144,0.19291725491226827,0.1617959486327455,0.8823529411764706,0.0
threshold,33,100,0.5,TWFE,0.9859031693416538,0.12219757874438682,0.11135721735497373,0.058823529411764705,
threshold,33,100,0.5,TWFE-interaction,0.5160397976767265,0.22322603007089767,0.31870350664280533,0.11764705882352941,
threshold,33,100,0.5,FE-DML (constant),0.9849430027624486,-0.11419241491352285,-0.12503277630293597,0.058823529411764705,
threshold,33,100,0.5,FE-DML + R-learner,0.579360749136732,-0.04515271813569418,0.03824078884975035,,
threshold,33,100,0.5,Pooled DML-sieve,0.5431005010176783,0.48828421025378654,0.5286318450441531,0.35294117647058826,
threshold,33,100,0.5,Panel-DOSE,0.10125115460059197,-0.0066852065142497565,-0.0008514329477543603,1.0,1.0
threshold,33,100,0.5,Panel-DOSE (unpenalised),0.11333427798856568,-0.016007199507931058,-0.013461793753720808,1.0,1.0
threshold,34,100,0.5,TWFE,0.9884109965502367,0.14100881899549822,0.1758353520751863,0.11764705882352941,
threshold,34,100,0.5,TWFE-interaction,0.5195814690900696,0.2916948873116995,0.29852896901966464,0.11764705882352941,
threshold,34,100,0.5,FE-DML (constant),0.9814309067912197,-0.07831866787751701,-0.043492134797828985,0.058823529411764705,
threshold,34,100,0.5,FE-DML + R-learner,0.4623974594866523,-0.008594610078859722,0.08492314430743353,,
threshold,34,100,0.5,Pooled DML-sieve,0.5045210793241132,0.4830437008602858,0.5081052478514803,0.35294117647058826,
threshold,34,100,0.5,Panel-DOSE,0.13031890901483717,0.03102626105065937,0.04754103791910114,1.0,1.0
threshold,34,100,0.5,Panel-DOSE (unpenalised),0.18460962141636497,0.03487660577549636,0.05056949167016911,0.9411764705882353,1.0
threshold,35,100,0.5,TWFE,1.0320828564486448,0.32881942081979737,0.08236705793009447,0.058823529411764705,
threshold,35,100,0.5,TWFE-interaction,0.43648123486549156,0.07974294429363633,0.19316328123145532,0.29411764705882354,
threshold,35,100,0.5,FE-DML (constant),0.9906586803100191,0.155986569314995,-0.09046579357470785,0.058823529411764705,
threshold,35,100,0.5,FE-DML + R-learner,0.6472618824500462,0.18179129011463196,-0.09298804872118849,,
threshold,35,100,0.5,Pooled DML-sieve,0.6133377553300122,0.5866055571604503,0.6169693567229776,0.29411764705882354,
threshold,35,100,0.5,Panel-DOSE,0.14848291481293172,-0.031039077687133047,-0.05368226677179999,1.0,1.0
threshold,35,100,0.5,Panel-DOSE (unpenalised),0.5903307383266403,0.10088370417892589,-0.04372251711843034,1.0,1.0
threshold,36,100,0.5,TWFE,1.0039389897490734,0.22543443408552968,0.18247600522083707,0.11764705882352941,
threshold,36,100,0.5,TWFE-interaction,0.5873639677780167,0.18558148258707244,0.29038319816677194,0.11764705882352941,
threshold,36,100,0.5,FE-DML (constant),0.9801649031943569,0.06041875856947169,0.017460329704779065,0.058823529411764705,
threshold,36,100,0.5,FE-DML + R-learner,0.5794885351163713,0.11478267233174116,0.07864295446695846,,
threshold,36,100,0.5,Pooled DML-sieve,0.6378510547458079,0.5864052844454553,0.5971650488660778,0.11764705882352941,
threshold,36,100,0.5,Panel-DOSE,0.2915035552978108,0.022692955026005664,0.077854985776879,0.5882352941176471,1.0
threshold,36,100,0.5,Panel-DOSE (unpenalised),0.284347600173515,0.015318803524016678,0.07870913028569215,0.8235294117647058,1.0
threshold,37,100,0.5,TWFE,0.9787158930914842,0.028495408804484333,-0.026240966054662307,0.058823529411764705,
threshold,37,100,0.5,TWFE-interaction,0.5042042989553148,0.07960401790829252,0.16845922624021759,0.23529411764705882,
threshold,37,100,0.5,FE-DML (constant),0.989040346712533,-0.14535472595798418,-0.20009110081713077,0.11764705882352941,
threshold,37,100,0.5,FE-DML + R-learner,0.5729152786843286,-0.1903908468789264,-0.14535229903269642,,
threshold,37,100,0.5,Pooled DML-sieve,0.5263527918780951,0.46408037596177454,0.4743884563552774,0.35294117647058826,
threshold,37,100,0.5,Panel-DOSE,0.24687848676596866,-0.15273306450588162,-0.10109921688729684,1.0,1.0
threshold,37,100,0.5,Panel-DOSE (unpenalised),0.33522206487848943,-0.18007418223520927,-0.12187041380653951,1.0,1.0
threshold,38,100,0.5,TWFE,1.0352762394068835,0.33870943419623206,0.24808985275477202,0.058823529411764705,
threshold,38,100,0.5,TWFE-interaction,0.5606849276111702,0.24776153603593057,0.3472508892918976,0.058823529411764705,
threshold,38,100,0.5,FE-DML (constant),0.9790632840542605,0.03862775059703307,-0.051991830844427045,0.058823529411764705,
threshold,38,100,0.5,FE-DML + R-learner,0.6879316338926702,0.13273622604114882,0.04064609012967313,,
threshold,38,100,0.5,Pooled DML-sieve,0.6227367990168073,0.5976168786155157,0.582465593889438,0.11764705882352941,
threshold,38,100,0.5,Panel-DOSE,0.1261522994508596,-0.0060433564910743675,0.017194936236441305,1.0,1.0
threshold,38,100,0.5,Panel-DOSE (unpenalised),0.16486504747908742,-0.007819336555494896,0.01742359852980857,1.0,1.0
threshold,39,100,0.5,TWFE,1.0248963618623437,0.3055155339614361,0.15706528828480237,0.058823529411764705,
threshold,39,100,0.5,TWFE-interaction,0.5192855744792928,0.26893376998761326,0.38464165323940913,0.11764705882352941,
threshold,39,100,0.5,FE-DML (constant),1.002581716404314,0.21931093680273542,0.07086069112610172,0.058823529411764705,
threshold,39,100,0.5,FE-DML + R-learner,0.5942006590835335,0.22630082721221884,0.10313323474131464,,
threshold,39,100,0.5,Pooled DML-sieve,0.7243345385178028,0.6660653730368934,0.6810254588270416,0.058823529411764705,
threshold,39,100,0.5,Panel-DOSE,0.3044948585068408,0.19041930156494005,0.17519917749954927,0.6470588235294118,0.0
threshold,39,100,0.5,Panel-DOSE (unpenalised),0.35608852171040145,0.2064635709351765,0.11751539406681333,0.7058823529411765,0.0
threshold,40,100,0.5,TWFE,1.0022730621166267,0.21789557126686301,0.0946930389615167,0.058823529411764705,
threshold,40,100,0.5,TWFE-interaction,0.6210904518536993,0.041343080319082036,0.19470466947298892,0.11764705882352941,
threshold,40,100,0.5,FE-DML (constant),0.9783052689069461,0.0028962223957011064,-0.12030630990964519,0.058823529411764705,
threshold,40,100,0.5,FE-DML + R-learner,0.45170984686297055,-0.17431193352164118,-0.11471033227608807,,
threshold,40,100,0.5,Pooled DML-sieve,0.5725794990487478,0.5348367841998289,0.5179945956243414,0.5294117647058824,
threshold,40,100,0.5,Panel-DOSE,0.18318225316281875,-0.047362074530199784,-0.05160554792011107,0.7647058823529411,0.0
threshold,40,100,0.5,Panel-DOSE (unpenalised),0.22445927402000868,-0.05613364800894299,-0.08123661442485519,1.0,1.0
threshold,41,100,0.5,TWFE,0.9984743618419397,0.19969536847093386,0.1736128939649677,0.11764705882352941,
threshold,41,100,0.5,TWFE-interaction,0.5602969805682763,0.2814372926885908,0.3181529342081111,0.058823529411764705,
threshold,41,100,0.5,FE-DML (constant),0.9842252692190635,-0.10782657141174062,-0.1339090459177068,0.058823529411764705,
threshold,41,100,0.5,FE-DML + R-learner,0.6832486838783269,0.06676779977782932,0.01123965125301607,,
threshold,41,100,0.5,Pooled DML-sieve,0.5660414250292797,0.46743234224563635,0.5294450593383762,0.29411764705882354,
threshold,41,100,0.5,Panel-DOSE,0.1993313063097546,-0.08153024901822772,-0.03600622413743593,1.0,1.0
threshold,41,100,0.5,Panel-DOSE (unpenalised),0.3342496472019037,-0.10646841719565103,-0.04641799183020834,0.9411764705882353,0.0
threshold,42,100,0.5,TWFE,0.9929721388986521,0.17006133470615026,0.10126863113471507,0.11764705882352941,
threshold,42,100,0.5,TWFE-interaction,0.42787436491047015,0.217921889112782,0.2356372817035226,0.23529411764705882,
threshold,42,100,0.5,FE-DML (constant),0.9786720694064587,-0.026948253549969527,-0.09574095712140474,0.058823529411764705,
threshold,42,100,0.5,FE-DML + R-learner,0.42555094807799493,-0.12974863081715607,-0.0590414819989995,,
threshold,42,100,0.5,Pooled DML-sieve,0.8052470043391814,0.7573605021477038,0.7235510249061714,0.0,
threshold,42,100,0.5,Panel-DOSE,0.22918926259808758,0.009759880315787966,-0.03333140394658107,0.7058823529411765,0.0
threshold,42,100,0.5,Panel-DOSE (unpenalised),0.32187331912867495,0.005594564633756538,-0.03066168483602605,0.8235294117647058,0.0
threshold,43,100,0.5,TWFE,1.031685245084623,0.32756928100539573,0.20087901525352403,0.058823529411764705,
threshold,43,100,0.5,TWFE-interaction,0.5781245027145243,0.21531991448855634,0.35975675129659446,0.058823529411764705,
threshold,43,100,0.5,FE-DML (constant),0.9783065855922782,0.003311245429515572,-0.12337902032235615,0.058823529411764705,
threshold,43,100,0.5,FE-DML + R-learner,0.48933473891036133,0.05663747353598807,-0.041352773719791625,,
threshold,43,100,0.5,Pooled DML-sieve,0.6405924123450288,0.6258691611741201,0.6480890892935536,0.17647058823529413,
threshold,43,100,0.5,Panel-DOSE,0.09996186712106529,-0.07501588682922462,-0.0576957399313035,1.0,1.0
threshold,43,100,0.5,Panel-DOSE (unpenalised),0.12406398907169834,-0.07851056050181537,-0.04769907709923693,1.0,1.0
threshold,44,100,0.5,TWFE,1.0227171958491317,0.2981235509291144,0.3479255822112063,0.058823529411764705,
threshold,44,100,0.5,TWFE-interaction,0.6425208939057656,0.43304653427579237,0.4330976997862571,0.11764705882352941,
threshold,44,100,0.5,FE-DML (constant),0.9783246100806384,0.006799383979922877,0.05660141526201479,0.058823529411764705,
threshold,44,100,0.5,FE-DML + R-learner,0.5200968442084783,0.14213501436347922,0.12405917505922581,,
threshold,44,100,0.5,Pooled DML-sieve,0.734903402477945,0.6893558005346389,0.6512691899673376,0.0,
threshold,44,100,0.5,Panel-DOSE,0.32831635955515703,0.206673407462952,0.16758227028870853,0.8235294117647058,0.0
threshold,44,100,0.5,Panel-DOSE (unpenalised),0.3110916737817613,0.19869309195677645,0.18207948090534165,0.9411764705882353,1.0
threshold,45,100,0.5,TWFE,0.9936950048775507,0.17423246440221388,0.1301096325074187,0.11764705882352941,
threshold,45,100,0.5,TWFE-interaction,0.4947924867690453,0.22451437291354082,0.2939065430276575,0.11764705882352941,
threshold,45,100,0.5,FE-DML (constant),0.9835343034514289,-0.10132578644530926,-0.14544861834010447,0.058823529411764705,
threshold,45,100,0.5,FE-DML + R-learner,0.6178552615255709,-0.3149212898076911,-0.13546832486789484,,
threshold,45,100,0.5,Pooled DML-sieve,0.4139734475212527,0.2848143997221881,0.29597828365932055,0.47058823529411764,
threshold,45,100,0.5,Panel-DOSE,0.2829789058549466,-0.09805626026109182,-0.10257387010968744,0.8235294117647058,0.0
threshold,45,100,0.5,Panel-DOSE (unpenalised),0.3721217121172755,-0.12497486805414477,-0.0939170916664781,0.8235294117647058,0.0
threshold,46,100,0.5,TWFE,0.9999953027283495,0.2071661034335405,0.2242065207294639,0.11764705882352941,
threshold,46,100,0.5,TWFE-interaction,0.5597989471891881,0.2638875762013949,0.29204987781695624,0.058823529411764705,
threshold,46,100,0.5,FE-DML (constant),0.9827414599126879,-0.09331648281195778,-0.07627606551603439,0.058823529411764705,
threshold,46,100,0.5,FE-DML + R-learner,0.49225139803920825,0.09138762333059186,0.04376227156816448,,
threshold,46,100,0.5,Pooled DML-sieve,0.6447169449011881,0.6287683934330748,0.5935870144146693,0.058823529411764705,
threshold,46,100,0.5,Panel-DOSE,0.12497328819517611,0.06608102686744861,0.042397706432361515,1.0,1.0
threshold,46,100,0.5,Panel-DOSE (unpenalised),0.15932360949815466,0.07144817640009421,0.030416456428768557,0.9411764705882353,1.0
threshold,47,100,0.5,TWFE,1.0478332117518199,0.3753420154781603,0.34535516689339363,0.058823529411764705,
threshold,47,100,0.5,TWFE-interaction,0.6317973646072981,0.3166203745047114,0.422762096578843,0.11764705882352941,
threshold,47,100,0.5,FE-DML (constant),0.9818678243528861,0.08361586830586024,0.053629019721093574,0.058823529411764705,
threshold,47,100,0.5,FE-DML + R-learner,0.5831122986561724,-0.02994188008308325,0.09402522435343241,,
threshold,47,100,0.5,Pooled DML-sieve,0.6176248704239672,0.5611056585429447,0.5888298818494766,0.23529411764705882,
threshold,47,100,0.5,Panel-DOSE,0.24002483354051918,-0.009022487818508633,0.07284583121711352,0.7647058823529411,1.0
threshold,47,100,0.5,Panel-DOSE (unpenalised),0.2884484127341999,-0.040358423943695,0.056653293750652645,1.0,1.0
threshold,48,100,0.5,TWFE,1.1326736151624688,0.5708561179651924,0.43640085376770843,0.058823529411764705,
threshold,48,100,0.5,TWFE-interaction,0.6920223412340192,0.3742383985946558,0.5070874069300926,0.11764705882352941,
threshold,48,100,0.5,FE-DML (constant),1.0169970068124512,0.2778670559792186,0.14341179178173458,0.058823529411764705,
threshold,48,100,0.5,FE-DML + R-learner,0.7714196064748293,0.09053096674277192,0.24929232289017755,,
threshold,48,100,0.5,Pooled DML-sieve,0.7867579804328532,0.7479843625287975,0.7309864369552384,0.058823529411764705,
threshold,48,100,0.5,Panel-DOSE,0.2507319130224781,0.14131937682340687,0.17792222491439014,0.6470588235294118,0.0
threshold,48,100,0.5,Panel-DOSE (unpenalised),0.28732080055284465,0.1258043804011549,0.19050700713251878,0.7058823529411765,0.0
threshold,49,100,0.5,TWFE,1.0587524462340863,0.40482580369800386,0.30171426905796195,0.058823529411764705,
threshold,49,100,0.5,TWFE-interaction,0.5618102152430461,0.34768641181920756,0.41090258414579783,0.11764705882352941,
threshold,49,100,0.5,FE-DML (constant),0.9928436392148933,0.16930942343102473,0.06619788879098287,0.11764705882352941,
threshold,49,100,0.5,FE-DML + R-learner,0.4049245277617948,-0.006276966249302414,0.05182829988980164,,
threshold,49,100,0.5,Pooled DML-sieve,0.782739133818667,0.7453488441580338,0.7547729037021007,0.11764705882352941,
threshold,49,100,0.5,Panel-DOSE,0.1219894205907118,0.08308951638111793,0.09497586090901333,1.0,1.0
threshold,49,100,0.5,Panel-DOSE (unpenalised),0.16212137488907105,0.06383813828352501,0.09831602547880525,0.8823529411764706,1.0
threshold,0,100,2.0,TWFE,1.4718942439767166,1.0997271727046047,1.1756057622238374,0.35294117647058826,
threshold,0,100,2.0,TWFE-interaction,1.6582684836612478,1.3332459974282096,1.2833816835595775,0.17647058823529413,
threshold,0,100,2.0,FE-DML (constant),0.9784953327732483,0.019501415130779652,0.09538000465001217,0.058823529411764705,
threshold,0,100,2.0,FE-DML + R-learner,0.6593067822380619,0.1561699617646243,0.1151151197923771,,
threshold,0,100,2.0,Pooled DML-sieve,0.5158245284096821,0.46507811634685525,0.4656420858515238,0.29411764705882354,
threshold,0,100,2.0,Panel-DOSE,0.5491456723181951,0.27593615132672755,0.19652986736553058,0.8235294117647058,0.0
threshold,0,100,2.0,Panel-DOSE (unpenalised),0.5491456723181951,0.27593615132672755,0.19652986736553058,0.8235294117647058,0.0
threshold,1,100,2.0,TWFE,1.3048782503635383,0.8635012664755518,0.7177982574997561,0.4117647058823529,
threshold,1,100,2.0,TWFE-interaction,1.350109849185877,1.2229758579098915,1.1425288165261218,0.17647058823529413,
threshold,1,100,2.0,FE-DML (constant),0.9819199488487325,0.08422573763506339,-0.06147727134073233,0.058823529411764705,
threshold,1,100,2.0,FE-DML + R-learner,0.594533171534689,0.0372508070453956,-0.05768486881319368,,
threshold,1,100,2.0,Pooled DML-sieve,0.7415675340226676,0.6923562025213895,0.6547459004666332,0.11764705882352941,
threshold,1,100,2.0,Panel-DOSE,0.43376910440368766,-0.015278083889033263,-0.0460470021156375,0.9411764705882353,1.0
threshold,1,100,2.0,Panel-DOSE (unpenalised),0.6386066869377264,-0.014498764803676852,-0.06721346709169462,0.8235294117647058,1.0
threshold,2,100,2.0,TWFE,1.4869648829134685,1.1198177315755176,1.0732078792259572,0.35294117647058826,
threshold,2,100,2.0,TWFE-interaction,1.36692027691111,1.2013597342320697,1.1810852906051565,0.17647058823529413,
threshold,2,100,2.0,FE-DML (constant),0.9821189798712906,0.08651519841332803,0.0399053460637675,0.058823529411764705,
threshold,2,100,2.0,FE-DML + R-learner,0.5951456801758566,0.23358645656003513,0.13793277728148057,,
threshold,2,100,2.0,Pooled DML-sieve,0.6708569848618391,0.6016125913836814,0.5647097236813718,0.35294117647058826,
threshold,2,100,2.0,Panel-DOSE,0.24669881241310532,0.1411086509832454,0.10114983835540792,0.7647058823529411,0.0
threshold,2,100,2.0,Panel-DOSE (unpenalised),0.30317157772987924,0.1449040419227369,0.12144474971969499,0.8235294117647058,0.0
threshold,3,100,2.0,TWFE,1.769222125522384,1.4741350407513607,1.3113404977977505,0.23529411764705882,
threshold,3,100,2.0,TWFE-interaction,1.6763615624418595,1.55712277482011,1.595160954048032,0.058823529411764705,
threshold,3,100,2.0,FE-DML (constant),1.0217313570233157,0.29472386204340373,0.13192931908979377,0.058823529411764705,
threshold,3,100,2.0,FE-DML + R-learner,0.5540439782079306,0.2735728618579115,0.18622153270829822,,
threshold,3,100,2.0,Pooled DML-sieve,0.9344288903097854,0.8762693197324276,0.8221942435096469,0.11764705882352941,
threshold,3,100,2.0,Panel-DOSE,0.26875346458947297,0.19450913826075328,0.15706663611695937,1.0,1.0
threshold,3,100,2.0,Panel-DOSE (unpenalised),0.37355563798922664,0.1799302632195288,0.1641834013459661,0.8823529411764706,1.0
threshold,4,100,2.0,TWFE,1.842472314861829,1.5612915871051694,1.610633947080437,0.29411764705882354,
threshold,4,100,2.0,TWFE-interaction,2.0741276484882474,1.7709082562740355,1.7486307258954874,0.17647058823529413,
threshold,4,100,2.0,FE-DML (constant),0.9843020470954206,0.10852515307203554,0.15786751304730295,0.11764705882352941,
threshold,4,100,2.0,FE-DML + R-learner,0.6832452484590601,0.21499820011028975,0.2536086641835803,,
threshold,4,100,2.0,Pooled DML-sieve,0.781970507795261,0.6642584908405066,0.6496778545307718,0.17647058823529413,
threshold,4,100,2.0,Panel-DOSE,0.3972513525135793,0.22953842405682004,0.21908987250088463,0.5882352941176471,1.0
threshold,4,100,2.0,Panel-DOSE (unpenalised),0.34773069968215264,0.22881391512052024,0.21165600880777546,0.8823529411764706,1.0
threshold,5,100,2.0,TWFE,1.6795665322456885,1.3652365821251935,1.2746267385759578,0.29411764705882354,
threshold,5,100,2.0,TWFE-interaction,1.6248216219296754,1.4595375349798485,1.525902066886208,0.11764705882352941,
threshold,5,100,2.0,FE-DML (constant),1.0496438662943886,0.38036749990306123,0.2897576563538252,0.058823529411764705,
threshold,5,100,2.0,FE-DML + R-learner,0.5667643110313979,-0.019315354894820665,0.17150144627818042,,
threshold,5,100,2.0,Pooled DML-sieve,0.8096935904584182,0.7777116610366237,0.8232897862639194,0.11764705882352941,
threshold,5,100,2.0,Panel-DOSE,0.3107270275797639,0.20405747643421143,0.2534394765109379,0.6470588235294118,0.0
threshold,5,100,2.0,Panel-DOSE (unpenalised),0.3167228999405054,0.1883540108232415,0.2558303171251807,0.7647058823529411,1.0
threshold,6,100,2.0,TWFE,1.9849044152035888,1.7270705620870774,1.7004031671795186,0.11764705882352941,
threshold,6,100,2.0,TWFE-interaction,1.9743874803185406,1.8554056162273103,1.8617295318940539,0.058823529411764705,
threshold,6,100,2.0,FE-DML (constant),0.9952841119741819,0.18307826873036817,0.15641087382280916,0.11764705882352941,
threshold,6,100,2.0,FE-DML + R-learner,0.44594846018096485,0.17468649171673067,0.20331669715212974,,
threshold,6,100,2.0,Pooled DML-sieve,0.7437278242359644,0.7000787216031564,0.6862149118632117,0.058823529411764705,
threshold,6,100,2.0,Panel-DOSE,0.20909974804913856,0.15373841768318042,0.18527384024639515,0.6470588235294118,0.0
threshold,6,100,2.0,Panel-DOSE (unpenalised),0.2078665282590853,0.1440561398458582,0.18312782028598673,0.8823529411764706,1.0
threshold,7,100,2.0,TWFE,1.7421491841226147,1.4415307727107896,1.3613575406363938,0.23529411764705882,
threshold,7,100,2.0,TWFE-interaction,1.7183749195343925,1.592458119520589,1.6363494922097805,0.11764705882352941,
threshold,7,100,2.0,FE-DML (constant),1.0086056915730832,0.24538261961004976,0.1652093875356544,0.11764705882352941,
threshold,7,100,2.0,FE-DML + R-learner,0.9872895005612542,-0.2630756538493428,0.17484551380988822,,
threshold,7,100,2.0,Pooled DML-sieve,0.7484596014536489,0.6005663493664127,0.729137207298827,0.5294117647058824,
threshold,7,100,2.0,Panel-DOSE,0.575003726229022,0.06847994770579753,0.21207224103278366,0.5294117647058824,0.0
threshold,7,100,2.0,Panel-DOSE (unpenalised),0.718027303287776,0.04642817467035284,0.21924456533123793,0.6470588235294118,1.0
threshold,8,100,2.0,TWFE,1.5519985889265202,1.2048347641743173,1.088704785019035,0.35294117647058826,
threshold,8,100,2.0,TWFE-interaction,1.4969762357411194,1.2028322040925943,1.362190138380528,0.11764705882352941,
threshold,8,100,2.0,FE-DML (constant),0.9875384782562947,0.13475694776089087,0.01862696860560853,0.11764705882352941,
threshold,8,100,2.0,FE-DML + R-learner,0.7937611781063145,-0.06835183950419095,0.12126521872576801,,
threshold,8,100,2.0,Pooled DML-sieve,0.6208592266637508,0.53266405017378,0.6224461356086656,0.29411764705882354,
threshold,8,100,2.0,Panel-DOSE,0.43381457466950707,-0.039970328426799165,0.08751755662824756,0.5882352941176471,0.0
threshold,8,100,2.0,Panel-DOSE (unpenalised),0.5480786017217236,-0.0920478107186374,0.09542651374283528,0.9411764705882353,1.0
threshold,9,100,2.0,TWFE,1.5790274159504698,1.2394574495545585,1.2059920484942426,0.35294117647058826,
threshold,9,100,2.0,TWFE-interaction,1.6721963286909678,1.5011340012563164,1.4924525300823575,0.11764705882352941,
threshold,9,100,2.0,FE-DML (constant),0.9804183897644542,0.0644003720594708,0.030934970999154987,0.058823529411764705,
threshold,9,100,2.0,FE-DML + R-learner,0.717795682389174,-0.04969645328732984,-0.01611578873073849,,
threshold,9,100,2.0,Pooled DML-sieve,0.7396015981107987,0.7319202459534827,0.697411039046214,0.0,
threshold,9,100,2.0,Panel-DOSE,0.15197210552861015,0.10902394754235382,0.09542229001740055,1.0,1.0
threshold,9,100,2.0,Panel-DOSE (unpenalised),0.169069991063153,0.03203895752676961,0.0880248832373951,0.9411764705882353,1.0
threshold,10,100,2.0,TWFE,1.793695778353657,1.5034200125769261,1.3245480718769906,0.23529411764705882,
threshold,10,100,2.0,TWFE-interaction,1.6661746409150566,1.4652424916334734,1.6360837210786507,0.17647058823529413,
threshold,10,100,2.0,FE-DML (constant),1.003848794192099,0.22503242107306357,0.046160480373128254,0.11764705882352941,
threshold,10,100,2.0,FE-DML + R-learner,0.7915055496883169,0.21314288262680628,0.26284530802510686,,
threshold,10,100,2.0,Pooled DML-sieve,0.7179613240411535,0.6445022030259349,0.7162411312290146,0.11764705882352941,
threshold,10,100,2.0,Panel-DOSE,0.31544007371855987,0.06779772911295576,0.13831766153415248,0.6470588235294118,0.0
threshold,10,100,2.0,Panel-DOSE (unpenalised),0.33575090205350094,0.019038981248427927,0.12069080443719005,0.9411764705882353,1.0
threshold,11,100,2.0,TWFE,1.7969775755227757,1.5073339364138219,1.3995651545195886,0.23529411764705882,
threshold,11,100,2.0,TWFE-interaction,1.602372454526103,1.3593922354636663,1.4684894224020741,0.17647058823529413,
threshold,11,100,2.0,FE-DML (constant),0.9825949487301728,0.09176067895958451,-0.016008102934648383,0.058823529411764705,
threshold,11,100,2.0,FE-DML + R-learner,0.7041600778192858,-0.22707455717852956,-0.018106475872317396,,
threshold,11,100,2.0,Pooled DML-sieve,0.6576207438994509,0.5933859921003589,0.6347574282830948,0.11764705882352941,
threshold,11,100,2.0,Panel-DOSE,0.3092463226694788,-0.10475265029297844,-0.03611363844880622,0.8823529411764706,0.0
threshold,11,100,2.0,Panel-DOSE (unpenalised),0.3744501204728485,-0.1210198127863646,-0.07872972966801639,0.9411764705882353,1.0
threshold,12,100,2.0,TWFE,1.4316119873812387,1.0451985798625703,1.1179551194367363,0.4117647058823529,
threshold,12,100,2.0,TWFE-interaction,1.4649404574038256,1.3014312748923154,1.2520460273997012,0.17647058823529413,
threshold,12,100,2.0,FE-DML (constant),0.9882943116883405,-0.14018857103417376,-0.06743203146000754,0.11764705882352941,
threshold,12,100,2.0,FE-DML + R-learner,0.5222301177589052,0.07596268207883282,-0.027926791145904795,,
threshold,12,100,2.0,Pooled DML-sieve,0.6413297254536642,0.5884388595554317,0.5789779520036703,0.23529411764705882,
threshold,12,100,2.0,Panel-DOSE,0.1829934456914364,-0.0068715418267536075,-0.0299392999107726,1.0,1.0
threshold,12,100,2.0,Panel-DOSE (unpenalised),0.17686139848341864,-0.020306812395856685,-0.01844817528663656,1.0,1.0
threshold,13,100,2.0,TWFE,1.6646859356845376,1.3468876914572268,1.228523753251498,0.35294117647058826,
threshold,13,100,2.0,TWFE-interaction,1.7770881454810832,1.4750892798357285,1.572955297383737,0.17647058823529413,
threshold,13,100,2.0,FE-DML (constant),1.0039946863874607,0.22568234141671054,0.10731840321098185,0.11764705882352941,
threshold,13,100,2.0,FE-DML + R-learner,0.7170623605693813,0.22171664795177387,0.108376490024646,,
threshold,13,100,2.0,Pooled DML-sieve,0.6049917030667639,0.5935643559824176,0.5708284503581212,0.17647058823529413,
threshold,13,100,2.0,Panel-DOSE,0.16916664512291885,0.11928030538318453,0.12129130239377761,1.0,1.0
threshold,13,100,2.0,Panel-DOSE (unpenalised),0.21831291643761364,0.11791387117202691,0.10100293060941601,1.0,1.0
threshold,14,100,2.0,TWFE,1.6962573697397012,1.3857186775566397,1.391850148564631,0.35294117647058826,
threshold,14,100,2.0,TWFE-interaction,2.0453923668403244,1.8293816398995302,1.7724761614677513,0.11764705882352941,
threshold,14,100,2.0,FE-DML (constant),0.9980261256835169,0.19744198256683973,0.20357345357483092,0.11764705882352941,
threshold,14,100,2.0,FE-DML + R-learner,0.5571281554115289,0.07981693159097951,0.21433273757027982,,
threshold,14,100,2.0,Pooled DML-sieve,0.8370214575551799,0.7654922215995491,0.7766430500719559,0.17647058823529413,
threshold,14,100,2.0,Panel-DOSE,0.410820167014671,0.3267786407162664,0.31363494221591615,0.5882352941176471,1.0
threshold,14,100,2.0,Panel-DOSE (unpenalised),0.31797280699152086,0.26739392398325,0.32393919996185283,0.8823529411764706,1.0
threshold,15,100,2.0,TWFE,1.752655632684258,1.4542107672936992,1.3624179465755477,0.29411764705882354,
threshold,15,100,2.0,TWFE-interaction,1.9654233648425596,1.7777952303700708,1.8299290558747991,0.17647058823529413,
threshold,15,100,2.0,FE-DML (constant),0.9954588003891469,0.18402557486738727,0.0922327541492356,0.11764705882352941,
threshold,15,100,2.0,FE-DML + R-learner,0.3876790570542155,-0.012492494046692644,0.1322775021028012,,
threshold,15,100,2.0,Pooled DML-sieve,0.8353476493124921,0.7938009490347109,0.8349092597470802,0.058823529411764705,
threshold,15,100,2.0,Panel-DOSE,0.30198125823911337,0.09371629372570613,0.1759496390492714,0.8235294117647058,0.0
threshold,15,100,2.0,Panel-DOSE (unpenalised),0.216580641076701,0.11961850823701624,0.16259377530415908,1.0,1.0
threshold,16,100,2.0,TWFE,1.6221845518447324,1.2939899184988917,1.2409376400438321,0.29411764705882354,
threshold,16,100,2.0,TWFE-interaction,1.667105944636759,1.4782500383276742,1.5036269679273901,0.17647058823529413,
threshold,16,100,2.0,FE-DML (constant),0.9889568399440904,0.14478542815240214,0.09173314969734248,0.11764705882352941,
threshold,16,100,2.0,FE-DML + R-learner,0.7620035633773338,0.4326384795408933,0.14977257212223882,,
threshold,16,100,2.0,Pooled DML-sieve,0.6868129461414125,0.6691030566052829,0.6442987338407489,0.17647058823529413,
threshold,16,100,2.0,Panel-DOSE,0.19543385444737305,0.15804903141546597,0.12360688140852583,1.0,1.0
threshold,16,100,2.0,Panel-DOSE (unpenalised),0.3222310808634057,0.21111527094172203,0.11866168661478471,1.0,1.0
threshold,17,100,2.0,TWFE,1.2757704753632464,0.8188513263967011,0.767147840549941,0.4117647058823529,
threshold,17,100,2.0,TWFE-interaction,1.4013136600872633,1.1645313141443772,1.2057592108201656,0.17647058823529413,
threshold,17,100,2.0,FE-DML (constant),0.9802795608509546,0.062251155452838436,0.010547669606078336,0.058823529411764705,
threshold,17,100,2.0,FE-DML + R-learner,0.5784687770962259,-0.05517998249287559,0.03729361178730817,,
threshold,17,100,2.0,Pooled DML-sieve,0.764462860994396,0.7432820830787572,0.742566181390228,0.058823529411764705,
threshold,17,100,2.0,Panel-DOSE,0.3633994169938217,0.1190961508030182,0.14139859652196607,0.5882352941176471,0.0
threshold,17,100,2.0,Panel-DOSE (unpenalised),0.25648422009927974,0.13198465503514958,0.16503968339797193,1.0,1.0
threshold,18,100,2.0,TWFE,1.5831783501648564,1.244741289330353,1.1584155008514325,0.4117647058823529,
threshold,18,100,2.0,TWFE-interaction,1.8394162608508655,1.536778888908754,1.6136834709980805,0.17647058823529413,
threshold,18,100,2.0,FE-DML (constant),0.9843501109325477,0.10896022130113325,0.02263443282221267,0.058823529411764705,
threshold,18,100,2.0,FE-DML + R-learner,0.549474034464407,-0.018351602455218913,0.1596933870550915,,
threshold,18,100,2.0,Pooled DML-sieve,0.6261561638480129,0.6154883769040395,0.606768176555207,0.17647058823529413,
threshold,18,100,2.0,Panel-DOSE,0.2385919329535881,0.07510534068365456,0.13251156424780053,0.8235294117647058,1.0
threshold,18,100,2.0,Panel-DOSE (unpenalised),0.2605702992460402,0.055369426656899645,0.13025903378145098,1.0,1.0
threshold,19,100,2.0,TWFE,1.3982505855592005,0.9990154598151724,0.8565858758543116,0.4117647058823529,
threshold,19,100,2.0,TWFE-interaction,1.4015344321160619,1.0768681913170184,1.2199212560966348,0.23529411764705882,
threshold,19,100,2.0,FE-DML (constant),1.0064278441954568,0.2362714424237255,0.09384185846286452,0.11764705882352941,
threshold,19,100,2.0,FE-DML + R-learner,0.9448099468389072,0.11794140536215231,0.13558387803602712,,
threshold,19,100,2.0,Pooled DML-sieve,0.7985822984617755,0.7233957154417915,0.7560054417438672,0.11764705882352941,
threshold,19,100,2.0,Panel-DOSE,0.2417120123605359,0.16859168133142652,0.17135411923088528,0.9411764705882353,1.0
threshold,19,100,2.0,Panel-DOSE (unpenalised),0.2331091802470799,0.15166562008671236,0.1957111164479347,1.0,1.0
threshold,20,100,2.0,TWFE,1.48099809842464,1.1118824382417742,1.081747298530313,0.4117647058823529,
threshold,20,100,2.0,TWFE-interaction,1.693849470285574,1.407393335187338,1.4154006453208117,0.23529411764705882,
threshold,20,100,2.0,FE-DML (constant),0.9783553096205801,-0.010310227730476388,-0.04044536744193761,0.058823529411764705,
threshold,20,100,2.0,FE-DML + R-learner,0.6115978044976129,-0.037052183972277365,0.016322385368079284,,
threshold,20,100,2.0,Pooled DML-sieve,0.6016404722497724,0.5296425729414341,0.5766623388710728,0.29411764705882354,
threshold,20,100,2.0,Panel-DOSE,0.2047979623552509,-0.027239369738844905,0.02054866982481096,1.0,1.0
threshold,20,100,2.0,Panel-DOSE (unpenalised),0.19649423074342282,0.003072854224286766,0.012704784112586354,1.0,1.0
threshold,21,100,2.0,TWFE,1.6492502600741228,1.3277626328857257,1.3030484581832533,0.35294117647058826,
threshold,21,100,2.0,TWFE-interaction,1.944220156100026,1.5746315297137745,1.595339390170545,0.17647058823529413,
threshold,21,100,2.0,FE-DML (constant),0.9783140383387777,-0.005054358891143009,-0.02976853359361553,0.058823529411764705,
threshold,21,100,2.0,FE-DML + R-learner,0.8541064584332924,-0.10733872610835705,0.022296402158782813,,
threshold,21,100,2.0,Pooled DML-sieve,0.5240606717510289,0.4802161058444053,0.4491851773702136,0.5294117647058824,
threshold,21,100,2.0,Panel-DOSE,0.2553399307657986,0.1175737515144696,0.06647194865822326,1.0,1.0
threshold,21,100,2.0,Panel-DOSE (unpenalised),0.29517782003674103,0.13963850368721858,0.06442313149007262,1.0,1.0
threshold,22,100,2.0,TWFE,1.4898735395110918,1.1236771567796429,1.1322949976292587,0.35294117647058826,
threshold,22,100,2.0,TWFE-interaction,1.6411130762137105,1.3976176638013136,1.3494206051069386,0.11764705882352941,
threshold,22,100,2.0,FE-DML (constant),0.9881091988059937,0.13887756369585424,0.14749540454547005,0.058823529411764705,
threshold,22,100,2.0,FE-DML + R-learner,0.7036897434271153,0.00794438700170366,0.18029163899559164,,
threshold,22,100,2.0,Pooled DML-sieve,0.5988558753751941,0.544399350217359,0.5445153298753523,0.29411764705882354,
threshold,22,100,2.0,Panel-DOSE,0.2843581538944864,0.1735706682206986,0.1527898006006828,0.6470588235294118,0.0
threshold,22,100,2.0,Panel-DOSE (unpenalised),0.3070840719407258,0.2149380242112885,0.14435210351174488,0.8823529411764706,1.0
threshold,23,100,2.0,TWFE,1.4039286886268876,1.0069473430535905,0.9978026422268828,0.4117647058823529,
threshold,23,100,2.0,TWFE-interaction,1.6087821380003882,1.2498844211679974,1.2576851145768462,0.23529411764705882,
threshold,23,100,2.0,FE-DML (constant),0.9787929036837174,0.031028007262407085,0.021883306435699468,0.058823529411764705,
threshold,23,100,2.0,FE-DML + R-learner,0.5865720822992337,0.007248687138088376,0.08248078428235062,,
threshold,23,100,2.0,Pooled DML-sieve,0.6325584041453122,0.5904566121545092,0.5546685546995628,0.11764705882352941,
threshold,23,100,2.0,Panel-DOSE,0.2820549352726286,0.0695941157961055,0.07189074556939523,0.7647058823529411,0.0
threshold,23,100,2.0,Panel-DOSE (unpenalised),0.2718485560362548,0.12015660271330425,0.09886605899876488,1.0,1.0
threshold,24,100,2.0,TWFE,1.6175161178692055,1.2881325943006563,1.2147515669164015,0.35294117647058826,
threshold,24,100,2.0,TWFE-interaction,1.6426946776931264,1.4616263661531868,1.4841779729731703,0.11764705882352941,
threshold,24,100,2.0,FE-DML (constant),1.0023754037905874,0.21836583766106035,0.14498481027680576,0.058823529411764705,
threshold,24,100,2.0,FE-DML + R-learner,0.6579538668198298,0.3111327731168289,0.20460215233557266,,
threshold,24,100,2.0,Pooled DML-sieve,0.7933302902627599,0.7364998195858139,0.704974889595721,0.17647058823529413,
threshold,24,100,2.0,Panel-DOSE,0.2599216447624487,0.1445094930598519,0.151302567440742,0.6470588235294118,1.0
threshold,24,100,2.0,Panel-DOSE (unpenalised),0.3513983656392801,0.15230111525672385,0.17063209707521265,0.8823529411764706,1.0
threshold,25,100,2.0,TWFE,1.5729747979592066,1.231737351852204,1.0948047665592688,0.35294117647058826,
threshold,25,100,2.0,TWFE-interaction,1.3635093740724418,1.256304337088156,1.2766549201746722,0.11764705882352941,
threshold,25,100,2.0,FE-DML (constant),0.991675112318391,0.1623167191781748,0.025384133885239635,0.058823529411764705,
threshold,25,100,2.0,FE-DML + R-learner,0.7658177792122443,0.24500092693563377,0.04927747171802843,,
threshold,25,100,2.0,Pooled DML-sieve,0.5963534941752778,0.583308041267043,0.5745305519859747,0.35294117647058826,
threshold,25,100,2.0,Panel-DOSE,0.3421387756750894,0.08795979086358284,0.036068391106387376,0.8823529411764706,1.0
threshold,25,100,2.0,Panel-DOSE (unpenalised),0.4588193774380188,0.10429447654752255,0.02170559770085423,0.9411764705882353,1.0
threshold,26,100,2.0,TWFE,1.5229773972981637,1.167213494444852,0.9711543796701549,0.35294117647058826,
threshold,26,100,2.0,TWFE-interaction,1.4095305197544943,1.3245752809220712,1.3531015810627183,0.058823529411764705,
threshold,26,100,2.0,FE-DML (constant),1.0087082266986036,0.2458037337847309,0.04974461901003391,0.058823529411764705,
threshold,26,100,2.0,FE-DML + R-learner,0.6229802088806096,0.057064656981054306,0.08526743807920201,,
threshold,26,100,2.0,Pooled DML-sieve,0.6864806202056702,0.6707865164051302,0.6135401851499631,0.058823529411764705,
threshold,26,100,2.0,Panel-DOSE,0.2595432451419961,0.19576513888194347,0.1353121028851918,0.7647058823529411,1.0
threshold,26,100,2.0,Panel-DOSE (unpenalised),0.330323090660487,0.23935666393968086,0.11812093045737293,1.0,1.0
threshold,27,100,2.0,TWFE,1.809237075875014,1.5219283773075014,1.415468252592805,0.29411764705882354,
threshold,27,100,2.0,TWFE-interaction,1.8489373266583427,1.605133043184232,1.6728647834425905,0.17647058823529413,
threshold,27,100,2.0,FE-DML (constant),1.0071846817010763,0.2394747836127466,0.13301465889804998,0.058823529411764705,
threshold,27,100,2.0,FE-DML + R-learner,0.825171288001253,0.4467433440200055,0.2527365954817279,,
threshold,27,100,2.0,Pooled DML-sieve,0.8736082033332851,0.8150993311215221,0.828467508688265,0.11764705882352941,
threshold,27,100,2.0,Panel-DOSE,0.35250823315780677,0.2725583231037398,0.2144538544162179,0.7058823529411765,1.0
threshold,27,100,2.0,Panel-DOSE (unpenalised),0.5839132556884433,0.31380410528346464,0.22501493885890567,0.8235294117647058,0.0
threshold,28,100,2.0,TWFE,1.7691284877672315,1.4740226576150872,1.378060873478801,0.29411764705882354,
threshold,28,100,2.0,TWFE-interaction,1.7153481351826678,1.650150147640358,1.6574127908091496,0.11764705882352941,
threshold,28,100,2.0,FE-DML (constant),0.9922830805441357,0.16599066500027282,0.07002888086398651,0.11764705882352941,
threshold,28,100,2.0,FE-DML + R-learner,0.7487866952555324,0.26311218668595027,0.13485385736616085,,
threshold,28,100,2.0,Pooled DML-sieve,0.7657979040643733,0.7189268643076449,0.7785523985369004,0.47058823529411764,
threshold,28,100,2.0,Panel-DOSE,0.17953906607797057,0.14398848590682387,0.1367717763177232,0.8823529411764706,1.0
threshold,28,100,2.0,Panel-DOSE (unpenalised),0.21798888878816355,0.14401002509956298,0.12747452892332467,1.0,1.0
threshold,29,100,2.0,TWFE,1.3102991124254078,0.87167135604876,1.0662673313984163,0.4117647058823529,
threshold,29,100,2.0,TWFE-interaction,1.744198505981959,1.4743492571761558,1.2930808861103507,0.17647058823529413,
threshold,29,100,2.0,FE-DML (constant),1.009592197805931,-0.2494064850874642,-0.05481050973780788,0.058823529411764705,
threshold,29,100,2.0,FE-DML + R-learner,0.6515514190721553,-0.2865432037201988,-0.052031875016694484,,
threshold,29,100,2.0,Pooled DML-sieve,0.5355848896660884,0.5038292532214685,0.49543064740477183,0.47058823529411764,
threshold,29,100,2.0,Panel-DOSE,0.25908132769475556,-0.06519498694135101,-0.04569673114805195,0.6470588235294118,0.0
threshold,29,100,2.0,Panel-DOSE (unpenalised),0.21247110597317154,-0.0771725228644155,-0.06139098704105861,1.0,1.0
threshold,30,100,2.0,TWFE,1.5429351785154861,1.1931371061339466,1.1927936778151653,0.35294117647058826,
threshold,30,100,2.0,TWFE-interaction,1.5514736535394837,1.3594337453762253,1.3469858704671749,0.17647058823529413,
threshold,30,100,2.0,FE-DML (constant),0.9870039153945185,0.13078194805546742,0.1304385197366863,0.058823529411764705,
threshold,30,100,2.0,FE-DML + R-learner,0.7469896653811815,-0.04497192069839214,0.037181466618838366,,
threshold,30,100,2.0,Pooled DML-sieve,0.6531448439146527,0.5619375800575143,0.5824796729905896,0.29411764705882354,
threshold,30,100,2.0,Panel-DOSE,0.33322051773603717,0.04488315511933438,0.11067720100755296,0.7647058823529411,1.0
threshold,30,100,2.0,Panel-DOSE (unpenalised),0.4930282909945581,0.004155317057571034,0.1070706586068596,0.8823529411764706,1.0
threshold,31,100,2.0,TWFE,1.7598031485441228,1.4628172512514614,1.4301798160788075,0.23529411764705882,
threshold,31,100,2.0,TWFE-interaction,1.6510038642776674,1.539994729556214,1.5301183130588822,0.11764705882352941,
threshold,31,100,2.0,FE-DML (constant),0.9954977843825656,0.18423633638256612,0.15159890120991248,0.11764705882352941,
threshold,31,100,2.0,FE-DML + R-learner,0.7312313042792187,-0.050757174647188485,0.12763717788428808,,
threshold,31,100,2.0,Pooled DML-sieve,0.7047978191628359,0.6479840016581362,0.6410089806709944,0.11764705882352941,
threshold,31,100,2.0,Panel-DOSE,0.2551693878776097,0.17756856293297912,0.1893718555703845,0.7058823529411765,0.0
threshold,31,100,2.0,Panel-DOSE (unpenalised),0.2654326439209859,0.15018376914100257,0.180271239718233,1.0,1.0
threshold,32,100,2.0,TWFE,1.7146807456424715,1.408210654841844,1.3950750786088557,0.29411764705882354,
threshold,32,100,2.0,TWFE-interaction,1.9384241527751676,1.7127462059688832,1.7537038424692541,0.11764705882352941,
threshold,32,100,2.0,FE-DML (constant),0.9819844732891322,0.08497467101441265,0.07183909478142403,0.058823529411764705,
threshold,32,100,2.0,FE-DML + R-learner,0.6663470580587597,0.35694054206013587,0.3046034557925642,,
threshold,32,100,2.0,Pooled DML-sieve,0.7870934155963907,0.7452377444638318,0.708198244568098,0.29411764705882354,
threshold,32,100,2.0,Panel-DOSE,0.3708311155950121,0.2077198270439685,0.2493710247774602,0.5294117647058824,0.0
threshold,32,100,2.0,Panel-DOSE (unpenalised),0.3592646073462864,0.24979306616152883,0.2318156010737652,0.7058823529411765,0.0
threshold,33,100,2.0,TWFE,1.5152477767716477,1.1571097674570436,1.1462694060676308,0.35294117647058826,
threshold,33,100,2.0,TWFE-interaction,1.7377814036080195,1.5124680229487004,1.5749826266006273,0.17647058823529413,
threshold,33,100,2.0,FE-DML (constant),0.9792896106831717,-0.0439923916725496,-0.05483275306196267,0.058823529411764705,
threshold,33,100,2.0,FE-DML + R-learner,0.8029907674016534,0.08627376312602353,0.12631034293946874,,
threshold,33,100,2.0,Pooled DML-sieve,0.5889379475302057,0.5624273932916648,0.6011609539329531,0.4117647058823529,
threshold,33,100,2.0,Panel-DOSE,0.19392060658260662,0.05189931937292929,0.0720997997826891,0.9411764705882353,1.0
threshold,33,100,2.0,Panel-DOSE (unpenalised),0.20220816757484608,0.057596121845365174,0.061732943601420565,1.0,1.0
threshold,34,100,2.0,TWFE,1.3448687208224581,0.9228212531036047,0.9576477861832928,0.4117647058823529,
threshold,34,100,2.0,TWFE-interaction,1.5705539835453826,1.3399411492927513,1.2481534851770306,0.11764705882352941,
threshold,34,100,2.0,FE-DML (constant),0.9783505348879775,0.009846727815109665,0.04467326089479773,0.058823529411764705,
threshold,34,100,2.0,FE-DML + R-learner,0.5845976761381628,0.12409858844170989,0.20551769635970607,,
threshold,34,100,2.0,Pooled DML-sieve,0.5721509877412961,0.5563184584044675,0.5714531068577551,0.35294117647058826,
threshold,34,100,2.0,Panel-DOSE,0.17570414322094227,0.10602752668729414,0.13925074219345335,0.8235294117647058,1.0
threshold,34,100,2.0,Panel-DOSE (unpenalised),0.22692654647552468,0.09811887122577911,0.14964153697282256,0.8823529411764706,1.0
threshold,35,100,2.0,TWFE,1.458234296101596,1.0813761839711427,0.8349238210814397,0.35294117647058826,
threshold,35,100,2.0,TWFE-interaction,1.171966651301058,1.0273361011060558,1.0824145903317173,0.17647058823529413,
threshold,35,100,2.0,FE-DML (constant),1.0093498284523734,0.24842355993324977,0.0019711970435468684,0.058823529411764705,
threshold,35,100,2.0,FE-DML + R-learner,0.7433993604235518,0.28033891924911597,0.0027511019863101227,,
threshold,35,100,2.0,Pooled DML-sieve,0.694081342339092,0.680483287590488,0.6845133250636367,0.23529411764705882,
threshold,35,100,2.0,Panel-DOSE,0.14792454074550102,0.07491405920906649,0.05164941776899956,0.8235294117647058,0.0
threshold,35,100,2.0,Panel-DOSE (unpenalised),0.44758088046781824,0.1633129642909358,0.06573751120766669,1.0,1.0
threshold,36,100,2.0,TWFE,1.413090794213279,1.0196826867331763,0.9767242578684838,0.4117647058823529,
threshold,36,100,2.0,TWFE-interaction,1.5752356575683475,1.1679454855425406,1.2474783678454586,0.17647058823529413,
threshold,36,100,2.0,FE-DML (constant),0.9890962667818425,0.14573473811981388,0.10277630925512127,0.11764705882352941,
threshold,36,100,2.0,FE-DML + R-learner,0.6312177708949759,0.1375010402717124,0.12190998339987202,,
threshold,36,100,2.0,Pooled DML-sieve,0.7220364634014401,0.6289614401114325,0.6593846909271244,0.17647058823529413,
threshold,36,100,2.0,Panel-DOSE,0.41179533733734525,0.09923064105389794,0.16769642707306998,0.23529411764705882,0.0
threshold,36,100,2.0,Panel-DOSE (unpenalised),0.3906525197815086,0.07295195693038525,0.1599870376466922,0.7647058823529411,1.0
threshold,37,100,2.0,TWFE,1.3447893066125127,0.9227055153798723,0.8679691405207257,0.4117647058823529,
threshold,37,100,2.0,TWFE-interaction,1.4238674763261385,1.2736892223531726,1.2778581246873635,0.17647058823529413,
threshold,37,100,2.0,FE-DML (constant),0.9793508276823093,-0.045334673431021245,-0.10007104829016789,0.058823529411764705,
threshold,37,100,2.0,FE-DML + R-learner,0.6432345651931181,0.09285168067434887,-0.013204794315150425,,
threshold,37,100,2.0,Pooled DML-sieve,0.6009361995802739,0.49881442033623397,0.5274804940276252,0.17647058823529413,
threshold,37,100,2.0,Panel-DOSE,0.17201711722935534,-0.03194321713963969,0.006086055992390427,1.0,1.0
threshold,37,100,2.0,Panel-DOSE (unpenalised),0.36956114739086227,-0.08142180005246574,-0.020142775552770442,1.0,1.0
threshold,38,100,2.0,TWFE,1.7635225450493255,1.4672896632329706,1.3766700817915103,0.29411764705882354,
threshold,38,100,2.0,TWFE-interaction,1.7165914174310495,1.4946348920245685,1.5731479707253557,0.17647058823529413,
threshold,38,100,2.0,FE-DML (constant),0.9834756178456495,0.10075455240313043,0.010134970961670264,0.058823529411764705,
threshold,38,100,2.0,FE-DML + R-learner,0.5944730995927718,0.1984864607263475,0.10225049591979074,,
threshold,38,100,2.0,Pooled DML-sieve,0.7259256256032645,0.6725803074559584,0.6750495942522995,0.11764705882352941,
threshold,38,100,2.0,Panel-DOSE,0.31290441697053534,0.05999673190179561,0.09939035261125406,0.7058823529411765,0.0
threshold,38,100,2.0,Panel-DOSE (unpenalised),0.28469722427206384,0.04545996242579584,0.09118365077219737,0.9411764705882353,1.0
threshold,39,100,2.0,TWFE,1.5100208458237088,1.150256555623667,1.0018063099470331,0.35294117647058826,
threshold,39,100,2.0,TWFE-interaction,1.5759906332439644,1.4224274656369096,1.5457840979424158,0.11764705882352941,
threshold,39,100,2.0,FE-DML (constant),1.0392290959498254,0.3506056228895437,0.20215537721291,0.058823529411764705,
threshold,39,100,2.0,FE-DML + R-learner,1.1028021629679765,0.5171900727406078,0.322347748875489,,
threshold,39,100,2.0,Pooled DML-sieve,0.8483325573990658,0.7634504723382023,0.7964185410588672,0.058823529411764705,
threshold,39,100,2.0,Panel-DOSE,0.5094779451310154,0.3296329721319139,0.34433924371816393,0.5294117647058824,0.0
threshold,39,100,2.0,Panel-DOSE (unpenalised),0.5513551414112443,0.33417278856676885,0.2873507179012359,0.5294117647058824,0.0
threshold,40,100,2.0,TWFE,1.408010687932695,1.0126308736483272,0.8894283413429808,0.4117647058823529,
threshold,40,100,2.0,TWFE-interaction,1.4166965694831812,1.055039721576188,1.1983849602296326,0.29411764705882354,
threshold,40,100,2.0,FE-DML (constant),0.984248170707193,0.10803541305298225,-0.015167119252364025,0.058823529411764705,
threshold,40,100,2.0,FE-DML + R-learner,0.6376974215029545,-0.12858970784257084,-0.009526889654370763,,
threshold,40,100,2.0,Pooled DML-sieve,0.6014286623164272,0.5666018174763138,0.5493586081093441,0.35294117647058826,
threshold,40,100,2.0,Panel-DOSE,0.16256967590370502,0.024948930406962798,0.03808856650392478,1.0,1.0
threshold,40,100,2.0,Panel-DOSE (unpenalised),0.2474205081194454,0.012145600644928756,0.0035810850574756747,1.0,1.0
threshold,41,100,2.0,TWFE,1.5391049180454466,1.1881797581530977,1.1620972836471315,0.35294117647058826,
threshold,41,100,2.0,TWFE-interaction,1.702453415727488,1.4695232153485929,1.4303112880008544,0.17647058823529413,
threshold,41,100,2.0,FE-DML (constant),0.9785799295447343,0.023363806214962722,-0.0027186682910034232,0.058823529411764705,
threshold,41,100,2.0,FE-DML + R-learner,0.5912344516367029,0.2738387868240088,0.134170099384207,,
threshold,41,100,2.0,Pooled DML-sieve,0.6229572390192056,0.504933890333282,0.59011809331572,0.35294117647058826,
threshold,41,100,2.0,Panel-DOSE,0.1388519042619729,0.0915947304793787,0.10661496144484162,0.8823529411764706,1.0
threshold,41,100,2.0,Panel-DOSE (unpenalised),0.22597346408831592,0.07163689330696987,0.09790775125107165,1.0,1.0
threshold,42,100,2.0,TWFE,1.4145832064495074,1.0217498896021684,0.9529571860307331,0.4117647058823529,
threshold,42,100,2.0,TWFE-interaction,1.4558935034972424,1.2942656738471452,1.2257225045003024,0.11764705882352941,
threshold,42,100,2.0,FE-DML (constant),0.9789544673764496,0.03576364256310063,-0.03302906100833458,0.058823529411764705,
threshold,42,100,2.0,FE-DML + R-learner,0.42182426127788025,-0.042594859345474724,0.06487466072594694,,
threshold,42,100,2.0,Pooled DML-sieve,0.8656111480795322,0.8060883175823244,0.7692024351636007,0.0,
threshold,42,100,2.0,Panel-DOSE,0.23713550796562322,0.054441645910202764,0.024370864293185024,0.8235294117647058,0.0
threshold,42,100,2.0,Panel-DOSE (unpenalised),0.36740262627012404,0.02878727867877605,0.020288354040720602,0.8235294117647058,0.0
threshold,43,100,2.0,TWFE,1.6415098729422397,1.318135748661693,1.191445482909821,0.29411764705882354,
threshold,43,100,2.0,TWFE-interaction,1.51200110188846,1.348412843814622,1.4771249982058225,0.17647058823529413,
threshold,43,100,2.0,FE-DML (constant),0.9872100972313823,0.13232900290060534,0.005638737148733641,0.058823529411764705,
threshold,43,100,2.0,FE-DML + R-learner,0.6195210655907732,0.06200327556149238,0.09588301535685595,,
threshold,43,100,2.0,Pooled DML-sieve,0.7438235497756495,0.6763389985642028,0.7153295070298298,0.11764705882352941,
threshold,43,100,2.0,Panel-DOSE,0.19418042749841757,0.056733669334344775,0.08475374121571855,1.0,1.0
threshold,43,100,2.0,Panel-DOSE (unpenalised),0.19212118123768387,0.02139982584437213,0.09018528721646246,1.0,1.0
threshold,44,100,2.0,TWFE,1.5962484449934073,1.2613232286281515,1.3111252599102432,0.35294117647058826,
threshold,44,100,2.0,TWFE-interaction,1.8895223000879244,1.6679500659256128,1.6012364881022498,0.11764705882352941,
threshold,44,100,2.0,FE-DML (constant),0.9852470167571894,0.11678558542052342,0.16658761670261535,0.11764705882352941,
threshold,44,100,2.0,FE-DML + R-learner,0.6689351450693423,0.27071244491755003,0.24470501713740556,,
threshold,44,100,2.0,Pooled DML-sieve,0.8236462556053894,0.7748789619432811,0.7338151629176822,0.0,
threshold,44,100,2.0,Panel-DOSE,0.43186535900475886,0.32000354204245807,0.27908596691511656,0.7647058823529411,0.0
threshold,44,100,2.0,Panel-DOSE (unpenalised),0.41579293904305364,0.30459566201529853,0.3056257384342508,0.9411764705882353,1.0
threshold,45,100,2.0,TWFE,1.6517939589536885,1.330920911162257,1.2867980792674618,0.29411764705882354,
threshold,45,100,2.0,TWFE-interaction,1.7889084114951868,1.5761683411271885,1.6308524897283923,0.11764705882352941,
threshold,45,100,2.0,FE-DML (constant),0.9786254270744809,0.025197528644358855,-0.018925303250436287,0.058823529411764705,
threshold,45,100,2.0,FE-DML + R-learner,0.8043895514145918,-0.18559480722215305,0.0013561389770219145,,
threshold,45,100,2.0,Pooled DML-sieve,0.5490703242374408,0.41494959273278953,0.4178220197953959,0.29411764705882354,
threshold,45,100,2.0,Panel-DOSE,0.24399599651437381,0.007063305711010639,0.01939370594525236,0.8823529411764706,0.0
threshold,45,100,2.0,Panel-DOSE (unpenalised),0.323877252306157,-0.011188739111837735,0.02518638933818107,0.7647058823529411,0.0
threshold,46,100,2.0,TWFE,1.4626458733801238,1.087317865138331,1.1043582824342544,0.4117647058823529,
threshold,46,100,2.0,TWFE-interaction,1.647605019992861,1.3074200478450468,1.28250658061443,0.17647058823529413,
threshold,46,100,2.0,FE-DML (constant),0.9785110634139687,0.020275358359572414,0.03731577565549582,0.058823529411764705,
threshold,46,100,2.0,FE-DML + R-learner,0.6275514207846464,0.12437714592245606,0.18787023330283248,,
threshold,46,100,2.0,Pooled DML-sieve,0.7428635685930451,0.727093811265064,0.695120498534805,0.058823529411764705,
threshold,46,100,2.0,Panel-DOSE,0.26865221718669813,0.1981265169145973,0.16617870427719428,0.9411764705882353,1.0
threshold,46,100,2.0,Panel-DOSE (unpenalised),0.2655949570179749,0.21148741208331812,0.1660010399217421,1.0,1.0
threshold,47,100,2.0,TWFE,1.6597947643245055,1.3408377413438635,1.310850892759097,0.35294117647058826,
threshold,47,100,2.0,TWFE-interaction,1.6912954186922053,1.4480547748375738,1.5007323700966075,0.17647058823529413,
threshold,47,100,2.0,FE-DML (constant),0.9924995026889221,0.167279561724769,0.13729271314000235,0.11764705882352941,
threshold,47,100,2.0,FE-DML + R-learner,0.5308089054572083,0.09155455086316504,0.1635938238569029,,
threshold,47,100,2.0,Pooled DML-sieve,0.6495911534923873,0.5987179705046707,0.6277393801583462,0.11764705882352941,
threshold,47,100,2.0,Panel-DOSE,0.32048486189639613,0.07510984025593714,0.1689525887081612,0.6470588235294118,0.0
threshold,47,100,2.0,Panel-DOSE (unpenalised),0.3607492941648173,0.009995029786914493,0.15150927947571802,0.8823529411764706,1.0
threshold,48,100,2.0,TWFE,2.0799399759693453,1.8355046969616928,1.7010494327642085,0.0,
threshold,48,100,2.0,TWFE-interaction,2.036302812270173,1.7831445379757445,1.9201191468714944,0.17647058823529413,
threshold,48,100,2.0,FE-DML (constant),1.06367432174603,0.41752874353144864,0.28307347933396465,0.058823529411764705,
threshold,48,100,2.0,FE-DML + R-learner,0.7112151070928907,0.17005658955706682,0.34896610318024446,,
threshold,48,100,2.0,Pooled DML-sieve,0.8771161809509499,0.8416078556218004,0.826086304441439,0.058823529411764705,
threshold,48,100,2.0,Panel-DOSE,0.36860972140261505,0.2440876563186686,0.3107546705857682,0.5882352941176471,0.0
threshold,48,100,2.0,Panel-DOSE (unpenalised),0.3894658560933474,0.2031137201643019,0.31849953441211065,0.5882352941176471,0.0
threshold,49,100,2.0,TWFE,1.7822963955135833,1.4898012049913854,1.3866896703513436,0.23529411764705882,
threshold,49,100,2.0,TWFE-interaction,1.7590854829875526,1.583151939864683,1.6424296963512648,0.11764705882352941,
threshold,49,100,2.0,FE-DML (constant),1.0063233760817887,0.23582605068508128,0.13271451604503937,0.058823529411764705,
threshold,49,100,2.0,FE-DML + R-learner,0.5364309515631704,0.10550090067390953,0.14905661607996668,,
threshold,49,100,2.0,Pooled DML-sieve,0.8241506376232443,0.7980999056107769,0.779998817249846,0.058823529411764705,
threshold,49,100,2.0,Panel-DOSE,0.17652962401331834,0.17353088404896727,0.1694867012535095,1.0,1.0
threshold,49,100,2.0,Panel-DOSE (unpenalised),0.2766119589237864,0.16466433683007303,0.17976602265327513,1.0,1.0
