Entity,Code,Year,Fixed broadband subscriptions (per 100 people)
Afghanistan,AFG,2004,0.0008488729
Afghanistan,AFG,2005,0.0009014706
Afghanistan,AFG,2006,0.0019666385
Afghanistan,AFG,2007,0.0019297679
Afghanistan,AFG,2008,0.0018880306
Afghanistan,AFG,2009,0.0036408517
Afghanistan,AFG,2010,0.005303335
Afghanistan,AFG,2012,0.0049083717
Afghanistan,AFG,2013,0.0047434275
Afghanistan,AFG,2014,0.0045742136
Afghanistan,AFG,2015,0.020888655
Afghanistan,AFG,2016,0.025362665
Afghanistan,AFG,2017,0.025727862
Afghanistan,AFG,2018,0.04354294
Afghanistan,AFG,2019,0.051994234
Afghanistan,AFG,2020,0.06800792
Afghanistan,AFG,2021,0.06642432
Afghanistan,AFG,2022,0.07963017
Afghanistan,AFG,2023,0.080087304
Albania,ALB,2005,0.008842195
Albania,ALB,2007,0.3308096
Albania,ALB,2008,2.1383727
Albania,ALB,2009,3.106556
Albania,ALB,2010,3.6035855
Albania,ALB,2011,4.403566
Albania,ALB,2012,5.5012984
Albania,ALB,2013,6.2786384
Albania,ALB,2014,7.161914
Albania,ALB,2015,8.37878
Albania,ALB,2016,9.192244
Albania,ALB,2017,10.47573
Albania,ALB,2018,12.505809
Albania,ALB,2019,15.119254
Albania,ALB,2020,17.720932
Albania,ALB,2021,19.630373
Albania,ALB,2022,20.698944
Albania,ALB,2023,22.50486
Albania,ALB,2024,24.88157
Algeria,DZA,2003,0.055942632
Algeria,DZA,2004,0.11033372
Algeria,DZA,2005,0.40774104
Algeria,DZA,2006,0.50559866
Algeria,DZA,2007,0.83955514
Algeria,DZA,2008,1.3929993
Algeria,DZA,2009,2.3048458
Algeria,DZA,2010,2.486996
Algeria,DZA,2011,2.6576214
Algeria,DZA,2012,3.067372
Algeria,DZA,2013,3.3321037
Algeria,DZA,2014,4.080323
Algeria,DZA,2015,5.6706014
Algeria,DZA,2016,7.0000405
Algeria,DZA,2017,7.700458
Algeria,DZA,2018,7.2156677
Algeria,DZA,2019,8.275267
Algeria,DZA,2020,8.606446
Algeria,DZA,2021,9.331841
Algeria,DZA,2022,10.351725
Algeria,DZA,2023,12.008683
Algeria,DZA,2024,13.317308
Andorra,AND,2002,1.72616
Andorra,AND,2003,5.1823387
Andorra,AND,2004,8.452068
Andorra,AND,2005,13.356841
Andorra,AND,2006,18.36527
Andorra,AND,2007,22.626623
Andorra,AND,2008,24.75837
Andorra,AND,2009,27.347178
Andorra,AND,2010,30.359577
Andorra,AND,2011,33.12163
Andorra,AND,2012,35.017048
Andorra,AND,2013,36.883263
Andorra,AND,2014,39.017048
Andorra,AND,2015,42.52778
Andorra,AND,2016,45.011845
Andorra,AND,2017,46.47859
Andorra,AND,2018,47.448177
Andorra,AND,2019,47.542957
Andorra,AND,2020,48.655983
Andorra,AND,2021,50.276913
Andorra,AND,2022,51.20507
Andorra,AND,2023,51.74013
Andorra,AND,2024,52.35544
Angola,AGO,2006,0.037261534
Angola,AGO,2007,0.05630804
Angola,AGO,2008,0.073878564
Angola,AGO,2009,0.066920154
Angola,AGO,2010,0.064391986
Angola,AGO,2011,0.06530998
Angola,AGO,2012,0.08146991
Angola,AGO,2013,0.08515754
Angola,AGO,2014,0.32307628
Angola,AGO,2015,0.5453942
Angola,AGO,2016,0.290319
Angola,AGO,2017,0.32055405
Angola,AGO,2018,0.35006696
Angola,AGO,2019,0.36777043
Angola,AGO,2020,0.36326423
Angola,AGO,2021,0.3909253
Angola,AGO,2022,0.38669816
Angola,AGO,2023,0.37366897
Angola,AGO,2024,0.36284524
Antigua and Barbuda,ATG,2004,2.1113074
Antigua and Barbuda,ATG,2005,7.2866817
Antigua and Barbuda,ATG,2006,1.9118158
Antigua and Barbuda,ATG,2007,2.773426
Antigua and Barbuda,ATG,2008,6.0136046
Antigua and Barbuda,ATG,2009,19.025103
Antigua and Barbuda,ATG,2010,8.343882
Antigua and Barbuda,ATG,2011,6.9499145
Antigua and Barbuda,ATG,2012,14.978226
Antigua and Barbuda,ATG,2013,17.76776
Antigua and Barbuda,ATG,2014,12.115135
Antigua and Barbuda,ATG,2015,11.184556
Antigua and Barbuda,ATG,2016,10.293546
Antigua and Barbuda,ATG,2017,9.948269
Antigua and Barbuda,ATG,2019,8.756184
Antigua and Barbuda,ATG,2020,8.710233
Antigua and Barbuda,ATG,2021,8.66279
Antigua and Barbuda,ATG,2022,10.681818
Argentina,ARG,2001,0.24983504
Argentina,ARG,2002,0.38917312
Argentina,ARG,2003,0.67366
Argentina,ARG,2004,1.3985989
Argentina,ARG,2005,2.3630745
Argentina,ARG,2006,3.9970431
Argentina,ARG,2007,6.4972773
Argentina,ARG,2008,7.705149
Argentina,ARG,2009,8.593906
Argentina,ARG,2010,9.756273
Argentina,ARG,2011,10.956029
Argentina,ARG,2012,12.211511
Argentina,ARG,2013,14.679802
Argentina,ARG,2014,15.153048
Argentina,ARG,2015,15.768878
Argentina,ARG,2016,16.5185
Argentina,ARG,2017,17.708227
Argentina,ARG,2018,18.975876
Argentina,ARG,2019,19.551931
Argentina,ARG,2020,21.179787
Argentina,ARG,2021,23.150002
Argentina,ARG,2022,24.683178
Argentina,ARG,2023,25.358072
Argentina,ARG,2024,26.097643
Armenia,ARM,2001,0.00019453051
Armenia,ARM,2002,0.0002618118
Armenia,ARM,2003,0.00032905908
Armenia,ARM,2004,0.033084746
Armenia,ARM,2005,0.0661932
Armenia,ARM,2007,0.13110042
Armenia,ARM,2008,0.46618402
Armenia,ARM,2009,1.3541934
Armenia,ARM,2010,3.1928868
Armenia,ARM,2011,5.4929223
Armenia,ARM,2012,7.2558074
Armenia,ARM,2013,8.316732
Armenia,ARM,2014,9.337631
Armenia,ARM,2015,9.801495
Armenia,ARM,2016,10.249784
Armenia,ARM,2017,10.817256
Armenia,ARM,2018,11.939938
Armenia,ARM,2019,13.281946
Armenia,ARM,2020,14.88838
Armenia,ARM,2021,16.256594
Armenia,ARM,2022,17.73007
Armenia,ARM,2023,18.545807
Armenia,ARM,2024,20.309095
Aruba,ABW,2003,1.5155455
Aruba,ABW,2004,7.469988
Aruba,ABW,2005,13.025576
Aruba,ABW,2006,14.627013
Aruba,ABW,2007,16.561235
Aruba,ABW,2008,18.808855
Aruba,ABW,2009,18.985106
Aruba,ABW,2010,19.195118
Aruba,ABW,2013,18.721113
Aruba,ABW,2014,18.573515
Aruba,ABW,2015,18.236965
Aruba,ABW,2019,17.744406
Aruba,ABW,2020,17.690876
Aruba,ABW,2021,17.664888
Aruba,ABW,2022,17.486221
Australia,AUS,2001,0.6341196
Australia,AUS,2002,1.3171489
Australia,AUS,2003,2.607539
Australia,AUS,2004,5.0482183
Australia,AUS,2005,9.933731
Australia,AUS,2006,18.94072
Australia,AUS,2008,24.87063
Australia,AUS,2009,23.96822
Australia,AUS,2010,24.885305
Australia,AUS,2011,24.697756
Australia,AUS,2012,25.095564
Australia,AUS,2013,25.739931
Australia,AUS,2014,27.700079
Australia,AUS,2015,28.511774
Australia,AUS,2016,30.308308
Australia,AUS,2017,32.032623
Australia,AUS,2018,33.548626
Australia,AUS,2019,34.543415
Australia,AUS,2020,35.346848
Australia,AUS,2021,35.835987
Australia,AUS,2022,36.393322
Australia,AUS,2023,36.627426
Australia,AUS,2024,36.47883
Austria,AUT,1999,0.6369366
Austria,AUT,2000,2.377408
Austria,AUT,2001,3.986455
Austria,AUT,2002,5.580553
Austria,AUT,2003,7.399107
Austria,AUT,2004,10.644167
Austria,AUT,2005,14.266264
Austria,AUT,2006,17.315813
Austria,AUT,2007,19.549347
Austria,AUT,2008,20.773129
Austria,AUT,2009,22.510595
Austria,AUT,2010,24.511387
Austria,AUT,2011,24.992643
Austria,AUT,2012,25.264479
Austria,AUT,2013,26.322287
Austria,AUT,2014,27.597689
Austria,AUT,2015,28.406858
Austria,AUT,2016,28.877598
Austria,AUT,2017,28.5426
Austria,AUT,2018,28.51504
Austria,AUT,2019,28.363194
Austria,AUT,2020,29.210646
Austria,AUT,2021,29.253735
Austria,AUT,2022,29.234257
Austria,AUT,2023,29.372541
Austria,AUT,2024,30.127796
Azerbaijan,AZE,2002,0.012010378
Azerbaijan,AZE,2005,0.025403477
Azerbaijan,AZE,2006,0.045400385
Azerbaijan,AZE,2007,0.16537705
Azerbaijan,AZE,2008,0.67094296
Azerbaijan,AZE,2009,1.1054199
Azerbaijan,AZE,2010,5.196269
Azerbaijan,AZE,2011,10.521318
Azerbaijan,AZE,2012,14.607162
Azerbaijan,AZE,2013,18.014555
Azerbaijan,AZE,2014,19.70764
Azerbaijan,AZE,2015,19.475906
Azerbaijan,AZE,2016,18.277096
Azerbaijan,AZE,2017,18.109165
Azerbaijan,AZE,2018,18.8342
Azerbaijan,AZE,2019,19.217821
Azerbaijan,AZE,2020,19.598576
Azerbaijan,AZE,2021,20.0857
Azerbaijan,AZE,2022,20.365595
Azerbaijan,AZE,2023,20.882504
Azerbaijan,AZE,2024,21.75341
Bahamas,BHS,2001,1.2625215
Bahamas,BHS,2002,2.273728
Bahamas,BHS,2003,3.2599564
Bahamas,BHS,2004,3.7680042
Bahamas,BHS,2005,3.8913155
Bahamas,BHS,2006,4.762397
Bahamas,BHS,2007,5.801876
Bahamas,BHS,2008,7.120518
Bahamas,BHS,2009,8.706761
Bahamas,BHS,2010,6.722035
Bahamas,BHS,2011,4.168628
Bahamas,BHS,2012,20.755375
Bahamas,BHS,2013,19.12902
Bahamas,BHS,2014,20.1853
Bahamas,BHS,2015,21.024742
Bahamas,BHS,2016,21.937096
Bahamas,BHS,2017,22.246181
Bahamas,BHS,2018,20.678503
Bahamas,BHS,2019,20.851334
Bahamas,BHS,2020,20.96685
Bahamas,BHS,2021,20.74233
Bahamas,BHS,2022,21.13559
Bahamas,BHS,2023,23.816343
Bahamas,BHS,2024,25.267954
Bahrain,BHR,2001,0.16801056
Bahrain,BHR,2002,0.6620606
Bahrain,BHR,2003,1.2002081
Bahrain,BHR,2004,1.7162359
Bahrain,BHR,2005,2.2980814
Bahrain,BHR,2006,3.883702
Bahrain,BHR,2007,6.4547644
Bahrain,BHR,2008,8.353425
Bahrain,BHR,2009,11.787125
Bahrain,BHR,2010,12.768413
Bahrain,BHR,2011,24.15797
Bahrain,BHR,2012,24.285643
Bahrain,BHR,2013,23.86695
Bahrain,BHR,2014,21.90444
Bahrain,BHR,2015,18.474865
Bahrain,BHR,2016,16.255201
Bahrain,BHR,2017,13.101461
Bahrain,BHR,2018,8.434416
Bahrain,BHR,2019,9.490129
Bahrain,BHR,2020,10.182411
Bahrain,BHR,2021,16.505789
Bahrain,BHR,2022,18.002567
Bahrain,BHR,2023,17.158236
Bahrain,BHR,2024,16.99158
Bangladesh,BGD,2007,0.029535923
Bangladesh,BGD,2008,0.033450574
Bangladesh,BGD,2009,0.20990999
Bangladesh,BGD,2010,0.27238083
Bangladesh,BGD,2011,0.30503073
Bangladesh,BGD,2012,0.38721907
Bangladesh,BGD,2013,0.97444844
Bangladesh,BGD,2014,1.9581378
Bangladesh,BGD,2015,3.0699224
Bangladesh,BGD,2016,4.0994444
Bangladesh,BGD,2017,4.5013094
Bangladesh,BGD,2018,4.9246187
Bangladesh,BGD,2019,4.9028864
Bangladesh,BGD,2020,6.045062
Bangladesh,BGD,2021,6.642465
Bangladesh,BGD,2022,7.1702046
Bangladesh,BGD,2023,7.8924584
Bangladesh,BGD,2024,8.089312
Barbados,BRB,2003,10.278956
Barbados,BRB,2004,11.085007
Barbados,BRB,2005,11.8873415
Barbados,BRB,2006,14.370264
Barbados,BRB,2007,17.373787
Barbados,BRB,2008,18.046745
Barbados,BRB,2009,20.90485
Barbados,BRB,2010,20.414688
Barbados,BRB,2011,22.682055
Barbados,BRB,2012,24.151255
Barbados,BRB,2013,24.417192
Barbados,BRB,2014,27.925474
Barbados,BRB,2015,28.05441
Barbados,BRB,2016,31.075687
Barbados,BRB,2017,31.887669
Barbados,BRB,2018,31.826326
Barbados,BRB,2019,37.980206
Barbados,BRB,2020,45.438732
Barbados,BRB,2021,36.351265
Barbados,BRB,2022,37.484325
Belarus,BLR,2002,0.00020256345
Belarus,BLR,2003,0.0012546955
Belarus,BLR,2004,0.007704088
Belarus,BLR,2005,0.01617735
Belarus,BLR,2006,0.11884843
Belarus,BLR,2007,1.7756314
Belarus,BLR,2008,5.0158677
Belarus,BLR,2009,11.488916
Belarus,BLR,2010,17.56058
Belarus,BLR,2011,22.148493
Belarus,BLR,2012,26.754957
Belarus,BLR,2013,29.434792
Belarus,BLR,2014,28.337694
Belarus,BLR,2015,30.604061
Belarus,BLR,2016,32.29296
Belarus,BLR,2017,33.31251
Belarus,BLR,2018,33.771187
Belarus,BLR,2019,34.07235
Belarus,BLR,2020,34.815224
Belarus,BLR,2021,35.00976
Belarus,BLR,2022,34.067177
Belarus,BLR,2023,35.09319
Belarus,BLR,2024,36.262707
Belgium,BEL,1998,0.10721853
Belgium,BEL,1999,0.22495604
Belgium,BEL,2000,1.40674
Belgium,BEL,2001,4.4717684
Belgium,BEL,2002,7.891417
Belgium,BEL,2003,11.978574
Belgium,BEL,2004,15.54456
Belgium,BEL,2005,19.187002
Belgium,BEL,2006,23.241205
Belgium,BEL,2007,25.689386
Belgium,BEL,2008,27.848564
Belgium,BEL,2009,29.161943
Belgium,BEL,2010,30.842628
Belgium,BEL,2011,32.10325
Belgium,BEL,2012,33.23883
Belgium,BEL,2013,34.308453
Belgium,BEL,2014,35.781967
Belgium,BEL,2015,36.549236
Belgium,BEL,2016,37.6813
Belgium,BEL,2017,38.491116
Belgium,BEL,2018,39.400696
Belgium,BEL,2019,39.951786
Belgium,BEL,2020,41.02397
Belgium,BEL,2021,43.021805
Belgium,BEL,2022,43.565716
Belgium,BEL,2023,43.702644
Belgium,BEL,2024,44.232155
Belize,BLZ,2003,0.35635757
Belize,BLZ,2004,1.0405318
Belize,BLZ,2005,1.7952962
Belize,BLZ,2006,2.5166912
Belize,BLZ,2007,2.5261736
Belize,BLZ,2008,2.6439
Belize,BLZ,2009,2.667827
Belize,BLZ,2010,2.783806
Belize,BLZ,2011,2.963049
Belize,BLZ,2012,2.9822316
Belize,BLZ,2013,2.8978975
Belize,BLZ,2014,2.8373022
Belize,BLZ,2015,4.8771796
Belize,BLZ,2016,5.0380445
Belize,BLZ,2017,5.0926843
Belize,BLZ,2018,6.4850903
Belize,BLZ,2019,7.6717925
Belize,BLZ,2020,9.21159
Belize,BLZ,2021,9.1059475
Belize,BLZ,2022,9.753857
Benin,BEN,2002,0.00027360045
Benin,BEN,2003,0.00026538371
Benin,BEN,2004,0.0009927573
Benin,BEN,2005,0.0023260936
Benin,BEN,2006,0.017231775
Benin,BEN,2007,0.007929444
Benin,BEN,2008,0.09128278
Benin,BEN,2009,0.20044328
Benin,BEN,2010,0.275928
Benin,BEN,2011,0.37186846
Benin,BEN,2012,0.40163857
Benin,BEN,2013,0.39665383
Benin,BEN,2014,0.4117768
Benin,BEN,2015,0.64488214
Benin,BEN,2016,0.19061635
Benin,BEN,2017,0.23767045
Benin,BEN,2018,0.21830931
Benin,BEN,2019,0.19985455
Benin,BEN,2020,0.22938494
Benin,BEN,2021,0.15416653
Benin,BEN,2022,0.15307242
Benin,BEN,2023,0.17088047
Benin,BEN,2024,0.27738205
Bermuda,BMU,2005,29.479677
Bermuda,BMU,2006,37.627716
Bermuda,BMU,2007,45.705444
Bermuda,BMU,2008,53.64139
Bermuda,BMU,2009,62.92771
Bermuda,BMU,2010,62.92664
Bermuda,BMU,2013,63.0761
Bermuda,BMU,2014,54.66952
Bermuda,BMU,2015,47.270893
Bermuda,BMU,2016,35.929646
Bermuda,BMU,2017,35.874046
Bermuda,BMU,2019,35.877518
Bermuda,BMU,2020,35.72427
Bermuda,BMU,2021,35.57728
Bermuda,BMU,2022,35.58047
Bermuda,BMU,2024,51.30268
Bhutan,BTN,2008,0.30013797
Bhutan,BTN,2009,0.48675194
Bhutan,BTN,2010,1.2364031
Bhutan,BTN,2011,1.8654397
Bhutan,BTN,2012,2.3374448
Bhutan,BTN,2013,2.8239021
Bhutan,BTN,2014,3.4071302
Bhutan,BTN,2015,3.7636137
Bhutan,BTN,2016,2.2048068
Bhutan,BTN,2017,2.2147985
Bhutan,BTN,2018,1.4217666
Bhutan,BTN,2019,1.147192
Bhutan,BTN,2020,0.41415262
Bhutan,BTN,2021,0.36456627
Bhutan,BTN,2022,0.6318237
Bhutan,BTN,2023,1.3188196
Bhutan,BTN,2024,2.9206948
Bolivia,BOL,2002,0.037414238
Bolivia,BOL,2003,0.06342051
Bolivia,BOL,2004,0.09477106
Bolivia,BOL,2005,0.13858926
Bolivia,BOL,2006,0.18472563
Bolivia,BOL,2007,0.3507861
Bolivia,BOL,2008,0.8051481
Bolivia,BOL,2009,0.95977795
Bolivia,BOL,2010,0.9422977
Bolivia,BOL,2011,0.7106243
Bolivia,BOL,2012,1.109834
Bolivia,BOL,2013,1.4425129
Bolivia,BOL,2014,1.5926332
Bolivia,BOL,2015,1.642813
Bolivia,BOL,2016,2.5723479
Bolivia,BOL,2017,3.3495798
Bolivia,BOL,2018,4.3802648
Bolivia,BOL,2019,6.3991714
Bolivia,BOL,2020,7.8867164
Bolivia,BOL,2021,9.44574
Bolivia,BOL,2022,10.997525
Bolivia,BOL,2023,11.152943
Bolivia,BOL,2024,12.071143
Bosnia and Herzegovina,BIH,2000,0.0006490742
Bosnia and Herzegovina,BIH,2001,0.001627013
Bosnia and Herzegovina,BIH,2002,0.0050859572
Bosnia and Herzegovina,BIH,2003,0.03589785
Bosnia and Herzegovina,BIH,2004,0.1602758
Bosnia and Herzegovina,BIH,2005,0.33448124
Bosnia and Herzegovina,BIH,2006,0.9844283
Bosnia and Herzegovina,BIH,2007,2.1101933
Bosnia and Herzegovina,BIH,2008,4.7741075
Bosnia and Herzegovina,BIH,2009,7.529085
Bosnia and Herzegovina,BIH,2010,10.255933
Bosnia and Herzegovina,BIH,2011,11.498403
Bosnia and Herzegovina,BIH,2012,12.789715
Bosnia and Herzegovina,BIH,2013,14.293109
Bosnia and Herzegovina,BIH,2014,15.215456
Bosnia and Herzegovina,BIH,2015,18.046885
Bosnia and Herzegovina,BIH,2016,19.07479
Bosnia and Herzegovina,BIH,2017,20.426128
Bosnia and Herzegovina,BIH,2018,21.150457
Bosnia and Herzegovina,BIH,2019,22.295013
Bosnia and Herzegovina,BIH,2020,23.350788
Bosnia and Herzegovina,BIH,2021,24.589087
Bosnia and Herzegovina,BIH,2022,27.319036
Bosnia and Herzegovina,BIH,2023,28.440132
Bosnia and Herzegovina,BIH,2024,29.390919
Botswana,BWA,2005,0.086962335
Botswana,BWA,2006,0.09602479
Botswana,BWA,2007,0.18522385
Botswana,BWA,2008,0.4564173
Botswana,BWA,2009,0.5023427
Botswana,BWA,2010,0.5891464
Botswana,BWA,2011,0.92233795
Botswana,BWA,2012,1.05453
Botswana,BWA,2013,1.0085571
Botswana,BWA,2014,1.5326577
Botswana,BWA,2015,1.6722848
Botswana,BWA,2016,2.6426363
Botswana,BWA,2017,1.430861
Botswana,BWA,2018,1.741694
Botswana,BWA,2019,2.1030126
Botswana,BWA,2020,3.586044
Botswana,BWA,2021,5.548377
Botswana,BWA,2022,4.531922
Botswana,BWA,2023,6.164958
Botswana,BWA,2024,7.4409623
Brazil,BRA,1998,0.000584659
Brazil,BRA,1999,0.004034901
Brazil,BRA,2000,0.057465225
Brazil,BRA,2001,0.18774688
Brazil,BRA,2002,0.40951583
Brazil,BRA,2003,0.53495604
Brazil,BRA,2004,1.7284596
Brazil,BRA,2005,1.750952
Brazil,BRA,2006,2.5539393
Brazil,BRA,2007,4.0357246
Brazil,BRA,2008,5.261888
Brazil,BRA,2009,6.1068296
Brazil,BRA,2010,7.279685
Brazil,BRA,2011,9.131821
Brazil,BRA,2012,9.711512
Brazil,BRA,2013,10.762201
Brazil,BRA,2014,11.979077
Brazil,BRA,2015,12.635384
Brazil,BRA,2016,13.217709
Brazil,BRA,2017,14.121827
Brazil,BRA,2018,15.153762
Brazil,BRA,2019,15.862199
Brazil,BRA,2020,17.41806
Brazil,BRA,2021,19.836317
Brazil,BRA,2022,20.953447
Brazil,BRA,2023,22.41923
Brazil,BRA,2024,24.079199
British Virgin Islands,VGB,2009,28.253363
British Virgin Islands,VGB,2010,24.856369
British Virgin Islands,VGB,2011,25.430164
British Virgin Islands,VGB,2012,24.501566
British Virgin Islands,VGB,2013,19.499731
British Virgin Islands,VGB,2014,19.395061
British Virgin Islands,VGB,2015,19.305468
British Virgin Islands,VGB,2016,18.354094
British Virgin Islands,VGB,2017,15.300162
British Virgin Islands,VGB,2018,13.604755
British Virgin Islands,VGB,2019,16.290699
British Virgin Islands,VGB,2020,19.0925
British Virgin Islands,VGB,2021,20.886562
British Virgin Islands,VGB,2022,20.548553
British Virgin Islands,VGB,2023,23.526997
British Virgin Islands,VGB,2024,24.91196
Brunei,BRN,2001,0.56878006
Brunei,BRN,2002,0.8106463
Brunei,BRN,2003,1.1072102
Brunei,BRN,2004,1.7743851
Brunei,BRN,2005,2.2640395
Brunei,BRN,2006,2.45816
Brunei,BRN,2007,3.132339
Brunei,BRN,2008,4.470967
Brunei,BRN,2009,5.2029862
Brunei,BRN,2010,5.530775
Brunei,BRN,2011,5.805117
Brunei,BRN,2012,4.8942566
Brunei,BRN,2013,6.7015724
Brunei,BRN,2014,7.260708
Brunei,BRN,2015,8.153487
Brunei,BRN,2016,8.447858
Brunei,BRN,2017,9.490448
Brunei,BRN,2018,11.295311
Brunei,BRN,2019,12.242477
Brunei,BRN,2020,15.88676
Brunei,BRN,2021,17.580984
Brunei,BRN,2022,19.804995
Brunei,BRN,2023,20.21205
Brunei,BRN,2024,21.177124
Bulgaria,BGR,2004,0.08582567
Bulgaria,BGR,2005,2.1503303
Bulgaria,BGR,2006,5.03478
Bulgaria,BGR,2007,8.291621
Bulgaria,BGR,2008,11.194237
Bulgaria,BGR,2009,13.32844
Bulgaria,BGR,2010,15.122125
Bulgaria,BGR,2011,17.0297
Bulgaria,BGR,2012,18.200676
Bulgaria,BGR,2013,19.568207
Bulgaria,BGR,2014,20.501135
Bulgaria,BGR,2015,22.494423
Bulgaria,BGR,2016,23.817688
Bulgaria,BGR,2017,25.392515
Bulgaria,BGR,2018,27.103418
Bulgaria,BGR,2019,28.883678
Bulgaria,BGR,2020,30.504286
Bulgaria,BGR,2021,32.76884
Bulgaria,BGR,2022,34.966797
Bulgaria,BGR,2023,37.02357
Burkina Faso,BFA,2002,0.00039429386
Burkina Faso,BFA,2003,0.0011083481
Burkina Faso,BFA,2004,0.0011406956
Burkina Faso,BFA,2005,0.0027562203
Burkina Faso,BFA,2006,0.011931508
Burkina Faso,BFA,2007,0.045436423
Burkina Faso,BFA,2008,0.06728233
Burkina Faso,BFA,2009,0.07604679
Burkina Faso,BFA,2010,0.08472168
Burkina Faso,BFA,2011,0.0844021
Burkina Faso,BFA,2012,0.08343676
Burkina Faso,BFA,2013,0.07325064
Burkina Faso,BFA,2014,0.029666264
Burkina Faso,BFA,2015,0.049814973
Burkina Faso,BFA,2016,0.06405013
Burkina Faso,BFA,2017,0.06213304
Burkina Faso,BFA,2018,0.0676084
Burkina Faso,BFA,2019,0.057318136
Burkina Faso,BFA,2020,0.06508312
Burkina Faso,BFA,2021,0.07406601
Burkina Faso,BFA,2022,0.21439832
Burkina Faso,BFA,2023,0.45946333
Burkina Faso,BFA,2024,0.85136044
Burundi,BDI,2008,0.0018811055
Burundi,BDI,2009,0.0017881799
Burundi,BDI,2010,0.0037540884
Burundi,BDI,2011,0.0051142327
Burundi,BDI,2012,0.00697049
Burundi,BDI,2013,0.014694414
Burundi,BDI,2014,0.015741054
Burundi,BDI,2015,0.025082417
Burundi,BDI,2016,0.028871518
Burundi,BDI,2017,0.03401478
Burundi,BDI,2018,0.033180304
Burundi,BDI,2019,0.031749435
Burundi,BDI,2020,0.0335261
Burundi,BDI,2021,0.03048865
Burundi,BDI,2022,0.030065091
Burundi,BDI,2023,0.020344134
Cambodia,KHM,2002,0.0003889464
Cambodia,KHM,2003,0.0032104899
Cambodia,KHM,2004,0.0058891345
Cambodia,KHM,2005,0.007440918
Cambodia,KHM,2006,0.021262512
Cambodia,KHM,2007,0.061047107
Cambodia,KHM,2008,0.118077524
Cambodia,KHM,2009,0.21013097
Cambodia,KHM,2010,0.2459601
Cambodia,KHM,2011,0.14943029
Cambodia,KHM,2012,0.19895504
Cambodia,KHM,2013,0.21521129
Cambodia,KHM,2014,0.4293822
Cambodia,KHM,2015,0.5344854
Cambodia,KHM,2016,0.61592263
Cambodia,KHM,2017,0.83139366
Cambodia,KHM,2018,1.0212282
Cambodia,KHM,2019,1.1187161
Cambodia,KHM,2020,1.3977003
Cambodia,KHM,2021,1.9808941
Cambodia,KHM,2022,2.963831
Cambodia,KHM,2023,3.641818
Cambodia,KHM,2024,4.145662
Cameroon,CMR,2005,0.0011830443
Cameroon,CMR,2006,0.0023988048
Cameroon,CMR,2007,0.0035457269
Cameroon,CMR,2008,0.004630114
Cameroon,CMR,2009,0.004708597
Cameroon,CMR,2010,0.030272422
Cameroon,CMR,2011,0.052949976
Cameroon,CMR,2012,0.06653683
Cameroon,CMR,2013,0.0789632
Cameroon,CMR,2014,0.076296836
Cameroon,CMR,2015,0.08982396
Cameroon,CMR,2016,1.5552933
Cameroon,CMR,2017,1.5846671
Cameroon,CMR,2018,1.5956094
Cameroon,CMR,2019,1.5718949
Cameroon,CMR,2020,2.7568243
Cameroon,CMR,2021,2.2338512
Cameroon,CMR,2022,2.1286247
Canada,CAN,1998,0.46442485
Canada,CAN,1999,1.9144877
Canada,CAN,2000,4.5673347
Canada,CAN,2001,9.08579
Canada,CAN,2002,11.146141
Canada,CAN,2003,14.175561
Canada,CAN,2004,16.855116
Canada,CAN,2005,21.590513
Canada,CAN,2006,24.554956
Canada,CAN,2007,27.424377
Canada,CAN,2008,29.42473
Canada,CAN,2009,30.420053
Canada,CAN,2010,31.631824
Canada,CAN,2011,32.650646
Canada,CAN,2012,33.473858
Canada,CAN,2013,34.268303
Canada,CAN,2014,35.269424
Canada,CAN,2015,36.46986
Canada,CAN,2016,36.823288
Canada,CAN,2017,37.827694
Canada,CAN,2018,38.733353
Canada,CAN,2019,40.076756
Canada,CAN,2020,40.79498
Canada,CAN,2021,41.693096
Canada,CAN,2022,42.17921
Canada,CAN,2023,42.524178
Canada,CAN,2024,42.523823
Cape Verde,CPV,2004,0.05903582
Cape Verde,CPV,2005,0.19315007
Cape Verde,CPV,2006,0.3696549
Cape Verde,CPV,2007,0.7724863
Cape Verde,CPV,2008,1.4720109
Cape Verde,CPV,2009,2.1677754
Cape Verde,CPV,2010,3.1525116
Cape Verde,CPV,2011,4.1709113
Cape Verde,CPV,2012,3.8778799
Cape Verde,CPV,2013,4.139197
Cape Verde,CPV,2014,3.7234104
Cape Verde,CPV,2015,3.2334492
Cape Verde,CPV,2016,3.0320709
Cape Verde,CPV,2017,2.9232218
Cape Verde,CPV,2018,3.0495799
Cape Verde,CPV,2019,3.9392807
Cape Verde,CPV,2020,4.826115
Cape Verde,CPV,2021,5.9096212
Cape Verde,CPV,2022,6.567694
Cape Verde,CPV,2023,7.2300897
Cape Verde,CPV,2024,8.305374
Cayman Islands,CYM,2008,34.27108
Cayman Islands,CYM,2009,34.76947
Cayman Islands,CYM,2010,34.847225
Cayman Islands,CYM,2011,33.838074
Cayman Islands,CYM,2012,33.822807
Cayman Islands,CYM,2013,34.668827
Cayman Islands,CYM,2014,39.01097
Cayman Islands,CYM,2015,44.422634
Cayman Islands,CYM,2016,38.882725
Cayman Islands,CYM,2017,48.395443
Cayman Islands,CYM,2019,75.7497
Cayman Islands,CYM,2020,46.59018
Cayman Islands,CYM,2021,45.643864
Cayman Islands,CYM,2022,56.360435
Central African Republic,CAF,2011,0.017743621
Central African Republic,CAF,2012,0.0131212305
Central African Republic,CAF,2015,0.040135484
Central African Republic,CAF,2016,0.015614184
Central African Republic,CAF,2017,0.01291329
Central African Republic,CAF,2018,0.0124624465
Central African Republic,CAF,2019,0.010091607
Central African Republic,CAF,2021,0.009761155
Central African Republic,CAF,2022,0.016084615
Chad,TCD,2009,0.002497109
Chad,TCD,2010,0.0026883085
Chad,TCD,2011,0.12386518
Chad,TCD,2012,0.14725609
Chad,TCD,2013,0.10728884
Chad,TCD,2014,0.071402
Chad,TCD,2015,0.07739823
Chad,TCD,2016,0.033914104
Chad,TCD,2017,0.002118704
Chad,TCD,2018,0.0020672753
Chad,TCD,2019,0.00040754623
Chad,TCD,2020,0
Chad,TCD,2021,0
Chad,TCD,2022,0
Chad,TCD,2023,0
Chad,TCD,2024,0
Chile,CHL,2000,0.04953677
Chile,CHL,2001,0.4254249
Chile,CHL,2002,1.18839
Chile,CHL,2003,2.1980622
Chile,CHL,2004,2.958383
Chile,CHL,2005,4.3340487
Chile,CHL,2006,6.127773
Chile,CHL,2007,7.811557
Chile,CHL,2008,8.475438
Chile,CHL,2009,9.727819
Chile,CHL,2010,10.41445
Chile,CHL,2011,11.590971
Chile,CHL,2012,12.36552
Chile,CHL,2013,12.976583
Chile,CHL,2014,13.936912
Chile,CHL,2015,15.068127
Chile,CHL,2016,15.900503
Chile,CHL,2017,16.500963
Chile,CHL,2018,17.206665
Chile,CHL,2019,17.864954
Chile,CHL,2020,19.430588
Chile,CHL,2021,22.014044
Chile,CHL,2022,22.79019
Chile,CHL,2023,22.995417
Chile,CHL,2024,23.731405
China,CHN,2000,0.0017848406
China,CHN,2001,0.026298068
China,CHN,2002,0.25631946
China,CHN,2003,0.8666558
China,CHN,2004,1.9153386
China,CHN,2005,2.851086
China,CHN,2006,3.858188
China,CHN,2007,5.0093017
China,CHN,2008,6.213652
China,CHN,2009,7.7449713
China,CHN,2010,9.347485
China,CHN,2011,11.504276
China,CHN,2012,12.7915535
China,CHN,2013,13.698905
China,CHN,2014,14.44452
China,CHN,2015,19.843794
China,CHN,2016,22.976133
China,CHN,2017,27.910128
China,CHN,2018,28.70891
China,CHN,2019,31.561123
China,CHN,2020,33.90698
China,CHN,2021,37.561176
China,CHN,2022,41.37362
China,CHN,2023,44.728886
China,CHN,2024,47.193394
Colombia,COL,2000,0.02269638
Colombia,COL,2001,0.034828145
Colombia,COL,2002,0.08651774
Colombia,COL,2003,0.15740119
Colombia,COL,2004,0.3059781
Colombia,COL,2005,0.75644606
Colombia,COL,2006,1.4712136
Colombia,COL,2007,2.7919037
Colombia,COL,2008,4.0496716
Colombia,COL,2009,4.776843
Colombia,COL,2010,5.9026155
Colombia,COL,2011,7.397637
Colombia,COL,2012,8.615525
Colombia,COL,2013,9.831994
Colombia,COL,2014,10.798987
Colombia,COL,2015,11.764467
Colombia,COL,2016,12.464751
Colombia,COL,2017,13.153729
Colombia,COL,2018,13.622878
Colombia,COL,2019,13.925331
Colombia,COL,2020,15.336308
Colombia,COL,2021,16.476791
Colombia,COL,2022,17.007465
Colombia,COL,2023,17.036982
Colombia,COL,2024,17.224415
Comoros,COM,2004,0.00017220477
Comoros,COM,2005,0.00067490386
Comoros,COM,2007,0.013291686
Comoros,COM,2008,0.017479545
Comoros,COM,2009,0.010281223
Comoros,COM,2010,0.050241586
Comoros,COM,2011,0.05987522
Comoros,COM,2012,0.18088992
Comoros,COM,2013,0.1867301
Comoros,COM,2014,0.22248676
Comoros,COM,2015,0.22017884
Comoros,COM,2016,0.22029252
Comoros,COM,2017,0.21726805
Comoros,COM,2018,0.19842145
Comoros,COM,2019,0.16247594
Comoros,COM,2020,0.14809957
Comoros,COM,2021,0.150457
Comoros,COM,2022,0.21937501
Comoros,COM,2023,0.38794103
Congo,COG,2009,0.002919729
Congo,COG,2010,0.0056025046
Congo,COG,2011,0.028439881
Congo,COG,2012,0.0293643
Congo,COG,2013,0.009017728
Congo,COG,2014,0.010048474
Congo,COG,2021,0.25689968
Congo,COG,2022,0.43588313
Congo,COG,2023,1.2679842
Costa Rica,CRI,2002,0.2205508
Costa Rica,CRI,2003,0.35947758
Costa Rica,CRI,2004,0.66501147
Costa Rica,CRI,2005,1.0540124
Costa Rica,CRI,2006,1.9282676
Costa Rica,CRI,2007,2.168827
Costa Rica,CRI,2008,2.4760723
Costa Rica,CRI,2009,4.0591664
Costa Rica,CRI,2010,8.697659
Costa Rica,CRI,2011,9.10623
Costa Rica,CRI,2012,9.6183605
Costa Rica,CRI,2013,10.281338
Costa Rica,CRI,2014,10.831217
Costa Rica,CRI,2015,11.595094
Costa Rica,CRI,2016,13.131031
Costa Rica,CRI,2017,15.143785
Costa Rica,CRI,2018,16.83773
Costa Rica,CRI,2019,18.096298
Costa Rica,CRI,2020,19.719149
Costa Rica,CRI,2021,20.9243
Costa Rica,CRI,2022,21.757599
Costa Rica,CRI,2023,22.523129
Costa Rica,CRI,2024,23.287699
Cote d'Ivoire,CIV,2003,0.002159416
Cote d'Ivoire,CIV,2004,0.004215361
Cote d'Ivoire,CIV,2005,0.0061738673
Cote d'Ivoire,CIV,2006,0.048669375
Cote d'Ivoire,CIV,2007,0.047549855
Cote d'Ivoire,CIV,2008,0.046480414
Cote d'Ivoire,CIV,2009,0.0454588
Cote d'Ivoire,CIV,2012,0.19673093
Cote d'Ivoire,CIV,2013,0.2350941
Cote d'Ivoire,CIV,2014,0.51720536
Cote d'Ivoire,CIV,2015,0.4345461
Cote d'Ivoire,CIV,2016,0.5247523
Cote d'Ivoire,CIV,2017,0.53425735
Cote d'Ivoire,CIV,2018,0.6405363
Cote d'Ivoire,CIV,2019,0.76871186
Cote d'Ivoire,CIV,2020,0.90391123
Cote d'Ivoire,CIV,2021,1.1303778
Cote d'Ivoire,CIV,2022,1.2517914
Cote d'Ivoire,CIV,2023,1.3633662
Cote d'Ivoire,CIV,2024,1.6015322
Croatia,HRV,2003,0.078947015
Croatia,HRV,2004,0.6078807
Croatia,HRV,2005,2.6935897
Croatia,HRV,2006,5.834376
Croatia,HRV,2007,8.96789
Croatia,HRV,2008,12.237176
Croatia,HRV,2009,16.641897
Croatia,HRV,2010,19.479975
Croatia,HRV,2011,20.856615
Croatia,HRV,2012,21.581852
Croatia,HRV,2013,22.504253
Croatia,HRV,2014,23.33191
Croatia,HRV,2015,23.572632
Croatia,HRV,2016,25.234114
Croatia,HRV,2017,26.865097
Croatia,HRV,2018,28.015602
Croatia,HRV,2019,28.968296
Croatia,HRV,2020,26.074455
Croatia,HRV,2021,26.71575
Croatia,HRV,2022,27.660673
Croatia,HRV,2023,28.470957
Croatia,HRV,2024,29.599737
Cuba,CUB,2007,0.017240658
Cuba,CUB,2008,0.019890606
Cuba,CUB,2009,0.025525203
Cuba,CUB,2010,0.032803982
Cuba,CUB,2011,0.039118454
Cuba,CUB,2012,0.04435037
Cuba,CUB,2013,0.047441322
Cuba,CUB,2014,0.06905153
Cuba,CUB,2015,0.07234548
Cuba,CUB,2016,0.12807116
Cuba,CUB,2017,0.2981553
Cuba,CUB,2018,0.8803506
Cuba,CUB,2019,1.6311213
Cuba,CUB,2020,2.0727153
Cuba,CUB,2021,2.6732287
Cuba,CUB,2022,2.892
Cuba,CUB,2023,2.9711802
Cuba,CUB,2024,3.0829754
Curacao,CUW,2011,20.05474
Curacao,CUW,2012,22.115732
Curacao,CUW,2013,22.684217
Curacao,CUW,2014,23.428288
Curacao,CUW,2015,24.007875
Curacao,CUW,2016,25.45744
Curacao,CUW,2017,29.283867
Curacao,CUW,2018,28.546724
Curacao,CUW,2019,28.118685
Curacao,CUW,2020,31.593683
Curacao,CUW,2021,32.570488
Curacao,CUW,2022,32.9116
Curacao,CUW,2023,31.51267
Cyprus,CYP,2001,0.3543586
Cyprus,CYP,2002,0.8237355
Cyprus,CYP,2003,1.3878821
Cyprus,CYP,2004,2.328786
Cyprus,CYP,2005,4.2817206
Cyprus,CYP,2006,8.323525
Cyprus,CYP,2007,12.572515
Cyprus,CYP,2008,18.481113
Cyprus,CYP,2009,21.489927
Cyprus,CYP,2010,23.154919
Cyprus,CYP,2011,24.611254
Cyprus,CYP,2012,25.562637
Cyprus,CYP,2013,26.650581
Cyprus,CYP,2014,28.300535
Cyprus,CYP,2015,30.17365
Cyprus,CYP,2016,32.01322
Cyprus,CYP,2017,33.654224
Cyprus,CYP,2018,35.235565
Cyprus,CYP,2019,36.188496
Cyprus,CYP,2020,36.31274
Cyprus,CYP,2021,36.650246
Cyprus,CYP,2022,36.765675
Cyprus,CYP,2023,36.90056
Cyprus,CYP,2024,37.562706
Czechia,CZE,2000,0.024421684
Czechia,CZE,2001,0.060594592
Czechia,CZE,2002,0.14942183
Czechia,CZE,2003,0.33847496
Czechia,CZE,2004,2.299831
Czechia,CZE,2005,6.8973975
Czechia,CZE,2006,10.796162
Czechia,CZE,2007,14.478489
Czechia,CZE,2008,16.954485
Czechia,CZE,2009,19.538555
Czechia,CZE,2010,21.609055
Czechia,CZE,2011,23.90641
Czechia,CZE,2012,25.286907
Czechia,CZE,2013,27.172712
Czechia,CZE,2014,28.47536
Czechia,CZE,2015,27.998
Czechia,CZE,2016,29.149118
Czechia,CZE,2017,29.84526
Czechia,CZE,2018,30.551277
Czechia,CZE,2019,35.430206
Czechia,CZE,2020,36.44909
Czechia,CZE,2021,37.498478
Czechia,CZE,2022,37.713684
Czechia,CZE,2023,37.909977
Czechia,CZE,2024,38.86564
Democratic Republic of Congo,COD,2010,0
Democratic Republic of Congo,COD,2013,0.0005937506
Democratic Republic of Congo,COD,2014,0.0006377287
Democratic Republic of Congo,COD,2015,0.0012340266
Democratic Republic of Congo,COD,2016,0.0011910942
Democratic Republic of Congo,COD,2017,0.0011483245
Democratic Republic of Congo,COD,2018,0.0051306174
Democratic Republic of Congo,COD,2019,0.012802934
Democratic Republic of Congo,COD,2020,0.03229503
Democratic Republic of Congo,COD,2021,0.031266097
Democratic Republic of Congo,COD,2022,0.032227516
Democratic Republic of Congo,COD,2023,0.021993628
Democratic Republic of Congo,COD,2024,0.032028913
Denmark,DNK,2000,1.254762
Denmark,DNK,2001,4.4412694
Denmark,DNK,2002,8.394726
Denmark,DNK,2003,13.32498
Denmark,DNK,2004,18.8283
Denmark,DNK,2005,24.796408
Denmark,DNK,2006,31.914345
Denmark,DNK,2007,34.85313
Denmark,DNK,2008,36.50832
Denmark,DNK,2009,36.622227
Denmark,DNK,2010,38.07603
Denmark,DNK,2011,38.472538
Denmark,DNK,2012,38.976704
Denmark,DNK,2013,40.46779
Denmark,DNK,2014,41.492638
Denmark,DNK,2015,42.31331
Denmark,DNK,2016,42.969913
Denmark,DNK,2017,43.56978
Denmark,DNK,2018,43.76909
Denmark,DNK,2019,43.62295
Denmark,DNK,2020,44.418568
Denmark,DNK,2021,44.95984
Denmark,DNK,2022,44.886364
Denmark,DNK,2023,44.035206
Denmark,DNK,2024,43.39333
Djibouti,DJI,2000,0.0005352474
Djibouti,DJI,2001,0.0006482453
Djibouti,DJI,2002,0.00075417245
Djibouti,DJI,2005,0.0050049634
Djibouti,DJI,2006,0.017761907
Djibouti,DJI,2007,0.12486736
Djibouti,DJI,2008,0.27454987
Djibouti,DJI,2009,0.5797963
Djibouti,DJI,2010,0.86621785
Djibouti,DJI,2011,1.1914928
Djibouti,DJI,2012,1.5419753
Djibouti,DJI,2013,1.7977831
Djibouti,DJI,2014,2.004753
Djibouti,DJI,2015,2.3683908
Djibouti,DJI,2016,2.3394141
Djibouti,DJI,2017,2.312102
Djibouti,DJI,2018,2.3797395
Djibouti,DJI,2019,2.2426562
Djibouti,DJI,2020,2.266854
Djibouti,DJI,2021,1.3911284
Djibouti,DJI,2022,1.4124577
Djibouti,DJI,2023,1.4720576
Dominica,DMA,2000,0.11676957
Dominica,DMA,2001,0.25626758
Dominica,DMA,2002,3.2735093
Dominica,DMA,2003,3.8683224
Dominica,DMA,2004,4.738598
Dominica,DMA,2005,4.9466057
Dominica,DMA,2006,6.249455
Dominica,DMA,2007,7.2624807
Dominica,DMA,2008,10.166439
Dominica,DMA,2009,10.600604
Dominica,DMA,2010,12.0695915
Dominica,DMA,2011,12.02989
Dominica,DMA,2012,12.29781
Dominica,DMA,2013,15.300868
Dominica,DMA,2014,15.3254795
Dominica,DMA,2015,21.529612
Dominica,DMA,2016,22.24952
Dominica,DMA,2017,22.516644
Dominica,DMA,2018,16.889137
Dominica,DMA,2019,22.399824
Dominica,DMA,2020,27.061104
Dominica,DMA,2021,20.95622
Dominica,DMA,2022,20.860144
Dominican Republic,DOM,2003,0.16702633
Dominican Republic,DOM,2004,0.4091976
Dominican Republic,DOM,2005,0.6577103
Dominican Republic,DOM,2006,1.1013595
Dominican Republic,DOM,2007,1.8375453
Dominican Republic,DOM,2008,2.4978037
Dominican Republic,DOM,2009,3.255125
Dominican Republic,DOM,2010,3.9765584
Dominican Republic,DOM,2011,4.262368
Dominican Republic,DOM,2012,4.8024354
Dominican Republic,DOM,2013,5.1668983
Dominican Republic,DOM,2014,5.8164353
Dominican Republic,DOM,2015,6.575163
Dominican Republic,DOM,2016,7.2147093
Dominican Republic,DOM,2017,7.6927915
Dominican Republic,DOM,2018,7.9820232
Dominican Republic,DOM,2019,8.535702
Dominican Republic,DOM,2020,9.373455
Dominican Republic,DOM,2021,10.319526
Dominican Republic,DOM,2022,10.674449
Dominican Republic,DOM,2023,11.134556
Dominican Republic,DOM,2024,11.204564
East Asia and Pacific (WB),WB_EAP,2000,0.3257581
East Asia and Pacific (WB),WB_EAP,2001,0.7495178
East Asia and Pacific (WB),WB_EAP,2002,1.3907427
East Asia and Pacific (WB),WB_EAP,2003,2.1229243
East Asia and Pacific (WB),WB_EAP,2004,3.1468525
East Asia and Pacific (WB),WB_EAP,2005,3.967384
East Asia and Pacific (WB),WB_EAP,2006,4.981921
East Asia and Pacific (WB),WB_EAP,2007,5.814904
East Asia and Pacific (WB),WB_EAP,2008,6.966563
East Asia and Pacific (WB),WB_EAP,2009,8.221287
East Asia and Pacific (WB),WB_EAP,2010,9.747439
East Asia and Pacific (WB),WB_EAP,2011,10.902339
East Asia and Pacific (WB),WB_EAP,2012,12.130253
East Asia and Pacific (WB),WB_EAP,2013,12.836591
East Asia and Pacific (WB),WB_EAP,2014,13.372419
East Asia and Pacific (WB),WB_EAP,2015,16.3
East Asia and Pacific (WB),WB_EAP,2016,18.4
East Asia and Pacific (WB),WB_EAP,2017,21.6
East Asia and Pacific (WB),WB_EAP,2018,22.4
East Asia and Pacific (WB),WB_EAP,2019,24.4
East Asia and Pacific (WB),WB_EAP,2020,26.14
East Asia and Pacific (WB),WB_EAP,2021,28.69
East Asia and Pacific (WB),WB_EAP,2022,31.12
East Asia and Pacific (WB),WB_EAP,2023,33.13
East Asia and Pacific (WB),WB_EAP,2024,34.75
East Asia and Pacific (WB),WB_EAP,2025,36.46
East Timor,TLS,2003,0.0009815919
East Timor,TLS,2004,0.0013992427
East Timor,TLS,2005,0.002319914
East Timor,TLS,2006,0.002969495
East Timor,TLS,2007,0.0049756737
East Timor,TLS,2008,0.006876986
East Timor,TLS,2009,0.044485077
East Timor,TLS,2010,0.046096586
East Timor,TLS,2011,0.04954031
East Timor,TLS,2012,0.052868795
East Timor,TLS,2013,0.06041279
East Timor,TLS,2014,0.086978376
East Timor,TLS,2015,0.08530193
East Timor,TLS,2017,0.2673158
East Timor,TLS,2018,0.0054860697
East Timor,TLS,2019,0.006841181
East Timor,TLS,2020,0.006259177
East Timor,TLS,2021,0.010147103
East Timor,TLS,2022,0.010005149
East Timor,TLS,2023,0.0057791527
East Timor,TLS,2024,0.005997267
Ecuador,ECU,2001,0.020316418
Ecuador,ECU,2002,0.049465418
Ecuador,ECU,2003,0.051718827
Ecuador,ECU,2004,0.085386544
Ecuador,ECU,2005,0.19345431
Ecuador,ECU,2006,0.32656235
Ecuador,ECU,2007,0.6978965
Ecuador,ECU,2008,1.0702974
Ecuador,ECU,2009,1.6270994
Ecuador,ECU,2010,1.467961
Ecuador,ECU,2011,4.2993164
Ecuador,ECU,2012,5.4180164
Ecuador,ECU,2013,6.6960487
Ecuador,ECU,2014,8.229603
Ecuador,ECU,2015,9.145281
Ecuador,ECU,2016,9.752029
Ecuador,ECU,2017,10.612518
Ecuador,ECU,2018,11.45841
Ecuador,ECU,2019,12.067217
Ecuador,ECU,2020,13.514694
Ecuador,ECU,2021,14.028438
Ecuador,ECU,2022,15.1128845
Ecuador,ECU,2023,16.06789
Ecuador,ECU,2024,17.246393
Egypt,EGY,2002,0.06681214
Egypt,EGY,2003,0.070452794
Egypt,EGY,2004,0.0996723
Egypt,EGY,2005,0.17385605
Egypt,EGY,2006,0.3126055
Egypt,EGY,2007,0.56650853
Egypt,EGY,2008,0.8964606
Egypt,EGY,2009,1.231393
Egypt,EGY,2010,1.6274573
Egypt,EGY,2011,2.0256746
Egypt,EGY,2012,2.456793
Egypt,EGY,2013,2.8072624
Egypt,EGY,2014,3.145617
Egypt,EGY,2015,3.8418796
Egypt,EGY,2016,4.396854
Egypt,EGY,2017,5.0473204
Egypt,EGY,2018,6.268253
Egypt,EGY,2019,7.041307
Egypt,EGY,2020,8.539631
Egypt,EGY,2021,9.765823
Egypt,EGY,2022,10.683249
Egypt,EGY,2023,10.864247
Egypt,EGY,2024,11.687122
El Salvador,SLV,2003,0.32675964
El Salvador,SLV,2004,0.48830318
El Salvador,SLV,2005,0.70457834
El Salvador,SLV,2006,1.0243374
El Salvador,SLV,2007,1.4935712
El Salvador,SLV,2008,2.0478175
El Salvador,SLV,2009,2.4702234
El Salvador,SLV,2010,2.8883786
El Salvador,SLV,2011,3.3825238
El Salvador,SLV,2012,3.9597807
El Salvador,SLV,2013,4.633254
El Salvador,SLV,2014,5.1747093
El Salvador,SLV,2015,5.708595
El Salvador,SLV,2016,6.375097
El Salvador,SLV,2017,7.2625833
El Salvador,SLV,2018,7.914474
El Salvador,SLV,2019,8.438785
El Salvador,SLV,2020,8.536791
El Salvador,SLV,2021,9.071783
El Salvador,SLV,2022,9.738327
El Salvador,SLV,2023,11.627174
El Salvador,SLV,2024,12.464073
Equatorial Guinea,GNQ,2005,0.01900003
Equatorial Guinea,GNQ,2006,0.018175522
Equatorial Guinea,GNQ,2007,0.01737378
Equatorial Guinea,GNQ,2008,0.016597051
Equatorial Guinea,GNQ,2009,0.015849633
Equatorial Guinea,GNQ,2010,0.09974056
Equatorial Guinea,GNQ,2011,0.10838799
Equatorial Guinea,GNQ,2012,0.11441975
Equatorial Guinea,GNQ,2013,0.2613247
Equatorial Guinea,GNQ,2014,0.27724835
Equatorial Guinea,GNQ,2015,0.26129305
Equatorial Guinea,GNQ,2016,0.2242429
Equatorial Guinea,GNQ,2017,0.121416084
Equatorial Guinea,GNQ,2018,0.10022135
Equatorial Guinea,GNQ,2019,0.059873894
Equatorial Guinea,GNQ,2020,0.10737165
Equatorial Guinea,GNQ,2021,0.097681016
Equatorial Guinea,GNQ,2022,0.10069058
Eritrea,ERI,2008,0.0015623185
Eritrea,ERI,2009,0.0024239193
Eritrea,ERI,2010,0.004006538
Eritrea,ERI,2011,0.004702375
Eritrea,ERI,2012,0.0060915616
Eritrea,ERI,2013,0.004748956
Eritrea,ERI,2014,0.0064616743
Eritrea,ERI,2015,0.016100228
Eritrea,ERI,2016,0.019201856
Eritrea,ERI,2017,0.031742536
Eritrea,ERI,2019,0.09258705
Eritrea,ERI,2020,0.151917
Eritrea,ERI,2021,0.14924558
Eritrea,ERI,2022,0.1653934
Estonia,EST,2001,1.2587787
Estonia,EST,2002,3.3709455
Estonia,EST,2003,6.587154
Estonia,EST,2004,10.176814
Estonia,EST,2005,13.226576
Estonia,EST,2006,18.32383
Estonia,EST,2007,19.761917
Estonia,EST,2008,22.037674
Estonia,EST,2009,23.500818
Estonia,EST,2010,26.12817
Estonia,EST,2011,26.288763
Estonia,EST,2012,26.425432
Estonia,EST,2013,27.387722
Estonia,EST,2014,28.225374
Estonia,EST,2015,29.68828
Estonia,EST,2016,31.498903
Estonia,EST,2017,32.522003
Estonia,EST,2018,33.372517
Estonia,EST,2019,33.85081
Estonia,EST,2020,34.27003
Estonia,EST,2021,37.35719
Estonia,EST,2022,39.721916
Estonia,EST,2023,35.25398
Estonia,EST,2024,35.35272
Eswatini,SWZ,2008,0.07030383
Eswatini,SWZ,2009,0.13608976
Eswatini,SWZ,2010,0.3290604
Eswatini,SWZ,2011,0.7178174
Eswatini,SWZ,2012,0.30510837
Eswatini,SWZ,2013,0.3716847
Eswatini,SWZ,2014,0.44882554
Eswatini,SWZ,2015,0.5250203
Eswatini,SWZ,2016,0.6089567
Eswatini,SWZ,2017,1.3419156
Eswatini,SWZ,2018,1.8710289
Eswatini,SWZ,2019,2.0436928
Eswatini,SWZ,2020,2.2900424
Eswatini,SWZ,2021,2.5528078
Eswatini,SWZ,2022,2.1853006
Eswatini,SWZ,2023,2.7636597
Eswatini,SWZ,2024,2.5065536
Ethiopia,ETH,2003,0.00007720161
Ethiopia,ETH,2004,0.000046005895
Ethiopia,ETH,2005,0.00007783842
Ethiopia,ETH,2006,0.0003234061
Ethiopia,ETH,2007,0.0012466424
Ethiopia,ETH,2008,0.0017488144
Ethiopia,ETH,2009,0.003974655
Ethiopia,ETH,2010,0.004536191
Ethiopia,ETH,2011,0.0068201846
Ethiopia,ETH,2012,0.008909301
Ethiopia,ETH,2013,0.24184276
Ethiopia,ETH,2014,0.4660853
Ethiopia,ETH,2015,0.46020332
Ethiopia,ETH,2016,0.5238096
Ethiopia,ETH,2017,0.057401314
Ethiopia,ETH,2019,0.13737999
Ethiopia,ETH,2020,0.1782746
Ethiopia,ETH,2021,0.39938238
Ethiopia,ETH,2022,0.45157653
Ethiopia,ETH,2023,0.5348232
Ethiopia,ETH,2024,0.5939174
Europe and Central Asia (WB),WB_ECA,2002,1.8907725
Europe and Central Asia (WB),WB_ECA,2003,3.1893647
Europe and Central Asia (WB),WB_ECA,2004,5.496278
Europe and Central Asia (WB),WB_ECA,2005,7.6985083
Europe and Central Asia (WB),WB_ECA,2006,10.707315
Europe and Central Asia (WB),WB_ECA,2007,13.389236
Europe and Central Asia (WB),WB_ECA,2008,15.552882
Europe and Central Asia (WB),WB_ECA,2009,17.370872
Europe and Central Asia (WB),WB_ECA,2010,18.998924
Europe and Central Asia (WB),WB_ECA,2011,20.33108
Europe and Central Asia (WB),WB_ECA,2012,21.521894
Europe and Central Asia (WB),WB_ECA,2013,22.786594
Europe and Central Asia (WB),WB_ECA,2014,23.659754
Europe and Central Asia (WB),WB_ECA,2015,24.8
Europe and Central Asia (WB),WB_ECA,2016,25.6
Europe and Central Asia (WB),WB_ECA,2017,26.9
Europe and Central Asia (WB),WB_ECA,2018,27.8
Europe and Central Asia (WB),WB_ECA,2019,28.5
Europe and Central Asia (WB),WB_ECA,2020,29.8
Europe and Central Asia (WB),WB_ECA,2021,30.85
Europe and Central Asia (WB),WB_ECA,2022,31.57
Europe and Central Asia (WB),WB_ECA,2023,32.56
Europe and Central Asia (WB),WB_ECA,2024,33.47
Europe and Central Asia (WB),WB_ECA,2025,34.45
European Union (27),OWID_EU27,2000,0.5020268
European Union (27),OWID_EU27,2001,1.5114437
European Union (27),OWID_EU27,2002,2.8826232
European Union (27),OWID_EU27,2003,4.7689714
European Union (27),OWID_EU27,2004,7.870881
European Union (27),OWID_EU27,2005,11.5786
European Union (27),OWID_EU27,2006,15.815944
European Union (27),OWID_EU27,2007,19.657522
European Union (27),OWID_EU27,2008,22.100794
European Union (27),OWID_EU27,2009,24.263672
European Union (27),OWID_EU27,2010,25.844542
European Union (27),OWID_EU27,2011,27.265257
European Union (27),OWID_EU27,2012,28.151468
European Union (27),OWID_EU27,2013,29.220089
European Union (27),OWID_EU27,2014,30.343521
European Union (27),OWID_EU27,2015,31.45093
European Union (27),OWID_EU27,2016,32.56542
European Union (27),OWID_EU27,2017,33.786648
European Union (27),OWID_EU27,2018,34.750065
European Union (27),OWID_EU27,2019,35.634624
European Union (27),OWID_EU27,2020,36.805374
European Union (27),OWID_EU27,2021,37.8614
European Union (27),OWID_EU27,2022,38.680267
Faroe Islands,FRO,2001,0.11678201
Faroe Islands,FRO,2002,0.24344929
Faroe Islands,FRO,2003,0.8308205
Faroe Islands,FRO,2004,6.526855
Faroe Islands,FRO,2005,12.133744
Faroe Islands,FRO,2006,27.108284
Faroe Islands,FRO,2007,29.836613
Faroe Islands,FRO,2008,30.677553
Faroe Islands,FRO,2009,32.753822
Faroe Islands,FRO,2010,33.587994
Faroe Islands,FRO,2011,33.498142
Faroe Islands,FRO,2012,33.94398
Faroe Islands,FRO,2013,34.59061
Faroe Islands,FRO,2014,35.807384
Faroe Islands,FRO,2015,36.388924
Faroe Islands,FRO,2016,36.29223
Faroe Islands,FRO,2017,35.90749
Faroe Islands,FRO,2018,35.62527
Faroe Islands,FRO,2019,35.068092
Faroe Islands,FRO,2020,35.071407
Faroe Islands,FRO,2021,34.602253
Faroe Islands,FRO,2022,34.5874
Fiji,FJI,2005,0.7933099
Fiji,FJI,2006,0.95466465
Fiji,FJI,2007,1.2808633
Fiji,FJI,2008,1.4424412
Fiji,FJI,2009,1.4141809
Fiji,FJI,2010,2.553769
Fiji,FJI,2011,2.5465806
Fiji,FJI,2012,1.4772909
Fiji,FJI,2013,1.1924458
Fiji,FJI,2014,1.354316
Fiji,FJI,2015,1.3862731
Fiji,FJI,2016,1.341651
Fiji,FJI,2017,1.3208034
Fiji,FJI,2018,2.082143
Fiji,FJI,2019,2.3449583
Fiji,FJI,2020,2.520539
Fiji,FJI,2021,2.5157328
Fiji,FJI,2022,2.5337658
Fiji,FJI,2023,1.8294748
Fiji,FJI,2024,1.8000956
Finland,FIN,2000,0.6761714
Finland,FIN,2001,2.582898
Finland,FIN,2002,5.2590632
Finland,FIN,2003,9.42076
Finland,FIN,2004,15.301785
Finland,FIN,2005,22.382418
Finland,FIN,2006,27.135073
Finland,FIN,2007,30.574564
Finland,FIN,2008,30.451443
Finland,FIN,2009,29.324635
Finland,FIN,2010,29.075111
Finland,FIN,2011,29.805645
Finland,FIN,2012,30.432375
Finland,FIN,2013,31.62683
Finland,FIN,2014,32.19703
Finland,FIN,2015,31.569094
Finland,FIN,2016,31.152937
Finland,FIN,2017,31.04352
Finland,FIN,2018,31.491718
Finland,FIN,2019,32.543976
Finland,FIN,2020,33.383896
Finland,FIN,2021,33.639683
Finland,FIN,2022,34.29516
Finland,FIN,2023,35.33181
Finland,FIN,2024,36.476536
France,FRA,1998,0.02318168
France,FRA,1999,0.09425522
France,FRA,2000,0.3305123
France,FRA,2001,1.0040877
France,FRA,2002,2.7433705
France,FRA,2003,5.876383
France,FRA,2004,10.724983
France,FRA,2005,15.368754
France,FRA,2006,20.485146
France,FRA,2007,25.22727
France,FRA,2008,28.400679
France,FRA,2009,31.45795
France,FRA,2010,33.64536
France,FRA,2011,35.69379
France,FRA,2012,37.43455
France,FRA,2013,38.734085
France,FRA,2014,40.142216
France,FRA,2015,41.387115
France,FRA,2016,42.52779
France,FRA,2017,43.62426
France,FRA,2018,44.41423
France,FRA,2019,45.2765
France,FRA,2020,46.47124
France,FRA,2021,47.644234
France,FRA,2022,48.250225
France,FRA,2023,48.668835
France,FRA,2024,48.925198
French Polynesia,PYF,2001,0.01024183
French Polynesia,PYF,2002,0.012914943
French Polynesia,PYF,2003,0.37593836
French Polynesia,PYF,2004,1.7801404
French Polynesia,PYF,2005,4.2388067
French Polynesia,PYF,2006,6.927206
French Polynesia,PYF,2007,8.857595
French Polynesia,PYF,2008,10.310419
French Polynesia,PYF,2009,11.143642
French Polynesia,PYF,2010,11.917732
French Polynesia,PYF,2011,13.248591
French Polynesia,PYF,2012,14.720745
French Polynesia,PYF,2013,16.343437
French Polynesia,PYF,2014,17.996506
French Polynesia,PYF,2015,18.680946
French Polynesia,PYF,2016,19.859373
French Polynesia,PYF,2017,20.59503
French Polynesia,PYF,2018,21.36769
French Polynesia,PYF,2019,22.219515
French Polynesia,PYF,2020,22.921898
French Polynesia,PYF,2021,26.724495
French Polynesia,PYF,2022,27.91446
French Polynesia,PYF,2023,35.5534
Gabon,GAB,2003,0.0122978985
Gabon,GAB,2004,0.04572284
Gabon,GAB,2005,0.10454426
Gabon,GAB,2006,0.116883695
Gabon,GAB,2007,0.12742275
Gabon,GAB,2008,0.13688615
Gabon,GAB,2009,0.22250228
Gabon,GAB,2010,0.23734228
Gabon,GAB,2011,0.2525274
Gabon,GAB,2012,0.27072552
Gabon,GAB,2013,0.4652235
Gabon,GAB,2014,0.54589593
Gabon,GAB,2015,0.5429721
Gabon,GAB,2016,0.71503866
Gabon,GAB,2017,0.6837127
Gabon,GAB,2018,0.95311797
Gabon,GAB,2019,1.074963
Gabon,GAB,2020,1.9206136
Gabon,GAB,2021,2.651425
Gabon,GAB,2022,3.305486
Gabon,GAB,2023,3.9729328
Gabon,GAB,2024,4.6941023
Gambia,GMB,2004,0.002220424
Gambia,GMB,2005,0.0042590536
Gambia,GMB,2007,0.015234113
Gambia,GMB,2008,0.016502993
Gambia,GMB,2009,0.016030591
Gambia,GMB,2010,0.018166436
Gambia,GMB,2011,0.022028608
Gambia,GMB,2012,0.024472687
Gambia,GMB,2013,0.020819271
Gambia,GMB,2014,0.12672509
Gambia,GMB,2015,0.16061828
Gambia,GMB,2016,0.16420224
Gambia,GMB,2017,0.1707804
Gambia,GMB,2018,0.18473665
Gambia,GMB,2019,0.20351313
Gambia,GMB,2020,0.19874923
Gambia,GMB,2021,0.19409862
Gambia,GMB,2022,0.21581888
Gambia,GMB,2023,0.50214154
Gambia,GMB,2024,0.51855296
Georgia,GEO,2001,0.01021466
Georgia,GEO,2002,0.022287654
Georgia,GEO,2003,0.03451244
Georgia,GEO,2004,0.04684334
Georgia,GEO,2005,0.059362203
Georgia,GEO,2006,0.67557573
Georgia,GEO,2007,1.177919
Georgia,GEO,2008,2.8451016
Georgia,GEO,2009,3.8275647
Georgia,GEO,2010,4.6826363
Georgia,GEO,2011,6.42341
Georgia,GEO,2012,12.061133
Georgia,GEO,2013,13.57086
Georgia,GEO,2014,15.840741
Georgia,GEO,2015,16.764652
Georgia,GEO,2016,17.959593
Georgia,GEO,2017,20.46443
Georgia,GEO,2018,22.59114
Georgia,GEO,2019,24.680607
Georgia,GEO,2020,25.512043
Georgia,GEO,2021,26.64638
Georgia,GEO,2022,28.333708
Georgia,GEO,2023,29.308638
Georgia,GEO,2024,30.415766
Germany,DEU,2000,0.32397175
Germany,DEU,2001,2.5630422
Germany,DEU,2002,3.9052825
Germany,DEU,2003,5.4438095
Germany,DEU,2004,8.526945
Germany,DEU,2005,13.147141
Germany,DEU,2006,18.331505
Germany,DEU,2007,24.2949
Germany,DEU,2008,27.998913
Germany,DEU,2009,30.845139
Germany,DEU,2010,32.366264
Germany,DEU,2011,33.709885
Germany,DEU,2012,34.550106
Germany,DEU,2013,35.342304
Germany,DEU,2014,36.340923
Germany,DEU,2015,37.4127
Germany,DEU,2016,38.499107
Germany,DEU,2017,39.988804
Germany,DEU,2018,40.96515
Germany,DEU,2019,42.11556
Germany,DEU,2020,43.30487
Germany,DEU,2021,44.064335
Germany,DEU,2022,44.618633
Germany,DEU,2023,45.380524
Germany,DEU,2024,45.606926
Ghana,GHA,2004,0.0041155466
Ghana,GHA,2005,0.008481282
Ghana,GHA,2006,0.055332515
Ghana,GHA,2007,0.068508625
Ghana,GHA,2008,0.0947631
Ghana,GHA,2009,0.11423153
Ghana,GHA,2010,0.20445539
Ghana,GHA,2011,0.24966002
Ghana,GHA,2012,0.25484896
Ghana,GHA,2013,0.25120324
Ghana,GHA,2014,0.25023544
Ghana,GHA,2015,0.25485024
Ghana,GHA,2016,0.29497823
Ghana,GHA,2017,0.18931395
Ghana,GHA,2018,0.1999766
Ghana,GHA,2019,0.18720402
Ghana,GHA,2020,0.24577104
Ghana,GHA,2021,0.3522377
Ghana,GHA,2022,0.6249451
Ghana,GHA,2023,0.5554767
Ghana,GHA,2024,0.664729
Gibraltar,GIB,2009,30.16254
Gibraltar,GIB,2010,33.387737
Gibraltar,GIB,2011,35.641186
Gibraltar,GIB,2012,37.400482
Gibraltar,GIB,2014,39.618443
Gibraltar,GIB,2015,46.92857
Gibraltar,GIB,2016,48.737297
Gibraltar,GIB,2017,50.731495
Gibraltar,GIB,2018,54.45286
Gibraltar,GIB,2019,54.930412
Gibraltar,GIB,2020,58.07923
Gibraltar,GIB,2021,59.856747
Gibraltar,GIB,2022,60.974766
Greece,GRC,2003,0.095947504
Greece,GRC,2004,0.47002178
Greece,GRC,2005,1.4580469
Greece,GRC,2006,4.431513
Greece,GRC,2007,9.2114725
Greece,GRC,2008,13.604924
Greece,GRC,2009,17.254395
Greece,GRC,2010,20.249166
Greece,GRC,2011,22.183064
Greece,GRC,2012,24.342464
Greece,GRC,2013,26.561937
Greece,GRC,2014,28.972944
Greece,GRC,2015,31.781395
Greece,GRC,2016,33.548584
Greece,GRC,2017,35.13513
Greece,GRC,2018,36.920338
Greece,GRC,2019,38.356567
Greece,GRC,2020,39.787636
Greece,GRC,2021,41.921303
Greece,GRC,2022,42.923042
Greece,GRC,2023,43.853962
Greece,GRC,2024,44.675983
Greenland,GRL,2003,0.209651
Greenland,GRL,2004,5.83408
Greenland,GRL,2005,12.516242
Greenland,GRL,2006,16.201677
Greenland,GRL,2007,18.574549
Greenland,GRL,2008,21.201532
Greenland,GRL,2009,22.186052
Greenland,GRL,2010,21.885046
Greenland,GRL,2011,20.922335
Greenland,GRL,2012,20.042974
Greenland,GRL,2013,19.110647
Greenland,GRL,2014,18.514233
Greenland,GRL,2015,17.850449
Greenland,GRL,2017,21.72781
Greenland,GRL,2018,24.061062
Greenland,GRL,2019,26.100136
Greenland,GRL,2020,27.919044
Greenland,GRL,2021,29.944147
Greenland,GRL,2022,31.984283
Grenada,GRD,2002,0.5193535
Grenada,GRD,2004,0.55706483
Grenada,GRD,2005,2.936191
Grenada,GRD,2006,5.033822
Grenada,GRD,2007,6.876459
Grenada,GRD,2008,8.074232
Grenada,GRD,2009,11.1196
Grenada,GRD,2010,12.938003
Grenada,GRD,2011,13.092551
Grenada,GRD,2012,14.187542
Grenada,GRD,2013,15.860847
Grenada,GRD,2014,16.481792
Grenada,GRD,2015,17.22854
Grenada,GRD,2016,18.084774
Grenada,GRD,2017,19.261421
Grenada,GRD,2018,23.326794
Grenada,GRD,2019,27.407076
Grenada,GRD,2020,27.464092
Grenada,GRD,2021,26.11751
Grenada,GRD,2022,29.767433
Guam,GUM,2001,1.0847399
Guam,GUM,2007,1.6337199
Guam,GUM,2008,1.6295197
Guam,GUM,2009,1.8053474
Guam,GUM,2010,1.8015637
Guam,GUM,2013,1.8075992
Guam,GUM,2014,1.8128421
Guam,GUM,2019,1.8540492
Guam,GUM,2020,1.8500475
Guam,GUM,2021,1.8322848
Guam,GUM,2022,1.8392057
Guatemala,GTM,2005,0.20711161
Guatemala,GTM,2006,0.2917533
Guatemala,GTM,2007,0.41752002
Guatemala,GTM,2008,0.6781401
Guatemala,GTM,2009,1.0973852
Guatemala,GTM,2010,1.7861931
Guatemala,GTM,2012,1.8575783
Guatemala,GTM,2013,2.2929633
Guatemala,GTM,2014,2.7658565
Guatemala,GTM,2015,2.8791285
Guatemala,GTM,2016,3.1102555
Guatemala,GTM,2017,3.205098
Guatemala,GTM,2019,3.420292
Guatemala,GTM,2020,3.525889
Guatemala,GTM,2021,3.4775395
Guatemala,GTM,2022,5.02439
Guatemala,GTM,2023,5.0808287
Guatemala,GTM,2024,5.3379216
Guinea,GIN,2010,0.0048095025
Guinea,GIN,2011,0.0056302026
Guinea,GIN,2012,0.0064093284
Guinea,GIN,2013,0.0071480437
Guinea,GIN,2014,0.007844556
Guinea,GIN,2015,0.008498292
Guinea,GIN,2016,0.009111217
Guinea,GIN,2017,0.009099233
Guinea,GIN,2018,0.009547592
Guinea,GIN,2019,0.009590047
Guinea,GIN,2020,0.00747877
Guinea,GIN,2021,0.007293673
Guinea,GIN,2022,0.0062752855
Guinea-Bissau,GNB,2010,0.05107425
Guinea-Bissau,GNB,2011,0.062186114
Guinea-Bissau,GNB,2012,0.07284653
Guinea-Bissau,GNB,2013,0.08561457
Guinea-Bissau,GNB,2014,0.08012075
Guinea-Bissau,GNB,2015,0.05883153
Guinea-Bissau,GNB,2016,0.04836527
Guinea-Bissau,GNB,2017,0.045443114
Guinea-Bissau,GNB,2018,0.062637605
Guinea-Bissau,GNB,2019,0.062357195
Guinea-Bissau,GNB,2020,0.11836553
Guinea-Bissau,GNB,2021,0.16043007
Guinea-Bissau,GNB,2022,0.21918482
Guinea-Bissau,GNB,2023,0.3104481
Guinea-Bissau,GNB,2024,0.38608092
Guyana,GUY,2005,0.2628418
Guyana,GUY,2007,0.31207845
Guyana,GUY,2008,0.67372906
Guyana,GUY,2009,0.90720046
Guyana,GUY,2010,1.493882
Guyana,GUY,2011,2.7527866
Guyana,GUY,2012,4.0173497
Guyana,GUY,2013,4.9198623
Guyana,GUY,2014,5.9961896
Guyana,GUY,2015,7.0754275
Guyana,GUY,2016,7.491736
Guyana,GUY,2017,8.443822
Guyana,GUY,2019,10.276538
Guyana,GUY,2020,11.764983
Guyana,GUY,2021,11.649552
Guyana,GUY,2022,12.935639
Haiti,HTI,2012,0
Haiti,HTI,2013,0
Haiti,HTI,2014,0
Haiti,HTI,2015,0.01280974
Haiti,HTI,2016,0.012631827
Haiti,HTI,2017,0.2763975
Haiti,HTI,2018,0.283698
Haiti,HTI,2019,0.28004992
Haiti,HTI,2020,0.27570632
Haiti,HTI,2021,0.27253738
Haiti,HTI,2022,0.30679077
High-income countries,OWID_HIC,2015,29.6
High-income countries,OWID_HIC,2016,30.4
High-income countries,OWID_HIC,2017,31.5
High-income countries,OWID_HIC,2018,32.2
High-income countries,OWID_HIC,2019,32.9
High-income countries,OWID_HIC,2020,34.17
High-income countries,OWID_HIC,2021,35.39
High-income countries,OWID_HIC,2022,36.18
High-income countries,OWID_HIC,2023,36.95
High-income countries,OWID_HIC,2024,37.79
High-income countries,OWID_HIC,2025,38.71
Honduras,HND,2010,0.011953318
Honduras,HND,2011,0.6707973
Honduras,HND,2012,0.7031149
Honduras,HND,2013,0.77611476
Honduras,HND,2014,1.7416956
Honduras,HND,2015,2.1367595
Honduras,HND,2016,2.341448
Honduras,HND,2017,2.485269
Honduras,HND,2018,3.6339312
Honduras,HND,2019,3.925899
Honduras,HND,2020,3.9222343
Honduras,HND,2021,4.095841
Honduras,HND,2022,4.4098015
Honduras,HND,2023,4.362128
Honduras,HND,2024,4.5791483
Hong Kong,HKG,1998,0.16804007
Hong Kong,HKG,1999,1.3018287
Hong Kong,HKG,2000,6.628968
Hong Kong,HKG,2001,10.575874
Hong Kong,HKG,2002,15.231386
Hong Kong,HKG,2003,18.486414
Hong Kong,HKG,2004,22.034046
Hong Kong,HKG,2005,24.015364
Hong Kong,HKG,2006,25.915693
Hong Kong,HKG,2007,27.239134
Hong Kong,HKG,2008,27.568306
Hong Kong,HKG,2009,29.066227
Hong Kong,HKG,2010,30.524231
Hong Kong,HKG,2011,32.18549
Hong Kong,HKG,2012,31.31537
Hong Kong,HKG,2013,30.769823
Hong Kong,HKG,2014,31.167084
Hong Kong,HKG,2015,31.87215
Hong Kong,HKG,2016,35.448494
Hong Kong,HKG,2017,35.70325
Hong Kong,HKG,2018,36.335278
Hong Kong,HKG,2019,37.468075
Hong Kong,HKG,2020,38.52464
Hong Kong,HKG,2021,39.2189
Hong Kong,HKG,2022,39.951782
Hong Kong,HKG,2023,39.883972
Hong Kong,HKG,2024,40.272404
Hungary,HUN,2000,0.03336408
Hungary,HUN,2001,0.30869436
Hungary,HUN,2002,1.0993576
Hungary,HUN,2003,2.6146202
Hungary,HUN,2004,4.0761404
Hungary,HUN,2005,6.4743495
Hungary,HUN,2006,11.932306
Hungary,HUN,2007,14.495706
Hungary,HUN,2008,17.676296
Hungary,HUN,2009,19.764507
Hungary,HUN,2010,21.639374
Hungary,HUN,2011,23.254925
Hungary,HUN,2012,24.161804
Hungary,HUN,2013,26.262192
Hungary,HUN,2014,26.164234
Hungary,HUN,2015,27.632236
Hungary,HUN,2016,28.688791
Hungary,HUN,2017,30.213617
Hungary,HUN,2018,31.50629
Hungary,HUN,2019,32.646633
Hungary,HUN,2020,33.492203
Hungary,HUN,2021,34.839188
Hungary,HUN,2022,36.53381
Hungary,HUN,2023,36.790188
Hungary,HUN,2024,37.542263
Iceland,ISL,1999,0.029175943
Iceland,ISL,2000,0.8383106
Iceland,ISL,2001,3.656864
Iceland,ISL,2002,8.438599
Iceland,ISL,2003,14.35438
Iceland,ISL,2004,19.086279
Iceland,ISL,2005,26.283041
Iceland,ISL,2006,28.873152
Iceland,ISL,2007,32.095516
Iceland,ISL,2008,33.38971
Iceland,ISL,2009,33.605766
Iceland,ISL,2010,34.32634
Iceland,ISL,2011,34.964294
Iceland,ISL,2012,35.350845
Iceland,ISL,2013,36.26812
Iceland,ISL,2014,36.532097
Iceland,ISL,2015,37.59941
Iceland,ISL,2016,38.15045
Iceland,ISL,2017,39.188313
Iceland,ISL,2018,39.106544
Iceland,ISL,2019,38.602993
Iceland,ISL,2020,38.682648
Iceland,ISL,2021,38.407703
Iceland,ISL,2022,37.421257
Iceland,ISL,2023,37.42459
Iceland,ISL,2024,37.524277
India,IND,2001,0.0046386556
India,IND,2002,0.007508106
India,IND,2003,0.012568197
India,IND,2004,0.020686774
India,IND,2005,0.11674267
India,IND,2006,0.19609869
India,IND,2007,0.26287588
India,IND,2008,0.43711108
India,IND,2009,0.6320321
India,IND,2010,0.88380885
India,IND,2011,1.0585889
India,IND,2012,1.171696
India,IND,2013,1.1519779
India,IND,2014,1.2002038
India,IND,2015,1.2757859
India,IND,2016,1.3879528
India,IND,2017,1.3132738
India,IND,2018,1.3217822
India,IND,2019,1.3791318
India,IND,2020,1.6362263
India,IND,2021,1.9487996
India,IND,2022,2.3523157
India,IND,2023,2.745347
India,IND,2024,3.1504624
Indonesia,IDN,2000,0.0018511852
Indonesia,IDN,2001,0.0068462547
Indonesia,IDN,2002,0.017245378
Indonesia,IDN,2003,0.027371937
Indonesia,IDN,2004,0.037248824
Indonesia,IDN,2005,0.046865866
Indonesia,IDN,2006,0.083079986
Indonesia,IDN,2007,0.32850853
Indonesia,IDN,2008,0.40871525
Indonesia,IDN,2009,0.76631063
Indonesia,IDN,2010,0.92580867
Indonesia,IDN,2011,1.0968769
Indonesia,IDN,2012,1.1804581
Indonesia,IDN,2013,1.2709669
Indonesia,IDN,2014,1.313363
Indonesia,IDN,2015,1.5213947
Indonesia,IDN,2016,1.9753785
Indonesia,IDN,2017,2.3250422
Indonesia,IDN,2018,3.2872958
Indonesia,IDN,2019,3.7742257
Indonesia,IDN,2020,3.9299376
Indonesia,IDN,2021,4.4874635
Indonesia,IDN,2022,4.821515
Indonesia,IDN,2023,4.8166394
Indonesia,IDN,2024,4.921967
Iran,IRN,2000,0.00026498578
Iran,IRN,2001,0.000979956
Iran,IRN,2002,0.023776926
Iran,IRN,2003,0.02719235
Iran,IRN,2006,0.13625325
Iran,IRN,2007,0.268087
Iran,IRN,2008,0.39727625
Iran,IRN,2009,0.5231642
Iran,IRN,2010,1.2755597
Iran,IRN,2011,2.704275
Iran,IRN,2012,4.79232
Iran,IRN,2013,6.4181757
Iran,IRN,2014,7.539958
Iran,IRN,2015,7.9989266
Iran,IRN,2016,9.078102
Iran,IRN,2017,10.114404
Iran,IRN,2018,11.387574
Iran,IRN,2019,9.909269
Iran,IRN,2020,10.902667
Iran,IRN,2021,12.068103
Iran,IRN,2022,12.210249
Iran,IRN,2023,12.020595
Iran,IRN,2024,12.060388
Iraq,IRQ,2006,0.00009085663
Iraq,IRQ,2007,0.00034517242
Iraq,IRQ,2008,0.00018639305
Iraq,IRQ,2009,0.0004025523
Iraq,IRQ,2010,0.010040145
Iraq,IRQ,2017,10.910523
Iraq,IRQ,2018,11.156733
Iraq,IRQ,2019,11.067766
Iraq,IRQ,2020,14.849485
Iraq,IRQ,2021,14.827523
Iraq,IRQ,2022,14.491296
Iraq,IRQ,2023,17.231256
Iraq,IRQ,2024,17.63333
Ireland,IRL,2002,0.269827
Ireland,IRL,2003,1.046849
Ireland,IRL,2004,3.7407184
Ireland,IRL,2005,7.7612023
Ireland,IRL,2006,13.158333
Ireland,IRL,2007,17.269142
Ireland,IRL,2008,19.867214
Ireland,IRL,2009,21.535828
Ireland,IRL,2010,22.372145
Ireland,IRL,2011,23.38142
Ireland,IRL,2012,24.175001
Ireland,IRL,2013,25.714437
Ireland,IRL,2014,27.022186
Ireland,IRL,2015,27.846266
Ireland,IRL,2016,28.61477
Ireland,IRL,2017,29.079462
Ireland,IRL,2018,29.35133
Ireland,IRL,2019,29.645315
Ireland,IRL,2020,30.435339
Ireland,IRL,2021,31.361643
Ireland,IRL,2022,31.536282
Ireland,IRL,2023,31.890783
Ireland,IRL,2024,32.30237
Israel,ISR,2001,0.70072085
Israel,ISR,2002,3.626693
Israel,ISR,2003,9.735776
Israel,ISR,2004,14.81462
Israel,ISR,2005,18.275688
Israel,ISR,2006,20.762615
Israel,ISR,2007,21.953463
Israel,ISR,2008,23.776512
Israel,ISR,2009,23.91031
Israel,ISR,2010,24.016132
Israel,ISR,2011,25.150892
Israel,ISR,2012,25.46078
Israel,ISR,2013,25.847233
Israel,ISR,2014,26.98432
Israel,ISR,2015,26.984041
Israel,ISR,2016,27.503029
Israel,ISR,2017,28.008333
Israel,ISR,2018,28.61317
Israel,ISR,2019,28.656765
Israel,ISR,2020,29.567816
Israel,ISR,2021,29.707878
Israel,ISR,2022,29.16767
Israel,ISR,2023,29.435724
Israel,ISR,2024,29.18371
Italy,ITA,2000,0.20079552
Italy,ITA,2001,0.6805599
Italy,ITA,2002,1.4803042
Italy,ITA,2003,3.896799
Italy,ITA,2004,8.120943
Italy,ITA,2005,11.657973
Italy,ITA,2006,14.462605
Italy,ITA,2007,17.12459
Italy,ITA,2008,18.932074
Italy,ITA,2009,20.173168
Italy,ITA,2010,21.770464
Italy,ITA,2011,22.393879
Italy,ITA,2012,22.737514
Italy,ITA,2013,23.103186
Italy,ITA,2014,23.708372
Italy,ITA,2015,24.597761
Italy,ITA,2016,25.73374
Italy,ITA,2017,27.465292
Italy,ITA,2018,28.464851
Italy,ITA,2019,29.054464
Italy,ITA,2020,30.258636
Italy,ITA,2021,31.285294
Italy,ITA,2022,31.191366
Italy,ITA,2023,31.841087
Italy,ITA,2024,31.780773
Jamaica,JAM,2001,0.12326613
Jamaica,JAM,2002,0.34083524
Jamaica,JAM,2003,0.33877596
Jamaica,JAM,2004,1.010394
Jamaica,JAM,2005,1.674689
Jamaica,JAM,2006,2.5266128
Jamaica,JAM,2007,3.41838
Jamaica,JAM,2008,3.5706542
Jamaica,JAM,2009,4.099423
Jamaica,JAM,2010,4.2453017
Jamaica,JAM,2011,4.284342
Jamaica,JAM,2012,4.4382005
Jamaica,JAM,2013,5.0586147
Jamaica,JAM,2014,5.4247537
Jamaica,JAM,2015,8.167252
Jamaica,JAM,2016,10.180664
Jamaica,JAM,2017,8.492189
Jamaica,JAM,2018,10.0973835
Jamaica,JAM,2019,11.260237
Jamaica,JAM,2020,13.62199
Jamaica,JAM,2021,14.571753
Jamaica,JAM,2022,14.960178
Jamaica,JAM,2023,15.785204
Jamaica,JAM,2024,15.981614
Japan,JPN,1998,0.025334816
Japan,JPN,1999,0.1706767
Japan,JPN,2000,0.6728095
Japan,JPN,2001,3.0135121
Japan,JPN,2002,7.371421
Japan,JPN,2003,11.684044
Japan,JPN,2004,15.301043
Japan,JPN,2005,18.216322
Japan,JPN,2006,20.65581
Japan,JPN,2007,22.096584
Japan,JPN,2008,23.500797
Japan,JPN,2009,25.63583
Japan,JPN,2010,26.603506
Japan,JPN,2011,27.866673
Japan,JPN,2012,28.244267
Japan,JPN,2013,28.905102
Japan,JPN,2014,29.641489
Japan,JPN,2015,30.541986
Japan,JPN,2016,31.303556
Japan,JPN,2017,31.899078
Japan,JPN,2018,32.696533
Japan,JPN,2019,33.54592
Japan,JPN,2020,34.837063
Japan,JPN,2021,35.93917
Japan,JPN,2022,36.84142
Japan,JPN,2023,38.631237
Jordan,JOR,2001,0.007437859
Jordan,JOR,2002,0.05656985
Jordan,JOR,2003,0.087010615
Jordan,JOR,2004,0.1772168
Jordan,JOR,2005,0.3905906
Jordan,JOR,2006,0.7564835
Jordan,JOR,2007,1.3009381
Jordan,JOR,2008,2.0864205
Jordan,JOR,2009,3.3324592
Jordan,JOR,2010,4.0191073
Jordan,JOR,2011,3.9651763
Jordan,JOR,2012,3.9579408
Jordan,JOR,2013,4.108982
Jordan,JOR,2014,4.0013037
Jordan,JOR,2015,3.244995
Jordan,JOR,2016,2.971348
Jordan,JOR,2017,3.2432837
Jordan,JOR,2018,3.8193874
Jordan,JOR,2019,4.2869253
Jordan,JOR,2020,5.8033295
Jordan,JOR,2021,6.4587655
Jordan,JOR,2022,7.073653
Jordan,JOR,2023,7.0374947
Jordan,JOR,2024,7.01801
Kazakhstan,KAZ,2003,0.006337562
Kazakhstan,KAZ,2004,0.012599243
Kazakhstan,KAZ,2005,0.018762387
Kazakhstan,KAZ,2006,0.18939728
Kazakhstan,KAZ,2007,1.6630771
Kazakhstan,KAZ,2008,2.0533862
Kazakhstan,KAZ,2009,3.4738228
Kazakhstan,KAZ,2010,5.164874
Kazakhstan,KAZ,2011,6.9928503
Kazakhstan,KAZ,2012,9.460823
Kazakhstan,KAZ,2013,11.157251
Kazakhstan,KAZ,2014,12.056385
Kazakhstan,KAZ,2015,12.723836
Kazakhstan,KAZ,2016,12.796511
Kazakhstan,KAZ,2017,13.811439
Kazakhstan,KAZ,2018,13.00024
Kazakhstan,KAZ,2019,13.079949
Kazakhstan,KAZ,2020,13.450284
Kazakhstan,KAZ,2021,13.946795
Kazakhstan,KAZ,2022,14.473953
Kazakhstan,KAZ,2023,14.345721
Kazakhstan,KAZ,2024,15.316203
Kenya,KEN,2005,0.015082487
Kenya,KEN,2006,0.048024595
Kenya,KEN,2007,0.04663171
Kenya,KEN,2008,0.008371092
Kenya,KEN,2009,0.045039594
Kenya,KEN,2010,0.016505376
Kenya,KEN,2011,0.12662756
Kenya,KEN,2012,0.12383254
Kenya,KEN,2013,0.16481282
Kenya,KEN,2014,0.22108538
Kenya,KEN,2015,0.28692126
Kenya,KEN,2016,0.27566028
Kenya,KEN,2017,0.5860083
Kenya,KEN,2018,0.7399311
Kenya,KEN,2019,0.95928884
Kenya,KEN,2020,1.2911249
Kenya,KEN,2021,1.4825411
Kenya,KEN,2022,1.4764694
Kenya,KEN,2023,2.3888252
Kenya,KEN,2024,3.0438266
Kiribati,KIR,2005,0.32845414
Kiribati,KIR,2006,0.40193167
Kiribati,KIR,2007,0.49378845
Kiribati,KIR,2008,0.6572509
Kiribati,KIR,2009,0.7185325
Kiribati,KIR,2010,0.77826023
Kiribati,KIR,2011,0.7682088
Kiribati,KIR,2012,0.71247905
Kiribati,KIR,2013,0.61490893
Kiribati,KIR,2014,0.43355358
Kiribati,KIR,2015,0.10015837
Kiribati,KIR,2016,0.09284424
Kiribati,KIR,2017,0.09228851
Kiribati,KIR,2018,0.07126241
Kiribati,KIR,2019,0.0847314
Kiribati,KIR,2020,0.14671013
Kiribati,KIR,2021,0.086464085
Kiribati,KIR,2022,0.0689819
Kiribati,KIR,2023,0.039990947
Kiribati,KIR,2024,0.03493956
Kuwait,KWT,2001,0.24898899
Kuwait,KWT,2002,0.5097152
Kuwait,KWT,2003,0.6161485
Kuwait,KWT,2004,0.92707616
Kuwait,KWT,2005,1.1176741
Kuwait,KWT,2006,1.2686422
Kuwait,KWT,2007,1.3955972
Kuwait,KWT,2008,1.508625
Kuwait,KWT,2009,1.6097392
Kuwait,KWT,2010,1.5628334
Kuwait,KWT,2011,1.5002487
Kuwait,KWT,2012,1.4084401
Kuwait,KWT,2013,1.3398918
Kuwait,KWT,2014,1.3094126
Kuwait,KWT,2015,1.4343632
Kuwait,KWT,2016,2.532236
Kuwait,KWT,2017,2.8334038
Kuwait,KWT,2018,2.4013813
Kuwait,KWT,2019,1.9043517
Kuwait,KWT,2020,1.6805813
Kuwait,KWT,2021,1.6158718
Kuwait,KWT,2022,1.3632824
Kuwait,KWT,2023,1.0136641
Kyrgyzstan,KGZ,2002,0.0007036398
Kyrgyzstan,KGZ,2003,0.0026941001
Kyrgyzstan,KGZ,2004,0.03665164
Kyrgyzstan,KGZ,2005,0.043687668
Kyrgyzstan,KGZ,2006,0.052286316
Kyrgyzstan,KGZ,2007,0.058625717
Kyrgyzstan,KGZ,2008,0.35623637
Kyrgyzstan,KGZ,2009,0.32150754
Kyrgyzstan,KGZ,2010,0.41977426
Kyrgyzstan,KGZ,2011,0.6978239
Kyrgyzstan,KGZ,2012,0.95872587
Kyrgyzstan,KGZ,2013,2.349374
Kyrgyzstan,KGZ,2014,2.8941467
Kyrgyzstan,KGZ,2015,3.5242445
Kyrgyzstan,KGZ,2016,3.9432676
Kyrgyzstan,KGZ,2017,4.148019
Kyrgyzstan,KGZ,2018,3.951791
Kyrgyzstan,KGZ,2019,4.1436644
Kyrgyzstan,KGZ,2020,4.3366437
Kyrgyzstan,KGZ,2021,4.432577
Kyrgyzstan,KGZ,2022,5.604843
Kyrgyzstan,KGZ,2023,6.446525
Kyrgyzstan,KGZ,2024,7.7969565
Laos,LAO,2003,0.00043875468
Laos,LAO,2004,0.0008648086
Laos,LAO,2005,0.005349668
Laos,LAO,2006,0.012426214
Laos,LAO,2007,0.018741013
Laos,LAO,2008,0.047097325
Laos,LAO,2009,0.06916449
Laos,LAO,2010,0.09290843
Laos,LAO,2011,0.101858065
Laos,LAO,2012,0.11624522
Laos,LAO,2013,0.13650694
Laos,LAO,2014,0.24046825
Laos,LAO,2015,0.21391883
Laos,LAO,2016,0.353549
Laos,LAO,2017,0.38780892
Laos,LAO,2018,0.6366262
Laos,LAO,2019,1.0539353
Laos,LAO,2020,1.6721084
Laos,LAO,2021,2.0226898
Laos,LAO,2022,2.3818605
Laos,LAO,2023,2.7202113
Latin America and Caribbean (WB),WB_LAC,2000,0.035419263
Latin America and Caribbean (WB),WB_LAC,2001,0.1433812
Latin America and Caribbean (WB),WB_LAC,2002,0.3202757
Latin America and Caribbean (WB),WB_LAC,2003,0.4963635
Latin America and Caribbean (WB),WB_LAC,2004,1.2101853
Latin America and Caribbean (WB),WB_LAC,2005,1.5866306
Latin America and Caribbean (WB),WB_LAC,2006,2.429763
Latin America and Caribbean (WB),WB_LAC,2007,3.6218877
Latin America and Caribbean (WB),WB_LAC,2008,4.9775815
Latin America and Caribbean (WB),WB_LAC,2009,5.9675193
Latin America and Caribbean (WB),WB_LAC,2010,6.7618628
Latin America and Caribbean (WB),WB_LAC,2011,8.1044855
Latin America and Caribbean (WB),WB_LAC,2012,8.596392
Latin America and Caribbean (WB),WB_LAC,2013,9.304196
Latin America and Caribbean (WB),WB_LAC,2014,10.01411
Latin America and Caribbean (WB),WB_LAC,2015,10.8
Latin America and Caribbean (WB),WB_LAC,2016,11.5
Latin America and Caribbean (WB),WB_LAC,2017,12.2
Latin America and Caribbean (WB),WB_LAC,2018,13
Latin America and Caribbean (WB),WB_LAC,2019,13.5
Latin America and Caribbean (WB),WB_LAC,2020,15.03
Latin America and Caribbean (WB),WB_LAC,2021,16.59
Latin America and Caribbean (WB),WB_LAC,2022,17.57
Latin America and Caribbean (WB),WB_LAC,2023,18.32
Latin America and Caribbean (WB),WB_LAC,2024,19.39
Latin America and Caribbean (WB),WB_LAC,2025,20.54
Latvia,LVA,2000,0.011991658
Latvia,LVA,2001,0.13834831
Latvia,LVA,2002,0.4326474
Latvia,LVA,2003,0.853348
Latvia,LVA,2004,2.1706371
Latvia,LVA,2005,2.713208
Latvia,LVA,2006,4.9424253
Latvia,LVA,2007,15.383619
Latvia,LVA,2008,18.923906
Latvia,LVA,2009,21.228052
Latvia,LVA,2010,20.729792
Latvia,LVA,2011,22.205587
Latvia,LVA,2012,23.401812
Latvia,LVA,2013,24.639719
Latvia,LVA,2014,25.324085
Latvia,LVA,2015,25.45687
Latvia,LVA,2016,26.4893
Latvia,LVA,2017,27.088625
Latvia,LVA,2018,27.28773
Latvia,LVA,2019,26.585897
Latvia,LVA,2020,25.804169
Latvia,LVA,2021,25.976154
Latvia,LVA,2022,25.98924
Latvia,LVA,2023,25.994848
Latvia,LVA,2024,25.754286
Lebanon,LBN,2002,0
Lebanon,LBN,2003,0
Lebanon,LBN,2004,0
Lebanon,LBN,2005,0
Lebanon,LBN,2006,0
Lebanon,LBN,2007,1.0321796
Lebanon,LBN,2008,2.0303109
Lebanon,LBN,2009,3.9460871
Lebanon,LBN,2010,6.567548
Lebanon,LBN,2011,7.894965
Lebanon,LBN,2012,9.094891
Lebanon,LBN,2013,8.357367
Lebanon,LBN,2014,17.837416
Lebanon,LBN,2019,7.248135
Lebanon,LBN,2020,7.5769877
Lebanon,LBN,2021,7.5561523
Lebanon,LBN,2022,7.291667
Lesotho,LSO,2004,0.0011161116
Lesotho,LSO,2005,0.0023040578
Lesotho,LSO,2007,0.0056315875
Lesotho,LSO,2008,0.007119099
Lesotho,LSO,2009,0.020193014
Lesotho,LSO,2010,0.02003756
Lesotho,LSO,2011,0.06648431
Lesotho,LSO,2012,0.08041865
Lesotho,LSO,2013,0.110624634
Lesotho,LSO,2014,0.07220845
Lesotho,LSO,2015,0.09797535
Lesotho,LSO,2016,0.1046741
Lesotho,LSO,2017,0.22349347
Lesotho,LSO,2018,0.2639216
Lesotho,LSO,2019,0.20901555
Lesotho,LSO,2020,0.22632459
Lesotho,LSO,2021,0.3536525
Lesotho,LSO,2022,0.39753118
Lesotho,LSO,2023,0.38373816
Lesotho,LSO,2024,0.37943497
Liberia,LBR,2008,0.0028788252
Liberia,LBR,2009,0.0038041829
Liberia,LBR,2010,0.0045825336
Liberia,LBR,2011,0.0014924743
Liberia,LBR,2012,0.011982502
Liberia,LBR,2013,0.11364046
Liberia,LBR,2014,0.13145518
Liberia,LBR,2015,0.15023294
Liberia,LBR,2016,0.16822244
Liberia,LBR,2017,0.18560815
Liberia,LBR,2019,0.21809295
Liberia,LBR,2020,0.2524535
Liberia,LBR,2021,0.2471801
Liberia,LBR,2022,0.27467322
Libya,LBY,2008,0.7416008
Libya,LBY,2009,0.9895258
Libya,LBY,2010,1.1203725
Libya,LBY,2011,1.1035434
Libya,LBY,2012,1.0891151
Libya,LBY,2013,1.0262302
Libya,LBY,2014,0.9770894
Libya,LBY,2015,0.9338899
Libya,LBY,2016,2.5469964
Libya,LBY,2017,4.718962
Libya,LBY,2019,4.5748596
Libya,LBY,2020,4.712295
Libya,LBY,2021,4.653004
Libya,LBY,2022,4.5184083
Liechtenstein,LIE,2002,4.258787
Liechtenstein,LIE,2003,4.403993
Liechtenstein,LIE,2004,13.786386
Liechtenstein,LIE,2005,24.839296
Liechtenstein,LIE,2006,28.591852
Liechtenstein,LIE,2007,40.311134
Liechtenstein,LIE,2008,43.872025
Liechtenstein,LIE,2009,44.749
Liechtenstein,LIE,2010,42.36229
Liechtenstein,LIE,2011,37.48277
Liechtenstein,LIE,2012,39.392284
Liechtenstein,LIE,2013,40.682743
Liechtenstein,LIE,2014,42.004143
Liechtenstein,LIE,2015,41.967915
Liechtenstein,LIE,2016,42.36342
Liechtenstein,LIE,2017,42.940556
Liechtenstein,LIE,2018,43.830154
Liechtenstein,LIE,2019,44.674816
Liechtenstein,LIE,2020,46.56022
Liechtenstein,LIE,2021,47.520744
Liechtenstein,LIE,2022,48.93049
Liechtenstein,LIE,2023,49.406536
Liechtenstein,LIE,2024,50.005016
Lithuania,LTU,2001,0.069881864
Lithuania,LTU,2002,0.58071166
Lithuania,LTU,2003,1.9556241
Lithuania,LTU,2004,3.8218093
Lithuania,LTU,2005,7.04583
Lithuania,LTU,2006,11.27635
Lithuania,LTU,2007,17.300257
Lithuania,LTU,2008,18.449476
Lithuania,LTU,2009,20.035666
Lithuania,LTU,2010,21.92971
Lithuania,LTU,2011,24.027237
Lithuania,LTU,2012,25.728794
Lithuania,LTU,2013,28.265661
Lithuania,LTU,2014,27.33778
Lithuania,LTU,2015,28.677416
Lithuania,LTU,2016,29.896414
Lithuania,LTU,2017,28.231907
Lithuania,LTU,2018,28.144485
Lithuania,LTU,2019,28.279163
Lithuania,LTU,2020,28.498854
Lithuania,LTU,2021,28.712702
Lithuania,LTU,2022,28.440044
Lithuania,LTU,2023,27.963816
Lithuania,LTU,2024,27.846008
Low-income countries,OWID_LIC,2015,0.3
Low-income countries,OWID_LIC,2016,0.4
Low-income countries,OWID_LIC,2017,0.4
Low-income countries,OWID_LIC,2018,0.4
Low-income countries,OWID_LIC,2019,0.4
Low-income countries,OWID_LIC,2020,0.48
Low-income countries,OWID_LIC,2021,0.46
Low-income countries,OWID_LIC,2022,0.48
Low-income countries,OWID_LIC,2023,0.5
Low-income countries,OWID_LIC,2024,0.53
Low-income countries,OWID_LIC,2025,0.57
Lower-middle-income countries,OWID_LMC,2015,1.7
Lower-middle-income countries,OWID_LMC,2016,2
Lower-middle-income countries,OWID_LMC,2017,2.2
Lower-middle-income countries,OWID_LMC,2018,2.4
Lower-middle-income countries,OWID_LMC,2019,2.6
Lower-middle-income countries,OWID_LMC,2020,2.97
Lower-middle-income countries,OWID_LMC,2021,3.47
Lower-middle-income countries,OWID_LMC,2022,3.87
Lower-middle-income countries,OWID_LMC,2023,4.23
Lower-middle-income countries,OWID_LMC,2024,4.61
Lower-middle-income countries,OWID_LMC,2025,5.05
Luxembourg,LUX,2001,0.2750412
Luxembourg,LUX,2002,1.3053637
Luxembourg,LUX,2003,3.3974566
Luxembourg,LUX,2004,7.964285
Luxembourg,LUX,2005,15.06351
Luxembourg,LUX,2006,20.92136
Luxembourg,LUX,2007,26.793262
Luxembourg,LUX,2008,29.284853
Luxembourg,LUX,2009,31.33763
Luxembourg,LUX,2010,33.181847
Luxembourg,LUX,2011,32.733944
Luxembourg,LUX,2012,31.96176
Luxembourg,LUX,2013,32.483425
Luxembourg,LUX,2014,33.580273
Luxembourg,LUX,2015,34.291073
Luxembourg,LUX,2016,34.80684
Luxembourg,LUX,2017,35.97683
Luxembourg,LUX,2018,36.88532
Luxembourg,LUX,2019,37.361145
Luxembourg,LUX,2020,37.296085
Luxembourg,LUX,2021,38.039963
Luxembourg,LUX,2022,38.326958
Luxembourg,LUX,2023,38.379307
Luxembourg,LUX,2024,40.317455
Macao,MAC,2000,0.8531725
Macao,MAC,2001,2.198933
Macao,MAC,2002,3.7178683
Macao,MAC,2003,5.9212923
Macao,MAC,2004,9.377437
Macao,MAC,2005,13.732033
Macao,MAC,2006,18.126299
Macao,MAC,2007,21.157053
Macao,MAC,2008,22.683746
Macao,MAC,2009,22.956488
Macao,MAC,2010,23.4683
Macao,MAC,2011,23.914717
Macao,MAC,2012,24.614347
Macao,MAC,2013,25.352448
Macao,MAC,2014,26.461895
Macao,MAC,2015,27.313522
Macao,MAC,2016,28.055437
Macao,MAC,2017,28.767899
Macao,MAC,2018,29.305586
Macao,MAC,2019,29.807415
Macao,MAC,2020,30.450893
Macao,MAC,2021,29.615843
Macao,MAC,2022,29.606619
Macao,MAC,2023,29.675926
Macao,MAC,2024,29.855387
Madagascar,MDG,2006,0.0068978067
Madagascar,MDG,2007,0.0115854535
Madagascar,MDG,2008,0.016669981
Madagascar,MDG,2009,0.02123702
Madagascar,MDG,2010,0.02430202
Madagascar,MDG,2011,0.030023267
Madagascar,MDG,2012,0.13245426
Madagascar,MDG,2013,0.15756582
Madagascar,MDG,2014,0.1002853
Madagascar,MDG,2015,0.0931855
Madagascar,MDG,2016,0.10109214
Madagascar,MDG,2017,0.09355551
Madagascar,MDG,2018,0.09896735
Madagascar,MDG,2019,0.106309265
Madagascar,MDG,2020,0.11052183
Madagascar,MDG,2021,0.104182795
Madagascar,MDG,2022,0.10748996
Madagascar,MDG,2023,0.124487385
Malawi,MWI,2003,0.0005664293
Malawi,MWI,2004,0.001103935
Malawi,MWI,2005,0.0031464098
Malawi,MWI,2007,0.006879614
Malawi,MWI,2008,0.007054741
Malawi,MWI,2009,0.0071826563
Malawi,MWI,2010,0.007317996
Malawi,MWI,2011,0.011333099
Malawi,MWI,2012,0.007880543
Malawi,MWI,2013,0.054307017
Malawi,MWI,2014,0.05150546
Malawi,MWI,2015,0.03426865
Malawi,MWI,2016,0.049505234
Malawi,MWI,2017,0.059956603
Malawi,MWI,2018,0.061301544
Malawi,MWI,2019,0.059698034
Malawi,MWI,2020,0.06273713
Malawi,MWI,2021,0.067081496
Malawi,MWI,2022,0.07240603
Malawi,MWI,2023,0.07955656
Malawi,MWI,2024,0.08638538
Malaysia,MYS,2001,0.017002076
Malaysia,MYS,2002,0.08008306
Malaysia,MYS,2003,0.44734108
Malaysia,MYS,2004,0.9997319
Malaysia,MYS,2005,1.8698664
Malaysia,MYS,2006,2.8427684
Malaysia,MYS,2007,3.834303
Malaysia,MYS,2008,4.8215346
Malaysia,MYS,2009,5.523955
Malaysia,MYS,2010,7.3206882
Malaysia,MYS,2011,8.595764
Malaysia,MYS,2012,9.847004
Malaysia,MYS,2013,9.739426
Malaysia,MYS,2014,9.971939
Malaysia,MYS,2015,9.80956
Malaysia,MYS,2016,8.55246
Malaysia,MYS,2017,8.307052
Malaysia,MYS,2018,8.191798
Malaysia,MYS,2019,8.864974
Malaysia,MYS,2020,9.911017
Malaysia,MYS,2021,10.892179
Malaysia,MYS,2022,12.175357
Malaysia,MYS,2023,13.0287
Malaysia,MYS,2024,13.546443
Maldives,MDV,2002,0.06515417
Maldives,MDV,2003,0.16965102
Maldives,MDV,2004,0.23787959
Maldives,MDV,2005,1.0638679
Maldives,MDV,2006,1.9990377
Maldives,MDV,2007,3.206679
Maldives,MDV,2008,4.5688195
Maldives,MDV,2009,4.4160504
Maldives,MDV,2010,4.310794
Maldives,MDV,2011,4.720157
Maldives,MDV,2012,4.668604
Maldives,MDV,2013,5.0868597
Maldives,MDV,2014,4.7971916
Maldives,MDV,2015,5.412772
Maldives,MDV,2016,6.6114306
Maldives,MDV,2017,7.9718604
Maldives,MDV,2018,10.017988
Maldives,MDV,2019,10.901296
Maldives,MDV,2020,12.683273
Maldives,MDV,2021,14.824645
Maldives,MDV,2022,17.399725
Maldives,MDV,2023,18.6293
Maldives,MDV,2024,19.648958
Mali,MLI,2006,0.022051247
Mali,MLI,2007,0.02213342
Mali,MLI,2008,0.035285972
Mali,MLI,2009,0.053409215
Mali,MLI,2010,0.050291
Mali,MLI,2011,0.05150267
Mali,MLI,2012,0.025476156
Mali,MLI,2013,0.016661307
Mali,MLI,2015,0.018818889
Mali,MLI,2016,0.1117382
Mali,MLI,2017,0.0777267
Mali,MLI,2018,0.5915949
Mali,MLI,2019,0.67647266
Mali,MLI,2020,1.122814
Mali,MLI,2021,0.648338
Mali,MLI,2022,0.77422005
Malta,MLT,2000,0.4141087
Malta,MLT,2001,2.273427
Malta,MLT,2002,4.359104
Malta,MLT,2003,5.569464
Malta,MLT,2004,9.163141
Malta,MLT,2005,12.438063
Malta,MLT,2006,12.744612
Malta,MLT,2007,20.130058
Malta,MLT,2008,23.440636
Malta,MLT,2009,27.009827
Malta,MLT,2010,29.785568
Malta,MLT,2011,30.303701
Malta,MLT,2012,31.822433
Malta,MLT,2013,33.3783
Malta,MLT,2014,34.88199
Malta,MLT,2015,36.676846
Malta,MLT,2016,37.61798
Malta,MLT,2017,38.751278
Malta,MLT,2018,39.589275
Malta,MLT,2019,40.179955
Malta,MLT,2020,41.10944
Malta,MLT,2021,42.18309
Malta,MLT,2022,43.444996
Malta,MLT,2023,44.282455
Malta,MLT,2024,44.506836
Marshall Islands,MHL,2013,2.5334938
Marshall Islands,MHL,2014,2.7552414
Marshall Islands,MHL,2015,2.0491803
Marshall Islands,MHL,2016,2.0960405
Marshall Islands,MHL,2017,2.1491973
Marshall Islands,MHL,2018,2.2082367
Marshall Islands,MHL,2019,2.2723658
Marshall Islands,MHL,2020,2.3415914
Marshall Islands,MHL,2021,2.2771776
Marshall Islands,MHL,2022,2.3504753
Mauritania,MRT,2005,0.0055800173
Mauritania,MRT,2006,0.032286324
Mauritania,MRT,2007,0.12932181
Mauritania,MRT,2008,0.18459012
Mauritania,MRT,2009,0.20627515
Mauritania,MRT,2010,0.17130817
Mauritania,MRT,2011,0.17471682
Mauritania,MRT,2012,0.18504938
Mauritania,MRT,2013,0.2016968
Mauritania,MRT,2014,0.20787244
Mauritania,MRT,2015,0.24301815
Mauritania,MRT,2016,0.27261892
Mauritania,MRT,2017,0.30012348
Mauritania,MRT,2018,0.30486307
Mauritania,MRT,2019,0.24207044
Mauritania,MRT,2020,0.4012277
Mauritania,MRT,2021,0.4059031
Mauritania,MRT,2022,0.4152278
Mauritania,MRT,2023,0.5904101
Mauritania,MRT,2024,0.94651306
Mauritius,MUS,2002,0.023094034
Mauritius,MUS,2003,0.09532251
Mauritius,MUS,2004,0.20515282
Mauritius,MUS,2005,0.42936173
Mauritius,MUS,2006,2.2072654
Mauritius,MUS,2007,2.7673495
Mauritius,MUS,2008,4.119689
Mauritius,MUS,2009,5.6979356
Mauritius,MUS,2010,7.32216
Mauritius,MUS,2011,9.192104
Mauritius,MUS,2012,10.921756
Mauritius,MUS,2013,12.579552
Mauritius,MUS,2014,14.086633
Mauritius,MUS,2015,15.275387
Mauritius,MUS,2016,16.457619
Mauritius,MUS,2017,19.06009
Mauritius,MUS,2018,21.313856
Mauritius,MUS,2019,23.88301
Mauritius,MUS,2020,25.18658
Mauritius,MUS,2021,25.702883
Mauritius,MUS,2022,26.19639
Mauritius,MUS,2023,26.908232
Mauritius,MUS,2024,27.97425
Mexico,MEX,2000,0.015209041
Mexico,MEX,2001,0.0499505
Mexico,MEX,2002,0.22795582
Mexico,MEX,2003,0.41598094
Mexico,MEX,2004,1.0127791
Mexico,MEX,2005,1.8167703
Mexico,MEX,2006,2.8157547
Mexico,MEX,2007,4.1410694
Mexico,MEX,2008,6.8246264
Mexico,MEX,2009,8.608207
Mexico,MEX,2010,9.313943
Mexico,MEX,2011,10.036201
Mexico,MEX,2012,11.194552
Mexico,MEX,2013,10.771918
Mexico,MEX,2014,10.8799925
Mexico,MEX,2015,12.189151
Mexico,MEX,2016,13.0255995
Mexico,MEX,2017,13.776721
Mexico,MEX,2018,14.737395
Mexico,MEX,2019,15.388515
Mexico,MEX,2020,17.752056
Mexico,MEX,2021,19.279673
Mexico,MEX,2022,20.607025
Mexico,MEX,2023,20.752918
Mexico,MEX,2024,21.736723
Micronesia (country),FSM,2003,0.005343545
Micronesia (country),FSM,2004,0.023229841
Micronesia (country),FSM,2005,0.041288193
Micronesia (country),FSM,2006,0.08579505
Micronesia (country),FSM,2007,0.10556971
Micronesia (country),FSM,2010,0.9280268
Micronesia (country),FSM,2013,1.9080474
Micronesia (country),FSM,2014,2.8525038
Micronesia (country),FSM,2015,3.0142758
Micronesia (country),FSM,2016,2.9053404
Micronesia (country),FSM,2017,3.4490004
Micronesia (country),FSM,2019,4.5338316
Micronesia (country),FSM,2020,5.409499
Micronesia (country),FSM,2021,5.3751884
Micronesia (country),FSM,2022,5.818185
"Middle East, North Africa, Afghanistan and Pakistan (WB)",WB_MENAP,2002,0.16860549
"Middle East, North Africa, Afghanistan and Pakistan (WB)",WB_MENAP,2003,0.32272628
"Middle East, North Africa, Afghanistan and Pakistan (WB)",WB_MENAP,2005,0.85720795
"Middle East, North Africa, Afghanistan and Pakistan (WB)",WB_MENAP,2006,0.8736956
"Middle East, North Africa, Afghanistan and Pakistan (WB)",WB_MENAP,2007,1.2533523
"Middle East, North Africa, Afghanistan and Pakistan (WB)",WB_MENAP,2008,1.664676
"Middle East, North Africa, Afghanistan and Pakistan (WB)",WB_MENAP,2009,2.0951247
"Middle East, North Africa, Afghanistan and Pakistan (WB)",WB_MENAP,2010,2.5331593
"Middle East, North Africa, Afghanistan and Pakistan (WB)",WB_MENAP,2011,3.392851
"Middle East, North Africa, Afghanistan and Pakistan (WB)",WB_MENAP,2012,4.2433786
"Middle East, North Africa, Afghanistan and Pakistan (WB)",WB_MENAP,2013,4.525288
"Middle East, North Africa, Afghanistan and Pakistan (WB)",WB_MENAP,2014,5.2746
"Middle East, North Africa, Afghanistan and Pakistan (WB)",WB_MENAP,2015,6.1
"Middle East, North Africa, Afghanistan and Pakistan (WB)",WB_MENAP,2016,6.6
"Middle East, North Africa, Afghanistan and Pakistan (WB)",WB_MENAP,2017,8.5
"Middle East, North Africa, Afghanistan and Pakistan (WB)",WB_MENAP,2018,9.2
"Middle East, North Africa, Afghanistan and Pakistan (WB)",WB_MENAP,2019,9.3
"Middle East, North Africa, Afghanistan and Pakistan (WB)",WB_MENAP,2020,7.09
"Middle East, North Africa, Afghanistan and Pakistan (WB)",WB_MENAP,2021,7.92
"Middle East, North Africa, Afghanistan and Pakistan (WB)",WB_MENAP,2022,8.53
"Middle East, North Africa, Afghanistan and Pakistan (WB)",WB_MENAP,2023,8.94
"Middle East, North Africa, Afghanistan and Pakistan (WB)",WB_MENAP,2024,9.29
"Middle East, North Africa, Afghanistan and Pakistan (WB)",WB_MENAP,2025,9.69
Moldova,MDA,2001,0.0057043703
Moldova,MDA,2002,0.0100894775
Moldova,MDA,2003,0.014577263
Moldova,MDA,2004,0.06002468
Moldova,MDA,2005,0.26061326
Moldova,MDA,2006,0.5557318
Moldova,MDA,2007,1.3710873
Moldova,MDA,2008,3.0487335
Moldova,MDA,2009,5.0635285
Moldova,MDA,2010,7.454752
Moldova,MDA,2011,10.016794
Moldova,MDA,2012,12.01734
Moldova,MDA,2013,13.769524
Moldova,MDA,2014,15.233005
Moldova,MDA,2015,16.256962
Moldova,MDA,2016,17.215517
Moldova,MDA,2017,18.297497
Moldova,MDA,2018,19.758398
Moldova,MDA,2019,21.542704
Moldova,MDA,2020,23.426859
Moldova,MDA,2021,25.211275
Moldova,MDA,2022,26.317795
Moldova,MDA,2023,27.308636
Moldova,MDA,2024,29.63244
Monaco,MCO,2000,2.4649515
Monaco,MCO,2001,8.19182
Monaco,MCO,2002,15.125532
Monaco,MCO,2003,20.185951
Monaco,MCO,2004,23.542885
Monaco,MCO,2005,29.493946
Monaco,MCO,2006,34.313877
Monaco,MCO,2007,38.634293
Monaco,MCO,2008,40.834274
Monaco,MCO,2009,41.40403
Monaco,MCO,2010,41.61264
Monaco,MCO,2011,46.898014
Monaco,MCO,2012,46.838177
Monaco,MCO,2013,47.665527
Monaco,MCO,2014,49.269264
Monaco,MCO,2015,49.933346
Monaco,MCO,2016,49.935616
Monaco,MCO,2017,51.112053
Monaco,MCO,2018,51.59092
Monaco,MCO,2019,53.73009
Monaco,MCO,2020,54.86728
Monaco,MCO,2021,54.91733
Monaco,MCO,2022,55.22848
Monaco,MCO,2023,55.88356
Monaco,MCO,2024,55.67808
Mongolia,MNG,2001,0.0019776407
Mongolia,MNG,2002,0.003599892
Mongolia,MNG,2003,0.019827068
Mongolia,MNG,2004,0.03539415
Mongolia,MNG,2005,0.07021757
Mongolia,MNG,2006,0.1354093
Mongolia,MNG,2007,0.2835544
Mongolia,MNG,2008,1.233818
Mongolia,MNG,2009,1.5036435
Mongolia,MNG,2010,2.8409183
Mongolia,MNG,2011,3.4260776
Mongolia,MNG,2012,3.9408555
Mongolia,MNG,2013,4.899538
Mongolia,MNG,2014,6.771176
Mongolia,MNG,2015,6.989591
Mongolia,MNG,2016,7.4370594
Mongolia,MNG,2017,9.18362
Mongolia,MNG,2018,9.6665535
Mongolia,MNG,2019,9.836383
Mongolia,MNG,2020,9.347557
Mongolia,MNG,2021,11.392999
Mongolia,MNG,2022,12.900829
Mongolia,MNG,2023,14.552911
Mongolia,MNG,2024,15.783734
Montenegro,MNE,2005,1.2088952
Montenegro,MNE,2007,2.8185337
Montenegro,MNE,2008,6.281001
Montenegro,MNE,2009,9.380999
Montenegro,MNE,2010,10.230379
Montenegro,MNE,2011,10.2281065
Montenegro,MNE,2012,13.853584
Montenegro,MNE,2013,15.116977
Montenegro,MNE,2014,16.450287
Montenegro,MNE,2015,17.893002
Montenegro,MNE,2016,18.397787
Montenegro,MNE,2017,22.16141
Montenegro,MNE,2018,25.824991
Montenegro,MNE,2019,29.228485
Montenegro,MNE,2020,30.295343
Montenegro,MNE,2021,31.18087
Montenegro,MNE,2022,31.892237
Montenegro,MNE,2023,32.015526
Montenegro,MNE,2024,32.30537
Morocco,MAR,2002,0.006849751
Morocco,MAR,2003,0.009171018
Morocco,MAR,2004,0.21587141
Morocco,MAR,2005,0.8206628
Morocco,MAR,2006,1.2734547
Morocco,MAR,2007,1.5306638
Morocco,MAR,2008,1.560514
Morocco,MAR,2009,1.497007
Morocco,MAR,2010,1.5538816
Morocco,MAR,2011,1.8084478
Morocco,MAR,2012,2.0672643
Morocco,MAR,2013,2.4977825
Morocco,MAR,2014,2.9044216
Morocco,MAR,2015,3.3158422
Morocco,MAR,2016,3.584535
Morocco,MAR,2017,3.8900065
Morocco,MAR,2018,4.3320575
Morocco,MAR,2019,4.8365026
Morocco,MAR,2020,5.7468348
Morocco,MAR,2021,6.1461787
Morocco,MAR,2022,6.471502
Morocco,MAR,2023,7.0218434
Morocco,MAR,2024,7.302821
Mozambique,MOZ,2006,0.010588304
Mozambique,MOZ,2007,0.029909382
Mozambique,MOZ,2008,0.05103342
Mozambique,MOZ,2009,0.061397627
Mozambique,MOZ,2010,0.07531989
Mozambique,MOZ,2011,0.11997951
Mozambique,MOZ,2012,0.12095565
Mozambique,MOZ,2013,0.11517024
Mozambique,MOZ,2014,0.14341678
Mozambique,MOZ,2015,0.16035365
Mozambique,MOZ,2016,0.17046063
Mozambique,MOZ,2017,0.21884592
Mozambique,MOZ,2018,0.24171357
Mozambique,MOZ,2019,0.23415242
Mozambique,MOZ,2020,0.22739315
Mozambique,MOZ,2021,0.206558
Mozambique,MOZ,2022,0.19778453
Mozambique,MOZ,2023,0.14900182
Mozambique,MOZ,2024,0.14199969
Myanmar,MMR,2005,0.0005122436
Myanmar,MMR,2006,0.008289189
Myanmar,MMR,2007,0.013435832
Myanmar,MMR,2008,0.020654755
Myanmar,MMR,2009,0.047759518
Myanmar,MMR,2010,0.04681344
Myanmar,MMR,2011,0.044310156
Myanmar,MMR,2015,0.064438455
Myanmar,MMR,2016,0.17416213
Myanmar,MMR,2017,0.21498628
Myanmar,MMR,2018,0.24688053
Myanmar,MMR,2019,0.9229605
Myanmar,MMR,2020,1.299246
Myanmar,MMR,2021,1.6727617
Myanmar,MMR,2022,2.0969465
Myanmar,MMR,2023,2.7982981
Myanmar,MMR,2024,2.8696575
Namibia,NAM,2005,0.0068138526
Namibia,NAM,2006,0.009940318
Namibia,NAM,2007,0.012682057
Namibia,NAM,2008,0.015632205
Namibia,NAM,2009,0.02296146
Namibia,NAM,2010,0.44719645
Namibia,NAM,2011,0.8204722
Namibia,NAM,2012,1.0959814
Namibia,NAM,2013,1.5866759
Namibia,NAM,2014,1.7824188
Namibia,NAM,2015,2.9654214
Namibia,NAM,2016,2.637859
Namibia,NAM,2017,2.6239672
Namibia,NAM,2018,2.4386506
Namibia,NAM,2019,2.6017792
Namibia,NAM,2020,2.8869503
Namibia,NAM,2021,3.1781347
Namibia,NAM,2022,3.2919075
Namibia,NAM,2023,3.5200694
Namibia,NAM,2024,2.83463
Nauru,NRU,2010,9.459325
Nauru,NRU,2022,9.956783
Nepal,NPL,2006,0.0036250127
Nepal,NPL,2007,0.040901892
Nepal,NPL,2008,0.04446085
Nepal,NPL,2009,0.06284907
Nepal,NPL,2010,0.22009036
Nepal,NPL,2011,0.34464863
Nepal,NPL,2012,0.83754754
Nepal,NPL,2013,1.1288766
Nepal,NPL,2014,0.90560365
Nepal,NPL,2015,1.0879422
Nepal,NPL,2016,0.80193275
Nepal,NPL,2017,1.796442
Nepal,NPL,2018,2.8204052
Nepal,NPL,2019,3.6284847
Nepal,NPL,2020,4.3843637
Nepal,NPL,2021,4.308735
Nepal,NPL,2022,8.518098
Nepal,NPL,2023,10.675135
Nepal,NPL,2024,10.065616
Netherlands,NLD,1998,0.48020065
Netherlands,NLD,2000,1.6190541
Netherlands,NLD,2001,2.8808534
Netherlands,NLD,2002,7.1891108
Netherlands,NLD,2003,12.146458
Netherlands,NLD,2004,19.518353
Netherlands,NLD,2005,24.900232
Netherlands,NLD,2006,31.479609
Netherlands,NLD,2007,33.31245
Netherlands,NLD,2008,34.97566
Netherlands,NLD,2009,36.735466
Netherlands,NLD,2010,37.737232
Netherlands,NLD,2011,38.56142
Netherlands,NLD,2012,39.337414
Netherlands,NLD,2013,40.0305
Netherlands,NLD,2014,40.228798
Netherlands,NLD,2015,41.08797
Netherlands,NLD,2016,41.981396
Netherlands,NLD,2017,42.0989
Netherlands,NLD,2018,42.515247
Netherlands,NLD,2019,42.529266
Netherlands,NLD,2020,42.66673
Netherlands,NLD,2021,42.946056
Netherlands,NLD,2022,43.56432
Netherlands,NLD,2023,43.264446
Netherlands,NLD,2024,42.97825
New Caledonia,NCL,2001,0.05796923
New Caledonia,NCL,2002,0.30141753
New Caledonia,NCL,2003,0.704755
New Caledonia,NCL,2004,2.136582
New Caledonia,NCL,2005,3.9282923
New Caledonia,NCL,2006,6.3022375
New Caledonia,NCL,2007,8.102503
New Caledonia,NCL,2008,10.028563
New Caledonia,NCL,2009,12.875024
New Caledonia,NCL,2010,14.601922
New Caledonia,NCL,2011,16.045067
New Caledonia,NCL,2012,17.634087
New Caledonia,NCL,2013,19.362623
New Caledonia,NCL,2014,20.730804
New Caledonia,NCL,2015,19.554117
New Caledonia,NCL,2019,19.393103
New Caledonia,NCL,2020,19.354202
New Caledonia,NCL,2021,19.283766
New Caledonia,NCL,2022,19.372883
New Zealand,NZL,2000,0.120749466
New Zealand,NZL,2001,0.4436808
New Zealand,NZL,2002,1.1009539
New Zealand,NZL,2003,2.0633492
New Zealand,NZL,2004,4.6939087
New Zealand,NZL,2005,7.7629857
New Zealand,NZL,2006,11.243586
New Zealand,NZL,2007,20.198112
New Zealand,NZL,2008,21.468765
New Zealand,NZL,2009,23.75146
New Zealand,NZL,2010,25.116323
New Zealand,NZL,2011,26.878408
New Zealand,NZL,2012,28.83258
New Zealand,NZL,2013,29.547464
New Zealand,NZL,2014,31.174116
New Zealand,NZL,2015,31.445402
New Zealand,NZL,2016,32.46182
New Zealand,NZL,2017,32.891785
New Zealand,NZL,2018,33.619392
New Zealand,NZL,2019,34.02279
New Zealand,NZL,2020,34.81303
New Zealand,NZL,2021,35.26282
New Zealand,NZL,2022,36.304493
New Zealand,NZL,2023,37.853085
New Zealand,NZL,2024,38.048298
Nicaragua,NIC,2000,0.013936914
Nicaragua,NIC,2001,0.03152624
Nicaragua,NIC,2002,0.045029923
Nicaragua,NIC,2003,0.08449494
Nicaragua,NIC,2004,0.09484323
Nicaragua,NIC,2005,0.19718818
Nicaragua,NIC,2006,0.35140264
Nicaragua,NIC,2007,0.5011603
Nicaragua,NIC,2008,0.7748817
Nicaragua,NIC,2009,1.390906
Nicaragua,NIC,2010,1.277205
Nicaragua,NIC,2011,1.4623003
Nicaragua,NIC,2012,1.716778
Nicaragua,NIC,2013,2.2007086
Nicaragua,NIC,2014,1.836465
Nicaragua,NIC,2015,1.8913662
Nicaragua,NIC,2016,2.8402612
Nicaragua,NIC,2017,3.3267307
Nicaragua,NIC,2018,3.0064156
Nicaragua,NIC,2019,3.3564084
Nicaragua,NIC,2020,4.4225316
Nicaragua,NIC,2021,4.5137954
Nicaragua,NIC,2022,5.0078197
Nicaragua,NIC,2023,5.430305
Nicaragua,NIC,2024,5.7762423
Niger,NER,2004,0.00058043835
Niger,NER,2005,0.0015411242
Niger,NER,2006,0.0024319168
Niger,NER,2007,0.0032559626
Niger,NER,2008,0.0040164264
Niger,NER,2009,0.00627208
Niger,NER,2010,0.009064082
Niger,NER,2011,0.012307669
Niger,NER,2012,0.020569868
Niger,NER,2013,0.034557424
Niger,NER,2014,0.15588126
Niger,NER,2015,0.13635248
Niger,NER,2016,0.037257526
Niger,NER,2017,0.04035372
Niger,NER,2019,0.047934968
Niger,NER,2020,0.05059531
Niger,NER,2023,0.10761905
Niger,NER,2024,0.11127383
Nigeria,NGA,2005,0.00034478656
Nigeria,NGA,2007,0.034967676
Nigeria,NGA,2008,0.043006435
Nigeria,NGA,2009,0.050575916
Nigeria,NGA,2010,0.059473287
Nigeria,NGA,2012,0.008103831
Nigeria,NGA,2013,0.008309885
Nigeria,NGA,2014,0.008467059
Nigeria,NGA,2015,0.008227747
Nigeria,NGA,2016,0.055223577
Nigeria,NGA,2017,0.05534655
Nigeria,NGA,2018,0.03609127
Nigeria,NGA,2019,0.039792705
Nigeria,NGA,2020,0.030520638
Nigeria,NGA,2021,0.03016392
Nigeria,NGA,2022,0.043381408
Nigeria,NGA,2023,0.051283784
Nigeria,NGA,2024,0.07873793
North America (WB),WB_NA,1998,0.27645612
North America (WB),WB_NA,1999,1.0776767
North America (WB),WB_NA,2000,2.7088141
North America (WB),WB_NA,2001,4.938431
North America (WB),WB_NA,2002,7.3189087
North America (WB),WB_NA,2003,9.995171
North America (WB),WB_NA,2004,13.124832
North America (WB),WB_NA,2005,17.677006
North America (WB),WB_NA,2006,20.552353
North America (WB),WB_NA,2007,24.073751
North America (WB),WB_NA,2008,25.667326
North America (WB),WB_NA,2009,26.396873
North America (WB),WB_NA,2010,27.629353
North America (WB),WB_NA,2011,28.604118
North America (WB),WB_NA,2012,29.658726
North America (WB),WB_NA,2013,30.512226
North America (WB),WB_NA,2014,30.884514
North America (WB),WB_NA,2015,31.9
North America (WB),WB_NA,2016,32.6
North America (WB),WB_NA,2017,33.1
North America (WB),WB_NA,2018,33.6
North America (WB),WB_NA,2019,34.5
North America (WB),WB_NA,2020,36.23
North America (WB),WB_NA,2021,37.48
North America (WB),WB_NA,2022,37.97
North America (WB),WB_NA,2023,38.55
North America (WB),WB_NA,2024,39.24
North America (WB),WB_NA,2025,39.96
North Macedonia,MKD,2005,0.5950789
North Macedonia,MKD,2006,1.7463347
North Macedonia,MKD,2007,4.8274903
North Macedonia,MKD,2008,8.741019
North Macedonia,MKD,2009,11.296861
North Macedonia,MKD,2010,12.612253
North Macedonia,MKD,2011,13.799189
North Macedonia,MKD,2012,15.403428
North Macedonia,MKD,2013,16.812664
North Macedonia,MKD,2014,17.723904
North Macedonia,MKD,2015,18.4017
North Macedonia,MKD,2016,19.453371
North Macedonia,MKD,2017,20.418325
North Macedonia,MKD,2018,22.29295
North Macedonia,MKD,2019,23.94025
North Macedonia,MKD,2020,25.404123
North Macedonia,MKD,2021,26.94489
North Macedonia,MKD,2022,28.003574
North Macedonia,MKD,2023,29.177172
North Macedonia,MKD,2024,29.892172
Norway,NOR,2000,0.51876396
Norway,NOR,2001,1.9616245
Norway,NOR,2002,4.52416
Norway,NOR,2003,8.735748
Norway,NOR,2004,14.627691
Norway,NOR,2005,21.443272
Norway,NOR,2006,26.70395
Norway,NOR,2007,30.946314
Norway,NOR,2008,33.08298
Norway,NOR,2009,34.548794
Norway,NOR,2010,35.248474
Norway,NOR,2011,36.052647
Norway,NOR,2012,37.017826
Norway,NOR,2013,37.61168
Norway,NOR,2014,38.48505
Norway,NOR,2015,39.509644
Norway,NOR,2016,40.240295
Norway,NOR,2017,41.032825
Norway,NOR,2018,41.527935
Norway,NOR,2019,42.272236
Norway,NOR,2020,44.386307
Norway,NOR,2021,44.93922
Norway,NOR,2022,45.664467
Norway,NOR,2023,45.43771
Norway,NOR,2024,45.163307
Oman,OMN,2002,0.0041544284
Oman,OMN,2003,0.0056995195
Oman,OMN,2004,0.027315287
Oman,OMN,2005,0.5272273
Oman,OMN,2006,0.7774848
Oman,OMN,2007,0.7593451
Oman,OMN,2008,1.1794779
Oman,OMN,2009,1.4300536
Oman,OMN,2010,1.925276
Oman,OMN,2011,2.4058566
Oman,OMN,2012,3.2396529
Oman,OMN,2013,4.098219
Oman,OMN,2014,4.396612
Oman,OMN,2015,5.465549
Oman,OMN,2016,6.3548355
Oman,OMN,2017,7.4781694
Oman,OMN,2018,9.171272
Oman,OMN,2019,10.244207
Oman,OMN,2020,11.38296
Oman,OMN,2021,11.585296
Oman,OMN,2022,10.883327
Oman,OMN,2023,10.879333
Oman,OMN,2024,11.064769
Pakistan,PAK,2005,0.008321307
Pakistan,PAK,2006,0.014809997
Pakistan,PAK,2007,0.02447407
Pakistan,PAK,2008,0.08869804
Pakistan,PAK,2009,0.20147957
Pakistan,PAK,2010,0.39625114
Pakistan,PAK,2011,0.5724287
Pakistan,PAK,2012,0.730404
Pakistan,PAK,2013,0.7713433
Pakistan,PAK,2014,0.937478
Pakistan,PAK,2015,0.8252528
Pakistan,PAK,2016,1.1303474
Pakistan,PAK,2017,1.0381869
Pakistan,PAK,2018,0.9528707
Pakistan,PAK,2019,0.8815143
Pakistan,PAK,2020,1.0395404
Pakistan,PAK,2021,1.2314407
Pakistan,PAK,2022,1.2837191
Pakistan,PAK,2023,1.3562243
Pakistan,PAK,2024,1.4655937
Palau,PLW,2004,0.37336025
Palau,PLW,2005,0.5045663
Palau,PLW,2006,0.49507478
Palau,PLW,2007,0.52326185
Palau,PLW,2008,0.58393395
Palau,PLW,2009,0.75899297
Palau,PLW,2010,1.2991955
Palau,PLW,2011,2.8653612
Palau,PLW,2012,5.054883
Palau,PLW,2013,10.227788
Palau,PLW,2014,6.2658763
Palau,PLW,2015,6.8880134
Palau,PLW,2022,6.993637
Palau,PLW,2023,7.333446
Palestine,PSE,2004,0.00051795924
Palestine,PSE,2005,0.209788
Palestine,PSE,2006,0.7454399
Palestine,PSE,2007,1.4892321
Palestine,PSE,2011,3.7892976
Palestine,PSE,2012,4.4214983
Palestine,PSE,2013,4.9374766
Palestine,PSE,2014,5.324916
Palestine,PSE,2015,6.0709066
Palestine,PSE,2016,6.9221253
Palestine,PSE,2017,7.5878453
Palestine,PSE,2018,7.5060115
Palestine,PSE,2019,7.3597836
Palestine,PSE,2020,7.4345937
Palestine,PSE,2021,8.012827
Palestine,PSE,2022,7.936731
Palestine,PSE,2023,8.370569
Palestine,PSE,2024,8.16158
Panama,PAN,2001,0.25316522
Panama,PAN,2002,0.39097652
Panama,PAN,2003,0.47147053
Panama,PAN,2004,0.5150785
Panama,PAN,2005,0.53024036
Panama,PAN,2006,3.3403614
Panama,PAN,2007,4.371882
Panama,PAN,2008,5.604391
Panama,PAN,2009,6.575644
Panama,PAN,2010,7.118355
Panama,PAN,2011,7.657848
Panama,PAN,2012,7.8403544
Panama,PAN,2013,8.032407
Panama,PAN,2014,7.96652
Panama,PAN,2015,7.9839697
Panama,PAN,2016,10.670683
Panama,PAN,2017,10.763468
Panama,PAN,2018,12.961568
Panama,PAN,2019,12.648618
Panama,PAN,2020,13.8346815
Panama,PAN,2021,14.838111
Panama,PAN,2022,16.386145
Panama,PAN,2023,18.134127
Papua New Guinea,PNG,2008,0.041584283
Papua New Guinea,PNG,2009,0.06012337
Papua New Guinea,PNG,2010,0.07991068
Papua New Guinea,PNG,2011,0.09542779
Papua New Guinea,PNG,2012,0.1138418
Papua New Guinea,PNG,2013,0.13610034
Papua New Guinea,PNG,2014,0.15486704
Papua New Guinea,PNG,2015,0.171561
Papua New Guinea,PNG,2016,0.18969578
Papua New Guinea,PNG,2017,0.1961059
Papua New Guinea,PNG,2019,0.20813799
Papua New Guinea,PNG,2020,0.21394196
Papua New Guinea,PNG,2021,0.20972954
Papua New Guinea,PNG,2022,0.2146392
Papua New Guinea,PNG,2023,0.22811195
Papua New Guinea,PNG,2024,0.23259108
Paraguay,PRY,2000,0.002940676
Paraguay,PRY,2001,0.005782922
Paraguay,PRY,2002,0.009503304
Paraguay,PRY,2003,0.00938714
Paraguay,PRY,2004,0.056605436
Paraguay,PRY,2005,0.10278819
Paraguay,PRY,2006,0.108988896
Paraguay,PRY,2007,0.15469334
Paraguay,PRY,2008,0.22801873
Paraguay,PRY,2009,1.365399
Paraguay,PRY,2010,1.5596628
Paraguay,PRY,2011,2.0654984
Paraguay,PRY,2012,2.308832
Paraguay,PRY,2013,2.6172576
Paraguay,PRY,2014,3.0499303
Paraguay,PRY,2015,3.49296
Paraguay,PRY,2016,3.9471118
Paraguay,PRY,2017,4.579264
Paraguay,PRY,2018,4.9895897
Paraguay,PRY,2019,6.326667
Paraguay,PRY,2020,8.515918
Paraguay,PRY,2021,10.811869
Paraguay,PRY,2022,11.1528
Paraguay,PRY,2023,12.883551
Peru,PER,1999,0.00028569
Peru,PER,2000,0.004052886
Peru,PER,2002,0.13705915
Peru,PER,2003,0.34048706
Peru,PER,2004,0.81720686
Peru,PER,2005,1.2548299
Peru,PER,2006,1.7119426
Peru,PER,2007,1.998612
Peru,PER,2008,2.526418
Peru,PER,2009,2.8642018
Peru,PER,2010,3.206018
Peru,PER,2011,4.135147
Peru,PER,2012,4.8824573
Peru,PER,2013,5.4088683
Peru,PER,2014,5.867536
Peru,PER,2015,6.564729
Peru,PER,2016,6.8707576
Peru,PER,2017,7.37508
Peru,PER,2018,8.095108
Peru,PER,2019,7.387786
Peru,PER,2020,8.411865
Peru,PER,2021,9.057714
Peru,PER,2022,9.450236
Peru,PER,2023,10.436427
Peru,PER,2024,11.678867
Philippines,PHL,2001,0.012284787
Philippines,PHL,2002,0.025280222
Philippines,PHL,2003,0.064910665
Philippines,PHL,2004,0.10301581
Philippines,PHL,2005,0.13974738
Philippines,PHL,2006,0.29609317
Philippines,PHL,2007,0.5447708
Philippines,PHL,2008,1.1280757
Philippines,PHL,2009,1.8248881
Philippines,PHL,2011,1.8229265
Philippines,PHL,2012,2.142839
Philippines,PHL,2013,2.5204666
Philippines,PHL,2014,2.7947192
Philippines,PHL,2015,2.7536964
Philippines,PHL,2016,2.7970505
Philippines,PHL,2017,3.1440072
Philippines,PHL,2018,3.4609044
Philippines,PHL,2019,5.697307
Philippines,PHL,2020,7.081089
Philippines,PHL,2021,8.508977
Philippines,PHL,2022,7.6394653
Philippines,PHL,2023,6.5393085
Philippines,PHL,2024,7.138933
Poland,POL,2001,0.031374715
Poland,POL,2002,0.31829947
Poland,POL,2003,0.5123925
Poland,POL,2004,2.2947884
Poland,POL,2005,2.479146
Poland,POL,2006,7.6466055
Poland,POL,2007,10.978319
Poland,POL,2008,11.745177
Poland,POL,2009,14.725481
Poland,POL,2010,15.378511
Poland,POL,2011,18.24752
Poland,POL,2012,18.008
Poland,POL,2013,18.377394
Poland,POL,2014,18.904568
Poland,POL,2015,18.986794
Poland,POL,2016,19.151314
Poland,POL,2017,19.953173
Poland,POL,2018,20.531385
Poland,POL,2019,20.50432
Poland,POL,2020,21.925587
Poland,POL,2021,22.816565
Poland,POL,2022,23.837345
Poland,POL,2023,24.526154
Poland,POL,2024,25.361252
Portugal,PRT,1999,0.00290227
Portugal,PRT,2000,0.24461247
Portugal,PRT,2001,0.95917404
Portugal,PRT,2002,2.502544
Portugal,PRT,2003,4.802164
Portugal,PRT,2004,7.998669
Portugal,PRT,2005,11.096265
Portugal,PRT,2006,13.527848
Portugal,PRT,2007,14.478765
Portugal,PRT,2008,15.481015
Portugal,PRT,2009,18.076576
Portugal,PRT,2010,20.103577
Portugal,PRT,2011,21.246803
Portugal,PRT,2012,22.740833
Portugal,PRT,2013,24.51026
Portugal,PRT,2014,27.462246
Portugal,PRT,2015,30.299973
Portugal,PRT,2016,32.6259
Portugal,PRT,2017,34.60161
Portugal,PRT,2018,36.65428
Portugal,PRT,2019,38.360577
Portugal,PRT,2020,40.12154
Portugal,PRT,2021,41.514572
Portugal,PRT,2022,42.937004
Portugal,PRT,2023,44.110744
Portugal,PRT,2024,45.243923
Puerto Rico,PRI,2001,0.06365045
Puerto Rico,PRI,2002,0.59652877
Puerto Rico,PRI,2003,1.4276507
Puerto Rico,PRI,2004,2.2719345
Puerto Rico,PRI,2005,3.1218333
Puerto Rico,PRI,2006,3.9784017
Puerto Rico,PRI,2007,4.8417153
Puerto Rico,PRI,2008,11.370911
Puerto Rico,PRI,2009,12.859199
Puerto Rico,PRI,2010,14.8464155
Puerto Rico,PRI,2011,15.154586
Puerto Rico,PRI,2012,15.720204
Puerto Rico,PRI,2013,16.678917
Puerto Rico,PRI,2014,17.118406
Puerto Rico,PRI,2015,20.001385
Puerto Rico,PRI,2016,19.759764
Puerto Rico,PRI,2017,19.575968
Puerto Rico,PRI,2018,18.511076
Puerto Rico,PRI,2019,18.55042
Puerto Rico,PRI,2020,20.438274
Puerto Rico,PRI,2021,23.644093
Puerto Rico,PRI,2022,22.282448
Puerto Rico,PRI,2023,23.159552
Puerto Rico,PRI,2024,27.98914
Qatar,QAT,2002,0.03205827
Qatar,QAT,2003,0.40164796
Qatar,QAT,2004,1.4114249
Qatar,QAT,2005,3.1025867
Qatar,QAT,2006,4.8079267
Qatar,QAT,2007,7.2541256
Qatar,QAT,2008,7.440898
Qatar,QAT,2009,9.127077
Qatar,QAT,2010,8.529401
Qatar,QAT,2011,9.089208
Qatar,QAT,2012,9.707166
Qatar,QAT,2013,10.601331
Qatar,QAT,2014,10.16385
Qatar,QAT,2015,9.795697
Qatar,QAT,2016,9.760742
Qatar,QAT,2017,9.478669
Qatar,QAT,2018,9.702724
Qatar,QAT,2019,10.174662
Qatar,QAT,2020,10.563196
Qatar,QAT,2021,11.079574
Qatar,QAT,2022,12.641441
Qatar,QAT,2023,11.641103
Qatar,QAT,2024,11.81752
Romania,ROU,2001,0.027372366
Romania,ROU,2002,0.07257688
Romania,ROU,2003,0.90817356
Romania,ROU,2004,0.4871464
Romania,ROU,2005,1.7776039
Romania,ROU,2006,5.1816597
Romania,ROU,2007,9.353776
Romania,ROU,2008,12.150352
Romania,ROU,2009,13.668708
Romania,ROU,2010,14.685374
Romania,ROU,2011,16.187498
Romania,ROU,2012,17.56752
Romania,ROU,2013,18.891914
Romania,ROU,2014,20.113953
Romania,ROU,2015,21.448986
Romania,ROU,2016,22.498299
Romania,ROU,2017,24.148941
Romania,ROU,2018,25.970217
Romania,ROU,2019,27.060558
Romania,ROU,2020,29.314081
Romania,ROU,2021,31.69496
Romania,ROU,2022,33.21156
Romania,ROU,2023,34.67062
Romania,ROU,2024,35.799587
Russia,RUS,2002,0.00753737
Russia,RUS,2003,0.23526308
Russia,RUS,2004,0.46493977
Russia,RUS,2005,1.0989096
Russia,RUS,2006,2.0124502
Russia,RUS,2007,3.4060948
Russia,RUS,2008,6.452876
Russia,RUS,2009,8.966482
Russia,RUS,2010,10.907742
Russia,RUS,2011,12.242674
Russia,RUS,2012,14.50076
Russia,RUS,2013,16.420937
Russia,RUS,2014,17.216105
Russia,RUS,2015,18.499693
Russia,RUS,2016,18.879786
Russia,RUS,2017,21.276363
Russia,RUS,2018,21.896297
Russia,RUS,2019,22.423344
Russia,RUS,2020,23.155704
Russia,RUS,2021,23.740911
Russia,RUS,2022,24.634558
Russia,RUS,2023,25.82387
Russia,RUS,2024,27.13335
Rwanda,RWA,2004,0.013020532
Rwanda,RWA,2005,0.013032153
Rwanda,RWA,2006,0.018324066
Rwanda,RWA,2007,0.026628459
Rwanda,RWA,2008,0.011423595
Rwanda,RWA,2009,0.022007007
Rwanda,RWA,2010,0.038206734
Rwanda,RWA,2011,0.08175921
Rwanda,RWA,2012,0.050766855
Rwanda,RWA,2013,0.025069095
Rwanda,RWA,2014,0.02566707
Rwanda,RWA,2015,0.1814859
Rwanda,RWA,2016,0.18223564
Rwanda,RWA,2017,0.17849445
Rwanda,RWA,2018,0.060065683
Rwanda,RWA,2019,0.0695439
Rwanda,RWA,2020,0.13535298
Rwanda,RWA,2021,0.23887217
Rwanda,RWA,2022,0.34995162
Rwanda,RWA,2023,0.44555613
Rwanda,RWA,2024,0.5956483
Saint Kitts and Nevis,KNA,2002,1.0864842
Saint Kitts and Nevis,KNA,2003,4.3312545
Saint Kitts and Nevis,KNA,2004,9.500162
Saint Kitts and Nevis,KNA,2005,13.997458
Saint Kitts and Nevis,KNA,2006,18.89669
Saint Kitts and Nevis,KNA,2007,20.554104
Saint Kitts and Nevis,KNA,2008,23.708765
Saint Kitts and Nevis,KNA,2009,27.709097
Saint Kitts and Nevis,KNA,2010,31.165949
Saint Kitts and Nevis,KNA,2011,26.873693
Saint Kitts and Nevis,KNA,2012,27.640167
Saint Kitts and Nevis,KNA,2013,28.25639
Saint Kitts and Nevis,KNA,2014,29.769161
Saint Kitts and Nevis,KNA,2015,34.778175
Saint Kitts and Nevis,KNA,2016,30.117897
Saint Kitts and Nevis,KNA,2017,62.214664
Saint Kitts and Nevis,KNA,2018,34.84726
Saint Kitts and Nevis,KNA,2019,43.4039
Saint Kitts and Nevis,KNA,2020,45.9569
Saint Kitts and Nevis,KNA,2021,43.02547
Saint Kitts and Nevis,KNA,2022,46.74474
Saint Lucia,LCA,2003,0.8590222
Saint Lucia,LCA,2004,2.3137014
Saint Lucia,LCA,2005,4.2308855
Saint Lucia,LCA,2006,4.306315
Saint Lucia,LCA,2007,6.60356
Saint Lucia,LCA,2008,9.198024
Saint Lucia,LCA,2009,10.941373
Saint Lucia,LCA,2010,11.989632
Saint Lucia,LCA,2011,12.421348
Saint Lucia,LCA,2012,14.238036
Saint Lucia,LCA,2013,14.249375
Saint Lucia,LCA,2014,16.19348
Saint Lucia,LCA,2015,16.25225
Saint Lucia,LCA,2016,16.957972
Saint Lucia,LCA,2017,18.049019
Saint Lucia,LCA,2018,18.227062
Saint Lucia,LCA,2019,8.884899
Saint Lucia,LCA,2020,19.972511
Saint Lucia,LCA,2021,10.675435
Saint Lucia,LCA,2022,13.571912
Saint Vincent and the Grenadines,VCT,2001,0.07136501
Saint Vincent and the Grenadines,VCT,2002,0.95811975
Saint Vincent and the Grenadines,VCT,2003,1.0128955
Saint Vincent and the Grenadines,VCT,2004,1.1698498
Saint Vincent and the Grenadines,VCT,2005,3.2432191
Saint Vincent and the Grenadines,VCT,2006,5.0154443
Saint Vincent and the Grenadines,VCT,2007,7.1477885
Saint Vincent and the Grenadines,VCT,2008,8.433908
Saint Vincent and the Grenadines,VCT,2009,10.412821
Saint Vincent and the Grenadines,VCT,2010,11.369693
Saint Vincent and the Grenadines,VCT,2011,12.116252
Saint Vincent and the Grenadines,VCT,2012,12.522072
Saint Vincent and the Grenadines,VCT,2013,13.505341
Saint Vincent and the Grenadines,VCT,2014,13.684847
Saint Vincent and the Grenadines,VCT,2015,15.856395
Saint Vincent and the Grenadines,VCT,2016,20.559668
Saint Vincent and the Grenadines,VCT,2017,18.240065
Saint Vincent and the Grenadines,VCT,2018,23.457485
Saint Vincent and the Grenadines,VCT,2019,20.846333
Saint Vincent and the Grenadines,VCT,2020,23.890617
Saint Vincent and the Grenadines,VCT,2021,27.102032
Saint Vincent and the Grenadines,VCT,2022,28.996727
Saint Vincent and the Grenadines,VCT,2023,30.49357
Saint Vincent and the Grenadines,VCT,2024,29.460524
Samoa,WSM,2004,0.0171813
Samoa,WSM,2005,0.034763448
Samoa,WSM,2006,0.052208472
Samoa,WSM,2007,0.06887308
Samoa,WSM,2008,0.08416313
Samoa,WSM,2009,0.104431555
Samoa,WSM,2010,0.1036146
Samoa,WSM,2012,0.5516596
Samoa,WSM,2013,0.62440735
Samoa,WSM,2014,1.010313
Samoa,WSM,2015,1.0327978
Samoa,WSM,2016,1.0658529
Samoa,WSM,2017,0.82369834
Samoa,WSM,2018,0.8150996
Samoa,WSM,2019,0.80655926
Samoa,WSM,2020,0.7983241
Samoa,WSM,2021,0.79147154
Samoa,WSM,2022,0.87753934
San Marino,SMR,2003,2.1549401
San Marino,SMR,2004,3.815197
San Marino,SMR,2005,4.2699146
San Marino,SMR,2006,5.1136756
San Marino,SMR,2007,5.4543595
San Marino,SMR,2008,16.49776
San Marino,SMR,2009,18.099037
San Marino,SMR,2010,19.566353
San Marino,SMR,2011,20.323914
San Marino,SMR,2012,29.587355
San Marino,SMR,2013,30.431292
San Marino,SMR,2014,34.692364
San Marino,SMR,2015,34.33822
San Marino,SMR,2016,35.127777
San Marino,SMR,2017,30.54279
San Marino,SMR,2018,31.446032
San Marino,SMR,2019,31.97703
San Marino,SMR,2020,31.637379
San Marino,SMR,2021,34.71017
San Marino,SMR,2022,35.78762
Sao Tome and Principe,STP,2006,0.075465776
Sao Tome and Principe,STP,2007,0.18149675
Sao Tome and Principe,STP,2008,0.19793662
Sao Tome and Principe,STP,2009,0.2490821
Sao Tome and Principe,STP,2010,0.32177863
Sao Tome and Principe,STP,2011,0.3969857
Sao Tome and Principe,STP,2012,0.41068628
Sao Tome and Principe,STP,2013,0.5063475
Sao Tome and Principe,STP,2014,0.55903685
Sao Tome and Principe,STP,2015,0.65604544
Sao Tome and Principe,STP,2016,0.6995959
Sao Tome and Principe,STP,2017,0.71459633
Sao Tome and Principe,STP,2018,0.7407689
Sao Tome and Principe,STP,2019,0.7694759
Sao Tome and Principe,STP,2020,1.1552877
Sao Tome and Principe,STP,2021,1.5421628
Sao Tome and Principe,STP,2022,2.024701
Sao Tome and Principe,STP,2023,2.501397
Sao Tome and Principe,STP,2024,2.9940221
Saudi Arabia,SAU,2001,0.08215289
Saudi Arabia,SAU,2002,0.19419448
Saudi Arabia,SAU,2003,0.24475738
Saudi Arabia,SAU,2004,0.34927207
Saudi Arabia,SAU,2005,0.32975858
Saudi Arabia,SAU,2006,1.0167041
Saudi Arabia,SAU,2007,2.7857084
Saudi Arabia,SAU,2008,4.5006166
Saudi Arabia,SAU,2009,5.9366527
Saudi Arabia,SAU,2010,6.8036304
Saudi Arabia,SAU,2011,7.4752297
Saudi Arabia,SAU,2012,9.386259
Saudi Arabia,SAU,2015,21.13618
Saudi Arabia,SAU,2016,20.826815
Saudi Arabia,SAU,2017,21.613943
Saudi Arabia,SAU,2018,22.466148
Saudi Arabia,SAU,2019,22.321371
Saudi Arabia,SAU,2020,25.459677
Saudi Arabia,SAU,2021,33.79736
Saudi Arabia,SAU,2022,41.82301
Saudi Arabia,SAU,2023,43.573204
Saudi Arabia,SAU,2024,44.07058
Senegal,SEN,2002,0.011465464
Senegal,SEN,2003,0.02222704
Senegal,SEN,2004,0.069836065
Senegal,SEN,2005,0.16045609
Senegal,SEN,2006,0.25152838
Senegal,SEN,2007,0.32396674
Senegal,SEN,2008,0.3930464
Senegal,SEN,2009,0.4759516
Senegal,SEN,2010,0.6224332
Senegal,SEN,2011,0.71543896
Senegal,SEN,2012,0.71793723
Senegal,SEN,2013,0.7784565
Senegal,SEN,2014,0.730365
Senegal,SEN,2015,0.68943137
Senegal,SEN,2016,0.6541811
Senegal,SEN,2017,0.7224232
Senegal,SEN,2018,0.8157342
Senegal,SEN,2019,0.9297849
Senegal,SEN,2020,1.0564101
Senegal,SEN,2021,1.2096603
Senegal,SEN,2022,1.4036517
Senegal,SEN,2023,1.973932
Senegal,SEN,2024,4.0382857
Serbia,SRB,2005,0.4479636
Serbia,SRB,2006,1.6375542
Serbia,SRB,2007,4.4045014
Serbia,SRB,2008,6.211929
Serbia,SRB,2009,8.062683
Serbia,SRB,2010,11.795677
Serbia,SRB,2011,13.442273
Serbia,SRB,2012,14.810525
Serbia,SRB,2013,16.416359
Serbia,SRB,2014,16.741808
Serbia,SRB,2015,18.656878
Serbia,SRB,2016,20.609402
Serbia,SRB,2017,21.149265
Serbia,SRB,2018,22.289095
Serbia,SRB,2019,23.44246
Serbia,SRB,2020,25.1835
Serbia,SRB,2021,26.47942
Serbia,SRB,2022,29.345795
Serbia,SRB,2023,31.26953
Serbia,SRB,2024,33.374683
Seychelles,SYC,2004,0.3958891
Seychelles,SYC,2005,1.0619944
Seychelles,SYC,2006,2.7386498
Seychelles,SYC,2007,3.818822
Seychelles,SYC,2008,3.692178
Seychelles,SYC,2009,4.8639297
Seychelles,SYC,2010,7.15271
Seychelles,SYC,2011,9.700692
Seychelles,SYC,2012,10.625559
Seychelles,SYC,2013,12.156563
Seychelles,SYC,2014,11.301049
Seychelles,SYC,2015,12.515154
Seychelles,SYC,2016,12.779887
Seychelles,SYC,2017,13.538563
Seychelles,SYC,2018,17.114916
Seychelles,SYC,2019,22.927326
Seychelles,SYC,2020,29.067844
Seychelles,SYC,2021,33.56452
Seychelles,SYC,2022,29.831425
Seychelles,SYC,2023,30.771936
Seychelles,SYC,2024,31.596865
Sierra Leone,SLE,2019,0.002224524
Sierra Leone,SLE,2020,0.0022748648
Sierra Leone,SLE,2021,0.0022731198
Singapore,SGP,1998,0.25864574
Singapore,SGP,1999,0.75633794
Singapore,SGP,2000,1.7099334
Singapore,SGP,2001,3.6684623
Singapore,SGP,2002,6.5109
Singapore,SGP,2003,10.079152
Singapore,SGP,2004,13.065671
Singapore,SGP,2005,15.373571
Singapore,SGP,2006,17.87814
Singapore,SGP,2007,20.145697
Singapore,SGP,2008,22.28537
Singapore,SGP,2009,24.826067
Singapore,SGP,2010,26.361952
Singapore,SGP,2011,27.173582
Singapore,SGP,2012,27.067976
Singapore,SGP,2013,27.729563
Singapore,SGP,2014,27.006723
Singapore,SGP,2015,26.897892
Singapore,SGP,2016,28.53926
Singapore,SGP,2017,26.33261
Singapore,SGP,2018,26.508736
Singapore,SGP,2019,26.527618
Singapore,SGP,2020,26.862272
Singapore,SGP,2021,27.5211
Singapore,SGP,2022,27.551003
Singapore,SGP,2023,27.434364
Singapore,SGP,2024,27.813656
Slovakia,SVK,2002,0.07592482
Slovakia,SVK,2003,0.41778612
Slovakia,SVK,2004,1.4650939
Slovakia,SVK,2005,3.3763864
Slovakia,SVK,2006,5.66531
Slovakia,SVK,2007,10.166712
Slovakia,SVK,2008,11.241393
Slovakia,SVK,2009,14.392674
Slovakia,SVK,2010,16.264414
Slovakia,SVK,2011,17.656145
Slovakia,SVK,2012,19.343477
Slovakia,SVK,2013,20.498587
Slovakia,SVK,2014,21.997515
Slovakia,SVK,2015,23.50086
Slovakia,SVK,2016,24.626446
Slovakia,SVK,2017,25.85908
Slovakia,SVK,2018,27.695383
Slovakia,SVK,2019,29.181107
Slovakia,SVK,2020,31.192549
Slovakia,SVK,2021,32.606075
Slovakia,SVK,2022,33.998814
Slovakia,SVK,2023,33.172596
Slovakia,SVK,2024,33.813602
Slovenia,SVN,2001,0.2764265
Slovenia,SVN,2002,2.8487546
Slovenia,SVN,2003,2.9105291
Slovenia,SVN,2004,5.7720795
Slovenia,SVN,2005,9.847695
Slovenia,SVN,2006,13.96895
Slovenia,SVN,2007,17.112709
Slovenia,SVN,2008,21.001291
Slovenia,SVN,2009,22.058765
Slovenia,SVN,2010,23.013021
Slovenia,SVN,2011,24.129786
Slovenia,SVN,2012,24.805473
Slovenia,SVN,2013,25.511114
Slovenia,SVN,2014,27.00227
Slovenia,SVN,2015,27.623333
Slovenia,SVN,2016,28.588907
Slovenia,SVN,2017,29.180426
Slovenia,SVN,2018,29.608631
Slovenia,SVN,2019,30.139544
Slovenia,SVN,2020,30.993013
Slovenia,SVN,2021,31.550266
Slovenia,SVN,2022,32.010498
Slovenia,SVN,2023,31.88148
Slovenia,SVN,2024,34.233257
Solomon Islands,SLB,2004,0.042139772
Solomon Islands,SLB,2005,0.09315227
Solomon Islands,SLB,2006,0.13222294
Solomon Islands,SLB,2007,0.19993763
Solomon Islands,SLB,2008,0.29481712
Solomon Islands,SLB,2009,0.38599533
Solomon Islands,SLB,2010,0.47319913
Solomon Islands,SLB,2011,0.43946505
Solomon Islands,SLB,2012,0.3716837
Solomon Islands,SLB,2013,0.3166679
Solomon Islands,SLB,2014,0.2164018
Solomon Islands,SLB,2015,0.222078
Solomon Islands,SLB,2016,0.24744143
Solomon Islands,SLB,2017,0.17005216
Solomon Islands,SLB,2018,0.20984317
Solomon Islands,SLB,2019,0.14351498
Solomon Islands,SLB,2020,0.1343187
Solomon Islands,SLB,2021,0.13113189
Solomon Islands,SLB,2022,0.10703321
Somalia,SOM,2012,0.32099742
Somalia,SOM,2013,0.46621516
Somalia,SOM,2014,0.5247577
Somalia,SOM,2015,0.59390324
Somalia,SOM,2016,0.6411713
Somalia,SOM,2017,0.6569849
Somalia,SOM,2019,0.6113167
Somalia,SOM,2020,0.71466357
Somalia,SOM,2021,0.68899906
Somalia,SOM,2022,0.66846806
Somalia,SOM,2023,0.72296304
South Africa,ZAF,2002,0.0055581685
South Africa,ZAF,2003,0.041882172
South Africa,ZAF,2004,0.12247042
South Africa,ZAF,2005,0.33398643
South Africa,ZAF,2006,0.6702471
South Africa,ZAF,2007,0.7480914
South Africa,ZAF,2008,0.8334214
South Africa,ZAF,2009,0.92985463
South Africa,ZAF,2010,1.4194546
South Africa,ZAF,2011,1.7114756
South Africa,ZAF,2012,2.0586596
South Africa,ZAF,2013,2.9539974
South Africa,ZAF,2014,3.0691931
South Africa,ZAF,2015,2.4845893
South Africa,ZAF,2016,2.0097432
South Africa,ZAF,2017,1.9487913
South Africa,ZAF,2018,1.8886817
South Africa,ZAF,2019,2.0983393
South Africa,ZAF,2020,2.1515946
South Africa,ZAF,2021,2.7554085
South Africa,ZAF,2022,3.1229749
South Africa,ZAF,2023,3.4056618
South Africa,ZAF,2024,5.347912
South Asia (WB),WB_SA,2001,0.0045839697
South Asia (WB),WB_SA,2002,0.0074429456
South Asia (WB),WB_SA,2003,0.012689536
South Asia (WB),WB_SA,2004,0.021733187
South Asia (WB),WB_SA,2005,0.10099585
South Asia (WB),WB_SA,2006,0.1657007
South Asia (WB),WB_SA,2007,0.20795847
South Asia (WB),WB_SA,2008,0.34909725
South Asia (WB),WB_SA,2009,0.52923566
South Asia (WB),WB_SA,2010,0.7532628
South Asia (WB),WB_SA,2011,0.934408
South Asia (WB),WB_SA,2012,1.0370646
South Asia (WB),WB_SA,2013,1.0890697
South Asia (WB),WB_SA,2014,1.2380846
South Asia (WB),WB_SA,2015,1.4
South Asia (WB),WB_SA,2016,1.6
South Asia (WB),WB_SA,2017,1.6
South Asia (WB),WB_SA,2018,1.7
South Asia (WB),WB_SA,2019,1.7
South Asia (WB),WB_SA,2020,2.23
South Asia (WB),WB_SA,2021,2.6
South Asia (WB),WB_SA,2022,3.06
South Asia (WB),WB_SA,2023,3.5
South Asia (WB),WB_SA,2024,3.86
South Asia (WB),WB_SA,2025,4.27
South Korea,KOR,1998,0.030270102
South Korea,KOR,1999,0.59758675
South Korea,KOR,2000,8.2751255
South Korea,KOR,2001,16.618715
South Korea,KOR,2002,21.999323
South Korea,KOR,2003,23.526669
South Korea,KOR,2004,24.994068
South Korea,KOR,2005,25.476055
South Korea,KOR,2006,29.251648
South Korea,KOR,2007,30.53253
South Korea,KOR,2008,32.001766
South Korea,KOR,2009,33.675976
South Korea,KOR,2010,35.25632
South Korea,KOR,2011,36.353306
South Korea,KOR,2012,36.800034
South Korea,KOR,2013,37.42177
South Korea,KOR,2014,37.98831
South Korea,KOR,2015,39.275955
South Korea,KOR,2016,40.071247
South Korea,KOR,2017,41.1681
South Korea,KOR,2018,41.218994
South Korea,KOR,2019,42.03735
South Korea,KOR,2020,43.05406
South Korea,KOR,2021,44.25261
South Korea,KOR,2022,45.454212
South Korea,KOR,2023,46.567635
South Korea,KOR,2024,47.8015
South Sudan,SSD,2010,0.000020521338
South Sudan,SSD,2011,0.000038879836
South Sudan,SSD,2012,0.0001580478
South Sudan,SSD,2013,0.0008955538
South Sudan,SSD,2014,0.0008900699
South Sudan,SSD,2015,0.0013504315
South Sudan,SSD,2016,0.0013850285
South Sudan,SSD,2017,0.0019494785
South Sudan,SSD,2018,0.0019757033
South Sudan,SSD,2019,0.0019187627
South Sudan,SSD,2021,0.001840641
South Sudan,SSD,2022,0.0018146882
South Sudan,SSD,2023,0.0017416484
Spain,ESP,2000,0.18614924
Spain,ESP,2001,1.1312722
Spain,ESP,2002,2.9876063
Spain,ESP,2003,4.9920077
Spain,ESP,2004,7.8673415
Spain,ESP,2005,11.454347
Spain,ESP,2006,15.077845
Spain,ESP,2007,17.69859
Spain,ESP,2008,19.75981
Spain,ESP,2009,21.01546
Spain,ESP,2010,22.741812
Spain,ESP,2011,23.762285
Spain,ESP,2012,24.510748
Spain,ESP,2013,26.14588
Spain,ESP,2014,27.835867
Spain,ESP,2015,29.009933
Spain,ESP,2016,30.198631
Spain,ESP,2017,31.296461
Spain,ESP,2018,32.227745
Spain,ESP,2019,32.922
Spain,ESP,2020,33.95276
Spain,ESP,2021,34.93024
Spain,ESP,2022,35.78464
Spain,ESP,2023,37.214817
Spain,ESP,2024,39.233753
Sri Lanka,LKA,2001,0.0016683366
Sri Lanka,LKA,2002,0.0029890307
Sri Lanka,LKA,2003,0.017126514
Sri Lanka,LKA,2004,0.10180407
Sri Lanka,LKA,2005,0.10387542
Sri Lanka,LKA,2006,0.112492815
Sri Lanka,LKA,2007,0.30871227
Sri Lanka,LKA,2008,0.4940624
Sri Lanka,LKA,2009,0.817096
Sri Lanka,LKA,2010,1.0935152
Sri Lanka,LKA,2011,1.7087876
Sri Lanka,LKA,2012,1.6722205
Sri Lanka,LKA,2013,1.9867992
Sri Lanka,LKA,2014,2.6341903
Sri Lanka,LKA,2015,2.880432
Sri Lanka,LKA,2016,4.0718966
Sri Lanka,LKA,2017,5.5257626
Sri Lanka,LKA,2018,6.93976
Sri Lanka,LKA,2019,7.4354124
Sri Lanka,LKA,2020,7.89622
Sri Lanka,LKA,2021,10.540149
Sri Lanka,LKA,2022,9.6361
Sri Lanka,LKA,2023,8.765451
Sri Lanka,LKA,2024,8.468268
Sub-Saharan Africa (WB),WB_SSA,2005,0.039060917
Sub-Saharan Africa (WB),WB_SSA,2007,0.09897735
Sub-Saharan Africa (WB),WB_SSA,2008,0.11235109
Sub-Saharan Africa (WB),WB_SSA,2009,0.13244744
Sub-Saharan Africa (WB),WB_SSA,2010,0.16101794
Sub-Saharan Africa (WB),WB_SSA,2011,0.26264843
Sub-Saharan Africa (WB),WB_SSA,2012,0.24611533
Sub-Saharan Africa (WB),WB_SSA,2013,0.31500816
Sub-Saharan Africa (WB),WB_SSA,2014,0.37955496
Sub-Saharan Africa (WB),WB_SSA,2015,0.4
Sub-Saharan Africa (WB),WB_SSA,2016,0.4
Sub-Saharan Africa (WB),WB_SSA,2017,0.4
Sub-Saharan Africa (WB),WB_SSA,2018,0.4
Sub-Saharan Africa (WB),WB_SSA,2019,0.5
Sub-Saharan Africa (WB),WB_SSA,2020,0.45
Sub-Saharan Africa (WB),WB_SSA,2021,0.51
Sub-Saharan Africa (WB),WB_SSA,2022,0.56
Sub-Saharan Africa (WB),WB_SSA,2023,0.66
Sub-Saharan Africa (WB),WB_SSA,2024,0.84
Sub-Saharan Africa (WB),WB_SSA,2025,1.12
Sudan,SDN,2004,0.0025951809
Sudan,SDN,2005,0.0040591834
Sudan,SDN,2006,0.006454651
Sudan,SDN,2007,0.12971501
Sudan,SDN,2008,0.13271777
Sudan,SDN,2010,0.038120087
Sudan,SDN,2011,0.048228033
Sudan,SDN,2012,0.06713669
Sudan,SDN,2013,0.068033405
Sudan,SDN,2014,0.05321802
Sudan,SDN,2015,0.07018963
Sudan,SDN,2016,0.06392649
Sudan,SDN,2017,0.07151937
Sudan,SDN,2018,0.07088306
Sudan,SDN,2019,0.07192824
Sudan,SDN,2020,0.061514154
Sudan,SDN,2021,0.063299246
Sudan,SDN,2022,0.060439404
Suriname,SUR,2002,0.018930582
Suriname,SUR,2003,0.04265285
Suriname,SUR,2004,0.08172431
Suriname,SUR,2005,0.21316624
Suriname,SUR,2006,0.50590765
Suriname,SUR,2007,0.7918782
Suriname,SUR,2008,1.071392
Suriname,SUR,2009,1.6684206
Suriname,SUR,2010,2.7536583
Suriname,SUR,2011,4.163453
Suriname,SUR,2012,5.20197
Suriname,SUR,2013,6.519103
Suriname,SUR,2014,8.064334
Suriname,SUR,2015,9.059242
Suriname,SUR,2016,12.116742
Suriname,SUR,2017,11.99519
Suriname,SUR,2018,12.205907
Suriname,SUR,2019,13.274058
Suriname,SUR,2020,15.068992
Suriname,SUR,2021,19.89995
Suriname,SUR,2022,20.026028
Suriname,SUR,2023,17.53736
Suriname,SUR,2024,18.752394
Sweden,SWE,2000,2.8065505
Sweden,SWE,2001,6.598455
Sweden,SWE,2002,9.4117155
Sweden,SWE,2003,12.223123
Sweden,SWE,2004,15.677453
Sweden,SWE,2005,27.929834
Sweden,SWE,2006,27.410013
Sweden,SWE,2007,30.391504
Sweden,SWE,2008,31.48443
Sweden,SWE,2009,31.671957
Sweden,SWE,2010,31.984035
Sweden,SWE,2011,32.039116
Sweden,SWE,2012,32.282978
Sweden,SWE,2013,32.785538
Sweden,SWE,2014,33.841393
Sweden,SWE,2015,35.677807
Sweden,SWE,2016,37.082176
Sweden,SWE,2017,38.326603
Sweden,SWE,2018,38.741337
Sweden,SWE,2019,39.290554
Sweden,SWE,2020,40.36798
Sweden,SWE,2021,40.835144
Sweden,SWE,2022,40.60934
Sweden,SWE,2023,40.734013
Sweden,SWE,2024,40.615654
Switzerland,CHE,2000,0.7852999
Switzerland,CHE,2001,1.9373432
Switzerland,CHE,2002,6.254094
Switzerland,CHE,2003,10.689025
Switzerland,CHE,2004,16.62195
Switzerland,CHE,2005,22.460398
Switzerland,CHE,2006,27.414341
Switzerland,CHE,2007,31.550268
Switzerland,CHE,2008,33.45182
Switzerland,CHE,2009,35.42679
Switzerland,CHE,2010,37.229862
Switzerland,CHE,2011,38.895542
Switzerland,CHE,2012,40.16003
Switzerland,CHE,2013,42.491756
Switzerland,CHE,2014,43.173195
Switzerland,CHE,2015,44.671566
Switzerland,CHE,2016,45.086098
Switzerland,CHE,2017,46.331825
Switzerland,CHE,2018,45.604992
Switzerland,CHE,2019,46.912373
Switzerland,CHE,2020,46.481373
Switzerland,CHE,2021,47.94331
Switzerland,CHE,2022,46.67475
Switzerland,CHE,2023,46.836464
Switzerland,CHE,2024,47.019783
Syria,SYR,2004,0.0032720952
Syria,SYR,2005,0.014350946
Syria,SYR,2006,0.026572257
Syria,SYR,2007,0.033312384
Syria,SYR,2008,0.051094066
Syria,SYR,2009,0.1576969
Syria,SYR,2010,0.3105404
Syria,SYR,2011,0.53020144
Syria,SYR,2012,1.0639566
Syria,SYR,2013,1.5975784
Syria,SYR,2014,2.472144
Syria,SYR,2015,3.7543132
Syria,SYR,2016,5.2600956
Syria,SYR,2017,7.4023123
Syria,SYR,2018,6.7866917
Syria,SYR,2019,7.336166
Syria,SYR,2020,7.3545938
Syria,SYR,2021,7.2856293
Syria,SYR,2022,7.162833
Syria,SYR,2023,6.8612456
Tajikistan,TJK,2003,0.00015018228
Tajikistan,TJK,2007,0.050663862
Tajikistan,TJK,2008,0.049847357
Tajikistan,TJK,2009,0.05874319
Tajikistan,TJK,2010,0.06142072
Tajikistan,TJK,2011,0.06415512
Tajikistan,TJK,2012,0.067381375
Tajikistan,TJK,2013,0.07058774
Tajikistan,TJK,2014,0.07239882
Tajikistan,TJK,2015,0.069413595
Tajikistan,TJK,2016,0.06767708
Tajikistan,TJK,2017,0.06603605
Tajikistan,TJK,2019,0.0629593
Tajikistan,TJK,2020,0.36996463
Tajikistan,TJK,2021,0.49599135
Tajikistan,TJK,2022,0.58519644
Tajikistan,TJK,2023,0.98393625
Tanzania,TZA,2005,0.006607613
Tanzania,TZA,2006,0.007440147
Tanzania,TZA,2007,0.008191042
Tanzania,TZA,2008,0.015085483
Tanzania,TZA,2009,0.015921077
Tanzania,TZA,2010,0.016877245
Tanzania,TZA,2011,0.061412968
Tanzania,TZA,2012,0.08723091
Tanzania,TZA,2013,0.11556786
Tanzania,TZA,2014,0.16801879
Tanzania,TZA,2015,0.203764
Tanzania,TZA,2016,0.591695
Tanzania,TZA,2017,1.37184
Tanzania,TZA,2018,1.49944
Tanzania,TZA,2019,1.75692
Tanzania,TZA,2020,1.86248
Tanzania,TZA,2021,1.97842
Tanzania,TZA,2022,0.1107742
Tanzania,TZA,2023,0.10501728
Tanzania,TZA,2024,0.24643321
Thailand,THA,2001,0.002534126
Thailand,THA,2003,0.017899381
Thailand,THA,2004,0.2517492
Thailand,THA,2005,0.841437
Thailand,THA,2006,1.342315
Thailand,THA,2007,1.9274141
Thailand,THA,2008,3.0653715
Thailand,THA,2009,3.852373
Thailand,THA,2010,4.7417283
Thailand,THA,2011,5.644338
Thailand,THA,2012,6.508142
Thailand,THA,2013,7.433591
Thailand,THA,2014,7.7474813
Thailand,THA,2015,8.830351
Thailand,THA,2016,10.1877165
Thailand,THA,2017,11.534539
Thailand,THA,2018,12.874061
Thailand,THA,2019,14.133806
Thailand,THA,2020,16.021814
Thailand,THA,2021,17.316885
Thailand,THA,2022,17.51258
Thailand,THA,2023,14.508945
Thailand,THA,2024,14.887049
Togo,TGO,2007,0.019407453
Togo,TGO,2008,0.030005597
Togo,TGO,2009,0.063584946
Togo,TGO,2010,0.40437633
Togo,TGO,2011,0.49214384
Togo,TGO,2012,0.5843479
Togo,TGO,2013,0.094915316
Togo,TGO,2014,0.16875322
Togo,TGO,2015,0.8621991
Togo,TGO,2016,0.6205295
Togo,TGO,2017,0.62739384
Togo,TGO,2018,0.31670544
Togo,TGO,2019,0.37692004
Togo,TGO,2020,0.607932
Togo,TGO,2021,0.749326
Togo,TGO,2022,1.0372356
Togo,TGO,2023,1.2281585
Togo,TGO,2024,1.4153826
Tonga,TON,2002,0.010589753
Tonga,TON,2003,0.021059887
Tonga,TON,2004,0.3178803
Tonga,TON,2005,0.61038506
Tonga,TON,2006,0.5957479
Tonga,TON,2007,0.7308435
Tonga,TON,2008,0.6737059
Tonga,TON,2009,0.9328097
Tonga,TON,2010,1.0242085
Tonga,TON,2011,1.2085154
Tonga,TON,2012,1.3958682
Tonga,TON,2013,1.5876278
Tonga,TON,2014,1.6884128
Tonga,TON,2015,2.3167915
Tonga,TON,2016,2.842955
Tonga,TON,2017,2.8474884
Tonga,TON,2018,2.3861623
Tonga,TON,2019,3.504339
Tonga,TON,2020,4.73019
Tonga,TON,2021,6.4574842
Tonga,TON,2022,8.173873
Trinidad and Tobago,TTO,2002,0.013213104
Trinidad and Tobago,TTO,2003,0.066033766
Trinidad and Tobago,TTO,2004,0.3146323
Trinidad and Tobago,TTO,2005,0.7990184
Trinidad and Tobago,TTO,2006,1.5171142
Trinidad and Tobago,TTO,2007,2.5993555
Trinidad and Tobago,TTO,2008,6.2275343
Trinidad and Tobago,TTO,2009,9.430872
Trinidad and Tobago,TTO,2010,11.744098
Trinidad and Tobago,TTO,2011,12.352695
Trinidad and Tobago,TTO,2012,14.347393
Trinidad and Tobago,TTO,2013,15.042477
Trinidad and Tobago,TTO,2014,17.458488
Trinidad and Tobago,TTO,2015,19.488129
Trinidad and Tobago,TTO,2016,17.785273
Trinidad and Tobago,TTO,2017,22.610172
Trinidad and Tobago,TTO,2018,23.270712
Trinidad and Tobago,TTO,2019,22.85281
Trinidad and Tobago,TTO,2020,25.439898
Trinidad and Tobago,TTO,2021,24.929943
Trinidad and Tobago,TTO,2022,26.033194
Trinidad and Tobago,TTO,2023,26.89423
Trinidad and Tobago,TTO,2024,27.029438
Tunisia,TUN,2002,0.00026074273
Tunisia,TUN,2003,0.0025715793
Tunisia,TUN,2004,0.027925974
Tunisia,TUN,2005,0.17135243
Tunisia,TUN,2006,0.4237702
Tunisia,TUN,2007,0.9185859
Tunisia,TUN,2008,2.1562731
Tunisia,TUN,2009,3.5010626
Tunisia,TUN,2010,4.4789605
Tunisia,TUN,2011,5.138308
Tunisia,TUN,2012,4.789509
Tunisia,TUN,2013,4.6671495
Tunisia,TUN,2014,5.033923
Tunisia,TUN,2015,5.0338864
Tunisia,TUN,2016,5.5536914
Tunisia,TUN,2017,6.8819804
Tunisia,TUN,2018,8.618502
Tunisia,TUN,2019,10.054196
Tunisia,TUN,2020,11.146798
Tunisia,TUN,2021,12.422043
Tunisia,TUN,2022,13.9309225
Tunisia,TUN,2023,14.082986
Tunisia,TUN,2024,14.974153
Turkey,TUR,2001,0.016476683
Turkey,TUR,2002,0.03162622
Turkey,TUR,2003,0.2938507
Turkey,TUR,2004,0.8425557
Turkey,TUR,2005,2.2930596
Turkey,TUR,2006,3.9598417
Turkey,TUR,2007,6.7190356
Turkey,TUR,2008,8.044685
Turkey,TUR,2009,8.901263
Turkey,TUR,2010,9.67754
Turkey,TUR,2011,10.228857
Turkey,TUR,2012,10.464443
Turkey,TUR,2013,11.640102
Turkey,TUR,2014,11.361863
Turkey,TUR,2015,11.878631
Turkey,TUR,2016,12.859061
Turkey,TUR,2017,14.352888
Turkey,TUR,2018,15.882334
Turkey,TUR,2019,16.673344
Turkey,TUR,2020,19.438406
Turkey,TUR,2021,20.921122
Turkey,TUR,2022,21.823038
Turkey,TUR,2023,22.45917
Turkey,TUR,2024,23.431734
Turkmenistan,TKM,2008,0.001403173
Turkmenistan,TKM,2009,0.008529618
Turkmenistan,TKM,2010,0.012993418
Turkmenistan,TKM,2011,0.019354554
Turkmenistan,TKM,2012,0.024102418
Turkmenistan,TKM,2013,0.030306393
Turkmenistan,TKM,2014,0.03785832
Turkmenistan,TKM,2015,0.45368475
Turkmenistan,TKM,2016,0.73436636
Turkmenistan,TKM,2017,1.1561902
Turkmenistan,TKM,2018,1.7136441
Turkmenistan,TKM,2019,2.5967438
Turkmenistan,TKM,2020,3.40423
Turkmenistan,TKM,2021,4.0826316
Turkmenistan,TKM,2022,5.2171082
Tuvalu,TUV,2004,0.5093725
Tuvalu,TUV,2005,1.5090543
Tuvalu,TUV,2006,2.486078
Tuvalu,TUV,2007,2.6517384
Tuvalu,TUV,2008,2.8098052
Tuvalu,TUV,2009,0.95593154
Tuvalu,TUV,2010,2.2611644
Tuvalu,TUV,2011,4.174397
Tuvalu,TUV,2012,4.1156025
Tuvalu,TUV,2013,4.090537
Tuvalu,TUV,2014,4.096868
Tuvalu,TUV,2015,4.104716
Tuvalu,TUV,2016,4.117109
Tuvalu,TUV,2017,4.1402154
Tuvalu,TUV,2021,4.4143615
Tuvalu,TUV,2022,4.5236187
Uganda,UGA,2005,0.0030396997
Uganda,UGA,2006,0.004202264
Uganda,UGA,2007,0.0062724617
Uganda,UGA,2008,0.015710773
Uganda,UGA,2009,0.019077204
Uganda,UGA,2010,0.043222148
Uganda,UGA,2011,0.10647425
Uganda,UGA,2012,0.11183129
Uganda,UGA,2013,0.11744051
Uganda,UGA,2014,0.15166144
Uganda,UGA,2015,0.21508364
Uganda,UGA,2016,0.23741499
Uganda,UGA,2019,0.075279705
Uganda,UGA,2020,0.07781875
Uganda,UGA,2021,0.083884165
Uganda,UGA,2022,0.085084945
Uganda,UGA,2023,0.09129696
Uganda,UGA,2024,0.20761333
Ukraine,UKR,2005,0.2772318
Ukraine,UKR,2006,1.1154876
Ukraine,UKR,2007,1.7246451
Ukraine,UKR,2008,3.464221
Ukraine,UKR,2009,4.147706
Ukraine,UKR,2010,6.454904
Ukraine,UKR,2011,6.9562106
Ukraine,UKR,2012,8.037552
Ukraine,UKR,2013,8.85843
Ukraine,UKR,2014,9.3062105
Ukraine,UKR,2015,11.643704
Ukraine,UKR,2016,12.034259
Ukraine,UKR,2017,12.353543
Ukraine,UKR,2018,12.803256
Ukraine,UKR,2019,16.159132
Ukraine,UKR,2020,18.617023
Ukraine,UKR,2021,18.267794
Ukraine,UKR,2022,17.539814
Ukraine,UKR,2023,21.377415
Ukraine,UKR,2024,21.653933
United Arab Emirates,ARE,1999,0.011848024
United Arab Emirates,ARE,2000,0.0564751
United Arab Emirates,ARE,2001,0.2248905
United Arab Emirates,ARE,2002,0.4203369
United Arab Emirates,ARE,2003,0.72337055
United Arab Emirates,ARE,2004,1.2676997
United Arab Emirates,ARE,2005,2.7722578
United Arab Emirates,ARE,2006,4.8036575
United Arab Emirates,ARE,2007,6.752438
United Arab Emirates,ARE,2008,8.846687
United Arab Emirates,ARE,2009,10.293992
United Arab Emirates,ARE,2010,11.34011
United Arab Emirates,ARE,2011,12.042188
United Arab Emirates,ARE,2012,12.738069
United Arab Emirates,ARE,2013,13.303809
United Arab Emirates,ARE,2014,13.25458
United Arab Emirates,ARE,2015,14.230538
United Arab Emirates,ARE,2016,14.368323
United Arab Emirates,ARE,2017,29.908298
United Arab Emirates,ARE,2018,32.35912
United Arab Emirates,ARE,2019,32.480343
United Arab Emirates,ARE,2020,34.34529
United Arab Emirates,ARE,2021,36.500538
United Arab Emirates,ARE,2022,36.848587
United Arab Emirates,ARE,2023,37.096825
United Arab Emirates,ARE,2024,40.840115
United Kingdom,GBR,2000,0.08955704
United Kingdom,GBR,2001,0.5582234
United Kingdom,GBR,2002,2.2782393
United Kingdom,GBR,2003,5.2050858
United Kingdom,GBR,2004,10.177681
United Kingdom,GBR,2005,16.33546
United Kingdom,GBR,2006,21.314934
United Kingdom,GBR,2007,25.360825
United Kingdom,GBR,2008,27.9071
United Kingdom,GBR,2009,28.600708
United Kingdom,GBR,2010,30.396091
United Kingdom,GBR,2011,32.418724
United Kingdom,GBR,2012,33.90479
United Kingdom,GBR,2013,35.781986
United Kingdom,GBR,2014,36.582848
United Kingdom,GBR,2015,37.721493
United Kingdom,GBR,2016,38.658855
United Kingdom,GBR,2017,39.248947
United Kingdom,GBR,2018,39.8294
United Kingdom,GBR,2019,40.02277
United Kingdom,GBR,2020,40.577526
United Kingdom,GBR,2021,41.113487
United Kingdom,GBR,2022,41.286716
United Kingdom,GBR,2023,41.436768
United Kingdom,GBR,2024,42.16483
United States,USA,1998,0.25591385
United States,USA,1999,0.9865572
United States,USA,2000,2.5116422
United States,USA,2001,4.50008
United States,USA,2002,6.925334
United States,USA,2003,9.570047
United States,USA,2004,12.757607
United States,USA,2005,17.29911
United States,USA,2006,20.164583
United States,USA,2007,23.755299
United States,USA,2008,25.290985
United States,USA,2009,25.969452
United States,USA,2010,27.172007
United States,USA,2011,28.117023
United States,USA,2012,29.17361
United States,USA,2013,29.999617
United States,USA,2014,30.270922
United States,USA,2015,31.341213
United States,USA,2016,32.1144
United States,USA,2017,32.570282
United States,USA,2018,33.055916
United States,USA,2019,33.835217
United States,USA,2020,35.7157
United States,USA,2021,37.007427
United States,USA,2022,37.488796
United States,USA,2023,38.093925
United States,USA,2024,38.857174
United States Virgin Islands,VIR,2004,1.3761766
United States Virgin Islands,VIR,2005,2.7572813
United States Virgin Islands,VIR,2007,5.533018
United States Virgin Islands,VIR,2008,6.933433
United States Virgin Islands,VIR,2009,8.4302025
United States Virgin Islands,VIR,2010,8.559792
United States Virgin Islands,VIR,2013,8.821506
United States Virgin Islands,VIR,2014,8.921656
United States Virgin Islands,VIR,2015,8.9777355
United States Virgin Islands,VIR,2022,10.066237
Upper-middle-income countries,OWID_UMC,2015,14.2
Upper-middle-income countries,OWID_UMC,2016,16.1
Upper-middle-income countries,OWID_UMC,2017,19.1
Upper-middle-income countries,OWID_UMC,2018,19.9
Upper-middle-income countries,OWID_UMC,2019,21.6
Upper-middle-income countries,OWID_UMC,2020,23.39
Upper-middle-income countries,OWID_UMC,2021,25.76
Upper-middle-income countries,OWID_UMC,2022,27.95
Upper-middle-income countries,OWID_UMC,2023,29.83
Upper-middle-income countries,OWID_UMC,2024,31.37
Upper-middle-income countries,OWID_UMC,2025,33.01
Uruguay,URY,2004,0.82238144
Uruguay,URY,2005,1.4772484
Uruguay,URY,2006,3.240061
Uruguay,URY,2007,5.007901
Uruguay,URY,2008,7.405145
Uruguay,URY,2009,9.591398
Uruguay,URY,2010,11.557624
Uruguay,URY,2011,14.214033
Uruguay,URY,2012,17.409271
Uruguay,URY,2013,22.032997
Uruguay,URY,2014,25.035084
Uruguay,URY,2015,26.749657
Uruguay,URY,2016,27.274336
Uruguay,URY,2017,28.133347
Uruguay,URY,2018,28.793055
Uruguay,URY,2019,29.801254
Uruguay,URY,2020,31.294823
Uruguay,URY,2021,32.545105
Uruguay,URY,2022,33.486557
Uruguay,URY,2023,32.40321
Uruguay,URY,2024,33.044025
Uzbekistan,UZB,2003,0.010722929
Uzbekistan,UZB,2004,0.02118378
Uzbekistan,UZB,2005,0.031380687
Uzbekistan,UZB,2006,0.032356966
Uzbekistan,UZB,2007,0.070837624
Uzbekistan,UZB,2008,0.23990014
Uzbekistan,UZB,2009,0.3175989
Uzbekistan,UZB,2010,0.4157051
Uzbekistan,UZB,2011,0.5126427
Uzbekistan,UZB,2012,0.7537958
Uzbekistan,UZB,2013,1.0304781
Uzbekistan,UZB,2014,2.714655
Uzbekistan,UZB,2015,5.8140616
Uzbekistan,UZB,2016,8.778642
Uzbekistan,UZB,2017,10.434619
Uzbekistan,UZB,2018,12.737298
Uzbekistan,UZB,2019,10.55543
Uzbekistan,UZB,2020,15.807042
Uzbekistan,UZB,2021,21.89442
Uzbekistan,UZB,2022,25.799223
Uzbekistan,UZB,2023,30.269924
Uzbekistan,UZB,2024,34.73814
Vanuatu,VUT,2003,0.007472129
Vanuatu,VUT,2004,0.011180734
Vanuatu,VUT,2005,0.027993927
Vanuatu,VUT,2006,0.043997165
Vanuatu,VUT,2007,0.058750156
Vanuatu,VUT,2008,0.08814611
Vanuatu,VUT,2009,0.21484031
Vanuatu,VUT,2010,0.20986535
Vanuatu,VUT,2011,0.13841313
Vanuatu,VUT,2012,0.12455652
Vanuatu,VUT,2013,0.121816084
Vanuatu,VUT,2014,1.7556871
Vanuatu,VUT,2015,1.6148005
Vanuatu,VUT,2016,1.6119844
Vanuatu,VUT,2019,2.7015085
Vanuatu,VUT,2020,0.9318807
Vanuatu,VUT,2021,1.0321445
Vanuatu,VUT,2022,1.1263521
Vanuatu,VUT,2023,1.2334235
Vanuatu,VUT,2024,1.1556637
Venezuela,VEN,2000,0.018237261
Venezuela,VEN,2001,0.14666179
Venezuela,VEN,2002,0.3072496
Venezuela,VEN,2003,0.4518532
Venezuela,VEN,2004,0.7980346
Venezuela,VEN,2005,1.3298014
Venezuela,VEN,2006,1.9747813
Venezuela,VEN,2007,3.1024656
Venezuela,VEN,2008,3.9749522
Venezuela,VEN,2009,4.928382
Venezuela,VEN,2010,5.80665
Venezuela,VEN,2011,6.221089
Venezuela,VEN,2012,6.891524
Venezuela,VEN,2013,7.466623
Venezuela,VEN,2014,7.933089
Venezuela,VEN,2015,8.470319
Venezuela,VEN,2016,8.49644
Venezuela,VEN,2017,8.531985
Venezuela,VEN,2018,8.737968
Venezuela,VEN,2019,8.850374
Venezuela,VEN,2020,9.006064
Venezuela,VEN,2021,9.242436
Venezuela,VEN,2022,9.580361
Venezuela,VEN,2023,10.638054
Venezuela,VEN,2024,12.944664
Vietnam,VNM,2002,0.0013659637
Vietnam,VNM,2003,0.011537914
Vietnam,VNM,2004,0.065608256
Vietnam,VNM,2005,0.2590065
Vietnam,VNM,2006,0.628675
Vietnam,VNM,2007,1.547362
Vietnam,VNM,2008,2.405558
Vietnam,VNM,2009,3.7175322
Vietnam,VNM,2010,4.19566
Vietnam,VNM,2011,4.338509
Vietnam,VNM,2012,5.3349895
Vietnam,VNM,2013,5.688859
Vietnam,VNM,2014,6.5451074
Vietnam,VNM,2015,8.249678
Vietnam,VNM,2016,9.679018
Vietnam,VNM,2017,11.841032
Vietnam,VNM,2018,13.502507
Vietnam,VNM,2019,15.232896
Vietnam,VNM,2020,17.02629
Vietnam,VNM,2021,19.536232
Vietnam,VNM,2022,21.368137
Vietnam,VNM,2023,22.680668
Vietnam,VNM,2024,23.71126
World,OWID_WRL,2005,3.4
World,OWID_WRL,2006,4.3
World,OWID_WRL,2007,5.2
World,OWID_WRL,2008,6.1
World,OWID_WRL,2009,6.9
World,OWID_WRL,2010,7.6
World,OWID_WRL,2011,8.6
World,OWID_WRL,2012,9.2
World,OWID_WRL,2013,9.7
World,OWID_WRL,2014,10.1
World,OWID_WRL,2015,11.3
World,OWID_WRL,2016,12.2
World,OWID_WRL,2017,13.5
World,OWID_WRL,2018,14
World,OWID_WRL,2019,14.7
World,OWID_WRL,2020,15.58
World,OWID_WRL,2021,16.74
World,OWID_WRL,2022,17.73
World,OWID_WRL,2023,18.58
World,OWID_WRL,2024,19.31
World,OWID_WRL,2025,20.11
Yemen,YEM,2005,0.006573034
Yemen,YEM,2006,0.011812387
Yemen,YEM,2007,0.04523383
Yemen,YEM,2008,0.103536405
Yemen,YEM,2009,0.20827127
Yemen,YEM,2010,0.3139672
Yemen,YEM,2011,0.39517242
Yemen,YEM,2012,0.5883874
Yemen,YEM,2013,0.8760632
Yemen,YEM,2014,1.1248479
Yemen,YEM,2015,1.2676761
Yemen,YEM,2016,0.8602539
Yemen,YEM,2017,1.1151216
Yemen,YEM,2018,1.1334251
Yemen,YEM,2019,1.0879655
Yemen,YEM,2020,1.0820575
Yemen,YEM,2021,1.0921714
Yemen,YEM,2022,1.2712413
Zambia,ZMB,2000,0.0002096304
Zambia,ZMB,2001,0.00030023674
Zambia,ZMB,2002,0.00045079103
Zambia,ZMB,2003,0.00082850835
Zambia,ZMB,2004,0.002204936
Zambia,ZMB,2005,0.0021333208
Zambia,ZMB,2006,0.019283481
Zambia,ZMB,2007,0.031834245
Zambia,ZMB,2008,0.04379739
Zambia,ZMB,2009,0.07933055
Zambia,ZMB,2010,0.073516384
Zambia,ZMB,2011,0.11369464
Zambia,ZMB,2012,0.10057244
Zambia,ZMB,2013,0.08732387
Zambia,ZMB,2014,0.12910093
Zambia,ZMB,2015,0.14262988
Zambia,ZMB,2016,0.18791063
Zambia,ZMB,2017,0.20590185
Zambia,ZMB,2018,0.40185675
Zambia,ZMB,2019,0.48013273
Zambia,ZMB,2020,0.43189722
Zambia,ZMB,2021,0.41110802
Zambia,ZMB,2022,0.42894986
Zambia,ZMB,2023,0.68138987
Zambia,ZMB,2024,0.78979754
Zimbabwe,ZWE,2001,0.00644008
Zimbabwe,ZWE,2002,0.02355296
Zimbabwe,ZWE,2003,0.052205946
Zimbabwe,ZWE,2004,0.07251395
Zimbabwe,ZWE,2005,0.08158814
Zimbabwe,ZWE,2006,0.080718905
Zimbabwe,ZWE,2007,0.11879046
Zimbabwe,ZWE,2008,0.13889802
Zimbabwe,ZWE,2009,0.35859966
Zimbabwe,ZWE,2010,0.24706982
Zimbabwe,ZWE,2011,0.25008413
Zimbabwe,ZWE,2012,0.5203762
Zimbabwe,ZWE,2013,0.74152577
Zimbabwe,ZWE,2014,1.0715151
Zimbabwe,ZWE,2015,1.1388767
Zimbabwe,ZWE,2016,1.1700997
Zimbabwe,ZWE,2017,1.2645416
Zimbabwe,ZWE,2018,1.3506047
Zimbabwe,ZWE,2019,1.3386096
Zimbabwe,ZWE,2020,1.3103784
Zimbabwe,ZWE,2021,1.2998055
Zimbabwe,ZWE,2022,1.6215016
Zimbabwe,ZWE,2023,1.574578
Zimbabwe,ZWE,2024,1.9386544