Entity,Code,Year,Mobile cellular subscriptions (per 100 people)
Afghanistan,AFG,1980,0
Afghanistan,AFG,1981,0
Afghanistan,AFG,1982,0
Afghanistan,AFG,1983,0
Afghanistan,AFG,1984,0
Afghanistan,AFG,1985,0
Afghanistan,AFG,1986,0
Afghanistan,AFG,1987,0
Afghanistan,AFG,1988,0
Afghanistan,AFG,1989,0
Afghanistan,AFG,1990,0
Afghanistan,AFG,1991,0
Afghanistan,AFG,1992,0
Afghanistan,AFG,1993,0
Afghanistan,AFG,1994,0
Afghanistan,AFG,1995,0
Afghanistan,AFG,1996,0
Afghanistan,AFG,1997,0
Afghanistan,AFG,1998,0
Afghanistan,AFG,1999,0
Afghanistan,AFG,2000,0
Afghanistan,AFG,2001,0
Afghanistan,AFG,2002,0.11694201
Afghanistan,AFG,2003,0.8797764
Afghanistan,AFG,2004,2.5466187
Afghanistan,AFG,2005,4.9171124
Afghanistan,AFG,2006,9.913298
Afghanistan,AFG,2007,18.016684
Afghanistan,AFG,2008,29.826763
Afghanistan,AFG,2009,38.228943
Afghanistan,AFG,2010,36.118683
Afghanistan,AFG,2011,47.015182
Afghanistan,AFG,2012,50.196655
Afghanistan,AFG,2013,53.149017
Afghanistan,AFG,2014,56.13221
Afghanistan,AFG,2015,58.256016
Afghanistan,AFG,2016,62.255333
Afghanistan,AFG,2017,67.05079
Afghanistan,AFG,2018,59.810936
Afghanistan,AFG,2019,59.64708
Afghanistan,AFG,2020,58.046112
Afghanistan,AFG,2021,56.694477
Afghanistan,AFG,2022,56.26552
Afghanistan,AFG,2023,55.547497
Afghanistan,AFG,2024,60.099083
Albania,ALB,1980,0
Albania,ALB,1981,0
Albania,ALB,1982,0
Albania,ALB,1983,0
Albania,ALB,1984,0
Albania,ALB,1985,0
Albania,ALB,1986,0
Albania,ALB,1987,0
Albania,ALB,1988,0
Albania,ALB,1989,0
Albania,ALB,1990,0
Albania,ALB,1991,0
Albania,ALB,1992,0
Albania,ALB,1993,0
Albania,ALB,1994,0
Albania,ALB,1995,0
Albania,ALB,1996,0.07030778
Albania,ALB,1997,0.1014224
Albania,ALB,1998,0.17325795
Albania,ALB,1999,0.34311435
Albania,ALB,2000,0.94092256
Albania,ALB,2001,12.473225
Albania,ALB,2002,27.153
Albania,ALB,2003,35.27803
Albania,ALB,2004,40.649548
Albania,ALB,2005,49.74528
Albania,ALB,2006,62.602573
Albania,ALB,2007,76.82841
Albania,ALB,2008,62.134163
Albania,ALB,2009,83.192924
Albania,ALB,2010,91.929924
Albania,ALB,2011,106.47418
Albania,ALB,2012,120.27475
Albania,ALB,2013,126.77181
Albania,ALB,2014,115.70056
Albania,ALB,2015,117.32966
Albania,ALB,2016,116.28401
Albania,ALB,2017,125.09994
Albania,ALB,2018,93.803085
Albania,ALB,2019,91.1635
Albania,ALB,2020,91.18809
Albania,ALB,2021,92.48434
Albania,ALB,2022,98.39504
Albania,ALB,2023,92.99733
Albania,ALB,2024,89.13286
Algeria,DZA,1980,0
Algeria,DZA,1981,0
Algeria,DZA,1982,0
Algeria,DZA,1983,0
Algeria,DZA,1984,0
Algeria,DZA,1985,0
Algeria,DZA,1986,0
Algeria,DZA,1987,0
Algeria,DZA,1988,0
Algeria,DZA,1989,0
Algeria,DZA,1990,0.001841832
Algeria,DZA,1991,0.018294243
Algeria,DZA,1992,0.01787403
Algeria,DZA,1993,0.01747804
Algeria,DZA,1994,0.004825141
Algeria,DZA,1995,0.016472353
Algeria,DZA,1996,0.040366217
Algeria,DZA,1997,0.059031013
Algeria,DZA,1998,0.060151044
Algeria,DZA,1999,0.2372629
Algeria,DZA,2000,0.2782821
Algeria,DZA,2001,0.31917045
Algeria,DZA,2002,1.4180541
Algeria,DZA,2003,4.496939
Algeria,DZA,2004,14.963746
Algeria,DZA,2005,41.261448
Algeria,DZA,2006,62.450222
Algeria,DZA,2007,80.6177
Algeria,DZA,2008,77.6388
Algeria,DZA,2009,92.22151
Algeria,DZA,2010,90.58238
Algeria,DZA,2011,96.51129
Algeria,DZA,2012,99.685326
Algeria,DZA,2013,102.87101
Algeria,DZA,2014,110.44035
Algeria,DZA,2015,108.01637
Algeria,DZA,2016,115.1542
Algeria,DZA,2017,109.969864
Algeria,DZA,2018,110.938065
Algeria,DZA,2019,104.922066
Algeria,DZA,2020,103.43667
Algeria,DZA,2021,105.037094
Algeria,DZA,2022,107.78712
Algeria,DZA,2023,111.60624
Algeria,DZA,2024,115.457275
American Samoa,ASM,1980,0
American Samoa,ASM,1981,0
American Samoa,ASM,1982,0
American Samoa,ASM,1983,0
American Samoa,ASM,1984,0
American Samoa,ASM,1985,0
American Samoa,ASM,1986,0
American Samoa,ASM,1990,0
American Samoa,ASM,1991,0
American Samoa,ASM,1992,1.3978194
American Samoa,ASM,1993,1.7587056
American Samoa,ASM,1994,2.2949817
American Samoa,ASM,1995,2.34078
American Samoa,ASM,1996,2.3853211
American Samoa,ASM,1997,2.5189824
American Samoa,ASM,1998,2.6500363
American Samoa,ASM,1999,3.1253254
American Samoa,ASM,2000,3.5036497
American Samoa,ASM,2001,3.7789423
American Samoa,ASM,2002,3.5680487
American Samoa,ASM,2003,3.686086
American Samoa,ASM,2004,3.9600127
Andorra,AND,1980,0
Andorra,AND,1981,0
Andorra,AND,1982,0
Andorra,AND,1983,0
Andorra,AND,1984,0
Andorra,AND,1985,0
Andorra,AND,1986,0
Andorra,AND,1987,0
Andorra,AND,1988,0
Andorra,AND,1989,0
Andorra,AND,1990,0
Andorra,AND,1991,0
Andorra,AND,1992,1.3442034
Andorra,AND,1993,1.3185476
Andorra,AND,1994,1.2844667
Andorra,AND,1995,4.4892573
Andorra,AND,1996,8.555349
Andorra,AND,1997,13.323645
Andorra,AND,1998,21.65649
Andorra,AND,1999,31.376133
Andorra,AND,2000,35.842278
Andorra,AND,2001,44.689606
Andorra,AND,2002,49.30382
Andorra,AND,2003,74.68123
Andorra,AND,2004,78.52808
Andorra,AND,2005,83.38823
Andorra,AND,2006,86.70478
Andorra,AND,2007,77.55902
Andorra,AND,2008,76.89323
Andorra,AND,2009,76.94664
Andorra,AND,2010,81.15258
Andorra,AND,2011,83.62238
Andorra,AND,2012,83.12075
Andorra,AND,2013,85.02141
Andorra,AND,2014,89.83414
Andorra,AND,2015,98.83892
Andorra,AND,2016,105.47374
Andorra,AND,2017,108.91233
Andorra,AND,2018,109.91458
Andorra,AND,2019,114.9528
Andorra,AND,2020,103.87697
Andorra,AND,2021,119.687614
Andorra,AND,2022,142.42645
Andorra,AND,2023,156.09726
Andorra,AND,2024,155.69211
Angola,AGO,1980,0
Angola,AGO,1981,0
Angola,AGO,1982,0
Angola,AGO,1983,0
Angola,AGO,1984,0
Angola,AGO,1985,0
Angola,AGO,1986,0
Angola,AGO,1987,0
Angola,AGO,1988,0
Angola,AGO,1989,0
Angola,AGO,1990,0
Angola,AGO,1991,0
Angola,AGO,1992,0
Angola,AGO,1993,0.008436702
Angola,AGO,1994,0.013549219
Angola,AGO,1995,0.01433269
Angola,AGO,1996,0.02292929
Angola,AGO,1997,0.04742069
Angola,AGO,1998,0.063903734
Angola,AGO,1999,0.15122157
Angola,AGO,2000,0.15934676
Angola,AGO,2001,0.44783583
Angola,AGO,2002,0.80795497
Angola,AGO,2003,1.950544
Angola,AGO,2004,3.978404
Angola,AGO,2005,8.351586
Angola,AGO,2006,15.261441
Angola,AGO,2007,23.87815
Angola,AGO,2008,31.389149
Angola,AGO,2009,36.178913
Angola,AGO,2010,40.366756
Angola,AGO,2011,49.851524
Angola,AGO,2012,50.780113
Angola,AGO,2013,50.773487
Angola,AGO,2014,51.738438
Angola,AGO,2015,49.309723
Angola,AGO,2016,44.55023
Angola,AGO,2017,44.06821
Angola,AGO,2018,42.458878
Angola,AGO,2019,45.80653
Angola,AGO,2020,43.78043
Angola,AGO,2021,44.386868
Angola,AGO,2022,66.60081
Angola,AGO,2023,70.051956
Angola,AGO,2024,69.70395
Antigua and Barbuda,ATG,1980,0
Antigua and Barbuda,ATG,1981,0
Antigua and Barbuda,ATG,1982,0
Antigua and Barbuda,ATG,1983,0
Antigua and Barbuda,ATG,1984,0
Antigua and Barbuda,ATG,1985,0
Antigua and Barbuda,ATG,1986,0
Antigua and Barbuda,ATG,1987,0
Antigua and Barbuda,ATG,1988,0
Antigua and Barbuda,ATG,1990,0
Antigua and Barbuda,ATG,1996,1.8625176
Antigua and Barbuda,ATG,1997,1.9657952
Antigua and Barbuda,ATG,1998,2.066913
Antigua and Barbuda,ATG,1999,11.5143385
Antigua and Barbuda,ATG,2000,29.367792
Antigua and Barbuda,ATG,2001,32.8649
Antigua and Barbuda,ATG,2002,49.59627
Antigua and Barbuda,ATG,2003,59.19059
Antigua and Barbuda,ATG,2004,68.598434
Antigua and Barbuda,ATG,2005,108.025276
Antigua and Barbuda,ATG,2006,136.68924
Antigua and Barbuda,ATG,2007,137.54651
Antigua and Barbuda,ATG,2008,164.74335
Antigua and Barbuda,ATG,2009,160.29488
Antigua and Barbuda,ATG,2010,196.8706
Antigua and Barbuda,ATG,2011,203.87341
Antigua and Barbuda,ATG,2012,145.97868
Antigua and Barbuda,ATG,2013,129.85783
Antigua and Barbuda,ATG,2014,135.2346
Antigua and Barbuda,ATG,2015,196.84819
Antigua and Barbuda,ATG,2016,200.06891
Antigua and Barbuda,ATG,2017,203.38683
Antigua and Barbuda,ATG,2019,201.39223
Antigua and Barbuda,ATG,2020,200.33534
Antigua and Barbuda,ATG,2021,199.24417
Antigua and Barbuda,ATG,2022,200.54071
Argentina,ARG,1980,0
Argentina,ARG,1981,0
Argentina,ARG,1982,0
Argentina,ARG,1983,0
Argentina,ARG,1984,0
Argentina,ARG,1985,0
Argentina,ARG,1986,0
Argentina,ARG,1987,0
Argentina,ARG,1988,0
Argentina,ARG,1989,0.007150459
Argentina,ARG,1990,0.036767345
Argentina,ARG,1991,0.07551555
Argentina,ARG,1992,0.13879173
Argentina,ARG,1993,0.32914805
Argentina,ARG,1994,0.6992523
Argentina,ARG,1995,1.1600575
Argentina,ARG,1996,1.8848037
Argentina,ARG,1997,5.609433
Argentina,ARG,1998,7.3713126
Argentina,ARG,1999,10.50082
Argentina,ARG,2000,17.434172
Argentina,ARG,2001,17.918465
Argentina,ARG,2002,17.26756
Argentina,ARG,2003,20.409576
Argentina,ARG,2004,34.81145
Argentina,ARG,2005,56.4973
Argentina,ARG,2006,79.52728
Argentina,ARG,2007,100.96212
Argentina,ARG,2008,115.051956
Argentina,ARG,2009,128.46162
Argentina,ARG,2010,138.25165
Argentina,ARG,2011,145.51106
Argentina,ARG,2012,152.57358
Argentina,ARG,2013,158.19078
Argentina,ARG,2014,142.32549
Argentina,ARG,2015,142.2407
Argentina,ARG,2016,145.14659
Argentina,ARG,2017,139.75824
Argentina,ARG,2018,131.22426
Argentina,ARG,2019,125.30266
Argentina,ARG,2020,121.18061
Argentina,ARG,2021,130.3528
Argentina,ARG,2022,131.48355
Argentina,ARG,2023,137.70609
Argentina,ARG,2024,140.23499
Armenia,ARM,1980,0
Armenia,ARM,1981,0
Armenia,ARM,1982,0
Armenia,ARM,1983,0
Armenia,ARM,1984,0
Armenia,ARM,1985,0
Armenia,ARM,1986,0
Armenia,ARM,1987,0
Armenia,ARM,1988,0
Armenia,ARM,1989,0
Armenia,ARM,1990,0
Armenia,ARM,1991,0
Armenia,ARM,1992,0
Armenia,ARM,1993,0
Armenia,ARM,1994,0
Armenia,ARM,1995,0
Armenia,ARM,1996,0.009093946
Armenia,ARM,1997,0.15283892
Armenia,ARM,1998,0.24165651
Armenia,ARM,1999,0.2545516
Armenia,ARM,2000,0.5594396
Armenia,ARM,2001,0.8268844
Armenia,ARM,2002,2.3350012
Armenia,ARM,2003,3.7637448
Armenia,ARM,2004,6.7264266
Armenia,ARM,2005,10.579071
Armenia,ARM,2006,42.127197
Armenia,ARM,2007,63.076477
Armenia,ARM,2008,48.71638
Armenia,ARM,2009,74.4012
Armenia,ARM,2010,131.87483
Armenia,ARM,2011,109.85006
Armenia,ARM,2012,113.69736
Armenia,ARM,2013,114.499725
Armenia,ARM,2014,118.36542
Armenia,ARM,2015,118.59911
Armenia,ARM,2016,117.6708
Armenia,ARM,2017,119.676445
Armenia,ARM,2018,123
Armenia,ARM,2019,124.6137
Armenia,ARM,2020,120.68237
Armenia,ARM,2021,125.395134
Armenia,ARM,2022,130.54007
Armenia,ARM,2023,134.51996
Armenia,ARM,2024,134.88695
Aruba,ABW,1980,0
Aruba,ABW,1981,0
Aruba,ABW,1982,0
Aruba,ABW,1983,0
Aruba,ABW,1984,0
Aruba,ABW,1985,0
Aruba,ABW,1986,0
Aruba,ABW,1987,0
Aruba,ABW,1988,0
Aruba,ABW,1989,0
Aruba,ABW,1990,0
Aruba,ABW,1991,0
Aruba,ABW,1992,0.028493276
Aruba,ABW,1995,2.229721
Aruba,ABW,1996,3.7775288
Aruba,ABW,1997,4.1559772
Aruba,ABW,1998,6.377808
Aruba,ABW,1999,13.814221
Aruba,ABW,2000,16.899313
Aruba,ABW,2001,58.689995
Aruba,ABW,2002,67.63042
Aruba,ABW,2003,75.77944
Aruba,ABW,2004,105.55287
Aruba,ABW,2005,109.74955
Aruba,ABW,2006,114.2968
Aruba,ABW,2007,117.59968
Aruba,ABW,2008,123.517204
Aruba,ABW,2009,129.26028
Aruba,ABW,2010,131.64992
Aruba,ABW,2012,132.66118
Aruba,ABW,2013,135.33806
Aruba,ABW,2014,135.14168
Aruba,ABW,2015,135.33748
Aruba,ABW,2019,131.68217
Aruba,ABW,2020,131.28491
Aruba,ABW,2021,131.09206
Aruba,ABW,2022,130.64798
Australia,AUS,1980,0
Australia,AUS,1981,0
Australia,AUS,1982,0
Australia,AUS,1983,0
Australia,AUS,1984,0
Australia,AUS,1985,0
Australia,AUS,1986,0
Australia,AUS,1987,0.027202979
Australia,AUS,1988,0.19134809
Australia,AUS,1989,0.56278694
Australia,AUS,1990,1.0848367
Australia,AUS,1991,1.6875546
Australia,AUS,1992,2.8460982
Australia,AUS,1993,3.9134479
Australia,AUS,1994,6.851814
Australia,AUS,1995,12.453481
Australia,AUS,1996,21.908817
Australia,AUS,1997,24.866583
Australia,AUS,1998,26.43849
Australia,AUS,1999,33.588833
Australia,AUS,2000,44.751144
Australia,AUS,2001,57.483868
Australia,AUS,2002,64.65818
Australia,AUS,2003,72.38847
Australia,AUS,2004,82.20814
Australia,AUS,2005,90.76355
Australia,AUS,2006,95.96631
Australia,AUS,2007,101.45768
Australia,AUS,2008,103.50674
Australia,AUS,2009,101.91428
Australia,AUS,2010,101.61876
Australia,AUS,2011,105.82401
Australia,AUS,2012,106.49971
Australia,AUS,2013,107.3322
Australia,AUS,2014,106.20624
Australia,AUS,2015,107.60814
Australia,AUS,2016,109.128815
Australia,AUS,2017,107.79976
Australia,AUS,2018,110.033134
Australia,AUS,2019,109.75283
Australia,AUS,2020,104.93015
Australia,AUS,2021,105.118515
Australia,AUS,2022,109.46917
Australia,AUS,2023,112.513176
Australia,AUS,2024,112.581024
Austria,AUT,1980,0
Austria,AUT,1981,0
Austria,AUT,1982,0
Austria,AUT,1983,0
Austria,AUT,1984,0
Austria,AUT,1985,0.12909089
Austria,AUT,1986,0.25245637
Austria,AUT,1987,0.34629798
Austria,AUT,1988,0.4866188
Austria,AUT,1989,0.66568315
Austria,AUT,1990,0.95976824
Austria,AUT,1991,1.4879756
Austria,AUT,1992,2.1994267
Austria,AUT,1993,2.793817
Austria,AUT,1994,3.5058122
Austria,AUT,1995,4.825981
Austria,AUT,1996,7.5233088
Austria,AUT,1997,14.556125
Austria,AUT,1998,28.74799
Austria,AUT,1999,53.18725
Austria,AUT,2000,76.339134
Austria,AUT,2001,81.33313
Austria,AUT,2002,83.34946
Austria,AUT,2003,89.55258
Austria,AUT,2004,97.77952
Austria,AUT,2005,105.29572
Austria,AUT,2006,112.226295
Austria,AUT,2007,119.46556
Austria,AUT,2008,129.94919
Austria,AUT,2009,137.01509
Austria,AUT,2010,146.33432
Austria,AUT,2011,155.155
Austria,AUT,2012,161.15564
Austria,AUT,2013,156.48349
Austria,AUT,2014,151.53114
Austria,AUT,2015,155.83714
Austria,AUT,2016,126.79752
Austria,AUT,2017,123.41486
Austria,AUT,2018,124.23021
Austria,AUT,2019,120.776375
Austria,AUT,2020,120.131805
Austria,AUT,2021,121.357735
Austria,AUT,2022,121.16646
Austria,AUT,2023,121.74621
Austria,AUT,2024,124.4593
Azerbaijan,AZE,1980,0
Azerbaijan,AZE,1981,0
Azerbaijan,AZE,1982,0
Azerbaijan,AZE,1983,0
Azerbaijan,AZE,1984,0
Azerbaijan,AZE,1985,0
Azerbaijan,AZE,1986,0
Azerbaijan,AZE,1987,0
Azerbaijan,AZE,1988,0
Azerbaijan,AZE,1989,0
Azerbaijan,AZE,1990,0
Azerbaijan,AZE,1991,0
Azerbaijan,AZE,1992,0
Azerbaijan,AZE,1993,0
Azerbaijan,AZE,1994,0.006392325
Azerbaijan,AZE,1995,0.076052085
Azerbaijan,AZE,1996,0.21386063
Azerbaijan,AZE,1997,0.49999613
Azerbaijan,AZE,1998,0.8083475
Azerbaijan,AZE,1999,4.567084
Azerbaijan,AZE,2000,5.142643
Azerbaijan,AZE,2001,8.846586
Azerbaijan,AZE,2002,9.538642
Azerbaijan,AZE,2003,12.58373
Azerbaijan,AZE,2004,17.156002
Azerbaijan,AZE,2005,26.078112
Azerbaijan,AZE,2006,38.151245
Azerbaijan,AZE,2007,51.187595
Azerbaijan,AZE,2008,73.222244
Azerbaijan,AZE,2009,85.74875
Azerbaijan,AZE,2010,99.48903
Azerbaijan,AZE,2011,109.33385
Azerbaijan,AZE,2012,107.98853
Azerbaijan,AZE,2013,106.58318
Azerbaijan,AZE,2014,109.566696
Azerbaijan,AZE,2015,109.68211
Azerbaijan,AZE,2016,103.24846
Azerbaijan,AZE,2017,101.589905
Azerbaijan,AZE,2018,102.987274
Azerbaijan,AZE,2019,106.32834
Azerbaijan,AZE,2020,101.59668
Azerbaijan,AZE,2021,105.69356
Azerbaijan,AZE,2022,107.506294
Azerbaijan,AZE,2023,107.68673
Azerbaijan,AZE,2024,109.54315
Bahamas,BHS,1980,0
Bahamas,BHS,1981,0
Bahamas,BHS,1982,0
Bahamas,BHS,1983,0
Bahamas,BHS,1984,0
Bahamas,BHS,1985,0
Bahamas,BHS,1986,0
Bahamas,BHS,1987,0
Bahamas,BHS,1988,0
Bahamas,BHS,1989,0
Bahamas,BHS,1990,0.71006614
Bahamas,BHS,1991,0.7317303
Bahamas,BHS,1992,0.9220741
Bahamas,BHS,1993,0.8332061
Bahamas,BHS,1995,1.3687015
Bahamas,BHS,1996,1.6226568
Bahamas,BHS,1997,1.9989039
Bahamas,BHS,1998,2.559306
Bahamas,BHS,1999,4.9679646
Bahamas,BHS,2000,9.734587
Bahamas,BHS,2001,18.471127
Bahamas,BHS,2002,36.717087
Bahamas,BHS,2003,36.418785
Bahamas,BHS,2004,54.743042
Bahamas,BHS,2005,66.23291
Bahamas,BHS,2006,72.61916
Bahamas,BHS,2007,105.84857
Bahamas,BHS,2008,99.98045
Bahamas,BHS,2009,98.89805
Bahamas,BHS,2010,116.57215
Bahamas,BHS,2011,80.37845
Bahamas,BHS,2012,79.90007
Bahamas,BHS,2013,75.734985
Bahamas,BHS,2014,82.355125
Bahamas,BHS,2015,80.752106
Bahamas,BHS,2016,92.82189
Bahamas,BHS,2017,90.53869
Bahamas,BHS,2018,98.978905
Bahamas,BHS,2019,107.812
Bahamas,BHS,2020,117.71749
Bahamas,BHS,2021,100.25733
Bahamas,BHS,2022,101.62374
Bahamas,BHS,2023,100.04757
Bahamas,BHS,2024,96.6799
Bahrain,BHR,1980,0
Bahrain,BHR,1981,0
Bahrain,BHR,1982,0
Bahrain,BHR,1983,0
Bahrain,BHR,1984,0
Bahrain,BHR,1985,0
Bahrain,BHR,1986,0.13727355
Bahrain,BHR,1987,0.36693788
Bahrain,BHR,1988,0.59710014
Bahrain,BHR,1989,0.849607
Bahrain,BHR,1990,0.994747
Bahrain,BHR,1991,1.373514
Bahrain,BHR,1992,1.7463523
Bahrain,BHR,1993,1.9799358
Bahrain,BHR,1994,2.9693859
Bahrain,BHR,1995,4.5029316
Bahrain,BHR,1996,6.334195
Bahrain,BHR,1997,8.970155
Bahrain,BHR,1998,13.689991
Bahrain,BHR,1999,19.283577
Bahrain,BHR,2000,30.724737
Bahrain,BHR,2001,42.800835
Bahrain,BHR,2002,51.71385
Bahrain,BHR,2003,54.618774
Bahrain,BHR,2004,74.561935
Bahrain,BHR,2005,82.25388
Bahrain,BHR,2006,91.23432
Bahrain,BHR,2007,105.53941
Bahrain,BHR,2008,128.5593
Bahrain,BHR,2009,118.449486
Bahrain,BHR,2010,129.15787
Bahrain,BHR,2011,140.3506
Bahrain,BHR,2012,174.61957
Bahrain,BHR,2013,175.80215
Bahrain,BHR,2014,177.40013
Bahrain,BHR,2015,183.91962
Bahrain,BHR,2016,209.48914
Bahrain,BHR,2017,159.54689
Bahrain,BHR,2018,139.73543
Bahrain,BHR,2019,129.14275
Bahrain,BHR,2020,119.4116
Bahrain,BHR,2021,128.07892
Bahrain,BHR,2022,139.63614
Bahrain,BHR,2023,153.89993
Bahrain,BHR,2024,159.53615
Bangladesh,BGD,1980,0
Bangladesh,BGD,1981,0
Bangladesh,BGD,1982,0
Bangladesh,BGD,1983,0
Bangladesh,BGD,1984,0
Bangladesh,BGD,1985,0
Bangladesh,BGD,1986,0
Bangladesh,BGD,1987,0
Bangladesh,BGD,1988,0
Bangladesh,BGD,1989,0
Bangladesh,BGD,1990,0
Bangladesh,BGD,1991,0
Bangladesh,BGD,1992,0.000224674
Bangladesh,BGD,1993,0.000440844
Bangladesh,BGD,1994,0.000954894
Bangladesh,BGD,1995,0.002122361
Bangladesh,BGD,1996,0.003336757
Bangladesh,BGD,1997,0.021304624
Bangladesh,BGD,1998,0.060313404
Bangladesh,BGD,1999,0.11754977
Bangladesh,BGD,2000,0.20736665
Bangladesh,BGD,2001,0.38010082
Bangladesh,BGD,2002,0.7737506
Bangladesh,BGD,2003,0.9682887
Bangladesh,BGD,2004,1.9464692
Bangladesh,BGD,2005,6.2190866
Bangladesh,BGD,2006,13.067079
Bangladesh,BGD,2007,23.224655
Bangladesh,BGD,2008,29.864674
Bangladesh,BGD,2009,34.04126
Bangladesh,BGD,2010,44.627464
Bangladesh,BGD,2011,54.93073
Bangladesh,BGD,2012,62.66843
Bangladesh,BGD,2013,74.45952
Bangladesh,BGD,2014,80.31282
Bangladesh,BGD,2015,82.4276
Bangladesh,BGD,2016,84.55955
Bangladesh,BGD,2017,93.068985
Bangladesh,BGD,2018,98.92891
Bangladesh,BGD,2019,100.399574
Bangladesh,BGD,2020,106.002144
Bangladesh,BGD,2021,110.012054
Bangladesh,BGD,2022,109.86654
Bangladesh,BGD,2023,111.28089
Bangladesh,BGD,2024,108.077034
Barbados,BRB,1980,0
Barbados,BRB,1981,0
Barbados,BRB,1982,0
Barbados,BRB,1983,0
Barbados,BRB,1984,0
Barbados,BRB,1985,0
Barbados,BRB,1986,0
Barbados,BRB,1987,0
Barbados,BRB,1988,0
Barbados,BRB,1989,0
Barbados,BRB,1990,0
Barbados,BRB,1991,0.187354
Barbados,BRB,1992,0.30590442
Barbados,BRB,1993,0.5977103
Barbados,BRB,1994,1.1336889
Barbados,BRB,1995,1.7590277
Barbados,BRB,1996,2.390846
Barbados,BRB,1997,3.0441754
Barbados,BRB,1998,4.5516267
Barbados,BRB,1999,7.6878524
Barbados,BRB,2000,10.862656
Barbados,BRB,2001,20.238544
Barbados,BRB,2002,36.794903
Barbados,BRB,2003,52.675938
Barbados,BRB,2004,74.87448
Barbados,BRB,2005,76.73442
Barbados,BRB,2006,87.8212
Barbados,BRB,2007,94.952965
Barbados,BRB,2008,105.847885
Barbados,BRB,2009,122.95976
Barbados,BRB,2010,127.182526
Barbados,BRB,2011,125.99343
Barbados,BRB,2012,126.12787
Barbados,BRB,2013,110.81987
Barbados,BRB,2014,109.73889
Barbados,BRB,2015,120.001434
Barbados,BRB,2016,118.8163
Barbados,BRB,2017,117.629944
Barbados,BRB,2018,117.31852
Barbados,BRB,2019,117.111595
Barbados,BRB,2020,104.72208
Barbados,BRB,2021,112.22271
Barbados,BRB,2022,114.58072
Belarus,BLR,1980,0
Belarus,BLR,1981,0
Belarus,BLR,1982,0
Belarus,BLR,1983,0
Belarus,BLR,1984,0
Belarus,BLR,1985,0
Belarus,BLR,1986,0
Belarus,BLR,1987,0
Belarus,BLR,1988,0
Belarus,BLR,1989,0
Belarus,BLR,1990,0
Belarus,BLR,1991,0
Belarus,BLR,1992,0
Belarus,BLR,1993,0.00309146
Belarus,BLR,1994,0.016457615
Belarus,BLR,1995,0.056367535
Belarus,BLR,1996,0.062741585
Belarus,BLR,1997,0.07852187
Belarus,BLR,1998,0.11735496
Belarus,BLR,1999,0.22755487
Belarus,BLR,2000,0.4939591
Belarus,BLR,2001,1.3919108
Belarus,BLR,2002,4.685596
Belarus,BLR,2003,11.404468
Belarus,BLR,2004,23.00222
Belarus,BLR,2005,42.403484
Belarus,BLR,2006,62.031406
Belarus,BLR,2007,72.779495
Belarus,BLR,2008,85.29431
Belarus,BLR,2009,101.88132
Belarus,BLR,2010,108.87335
Belarus,BLR,2011,112.901924
Belarus,BLR,2012,112.82242
Belarus,BLR,2013,117.43352
Belarus,BLR,2014,120.36607
Belarus,BLR,2015,120.669624
Belarus,BLR,2016,120.43151
Belarus,BLR,2017,120.212654
Belarus,BLR,2018,122.569756
Belarus,BLR,2019,123.22981
Belarus,BLR,2020,125.164734
Belarus,BLR,2021,127.11732
Belarus,BLR,2022,128.315
Belarus,BLR,2023,128.97917
Belarus,BLR,2024,131.12302
Belgium,BEL,1980,0
Belgium,BEL,1981,0
Belgium,BEL,1982,0
Belgium,BEL,1983,0
Belgium,BEL,1984,0
Belgium,BEL,1985,0
Belgium,BEL,1986,0.038410913
Belgium,BEL,1987,0.07295796
Belgium,BEL,1988,0.19312371
Belgium,BEL,1989,0.30985683
Belgium,BEL,1990,0.4305411
Belgium,BEL,1991,0.5148657
Belgium,BEL,1992,0.61359036
Belgium,BEL,1993,0.67475873
Belgium,BEL,1994,1.2719107
Belgium,BEL,1995,2.3303952
Belgium,BEL,1996,4.723512
Belgium,BEL,1997,9.59632
Belgium,BEL,1998,17.237871
Belgium,BEL,1999,31.167189
Belgium,BEL,2000,54.907875
Belgium,BEL,2001,74.82256
Belgium,BEL,2002,78.40703
Belgium,BEL,2003,82.93773
Belgium,BEL,2004,87.62546
Belgium,BEL,2005,91.65759
Belgium,BEL,2006,93.353836
Belgium,BEL,2007,101.05998
Belgium,BEL,2008,105.90115
Belgium,BEL,2009,108.899574
Belgium,BEL,2010,111.13154
Belgium,BEL,2011,113.20184
Belgium,BEL,2012,110.856224
Belgium,BEL,2013,110.34868
Belgium,BEL,2014,113.60026
Belgium,BEL,2015,113.292336
Belgium,BEL,2016,110.74872
Belgium,BEL,2017,99.8304
Belgium,BEL,2018,100.164024
Belgium,BEL,2019,100.16496
Belgium,BEL,2020,99.910065
Belgium,BEL,2021,101.46294
Belgium,BEL,2022,101.68036
Belgium,BEL,2023,103.19643
Belgium,BEL,2024,103.904655
Belize,BLZ,1980,0
Belize,BLZ,1981,0
Belize,BLZ,1982,0
Belize,BLZ,1983,0
Belize,BLZ,1984,0
Belize,BLZ,1985,0
Belize,BLZ,1986,0
Belize,BLZ,1987,0
Belize,BLZ,1988,0
Belize,BLZ,1989,0
Belize,BLZ,1990,0
Belize,BLZ,1991,0
Belize,BLZ,1992,0
Belize,BLZ,1993,0.20599762
Belize,BLZ,1994,0.41932103
Belize,BLZ,1995,0.7599874
Belize,BLZ,1996,1.040793
Belize,BLZ,1997,1.1717185
Belize,BLZ,1998,1.5717608
Belize,BLZ,1999,2.8320007
Belize,BLZ,2000,6.9817567
Belize,BLZ,2001,15.764215
Belize,BLZ,2002,20.20593
Belize,BLZ,2003,22.899006
Belize,BLZ,2004,27.605194
Belize,BLZ,2005,34.318684
Belize,BLZ,2006,40.989586
Belize,BLZ,2007,39.957447
Belize,BLZ,2008,52.579666
Belize,BLZ,2009,51.751682
Belize,BLZ,2010,60.641384
Belize,BLZ,2011,67.952446
Belize,BLZ,2012,51.559742
Belize,BLZ,2013,51.112762
Belize,BLZ,2014,49.380524
Belize,BLZ,2015,59.479755
Belize,BLZ,2016,61.12557
Belize,BLZ,2017,64.158554
Belize,BLZ,2018,64.78016
Belize,BLZ,2019,66.07046
Belize,BLZ,2020,67.55166
Belize,BLZ,2021,66.77695
Belize,BLZ,2022,67.175026
Benin,BEN,1980,0
Benin,BEN,1981,0
Benin,BEN,1982,0
Benin,BEN,1983,0
Benin,BEN,1984,0
Benin,BEN,1985,0
Benin,BEN,1986,0
Benin,BEN,1987,0
Benin,BEN,1988,0
Benin,BEN,1989,0
Benin,BEN,1990,0
Benin,BEN,1991,0
Benin,BEN,1992,0
Benin,BEN,1993,0
Benin,BEN,1994,0
Benin,BEN,1995,0.017365389
Benin,BEN,1996,0.043634124
Benin,BEN,1997,0.06724569
Benin,BEN,1998,0.095471226
Benin,BEN,1999,0.10707674
Benin,BEN,2000,0.76819336
Benin,BEN,2001,1.6788448
Benin,BEN,2002,2.8502653
Benin,BEN,2003,2.9846191
Benin,BEN,2004,5.629571
Benin,BEN,2005,7.076392
Benin,BEN,2006,12.144226
Benin,BEN,2007,22.91471
Benin,BEN,2008,39.2846
Benin,BEN,2009,52.93012
Benin,BEN,2010,72.21154
Benin,BEN,2011,76.9318
Benin,BEN,2012,80.86289
Benin,BEN,2013,89.90192
Benin,BEN,2014,78.51704
Benin,BEN,2015,82.01933
Benin,BEN,2016,76.01821
Benin,BEN,2017,72.86714
Benin,BEN,2018,76.408035
Benin,BEN,2019,81.32353
Benin,BEN,2020,85.239075
Benin,BEN,2021,94.91826
Benin,BEN,2022,105.74502
Benin,BEN,2023,116.03605
Benin,BEN,2024,125.94087
Bermuda,BMU,1980,0
Bermuda,BMU,1981,0
Bermuda,BMU,1982,0
Bermuda,BMU,1983,0
Bermuda,BMU,1984,0
Bermuda,BMU,1985,0
Bermuda,BMU,1986,0
Bermuda,BMU,1989,1.3044772
Bermuda,BMU,1990,1.9349226
Bermuda,BMU,1991,2.488164
Bermuda,BMU,1992,3.319502
Bermuda,BMU,1993,5.7882195
Bermuda,BMU,1994,8.673366
Bermuda,BMU,1995,10.634828
Bermuda,BMU,1996,13.335562
Bermuda,BMU,1997,17.062115
Bermuda,BMU,1998,20.744848
Bermuda,BMU,1999,20.990145
Bermuda,BMU,2000,21.12104
Bermuda,BMU,2001,21.55107
Bermuda,BMU,2002,48.276527
Bermuda,BMU,2003,64.11695
Bermuda,BMU,2004,78.33107
Bermuda,BMU,2005,84.068184
Bermuda,BMU,2006,95.64885
Bermuda,BMU,2007,109.506424
Bermuda,BMU,2008,124.80253
Bermuda,BMU,2009,133.72139
Bermuda,BMU,2010,138.40721
Bermuda,BMU,2012,142.97835
Bermuda,BMU,2013,148.33109
Bermuda,BMU,2014,93.643845
Bermuda,BMU,2015,59.876465
Bermuda,BMU,2016,100.696625
Bermuda,BMU,2017,102.2319
Bermuda,BMU,2019,104.512764
Bermuda,BMU,2020,105.61958
Bermuda,BMU,2021,105.185005
Bermuda,BMU,2022,105.274216
Bermuda,BMU,2024,96.67677
Bhutan,BTN,1980,0
Bhutan,BTN,1981,0
Bhutan,BTN,1982,0
Bhutan,BTN,1983,0
Bhutan,BTN,1984,0
Bhutan,BTN,1985,0
Bhutan,BTN,1986,0
Bhutan,BTN,1987,0
Bhutan,BTN,1988,0
Bhutan,BTN,1989,0
Bhutan,BTN,1990,0
Bhutan,BTN,1991,0
Bhutan,BTN,1992,0
Bhutan,BTN,1993,0
Bhutan,BTN,1994,0
Bhutan,BTN,1995,0
Bhutan,BTN,1996,0
Bhutan,BTN,1997,0
Bhutan,BTN,1998,0
Bhutan,BTN,1999,0
Bhutan,BTN,2000,0
Bhutan,BTN,2001,0
Bhutan,BTN,2002,0
Bhutan,BTN,2003,0.35363507
Bhutan,BTN,2004,2.9418457
Bhutan,BTN,2005,5.4391756
Bhutan,BTN,2006,12.235856
Bhutan,BTN,2007,22.020332
Bhutan,BTN,2008,36.92411
Bhutan,BTN,2009,48.839172
Bhutan,BTN,2010,56.199833
Bhutan,BTN,2011,68.25552
Bhutan,BTN,2012,78.19691
Bhutan,BTN,2013,75.052704
Bhutan,BTN,2014,85.18658
Bhutan,BTN,2015,91.24097
Bhutan,BTN,2016,93.3821
Bhutan,BTN,2017,96.85657
Bhutan,BTN,2018,92.60226
Bhutan,BTN,2019,95.3473
Bhutan,BTN,2020,96.77029
Bhutan,BTN,2021,100.33091
Bhutan,BTN,2022,95.12981
Bhutan,BTN,2023,95.62606
Bhutan,BTN,2024,99.75768
Bolivia,BOL,1980,0
Bolivia,BOL,1981,0
Bolivia,BOL,1982,0
Bolivia,BOL,1983,0
Bolivia,BOL,1984,0
Bolivia,BOL,1985,0
Bolivia,BOL,1986,0
Bolivia,BOL,1987,0
Bolivia,BOL,1988,0
Bolivia,BOL,1989,0
Bolivia,BOL,1990,0
Bolivia,BOL,1991,0.004071835
Bolivia,BOL,1992,0.020975279
Bolivia,BOL,1993,0.035244267
Bolivia,BOL,1994,0.052718308
Bolivia,BOL,1995,0.09218933
Bolivia,BOL,1996,0.41805565
Bolivia,BOL,1997,1.4553764
Bolivia,BOL,1998,2.8873425
Bolivia,BOL,1999,4.9809384
Bolivia,BOL,2000,6.7696714
Bolivia,BOL,2001,8.910551
Bolivia,BOL,2002,11.497665
Bolivia,BOL,2003,14.12978
Bolivia,BOL,2004,19.564676
Bolivia,BOL,2005,25.867596
Bolivia,BOL,2006,30.206226
Bolivia,BOL,2007,33.59925
Bolivia,BOL,2008,51.148846
Bolivia,BOL,2009,64.538864
Bolivia,BOL,2010,70.50726
Bolivia,BOL,2011,80.7163
Bolivia,BOL,2012,90.27559
Bolivia,BOL,2013,97.595116
Bolivia,BOL,2014,96.32638
Bolivia,BOL,2015,92.266014
Bolivia,BOL,2016,90.39533
Bolivia,BOL,2017,96.63837
Bolivia,BOL,2018,99.45659
Bolivia,BOL,2019,100.14946
Bolivia,BOL,2020,99.89882
Bolivia,BOL,2021,100.80907
Bolivia,BOL,2022,101.5715
Bolivia,BOL,2024,98.02879
Bosnia and Herzegovina,BIH,1980,0
Bosnia and Herzegovina,BIH,1981,0
Bosnia and Herzegovina,BIH,1982,0
Bosnia and Herzegovina,BIH,1983,0
Bosnia and Herzegovina,BIH,1984,0
Bosnia and Herzegovina,BIH,1985,0
Bosnia and Herzegovina,BIH,1986,0
Bosnia and Herzegovina,BIH,1987,0
Bosnia and Herzegovina,BIH,1988,0
Bosnia and Herzegovina,BIH,1989,0
Bosnia and Herzegovina,BIH,1990,0
Bosnia and Herzegovina,BIH,1991,0
Bosnia and Herzegovina,BIH,1992,0
Bosnia and Herzegovina,BIH,1993,0
Bosnia and Herzegovina,BIH,1994,0
Bosnia and Herzegovina,BIH,1995,0
Bosnia and Herzegovina,BIH,1996,0.03838526
Bosnia and Herzegovina,BIH,1997,0.22234586
Bosnia and Herzegovina,BIH,1998,0.61192316
Bosnia and Herzegovina,BIH,1999,1.2667186
Bosnia and Herzegovina,BIH,2000,2.2449794
Bosnia and Herzegovina,BIH,2001,10.64045
Bosnia and Herzegovina,BIH,2002,17.87917
Bosnia and Herzegovina,BIH,2003,25.721767
Bosnia and Herzegovina,BIH,2004,33.988056
Bosnia and Herzegovina,BIH,2005,38.92029
Bosnia and Herzegovina,BIH,2006,46.460587
Bosnia and Herzegovina,BIH,2007,61.05572
Bosnia and Herzegovina,BIH,2008,80.532
Bosnia and Herzegovina,BIH,2009,83.95392
Bosnia and Herzegovina,BIH,2010,81.60188
Bosnia and Herzegovina,BIH,2011,84.75292
Bosnia and Herzegovina,BIH,2012,91.483315
Bosnia and Herzegovina,BIH,2013,96.606346
Bosnia and Herzegovina,BIH,2014,97.934235
Bosnia and Herzegovina,BIH,2015,97.867836
Bosnia and Herzegovina,BIH,2016,98.0144
Bosnia and Herzegovina,BIH,2017,100.33258
Bosnia and Herzegovina,BIH,2018,102.18654
Bosnia and Herzegovina,BIH,2019,112.25479
Bosnia and Herzegovina,BIH,2020,106.37474
Bosnia and Herzegovina,BIH,2021,114.91161
Bosnia and Herzegovina,BIH,2022,118.94435
Bosnia and Herzegovina,BIH,2023,117.73369
Bosnia and Herzegovina,BIH,2024,121.232376
Botswana,BWA,1980,0
Botswana,BWA,1981,0
Botswana,BWA,1982,0
Botswana,BWA,1983,0
Botswana,BWA,1984,0
Botswana,BWA,1985,0
Botswana,BWA,1986,0
Botswana,BWA,1987,0
Botswana,BWA,1988,0
Botswana,BWA,1989,0
Botswana,BWA,1990,0
Botswana,BWA,1991,0
Botswana,BWA,1992,0
Botswana,BWA,1993,0
Botswana,BWA,1994,0
Botswana,BWA,1995,0
Botswana,BWA,1996,0
Botswana,BWA,1997,0
Botswana,BWA,1998,0.9174373
Botswana,BWA,1999,5.438773
Botswana,BWA,2000,13.246238
Botswana,BWA,2001,19.405066
Botswana,BWA,2002,19.043503
Botswana,BWA,2003,25.058792
Botswana,BWA,2004,28.931807
Botswana,BWA,2005,30.642374
Botswana,BWA,2006,43.9084
Botswana,BWA,2007,60.26373
Botswana,BWA,2008,76.19558
Botswana,BWA,2009,94.14409
Botswana,BWA,2010,116.24604
Botswana,BWA,2011,139.87047
Botswana,BWA,2012,146.14915
Botswana,BWA,2013,151.67068
Botswana,BWA,2014,157.01833
Botswana,BWA,2015,157.73474
Botswana,BWA,2016,147.17296
Botswana,BWA,2017,142.9621
Botswana,BWA,2018,147.06483
Botswana,BWA,2019,160.66151
Botswana,BWA,2020,161.85881
Botswana,BWA,2021,173.25235
Botswana,BWA,2022,178.20502
Botswana,BWA,2023,179.0273
Botswana,BWA,2024,163.99992
Brazil,BRA,1980,0
Brazil,BRA,1981,0
Brazil,BRA,1982,0
Brazil,BRA,1983,0
Brazil,BRA,1984,0
Brazil,BRA,1985,0
Brazil,BRA,1986,0
Brazil,BRA,1987,0
Brazil,BRA,1988,0
Brazil,BRA,1989,0
Brazil,BRA,1990,0.000442582
Brazil,BRA,1991,0.004369477
Brazil,BRA,1992,0.020525875
Brazil,BRA,1993,0.11486935
Brazil,BRA,1994,0.35657057
Brazil,BRA,1995,0.786185
Brazil,BRA,1996,1.5045756
Brazil,BRA,1997,2.6995485
Brazil,BRA,1998,4.3078966
Brazil,BRA,1999,8.665065
Brazil,BRA,2000,13.325135
Brazil,BRA,2001,16.30492
Brazil,BRA,2002,19.540775
Brazil,BRA,2003,25.674109
Brazil,BRA,2004,35.91348
Brazil,BRA,2005,46.67888
Brazil,BRA,2006,53.531723
Brazil,BRA,2007,64.16262
Brazil,BRA,2008,79.13197
Brazil,BRA,2009,88.18494
Brazil,BRA,2010,101.666504
Brazil,BRA,2011,120.0081
Brazil,BRA,2012,126.131966
Brazil,BRA,2013,136.58914
Brazil,BRA,2014,140.30467
Brazil,BRA,2015,127.83617
Brazil,BRA,2016,120.10118
Brazil,BRA,2017,108.09257
Brazil,BRA,2018,101.60246
Brazil,BRA,2019,97.37474
Brazil,BRA,2020,98.64562
Brazil,BRA,2021,104.82473
Brazil,BRA,2022,101.24547
Brazil,BRA,2023,101.020256
Brazil,BRA,2024,101.92685
British Virgin Islands,VGB,1980,0
British Virgin Islands,VGB,1981,0
British Virgin Islands,VGB,1982,0
British Virgin Islands,VGB,1983,0
British Virgin Islands,VGB,1984,0
British Virgin Islands,VGB,1985,0
British Virgin Islands,VGB,1990,0
British Virgin Islands,VGB,1996,6.6225166
British Virgin Islands,VGB,2002,37.330845
British Virgin Islands,VGB,2007,81.6053
British Virgin Islands,VGB,2008,87.49239
British Virgin Islands,VGB,2009,172.79375
British Virgin Islands,VGB,2010,171.72177
British Virgin Islands,VGB,2011,162.30234
British Virgin Islands,VGB,2012,160.4976
British Virgin Islands,VGB,2013,168.45724
British Virgin Islands,VGB,2014,166.14284
British Virgin Islands,VGB,2015,165.79222
British Virgin Islands,VGB,2016,117.152725
British Virgin Islands,VGB,2017,134.6922
British Virgin Islands,VGB,2018,115.28407
British Virgin Islands,VGB,2019,108.62481
British Virgin Islands,VGB,2020,94.689644
British Virgin Islands,VGB,2021,99.555664
British Virgin Islands,VGB,2022,92.89126
British Virgin Islands,VGB,2023,90.82468
British Virgin Islands,VGB,2024,93.13167
Brunei,BRN,1980,0
Brunei,BRN,1981,0
Brunei,BRN,1982,0
Brunei,BRN,1983,0
Brunei,BRN,1984,0
Brunei,BRN,1985,0
Brunei,BRN,1986,0
Brunei,BRN,1987,0
Brunei,BRN,1988,0
Brunei,BRN,1990,0.6765218
Brunei,BRN,1991,1.1209517
Brunei,BRN,1992,1.4790063
Brunei,BRN,1993,2.9166212
Brunei,BRN,1994,5.3515153
Brunei,BRN,1995,11.996443
Brunei,BRN,1996,14.214425
Brunei,BRN,1997,14.367128
Brunei,BRN,1998,15.345524
Brunei,BRN,1999,20.18071
Brunei,BRN,2000,29.103252
Brunei,BRN,2001,42.8997
Brunei,BRN,2002,45.17714
Brunei,BRN,2003,51.16736
Brunei,BRN,2004,57.36687
Brunei,BRN,2005,64.88983
Brunei,BRN,2006,82.65166
Brunei,BRN,2007,98.72328
Brunei,BRN,2008,105.57554
Brunei,BRN,2009,107.25545
Brunei,BRN,2010,110.90199
Brunei,BRN,2011,110.95974
Brunei,BRN,2012,115.82589
Brunei,BRN,2013,114.010635
Brunei,BRN,2014,108.47127
Brunei,BRN,2015,109.7515
Brunei,BRN,2016,122.42682
Brunei,BRN,2017,125.87044
Brunei,BRN,2018,129.26817
Brunei,BRN,2019,129.84526
Brunei,BRN,2020,119.93388
Brunei,BRN,2021,133.59706
Brunei,BRN,2022,116.10844
Brunei,BRN,2023,118.67375
Brunei,BRN,2024,118.13058
Bulgaria,BGR,1980,0
Bulgaria,BGR,1981,0
Bulgaria,BGR,1982,0
Bulgaria,BGR,1983,0
Bulgaria,BGR,1984,0
Bulgaria,BGR,1985,0
Bulgaria,BGR,1986,0
Bulgaria,BGR,1987,0
Bulgaria,BGR,1988,0
Bulgaria,BGR,1989,0
Bulgaria,BGR,1990,0
Bulgaria,BGR,1991,0
Bulgaria,BGR,1992,0
Bulgaria,BGR,1993,0.01161233
Bulgaria,BGR,1994,0.076037034
Bulgaria,BGR,1995,0.24676853
Bulgaria,BGR,1996,0.31647196
Bulgaria,BGR,1997,0.84145075
Bulgaria,BGR,1998,1.5422117
Bulgaria,BGR,1999,4.2880063
Bulgaria,BGR,2000,9.2244005
Bulgaria,BGR,2001,19.549845
Bulgaria,BGR,2002,33.039516
Bulgaria,BGR,2003,44.85758
Bulgaria,BGR,2004,61.033276
Bulgaria,BGR,2005,81.15505
Bulgaria,BGR,2006,108.02485
Bulgaria,BGR,2007,130.45503
Bulgaria,BGR,2008,138.39671
Bulgaria,BGR,2009,139.62082
Bulgaria,BGR,2010,137.14026
Bulgaria,BGR,2011,141.93831
Bulgaria,BGR,2012,147.33786
Bulgaria,BGR,2013,144.35515
Bulgaria,BGR,2014,131.33514
Bulgaria,BGR,2015,128.10326
Bulgaria,BGR,2016,125.90603
Bulgaria,BGR,2017,120.595634
Bulgaria,BGR,2018,119.39451
Bulgaria,BGR,2019,116.616974
Bulgaria,BGR,2020,114.59674
Bulgaria,BGR,2021,114.91199
Bulgaria,BGR,2022,116.67916
Bulgaria,BGR,2023,117.932686
Bulgaria,BGR,2024,118.067154
Burkina Faso,BFA,1980,0
Burkina Faso,BFA,1981,0
Burkina Faso,BFA,1982,0
Burkina Faso,BFA,1983,0
Burkina Faso,BFA,1984,0
Burkina Faso,BFA,1985,0
Burkina Faso,BFA,1986,0
Burkina Faso,BFA,1987,0
Burkina Faso,BFA,1988,0
Burkina Faso,BFA,1989,0
Burkina Faso,BFA,1990,0
Burkina Faso,BFA,1991,0
Burkina Faso,BFA,1992,0
Burkina Faso,BFA,1993,0
Burkina Faso,BFA,1994,0
Burkina Faso,BFA,1995,0
Burkina Faso,BFA,1996,0.00494294
Burkina Faso,BFA,1997,0.01379234
Burkina Faso,BFA,1998,0.024372688
Burkina Faso,BFA,1999,0.043663904
Burkina Faso,BFA,2000,0.21168841
Burkina Faso,BFA,2001,0.6196502
Burkina Faso,BFA,2002,0.87543494
Burkina Faso,BFA,2003,1.8199382
Burkina Faso,BFA,2004,2.9327657
Burkina Faso,BFA,2005,4.5474334
Burkina Faso,BFA,2006,7.072671
Burkina Faso,BFA,2007,12.540493
Burkina Faso,BFA,2008,19.819973
Burkina Faso,BFA,2009,24.338696
Burkina Faso,BFA,2010,35.284832
Burkina Faso,BFA,2011,46.105762
Burkina Faso,BFA,2012,58.09421
Burkina Faso,BFA,2013,63.524307
Burkina Faso,BFA,2014,68.53955
Burkina Faso,BFA,2015,76.93733
Burkina Faso,BFA,2016,79.66979
Burkina Faso,BFA,2017,90.208145
Burkina Faso,BFA,2018,94.62196
Burkina Faso,BFA,2019,97.149864
Burkina Faso,BFA,2020,102.97285
Burkina Faso,BFA,2021,112.19842
Burkina Faso,BFA,2022,113.99615
Burkina Faso,BFA,2023,116.16314
Burkina Faso,BFA,2024,116.58959
Burundi,BDI,1980,0
Burundi,BDI,1981,0
Burundi,BDI,1982,0
Burundi,BDI,1983,0
Burundi,BDI,1984,0
Burundi,BDI,1985,0
Burundi,BDI,1986,0
Burundi,BDI,1987,0
Burundi,BDI,1988,0
Burundi,BDI,1989,0
Burundi,BDI,1990,0
Burundi,BDI,1991,0
Burundi,BDI,1992,0
Burundi,BDI,1993,0.006354384
Burundi,BDI,1994,0.006766423
Burundi,BDI,1995,0.0095065
Burundi,BDI,1996,0.009459562
Burundi,BDI,1997,0.010449264
Burundi,BDI,1998,0.010272826
Burundi,BDI,1999,0.012944607
Burundi,BDI,2000,0.25223354
Burundi,BDI,2001,0.50368047
Burundi,BDI,2002,0.7620017
Burundi,BDI,2003,0.90868384
Burundi,BDI,2004,1.3755263
Burundi,BDI,2005,2.016528
Burundi,BDI,2006,2.5427349
Burundi,BDI,2007,3.3080637
Burundi,BDI,2008,5.6501822
Burundi,BDI,2009,10.290405
Burundi,BDI,2010,17.89622
Burundi,BDI,2011,19.701485
Burundi,BDI,2012,22.312777
Burundi,BDI,2013,24.300682
Burundi,BDI,2014,29.567783
Burundi,BDI,2015,45.237926
Burundi,BDI,2016,47.66973
Burundi,BDI,2017,51.453327
Burundi,BDI,2018,53.273693
Burundi,BDI,2019,53.29955
Burundi,BDI,2020,52.55712
Burundi,BDI,2021,59.700787
Burundi,BDI,2022,56.25999
Burundi,BDI,2023,63.163136
Cambodia,KHM,1980,0
Cambodia,KHM,1981,0
Cambodia,KHM,1982,0
Cambodia,KHM,1983,0
Cambodia,KHM,1984,0
Cambodia,KHM,1985,0
Cambodia,KHM,1986,0
Cambodia,KHM,1987,0
Cambodia,KHM,1988,0
Cambodia,KHM,1989,0
Cambodia,KHM,1990,0
Cambodia,KHM,1991,0
Cambodia,KHM,1992,0
Cambodia,KHM,1993,0.046956375
Cambodia,KHM,1994,0.0962642
Cambodia,KHM,1995,0.12912646
Cambodia,KHM,1996,0.20655282
Cambodia,KHM,1997,0.293538
Cambodia,KHM,1998,0.5257057
Cambodia,KHM,1999,0.74894494
Cambodia,KHM,2000,1.0475323
Cambodia,KHM,2001,1.7652825
Cambodia,KHM,2002,2.9559927
Cambodia,KHM,2003,3.8187819
Cambodia,KHM,2004,6.504473
Cambodia,KHM,2005,7.902255
Cambodia,KHM,2006,12.622967
Cambodia,KHM,2007,18.663206
Cambodia,KHM,2008,30.149118
Cambodia,KHM,2009,43.903366
Cambodia,KHM,2010,56.20935
Cambodia,KHM,2011,93.441475
Cambodia,KHM,2012,127.83544
Cambodia,KHM,2013,133.581
Cambodia,KHM,2014,132.83292
Cambodia,KHM,2015,133.45842
Cambodia,KHM,2016,125.62765
Cambodia,KHM,2017,115.55119
Cambodia,KHM,2018,119.309944
Cambodia,KHM,2019,129.95744
Cambodia,KHM,2020,126.0759
Cambodia,KHM,2021,117.23479
Cambodia,KHM,2022,113.39151
Cambodia,KHM,2023,120.80912
Cambodia,KHM,2024,116.091965
Cameroon,CMR,1980,0
Cameroon,CMR,1981,0
Cameroon,CMR,1982,0
Cameroon,CMR,1983,0
Cameroon,CMR,1984,0
Cameroon,CMR,1985,0
Cameroon,CMR,1986,0
Cameroon,CMR,1987,0
Cameroon,CMR,1988,0
Cameroon,CMR,1989,0
Cameroon,CMR,1990,0
Cameroon,CMR,1991,0
Cameroon,CMR,1992,0
Cameroon,CMR,1993,0
Cameroon,CMR,1994,0.012452465
Cameroon,CMR,1995,0.02119342
Cameroon,CMR,1996,0.025782073
Cameroon,CMR,1997,0.030126572
Cameroon,CMR,1998,0.03492938
Cameroon,CMR,1999,0.04081918
Cameroon,CMR,2000,0.69256055
Cameroon,CMR,2001,2.7257276
Cameroon,CMR,2002,4.460944
Cameroon,CMR,2003,6.6644635
Cameroon,CMR,2004,9.216274
Cameroon,CMR,2005,13.192162
Cameroon,CMR,2006,17.868223
Cameroon,CMR,2007,25.130339
Cameroon,CMR,2008,33.169346
Cameroon,CMR,2009,41.87575
Cameroon,CMR,2010,43.912056
Cameroon,CMR,2011,51.831043
Cameroon,CMR,2012,62.99065
Cameroon,CMR,2013,73.191246
Cameroon,CMR,2014,77.23999
Cameroon,CMR,2015,79.78007
Cameroon,CMR,2016,79.80462
Cameroon,CMR,2017,83.450294
Cameroon,CMR,2018,74.39954
Cameroon,CMR,2019,83.9044
Cameroon,CMR,2020,85.27216
Cameroon,CMR,2021,80.8081
Cameroon,CMR,2022,89.827415
Cameroon,CMR,2023,96.481735
Cameroon,CMR,2024,108.21313
Canada,CAN,1980,0
Canada,CAN,1981,0
Canada,CAN,1982,0
Canada,CAN,1983,0
Canada,CAN,1984,0
Canada,CAN,1985,0.04643258
Canada,CAN,1986,0.2297436
Canada,CAN,1987,0.372071
Canada,CAN,1988,0.7556685
Canada,CAN,1989,1.2669684
Canada,CAN,1990,2.1107194
Canada,CAN,1991,2.7692661
Canada,CAN,1992,3.621504
Canada,CAN,1993,4.649694
Canada,CAN,1994,6.4378967
Canada,CAN,1995,8.8420315
Canada,CAN,1996,11.819277
Canada,CAN,1997,14.038198
Canada,CAN,1998,17.734394
Canada,CAN,1999,22.733843
Canada,CAN,2000,28.250212
Canada,CAN,2001,34.116566
Canada,CAN,2002,37.64637
Canada,CAN,2003,41.747704
Canada,CAN,2004,46.74369
Canada,CAN,2005,52.45533
Canada,CAN,2006,57.23313
Canada,CAN,2007,61.27552
Canada,CAN,2008,66.04814
Canada,CAN,2009,70.394485
Canada,CAN,2010,75.519714
Canada,CAN,2011,77.67226
Canada,CAN,2012,79.375725
Canada,CAN,2013,80.35489
Canada,CAN,2014,80.79022
Canada,CAN,2015,82.76738
Canada,CAN,2016,84.59194
Canada,CAN,2017,86.1024
Canada,CAN,2018,89.04946
Canada,CAN,2019,90.95892
Canada,CAN,2020,84.77477
Canada,CAN,2021,87.4056
Canada,CAN,2022,91.23867
Canada,CAN,2023,94.14973
Canada,CAN,2024,94.10597
Cape Verde,CPV,1980,0
Cape Verde,CPV,1981,0
Cape Verde,CPV,1982,0
Cape Verde,CPV,1983,0
Cape Verde,CPV,1984,0
Cape Verde,CPV,1985,0
Cape Verde,CPV,1986,0
Cape Verde,CPV,1987,0
Cape Verde,CPV,1988,0
Cape Verde,CPV,1989,0
Cape Verde,CPV,1990,0
Cape Verde,CPV,1991,0
Cape Verde,CPV,1992,0
Cape Verde,CPV,1993,0
Cape Verde,CPV,1994,0
Cape Verde,CPV,1995,0
Cape Verde,CPV,1996,0
Cape Verde,CPV,1997,0.004644099
Cape Verde,CPV,1998,0.23170549
Cape Verde,CPV,1999,1.7943763
Cape Verde,CPV,2000,4.3521423
Cape Verde,CPV,2001,6.844988
Cape Verde,CPV,2002,9.195882
Cape Verde,CPV,2003,11.268254
Cape Verde,CPV,2004,13.722177
Cape Verde,CPV,2005,16.845695
Cape Verde,CPV,2006,22.18296
Cape Verde,CPV,2007,30.676153
Cape Verde,CPV,2008,55.38391
Cape Verde,CPV,2009,57.41898
Cape Verde,CPV,2010,72.94678
Cape Verde,CPV,2011,77.51126
Cape Verde,CPV,2012,83.07566
Cape Verde,CPV,2013,97.50754
Cape Verde,CPV,2014,119.72416
Cape Verde,CPV,2015,119.33551
Cape Verde,CPV,2016,117.44245
Cape Verde,CPV,2017,119.373634
Cape Verde,CPV,2018,118.87615
Cape Verde,CPV,2019,115.8678
Cape Verde,CPV,2020,105.83859
Cape Verde,CPV,2021,114.23055
Cape Verde,CPV,2022,113.24737
Cape Verde,CPV,2023,113.022964
Cape Verde,CPV,2024,111.840675
Cayman Islands,CYM,1980,0
Cayman Islands,CYM,1981,0
Cayman Islands,CYM,1982,0
Cayman Islands,CYM,1983,0
Cayman Islands,CYM,1984,0
Cayman Islands,CYM,1985,0
Cayman Islands,CYM,1986,0
Cayman Islands,CYM,1990,0
Cayman Islands,CYM,1991,2.0446234
Cayman Islands,CYM,1992,3.4452698
Cayman Islands,CYM,1993,4.194687
Cayman Islands,CYM,1994,5.7705774
Cayman Islands,CYM,1995,7.7251387
Cayman Islands,CYM,1997,11.548947
Cayman Islands,CYM,1998,13.993396
Cayman Islands,CYM,1999,21.961092
Cayman Islands,CYM,2000,26.969805
Cayman Islands,CYM,2001,41.373604
Cayman Islands,CYM,2002,44.691162
Cayman Islands,CYM,2003,47.89002
Cayman Islands,CYM,2004,74.52814
Cayman Islands,CYM,2005,173.00377
Cayman Islands,CYM,2006,191.90372
Cayman Islands,CYM,2007,204.27275
Cayman Islands,CYM,2008,192.20152
Cayman Islands,CYM,2009,206.58139
Cayman Islands,CYM,2010,185.89622
Cayman Islands,CYM,2011,174.04057
Cayman Islands,CYM,2012,172.98026
Cayman Islands,CYM,2013,167.14006
Cayman Islands,CYM,2014,151.36137
Cayman Islands,CYM,2015,151.267
Cayman Islands,CYM,2016,151.5943
Cayman Islands,CYM,2017,149.773
Cayman Islands,CYM,2019,147.04353
Cayman Islands,CYM,2020,145.59431
Cayman Islands,CYM,2021,142.63707
Cayman Islands,CYM,2022,139.315
Central African Republic,CAF,1980,0
Central African Republic,CAF,1981,0
Central African Republic,CAF,1982,0
Central African Republic,CAF,1983,0
Central African Republic,CAF,1984,0
Central African Republic,CAF,1985,0
Central African Republic,CAF,1986,0
Central African Republic,CAF,1987,0
Central African Republic,CAF,1988,0
Central African Republic,CAF,1989,0
Central African Republic,CAF,1990,0
Central African Republic,CAF,1991,0
Central African Republic,CAF,1992,0
Central African Republic,CAF,1993,0
Central African Republic,CAF,1994,0
Central African Republic,CAF,1995,0.001342812
Central African Republic,CAF,1996,0.03184117
Central African Republic,CAF,1997,0.03961287
Central African Republic,CAF,1998,0.045934476
Central African Republic,CAF,1999,0.1138602
Central African Republic,CAF,2000,0.12957112
Central African Republic,CAF,2001,0.28064898
Central African Republic,CAF,2002,0.31452218
Central African Republic,CAF,2003,0.974876
Central African Republic,CAF,2004,1.4310157
Central African Republic,CAF,2005,2.331649
Central African Republic,CAF,2006,2.5128045
Central African Republic,CAF,2007,7.6185865
Central African Republic,CAF,2008,12.502786
Central African Republic,CAF,2009,19.068933
Central African Republic,CAF,2010,21.794638
Central African Republic,CAF,2011,21.740185
Central African Republic,CAF,2012,24.79184
Central African Republic,CAF,2013,29.301535
Central African Republic,CAF,2014,24.996204
Central African Republic,CAF,2015,26.839666
Central African Republic,CAF,2016,26.483564
Central African Republic,CAF,2017,24.52042
Central African Republic,CAF,2018,26.22158
Central African Republic,CAF,2019,32.262688
Central African Republic,CAF,2020,36.42601
Central African Republic,CAF,2021,35.816982
Central African Republic,CAF,2022,38.82179
Chad,TCD,1980,0
Chad,TCD,1981,0
Chad,TCD,1982,0
Chad,TCD,1983,0
Chad,TCD,1984,0
Chad,TCD,1985,0
Chad,TCD,1986,0
Chad,TCD,1987,0
Chad,TCD,1988,0
Chad,TCD,1989,0
Chad,TCD,1990,0
Chad,TCD,1991,0
Chad,TCD,1992,0
Chad,TCD,1993,0
Chad,TCD,1994,0
Chad,TCD,1995,0
Chad,TCD,1996,0
Chad,TCD,1997,0
Chad,TCD,1998,0
Chad,TCD,1999,0
Chad,TCD,2000,0.06461395
Chad,TCD,2001,0.24988289
Chad,TCD,2002,0.37515664
Chad,TCD,2003,0.6850879
Chad,TCD,2004,1.2399149
Chad,TCD,2005,2.0332894
Chad,TCD,2006,4.353349
Chad,TCD,2007,8.28717
Chad,TCD,2008,13.94178
Chad,TCD,2009,19.180824
Chad,TCD,2010,23.352581
Chad,TCD,2011,28.73902
Chad,TCD,2012,33.322857
Chad,TCD,2013,33.315437
Chad,TCD,2014,37.01233
Chad,TCD,2015,37.315254
Chad,TCD,2016,36.955585
Chad,TCD,2017,40.764885
Chad,TCD,2018,43.227905
Chad,TCD,2019,45.93789
Chad,TCD,2020,50.434326
Chad,TCD,2021,58.03232
Chad,TCD,2022,65.43778
Chad,TCD,2023,70.18739
Chad,TCD,2024,72.92898
Chile,CHL,1980,0
Chile,CHL,1981,0
Chile,CHL,1982,0
Chile,CHL,1983,0
Chile,CHL,1984,0
Chile,CHL,1985,0
Chile,CHL,1986,0
Chile,CHL,1987,0
Chile,CHL,1988,0
Chile,CHL,1989,0.037216406
Chile,CHL,1990,0.104332894
Chile,CHL,1991,0.26645145
Chile,CHL,1992,0.4675418
Chile,CHL,1993,0.6085416
Chile,CHL,1994,0.8141134
Chile,CHL,1995,1.3686397
Chile,CHL,1996,2.1858602
Chile,CHL,1997,2.766777
Chile,CHL,1998,6.4297166
Chile,CHL,1999,14.896059
Chile,CHL,2000,21.940178
Chile,CHL,2001,32.522522
Chile,CHL,2002,39.37659
Chile,CHL,2003,45.35659
Chile,CHL,2004,57.213818
Chile,CHL,2005,64.650536
Chile,CHL,2006,75.41737
Chile,CHL,2007,83.70653
Chile,CHL,2008,87.87103
Chile,CHL,2009,96.71066
Chile,CHL,2010,115.54453
Chile,CHL,2011,128.60469
Chile,CHL,2012,136.65627
Chile,CHL,2013,133.77809
Chile,CHL,2014,132.55968
Chile,CHL,2015,128.58397
Chile,CHL,2016,127.565125
Chile,CHL,2017,124.00081
Chile,CHL,2018,133.27014
Chile,CHL,2019,130.49277
Chile,CHL,2020,129.41374
Chile,CHL,2021,136.57158
Chile,CHL,2022,135.11429
Chile,CHL,2023,135.87112
Chile,CHL,2024,132.66042
China,CHN,1980,0
China,CHN,1981,0
China,CHN,1982,0
China,CHN,1983,0
China,CHN,1984,0
China,CHN,1985,0
China,CHN,1986,0
China,CHN,1987,0.0000638
China,CHN,1988,0.000289186
China,CHN,1989,0.000864322
China,CHN,1990,0.001587842
China,CHN,1991,0.004061416
China,CHN,1992,0.014946866
China,CHN,1993,0.053350925
China,CHN,1994,0.12987801
China,CHN,1995,0.29791212
China,CHN,1996,0.5579261
China,CHN,1997,1.069073
China,CHN,1998,1.9138843
China,CHN,1999,3.44869
China,CHN,2000,6.7156005
China,CHN,2001,11.325343
China,CHN,2002,16.00826
China,CHN,2003,20.853563
China,CHN,2004,25.714148
China,CHN,2005,30.03037
China,CHN,2006,34.980206
China,CHN,2007,41.280766
China,CHN,2008,48.07579
China,CHN,2009,55.657455
China,CHN,2010,63.55634
China,CHN,2011,72.50524
China,CHN,2012,81.207596
China,CHN,2013,89.130226
China,CHN,2014,92.6612
China,CHN,2015,92.540115
China,CHN,2016,97.213875
China,CHN,2017,104.07318
China,CHN,2018,116.229126
China,CHN,2019,122.670395
China,CHN,2020,120.49671
China,CHN,2021,121.49192
China,CHN,2022,124.19525
China,CHN,2023,128.24701
China,CHN,2024,131.75394
Colombia,COL,1980,0
Colombia,COL,1981,0
Colombia,COL,1982,0
Colombia,COL,1983,0
Colombia,COL,1984,0
Colombia,COL,1985,0
Colombia,COL,1986,0
Colombia,COL,1987,0
Colombia,COL,1988,0
Colombia,COL,1989,0
Colombia,COL,1990,0
Colombia,COL,1991,0
Colombia,COL,1992,0
Colombia,COL,1993,0
Colombia,COL,1994,0.24593814
Colombia,COL,1995,0.763384
Colombia,COL,1996,1.4273008
Colombia,COL,1997,3.3915179
Colombia,COL,1998,4.744385
Colombia,COL,1999,5.0966263
Colombia,COL,2000,5.773356
Colombia,COL,2001,8.22292
Colombia,COL,2002,11.39896
Colombia,COL,2003,15.111369
Colombia,COL,2004,25.03559
Colombia,COL,2005,51.864525
Colombia,COL,2006,69.71647
Colombia,COL,2007,78.50312
Colombia,COL,2008,94.52898
Colombia,COL,2009,95.22961
Colombia,COL,2010,99.330765
Colombia,COL,2011,102.07869
Colombia,COL,2012,107.32908
Colombia,COL,2013,108.97809
Colombia,COL,2014,118.82264
Colombia,COL,2015,122.0514
Colombia,COL,2016,123.70995
Colombia,COL,2017,129.27202
Colombia,COL,2018,131.59547
Colombia,COL,2019,132.81076
Colombia,COL,2020,133.66103
Colombia,COL,2021,146.62784
Colombia,COL,2022,156.19516
Colombia,COL,2023,166.9801
Colombia,COL,2024,174.09428
Comoros,COM,1980,0
Comoros,COM,1981,0
Comoros,COM,1982,0
Comoros,COM,1983,0
Comoros,COM,1984,0
Comoros,COM,1985,0
Comoros,COM,1986,0
Comoros,COM,1987,0
Comoros,COM,1988,0
Comoros,COM,1989,0
Comoros,COM,1990,0
Comoros,COM,1991,0
Comoros,COM,1992,0
Comoros,COM,1993,0
Comoros,COM,1994,0
Comoros,COM,1995,0
Comoros,COM,1996,0
Comoros,COM,1997,0
Comoros,COM,1998,0
Comoros,COM,1999,0
Comoros,COM,2000,0
Comoros,COM,2001,0
Comoros,COM,2002,0
Comoros,COM,2003,0.3510016
Comoros,COM,2004,1.4427316
Comoros,COM,2005,2.6191332
Comoros,COM,2006,6.0978613
Comoros,COM,2007,10.066669
Comoros,COM,2008,14.578099
Comoros,COM,2009,19.097527
Comoros,COM,2010,25.239601
Comoros,COM,2011,32.398182
Comoros,COM,2012,41.593094
Comoros,COM,2013,49.91439
Comoros,COM,2014,53.82971
Comoros,COM,2015,58.455555
Comoros,COM,2016,61.259792
Comoros,COM,2017,61.97082
Comoros,COM,2018,64.65908
Comoros,COM,2019,73.12917
Comoros,COM,2020,97.43394
Comoros,COM,2021,104.31143
Comoros,COM,2022,100.549034
Comoros,COM,2023,109.85563
Congo,COG,1980,0
Congo,COG,1981,0
Congo,COG,1982,0
Congo,COG,1983,0
Congo,COG,1984,0
Congo,COG,1985,0
Congo,COG,1986,0
Congo,COG,1987,0
Congo,COG,1988,0
Congo,COG,1989,0
Congo,COG,1990,0
Congo,COG,1991,0
Congo,COG,1992,0
Congo,COG,1993,0
Congo,COG,1994,0
Congo,COG,1995,0
Congo,COG,1996,0.03550386
Congo,COG,1998,0.115417376
Congo,COG,1999,0.16574627
Congo,COG,2000,2.2212737
Congo,COG,2001,4.5836
Congo,COG,2002,6.619372
Congo,COG,2003,9.577007
Congo,COG,2004,10.759983
Congo,COG,2005,15.100991
Congo,COG,2006,23.909336
Congo,COG,2007,32.34904
Congo,COG,2008,43.928345
Congo,COG,2009,68.866
Congo,COG,2010,83.33721
Congo,COG,2011,84.273094
Congo,COG,2012,90.3529
Congo,COG,2013,95.93714
Congo,COG,2014,99.07996
Congo,COG,2015,102.323044
Congo,COG,2016,103.85759
Congo,COG,2017,94.48682
Congo,COG,2018,91.18899
Congo,COG,2019,91.06542
Congo,COG,2020,97.65613
Congo,COG,2021,95.8615
Congo,COG,2022,93.62592
Congo,COG,2023,94.87154
Congo,COG,2024,95.53193
Costa Rica,CRI,1980,0
Costa Rica,CRI,1981,0
Costa Rica,CRI,1982,0
Costa Rica,CRI,1983,0
Costa Rica,CRI,1984,0
Costa Rica,CRI,1985,0
Costa Rica,CRI,1986,0
Costa Rica,CRI,1987,0
Costa Rica,CRI,1988,0
Costa Rica,CRI,1989,0
Costa Rica,CRI,1990,0
Costa Rica,CRI,1991,0
Costa Rica,CRI,1992,0.0905495
Costa Rica,CRI,1993,0.1331132
Costa Rica,CRI,1994,0.20019192
Costa Rica,CRI,1995,0.5247902
Costa Rica,CRI,1996,1.2726483
Costa Rica,CRI,1997,1.7218436
Costa Rica,CRI,1998,2.8463225
Costa Rica,CRI,1999,3.541727
Costa Rica,CRI,2000,5.3739977
Costa Rica,CRI,2001,8.155358
Costa Rica,CRI,2002,12.328615
Costa Rica,CRI,2003,18.805016
Costa Rica,CRI,2004,21.977783
Costa Rica,CRI,2005,25.844707
Costa Rica,CRI,2006,33.40901
Costa Rica,CRI,2007,34.432274
Costa Rica,CRI,2008,42.48978
Costa Rica,CRI,2009,43.342415
Costa Rica,CRI,2010,68.66545
Costa Rica,CRI,2011,90.091484
Costa Rica,CRI,2012,115.31214
Costa Rica,CRI,2013,150.80066
Costa Rica,CRI,2014,147.2674
Costa Rica,CRI,2015,156.4039
Costa Rica,CRI,2016,171.16637
Costa Rica,CRI,2017,179.93127
Costa Rica,CRI,2018,171.35735
Costa Rica,CRI,2019,144.51408
Costa Rica,CRI,2020,142.48152
Costa Rica,CRI,2021,140.78806
Costa Rica,CRI,2022,136.51837
Costa Rica,CRI,2023,133.52766
Costa Rica,CRI,2024,136.0245
Cote d'Ivoire,CIV,1980,0
Cote d'Ivoire,CIV,1981,0
Cote d'Ivoire,CIV,1982,0
Cote d'Ivoire,CIV,1983,0
Cote d'Ivoire,CIV,1984,0
Cote d'Ivoire,CIV,1985,0
Cote d'Ivoire,CIV,1986,0
Cote d'Ivoire,CIV,1987,0
Cote d'Ivoire,CIV,1988,0
Cote d'Ivoire,CIV,1989,0
Cote d'Ivoire,CIV,1990,0
Cote d'Ivoire,CIV,1991,0
Cote d'Ivoire,CIV,1992,0
Cote d'Ivoire,CIV,1993,0
Cote d'Ivoire,CIV,1994,0
Cote d'Ivoire,CIV,1995,0
Cote d'Ivoire,CIV,1996,0.09147964
Cote d'Ivoire,CIV,1997,0.23475014
Cote d'Ivoire,CIV,1998,0.5751438
Cote d'Ivoire,CIV,1999,1.5730801
Cote d'Ivoire,CIV,2000,2.6721957
Cote d'Ivoire,CIV,2001,4.007638
Cote d'Ivoire,CIV,2002,5.5056047
Cote d'Ivoire,CIV,2003,6.69626
Cote d'Ivoire,CIV,2004,8.54469
Cote d'Ivoire,CIV,2005,11.707123
Cote d'Ivoire,CIV,2006,19.78615
Cote d'Ivoire,CIV,2007,35.508842
Cote d'Ivoire,CIV,2008,48.56755
Cote d'Ivoire,CIV,2009,59.934284
Cote d'Ivoire,CIV,2010,69.36588
Cote d'Ivoire,CIV,2011,75.46881
Cote d'Ivoire,CIV,2012,77.127335
Cote d'Ivoire,CIV,2013,80.99868
Cote d'Ivoire,CIV,2014,90.12199
Cote d'Ivoire,CIV,2015,100.63878
Cote d'Ivoire,CIV,2016,105.62477
Cote d'Ivoire,CIV,2017,118.755066
Cote d'Ivoire,CIV,2018,123.09801
Cote d'Ivoire,CIV,2019,132.574
Cote d'Ivoire,CIV,2020,138.66376
Cote d'Ivoire,CIV,2021,150.3438
Cote d'Ivoire,CIV,2022,161.23183
Cote d'Ivoire,CIV,2023,171.98894
Cote d'Ivoire,CIV,2024,183.87599
Croatia,HRV,1980,0
Croatia,HRV,1981,0
Croatia,HRV,1982,0
Croatia,HRV,1983,0
Croatia,HRV,1984,0
Croatia,HRV,1985,0
Croatia,HRV,1986,0
Croatia,HRV,1987,0
Croatia,HRV,1988,0
Croatia,HRV,1989,0
Croatia,HRV,1990,0.004924384
Croatia,HRV,1991,0.041675936
Croatia,HRV,1992,0.13171273
Croatia,HRV,1993,0.23750095
Croatia,HRV,1994,0.44951412
Croatia,HRV,1995,0.7007967
Croatia,HRV,1996,1.3647422
Croatia,HRV,1997,2.5559428
Croatia,HRV,1998,3.916366
Croatia,HRV,1999,6.4056225
Croatia,HRV,2000,23.878292
Croatia,HRV,2001,40.80376
Croatia,HRV,2002,53.709175
Croatia,HRV,2003,58.91537
Croatia,HRV,2004,65.78801
Croatia,HRV,2005,84.602356
Croatia,HRV,2006,101.83975
Croatia,HRV,2007,116.650505
Croatia,HRV,2008,105.56585
Croatia,HRV,2009,108.455734
Croatia,HRV,2010,114.58233
Croatia,HRV,2011,119.48961
Croatia,HRV,2012,116.719315
Croatia,HRV,2013,111.28175
Croatia,HRV,2014,105.73229
Croatia,HRV,2015,105.54364
Croatia,HRV,2016,106.71841
Croatia,HRV,2017,105.79476
Croatia,HRV,2018,109.034035
Croatia,HRV,2019,110.493805
Croatia,HRV,2020,110.6663
Croatia,HRV,2021,112.16944
Croatia,HRV,2022,114.67719
Croatia,HRV,2023,117.1126
Croatia,HRV,2024,121.73253
Cuba,CUB,1980,0
Cuba,CUB,1981,0
Cuba,CUB,1982,0
Cuba,CUB,1983,0
Cuba,CUB,1984,0
Cuba,CUB,1985,0
Cuba,CUB,1986,0
Cuba,CUB,1987,0
Cuba,CUB,1988,0
Cuba,CUB,1989,0
Cuba,CUB,1990,0
Cuba,CUB,1991,0
Cuba,CUB,1992,0.002169932
Cuba,CUB,1993,0.004612149
Cuba,CUB,1994,0.010581227
Cuba,CUB,1995,0.017745517
Cuba,CUB,1996,0.022138039
Cuba,CUB,1997,0.027222812
Cuba,CUB,1998,0.036759913
Cuba,CUB,1999,0.04639527
Cuba,CUB,2000,0.0588346
Cuba,CUB,2001,0.076982215
Cuba,CUB,2002,0.15970594
Cuba,CUB,2003,0.31541434
Cuba,CUB,2004,0.6744252
Cuba,CUB,2005,1.2034038
Cuba,CUB,2006,1.3540305
Cuba,CUB,2007,1.7564209
Cuba,CUB,2008,2.9378586
Cuba,CUB,2009,5.499526
Cuba,CUB,2010,8.878275
Cuba,CUB,2011,11.636798
Cuba,CUB,2012,14.877634
Cuba,CUB,2013,17.66391
Cuba,CUB,2014,22.424265
Cuba,CUB,2015,29.581612
Cuba,CUB,2016,35.398876
Cuba,CUB,2017,41.01931
Cuba,CUB,2018,47.860153
Cuba,CUB,2019,53.93834
Cuba,CUB,2020,59.60587
Cuba,CUB,2021,63.866108
Cuba,CUB,2022,68.71804
Cuba,CUB,2023,69.57678
Cuba,CUB,2024,72.93
Curacao,CUW,2009,129.0531
Curacao,CUW,2010,130.05182
Curacao,CUW,2011,130.09976
Curacao,CUW,2012,127.231026
Curacao,CUW,2013,124.76442
Curacao,CUW,2014,116.68939
Curacao,CUW,2015,114.3309
Curacao,CUW,2016,111.24197
Curacao,CUW,2017,111.07788
Curacao,CUW,2018,102.64728
Curacao,CUW,2019,97.20011
Curacao,CUW,2020,91.88295
Curacao,CUW,2021,90.660225
Curacao,CUW,2022,92.732475
Curacao,CUW,2023,93.79756
Cyprus,CYP,1980,0
Cyprus,CYP,1981,0
Cyprus,CYP,1982,0
Cyprus,CYP,1983,0
Cyprus,CYP,1984,0
Cyprus,CYP,1985,0
Cyprus,CYP,1986,0
Cyprus,CYP,1987,0
Cyprus,CYP,1988,0.030037547
Cyprus,CYP,1989,0.23753303
Cyprus,CYP,1990,0.5447014
Cyprus,CYP,1991,0.8624979
Cyprus,CYP,1992,1.5949886
Cyprus,CYP,1993,2.442953
Cyprus,CYP,1994,3.5896714
Cyprus,CYP,1995,6.7732744
Cyprus,CYP,1996,10.6229925
Cyprus,CYP,1997,13.620853
Cyprus,CYP,1998,17.049202
Cyprus,CYP,1999,21.962202
Cyprus,CYP,2000,31.300932
Cyprus,CYP,2001,44.557762
Cyprus,CYP,2002,58.55864
Cyprus,CYP,2003,76.32481
Cyprus,CYP,2004,89.8
Cyprus,CYP,2005,105.17513
Cyprus,CYP,2006,114.49861
Cyprus,CYP,2007,127.29418
Cyprus,CYP,2008,127.58678
Cyprus,CYP,2009,119.34086
Cyprus,CYP,2010,123.13301
Cyprus,CYP,2011,126.55963
Cyprus,CYP,2012,128.74435
Cyprus,CYP,2013,127.86291
Cyprus,CYP,2014,129.04298
Cyprus,CYP,2015,128.63197
Cyprus,CYP,2016,130.33452
Cyprus,CYP,2017,133.94048
Cyprus,CYP,2018,134.84363
Cyprus,CYP,2019,137.76053
Cyprus,CYP,2020,135.58885
Cyprus,CYP,2021,142.0514
Cyprus,CYP,2022,146.71584
Cyprus,CYP,2023,148.33371
Cyprus,CYP,2024,156.21803
Czechia,CZE,1980,0
Czechia,CZE,1981,0
Czechia,CZE,1982,0
Czechia,CZE,1983,0
Czechia,CZE,1984,0
Czechia,CZE,1985,0
Czechia,CZE,1986,0
Czechia,CZE,1987,0
Czechia,CZE,1988,0
Czechia,CZE,1989,0
Czechia,CZE,1990,0
Czechia,CZE,1991,0.012054318
Czechia,CZE,1992,0.04510736
Czechia,CZE,1993,0.13608988
Czechia,CZE,1994,0.29481745
Czechia,CZE,1995,0.47421852
Czechia,CZE,1996,1.9456273
Czechia,CZE,1997,5.1205053
Czechia,CZE,1998,9.406584
Czechia,CZE,1999,18.972828
Czechia,CZE,2000,42.454746
Czechia,CZE,2001,67.89674
Czechia,CZE,2002,84.08813
Czechia,CZE,2003,94.72891
Czechia,CZE,2004,105.07839
Czechia,CZE,2005,114.54964
Czechia,CZE,2006,120.394905
Czechia,CZE,2007,127.96688
Czechia,CZE,2008,132.77873
Czechia,CZE,2009,125.34916
Czechia,CZE,2010,123.605286
Czechia,CZE,2011,125.460304
Czechia,CZE,2012,128.6901
Czechia,CZE,2013,130.52124
Czechia,CZE,2014,132.28868
Czechia,CZE,2015,118.33982
Czechia,CZE,2016,118.5445
Czechia,CZE,2017,119.87429
Czechia,CZE,2018,120.43168
Czechia,CZE,2019,124.12615
Czechia,CZE,2020,123.21946
Czechia,CZE,2021,126.17315
Czechia,CZE,2022,128.1053
Czechia,CZE,2023,126.00475
Czechia,CZE,2024,126.60017
Democratic Republic of Congo,COD,1980,0
Democratic Republic of Congo,COD,1981,0
Democratic Republic of Congo,COD,1982,0
Democratic Republic of Congo,COD,1983,0
Democratic Republic of Congo,COD,1984,0
Democratic Republic of Congo,COD,1985,0
Democratic Republic of Congo,COD,1986,0
Democratic Republic of Congo,COD,1987,0
Democratic Republic of Congo,COD,1988,0
Democratic Republic of Congo,COD,1989,0
Democratic Republic of Congo,COD,1990,0
Democratic Republic of Congo,COD,1991,0
Democratic Republic of Congo,COD,1995,0.019636927
Democratic Republic of Congo,COD,1996,0.016319606
Democratic Republic of Congo,COD,1997,0.019856233
Democratic Republic of Congo,COD,1998,0.021788618
Democratic Republic of Congo,COD,1999,0.025409065
Democratic Republic of Congo,COD,2000,0.029698594
Democratic Republic of Congo,COD,2001,0.28772756
Democratic Republic of Congo,COD,2002,1.0418503
Democratic Republic of Congo,COD,2003,2.2517853
Democratic Republic of Congo,COD,2004,3.492633
Democratic Republic of Congo,COD,2005,4.672157
Democratic Republic of Congo,COD,2006,7.284342
Democratic Republic of Congo,COD,2007,10.550956
Democratic Republic of Congo,COD,2008,15.433328
Democratic Republic of Congo,COD,2009,14.242231
Democratic Republic of Congo,COD,2010,17.240116
Democratic Republic of Congo,COD,2011,22.081903
Democratic Republic of Congo,COD,2012,27.428549
Democratic Republic of Congo,COD,2013,37.25046
Democratic Republic of Congo,COD,2014,47.323246
Democratic Republic of Congo,COD,2015,46.587936
Democratic Republic of Congo,COD,2016,34.409897
Democratic Republic of Congo,COD,2017,40.62226
Democratic Republic of Congo,COD,2018,40.50145
Democratic Republic of Congo,COD,2019,39.94
Democratic Republic of Congo,COD,2020,42.502758
Democratic Republic of Congo,COD,2021,47.288254
Democratic Republic of Congo,COD,2022,48.677353
Democratic Republic of Congo,COD,2023,53.18888
Democratic Republic of Congo,COD,2024,58.532154
Denmark,DNK,1980,0
Denmark,DNK,1981,0
Denmark,DNK,1982,0.1404495
Denmark,DNK,1983,0.3141873
Denmark,DNK,1984,0.5975029
Denmark,DNK,1985,0.900487
Denmark,DNK,1986,1.1252168
Denmark,DNK,1987,1.5118978
Denmark,DNK,1988,1.9796505
Denmark,DNK,1989,2.4112523
Denmark,DNK,1990,2.8810658
Denmark,DNK,1991,3.4108553
Denmark,DNK,1992,4.0781426
Denmark,DNK,1993,6.884952
Denmark,DNK,1994,9.6570635
Denmark,DNK,1995,15.706461
Denmark,DNK,1996,25.049276
Denmark,DNK,1997,27.362354
Denmark,DNK,1998,36.4428
Denmark,DNK,1999,49.410847
Denmark,DNK,2000,62.991898
Denmark,DNK,2001,73.89983
Denmark,DNK,2002,83.29215
Denmark,DNK,2003,88.43324
Denmark,DNK,2004,95.60215
Denmark,DNK,2005,100.54711
Denmark,DNK,2006,107.18607
Denmark,DNK,2007,115.49714
Denmark,DNK,2008,119.35329
Denmark,DNK,2009,123.727486
Denmark,DNK,2010,115.734474
Denmark,DNK,2011,128.76286
Denmark,DNK,2012,130.41603
Denmark,DNK,2013,125.21345
Denmark,DNK,2014,126.86914
Denmark,DNK,2015,124.553505
Denmark,DNK,2016,121.94116
Denmark,DNK,2017,123.862114
Denmark,DNK,2018,124.550125
Denmark,DNK,2019,124.57336
Denmark,DNK,2020,124.37002
Denmark,DNK,2021,125.60414
Denmark,DNK,2022,126.48354
Denmark,DNK,2023,126.717094
Denmark,DNK,2024,126.68653
Djibouti,DJI,1980,0
Djibouti,DJI,1981,0
Djibouti,DJI,1982,0
Djibouti,DJI,1983,0
Djibouti,DJI,1984,0
Djibouti,DJI,1985,0
Djibouti,DJI,1986,0
Djibouti,DJI,1987,0
Djibouti,DJI,1988,0
Djibouti,DJI,1989,0
Djibouti,DJI,1990,0
Djibouti,DJI,1991,0
Djibouti,DJI,1992,0
Djibouti,DJI,1993,0
Djibouti,DJI,1994,0
Djibouti,DJI,1995,0
Djibouti,DJI,1996,0.017063549
Djibouti,DJI,1997,0.03039896
Djibouti,DJI,1998,0.03165832
Djibouti,DJI,1999,0.03892289
Djibouti,DJI,2000,0.030776724
Djibouti,DJI,2001,0.38894716
Djibouti,DJI,2002,1.8854312
Djibouti,DJI,2003,2.8272235
Djibouti,DJI,2004,4.1739497
Djibouti,DJI,2005,5.2496104
Djibouti,DJI,2006,5.237075
Djibouti,DJI,2007,7.9516034
Djibouti,DJI,2008,12.640719
Djibouti,DJI,2009,14.127502
Djibouti,DJI,2010,17.803045
Djibouti,DJI,2011,20.35184
Djibouti,DJI,2012,21.977621
Djibouti,DJI,2013,24.78849
Djibouti,DJI,2014,28.627121
Djibouti,DJI,2015,30.809174
Djibouti,DJI,2016,33.271816
Djibouti,DJI,2017,35.365707
Djibouti,DJI,2018,36.854523
Djibouti,DJI,2019,38.01438
Djibouti,DJI,2020,39.272503
Djibouti,DJI,2021,43.642353
Djibouti,DJI,2022,46.777054
Djibouti,DJI,2023,48.45049
Dominica,DMA,1980,0
Dominica,DMA,1981,0
Dominica,DMA,1982,0
Dominica,DMA,1983,0
Dominica,DMA,1984,0
Dominica,DMA,1985,0
Dominica,DMA,1986,0
Dominica,DMA,1987,0
Dominica,DMA,1988,0
Dominica,DMA,1989,0
Dominica,DMA,1990,0
Dominica,DMA,1991,0
Dominica,DMA,1992,0
Dominica,DMA,1993,0
Dominica,DMA,1994,0
Dominica,DMA,1995,0
Dominica,DMA,1996,0.6665124
Dominica,DMA,1997,0.80485225
Dominica,DMA,1998,0.9428762
Dominica,DMA,1999,1.1645172
Dominica,DMA,2000,1.7515435
Dominica,DMA,2001,11.290417
Dominica,DMA,2002,17.805374
Dominica,DMA,2003,34.70838
Dominica,DMA,2004,60.944805
Dominica,DMA,2005,75.65397
Dominica,DMA,2006,103.91536
Dominica,DMA,2007,129.27216
Dominica,DMA,2008,132.16371
Dominica,DMA,2009,143.03555
Dominica,DMA,2010,153.30893
Dominica,DMA,2011,157.7397
Dominica,DMA,2012,158.13536
Dominica,DMA,2013,134.22505
Dominica,DMA,2014,104.991974
Dominica,DMA,2015,109.72021
Dominica,DMA,2016,112.69718
Dominica,DMA,2017,109.83123
Dominica,DMA,2018,112.68225
Dominica,DMA,2019,115.10313
Dominica,DMA,2020,110.409485
Dominica,DMA,2021,92.51362
Dominica,DMA,2022,85.189896
Dominican Republic,DOM,1980,0
Dominican Republic,DOM,1981,0
Dominican Republic,DOM,1982,0
Dominican Republic,DOM,1983,0
Dominican Republic,DOM,1984,0
Dominican Republic,DOM,1985,0
Dominican Republic,DOM,1986,0
Dominican Republic,DOM,1990,0.044410132
Dominican Republic,DOM,1991,0.077008665
Dominican Republic,DOM,1992,0.09680451
Dominican Republic,DOM,1993,0.13679908
Dominican Republic,DOM,1994,0.27175272
Dominican Republic,DOM,1995,0.7113184
Dominican Republic,DOM,1996,1.0302517
Dominican Republic,DOM,1997,1.737309
Dominican Republic,DOM,1998,2.5281432
Dominican Republic,DOM,1999,5.0459533
Dominican Republic,DOM,2000,8.217793
Dominican Republic,DOM,2001,14.564688
Dominican Republic,DOM,2002,19.21107
Dominican Republic,DOM,2003,23.293648
Dominican Republic,DOM,2004,27.831884
Dominican Republic,DOM,2005,39.2767
Dominican Republic,DOM,2006,49.30488
Dominican Republic,DOM,2007,58.302223
Dominican Republic,DOM,2008,75.320015
Dominican Republic,DOM,2009,89.01061
Dominican Republic,DOM,2010,90.55626
Dominican Republic,DOM,2011,88.187355
Dominican Republic,DOM,2012,88.71729
Dominican Republic,DOM,2013,90.25467
Dominican Republic,DOM,2014,80.4955
Dominican Republic,DOM,2015,84.30657
Dominican Republic,DOM,2016,82.53034
Dominican Republic,DOM,2017,82.209206
Dominican Republic,DOM,2018,82.89374
Dominican Republic,DOM,2019,82.13761
Dominican Republic,DOM,2020,81.6619
Dominican Republic,DOM,2021,87.52076
Dominican Republic,DOM,2022,90.376015
Dominican Republic,DOM,2023,91.86762
Dominican Republic,DOM,2024,93.70958
East Asia and Pacific (WB),WB_EAP,1980,0
East Asia and Pacific (WB),WB_EAP,1981,0.0008382113
East Asia and Pacific (WB),WB_EAP,1982,0.0012293532
East Asia and Pacific (WB),WB_EAP,1983,0.0016607061
East Asia and Pacific (WB),WB_EAP,1984,0.00266234
East Asia and Pacific (WB),WB_EAP,1985,0.004181457
East Asia and Pacific (WB),WB_EAP,1986,0.00748051
East Asia and Pacific (WB),WB_EAP,1987,0.012956066
East Asia and Pacific (WB),WB_EAP,1988,0.023841744
East Asia and Pacific (WB),WB_EAP,1989,0.050288614
East Asia and Pacific (WB),WB_EAP,1990,0.089548275
East Asia and Pacific (WB),WB_EAP,1991,0.14717586
East Asia and Pacific (WB),WB_EAP,1992,0.21479163
East Asia and Pacific (WB),WB_EAP,1993,0.31546947
East Asia and Pacific (WB),WB_EAP,1994,0.5821448
East Asia and Pacific (WB),WB_EAP,1995,1.259011
East Asia and Pacific (WB),WB_EAP,1996,2.496643
East Asia and Pacific (WB),WB_EAP,1997,3.7560098
East Asia and Pacific (WB),WB_EAP,1998,5.33482
East Asia and Pacific (WB),WB_EAP,1999,7.8745303
East Asia and Pacific (WB),WB_EAP,2000,11.464784
East Asia and Pacific (WB),WB_EAP,2001,15.904511
East Asia and Pacific (WB),WB_EAP,2002,20.432045
East Asia and Pacific (WB),WB_EAP,2003,24.864132
East Asia and Pacific (WB),WB_EAP,2004,29.755835
East Asia and Pacific (WB),WB_EAP,2005,34.23666
East Asia and Pacific (WB),WB_EAP,2006,39.664413
East Asia and Pacific (WB),WB_EAP,2007,48.251396
East Asia and Pacific (WB),WB_EAP,2008,57.334057
East Asia and Pacific (WB),WB_EAP,2009,65.18143
East Asia and Pacific (WB),WB_EAP,2010,73.97701
East Asia and Pacific (WB),WB_EAP,2011,83.52002
East Asia and Pacific (WB),WB_EAP,2012,91.84416
East Asia and Pacific (WB),WB_EAP,2013,98.42559
East Asia and Pacific (WB),WB_EAP,2014,103.473045
East Asia and Pacific (WB),WB_EAP,2015,103.7
East Asia and Pacific (WB),WB_EAP,2016,109.8
East Asia and Pacific (WB),WB_EAP,2017,115.9
East Asia and Pacific (WB),WB_EAP,2018,120.7
East Asia and Pacific (WB),WB_EAP,2019,128.1
East Asia and Pacific (WB),WB_EAP,2020,126.1
East Asia and Pacific (WB),WB_EAP,2021,127.6
East Asia and Pacific (WB),WB_EAP,2022,128.7
East Asia and Pacific (WB),WB_EAP,2023,130.9
East Asia and Pacific (WB),WB_EAP,2024,132.9
East Asia and Pacific (WB),WB_EAP,2025,135.1
East Timor,TLS,1990,0
East Timor,TLS,2003,2.1876411
East Timor,TLS,2004,2.768563
East Timor,TLS,2005,3.4874635
East Timor,TLS,2006,5.0276623
East Timor,TLS,2007,7.783447
East Timor,TLS,2008,12.107564
East Timor,TLS,2009,33.141006
East Timor,TLS,2010,43.609215
East Timor,TLS,2011,55.318604
East Timor,TLS,2012,54.7192
East Timor,TLS,2013,56.09759
East Timor,TLS,2014,116.40118
East Timor,TLS,2015,114.23397
East Timor,TLS,2016,121.47761
East Timor,TLS,2017,124.36049
East Timor,TLS,2018,115.089355
East Timor,TLS,2019,109.555435
East Timor,TLS,2020,103.911
East Timor,TLS,2021,102.66884
East Timor,TLS,2022,108.158356
East Timor,TLS,2023,112.64724
East Timor,TLS,2024,116.38239
Ecuador,ECU,1980,0
Ecuador,ECU,1981,0
Ecuador,ECU,1982,0
Ecuador,ECU,1983,0
Ecuador,ECU,1984,0
Ecuador,ECU,1985,0
Ecuador,ECU,1986,0
Ecuador,ECU,1987,0
Ecuador,ECU,1988,0
Ecuador,ECU,1989,0
Ecuador,ECU,1990,0
Ecuador,ECU,1991,0
Ecuador,ECU,1992,0
Ecuador,ECU,1993,0
Ecuador,ECU,1994,0.16673052
Ecuador,ECU,1995,0.47034678
Ecuador,ECU,1996,0.5076677
Ecuador,ECU,1997,1.0552778
Ecuador,ECU,1998,1.9903122
Ecuador,ECU,1999,3.0872025
Ecuador,ECU,2000,3.8001826
Ecuador,ECU,2001,6.654553
Ecuador,ECU,2002,11.88008
Ecuador,ECU,2003,17.933788
Ecuador,ECU,2004,26.043442
Ecuador,ECU,2005,45.11237
Ecuador,ECU,2006,60.236908
Ecuador,ECU,2007,69.37075
Ecuador,ECU,2008,80.16684
Ecuador,ECU,2009,89.31471
Ecuador,ECU,2010,98.036934
Ecuador,ECU,2011,100.042336
Ecuador,ECU,2012,105.68029
Ecuador,ECU,2013,105.181656
Ecuador,ECU,2014,103.55852
Ecuador,ECU,2015,79.574646
Ecuador,ECU,2016,84.10883
Ecuador,ECU,2017,87.42139
Ecuador,ECU,2018,92.51177
Ecuador,ECU,2019,91.42492
Ecuador,ECU,2020,88.25549
Ecuador,ECU,2021,94.95062
Ecuador,ECU,2022,98.130905
Ecuador,ECU,2023,101.03175
Ecuador,ECU,2024,101.59827
Egypt,EGY,1980,0
Egypt,EGY,1981,0
Egypt,EGY,1982,0
Egypt,EGY,1983,0
Egypt,EGY,1984,0
Egypt,EGY,1985,0
Egypt,EGY,1986,0
Egypt,EGY,1987,0.004971488
Egypt,EGY,1988,0.005563695
Egypt,EGY,1989,0.006489636
Egypt,EGY,1990,0.006991219
Egypt,EGY,1991,0.007677735
Egypt,EGY,1992,0.008189815
Egypt,EGY,1993,0.011203574
Egypt,EGY,1994,0.011741777
Egypt,EGY,1995,0.011482554
Egypt,EGY,1996,0.011239195
Egypt,EGY,1997,0.09758824
Egypt,EGY,1998,0.13263884
Egypt,EGY,1999,0.68801105
Egypt,EGY,2000,1.8607538
Egypt,EGY,2001,3.7424302
Egypt,EGY,2002,5.8955283
Egypt,EGY,2003,7.4467125
Egypt,EGY,2004,9.61664
Egypt,EGY,2005,16.805714
Egypt,EGY,2006,21.76665
Egypt,EGY,2007,35.708378
Egypt,EGY,2008,48.083344
Egypt,EGY,2009,63.25851
Egypt,EGY,2010,79.219864
Egypt,EGY,2011,91.58233
Egypt,EGY,2012,103.904854
Egypt,EGY,2013,104.585396
Egypt,EGY,2014,97.731316
Egypt,EGY,2015,94.39625
Egypt,EGY,2016,96.2092
Egypt,EGY,2017,99.28844
Egypt,EGY,2018,88.74209
Egypt,EGY,2019,88.64478
Egypt,EGY,2020,87.23169
Egypt,EGY,2021,84.086624
Egypt,EGY,2022,90.679474
Egypt,EGY,2023,92.826164
Egypt,EGY,2024,97.12951
El Salvador,SLV,1980,0
El Salvador,SLV,1981,0
El Salvador,SLV,1982,0
El Salvador,SLV,1983,0
El Salvador,SLV,1984,0
El Salvador,SLV,1985,0
El Salvador,SLV,1986,0
El Salvador,SLV,1987,0
El Salvador,SLV,1988,0
El Salvador,SLV,1989,0
El Salvador,SLV,1990,0
El Salvador,SLV,1991,0
El Salvador,SLV,1992,0
El Salvador,SLV,1993,0.028982487
El Salvador,SLV,1994,0.08550795
El Salvador,SLV,1995,0.23442137
El Salvador,SLV,1996,0.40140483
El Salvador,SLV,1997,0.6874121
El Salvador,SLV,1998,2.3298566
El Salvador,SLV,1999,8.632305
El Salvador,SLV,2000,12.5119
El Salvador,SLV,2001,14.372878
El Salvador,SLV,2002,14.846714
El Salvador,SLV,2003,19.167643
El Salvador,SLV,2004,30.519224
El Salvador,SLV,2005,40.15855
El Salvador,SLV,2006,64.16872
El Salvador,SLV,2007,102.122475
El Salvador,SLV,2008,115.28215
El Salvador,SLV,2009,125.09749
El Salvador,SLV,2010,126.895515
El Salvador,SLV,2011,136.55135
El Salvador,SLV,2012,141.4628
El Salvador,SLV,2013,146.47557
El Salvador,SLV,2014,149.171
El Salvador,SLV,2015,150.94795
El Salvador,SLV,2016,155.4196
El Salvador,SLV,2017,152.53873
El Salvador,SLV,2018,151.66861
El Salvador,SLV,2019,167.08864
El Salvador,SLV,2020,159.57533
El Salvador,SLV,2021,176.97345
El Salvador,SLV,2022,183.24896
El Salvador,SLV,2023,179.70564
El Salvador,SLV,2024,176.51743
Equatorial Guinea,GNQ,1980,0
Equatorial Guinea,GNQ,1981,0
Equatorial Guinea,GNQ,1982,0
Equatorial Guinea,GNQ,1983,0
Equatorial Guinea,GNQ,1984,0
Equatorial Guinea,GNQ,1985,0
Equatorial Guinea,GNQ,1986,0
Equatorial Guinea,GNQ,1987,0
Equatorial Guinea,GNQ,1988,0
Equatorial Guinea,GNQ,1989,0
Equatorial Guinea,GNQ,1990,0
Equatorial Guinea,GNQ,1991,0
Equatorial Guinea,GNQ,1992,0
Equatorial Guinea,GNQ,1993,0
Equatorial Guinea,GNQ,1994,0
Equatorial Guinea,GNQ,1995,0
Equatorial Guinea,GNQ,1996,0.010470791
Equatorial Guinea,GNQ,1997,0.049540102
Equatorial Guinea,GNQ,1998,0.04716277
Equatorial Guinea,GNQ,1999,0.09159914
Equatorial Guinea,GNQ,2000,0.7109554
Equatorial Guinea,GNQ,2001,2.0004375
Equatorial Guinea,GNQ,2002,4.010241
Equatorial Guinea,GNQ,2003,4.8946643
Equatorial Guinea,GNQ,2004,6.8784122
Equatorial Guinea,GNQ,2005,10.228349
Equatorial Guinea,GNQ,2006,12.117014
Equatorial Guinea,GNQ,2007,14.478149
Equatorial Guinea,GNQ,2008,16.597052
Equatorial Guinea,GNQ,2009,17.610703
Equatorial Guinea,GNQ,2010,33.5796
Equatorial Guinea,GNQ,2011,38.560677
Equatorial Guinea,GNQ,2012,38.738583
Equatorial Guinea,GNQ,2013,37.94207
Equatorial Guinea,GNQ,2014,36.90025
Equatorial Guinea,GNQ,2015,36.68255
Equatorial Guinea,GNQ,2016,38.16837
Equatorial Guinea,GNQ,2017,36.233643
Equatorial Guinea,GNQ,2018,36.57603
Equatorial Guinea,GNQ,2019,36.942192
Equatorial Guinea,GNQ,2020,43.34954
Equatorial Guinea,GNQ,2021,46.434814
Equatorial Guinea,GNQ,2022,49.538048
Eritrea,ERI,1980,0
Eritrea,ERI,1981,0
Eritrea,ERI,1982,0
Eritrea,ERI,1983,0
Eritrea,ERI,1984,0
Eritrea,ERI,1985,0
Eritrea,ERI,1986,0
Eritrea,ERI,1987,0
Eritrea,ERI,1988,0
Eritrea,ERI,1989,0
Eritrea,ERI,1990,0
Eritrea,ERI,1991,0
Eritrea,ERI,1992,0
Eritrea,ERI,1993,0
Eritrea,ERI,1994,0
Eritrea,ERI,1995,0
Eritrea,ERI,1996,0
Eritrea,ERI,1997,0
Eritrea,ERI,1998,0
Eritrea,ERI,1999,0
Eritrea,ERI,2000,0
Eritrea,ERI,2001,0
Eritrea,ERI,2002,0
Eritrea,ERI,2003,0
Eritrea,ERI,2004,0.7697388
Eritrea,ERI,2005,1.5195315
Eritrea,ERI,2006,2.2931738
Eritrea,ERI,2007,3.0747786
Eritrea,ERI,2008,3.857187
Eritrea,ERI,2009,4.8869677
Eritrea,ERI,2010,6.2907743
Eritrea,ERI,2011,8.068708
Eritrea,ERI,2012,10.052163
Eritrea,ERI,2013,11.542045
Eritrea,ERI,2014,13.485515
Eritrea,ERI,2015,15.295217
Eritrea,ERI,2016,16.193565
Eritrea,ERI,2017,22.061062
Eritrea,ERI,2019,40.46054
Eritrea,ERI,2020,54.7205
Eritrea,ERI,2021,53.75826
Eritrea,ERI,2022,59.12481
Estonia,EST,1980,0
Estonia,EST,1981,0
Estonia,EST,1982,0
Estonia,EST,1983,0
Estonia,EST,1984,0
Estonia,EST,1985,0
Estonia,EST,1986,0
Estonia,EST,1987,0
Estonia,EST,1988,0
Estonia,EST,1989,0
Estonia,EST,1990,0
Estonia,EST,1991,0.03640714
Estonia,EST,1992,0.16216767
Estonia,EST,1993,0.48017994
Estonia,EST,1994,0.9333705
Estonia,EST,1995,2.0961263
Estonia,EST,1996,4.84432
Estonia,EST,1997,10.144285
Estonia,EST,1998,17.503492
Estonia,EST,1999,27.573961
Estonia,EST,2000,39.87124
Estonia,EST,2001,46.91065
Estonia,EST,2002,63.86673
Estonia,EST,2003,76.6124
Estonia,EST,2004,92.15184
Estonia,EST,2005,106.67617
Estonia,EST,2006,123.15128
Estonia,EST,2007,125.44512
Estonia,EST,2008,121.494026
Estonia,EST,2009,117.684906
Estonia,EST,2010,124.1362
Estonia,EST,2011,136.0654
Estonia,EST,2012,151.19656
Estonia,EST,2013,146.24745
Estonia,EST,2014,144.36061
Estonia,EST,2015,144.80296
Estonia,EST,2016,144.23547
Estonia,EST,2017,144.55661
Estonia,EST,2018,145.54349
Estonia,EST,2019,147.04694
Estonia,EST,2020,144.83221
Estonia,EST,2021,148.7396
Estonia,EST,2022,152.27077
Estonia,EST,2023,150.19572
Estonia,EST,2024,151.13182
Eswatini,SWZ,1980,0
Eswatini,SWZ,1981,0
Eswatini,SWZ,1982,0
Eswatini,SWZ,1983,0
Eswatini,SWZ,1984,0
Eswatini,SWZ,1985,0
Eswatini,SWZ,1986,0
Eswatini,SWZ,1987,0
Eswatini,SWZ,1988,0
Eswatini,SWZ,1989,0
Eswatini,SWZ,1990,0
Eswatini,SWZ,1991,0
Eswatini,SWZ,1992,0
Eswatini,SWZ,1993,0
Eswatini,SWZ,1994,0
Eswatini,SWZ,1995,0
Eswatini,SWZ,1996,0
Eswatini,SWZ,1997,0
Eswatini,SWZ,1998,0.4675882
Eswatini,SWZ,1999,1.374746
Eswatini,SWZ,2000,3.1687686
Eswatini,SWZ,2001,5.232793
Eswatini,SWZ,2002,6.418479
Eswatini,SWZ,2003,7.968501
Eswatini,SWZ,2004,13.511512
Eswatini,SWZ,2005,18.535303
Eswatini,SWZ,2006,23.053457
Eswatini,SWZ,2007,34.83985
Eswatini,SWZ,2008,48.415203
Eswatini,SWZ,2009,60.12127
Eswatini,SWZ,2010,65.29051
Eswatini,SWZ,2011,68.573746
Eswatini,SWZ,2012,71.627945
Eswatini,SWZ,2013,79.027245
Eswatini,SWZ,2014,80.68299
Eswatini,SWZ,2015,82.34068
Eswatini,SWZ,2016,86.558846
Eswatini,SWZ,2017,88.71304
Eswatini,SWZ,2018,89.20037
Eswatini,SWZ,2019,91.051926
Eswatini,SWZ,2020,104.74726
Eswatini,SWZ,2021,118.62749
Eswatini,SWZ,2022,121.4917
Eswatini,SWZ,2023,128.39922
Eswatini,SWZ,2024,139.83347
Ethiopia,ETH,1980,0
Ethiopia,ETH,1981,0
Ethiopia,ETH,1982,0
Ethiopia,ETH,1983,0
Ethiopia,ETH,1984,0
Ethiopia,ETH,1985,0
Ethiopia,ETH,1986,0
Ethiopia,ETH,1987,0
Ethiopia,ETH,1988,0
Ethiopia,ETH,1989,0
Ethiopia,ETH,1990,0
Ethiopia,ETH,1991,0
Ethiopia,ETH,1992,0
Ethiopia,ETH,1993,0
Ethiopia,ETH,1994,0
Ethiopia,ETH,1995,0
Ethiopia,ETH,1996,0
Ethiopia,ETH,1997,0
Ethiopia,ETH,1998,0
Ethiopia,ETH,1999,0.010356869
Ethiopia,ETH,2000,0.026341205
Ethiopia,ETH,2001,0.039575312
Ethiopia,ETH,2002,0.07031289
Ethiopia,ETH,2003,0.06951395
Ethiopia,ETH,2004,0.2044423
Ethiopia,ETH,2005,0.52398014
Ethiopia,ETH,2006,1.0739312
Ethiopia,ETH,2007,1.4542133
Ethiopia,ETH,2008,2.2848296
Ethiopia,ETH,2009,4.6038084
Ethiopia,ETH,2010,7.570259
Ethiopia,ETH,2011,15.165501
Ethiopia,ETH,2012,21.42396
Ethiopia,ETH,2013,26.053627
Ethiopia,ETH,2014,30.153603
Ethiopia,ETH,2015,40.7363
Ethiopia,ETH,2016,47.99933
Ethiopia,ETH,2017,36.10948
Ethiopia,ETH,2019,36.219933
Ethiopia,ETH,2020,37.42085
Ethiopia,ETH,2021,52.808865
Ethiopia,ETH,2022,56.9643
Ethiopia,ETH,2023,59.874874
Ethiopia,ETH,2024,65.08251
Europe and Central Asia (WB),WB_ECA,1980,0.0030000084
Europe and Central Asia (WB),WB_ECA,1981,0.006386481
Europe and Central Asia (WB),WB_ECA,1982,0.010013844
Europe and Central Asia (WB),WB_ECA,1983,0.015550997
Europe and Central Asia (WB),WB_ECA,1984,0.023952475
Europe and Central Asia (WB),WB_ECA,1985,0.04190231
Europe and Central Asia (WB),WB_ECA,1986,0.06882406
Europe and Central Asia (WB),WB_ECA,1987,0.11644895
Europe and Central Asia (WB),WB_ECA,1988,0.19207953
Europe and Central Asia (WB),WB_ECA,1989,0.30154347
Europe and Central Asia (WB),WB_ECA,1990,0.4152862
Europe and Central Asia (WB),WB_ECA,1991,0.5650371
Europe and Central Asia (WB),WB_ECA,1992,0.7450369
Europe and Central Asia (WB),WB_ECA,1993,1.1039242
Europe and Central Asia (WB),WB_ECA,1994,1.796089
Europe and Central Asia (WB),WB_ECA,1995,2.8480241
Europe and Central Asia (WB),WB_ECA,1996,4.4803476
Europe and Central Asia (WB),WB_ECA,1997,7.188575
Europe and Central Asia (WB),WB_ECA,1998,12.277756
Europe and Central Asia (WB),WB_ECA,1999,21.331846
Europe and Central Asia (WB),WB_ECA,2000,34.14269
Europe and Central Asia (WB),WB_ECA,2001,42.03458
Europe and Central Asia (WB),WB_ECA,2002,47.700405
Europe and Central Asia (WB),WB_ECA,2003,55.198277
Europe and Central Asia (WB),WB_ECA,2004,66.286385
Europe and Central Asia (WB),WB_ECA,2005,81.21019
Europe and Central Asia (WB),WB_ECA,2006,94.77285
Europe and Central Asia (WB),WB_ECA,2007,106.50295
Europe and Central Asia (WB),WB_ECA,2008,115.166756
Europe and Central Asia (WB),WB_ECA,2009,119.5262
Europe and Central Asia (WB),WB_ECA,2010,120.330734
Europe and Central Asia (WB),WB_ECA,2011,120.44394
Europe and Central Asia (WB),WB_ECA,2012,122.57837
Europe and Central Asia (WB),WB_ECA,2013,125.05937
Europe and Central Asia (WB),WB_ECA,2014,124.878334
Europe and Central Asia (WB),WB_ECA,2015,124
Europe and Central Asia (WB),WB_ECA,2016,123.6
Europe and Central Asia (WB),WB_ECA,2017,122.7
Europe and Central Asia (WB),WB_ECA,2018,122.6
Europe and Central Asia (WB),WB_ECA,2019,125
Europe and Central Asia (WB),WB_ECA,2020,123.3
Europe and Central Asia (WB),WB_ECA,2021,126
Europe and Central Asia (WB),WB_ECA,2022,126.6
Europe and Central Asia (WB),WB_ECA,2023,130.2
Europe and Central Asia (WB),WB_ECA,2024,132.4
Europe and Central Asia (WB),WB_ECA,2025,134.6
European Union (27),OWID_EU27,1980,0.0057914937
European Union (27),OWID_EU27,1981,0.01194857
European Union (27),OWID_EU27,1982,0.016725563
European Union (27),OWID_EU27,1983,0.025468763
European Union (27),OWID_EU27,1984,0.039242327
European Union (27),OWID_EU27,1985,0.055982243
European Union (27),OWID_EU27,1986,0.08206031
European Union (27),OWID_EU27,1987,0.12702805
European Union (27),OWID_EU27,1988,0.19748172
European Union (27),OWID_EU27,1989,0.30130616
European Union (27),OWID_EU27,1990,0.47277647
European Union (27),OWID_EU27,1991,0.71377033
European Union (27),OWID_EU27,1992,0.98991483
European Union (27),OWID_EU27,1993,1.4891932
European Union (27),OWID_EU27,1994,2.3796723
European Union (27),OWID_EU27,1995,3.8547392
European Union (27),OWID_EU27,1996,6.513101
European Union (27),OWID_EU27,1997,11.0840645
European Union (27),OWID_EU27,1998,19.024569
European Union (27),OWID_EU27,1999,32.385044
European Union (27),OWID_EU27,2000,51.082134
European Union (27),OWID_EU27,2001,63.36277
European Union (27),OWID_EU27,2002,69.82496
European Union (27),OWID_EU27,2003,76.76117
European Union (27),OWID_EU27,2004,84.85932
European Union (27),OWID_EU27,2005,94.96259
European Union (27),OWID_EU27,2006,104.62556
European Union (27),OWID_EU27,2007,115.47123
European Union (27),OWID_EU27,2008,121.35108
European Union (27),OWID_EU27,2009,120.98253
European Union (27),OWID_EU27,2010,118.36212
European Union (27),OWID_EU27,2011,121.505165
European Union (27),OWID_EU27,2012,123.53657
European Union (27),OWID_EU27,2013,124.928116
European Union (27),OWID_EU27,2014,123.56196
European Union (27),OWID_EU27,2015,121.82778
European Union (27),OWID_EU27,2016,122.192215
European Union (27),OWID_EU27,2017,122.55684
European Union (27),OWID_EU27,2018,121.955284
European Union (27),OWID_EU27,2019,121.79956
European Union (27),OWID_EU27,2020,121.47637
European Union (27),OWID_EU27,2021,123.26532
European Union (27),OWID_EU27,2022,123.6871
Faroe Islands,FRO,1980,0
Faroe Islands,FRO,1981,0
Faroe Islands,FRO,1982,0
Faroe Islands,FRO,1983,0
Faroe Islands,FRO,1984,0
Faroe Islands,FRO,1985,0
Faroe Islands,FRO,1986,0
Faroe Islands,FRO,1987,0
Faroe Islands,FRO,1988,0
Faroe Islands,FRO,1990,0
Faroe Islands,FRO,1991,3.0527666
Faroe Islands,FRO,1992,3.7343767
Faroe Islands,FRO,1993,3.559074
Faroe Islands,FRO,1994,4.4413223
Faroe Islands,FRO,1995,5.839516
Faroe Islands,FRO,1996,7.397254
Faroe Islands,FRO,1997,10.564995
Faroe Islands,FRO,1998,14.523571
Faroe Islands,FRO,1999,23.805943
Faroe Islands,FRO,2000,37.165756
Faroe Islands,FRO,2001,52.956314
Faroe Islands,FRO,2002,74.181564
Faroe Islands,FRO,2003,80.18472
Faroe Islands,FRO,2004,86.00704
Faroe Islands,FRO,2005,86.91301
Faroe Islands,FRO,2006,103.17378
Faroe Islands,FRO,2007,107.62264
Faroe Islands,FRO,2008,113.118065
Faroe Islands,FRO,2009,117.538
Faroe Islands,FRO,2010,123.41132
Faroe Islands,FRO,2011,121.990654
Faroe Islands,FRO,2012,122.10601
Faroe Islands,FRO,2013,119.61929
Faroe Islands,FRO,2014,120.193855
Faroe Islands,FRO,2015,108.8334
Faroe Islands,FRO,2016,110.02363
Faroe Islands,FRO,2017,112.69032
Faroe Islands,FRO,2018,111.28268
Faroe Islands,FRO,2019,106.0125
Faroe Islands,FRO,2020,112.600075
Faroe Islands,FRO,2021,111.09381
Faroe Islands,FRO,2022,105.804375
Fiji,FJI,1980,0
Fiji,FJI,1981,0
Fiji,FJI,1982,0
Fiji,FJI,1983,0
Fiji,FJI,1984,0
Fiji,FJI,1985,0
Fiji,FJI,1986,0
Fiji,FJI,1987,0
Fiji,FJI,1988,0
Fiji,FJI,1989,0
Fiji,FJI,1990,0
Fiji,FJI,1991,0
Fiji,FJI,1992,0
Fiji,FJI,1993,0
Fiji,FJI,1994,0.13909894
Fiji,FJI,1995,0.2776915
Fiji,FJI,1996,0.46451017
Fiji,FJI,1997,0.64630634
Fiji,FJI,1998,0.9828638
Fiji,FJI,1999,2.8393703
Fiji,FJI,2000,6.5473194
Fiji,FJI,2001,9.526057
Fiji,FJI,2002,10.477257
Fiji,FJI,2003,12.684263
Fiji,FJI,2004,16.262068
Fiji,FJI,2005,23.232647
Fiji,FJI,2006,31.97127
Fiji,FJI,2007,59.036434
Fiji,FJI,2008,66.41583
Fiji,FJI,2009,70.5437
Fiji,FJI,2010,76.65921
Fiji,FJI,2011,79.62856
Fiji,FJI,2012,93.86732
Fiji,FJI,2013,101.53369
Fiji,FJI,2014,95.487175
Fiji,FJI,2015,105.157104
Fiji,FJI,2016,113.65575
Fiji,FJI,2017,112.53387
Fiji,FJI,2018,110.6653
Fiji,FJI,2019,112.580734
Fiji,FJI,2020,108.365036
Fiji,FJI,2021,108.15841
Fiji,FJI,2022,111.74912
Fiji,FJI,2023,361.04865
Fiji,FJI,2024,574.15234
Finland,FIN,1980,0.49131504
Finland,FIN,1981,0.5891414
Finland,FIN,1982,0.7019054
Finland,FIN,1983,0.86961126
Finland,FIN,1984,1.065397
Finland,FIN,1985,1.3797753
Finland,FIN,1986,1.7343843
Finland,FIN,1987,2.1463144
Finland,FIN,1988,2.793051
Finland,FIN,1989,3.8278174
Finland,FIN,1990,5.171356
Finland,FIN,1991,6.3651037
Finland,FIN,1992,7.655925
Finland,FIN,1993,9.654867
Finland,FIN,1994,13.276336
Finland,FIN,1995,20.343336
Finland,FIN,1996,29.308989
Finland,FIN,1997,42.0739
Finland,FIN,1998,55.223843
Finland,FIN,1999,63.37119
Finland,FIN,2000,72.034
Finland,FIN,2001,80.48594
Finland,FIN,2002,86.85188
Finland,FIN,2003,91.06401
Finland,FIN,2004,95.40663
Finland,FIN,2005,100.455925
Finland,FIN,2006,107.66681
Finland,FIN,2007,114.96187
Finland,FIN,2008,128.54349
Finland,FIN,2009,144.22565
Finland,FIN,2010,156.43208
Finland,FIN,2011,165.91685
Finland,FIN,2012,172.14722
Finland,FIN,2013,136.25902
Finland,FIN,2014,139.19882
Finland,FIN,2015,134.97412
Finland,FIN,2016,131.38278
Finland,FIN,2017,129.9834
Finland,FIN,2018,129.62912
Finland,FIN,2019,129.48772
Finland,FIN,2020,128.76129
Finland,FIN,2021,129.03633
Finland,FIN,2022,128.0233
Finland,FIN,2023,127.47302
Finland,FIN,2024,125.860954
France,FRA,1980,0
France,FRA,1981,0
France,FRA,1982,0
France,FRA,1983,0
France,FRA,1984,0
France,FRA,1985,0
France,FRA,1986,0.016353138
France,FRA,1987,0.070512064
France,FRA,1988,0.17587087
France,FRA,1989,0.31760755
France,FRA,1990,0.50201285
France,FRA,1991,0.6620153
France,FRA,1992,0.76797205
France,FRA,1993,1.0025637
France,FRA,1994,1.5428953
France,FRA,1995,2.2683525
France,FRA,1996,4.273801
France,FRA,1997,10.057683
France,FRA,1998,19.301022
France,FRA,1999,36.73126
France,FRA,2000,48.840862
France,FRA,2001,61.759987
France,FRA,2002,63.959988
France,FRA,2003,68.6553
France,FRA,2004,72.81377
France,FRA,2005,78.033226
France,FRA,2006,83.25888
France,FRA,2007,88.66881
France,FRA,2008,92.34123
France,FRA,2009,91.77824
France,FRA,2010,91.118576
France,FRA,2011,93.852905
France,FRA,2012,97.19247
France,FRA,2013,98.34792
France,FRA,2014,101.13229
France,FRA,2015,102.71837
France,FRA,2016,103.81666
France,FRA,2017,105.71837
France,FRA,2018,107.48244
France,FRA,2019,109.60078
France,FRA,2020,110.387215
France,FRA,2021,113.95272
France,FRA,2022,115.950516
France,FRA,2023,116.6878
French Polynesia,PYF,1980,0
French Polynesia,PYF,1981,0
French Polynesia,PYF,1982,0
French Polynesia,PYF,1983,0
French Polynesia,PYF,1984,0
French Polynesia,PYF,1985,0
French Polynesia,PYF,1986,0
French Polynesia,PYF,1987,0
French Polynesia,PYF,1988,0
French Polynesia,PYF,1989,0
French Polynesia,PYF,1990,0
French Polynesia,PYF,1991,0
French Polynesia,PYF,1992,0
French Polynesia,PYF,1993,0
French Polynesia,PYF,1994,0
French Polynesia,PYF,1995,0.49687615
French Polynesia,PYF,1996,1.1560915
French Polynesia,PYF,1997,2.2703693
French Polynesia,PYF,1998,4.5536513
French Polynesia,PYF,1999,8.884576
French Polynesia,PYF,2000,16.601688
French Polynesia,PYF,2001,27.571007
French Polynesia,PYF,2002,21.08768
French Polynesia,PYF,2003,23.88361
French Polynesia,PYF,2004,37.55075
French Polynesia,PYF,2005,46.241528
French Polynesia,PYF,2006,57.745712
French Polynesia,PYF,2007,65.62389
French Polynesia,PYF,2008,69.73199
French Polynesia,PYF,2009,77.28226
French Polynesia,PYF,2010,79.787865
French Polynesia,PYF,2011,82.004
French Polynesia,PYF,2012,83.34469
French Polynesia,PYF,2013,88.5949
French Polynesia,PYF,2014,92.30644
French Polynesia,PYF,2015,96.56957
French Polynesia,PYF,2016,100.3342
French Polynesia,PYF,2017,102.76771
French Polynesia,PYF,2018,108.16897
French Polynesia,PYF,2019,113.96461
French Polynesia,PYF,2020,119.981804
French Polynesia,PYF,2021,115.41359
French Polynesia,PYF,2022,116.86616
French Polynesia,PYF,2023,118.77753
Gabon,GAB,1980,0
Gabon,GAB,1981,0
Gabon,GAB,1982,0
Gabon,GAB,1983,0
Gabon,GAB,1984,0
Gabon,GAB,1985,0
Gabon,GAB,1986,0
Gabon,GAB,1987,0
Gabon,GAB,1988,0
Gabon,GAB,1989,0
Gabon,GAB,1990,0
Gabon,GAB,1991,0
Gabon,GAB,1992,0.026989358
Gabon,GAB,1993,0.11263481
Gabon,GAB,1994,0.23600714
Gabon,GAB,1995,0.35651767
Gabon,GAB,1996,0.5909955
Gabon,GAB,1997,0.80521715
Gabon,GAB,1998,0.8012683
Gabon,GAB,1999,0.7165746
Gabon,GAB,2000,9.407544
Gabon,GAB,2001,11.453976
Gabon,GAB,2002,20.762897
Gabon,GAB,2003,21.702173
Gabon,GAB,2004,34.42346
Gabon,GAB,2005,50.33772
Gabon,GAB,2006,59.534904
Gabon,GAB,2007,75.117096
Gabon,GAB,2008,80.88727
Gabon,GAB,2009,87.2676
Gabon,GAB,2010,93.61124
Gabon,GAB,2011,133.0105
Gabon,GAB,2012,138.48845
Gabon,GAB,2013,143.49944
Gabon,GAB,2014,148.2376
Gabon,GAB,2015,138.24449
Gabon,GAB,2016,141.0502
Gabon,GAB,2017,123.475494
Gabon,GAB,2018,132.46532
Gabon,GAB,2019,131.97527
Gabon,GAB,2020,131.30156
Gabon,GAB,2021,132.30865
Gabon,GAB,2022,123.233185
Gabon,GAB,2023,122.60663
Gabon,GAB,2024,125.337105
Gambia,GMB,1980,0
Gambia,GMB,1981,0
Gambia,GMB,1982,0
Gambia,GMB,1983,0
Gambia,GMB,1984,0
Gambia,GMB,1985,0
Gambia,GMB,1986,0
Gambia,GMB,1987,0
Gambia,GMB,1988,0
Gambia,GMB,1989,0
Gambia,GMB,1990,0
Gambia,GMB,1991,0
Gambia,GMB,1992,0.018098714
Gambia,GMB,1993,0.039116364
Gambia,GMB,1994,0.067336604
Gambia,GMB,1995,0.11608857
Gambia,GMB,1996,0.24205087
Gambia,GMB,1997,0.35945275
Gambia,GMB,1998,0.3722195
Gambia,GMB,1999,0.38002175
Gambia,GMB,2000,0.3848575
Gambia,GMB,2001,3.6845882
Gambia,GMB,2002,6.511727
Gambia,GMB,2003,9.463676
Gambia,GMB,2004,10.793728
Gambia,GMB,2005,14.845382
Gambia,GMB,2006,23.573189
Gambia,GMB,2007,45.326923
Gambia,GMB,2008,64.14912
Gambia,GMB,2009,70.15382
Gambia,GMB,2010,76.73228
Gambia,GMB,2011,70.63082
Gambia,GMB,2012,74.69999
Gambia,GMB,2013,87.880806
Gambia,GMB,2014,105.505264
Gambia,GMB,2015,122.078514
Gambia,GMB,2016,124.27382
Gambia,GMB,2017,126.633675
Gambia,GMB,2018,132.57837
Gambia,GMB,2019,105.20464
Gambia,GMB,2020,106.44826
Gambia,GMB,2021,108.847404
Gambia,GMB,2022,106.78225
Gambia,GMB,2023,117.11566
Gambia,GMB,2024,126.243774
Georgia,GEO,1980,0
Georgia,GEO,1981,0
Georgia,GEO,1982,0
Georgia,GEO,1983,0
Georgia,GEO,1984,0
Georgia,GEO,1985,0
Georgia,GEO,1986,0
Georgia,GEO,1987,0
Georgia,GEO,1988,0
Georgia,GEO,1989,0
Georgia,GEO,1990,0
Georgia,GEO,1991,0
Georgia,GEO,1992,0
Georgia,GEO,1993,0
Georgia,GEO,1994,0
Georgia,GEO,1995,0.003075235
Georgia,GEO,1996,0.04830642
Georgia,GEO,1997,0.64654726
Georgia,GEO,1998,1.3279022
Georgia,GEO,1999,3.03204
Georgia,GEO,2000,4.499189
Georgia,GEO,2001,7.15803
Georgia,GEO,2002,12.200528
Georgia,GEO,2003,17.408566
Georgia,GEO,2004,20.725588
Georgia,GEO,2005,29.167158
Georgia,GEO,2006,42.633533
Georgia,GEO,2007,65.52376
Georgia,GEO,2008,69.90486
Georgia,GEO,2009,72.392006
Georgia,GEO,2010,102.1129
Georgia,GEO,2011,114.51693
Georgia,GEO,2012,122.38415
Georgia,GEO,2013,131.0831
Georgia,GEO,2014,142.39087
Georgia,GEO,2015,146.3965
Georgia,GEO,2016,145.88058
Georgia,GEO,2017,145.0725
Georgia,GEO,2018,143.85812
Georgia,GEO,2019,141.75542
Georgia,GEO,2020,134.36601
Georgia,GEO,2021,146.56647
Georgia,GEO,2022,154.01357
Georgia,GEO,2023,155.24997
Georgia,GEO,2024,161.20178
Germany,DEU,1980,0
Germany,DEU,1981,0
Germany,DEU,1982,0
Germany,DEU,1983,0
Germany,DEU,1984,0
Germany,DEU,1985,0.001391057
Germany,DEU,1986,0.030589938
Germany,DEU,1987,0.06242341
Germany,DEU,1988,0.12584876
Germany,DEU,1989,0.20733197
Germany,DEU,1990,0.3434652
Germany,DEU,1991,0.6669646
Germany,DEU,1992,1.211757
Germany,DEU,1993,2.2021859
Germany,DEU,1994,3.0791724
Germany,DEU,1995,4.591778
Germany,DEU,1996,6.7797556
Germany,DEU,1997,10.162571
Germany,DEU,1998,17.06606
Germany,DEU,1999,28.748005
Germany,DEU,2000,58.928627
Germany,DEU,2001,68.50157
Germany,DEU,2002,72.04729
Germany,DEU,2003,78.91697
Germany,DEU,2004,86.87982
Germany,DEU,2005,96.61689
Germany,DEU,2006,104.83468
Germany,DEU,2007,118.369804
Germany,DEU,2008,130.09746
Germany,DEU,2009,129.73328
Germany,DEU,2010,109.36408
Germany,DEU,2011,112.41948
Germany,DEU,2012,114.19195
Germany,DEU,2013,123.4354
Germany,DEU,2014,122.30867
Germany,DEU,2015,117.40117
Germany,DEU,2016,125.02401
Germany,DEU,2017,132.00327
Germany,DEU,2018,128.94557
Germany,DEU,2019,128.2923
Germany,DEU,2020,128.4248
Germany,DEU,2021,127.1251
Germany,DEU,2022,124.158264
Germany,DEU,2023,124.662575
Germany,DEU,2024,129.15092
Ghana,GHA,1980,0
Ghana,GHA,1981,0
Ghana,GHA,1982,0
Ghana,GHA,1983,0
Ghana,GHA,1984,0
Ghana,GHA,1985,0
Ghana,GHA,1986,0
Ghana,GHA,1987,0
Ghana,GHA,1988,0
Ghana,GHA,1989,0
Ghana,GHA,1990,0
Ghana,GHA,1991,0
Ghana,GHA,1992,0.002462819
Ghana,GHA,1993,0.010466464
Ghana,GHA,1994,0.019576484
Ghana,GHA,1995,0.035552755
Ghana,GHA,1996,0.07154222
Ghana,GHA,1997,0.11969538
Ghana,GHA,1998,0.2231026
Ghana,GHA,1999,0.36516017
Ghana,GHA,2000,0.6622418
Ghana,GHA,2001,1.2088866
Ghana,GHA,2002,1.8658293
Ghana,GHA,2003,3.7354558
Ghana,GHA,2004,7.750946
Ghana,GHA,2005,12.804597
Ghana,GHA,2006,22.600187
Ghana,GHA,2007,32.162945
Ghana,GHA,2008,47.71322
Ghana,GHA,2009,60.769497
Ghana,GHA,2010,68.44731
Ghana,GHA,2011,81.11045
Ghana,GHA,2012,95.82618
Ghana,GHA,2013,102.338
Ghana,GHA,2014,108.2705
Ghana,GHA,2015,121.997154
Ghana,GHA,2016,130.48137
Ghana,GHA,2017,122.47176
Ghana,GHA,2018,133.60999
Ghana,GHA,2019,130.70523
Ghana,GHA,2020,126.88739
Ghana,GHA,2021,124.402626
Ghana,GHA,2022,120.80341
Ghana,GHA,2023,98.80592
Ghana,GHA,2024,113.647964
Gibraltar,GIB,1980,0
Gibraltar,GIB,1981,0
Gibraltar,GIB,1982,0
Gibraltar,GIB,1983,0
Gibraltar,GIB,1984,0
Gibraltar,GIB,1985,0
Gibraltar,GIB,1986,0
Gibraltar,GIB,1987,0
Gibraltar,GIB,1988,0
Gibraltar,GIB,1989,0
Gibraltar,GIB,1990,0
Gibraltar,GIB,1991,0
Gibraltar,GIB,1992,0
Gibraltar,GIB,1993,0
Gibraltar,GIB,1994,0
Gibraltar,GIB,1995,2.4077046
Gibraltar,GIB,1996,3.6448293
Gibraltar,GIB,1997,5.877231
Gibraltar,GIB,1998,8.847156
Gibraltar,GIB,1999,13.172052
Gibraltar,GIB,2000,20.058464
Gibraltar,GIB,2001,35.42322
Gibraltar,GIB,2002,43.717438
Gibraltar,GIB,2003,56.23541
Gibraltar,GIB,2004,64.05015
Gibraltar,GIB,2005,68.58005
Gibraltar,GIB,2006,74.33939
Gibraltar,GIB,2007,79.984
Gibraltar,GIB,2008,85.48976
Gibraltar,GIB,2009,92.78785
Gibraltar,GIB,2010,96.00614
Gibraltar,GIB,2011,102.65319
Gibraltar,GIB,2012,108.49542
Gibraltar,GIB,2014,115.80776
Gibraltar,GIB,2015,124.84861
Gibraltar,GIB,2016,122.2176
Gibraltar,GIB,2017,119.82771
Gibraltar,GIB,2018,117.762665
Gibraltar,GIB,2019,114.20804
Gibraltar,GIB,2020,97.9681
Gibraltar,GIB,2021,92.65017
Gibraltar,GIB,2022,97.604294
Greece,GRC,1980,0
Greece,GRC,1981,0
Greece,GRC,1982,0
Greece,GRC,1983,0
Greece,GRC,1984,0
Greece,GRC,1985,0
Greece,GRC,1986,0
Greece,GRC,1987,0
Greece,GRC,1988,0
Greece,GRC,1989,0
Greece,GRC,1990,0
Greece,GRC,1991,0
Greece,GRC,1992,0
Greece,GRC,1993,0.45439744
Greece,GRC,1994,1.4369683
Greece,GRC,1995,2.54476
Greece,GRC,1996,4.9241905
Greece,GRC,1997,8.622312
Greece,GRC,1998,18.71205
Greece,GRC,1999,35.510723
Greece,GRC,2000,55.01812
Greece,GRC,2001,73.44482
Greece,GRC,2002,85.52816
Greece,GRC,2003,81.84481
Greece,GRC,2004,85.17424
Greece,GRC,2005,93.434875
Greece,GRC,2006,99.67069
Greece,GRC,2007,111.30911
Greece,GRC,2008,124.57795
Greece,GRC,2009,119.68861
Greece,GRC,2010,110.4996
Greece,GRC,2011,109.17414
Greece,GRC,2012,120.92614
Greece,GRC,2013,114.142685
Greece,GRC,2014,111.48823
Greece,GRC,2015,116.13309
Greece,GRC,2016,116.36511
Greece,GRC,2017,120.30563
Greece,GRC,2018,113.41845
Greece,GRC,2019,110.855034
Greece,GRC,2020,106.66979
Greece,GRC,2021,108.643524
Greece,GRC,2022,109.026955
Greece,GRC,2023,110.79217
Greece,GRC,2024,113.59761
Greenland,GRL,1980,0
Greenland,GRL,1981,0
Greenland,GRL,1982,0
Greenland,GRL,1983,0
Greenland,GRL,1984,0
Greenland,GRL,1985,0
Greenland,GRL,1986,0
Greenland,GRL,1987,0
Greenland,GRL,1988,0
Greenland,GRL,1989,0
Greenland,GRL,1990,0
Greenland,GRL,1991,0
Greenland,GRL,1992,0.30706796
Greenland,GRL,1993,0.78624254
Greenland,GRL,1994,1.7307001
Greenland,GRL,1995,3.6782103
Greenland,GRL,1996,7.365976
Greenland,GRL,1997,11.558353
Greenland,GRL,1998,15.856244
Greenland,GRL,1999,24.099028
Greenland,GRL,2000,26.888933
Greenland,GRL,2001,28.154083
Greenland,GRL,2002,35.20639
Greenland,GRL,2003,52.410988
Greenland,GRL,2004,68.59086
Greenland,GRL,2005,81.615456
Greenland,GRL,2006,94.755905
Greenland,GRL,2007,116.93847
Greenland,GRL,2008,98.508675
Greenland,GRL,2009,94.596794
Greenland,GRL,2010,101.29826
Greenland,GRL,2011,103.35715
Greenland,GRL,2012,104.71485
Greenland,GRL,2013,106.87807
Greenland,GRL,2014,108.23705
Greenland,GRL,2015,108.88774
Greenland,GRL,2017,111.1448
Greenland,GRL,2018,109.487465
Greenland,GRL,2019,109.9351
Greenland,GRL,2020,117.61412
Greenland,GRL,2021,118.85049
Greenland,GRL,2022,118.63726
Grenada,GRD,1980,0
Grenada,GRD,1981,0
Grenada,GRD,1982,0
Grenada,GRD,1983,0
Grenada,GRD,1984,0
Grenada,GRD,1985,0
Grenada,GRD,1986,0
Grenada,GRD,1987,0
Grenada,GRD,1988,0
Grenada,GRD,1989,0
Grenada,GRD,1990,0.15144326
Grenada,GRD,1991,0.1473566
Grenada,GRD,1992,0.17913698
Grenada,GRD,1993,0.27600247
Grenada,GRD,1994,0.33923274
Grenada,GRD,1995,0.38439363
Grenada,GRD,1996,0.5436545
Grenada,GRD,1997,0.92469776
Grenada,GRD,1998,1.3276836
Grenada,GRD,1999,1.8834718
Grenada,GRD,2000,4.001824
Grenada,GRD,2001,5.939604
Grenada,GRD,2002,6.967455
Grenada,GRD,2003,38.842255
Grenada,GRD,2004,39.619293
Grenada,GRD,2005,42.701443
Grenada,GRD,2006,41.94216
Grenada,GRD,2007,46.489388
Grenada,GRD,2008,54.124584
Grenada,GRD,2009,102.849335
Grenada,GRD,2010,109.28432
Grenada,GRD,2011,107.83019
Grenada,GRD,2012,115.19575
Grenada,GRD,2013,117.19404
Grenada,GRD,2014,102.64518
Grenada,GRD,2015,104.43946
Grenada,GRD,2016,103.33797
Grenada,GRD,2017,98.041374
Grenada,GRD,2018,102.61905
Grenada,GRD,2019,100.175026
Grenada,GRD,2020,102.07923
Grenada,GRD,2021,86.57103
Grenada,GRD,2022,95.75924
Guam,GUM,1980,0
Guam,GUM,1981,0
Guam,GUM,1982,0
Guam,GUM,1983,0
Guam,GUM,1984,0
Guam,GUM,1985,0
Guam,GUM,1986,0
Guam,GUM,1987,0
Guam,GUM,1988,0
Guam,GUM,1989,0
Guam,GUM,1990,0
Guam,GUM,1991,0.6160339
Guam,GUM,1992,0.90869087
Guam,GUM,1993,1.3102837
Guam,GUM,1994,2.771878
Guam,GUM,1995,3.3079271
Guam,GUM,1996,3.811219
Guam,GUM,1997,3.6758893
Guam,GUM,1998,8.210058
Guam,GUM,1999,12.626661
Guam,GUM,2000,16.993097
Guam,GUM,2001,20.207155
Guam,GUM,2002,43.434063
Guam,GUM,2003,48.915943
Guam,GUM,2004,59.82541
Guatemala,GTM,1980,0
Guatemala,GTM,1981,0
Guatemala,GTM,1982,0
Guatemala,GTM,1983,0
Guatemala,GTM,1984,0
Guatemala,GTM,1985,0
Guatemala,GTM,1986,0
Guatemala,GTM,1987,0
Guatemala,GTM,1988,0
Guatemala,GTM,1989,0
Guatemala,GTM,1990,0.003225174
Guatemala,GTM,1991,0.01308744
Guatemala,GTM,1992,0.022356506
Guatemala,GTM,1993,0.03041131
Guatemala,GTM,1994,0.10363627
Guatemala,GTM,1995,0.2894793
Guatemala,GTM,1996,0.40838793
Guatemala,GTM,1997,0.58864516
Guatemala,GTM,1998,0.9964653
Guatemala,GTM,1999,2.946743
Guatemala,GTM,2000,7.3248496
Guatemala,GTM,2001,9.578081
Guatemala,GTM,2002,12.877406
Guatemala,GTM,2003,16.244625
Guatemala,GTM,2004,24.737694
Guatemala,GTM,2005,34.460537
Guatemala,GTM,2006,53.703136
Guatemala,GTM,2007,87.14861
Guatemala,GTM,2008,107.27272
Guatemala,GTM,2009,121.749664
Guatemala,GTM,2010,124.60573
Guatemala,GTM,2011,131.68564
Guatemala,GTM,2012,137.75723
Guatemala,GTM,2013,141.13135
Guatemala,GTM,2014,107.84407
Guatemala,GTM,2015,113.45906
Guatemala,GTM,2016,112.26744
Guatemala,GTM,2017,120.63772
Guatemala,GTM,2018,121.50008
Guatemala,GTM,2019,122.04379
Guatemala,GTM,2020,117.47588
Guatemala,GTM,2021,125.718956
Guatemala,GTM,2022,115.15643
Guatemala,GTM,2023,113.70937
Guatemala,GTM,2024,112.52087
Guinea,GIN,1980,0
Guinea,GIN,1981,0
Guinea,GIN,1982,0
Guinea,GIN,1983,0
Guinea,GIN,1984,0
Guinea,GIN,1985,0
Guinea,GIN,1986,0
Guinea,GIN,1987,0
Guinea,GIN,1988,0
Guinea,GIN,1989,0
Guinea,GIN,1990,0
Guinea,GIN,1991,0
Guinea,GIN,1992,0
Guinea,GIN,1993,0.000596075
Guinea,GIN,1994,0.01118132
Guinea,GIN,1995,0.012720352
Guinea,GIN,1996,0.012364775
Guinea,GIN,1997,0.036568545
Guinea,GIN,1998,0.26983896
Guinea,GIN,1999,0.3080406
Guinea,GIN,2000,0.49961844
Guinea,GIN,2001,0.65187657
Guinea,GIN,2002,1.0464758
Guinea,GIN,2003,1.2569356
Guinea,GIN,2004,1.7091987
Guinea,GIN,2005,2.0441618
Guinea,GIN,2007,20.699045
Guinea,GIN,2008,27.780949
Guinea,GIN,2009,34.396297
Guinea,GIN,2010,38.476017
Guinea,GIN,2011,45.610176
Guinea,GIN,2012,51.134537
Guinea,GIN,2013,66.445274
Guinea,GIN,2014,75.6869
Guinea,GIN,2015,91.47562
Guinea,GIN,2016,92.02329
Guinea,GIN,2017,94.46409
Guinea,GIN,2018,94.55501
Guinea,GIN,2019,98.762146
Guinea,GIN,2020,107.77655
Guinea,GIN,2021,110.18552
Guinea,GIN,2022,95.31747
Guinea,GIN,2023,97.8795
Guinea-Bissau,GNB,1980,0
Guinea-Bissau,GNB,1981,0
Guinea-Bissau,GNB,1982,0
Guinea-Bissau,GNB,1983,0
Guinea-Bissau,GNB,1984,0
Guinea-Bissau,GNB,1985,0
Guinea-Bissau,GNB,1986,0
Guinea-Bissau,GNB,1987,0
Guinea-Bissau,GNB,1988,0
Guinea-Bissau,GNB,1989,0
Guinea-Bissau,GNB,1990,0
Guinea-Bissau,GNB,1991,0
Guinea-Bissau,GNB,1992,0
Guinea-Bissau,GNB,1993,0
Guinea-Bissau,GNB,1994,0
Guinea-Bissau,GNB,1995,0
Guinea-Bissau,GNB,1996,0
Guinea-Bissau,GNB,1997,0
Guinea-Bissau,GNB,1998,0
Guinea-Bissau,GNB,1999,0
Guinea-Bissau,GNB,2000,0
Guinea-Bissau,GNB,2001,0
Guinea-Bissau,GNB,2002,0
Guinea-Bissau,GNB,2003,0.09667836
Guinea-Bissau,GNB,2004,2.9232426
Guinea-Bissau,GNB,2005,7.153016
Guinea-Bissau,GNB,2006,11.116347
Guinea-Bissau,GNB,2007,20.41529
Guinea-Bissau,GNB,2008,33.611416
Guinea-Bissau,GNB,2009,36.710785
Guinea-Bissau,GNB,2010,43.24489
Guinea-Bissau,GNB,2011,45.55966
Guinea-Bissau,GNB,2012,63.532894
Guinea-Bissau,GNB,2013,55.420044
Guinea-Bissau,GNB,2014,63.654182
Guinea-Bissau,GNB,2015,69.326775
Guinea-Bissau,GNB,2016,70.1916
Guinea-Bissau,GNB,2017,76.43937
Guinea-Bissau,GNB,2018,77.021935
Guinea-Bissau,GNB,2019,80.82453
Guinea-Bissau,GNB,2020,95.062874
Guinea-Bissau,GNB,2021,108.629616
Guinea-Bissau,GNB,2022,125.93467
Guinea-Bissau,GNB,2023,128.11053
Guinea-Bissau,GNB,2024,147.19763
Guyana,GUY,1980,0
Guyana,GUY,1981,0
Guyana,GUY,1982,0
Guyana,GUY,1983,0
Guyana,GUY,1984,0
Guyana,GUY,1985,0
Guyana,GUY,1986,0
Guyana,GUY,1987,0
Guyana,GUY,1988,0
Guyana,GUY,1989,0
Guyana,GUY,1990,0
Guyana,GUY,1991,0
Guyana,GUY,1992,0.112886205
Guyana,GUY,1993,0.13771616
Guyana,GUY,1994,0.16690104
Guyana,GUY,1995,0.16536094
Guyana,GUY,1996,0.159242
Guyana,GUY,1997,0.18537866
Guyana,GUY,1998,0.19215114
Guyana,GUY,1999,0.37136516
Guyana,GUY,2000,5.2076797
Guyana,GUY,2001,9.852488
Guyana,GUY,2002,10.397407
Guyana,GUY,2003,18.078209
Guyana,GUY,2004,22.514683
Guyana,GUY,2005,36.977634
Guyana,GUY,2006,52.70328
Guyana,GUY,2007,71.18533
Guyana,GUY,2008,59.33812
Guyana,GUY,2009,64.956375
Guyana,GUY,2010,74.79379
Guyana,GUY,2011,70.86442
Guyana,GUY,2012,73.3024
Guyana,GUY,2013,74.002594
Guyana,GUY,2014,75.16351
Guyana,GUY,2015,71.50917
Guyana,GUY,2016,76.57135
Guyana,GUY,2017,83.6991
Guyana,GUY,2019,96.327065
Guyana,GUY,2020,106.00869
Guyana,GUY,2021,104.9686
Guyana,GUY,2022,112.56504
Haiti,HTI,1980,0
Haiti,HTI,1981,0
Haiti,HTI,1982,0
Haiti,HTI,1983,0
Haiti,HTI,1984,0
Haiti,HTI,1985,0
Haiti,HTI,1986,0
Haiti,HTI,1987,0
Haiti,HTI,1988,0
Haiti,HTI,1989,0
Haiti,HTI,1990,0
Haiti,HTI,1991,0
Haiti,HTI,1992,0
Haiti,HTI,1993,0
Haiti,HTI,1994,0
Haiti,HTI,1995,0
Haiti,HTI,1996,0
Haiti,HTI,1997,0
Haiti,HTI,1998,0.12405569
Haiti,HTI,1999,0.30454597
Haiti,HTI,2000,0.6623991
Haiti,HTI,2001,1.0820824
Haiti,HTI,2002,1.6264619
Haiti,HTI,2003,3.6530046
Haiti,HTI,2004,4.4892054
Haiti,HTI,2005,5.5201955
Haiti,HTI,2006,13.02004
Haiti,HTI,2007,26.671515
Haiti,HTI,2008,33.575447
Haiti,HTI,2009,37.648685
Haiti,HTI,2010,40.802612
Haiti,HTI,2011,42.36047
Haiti,HTI,2012,60.527164
Haiti,HTI,2013,70.04448
Haiti,HTI,2014,65.257484
Haiti,HTI,2015,69.370255
Haiti,HTI,2016,60.947723
Haiti,HTI,2017,58.291786
Haiti,HTI,2018,60.232258
Haiti,HTI,2019,61.62341
Haiti,HTI,2020,65.093376
Haiti,HTI,2021,64.3452
Haiti,HTI,2022,65.188934
High-income countries,OWID_HIC,1980,0.0021661655
High-income countries,OWID_HIC,1981,0.007339043
High-income countries,OWID_HIC,1982,0.011633306
High-income countries,OWID_HIC,1983,0.017730247
High-income countries,OWID_HIC,1984,0.031144561
High-income countries,OWID_HIC,1985,0.071948856
High-income countries,OWID_HIC,1986,0.1275411
High-income countries,OWID_HIC,1987,0.220913
High-income countries,OWID_HIC,1988,0.37145463
High-income countries,OWID_HIC,1989,0.62565017
High-income countries,OWID_HIC,1990,0.9209553
High-income countries,OWID_HIC,1991,1.3120123
High-income countries,OWID_HIC,1992,1.8271371
High-income countries,OWID_HIC,1993,2.6082578
High-income countries,OWID_HIC,1994,4.1009603
High-income countries,OWID_HIC,1995,6.4919887
High-income countries,OWID_HIC,1996,10.145704
High-income countries,OWID_HIC,1997,14.371778
High-income countries,OWID_HIC,1998,20.707151
High-income countries,OWID_HIC,1999,30.480658
High-income countries,OWID_HIC,2015,122.7
High-income countries,OWID_HIC,2016,123.3
High-income countries,OWID_HIC,2017,122.9
High-income countries,OWID_HIC,2018,124.2
High-income countries,OWID_HIC,2019,126.1
High-income countries,OWID_HIC,2020,125.9
High-income countries,OWID_HIC,2021,128.7
High-income countries,OWID_HIC,2022,131.3
High-income countries,OWID_HIC,2023,135.8
High-income countries,OWID_HIC,2024,138.5
High-income countries,OWID_HIC,2025,141.6
Honduras,HND,1980,0
Honduras,HND,1981,0
Honduras,HND,1982,0
Honduras,HND,1983,0
Honduras,HND,1984,0
Honduras,HND,1985,0
Honduras,HND,1986,0
Honduras,HND,1987,0
Honduras,HND,1988,0
Honduras,HND,1989,0
Honduras,HND,1990,0
Honduras,HND,1991,0
Honduras,HND,1992,0
Honduras,HND,1993,0
Honduras,HND,1994,0
Honduras,HND,1995,0
Honduras,HND,1996,0.038667794
Honduras,HND,1997,0.23481017
Honduras,HND,1998,0.5531552
Honduras,HND,1999,1.2132711
Honduras,HND,2000,2.3605406
Honduras,HND,2001,3.5162659
Honduras,HND,2002,4.7054996
Honduras,HND,2003,5.3287067
Honduras,HND,2004,9.68902
Honduras,HND,2005,17.135612
Honduras,HND,2006,29.264793
Honduras,HND,2007,53.413425
Honduras,HND,2008,77.51193
Honduras,HND,2009,102.452484
Honduras,HND,2010,113.617134
Honduras,HND,2011,94.39905
Honduras,HND,2012,84.56649
Honduras,HND,2013,87.37757
Honduras,HND,2014,85.23654
Honduras,HND,2015,87.12918
Honduras,HND,2016,83.21808
Honduras,HND,2017,85.87173
Honduras,HND,2018,77.7101
Honduras,HND,2019,76.02683
Honduras,HND,2020,68.783615
Honduras,HND,2021,73.477165
Honduras,HND,2022,75.85514
Honduras,HND,2023,74.414825
Honduras,HND,2024,70.93974
Hong Kong,HKG,1980,0
Hong Kong,HKG,1981,0
Hong Kong,HKG,1982,0
Hong Kong,HKG,1983,0
Hong Kong,HKG,1984,0.018749164
Hong Kong,HKG,1985,0.08130562
Hong Kong,HKG,1986,0.18205681
Hong Kong,HKG,1987,0.5029996
Hong Kong,HKG,1988,0.905109
Hong Kong,HKG,1989,1.5504525
Hong Kong,HKG,1990,2.2935739
Hong Kong,HKG,1991,3.2019193
Hong Kong,HKG,1992,3.8837588
Hong Kong,HKG,1993,4.7758975
Hong Kong,HKG,1994,7.859394
Hong Kong,HKG,1995,12.786531
Hong Kong,HKG,1996,21.502693
Hong Kong,HKG,1997,34.61854
Hong Kong,HKG,1998,48.492832
Hong Kong,HKG,1999,64.36421
Hong Kong,HKG,2000,81.247116
Hong Kong,HKG,2001,85.2695
Hong Kong,HKG,2002,93.759605
Hong Kong,HKG,2003,107.1483
Hong Kong,HKG,2004,119.24745
Hong Kong,HKG,2005,123.67767
Hong Kong,HKG,2006,136.25764
Hong Kong,HKG,2007,154.22594
Hong Kong,HKG,2008,164.94319
Hong Kong,HKG,2009,178.31735
Hong Kong,HKG,2010,194.23364
Hong Kong,HKG,2011,214.09755
Hong Kong,HKG,2012,227.57114
Hong Kong,HKG,2013,233.65019
Hong Kong,HKG,2014,231.70233
Hong Kong,HKG,2015,227.03654
Hong Kong,HKG,2016,237.37778
Hong Kong,HKG,2017,247.079
Hong Kong,HKG,2018,266.3401
Hong Kong,HKG,2019,286.61865
Hong Kong,HKG,2020,291.91626
Hong Kong,HKG,2021,319.85208
Hong Kong,HKG,2022,292.80765
Hong Kong,HKG,2023,319.4939
Hong Kong,HKG,2024,364.84897
Hungary,HUN,1980,0
Hungary,HUN,1981,0
Hungary,HUN,1982,0
Hungary,HUN,1983,0
Hungary,HUN,1984,0
Hungary,HUN,1985,0
Hungary,HUN,1986,0
Hungary,HUN,1987,0
Hungary,HUN,1988,0
Hungary,HUN,1989,0
Hungary,HUN,1990,0.025491543
Hungary,HUN,1991,0.081708014
Hungary,HUN,1992,0.22460815
Hungary,HUN,1993,0.44134542
Hungary,HUN,1994,1.3826532
Hungary,HUN,1995,2.5660467
Hungary,HUN,1996,4.58952
Hungary,HUN,1997,6.861471
Hungary,HUN,1998,10.429369
Hungary,HUN,1999,15.915076
Hungary,HUN,2000,30.187418
Hungary,HUN,2001,48.859856
Hungary,HUN,2002,67.92064
Hungary,HUN,2003,78.58952
Hungary,HUN,2004,86.52953
Hungary,HUN,2005,92.59161
Hungary,HUN,2006,99.16196
Hungary,HUN,2007,109.92465
Hungary,HUN,2008,122.03835
Hungary,HUN,2009,117.9085
Hungary,HUN,2010,120.36945
Hungary,HUN,2011,117.52607
Hungary,HUN,2012,116.76782
Hungary,HUN,2013,117.20013
Hungary,HUN,2014,118.89566
Hungary,HUN,2015,100.62374
Hungary,HUN,2016,101.44201
Hungary,HUN,2017,101.62926
Hungary,HUN,2018,102.737206
Hungary,HUN,2019,105.141556
Hungary,HUN,2020,105.9819
Hungary,HUN,2021,105.13728
Hungary,HUN,2022,105.793846
Hungary,HUN,2023,105.05443
Hungary,HUN,2024,104.58063
Iceland,ISL,1980,0
Iceland,ISL,1981,0
Iceland,ISL,1982,0
Iceland,ISL,1983,0
Iceland,ISL,1984,0
Iceland,ISL,1985,0
Iceland,ISL,1986,1.0856478
Iceland,ISL,1987,2.0355077
Iceland,ISL,1988,2.608466
Iceland,ISL,1989,3.119245
Iceland,ISL,1990,3.9251978
Iceland,ISL,1991,4.9959106
Iceland,ISL,1992,5.8374352
Iceland,ISL,1993,6.5960174
Iceland,ISL,1994,8.205496
Iceland,ISL,1995,11.53724
Iceland,ISL,1996,17.390837
Iceland,ISL,1997,24.089388
Iceland,ISL,1998,38.01885
Iceland,ISL,1999,62.17501
Iceland,ISL,2000,76.399315
Iceland,ISL,2001,87.04732
Iceland,ISL,2002,90.55343
Iceland,ISL,2003,96.569466
Iceland,ISL,2004,99.281235
Iceland,ISL,2005,95.37587
Iceland,ISL,2006,99.35763
Iceland,ISL,2007,104.635635
Iceland,ISL,2008,106.11249
Iceland,ISL,2009,106.62341
Iceland,ISL,2010,107.20365
Iceland,ISL,2011,107.81733
Iceland,ISL,2012,109.74719
Iceland,ISL,2013,109.99707
Iceland,ISL,2014,112.98731
Iceland,ISL,2015,116.00443
Iceland,ISL,2016,119.67941
Iceland,ISL,2017,116.79616
Iceland,ISL,2018,116.58108
Iceland,ISL,2019,114.62323
Iceland,ISL,2020,114.939415
Iceland,ISL,2021,117.34256
Iceland,ISL,2022,120.11484
Iceland,ISL,2023,121.475494
Iceland,ISL,2024,120.92751
India,IND,1980,0
India,IND,1981,0
India,IND,1982,0
India,IND,1983,0
India,IND,1984,0
India,IND,1985,0
India,IND,1986,0
India,IND,1987,0
India,IND,1988,0
India,IND,1989,0
India,IND,1990,0
India,IND,1991,0
India,IND,1992,0
India,IND,1993,0
India,IND,1994,0
India,IND,1995,0.007952054
India,IND,1996,0.033354346
India,IND,1997,0.08797845
India,IND,1998,0.11703148
India,IND,1999,0.18109667
India,IND,2000,0.33812442
India,IND,2001,0.6067361
India,IND,2002,1.1844019
India,IND,2003,3.0166466
India,IND,2004,4.596865
India,IND,2005,7.8065166
India,IND,2006,14.157472
India,IND,2007,19.620787
India,IND,2008,28.717701
India,IND,2009,42.846134
India,IND,2010,60.490643
India,IND,2011,70.87257
India,IND,2012,67.62635
India,IND,2013,68.39667
India,IND,2014,71.93668
India,IND,2015,75.37933
India,IND,2016,83.91784
India,IND,2017,85.97035
India,IND,2018,85.55008
India,IND,2019,82.89815
India,IND,2020,82.25405
India,IND,2021,81.60397
India,IND,2022,80.1818
India,IND,2023,80.5632
India,IND,2024,79.35269
Indonesia,IDN,1980,0
Indonesia,IDN,1981,0
Indonesia,IDN,1982,0
Indonesia,IDN,1983,0
Indonesia,IDN,1984,0.001078038
Indonesia,IDN,1985,0.001223825
Indonesia,IDN,1986,0.002678921
Indonesia,IDN,1987,0.003666018
Indonesia,IDN,1988,0.005127077
Indonesia,IDN,1989,0.007224398
Indonesia,IDN,1990,0.009934131
Indonesia,IDN,1991,0.013232541
Indonesia,IDN,1992,0.018851452
Indonesia,IDN,1993,0.027870428
Indonesia,IDN,1994,0.040026978
Indonesia,IDN,1995,0.1063101
Indonesia,IDN,1996,0.27933973
Indonesia,IDN,1997,0.4477261
Indonesia,IDN,1998,0.5127697
Indonesia,IDN,1999,1.0526074
Indonesia,IDN,2000,1.6981509
Indonesia,IDN,2001,2.976271
Indonesia,IDN,2002,5.2681704
Indonesia,IDN,2003,8.218358
Indonesia,IDN,2004,13.309812
Indonesia,IDN,2005,20.318636
Indonesia,IDN,2006,27.271881
Indonesia,IDN,2007,39.393387
Indonesia,IDN,2008,58.535755
Indonesia,IDN,2009,67.29584
Indonesia,IDN,2010,85.78387
Indonesia,IDN,2011,100.13452
Indonesia,IDN,2012,111.58105
Indonesia,IDN,2013,122.42482
Indonesia,IDN,2014,125.76719
Indonesia,IDN,2015,129.4688
Indonesia,IDN,2016,145.70425
Indonesia,IDN,2017,162.78252
Indonesia,IDN,2018,118.330215
Indonesia,IDN,2019,125.24435
Indonesia,IDN,2020,129.40363
Indonesia,IDN,2021,132.19945
Indonesia,IDN,2022,122.87301
Indonesia,IDN,2023,125.2382
Indonesia,IDN,2024,122.514946
Iran,IRN,1980,0
Iran,IRN,1981,0
Iran,IRN,1982,0
Iran,IRN,1983,0
Iran,IRN,1984,0
Iran,IRN,1985,0
Iran,IRN,1986,0
Iran,IRN,1987,0
Iran,IRN,1988,0
Iran,IRN,1989,0
Iran,IRN,1990,0
Iran,IRN,1991,0
Iran,IRN,1992,0
Iran,IRN,1993,0
Iran,IRN,1994,0.015336976
Iran,IRN,1995,0.026156837
Iran,IRN,1996,0.09735159
Iran,IRN,1997,0.38242632
Iran,IRN,1998,0.61450565
Iran,IRN,1999,0.7607289
Iran,IRN,2000,1.449284
Iran,IRN,2001,3.0945752
Iran,IRN,2002,3.351123
Iran,IRN,2003,5.01659
Iran,IRN,2004,7.224515
Iran,IRN,2005,11.848387
Iran,IRN,2006,20.962955
Iran,IRN,2007,39.90475
Iran,IRN,2008,56.94293
Iran,IRN,2009,68.73724
Iran,IRN,2010,69.81552
Iran,IRN,2011,71.49838
Iran,IRN,2012,73.27342
Iran,IRN,2013,81.13719
Iran,IRN,2014,84.5269
Iran,IRN,2015,89.83223
Iran,IRN,2016,96.0722
Iran,IRN,2017,102.37595
Iran,IRN,2018,103.02428
Iran,IRN,2019,135.62227
Iran,IRN,2020,145.48557
Iran,IRN,2021,153.62463
Iran,IRN,2022,162.71294
Iran,IRN,2023,166.27982
Iran,IRN,2024,174.06639
Iraq,IRQ,1980,0
Iraq,IRQ,1981,0
Iraq,IRQ,1982,0
Iraq,IRQ,1983,0
Iraq,IRQ,1984,0
Iraq,IRQ,1985,0
Iraq,IRQ,1986,0
Iraq,IRQ,1987,0
Iraq,IRQ,1988,0
Iraq,IRQ,1989,0
Iraq,IRQ,1990,0
Iraq,IRQ,1991,0
Iraq,IRQ,1992,0
Iraq,IRQ,1993,0
Iraq,IRQ,1994,0
Iraq,IRQ,1995,0
Iraq,IRQ,1996,0
Iraq,IRQ,1997,0
Iraq,IRQ,1998,0
Iraq,IRQ,1999,0
Iraq,IRQ,2000,0
Iraq,IRQ,2001,0
Iraq,IRQ,2002,0.07690368
Iraq,IRQ,2003,0.29847786
Iraq,IRQ,2004,2.0813785
Iraq,IRQ,2005,5.396472
Iraq,IRQ,2006,32.657265
Iraq,IRQ,2007,49.385128
Iraq,IRQ,2008,60.505257
Iraq,IRQ,2009,66.9264
Iraq,IRQ,2010,74.93681
Iraq,IRQ,2011,79.34661
Iraq,IRQ,2012,79.50119
Iraq,IRQ,2013,91.973274
Iraq,IRQ,2014,90.28713
Iraq,IRQ,2015,89.346436
Iraq,IRQ,2016,86.94392
Iraq,IRQ,2017,84.946465
Iraq,IRQ,2018,90.71597
Iraq,IRQ,2019,90.36853
Iraq,IRQ,2020,88.97993
Iraq,IRQ,2021,94.60928
Iraq,IRQ,2022,99.13237
Iraq,IRQ,2023,101.388725
Iraq,IRQ,2024,100.08028
Ireland,IRL,1980,0
Ireland,IRL,1981,0
Ireland,IRL,1982,0
Ireland,IRL,1983,0
Ireland,IRL,1984,0
Ireland,IRL,1985,0.008557324
Ireland,IRL,1986,0.042666122
Ireland,IRL,1987,0.0988986
Ireland,IRL,1988,0.18010136
Ireland,IRL,1989,0.3898299
Ireland,IRL,1990,0.7172831
Ireland,IRL,1991,0.91303223
Ireland,IRL,1992,1.2470359
Ireland,IRL,1993,1.723214
Ireland,IRL,1994,2.4723282
Ireland,IRL,1995,4.4140463
Ireland,IRL,1996,8.001713
Ireland,IRL,1997,14.97191
Ireland,IRL,1998,25.715837
Ireland,IRL,1999,45.08171
Ireland,IRL,2000,64.71913
Ireland,IRL,2001,76.88363
Ireland,IRL,2002,76.366135
Ireland,IRL,2003,87.65482
Ireland,IRL,2004,94.9321
Ireland,IRL,2005,102.76073
Ireland,IRL,2006,109.87067
Ireland,IRL,2007,113.13769
Ireland,IRL,2008,112.53072
Ireland,IRL,2009,103.76608
Ireland,IRL,2010,103.12331
Ireland,IRL,2011,107.1349
Ireland,IRL,2012,108.98983
Ireland,IRL,2013,105.5378
Ireland,IRL,2014,105.460884
Ireland,IRL,2015,104.242905
Ireland,IRL,2016,102.55839
Ireland,IRL,2017,101.842125
Ireland,IRL,2018,102.030495
Ireland,IRL,2019,104.59752
Ireland,IRL,2020,105.045616
Ireland,IRL,2021,106.86972
Ireland,IRL,2022,110.60885
Ireland,IRL,2023,110.79835
Ireland,IRL,2024,112.63882
Israel,ISR,1990,0.3172849
Israel,ISR,1991,0.46532217
Israel,ISR,1992,0.71079427
Israel,ISR,1993,1.236985
Israel,ISR,1994,2.4956548
Israel,ISR,1995,8.130637
Israel,ISR,1996,18.665178
Israel,ISR,1997,29.119965
Israel,ISR,1998,36.5789
Israel,ISR,1999,48.047344
Israel,ISR,2000,71.99907
Israel,ISR,2001,87.8696
Israel,ISR,2002,98.62686
Israel,ISR,2003,101.77688
Israel,ISR,2004,109.173996
Israel,ISR,2005,115.290764
Israel,ISR,2006,122.78968
Israel,ISR,2007,127.8572
Israel,ISR,2008,126.817474
Israel,ISR,2009,125.199554
Israel,ISR,2010,124.183304
Israel,ISR,2011,123.14244
Israel,ISR,2012,121.25745
Israel,ISR,2013,122.59047
Israel,ISR,2014,120.29612
Israel,ISR,2015,131.25693
Israel,ISR,2016,128.74536
Israel,ISR,2017,126.04946
Israel,ISR,2018,125.73344
Israel,ISR,2019,135.14334
Israel,ISR,2020,139.42586
Israel,ISR,2021,139.77531
Israel,ISR,2022,151.13797
Israel,ISR,2023,153.33664
Israel,ISR,2024,177.39311
Italy,ITA,1980,0
Italy,ITA,1981,0
Italy,ITA,1982,0
Italy,ITA,1983,0
Italy,ITA,1984,0
Italy,ITA,1985,0.011326625
Italy,ITA,1986,0.01596778
Italy,ITA,1987,0.02918905
Italy,ITA,1988,0.059305582
Italy,ITA,1989,0.1165019
Italy,ITA,1990,0.46866828
Italy,ITA,1991,1.000097
Italy,ITA,1992,1.3777162
Italy,ITA,1993,2.1227124
Italy,ITA,1994,3.937851
Italy,ITA,1995,6.8963547
Italy,ITA,1996,11.286672
Italy,ITA,1997,20.619656
Italy,ITA,1998,35.984287
Italy,ITA,1999,53.20215
Italy,ITA,2000,73.76354
Italy,ITA,2001,89.42557
Italy,ITA,2002,94.39117
Italy,ITA,2003,98.320564
Italy,ITA,2004,107.86098
Italy,ITA,2005,122.18109
Italy,ITA,2006,136.87137
Italy,ITA,2007,151.92513
Italy,ITA,2008,151.67638
Italy,ITA,2009,150.29526
Italy,ITA,2010,155.68405
Italy,ITA,2011,159.09274
Italy,ITA,2012,160.55872
Italy,ITA,2013,159.69815
Italy,ITA,2014,148.217
Italy,ITA,2015,144.76398
Italy,ITA,2016,142.1273
Italy,ITA,2017,138.88243
Italy,ITA,2018,138.26468
Italy,ITA,2019,132.18123
Italy,ITA,2020,129.49
Italy,ITA,2021,130.7815
Italy,ITA,2022,131.67397
Italy,ITA,2023,131.87167
Italy,ITA,2024,132.57513
Jamaica,JAM,1980,0
Jamaica,JAM,1981,0
Jamaica,JAM,1982,0
Jamaica,JAM,1983,0
Jamaica,JAM,1984,0
Jamaica,JAM,1985,0
Jamaica,JAM,1986,0
Jamaica,JAM,1987,0
Jamaica,JAM,1988,0
Jamaica,JAM,1989,0
Jamaica,JAM,1990,0
Jamaica,JAM,1991,0.10145667
Jamaica,JAM,1992,0.3133197
Jamaica,JAM,1993,0.6189759
Jamaica,JAM,1994,1.0508891
Jamaica,JAM,1995,1.7987767
Jamaica,JAM,1996,2.1572163
Jamaica,JAM,1997,2.5830212
Jamaica,JAM,1998,3.0515022
Jamaica,JAM,1999,5.561363
Jamaica,JAM,2000,14.071184
Jamaica,JAM,2001,22.779505
Jamaica,JAM,2002,47.14797
Jamaica,JAM,2003,59.336987
Jamaica,JAM,2004,68.76487
Jamaica,JAM,2005,73.7408
Jamaica,JAM,2006,84.2161
Jamaica,JAM,2007,98.91411
Jamaica,JAM,2008,99.91518
Jamaica,JAM,2009,108.00389
Jamaica,JAM,2010,115.769196
Jamaica,JAM,2011,106.69811
Jamaica,JAM,2012,97.92629
Jamaica,JAM,2013,102.245544
Jamaica,JAM,2014,107.5791
Jamaica,JAM,2015,111.94202
Jamaica,JAM,2016,116.279106
Jamaica,JAM,2017,109.78271
Jamaica,JAM,2018,105.13731
Jamaica,JAM,2019,107.1053
Jamaica,JAM,2020,101.50208
Jamaica,JAM,2021,102.386665
Jamaica,JAM,2022,105.76202
Jamaica,JAM,2023,115.09223
Jamaica,JAM,2024,117.69391
Japan,JPN,1980,0
Japan,JPN,1981,0.011213345
Japan,JPN,1982,0.016628303
Japan,JPN,1983,0.022704022
Japan,JPN,1984,0.033528477
Japan,JPN,1985,0.051024187
Japan,JPN,1986,0.07816183
Japan,JPN,1987,0.123312645
Japan,JPN,1988,0.19779426
Japan,JPN,1989,0.39714077
Japan,JPN,1990,0.7018383
Japan,JPN,1991,1.1107147
Japan,JPN,1992,1.3761495
Japan,JPN,1993,1.7081057
Japan,JPN,1994,3.4617922
Japan,JPN,1995,9.337293
Japan,JPN,1996,21.400875
Japan,JPN,1997,30.35349
Japan,JPN,1998,37.454037
Japan,JPN,1999,44.917675
Japan,JPN,2000,52.574615
Japan,JPN,2001,58.792294
Japan,JPN,2002,63.6299
Japan,JPN,2003,67.87354
Japan,JPN,2004,71.56707
Japan,JPN,2005,75.4292
Japan,JPN,2006,77.99074
Japan,JPN,2007,83.801186
Japan,JPN,2008,86.14111
Japan,JPN,2009,90.71935
Japan,JPN,2010,96.17885
Japan,JPN,2011,103.64155
Japan,JPN,2012,110.31906
Japan,JPN,2013,115.78717
Japan,JPN,2014,123.8221
Japan,JPN,2015,126.15096
Japan,JPN,2016,131.21486
Japan,JPN,2017,135.98584
Japan,JPN,2018,141.72873
Japan,JPN,2019,147.20992
Japan,JPN,2020,154.4322
Japan,JPN,2021,159.51613
Japan,JPN,2022,168.60295
Japan,JPN,2023,178.43243
Jordan,JOR,1980,0
Jordan,JOR,1981,0
Jordan,JOR,1982,0
Jordan,JOR,1983,0
Jordan,JOR,1984,0
Jordan,JOR,1985,0
Jordan,JOR,1986,0
Jordan,JOR,1987,0
Jordan,JOR,1988,0
Jordan,JOR,1989,0
Jordan,JOR,1990,0.0413436
Jordan,JOR,1991,0.039875858
Jordan,JOR,1992,0.03780819
Jordan,JOR,1993,0.035723407
Jordan,JOR,1994,0.03379953
Jordan,JOR,1995,0.26557833
Jordan,JOR,1996,0.52320886
Jordan,JOR,1997,0.95141923
Jordan,JOR,1998,1.7015306
Jordan,JOR,1999,2.3918881
Jordan,JOR,2000,7.220215
Jordan,JOR,2001,15.741838
Jordan,JOR,2002,21.716215
Jordan,JOR,2003,23.081726
Jordan,JOR,2004,27.61124
Jordan,JOR,2005,52.03839
Jordan,JOR,2006,67.57195
Jordan,JOR,2007,69.89135
Jordan,JOR,2008,76.01811
Jordan,JOR,2009,84.21414
Jordan,JOR,2010,90.72168
Jordan,JOR,2011,100.028564
Jordan,JOR,2012,118.41441
Jordan,JOR,2013,129.05684
Jordan,JOR,2014,126.1689
Jordan,JOR,2015,144.56113
Jordan,JOR,2016,98.12199
Jordan,JOR,2017,94.812126
Jordan,JOR,2018,83.45923
Jordan,JOR,2019,72.89027
Jordan,JOR,2020,64.31426
Jordan,JOR,2021,65.74489
Jordan,JOR,2022,67.745705
Jordan,JOR,2023,67.54568
Jordan,JOR,2024,69.64262
Kazakhstan,KAZ,1980,0
Kazakhstan,KAZ,1981,0
Kazakhstan,KAZ,1982,0
Kazakhstan,KAZ,1983,0
Kazakhstan,KAZ,1984,0
Kazakhstan,KAZ,1985,0
Kazakhstan,KAZ,1986,0
Kazakhstan,KAZ,1987,0
Kazakhstan,KAZ,1988,0
Kazakhstan,KAZ,1989,0
Kazakhstan,KAZ,1990,0
Kazakhstan,KAZ,1991,0
Kazakhstan,KAZ,1992,0
Kazakhstan,KAZ,1993,0
Kazakhstan,KAZ,1994,0.002388466
Kazakhstan,KAZ,1995,0.0279902
Kazakhstan,KAZ,1996,0.060690347
Kazakhstan,KAZ,1997,0.07080717
Kazakhstan,KAZ,1998,0.19193171
Kazakhstan,KAZ,1999,0.32445708
Kazakhstan,KAZ,2000,1.2728126
Kazakhstan,KAZ,2001,3.7366257
Kazakhstan,KAZ,2002,6.5595016
Kazakhstan,KAZ,2003,8.450485
Kazakhstan,KAZ,2004,15.438331
Kazakhstan,KAZ,2005,33.804863
Kazakhstan,KAZ,2006,48.28536
Kazakhstan,KAZ,2007,75.7982
Kazakhstan,KAZ,2008,90.77132
Kazakhstan,KAZ,2009,102.66762
Kazakhstan,KAZ,2010,115.23917
Kazakhstan,KAZ,2011,147.90108
Kazakhstan,KAZ,2012,174.70944
Kazakhstan,KAZ,2013,172.95529
Kazakhstan,KAZ,2014,160.5026
Kazakhstan,KAZ,2015,145.4825
Kazakhstan,KAZ,2016,139.05116
Kazakhstan,KAZ,2017,143.1128
Kazakhstan,KAZ,2018,137.67484
Kazakhstan,KAZ,2019,133.87973
Kazakhstan,KAZ,2020,124.69846
Kazakhstan,KAZ,2021,123.94394
Kazakhstan,KAZ,2022,125.64159
Kazakhstan,KAZ,2023,127.11478
Kazakhstan,KAZ,2024,127.08515
Kenya,KEN,1980,0
Kenya,KEN,1981,0
Kenya,KEN,1982,0
Kenya,KEN,1983,0
Kenya,KEN,1984,0
Kenya,KEN,1985,0
Kenya,KEN,1986,0
Kenya,KEN,1987,0
Kenya,KEN,1988,0
Kenya,KEN,1989,0
Kenya,KEN,1990,0
Kenya,KEN,1991,0
Kenya,KEN,1992,0.004461439
Kenya,KEN,1993,0.004576275
Kenya,KEN,1994,0.007614676
Kenya,KEN,1995,0.008478944
Kenya,KEN,1996,0.010233296
Kenya,KEN,1997,0.023857486
Kenya,KEN,1998,0.03691479
Kenya,KEN,1999,0.07928216
Kenya,KEN,2000,0.41577017
Kenya,KEN,2001,1.897583
Kenya,KEN,2002,3.638152
Kenya,KEN,2003,4.727132
Kenya,KEN,2004,7.334784
Kenya,KEN,2005,12.883863
Kenya,KEN,2006,19.890297
Kenya,KEN,2007,29.838331
Kenya,KEN,2008,41.58401
Kenya,KEN,2009,47.92153
Kenya,KEN,2010,60.02344
Kenya,KEN,2011,65.67302
Kenya,KEN,2012,70.02265
Kenya,KEN,2013,70.75411
Kenya,KEN,2014,73.032745
Kenya,KEN,2015,80.095825
Kenya,KEN,2016,80.977234
Kenya,KEN,2017,87.02653
Kenya,KEN,2018,98.59447
Kenya,KEN,2019,106.54782
Kenya,KEN,2020,117.60252
Kenya,KEN,2021,122.297516
Kenya,KEN,2022,121.169
Kenya,KEN,2023,120.61242
Kenya,KEN,2024,126.47771
Kiribati,KIR,1980,0
Kiribati,KIR,1981,0
Kiribati,KIR,1982,0
Kiribati,KIR,1983,0
Kiribati,KIR,1984,0
Kiribati,KIR,1985,0
Kiribati,KIR,1986,0
Kiribati,KIR,1987,0
Kiribati,KIR,1988,0
Kiribati,KIR,1989,0
Kiribati,KIR,1990,0
Kiribati,KIR,1991,0
Kiribati,KIR,1992,0
Kiribati,KIR,1993,0
Kiribati,KIR,1994,0
Kiribati,KIR,1995,0
Kiribati,KIR,1996,0
Kiribati,KIR,1997,0
Kiribati,KIR,1998,0.02563983
Kiribati,KIR,1999,0.22912395
Kiribati,KIR,2000,0.33855078
Kiribati,KIR,2001,0.4372613
Kiribati,KIR,2002,0.536504
Kiribati,KIR,2003,0.5585346
Kiribati,KIR,2004,0.6400583
Kiribati,KIR,2005,0.66302854
Kiribati,KIR,2006,0.699881
Kiribati,KIR,2007,0.7348043
Kiribati,KIR,2008,0.9594903
Kiribati,KIR,2009,9.305231
Kiribati,KIR,2010,9.746652
Kiribati,KIR,2011,12.46125
Kiribati,KIR,2012,16.030779
Kiribati,KIR,2013,17.568827
Kiribati,KIR,2014,26.013214
Kiribati,KIR,2015,35.098232
Kiribati,KIR,2016,43.890003
Kiribati,KIR,2017,38.347954
Kiribati,KIR,2018,43.68959
Kiribati,KIR,2019,44.107132
Kiribati,KIR,2020,43.347687
Kiribati,KIR,2021,40.997997
Kiribati,KIR,2022,49.11205
Kiribati,KIR,2023,51.254055
Kiribati,KIR,2024,53.524437
Kosovo,OWID_KOS,2005,30.907074
Kosovo,OWID_KOS,2006,30.996994
Kosovo,OWID_KOS,2007,31.099655
Kosovo,OWID_KOS,2008,31.207346
Kosovo,OWID_KOS,2009,31.314756
Kosovo,OWID_KOS,2010,31.41871
Kosovo,OWID_KOS,2022,34.5402
Kuwait,KWT,1980,0
Kuwait,KWT,1981,0
Kuwait,KWT,1982,0
Kuwait,KWT,1983,0
Kuwait,KWT,1984,0
Kuwait,KWT,1985,0
Kuwait,KWT,1986,0.416647
Kuwait,KWT,1987,0.6980796
Kuwait,KWT,1988,0.8219231
Kuwait,KWT,1989,1.0180936
Kuwait,KWT,1990,1.2379563
Kuwait,KWT,1991,3.210153
Kuwait,KWT,1992,3.1469185
Kuwait,KWT,1993,3.889045
Kuwait,KWT,1994,5.191316
Kuwait,KWT,1995,7.105331
Kuwait,KWT,1996,8.868749
Kuwait,KWT,1997,11.921874
Kuwait,KWT,1998,13.739706
Kuwait,KWT,1999,15.979317
Kuwait,KWT,2000,24.35145
Kuwait,KWT,2001,43.718483
Kuwait,KWT,2002,59.563858
Kuwait,KWT,2003,67.302376
Kuwait,KWT,2004,82.25794
Kuwait,KWT,2005,61.78878
Kuwait,KWT,2006,49.881866
Kuwait,KWT,2007,56.876366
Kuwait,KWT,2008,56.570118
Kuwait,KWT,2009,93.66582
Kuwait,KWT,2010,135.19002
Kuwait,KWT,2011,157.4993
Kuwait,KWT,2012,152.83073
Kuwait,KWT,2013,182.73843
Kuwait,KWT,2014,207.32365
Kuwait,KWT,2015,199.89137
Kuwait,KWT,2016,191.29422
Kuwait,KWT,2017,171.8261
Kuwait,KWT,2018,164.21957
Kuwait,KWT,2019,164.94165
Kuwait,KWT,2020,153.86647
Kuwait,KWT,2021,158.64685
Kuwait,KWT,2022,168.35016
Kuwait,KWT,2023,167.68428
Kyrgyzstan,KGZ,1980,0
Kyrgyzstan,KGZ,1981,0
Kyrgyzstan,KGZ,1982,0
Kyrgyzstan,KGZ,1983,0
Kyrgyzstan,KGZ,1984,0
Kyrgyzstan,KGZ,1985,0
Kyrgyzstan,KGZ,1986,0
Kyrgyzstan,KGZ,1987,0
Kyrgyzstan,KGZ,1988,0
Kyrgyzstan,KGZ,1989,0
Kyrgyzstan,KGZ,1990,0
Kyrgyzstan,KGZ,1991,0
Kyrgyzstan,KGZ,1992,0
Kyrgyzstan,KGZ,1993,0
Kyrgyzstan,KGZ,1994,0
Kyrgyzstan,KGZ,1995,0
Kyrgyzstan,KGZ,1996,0
Kyrgyzstan,KGZ,1997,0
Kyrgyzstan,KGZ,1998,0.028064124
Kyrgyzstan,KGZ,1999,0.052757677
Kyrgyzstan,KGZ,2000,0.1790993
Kyrgyzstan,KGZ,2001,0.532339
Kyrgyzstan,KGZ,2002,1.037556
Kyrgyzstan,KGZ,2003,2.6801257
Kyrgyzstan,KGZ,2004,5.0619435
Kyrgyzstan,KGZ,2005,10.324394
Kyrgyzstan,KGZ,2006,23.885817
Kyrgyzstan,KGZ,2007,40.808937
Kyrgyzstan,KGZ,2008,63.528374
Kyrgyzstan,KGZ,2009,83.12555
Kyrgyzstan,KGZ,2010,96.06166
Kyrgyzstan,KGZ,2011,112.20071
Kyrgyzstan,KGZ,2012,119.333435
Kyrgyzstan,KGZ,2013,116.21789
Kyrgyzstan,KGZ,2014,128.2305
Kyrgyzstan,KGZ,2015,126.28437
Kyrgyzstan,KGZ,2016,124.63903
Kyrgyzstan,KGZ,2017,136.13765
Kyrgyzstan,KGZ,2018,137.74228
Kyrgyzstan,KGZ,2019,132.77669
Kyrgyzstan,KGZ,2020,109.780106
Kyrgyzstan,KGZ,2021,108.17165
Kyrgyzstan,KGZ,2022,106.92597
Kyrgyzstan,KGZ,2023,108.59119
Kyrgyzstan,KGZ,2024,107.492294
Laos,LAO,1980,0
Laos,LAO,1981,0
Laos,LAO,1982,0
Laos,LAO,1983,0
Laos,LAO,1984,0
Laos,LAO,1985,0
Laos,LAO,1986,0
Laos,LAO,1987,0
Laos,LAO,1988,0
Laos,LAO,1989,0
Laos,LAO,1990,0
Laos,LAO,1991,0
Laos,LAO,1992,0.006358107
Laos,LAO,1993,0.007256745
Laos,LAO,1994,0.012999303
Laos,LAO,1995,0.031233309
Laos,LAO,1996,0.07514006
Laos,LAO,1997,0.095426925
Laos,LAO,1998,0.12298639
Laos,LAO,1999,0.22617741
Laos,LAO,2000,0.23348379
Laos,LAO,2001,0.5350918
Laos,LAO,2002,0.98308843
Laos,LAO,2003,1.9704472
Laos,LAO,2004,3.5317228
Laos,LAO,2005,11.20241
Laos,LAO,2006,16.92992
Laos,LAO,2007,24.41135
Laos,LAO,2008,32.885723
Laos,LAO,2009,51.823574
Laos,LAO,2010,63.20291
Laos,LAO,2011,85.283966
Laos,LAO,2012,65.96126
Laos,LAO,2013,69.76771
Laos,LAO,2014,68.9015
Laos,LAO,2015,54.79795
Laos,LAO,2016,57.29662
Laos,LAO,2017,52.88879
Laos,LAO,2018,51.37925
Laos,LAO,2019,64.06686
Laos,LAO,2020,63.113987
Laos,LAO,2021,64.71015
Laos,LAO,2022,63.354603
Laos,LAO,2023,64.758804
Latin America and Caribbean (WB),WB_LAC,1980,0
Latin America and Caribbean (WB),WB_LAC,1981,0
Latin America and Caribbean (WB),WB_LAC,1982,0
Latin America and Caribbean (WB),WB_LAC,1983,0
Latin America and Caribbean (WB),WB_LAC,1984,0
Latin America and Caribbean (WB),WB_LAC,1985,0
Latin America and Caribbean (WB),WB_LAC,1986,0
Latin America and Caribbean (WB),WB_LAC,1987,0.0009544362
Latin America and Caribbean (WB),WB_LAC,1988,0.002868763
Latin America and Caribbean (WB),WB_LAC,1989,0.0072675915
Latin America and Caribbean (WB),WB_LAC,1990,0.028426878
Latin America and Caribbean (WB),WB_LAC,1991,0.066260524
Latin America and Caribbean (WB),WB_LAC,1992,0.14153807
Latin America and Caribbean (WB),WB_LAC,1993,0.24391906
Latin America and Caribbean (WB),WB_LAC,1994,0.47624692
Latin America and Caribbean (WB),WB_LAC,1995,0.81498057
Latin America and Caribbean (WB),WB_LAC,1996,1.3565818
Latin America and Caribbean (WB),WB_LAC,1997,2.560768
Latin America and Caribbean (WB),WB_LAC,1998,4.2000446
Latin America and Caribbean (WB),WB_LAC,1999,7.8110275
Latin America and Caribbean (WB),WB_LAC,2000,12.233761
Latin America and Caribbean (WB),WB_LAC,2001,16.027807
Latin America and Caribbean (WB),WB_LAC,2002,18.957188
Latin America and Caribbean (WB),WB_LAC,2003,23.26585
Latin America and Caribbean (WB),WB_LAC,2004,31.795444
Latin America and Caribbean (WB),WB_LAC,2005,43.25042
Latin America and Caribbean (WB),WB_LAC,2006,54.42474
Latin America and Caribbean (WB),WB_LAC,2007,67.12885
Latin America and Caribbean (WB),WB_LAC,2008,79.93778
Latin America and Caribbean (WB),WB_LAC,2009,88.246735
Latin America and Caribbean (WB),WB_LAC,2010,97.29011
Latin America and Caribbean (WB),WB_LAC,2011,105.94968
Latin America and Caribbean (WB),WB_LAC,2012,110.52267
Latin America and Caribbean (WB),WB_LAC,2013,116.16936
Latin America and Caribbean (WB),WB_LAC,2014,115.73316
Latin America and Caribbean (WB),WB_LAC,2015,112.2
Latin America and Caribbean (WB),WB_LAC,2016,110.6
Latin America and Caribbean (WB),WB_LAC,2017,107.3
Latin America and Caribbean (WB),WB_LAC,2018,105.7
Latin America and Caribbean (WB),WB_LAC,2019,103.3
Latin America and Caribbean (WB),WB_LAC,2020,102.8
Latin America and Caribbean (WB),WB_LAC,2021,108.7
Latin America and Caribbean (WB),WB_LAC,2022,109.9
Latin America and Caribbean (WB),WB_LAC,2023,112.6
Latin America and Caribbean (WB),WB_LAC,2024,114.6
Latin America and Caribbean (WB),WB_LAC,2025,116.8
Latvia,LVA,1980,0
Latvia,LVA,1981,0
Latvia,LVA,1982,0
Latvia,LVA,1983,0
Latvia,LVA,1984,0
Latvia,LVA,1985,0
Latvia,LVA,1986,0
Latvia,LVA,1987,0
Latvia,LVA,1988,0
Latvia,LVA,1989,0
Latvia,LVA,1990,0
Latvia,LVA,1991,0
Latvia,LVA,1992,0.038567208
Latvia,LVA,1993,0.14400005
Latvia,LVA,1994,0.32089573
Latvia,LVA,1995,0.58374
Latvia,LVA,1996,1.1245762
Latvia,LVA,1997,3.0853834
Latvia,LVA,1998,6.800856
Latvia,LVA,1999,11.30686
Latvia,LVA,2000,16.943369
Latvia,LVA,2001,28.090267
Latvia,LVA,2002,39.682247
Latvia,LVA,2003,53.2791
Latvia,LVA,2004,67.87076
Latvia,LVA,2005,83.56172
Latvia,LVA,2006,98.40759
Latvia,LVA,2007,100.73756
Latvia,LVA,2008,105.55166
Latvia,LVA,2009,107.54219
Latvia,LVA,2010,109.927826
Latvia,LVA,2011,112.09059
Latvia,LVA,2012,129.30455
Latvia,LVA,2013,127.07339
Latvia,LVA,2014,119.54974
Latvia,LVA,2015,130.94914
Latvia,LVA,2016,135.22746
Latvia,LVA,2017,126.84699
Latvia,LVA,2018,107.39743
Latvia,LVA,2019,108.22191
Latvia,LVA,2020,107.90249
Latvia,LVA,2021,114.64467
Latvia,LVA,2022,115.20263
Latvia,LVA,2023,119.90994
Latvia,LVA,2024,121.2622
Lebanon,LBN,1980,0
Lebanon,LBN,1981,0
Lebanon,LBN,1982,0
Lebanon,LBN,1983,0
Lebanon,LBN,1984,0
Lebanon,LBN,1985,0
Lebanon,LBN,1986,0
Lebanon,LBN,1987,0
Lebanon,LBN,1988,0
Lebanon,LBN,1989,0
Lebanon,LBN,1990,0
Lebanon,LBN,1991,0
Lebanon,LBN,1992,0
Lebanon,LBN,1993,0
Lebanon,LBN,1994,0
Lebanon,LBN,1995,3.0305786
Lebanon,LBN,1996,4.907984
Lebanon,LBN,1997,9.10275
Lebanon,LBN,1998,12.092034
Lebanon,LBN,1999,14.7528715
Lebanon,LBN,2000,17.16197
Lebanon,LBN,2001,17.418634
Lebanon,LBN,2002,17.36537
Lebanon,LBN,2003,17.577253
Lebanon,LBN,2004,19.23008
Lebanon,LBN,2005,21.27029
Lebanon,LBN,2006,23.287714
Lebanon,LBN,2007,26.010927
Lebanon,LBN,2008,28.972536
Lebanon,LBN,2009,47.8802
Lebanon,LBN,2010,56.804214
Lebanon,LBN,2011,67.83038
Lebanon,LBN,2012,71.72181
Lebanon,LBN,2013,67.63821
Lebanon,LBN,2014,69.12371
Lebanon,LBN,2015,71.96096
Lebanon,LBN,2016,67.64198
Lebanon,LBN,2017,71.41223
Lebanon,LBN,2018,73.932106
Lebanon,LBN,2019,73.13648
Lebanon,LBN,2020,75.20031
Lebanon,LBN,2021,74.99352
Lebanon,LBN,2022,74.01483
Lesotho,LSO,1980,0
Lesotho,LSO,1981,0
Lesotho,LSO,1982,0
Lesotho,LSO,1983,0
Lesotho,LSO,1984,0
Lesotho,LSO,1985,0
Lesotho,LSO,1986,0
Lesotho,LSO,1987,0
Lesotho,LSO,1988,0
Lesotho,LSO,1989,0
Lesotho,LSO,1990,0
Lesotho,LSO,1991,0
Lesotho,LSO,1992,0
Lesotho,LSO,1993,0
Lesotho,LSO,1994,0
Lesotho,LSO,1995,0
Lesotho,LSO,1996,0.06454919
Lesotho,LSO,1997,0.17743269
Lesotho,LSO,1998,0.4951051
Lesotho,LSO,1999,0.6017321
Lesotho,LSO,2000,1.0778911
Lesotho,LSO,2001,2.848785
Lesotho,LSO,2002,6.91605
Lesotho,LSO,2003,6.3448997
Lesotho,LSO,2004,9.954346
Lesotho,LSO,2005,12.789364
Lesotho,LSO,2006,18.4011
Lesotho,LSO,2007,24.699888
Lesotho,LSO,2008,30.165453
Lesotho,LSO,2009,33.368958
Lesotho,LSO,2010,49.465122
Lesotho,LSO,2011,61.189102
Lesotho,LSO,2012,75.93639
Lesotho,LSO,2013,87.05527
Lesotho,LSO,2014,102.82199
Lesotho,LSO,2015,101.688194
Lesotho,LSO,2016,107.157974
Lesotho,LSO,2017,110.37008
Lesotho,LSO,2018,72.45552
Lesotho,LSO,2019,76.11248
Lesotho,LSO,2020,69.8944
Lesotho,LSO,2021,80.53682
Lesotho,LSO,2022,68.100136
Lesotho,LSO,2023,69.3513
Lesotho,LSO,2024,70.32805
Liberia,LBR,1980,0
Liberia,LBR,1981,0
Liberia,LBR,1982,0
Liberia,LBR,1983,0
Liberia,LBR,1984,0
Liberia,LBR,1985,0
Liberia,LBR,1986,0
Liberia,LBR,1987,0
Liberia,LBR,1988,0
Liberia,LBR,1989,0
Liberia,LBR,1990,0
Liberia,LBR,1991,0
Liberia,LBR,1992,0
Liberia,LBR,1993,0
Liberia,LBR,1994,0
Liberia,LBR,1995,0
Liberia,LBR,1996,0
Liberia,LBR,1997,0
Liberia,LBR,1998,0
Liberia,LBR,1999,0
Liberia,LBR,2000,0.05122746
Liberia,LBR,2001,0.06632756
Liberia,LBR,2002,0.16156226
Liberia,LBR,2003,1.5146502
Liberia,LBR,2004,2.9893324
Liberia,LBR,2005,4.846994
Liberia,LBR,2006,8.021113
Liberia,LBR,2007,15.344571
Liberia,LBR,2008,22.366562
Liberia,LBR,2009,27.518496
Liberia,LBR,2010,38.712753
Liberia,LBR,2011,47.86903
Liberia,LBR,2012,54.42206
Liberia,LBR,2013,57.061268
Liberia,LBR,2014,70.66282
Liberia,LBR,2015,78.37867
Liberia,LBR,2016,65.54371
Liberia,LBR,2017,54.85752
Liberia,LBR,2019,38.404186
Liberia,LBR,2020,32.100433
Liberia,LBR,2021,31.429901
Liberia,LBR,2022,32.06389
Libya,LBY,1980,0
Libya,LBY,1981,0
Libya,LBY,1982,0
Libya,LBY,1983,0
Libya,LBY,1984,0
Libya,LBY,1985,0
Libya,LBY,1986,0
Libya,LBY,1987,0
Libya,LBY,1988,0
Libya,LBY,1989,0
Libya,LBY,1990,0
Libya,LBY,1991,0
Libya,LBY,1992,0
Libya,LBY,1993,0
Libya,LBY,1994,0
Libya,LBY,1995,0
Libya,LBY,1996,0
Libya,LBY,1997,0.20398398
Libya,LBY,1998,0.40152887
Libya,LBY,1999,0.59312004
Libya,LBY,2000,0.7540027
Libya,LBY,2001,0.9253024
Libya,LBY,2002,1.2707841
Libya,LBY,2003,2.2600286
Libya,LBY,2004,8.715823
Libya,LBY,2005,34.136696
Libya,LBY,2006,65.67598
Libya,LBY,2007,73.71756
Libya,LBY,2008,118.34172
Libya,LBY,2009,149.74966
Libya,LBY,2010,167.74808
Libya,LBY,2011,157.64906
Libya,LBY,2012,155.14632
Libya,LBY,2013,162.34583
Libya,LBY,2014,132.20393
Libya,LBY,2015,149.2246
Libya,LBY,2016,115.499435
Libya,LBY,2017,89.33381
Libya,LBY,2019,164.0044
Libya,LBY,2020,164.9871
Libya,LBY,2021,195.11784
Libya,LBY,2022,192.9731
Liechtenstein,LIE,1990,0
Liechtenstein,LIE,1998,23.299162
Liechtenstein,LIE,1999,27.594666
Liechtenstein,LIE,2000,30.19962
Liechtenstein,LIE,2001,32.890804
Liechtenstein,LIE,2002,33.791714
Liechtenstein,LIE,2003,73.39988
Liechtenstein,LIE,2004,74.15162
Liechtenstein,LIE,2005,79.27993
Liechtenstein,LIE,2006,82.215866
Liechtenstein,LIE,2007,90.8789
Liechtenstein,LIE,2008,95.925964
Liechtenstein,LIE,2009,97.99255
Liechtenstein,LIE,2010,98.61385
Liechtenstein,LIE,2011,101.92997
Liechtenstein,LIE,2012,98.59001
Liechtenstein,LIE,2013,104.11
Liechtenstein,LIE,2014,109.38837
Liechtenstein,LIE,2015,109.49198
Liechtenstein,LIE,2016,117.766846
Liechtenstein,LIE,2017,122.59445
Liechtenstein,LIE,2018,123.979126
Liechtenstein,LIE,2019,124.21436
Liechtenstein,LIE,2020,126.104675
Liechtenstein,LIE,2021,126.07059
Liechtenstein,LIE,2022,126.30669
Liechtenstein,LIE,2023,127.05945
Liechtenstein,LIE,2024,128.90143
Lithuania,LTU,1980,0
Lithuania,LTU,1981,0
Lithuania,LTU,1982,0
Lithuania,LTU,1983,0
Lithuania,LTU,1984,0
Lithuania,LTU,1985,0
Lithuania,LTU,1986,0
Lithuania,LTU,1987,0
Lithuania,LTU,1988,0
Lithuania,LTU,1989,0
Lithuania,LTU,1990,0
Lithuania,LTU,1991,0
Lithuania,LTU,1992,0.007034198
Lithuania,LTU,1993,0.03278318
Lithuania,LTU,1994,0.119667225
Lithuania,LTU,1995,0.394821
Lithuania,LTU,1996,1.3694975
Lithuania,LTU,1997,4.4747405
Lithuania,LTU,1998,7.300894
Lithuania,LTU,1999,9.136079
Lithuania,LTU,2000,14.969709
Lithuania,LTU,2001,29.311771
Lithuania,LTU,2002,47.780025
Lithuania,LTU,2003,61.55303
Lithuania,LTU,2004,90.35925
Lithuania,LTU,2005,131.0386
Lithuania,LTU,2006,144.29639
Lithuania,LTU,2007,152.01202
Lithuania,LTU,2008,157.03198
Lithuania,LTU,2009,156.84795
Lithuania,LTU,2010,157.88965
Lithuania,LTU,2011,163.04337
Lithuania,LTU,2012,167.22606
Lithuania,LTU,2013,154.34146
Lithuania,LTU,2014,145.4943
Lithuania,LTU,2015,143.9915
Lithuania,LTU,2016,146.5504
Lithuania,LTU,2017,154.14798
Lithuania,LTU,2018,134.33362
Lithuania,LTU,2019,132.52884
Lithuania,LTU,2020,131.34134
Lithuania,LTU,2021,133.35727
Lithuania,LTU,2022,135.83415
Lithuania,LTU,2023,137.20372
Lithuania,LTU,2024,138.72884
Low-income countries,OWID_LIC,1980,0
Low-income countries,OWID_LIC,1981,0
Low-income countries,OWID_LIC,1982,0
Low-income countries,OWID_LIC,1983,0
Low-income countries,OWID_LIC,1984,0
Low-income countries,OWID_LIC,1985,0
Low-income countries,OWID_LIC,1986,0
Low-income countries,OWID_LIC,1987,0
Low-income countries,OWID_LIC,1988,0
Low-income countries,OWID_LIC,1989,0
Low-income countries,OWID_LIC,1990,0
Low-income countries,OWID_LIC,1991,0
Low-income countries,OWID_LIC,1992,0.0006702118
Low-income countries,OWID_LIC,1993,0.002214204
Low-income countries,OWID_LIC,1994,0.003492511
Low-income countries,OWID_LIC,1995,0.006779636
Low-income countries,OWID_LIC,1996,0.010263741
Low-income countries,OWID_LIC,1997,0.016622012
Low-income countries,OWID_LIC,1998,0.034507345
Low-income countries,OWID_LIC,1999,0.06603062
Low-income countries,OWID_LIC,2015,52.7
Low-income countries,OWID_LIC,2016,50.8
Low-income countries,OWID_LIC,2017,50.7
Low-income countries,OWID_LIC,2018,50.6
Low-income countries,OWID_LIC,2019,52.3
Low-income countries,OWID_LIC,2020,58
Low-income countries,OWID_LIC,2021,60.2
Low-income countries,OWID_LIC,2022,62.5
Low-income countries,OWID_LIC,2023,65.2
Low-income countries,OWID_LIC,2024,67
Low-income countries,OWID_LIC,2025,69.3
Lower-middle-income countries,OWID_LMC,1980,0
Lower-middle-income countries,OWID_LMC,1981,0
Lower-middle-income countries,OWID_LMC,1982,0
Lower-middle-income countries,OWID_LMC,1983,0
Lower-middle-income countries,OWID_LMC,1984,0
Lower-middle-income countries,OWID_LMC,1985,0
Lower-middle-income countries,OWID_LMC,1986,0
Lower-middle-income countries,OWID_LMC,1987,0.00018288585
Lower-middle-income countries,OWID_LMC,1988,0.00021635588
Lower-middle-income countries,OWID_LMC,1989,0.0002968631
Lower-middle-income countries,OWID_LMC,1990,0.00060215406
Lower-middle-income countries,OWID_LMC,1991,0.0030827778
Lower-middle-income countries,OWID_LMC,1992,0.0049250457
Lower-middle-income countries,OWID_LMC,1993,0.009693639
Lower-middle-income countries,OWID_LMC,1994,0.01645096
Lower-middle-income countries,OWID_LMC,1995,0.048655666
Lower-middle-income countries,OWID_LMC,1996,0.09929865
Lower-middle-income countries,OWID_LMC,1997,0.18020226
Lower-middle-income countries,OWID_LMC,1998,0.25453845
Lower-middle-income countries,OWID_LMC,1999,0.43210828
Lower-middle-income countries,OWID_LMC,2015,81.8
Lower-middle-income countries,OWID_LMC,2016,86.6
Lower-middle-income countries,OWID_LMC,2017,88.1
Lower-middle-income countries,OWID_LMC,2018,90.7
Lower-middle-income countries,OWID_LMC,2019,92.4
Lower-middle-income countries,OWID_LMC,2020,92.9
Lower-middle-income countries,OWID_LMC,2021,92.8
Lower-middle-income countries,OWID_LMC,2022,93.6
Lower-middle-income countries,OWID_LMC,2023,92.8
Lower-middle-income countries,OWID_LMC,2024,90.9
Lower-middle-income countries,OWID_LMC,2025,89.9
Luxembourg,LUX,1980,0
Luxembourg,LUX,1981,0
Luxembourg,LUX,1982,0
Luxembourg,LUX,1983,0
Luxembourg,LUX,1984,0
Luxembourg,LUX,1985,0.010915064
Luxembourg,LUX,1986,0.079311185
Luxembourg,LUX,1987,0.10120747
Luxembourg,LUX,1988,0.14514022
Luxembourg,LUX,1989,0.17641644
Luxembourg,LUX,1990,0.21612208
Luxembourg,LUX,1991,0.2947738
Luxembourg,LUX,1992,0.2860675
Luxembourg,LUX,1993,1.2810752
Luxembourg,LUX,1994,3.2073605
Luxembourg,LUX,1995,6.5838313
Luxembourg,LUX,1996,10.890557
Luxembourg,LUX,1997,16.062637
Luxembourg,LUX,1998,30.809256
Luxembourg,LUX,1999,48.722713
Luxembourg,LUX,2000,69.5372
Luxembourg,LUX,2001,92.60037
Luxembourg,LUX,2002,105.961395
Luxembourg,LUX,2003,119.29054
Luxembourg,LUX,2004,102.55381
Luxembourg,LUX,2005,109.591866
Luxembourg,LUX,2006,150.78267
Luxembourg,LUX,2007,142.524
Luxembourg,LUX,2008,144.58374
Luxembourg,LUX,2009,144.52405
Luxembourg,LUX,2010,143.27664
Luxembourg,LUX,2011,147.51187
Luxembourg,LUX,2012,143.38794
Luxembourg,LUX,2013,145.09344
Luxembourg,LUX,2014,144.24417
Luxembourg,LUX,2015,141.65918
Luxembourg,LUX,2016,130.93268
Luxembourg,LUX,2017,133.11092
Luxembourg,LUX,2018,131.32687
Luxembourg,LUX,2019,131.87016
Luxembourg,LUX,2020,132.90897
Luxembourg,LUX,2021,136.8711
Luxembourg,LUX,2022,139.65129
Luxembourg,LUX,2023,144.47495
Macao,MAC,1980,0
Macao,MAC,1981,0
Macao,MAC,1982,0
Macao,MAC,1983,0
Macao,MAC,1984,0
Macao,MAC,1985,0
Macao,MAC,1986,0
Macao,MAC,1987,0
Macao,MAC,1988,0
Macao,MAC,1989,0.4019731
Macao,MAC,1990,0.63730097
Macao,MAC,1991,1.3375093
Macao,MAC,1992,2.8232672
Macao,MAC,1993,3.975446
Macao,MAC,1994,5.515973
Macao,MAC,1995,9.046216
Macao,MAC,1996,11.077994
Macao,MAC,1997,12.835803
Macao,MAC,1998,19.608095
Macao,MAC,1999,27.754642
Macao,MAC,2000,32.25454
Macao,MAC,2001,43.689976
Macao,MAC,2002,60.554718
Macao,MAC,2003,77.60978
Macao,MAC,2004,89.6827
Macao,MAC,2005,107.53859
Macao,MAC,2006,125.08123
Macao,MAC,2007,152.08904
Macao,MAC,2008,174.01451
Macao,MAC,2009,188.792
Macao,MAC,2010,199.40459
Macao,MAC,2011,235.0793
Macao,MAC,2012,274.65622
Macao,MAC,2013,287.64343
Macao,MAC,2014,304.18497
Macao,MAC,2015,304.75104
Macao,MAC,2016,310.5683
Macao,MAC,2017,316.60156
Macao,MAC,2018,331.09998
Macao,MAC,2019,416.26053
Macao,MAC,2020,237.34378
Macao,MAC,2021,183.57478
Macao,MAC,2022,172.24472
Macao,MAC,2023,192.47835
Macao,MAC,2024,201.13695
Madagascar,MDG,1980,0
Madagascar,MDG,1981,0
Madagascar,MDG,1982,0
Madagascar,MDG,1983,0
Madagascar,MDG,1984,0
Madagascar,MDG,1985,0
Madagascar,MDG,1986,0
Madagascar,MDG,1987,0
Madagascar,MDG,1988,0
Madagascar,MDG,1989,0
Madagascar,MDG,1990,0
Madagascar,MDG,1991,0
Madagascar,MDG,1992,0
Madagascar,MDG,1993,0
Madagascar,MDG,1994,0.002232787
Madagascar,MDG,1995,0.009373329
Madagascar,MDG,1996,0.016064309
Madagascar,MDG,1997,0.02774225
Madagascar,MDG,1998,0.083824374
Madagascar,MDG,1999,0.22727267
Madagascar,MDG,2000,0.38200963
Madagascar,MDG,2001,0.8659692
Madagascar,MDG,2002,0.9288365
Madagascar,MDG,2003,1.5696564
Madagascar,MDG,2004,1.7944592
Madagascar,MDG,2005,2.6632402
Madagascar,MDG,2006,5.3007593
Madagascar,MDG,2007,10.914206
Madagascar,MDG,2008,23.108755
Madagascar,MDG,2009,29.162842
Madagascar,MDG,2010,34.76357
Madagascar,MDG,2011,38.036358
Madagascar,MDG,2012,37.41555
Madagascar,MDG,2013,35.094852
Madagascar,MDG,2014,39.225273
Madagascar,MDG,2015,42.057224
Madagascar,MDG,2016,30.644705
Madagascar,MDG,2017,32.590626
Madagascar,MDG,2018,38.75155
Madagascar,MDG,2019,46.07798
Madagascar,MDG,2020,54.808468
Madagascar,MDG,2021,53.917725
Madagascar,MDG,2022,64.74949
Madagascar,MDG,2023,75.4563
Malawi,MWI,1980,0
Malawi,MWI,1981,0
Malawi,MWI,1982,0
Malawi,MWI,1983,0
Malawi,MWI,1984,0
Malawi,MWI,1985,0
Malawi,MWI,1986,0
Malawi,MWI,1987,0
Malawi,MWI,1988,0
Malawi,MWI,1989,0
Malawi,MWI,1990,0
Malawi,MWI,1991,0
Malawi,MWI,1992,0
Malawi,MWI,1993,0
Malawi,MWI,1994,0
Malawi,MWI,1995,0.003777385
Malawi,MWI,1996,0.03588565
Malawi,MWI,1997,0.06658627
Malawi,MWI,1998,0.09783408
Malawi,MWI,1999,0.20503089
Malawi,MWI,2000,0.43301743
Malawi,MWI,2001,0.48071873
Malawi,MWI,2002,0.7242745
Malawi,MWI,2003,1.109167
Malawi,MWI,2004,1.7769753
Malawi,MWI,2005,3.2800777
Malawi,MWI,2006,4.698667
Malawi,MWI,2007,7.7403173
Malawi,MWI,2008,10.787343
Malawi,MWI,2009,17.266481
Malawi,MWI,2010,21.025675
Malawi,MWI,2011,25.886448
Malawi,MWI,2012,29.580008
Malawi,MWI,2013,32.731743
Malawi,MWI,2014,33.88684
Malawi,MWI,2015,38.43419
Malawi,MWI,2016,40.884445
Malawi,MWI,2017,43.08551
Malawi,MWI,2018,38.195568
Malawi,MWI,2019,46.7841
Malawi,MWI,2020,51.217045
Malawi,MWI,2021,59.55994
Malawi,MWI,2022,59.64957
Malawi,MWI,2023,61.08661
Malawi,MWI,2024,69.26053
Malaysia,MYS,1980,0
Malaysia,MYS,1981,0
Malaysia,MYS,1982,0
Malaysia,MYS,1983,0
Malaysia,MYS,1984,0
Malaysia,MYS,1986,0.069523625
Malaysia,MYS,1987,0.108594075
Malaysia,MYS,1988,0.16522017
Malaysia,MYS,1989,0.23160204
Malaysia,MYS,1990,0.49448955
Malaysia,MYS,1991,0.7215222
Malaysia,MYS,1992,1.0826154
Malaysia,MYS,1993,1.7848852
Malaysia,MYS,1994,2.918621
Malaysia,MYS,1995,4.9911685
Malaysia,MYS,1996,7.348428
Malaysia,MYS,1997,9.412128
Malaysia,MYS,1998,10.086865
Malaysia,MYS,1999,13.366919
Malaysia,MYS,2000,22.299673
Malaysia,MYS,2001,31.390083
Malaysia,MYS,2002,37.560455
Malaysia,MYS,2003,45.07366
Malaysia,MYS,2004,57.84983
Malaysia,MYS,2005,75.65005
Malaysia,MYS,2006,73.67624
Malaysia,MYS,2007,86.47553
Malaysia,MYS,2008,100.51846
Malaysia,MYS,2009,107.17951
Malaysia,MYS,2010,118.15663
Malaysia,MYS,2011,125.715836
Malaysia,MYS,2012,139.31476
Malaysia,MYS,2013,142.52211
Malaysia,MYS,2014,146.36565
Malaysia,MYS,2015,141.21053
Malaysia,MYS,2016,136.72517
Malaysia,MYS,2017,130.85352
Malaysia,MYS,2018,128.87315
Malaysia,MYS,2019,133.37292
Malaysia,MYS,2020,129.01791
Malaysia,MYS,2021,137.68494
Malaysia,MYS,2022,138.20844
Malaysia,MYS,2023,142.73209
Malaysia,MYS,2024,139.66466
Maldives,MDV,1980,0
Maldives,MDV,1981,0
Maldives,MDV,1982,0
Maldives,MDV,1983,0
Maldives,MDV,1984,0
Maldives,MDV,1985,0
Maldives,MDV,1986,0
Maldives,MDV,1987,0
Maldives,MDV,1988,0
Maldives,MDV,1989,0
Maldives,MDV,1990,0
Maldives,MDV,1991,0
Maldives,MDV,1992,0
Maldives,MDV,1993,0
Maldives,MDV,1994,0
Maldives,MDV,1995,0
Maldives,MDV,1996,0.007580294
Maldives,MDV,1997,0.4794826
Maldives,MDV,1998,0.5865681
Maldives,MDV,1999,1.0520979
Maldives,MDV,2000,2.7083282
Maldives,MDV,2001,6.588624
Maldives,MDV,2002,14.367867
Maldives,MDV,2003,22.417543
Maldives,MDV,2004,37.571705
Maldives,MDV,2005,66.449326
Maldives,MDV,2006,86.363594
Maldives,MDV,2007,96.62844
Maldives,MDV,2008,129.58533
Maldives,MDV,2009,131.43924
Maldives,MDV,2010,137.01828
Maldives,MDV,2011,141.95502
Maldives,MDV,2012,144.91234
Maldives,MDV,2013,156.26291
Maldives,MDV,2014,160.97452
Maldives,MDV,2015,172.78596
Maldives,MDV,2016,183.19724
Maldives,MDV,2017,196.40967
Maldives,MDV,2018,181.34344
Maldives,MDV,2019,169.77432
Maldives,MDV,2020,142.93613
Maldives,MDV,2021,136.78922
Maldives,MDV,2022,136.45865
Maldives,MDV,2023,141.60124
Maldives,MDV,2024,148.13707
Mali,MLI,1980,0
Mali,MLI,1981,0
Mali,MLI,1982,0
Mali,MLI,1983,0
Mali,MLI,1984,0
Mali,MLI,1985,0
Mali,MLI,1986,0
Mali,MLI,1987,0
Mali,MLI,1988,0
Mali,MLI,1989,0
Mali,MLI,1990,0
Mali,MLI,1991,0
Mali,MLI,1992,0
Mali,MLI,1993,0
Mali,MLI,1994,0
Mali,MLI,1995,0
Mali,MLI,1996,0.011715466
Mali,MLI,1997,0.02743428
Mali,MLI,1998,0.042116765
Mali,MLI,1999,0.05850512
Mali,MLI,2000,0.08995362
Mali,MLI,2001,0.20144965
Mali,MLI,2002,0.37413585
Mali,MLI,2003,1.9489466
Mali,MLI,2004,3.1052382
Mali,MLI,2005,5.6282287
Mali,MLI,2006,10.814388
Mali,MLI,2007,17.505398
Mali,MLI,2008,23.014645
Mali,MLI,2009,28.897877
Mali,MLI,2010,46.662216
Mali,MLI,2011,65.71072
Mali,MLI,2012,86.17566
Mali,MLI,2013,113.114586
Mali,MLI,2014,130.43958
Mali,MLI,2015,122.08298
Mali,MLI,2016,105.348305
Mali,MLI,2017,111.210304
Mali,MLI,2018,107.40404
Mali,MLI,2019,108.814514
Mali,MLI,2020,116.5874
Mali,MLI,2021,108.69312
Mali,MLI,2022,112.11985
Malta,MLT,1980,0
Malta,MLT,1981,0
Malta,MLT,1982,0
Malta,MLT,1983,0
Malta,MLT,1984,0
Malta,MLT,1985,0
Malta,MLT,1986,0
Malta,MLT,1987,0
Malta,MLT,1988,0
Malta,MLT,1989,0
Malta,MLT,1990,0
Malta,MLT,1991,0.61843926
Malta,MLT,1992,0.94116384
Malta,MLT,1993,1.4124256
Malta,MLT,1994,1.9811761
Malta,MLT,1995,2.8259935
Malta,MLT,1996,3.2444863
Malta,MLT,1997,4.54971
Malta,MLT,1998,5.7406454
Malta,MLT,1999,9.480481
Malta,MLT,2000,28.618513
Malta,MLT,2001,59.440296
Malta,MLT,2002,68.265015
Malta,MLT,2003,71.037125
Malta,MLT,2004,74.50548
Malta,MLT,2005,78.38479
Malta,MLT,2006,83.467964
Malta,MLT,2007,88.33477
Malta,MLT,2008,92.044044
Malta,MLT,2009,100.30608
Malta,MLT,2010,107.790825
Malta,MLT,2011,122.87179
Malta,MLT,2012,124.75722
Malta,MLT,2013,129.92168
Malta,MLT,2014,125.71873
Malta,MLT,2015,117.79402
Malta,MLT,2016,128.5987
Malta,MLT,2017,129.24907
Malta,MLT,2018,127.093765
Malta,MLT,2019,125.86649
Malta,MLT,2020,122.1757
Malta,MLT,2021,123.94141
Malta,MLT,2022,132.86116
Malta,MLT,2023,140.5936
Malta,MLT,2024,142.07007
Marshall Islands,MHL,1980,0
Marshall Islands,MHL,1981,0
Marshall Islands,MHL,1982,0
Marshall Islands,MHL,1983,0
Marshall Islands,MHL,1984,0
Marshall Islands,MHL,1985,0
Marshall Islands,MHL,1986,0
Marshall Islands,MHL,1987,0
Marshall Islands,MHL,1988,0
Marshall Islands,MHL,1989,0
Marshall Islands,MHL,1990,0
Marshall Islands,MHL,1991,0
Marshall Islands,MHL,1992,0
Marshall Islands,MHL,1993,0
Marshall Islands,MHL,1994,0.56179774
Marshall Islands,MHL,1995,0.52068955
Marshall Islands,MHL,1996,0.7082153
Marshall Islands,MHL,1997,0.89002633
Marshall Islands,MHL,1998,0.6489354
Marshall Islands,MHL,1999,0.8229
Marshall Islands,MHL,2000,0.88155246
Marshall Islands,MHL,2001,0.9565166
Marshall Islands,MHL,2002,1.0734079
Marshall Islands,MHL,2003,1.1580395
Marshall Islands,MHL,2004,1.2434593
Marshall Islands,MHL,2005,1.2715293
Marshall Islands,MHL,2014,31.126999
Marshall Islands,MHL,2015,31.762295
Marshall Islands,MHL,2017,34.387157
Marshall Islands,MHL,2019,36.357853
Marshall Islands,MHL,2020,37.46546
Marshall Islands,MHL,2021,38.678173
Marshall Islands,MHL,2022,39.706066
Mauritania,MRT,1980,0
Mauritania,MRT,1981,0
Mauritania,MRT,1982,0
Mauritania,MRT,1983,0
Mauritania,MRT,1984,0
Mauritania,MRT,1985,0
Mauritania,MRT,1986,0
Mauritania,MRT,1987,0
Mauritania,MRT,1988,0
Mauritania,MRT,1989,0
Mauritania,MRT,1990,0
Mauritania,MRT,1991,0
Mauritania,MRT,1992,0
Mauritania,MRT,1993,0
Mauritania,MRT,1994,0
Mauritania,MRT,1995,0
Mauritania,MRT,1996,0
Mauritania,MRT,1997,0
Mauritania,MRT,1998,0
Mauritania,MRT,1999,0
Mauritania,MRT,2000,0.5854351
Mauritania,MRT,2001,4.1236615
Mauritania,MRT,2002,9.027717
Mauritania,MRT,2003,12.5249195
Mauritania,MRT,2004,18.210567
Mauritania,MRT,2005,25.369175
Mauritania,MRT,2006,35.177227
Mauritania,MRT,2007,45.714195
Mauritania,MRT,2008,65.71835
Mauritania,MRT,2009,66.44188
Mauritania,MRT,2010,81.86607
Mauritania,MRT,2011,94.63162
Mauritania,MRT,2012,111.23073
Mauritania,MRT,2013,106.798485
Mauritania,MRT,2014,97.52673
Mauritania,MRT,2015,91.89412
Mauritania,MRT,2016,88.43835
Mauritania,MRT,2017,96.75954
Mauritania,MRT,2018,105.27509
Mauritania,MRT,2019,105.44109
Mauritania,MRT,2020,126.27703
Mauritania,MRT,2021,137.54033
Mauritania,MRT,2022,109.883896
Mauritania,MRT,2023,90.77249
Mauritania,MRT,2024,92.0749
Mauritius,MUS,1980,0
Mauritius,MUS,1981,0
Mauritius,MUS,1982,0
Mauritius,MUS,1983,0
Mauritius,MUS,1984,0
Mauritius,MUS,1985,0
Mauritius,MUS,1986,0
Mauritius,MUS,1987,0
Mauritius,MUS,1988,0
Mauritius,MUS,1989,0
Mauritius,MUS,1990,0.20178118
Mauritius,MUS,1991,0.22639616
Mauritius,MUS,1992,0.26029888
Mauritius,MUS,1993,0.35623145
Mauritius,MUS,1994,0.49740183
Mauritius,MUS,1995,1.0114574
Mauritius,MUS,1996,1.7775909
Mauritius,MUS,1997,3.5900147
Mauritius,MUS,1998,5.058918
Mauritius,MUS,1999,8.471703
Mauritius,MUS,2000,14.794978
Mauritius,MUS,2001,22.223509
Mauritius,MUS,2002,28.161108
Mauritius,MUS,2003,37.22771
Mauritius,MUS,2004,43.82661
Mauritius,MUS,2005,52.244682
Mauritius,MUS,2006,61.11779
Mauritius,MUS,2007,73.147606
Mauritius,MUS,2008,81.066345
Mauritius,MUS,2009,84.97043
Mauritius,MUS,2010,92.84257
Mauritius,MUS,2011,100.60897
Mauritius,MUS,2012,115.25245
Mauritius,MUS,2013,118.793106
Mauritius,MUS,2014,127.86328
Mauritius,MUS,2015,136.3719
Mauritius,MUS,2016,140.42389
Mauritius,MUS,2017,142.52454
Mauritius,MUS,2018,148.8168
Mauritius,MUS,2019,145.11728
Mauritius,MUS,2020,149.06996
Mauritius,MUS,2021,154.05319
Mauritius,MUS,2022,164.30928
Mauritius,MUS,2023,165.25752
Mauritius,MUS,2024,172.68356
Mexico,MEX,1980,0
Mexico,MEX,1981,0
Mexico,MEX,1982,0
Mexico,MEX,1983,0
Mexico,MEX,1984,0
Mexico,MEX,1985,0
Mexico,MEX,1986,0
Mexico,MEX,1987,0
Mexico,MEX,1988,0.001901333
Mexico,MEX,1989,0.010594046
Mexico,MEX,1990,0.07822524
Mexico,MEX,1991,0.1930353
Mexico,MEX,1992,0.3678496
Mexico,MEX,1993,0.4456306
Mexico,MEX,1994,0.6445731
Mexico,MEX,1995,0.76527315
Mexico,MEX,1996,1.1157751
Mexico,MEX,1997,1.868165
Mexico,MEX,1998,3.5344212
Mexico,MEX,1999,8.025796
Mexico,MEX,2000,14.27407
Mexico,MEX,2001,21.73602
Mexico,MEX,2002,25.532858
Mexico,MEX,2003,29.227165
Mexico,MEX,2004,36.83266
Mexico,MEX,2005,44.540287
Mexico,MEX,2006,51.649014
Mexico,MEX,2007,61.190395
Mexico,MEX,2008,68.225555
Mexico,MEX,2009,74.28016
Mexico,MEX,2010,80.4263
Mexico,MEX,2011,82.072525
Mexico,MEX,2012,86.225624
Mexico,MEX,2013,90.20124
Mexico,MEX,2014,87.61446
Mexico,MEX,2015,88.94543
Mexico,MEX,2016,91.394196
Mexico,MEX,2017,92.64935
Mexico,MEX,2018,96.46122
Mexico,MEX,2019,97.03586
Mexico,MEX,2020,96.923744
Mexico,MEX,2021,99.09482
Mexico,MEX,2022,105.72063
Mexico,MEX,2023,111.73542
Mexico,MEX,2024,116.48671
Micronesia (country),FSM,1980,0
Micronesia (country),FSM,1981,0
Micronesia (country),FSM,1982,0
Micronesia (country),FSM,1983,0
Micronesia (country),FSM,1984,0
Micronesia (country),FSM,1985,0
Micronesia (country),FSM,1986,0
Micronesia (country),FSM,1987,0
Micronesia (country),FSM,1988,0
Micronesia (country),FSM,1989,0
Micronesia (country),FSM,1990,0
Micronesia (country),FSM,1991,0
Micronesia (country),FSM,1992,0
Micronesia (country),FSM,1993,0
Micronesia (country),FSM,1994,0
Micronesia (country),FSM,1995,0
Micronesia (country),FSM,1996,0
Micronesia (country),FSM,1997,0
Micronesia (country),FSM,1998,0
Micronesia (country),FSM,1999,0
Micronesia (country),FSM,2000,0
Micronesia (country),FSM,2001,0
Micronesia (country),FSM,2002,0.088929996
Micronesia (country),FSM,2003,5.226878
Micronesia (country),FSM,2004,11.420148
Micronesia (country),FSM,2005,12.650343
Micronesia (country),FSM,2006,16.812218
Micronesia (country),FSM,2007,24.969057
Micronesia (country),FSM,2008,25.24418
Micronesia (country),FSM,2009,25.473104
Micronesia (country),FSM,2010,25.588617
Micronesia (country),FSM,2011,25.627216
Micronesia (country),FSM,2012,28.930391
Micronesia (country),FSM,2013,29.035063
Micronesia (country),FSM,2015,20.700726
Micronesia (country),FSM,2016,21.46413
Micronesia (country),FSM,2017,21.112339
Micronesia (country),FSM,2019,20.855625
Micronesia (country),FSM,2020,19.83483
Micronesia (country),FSM,2021,19.709023
Micronesia (country),FSM,2022,19.988583
"Middle East, North Africa, Afghanistan and Pakistan (WB)",WB_MENAP,1980,0
"Middle East, North Africa, Afghanistan and Pakistan (WB)",WB_MENAP,1981,0
"Middle East, North Africa, Afghanistan and Pakistan (WB)",WB_MENAP,1982,0.0012644002
"Middle East, North Africa, Afghanistan and Pakistan (WB)",WB_MENAP,1983,0.0018745844
"Middle East, North Africa, Afghanistan and Pakistan (WB)",WB_MENAP,1984,0.0025154806
"Middle East, North Africa, Afghanistan and Pakistan (WB)",WB_MENAP,1985,0.0040927874
"Middle East, North Africa, Afghanistan and Pakistan (WB)",WB_MENAP,1986,0.01032975
"Middle East, North Africa, Afghanistan and Pakistan (WB)",WB_MENAP,1987,0.015723458
"Middle East, North Africa, Afghanistan and Pakistan (WB)",WB_MENAP,1988,0.017840521
"Middle East, North Africa, Afghanistan and Pakistan (WB)",WB_MENAP,1989,0.02584076
"Middle East, North Africa, Afghanistan and Pakistan (WB)",WB_MENAP,1990,0.040454812
"Middle East, North Africa, Afghanistan and Pakistan (WB)",WB_MENAP,1991,0.05931056
"Middle East, North Africa, Afghanistan and Pakistan (WB)",WB_MENAP,1992,0.07079432
"Middle East, North Africa, Afghanistan and Pakistan (WB)",WB_MENAP,1993,0.09704435
"Middle East, North Africa, Afghanistan and Pakistan (WB)",WB_MENAP,1994,0.14592218
"Middle East, North Africa, Afghanistan and Pakistan (WB)",WB_MENAP,1995,0.3392148
"Middle East, North Africa, Afghanistan and Pakistan (WB)",WB_MENAP,1996,0.6956576
"Middle East, North Africa, Afghanistan and Pakistan (WB)",WB_MENAP,1997,1.1835728
"Middle East, North Africa, Afghanistan and Pakistan (WB)",WB_MENAP,1998,1.6612394
"Middle East, North Africa, Afghanistan and Pakistan (WB)",WB_MENAP,1999,2.406159
"Middle East, North Africa, Afghanistan and Pakistan (WB)",WB_MENAP,2000,4.47937
"Middle East, North Africa, Afghanistan and Pakistan (WB)",WB_MENAP,2001,7.3819995
"Middle East, North Africa, Afghanistan and Pakistan (WB)",WB_MENAP,2002,10.053949
"Middle East, North Africa, Afghanistan and Pakistan (WB)",WB_MENAP,2003,13.0443125
"Middle East, North Africa, Afghanistan and Pakistan (WB)",WB_MENAP,2004,18.04816
"Middle East, North Africa, Afghanistan and Pakistan (WB)",WB_MENAP,2005,27.742905
"Middle East, North Africa, Afghanistan and Pakistan (WB)",WB_MENAP,2006,39.64104
"Middle East, North Africa, Afghanistan and Pakistan (WB)",WB_MENAP,2007,54.729073
"Middle East, North Africa, Afghanistan and Pakistan (WB)",WB_MENAP,2008,66.160385
"Middle East, North Africa, Afghanistan and Pakistan (WB)",WB_MENAP,2009,79.352264
"Middle East, North Africa, Afghanistan and Pakistan (WB)",WB_MENAP,2010,88.98763
"Middle East, North Africa, Afghanistan and Pakistan (WB)",WB_MENAP,2011,95.417915
"Middle East, North Africa, Afghanistan and Pakistan (WB)",WB_MENAP,2012,100.33006
"Middle East, North Africa, Afghanistan and Pakistan (WB)",WB_MENAP,2013,105.50054
"Middle East, North Africa, Afghanistan and Pakistan (WB)",WB_MENAP,2014,105.7914
"Middle East, North Africa, Afghanistan and Pakistan (WB)",WB_MENAP,2015,105.2
"Middle East, North Africa, Afghanistan and Pakistan (WB)",WB_MENAP,2016,104
"Middle East, North Africa, Afghanistan and Pakistan (WB)",WB_MENAP,2017,103.1
"Middle East, North Africa, Afghanistan and Pakistan (WB)",WB_MENAP,2018,102.2
"Middle East, North Africa, Afghanistan and Pakistan (WB)",WB_MENAP,2019,107.8
"Middle East, North Africa, Afghanistan and Pakistan (WB)",WB_MENAP,2020,95.4
"Middle East, North Africa, Afghanistan and Pakistan (WB)",WB_MENAP,2021,98.3
"Middle East, North Africa, Afghanistan and Pakistan (WB)",WB_MENAP,2022,101.5
"Middle East, North Africa, Afghanistan and Pakistan (WB)",WB_MENAP,2023,102.4
"Middle East, North Africa, Afghanistan and Pakistan (WB)",WB_MENAP,2024,104.6
"Middle East, North Africa, Afghanistan and Pakistan (WB)",WB_MENAP,2025,107.1
Moldova,MDA,1980,0
Moldova,MDA,1981,0
Moldova,MDA,1982,0
Moldova,MDA,1983,0
Moldova,MDA,1984,0
Moldova,MDA,1985,0
Moldova,MDA,1986,0
Moldova,MDA,1987,0
Moldova,MDA,1988,0
Moldova,MDA,1989,0
Moldova,MDA,1990,0
Moldova,MDA,1991,0
Moldova,MDA,1992,0
Moldova,MDA,1993,0
Moldova,MDA,1994,0
Moldova,MDA,1995,0.000313815
Moldova,MDA,1996,0.02076658
Moldova,MDA,1997,0.05007067
Moldova,MDA,1998,0.16078891
Moldova,MDA,1999,0.41822165
Moldova,MDA,2000,3.282198
Moldova,MDA,2001,5.370223
Moldova,MDA,2002,8.163908
Moldova,MDA,2003,11.621326
Moldova,MDA,2004,19.448093
Moldova,MDA,2005,27.322397
Moldova,MDA,2006,34.63511
Moldova,MDA,2007,48.886948
Moldova,MDA,2008,64.11995
Moldova,MDA,2009,57.644035
Moldova,MDA,2010,70.22571
Moldova,MDA,2011,90.441956
Moldova,MDA,2012,102.918976
Moldova,MDA,2013,108.45169
Moldova,MDA,2014,111.82921
Moldova,MDA,2015,112.95868
Moldova,MDA,2016,117.00837
Moldova,MDA,2017,117.321045
Moldova,MDA,2018,115.32
Moldova,MDA,2019,116.10519
Moldova,MDA,2020,111.44467
Moldova,MDA,2021,128.98364
Moldova,MDA,2022,137.18256
Moldova,MDA,2023,129.54608
Moldova,MDA,2024,120.08349
Monaco,MCO,1980,0
Monaco,MCO,1981,0
Monaco,MCO,1982,0
Monaco,MCO,1983,0
Monaco,MCO,1984,0
Monaco,MCO,1985,0
Monaco,MCO,1986,0
Monaco,MCO,1987,0
Monaco,MCO,1988,0
Monaco,MCO,1989,0
Monaco,MCO,1990,0
Monaco,MCO,1991,0
Monaco,MCO,1992,0
Monaco,MCO,1993,3.7068076
Monaco,MCO,1994,8.188014
Monaco,MCO,1995,9.545136
Monaco,MCO,1996,17.024496
Monaco,MCO,1997,22.522522
Monaco,MCO,1998,35.623585
Monaco,MCO,1999,40.37785
Monaco,MCO,2000,42.911724
Monaco,MCO,2001,44.078033
Monaco,MCO,2002,45.876255
Monaco,MCO,2003,46.58368
Monaco,MCO,2004,48.751045
Monaco,MCO,2005,53.371624
Monaco,MCO,2006,57.10765
Monaco,MCO,2007,64.076385
Monaco,MCO,2008,69.10416
Monaco,MCO,2009,71.06662
Monaco,MCO,2010,70.60278
Monaco,MCO,2011,93.64579
Monaco,MCO,2012,95.63251
Monaco,MCO,2013,100.04796
Monaco,MCO,2014,93.21025
Monaco,MCO,2015,92.5538
Monaco,MCO,2016,89.32557
Monaco,MCO,2017,87.52588
Monaco,MCO,2018,85.67647
Monaco,MCO,2019,88.64835
Monaco,MCO,2020,93.25887
Monaco,MCO,2021,97.142265
Monaco,MCO,2022,100.061646
Monaco,MCO,2023,104.06099
Monaco,MCO,2024,107.400795
Mongolia,MNG,1980,0
Mongolia,MNG,1981,0
Mongolia,MNG,1982,0
Mongolia,MNG,1983,0
Mongolia,MNG,1984,0
Mongolia,MNG,1985,0
Mongolia,MNG,1986,0
Mongolia,MNG,1987,0
Mongolia,MNG,1988,0
Mongolia,MNG,1989,0
Mongolia,MNG,1990,0
Mongolia,MNG,1991,0
Mongolia,MNG,1992,0
Mongolia,MNG,1993,0
Mongolia,MNG,1994,0
Mongolia,MNG,1995,0
Mongolia,MNG,1996,0.0381836
Mongolia,MNG,1997,0.08397113
Mongolia,MNG,1998,0.37552783
Mongolia,MNG,1999,1.4231901
Mongolia,MNG,2000,6.2968855
Mongolia,MNG,2001,7.870202
Mongolia,MNG,2002,8.639741
Mongolia,MNG,2003,12.64967
Mongolia,MNG,2004,16.859217
Mongolia,MNG,2005,21.736511
Mongolia,MNG,2006,29.979618
Mongolia,MNG,2007,45.805176
Mongolia,MNG,2008,66.928406
Mongolia,MNG,2009,84.38078
Mongolia,MNG,2010,92.92076
Mongolia,MNG,2011,107.18106
Mongolia,MNG,2012,120.738846
Mongolia,MNG,2013,100.90127
Mongolia,MNG,2014,103.92044
Mongolia,MNG,2015,103.07842
Mongolia,MNG,2016,110.74585
Mongolia,MNG,2017,125.184
Mongolia,MNG,2018,133.28386
Mongolia,MNG,2019,136.7192
Mongolia,MNG,2020,132.61028
Mongolia,MNG,2021,140.35214
Mongolia,MNG,2022,142.80858
Mongolia,MNG,2023,141.08482
Mongolia,MNG,2024,140.67003
Montenegro,MNE,2004,76.333405
Montenegro,MNE,2005,85.67463
Montenegro,MNE,2006,101.54763
Montenegro,MNE,2007,142.09502
Montenegro,MNE,2008,182.98825
Montenegro,MNE,2009,204.63144
Montenegro,MNE,2010,185.10081
Montenegro,MNE,2011,183.20436
Montenegro,MNE,2012,156.40196
Montenegro,MNE,2013,156.96445
Montenegro,MNE,2014,160.49036
Montenegro,MNE,2015,160.45499
Montenegro,MNE,2016,166.71985
Montenegro,MNE,2017,168.46483
Montenegro,MNE,2018,184.2191
Montenegro,MNE,2019,188.17395
Montenegro,MNE,2020,177.6652
Montenegro,MNE,2021,185.48848
Montenegro,MNE,2022,207.27815
Montenegro,MNE,2023,207.23792
Montenegro,MNE,2024,221.68732
Morocco,MAR,1980,0
Morocco,MAR,1981,0
Morocco,MAR,1982,0
Morocco,MAR,1983,0
Morocco,MAR,1984,0
Morocco,MAR,1985,0
Morocco,MAR,1986,0
Morocco,MAR,1987,0.000255894
Morocco,MAR,1988,0.000439265
Morocco,MAR,1989,0.00287408
Morocco,MAR,1990,0.003644065
Morocco,MAR,1991,0.005938147
Morocco,MAR,1992,0.012511957
Morocco,MAR,1993,0.025711901
Morocco,MAR,1994,0.051887423
Morocco,MAR,1995,0.109323286
Morocco,MAR,1996,0.15681721
Morocco,MAR,1997,0.26832336
Morocco,MAR,1998,0.41495255
Morocco,MAR,1999,1.2973727
Morocco,MAR,2000,8.239679
Morocco,MAR,2001,16.560118
Morocco,MAR,2002,21.229673
Morocco,MAR,2003,24.88846
Morocco,MAR,2004,31.171743
Morocco,MAR,2005,40.82201
Morocco,MAR,2006,52.012085
Morocco,MAR,2007,64.22433
Morocco,MAR,2008,72.186104
Morocco,MAR,2009,79.02013
Morocco,MAR,2010,98.50699
Morocco,MAR,2011,111.06371
Morocco,MAR,2012,116.97213
Morocco,MAR,2013,125.560356
Morocco,MAR,2014,128.97183
Morocco,MAR,2015,124.48049
Morocco,MAR,2016,118.5318
Morocco,MAR,2017,123.89432
Morocco,MAR,2018,124.82752
Morocco,MAR,2019,128.8748
Morocco,MAR,2020,135.08841
Morocco,MAR,2021,138.91127
Morocco,MAR,2022,141.87
Morocco,MAR,2023,148.1551
Morocco,MAR,2024,153.05727
Mozambique,MOZ,1980,0
Mozambique,MOZ,1981,0
Mozambique,MOZ,1982,0
Mozambique,MOZ,1983,0
Mozambique,MOZ,1984,0
Mozambique,MOZ,1985,0
Mozambique,MOZ,1986,0
Mozambique,MOZ,1987,0
Mozambique,MOZ,1988,0
Mozambique,MOZ,1989,0
Mozambique,MOZ,1990,0
Mozambique,MOZ,1991,0
Mozambique,MOZ,1992,0
Mozambique,MOZ,1993,0
Mozambique,MOZ,1994,0
Mozambique,MOZ,1995,0
Mozambique,MOZ,1996,0
Mozambique,MOZ,1997,0.015131593
Mozambique,MOZ,1998,0.03973836
Mozambique,MOZ,1999,0.070614114
Mozambique,MOZ,2000,0.28166562
Mozambique,MOZ,2001,0.82346654
Mozambique,MOZ,2002,1.3437834
Mozambique,MOZ,2003,2.2470417
Mozambique,MOZ,2004,3.5684922
Mozambique,MOZ,2005,7.406919
Mozambique,MOZ,2006,11.253703
Mozambique,MOZ,2007,14.467474
Mozambique,MOZ,2008,20.18882
Mozambique,MOZ,2009,26.665098
Mozambique,MOZ,2010,31.410505
Mozambique,MOZ,2011,33.21634
Mozambique,MOZ,2012,36.178165
Mozambique,MOZ,2013,49.502964
Mozambique,MOZ,2014,71.67015
Mozambique,MOZ,2015,75.84472
Mozambique,MOZ,2016,54.964115
Mozambique,MOZ,2017,42.16197
Mozambique,MOZ,2018,48.50071
Mozambique,MOZ,2019,49.43507
Mozambique,MOZ,2020,50.231884
Mozambique,MOZ,2021,43.16362
Mozambique,MOZ,2022,45.81782
Mozambique,MOZ,2023,47.5003
Mozambique,MOZ,2024,49.50477
Myanmar,MMR,1980,0
Myanmar,MMR,1981,0
Myanmar,MMR,1982,0
Myanmar,MMR,1983,0
Myanmar,MMR,1984,0
Myanmar,MMR,1985,0
Myanmar,MMR,1986,0
Myanmar,MMR,1987,0
Myanmar,MMR,1988,0
Myanmar,MMR,1989,0
Myanmar,MMR,1990,0
Myanmar,MMR,1991,0
Myanmar,MMR,1992,0
Myanmar,MMR,1993,0.001538708
Myanmar,MMR,1994,0.004535028
Myanmar,MMR,1995,0.006450532
Myanmar,MMR,1996,0.016719108
Myanmar,MMR,1997,0.019312268
Myanmar,MMR,1998,0.019130122
Myanmar,MMR,1999,0.025285494
Myanmar,MMR,2000,0.029579932
Myanmar,MMR,2001,0.049531214
Myanmar,MMR,2002,0.103783794
Myanmar,MMR,2003,0.14253482
Myanmar,MMR,2004,0.19641897
Myanmar,MMR,2005,0.2712994
Myanmar,MMR,2006,0.44828585
Myanmar,MMR,2007,0.5145782
Myanmar,MMR,2008,0.7592105
Myanmar,MMR,2009,1.0316488
Myanmar,MMR,2010,1.211642
Myanmar,MMR,2011,2.5164378
Myanmar,MMR,2012,7.483564
Myanmar,MMR,2013,13.593352
Myanmar,MMR,2014,57.277832
Myanmar,MMR,2015,80.23972
Myanmar,MMR,2016,98.23426
Myanmar,MMR,2017,92.39179
Myanmar,MMR,2018,116.97214
Myanmar,MMR,2019,155.66942
Myanmar,MMR,2020,148.1582
Myanmar,MMR,2021,127.24065
Myanmar,MMR,2022,107.53509
Myanmar,MMR,2023,121.027626
Myanmar,MMR,2024,114.32904
Namibia,NAM,1980,0
Namibia,NAM,1981,0
Namibia,NAM,1982,0
Namibia,NAM,1983,0
Namibia,NAM,1984,0
Namibia,NAM,1985,0
Namibia,NAM,1986,0
Namibia,NAM,1987,0
Namibia,NAM,1988,0
Namibia,NAM,1989,0
Namibia,NAM,1990,0
Namibia,NAM,1991,0
Namibia,NAM,1992,0
Namibia,NAM,1993,0
Namibia,NAM,1994,0
Namibia,NAM,1995,0.21801828
Namibia,NAM,1996,0.40265056
Namibia,NAM,1997,0.7382288
Namibia,NAM,1998,1.1233023
Namibia,NAM,1999,1.6870263
Namibia,NAM,2000,4.5088463
Namibia,NAM,2001,5.740293
Namibia,NAM,2002,7.936634
Namibia,NAM,2003,11.664939
Namibia,NAM,2004,14.731356
Namibia,NAM,2005,22.82422
Namibia,NAM,2006,30.566277
Namibia,NAM,2007,39.644802
Namibia,NAM,2008,51.390877
Namibia,NAM,2009,78.53956
Namibia,NAM,2010,92.42876
Namibia,NAM,2011,102.2443
Namibia,NAM,2012,97.82102
Namibia,NAM,2013,121.10558
Namibia,NAM,2014,115.520004
Namibia,NAM,2015,107.392365
Namibia,NAM,2016,109.04956
Namibia,NAM,2017,106.914764
Namibia,NAM,2018,107.06026
Namibia,NAM,2019,106.53316
Namibia,NAM,2020,106.20659
Namibia,NAM,2021,103.72735
Namibia,NAM,2022,100.557816
Namibia,NAM,2023,87.676094
Namibia,NAM,2024,85.1649
Nauru,NRU,1980,0
Nauru,NRU,1981,0
Nauru,NRU,1982,0
Nauru,NRU,1983,0
Nauru,NRU,1984,0
Nauru,NRU,1985,0
Nauru,NRU,1986,0
Nauru,NRU,1987,0
Nauru,NRU,1988,0
Nauru,NRU,1989,0
Nauru,NRU,1990,0
Nauru,NRU,1991,0
Nauru,NRU,1992,0
Nauru,NRU,1993,1.4668492
Nauru,NRU,1994,4.379988
Nauru,NRU,1995,4.84684
Nauru,NRU,1996,5.7999034
Nauru,NRU,1997,7.2372866
Nauru,NRU,1998,8.191981
Nauru,NRU,1999,9.631127
Nauru,NRU,2000,11.801731
Nauru,NRU,2001,14.807503
Nauru,NRU,2010,61.734543
Nauru,NRU,2011,66.34977
Nauru,NRU,2012,66.23161
Nauru,NRU,2015,85.8134
Nauru,NRU,2016,88.78924
Nauru,NRU,2017,88.30802
Nauru,NRU,2019,86.30362
Nauru,NRU,2020,85.88852
Nauru,NRU,2021,85.40439
Nauru,NRU,2022,87.17058
Nepal,NPL,1980,0
Nepal,NPL,1981,0
Nepal,NPL,1982,0
Nepal,NPL,1983,0
Nepal,NPL,1984,0
Nepal,NPL,1985,0
Nepal,NPL,1986,0
Nepal,NPL,1987,0
Nepal,NPL,1988,0
Nepal,NPL,1989,0
Nepal,NPL,1990,0
Nepal,NPL,1991,0
Nepal,NPL,1992,0
Nepal,NPL,1993,0
Nepal,NPL,1994,0
Nepal,NPL,1995,0
Nepal,NPL,1996,0
Nepal,NPL,1997,0
Nepal,NPL,1998,0
Nepal,NPL,1999,0.022780782
Nepal,NPL,2000,0.04165969
Nepal,NPL,2001,0.0692916
Nepal,NPL,2002,0.08638721
Nepal,NPL,2003,0.31868804
Nepal,NPL,2004,0.44885862
Nepal,NPL,2005,0.86400867
Nepal,NPL,2006,4.355669
Nepal,NPL,2007,12.202609
Nepal,NPL,2008,15.561297
Nepal,NPL,2009,20.600864
Nepal,NPL,2010,33.631695
Nepal,NPL,2011,48.624516
Nepal,NPL,2012,60.318405
Nepal,NPL,2013,77.427666
Nepal,NPL,2014,83.19251
Nepal,NPL,2015,98.89456
Nepal,NPL,2016,114.89814
Nepal,NPL,2017,128.86389
Nepal,NPL,2018,139.52594
Nepal,NPL,2019,136.18608
Nepal,NPL,2020,131.92102
Nepal,NPL,2021,129.64542
Nepal,NPL,2022,121.11449
Nepal,NPL,2023,117.759575
Nepal,NPL,2024,99.847145
Netherlands,NLD,1980,0
Netherlands,NLD,1981,0
Netherlands,NLD,1982,0
Netherlands,NLD,1983,0
Netherlands,NLD,1985,0.033067636
Netherlands,NLD,1986,0.10484816
Netherlands,NLD,1987,0.16490293
Netherlands,NLD,1988,0.22354212
Netherlands,NLD,1989,0.37709865
Netherlands,NLD,1990,0.5286209
Netherlands,NLD,1991,0.7642931
Netherlands,NLD,1992,1.0956601
Netherlands,NLD,1993,1.4162925
Netherlands,NLD,1994,2.0912764
Netherlands,NLD,1995,3.4894257
Netherlands,NLD,1996,6.538549
Netherlands,NLD,1997,10.985352
Netherlands,NLD,1998,21.313276
Netherlands,NLD,1999,42.65907
Netherlands,NLD,2000,66.97279
Netherlands,NLD,2001,75.38913
Netherlands,NLD,2002,74.28759
Netherlands,NLD,2003,80.65052
Netherlands,NLD,2004,90.10344
Netherlands,NLD,2005,96.16348
Netherlands,NLD,2006,104.86331
Netherlands,NLD,2007,116.65709
Netherlands,NLD,2008,124.279564
Netherlands,NLD,2009,120.76732
Netherlands,NLD,2010,114.356514
Netherlands,NLD,2011,117.67398
Netherlands,NLD,2012,116.56384
Netherlands,NLD,2013,114.73406
Netherlands,NLD,2014,114.86728
Netherlands,NLD,2015,121.637505
Netherlands,NLD,2016,121.42036
Netherlands,NLD,2017,118.57674
Netherlands,NLD,2018,121.16216
Netherlands,NLD,2019,124.08833
Netherlands,NLD,2020,121.42273
Netherlands,NLD,2021,123.44785
Netherlands,NLD,2022,115.82056
Netherlands,NLD,2023,125.272736
Netherlands,NLD,2024,128.53877
New Caledonia,NCL,1980,0
New Caledonia,NCL,1981,0
New Caledonia,NCL,1982,0
New Caledonia,NCL,1983,0
New Caledonia,NCL,1984,0
New Caledonia,NCL,1985,0
New Caledonia,NCL,1986,0
New Caledonia,NCL,1987,0
New Caledonia,NCL,1988,0
New Caledonia,NCL,1989,0
New Caledonia,NCL,1990,0
New Caledonia,NCL,1991,0
New Caledonia,NCL,1992,0
New Caledonia,NCL,1993,0
New Caledonia,NCL,1994,0
New Caledonia,NCL,1995,0.41311762
New Caledonia,NCL,1996,1.0093784
New Caledonia,NCL,1997,2.4939904
New Caledonia,NCL,1998,6.129087
New Caledonia,NCL,1999,11.721737
New Caledonia,NCL,2000,22.388367
New Caledonia,NCL,2001,29.826488
New Caledonia,NCL,2002,34.447716
New Caledonia,NCL,2003,41.031696
New Caledonia,NCL,2004,48.346287
New Caledonia,NCL,2005,54.94085
New Caledonia,NCL,2006,62.614372
New Caledonia,NCL,2007,70.33603
New Caledonia,NCL,2008,77.4053
New Caledonia,NCL,2009,81.47522
New Caledonia,NCL,2010,84.41368
New Caledonia,NCL,2011,85.2808
New Caledonia,NCL,2012,85.041214
New Caledonia,NCL,2013,86.87894
New Caledonia,NCL,2014,86.44355
New Caledonia,NCL,2015,91.91611
New Caledonia,NCL,2019,91.67648
New Caledonia,NCL,2020,91.4926
New Caledonia,NCL,2021,91.15962
New Caledonia,NCL,2022,91.67639
New Zealand,NZL,1980,0
New Zealand,NZL,1981,0
New Zealand,NZL,1982,0
New Zealand,NZL,1983,0
New Zealand,NZL,1984,0
New Zealand,NZL,1985,0
New Zealand,NZL,1986,0
New Zealand,NZL,1987,0.07273939
New Zealand,NZL,1988,0.30156797
New Zealand,NZL,1989,0.8668903
New Zealand,NZL,1990,1.5923998
New Zealand,NZL,1991,2.076632
New Zealand,NZL,1992,2.8364682
New Zealand,NZL,1993,4.0237937
New Zealand,NZL,1994,6.6061106
New Zealand,NZL,1995,9.934965
New Zealand,NZL,1996,13.21726
New Zealand,NZL,1997,14.995291
New Zealand,NZL,1998,20.734669
New Zealand,NZL,1999,36.38978
New Zealand,NZL,2000,39.97331
New Zealand,NZL,2001,58.79085
New Zealand,NZL,2002,61.98244
New Zealand,NZL,2003,64.610176
New Zealand,NZL,2004,74.12015
New Zealand,NZL,2005,85.36866
New Zealand,NZL,2006,90.92168
New Zealand,NZL,2007,100.6616
New Zealand,NZL,2008,108.40429
New Zealand,NZL,2009,109.19303
New Zealand,NZL,2010,108.3314
New Zealand,NZL,2011,109.97787
New Zealand,NZL,2012,111.56757
New Zealand,NZL,2013,107.00852
New Zealand,NZL,2014,112.75745
New Zealand,NZL,2015,121.36898
New Zealand,NZL,2016,129.38065
New Zealand,NZL,2017,132.98006
New Zealand,NZL,2018,128.93689
New Zealand,NZL,2019,120.475334
New Zealand,NZL,2020,123.00057
New Zealand,NZL,2021,114.45471
New Zealand,NZL,2022,115.984184
New Zealand,NZL,2023,126.85498
New Zealand,NZL,2024,130.09346
Nicaragua,NIC,1980,0
Nicaragua,NIC,1981,0
Nicaragua,NIC,1982,0
Nicaragua,NIC,1983,0
Nicaragua,NIC,1984,0
Nicaragua,NIC,1985,0
Nicaragua,NIC,1986,0
Nicaragua,NIC,1987,0
Nicaragua,NIC,1988,0
Nicaragua,NIC,1989,0
Nicaragua,NIC,1990,0
Nicaragua,NIC,1991,0
Nicaragua,NIC,1992,0
Nicaragua,NIC,1993,0.007157551
Nicaragua,NIC,1994,0.047197346
Nicaragua,NIC,1995,0.09318226
Nicaragua,NIC,1996,0.1059764
Nicaragua,NIC,1997,0.15441297
Nicaragua,NIC,1998,0.36807334
Nicaragua,NIC,1999,0.8758429
Nicaragua,NIC,2000,1.7977424
Nicaragua,NIC,2001,3.2333856
Nicaragua,NIC,2002,4.6068387
Nicaragua,NIC,2003,8.956233
Nicaragua,NIC,2004,14.007895
Nicaragua,NIC,2005,20.953894
Nicaragua,NIC,2006,33.775032
Nicaragua,NIC,2007,45.518837
Nicaragua,NIC,2008,55.73299
Nicaragua,NIC,2009,59.126728
Nicaragua,NIC,2010,69.05937
Nicaragua,NIC,2011,82.892105
Nicaragua,NIC,2012,99.16012
Nicaragua,NIC,2013,113.78854
Nicaragua,NIC,2014,116.50654
Nicaragua,NIC,2015,118.12747
Nicaragua,NIC,2016,124.27286
Nicaragua,NIC,2017,129.50565
Nicaragua,NIC,2018,116.27241
Nicaragua,NIC,2019,89.27727
Nicaragua,NIC,2020,90.814064
Nicaragua,NIC,2021,93.816505
Nicaragua,NIC,2022,104.27849
Nicaragua,NIC,2023,105.84314
Nicaragua,NIC,2024,105.96114
Niger,NER,1980,0
Niger,NER,1981,0
Niger,NER,1982,0
Niger,NER,1983,0
Niger,NER,1984,0
Niger,NER,1985,0
Niger,NER,1986,0
Niger,NER,1987,0
Niger,NER,1988,0
Niger,NER,1989,0
Niger,NER,1990,0
Niger,NER,1991,0
Niger,NER,1992,0
Niger,NER,1993,0
Niger,NER,1994,0
Niger,NER,1995,0
Niger,NER,1996,0
Niger,NER,1997,0.000933849
Niger,NER,1998,0.012427544
Niger,NER,1999,0.01951659
Niger,NER,2000,0.017863302
Niger,NER,2001,0.017834602
Niger,NER,2002,0.46595132
Niger,NER,2003,0.64362824
Niger,NER,2004,1.2997372
Niger,NER,2005,2.3542345
Niger,NER,2006,3.3850598
Niger,NER,2007,6.079598
Niger,NER,2008,12.352809
Niger,NER,2009,16.301136
Niger,NER,2010,22.168478
Niger,NER,2011,27.612953
Niger,NER,2012,30.249537
Niger,NER,2013,37.831203
Niger,NER,2014,42.8624
Niger,NER,2015,44.93092
Niger,NER,2016,36.12052
Niger,NER,2017,40.954987
Niger,NER,2019,52.81126
Niger,NER,2020,60.035553
Niger,NER,2021,61.50631
Niger,NER,2022,63.377056
Niger,NER,2023,65.73503
Niger,NER,2024,60.593987
Nigeria,NGA,1980,0
Nigeria,NGA,1981,0
Nigeria,NGA,1982,0
Nigeria,NGA,1983,0
Nigeria,NGA,1984,0
Nigeria,NGA,1985,0
Nigeria,NGA,1986,0
Nigeria,NGA,1987,0
Nigeria,NGA,1988,0
Nigeria,NGA,1989,0
Nigeria,NGA,1990,0
Nigeria,NGA,1991,0
Nigeria,NGA,1992,0
Nigeria,NGA,1993,0.008804631
Nigeria,NGA,1994,0.01213775
Nigeria,NGA,1995,0.012016163
Nigeria,NGA,1996,0.012617593
Nigeria,NGA,1997,0.013182041
Nigeria,NGA,1998,0.017139353
Nigeria,NGA,1999,0.02088632
Nigeria,NGA,2000,0.023737464
Nigeria,NGA,2001,0.20518687
Nigeria,NGA,2002,1.175565
Nigeria,NGA,2003,2.29549
Nigeria,NGA,2004,6.484759
Nigeria,NGA,2005,12.817096
Nigeria,NGA,2006,21.6815
Nigeria,NGA,2007,26.356321
Nigeria,NGA,2008,39.968582
Nigeria,NGA,2009,45.984886
Nigeria,NGA,2010,52.386147
Nigeria,NGA,2011,55.53013
Nigeria,NGA,2012,64.005325
Nigeria,NGA,2013,70.28251
Nigeria,NGA,2014,74.75128
Nigeria,NGA,2015,79.10453
Nigeria,NGA,2016,78.97014
Nigeria,NGA,2017,72.367966
Nigeria,NGA,2018,84.28401
Nigeria,NGA,2019,88.1169
Nigeria,NGA,2020,95.43566
Nigeria,NGA,2021,89.29159
Nigeria,NGA,2022,99.58521
Nigeria,NGA,2023,98.47728
Nigeria,NGA,2024,70.76191
North America (WB),WB_NA,1980,0
North America (WB),WB_NA,1984,0.035445686
North America (WB),WB_NA,1985,0.13492388
North America (WB),WB_NA,1986,0.28133017
North America (WB),WB_NA,1987,0.49916208
North America (WB),WB_NA,1988,0.8443143
North America (WB),WB_NA,1989,1.4158999
North America (WB),WB_NA,1990,2.1276166
North America (WB),WB_NA,1991,2.980476
North America (WB),WB_NA,1992,4.253207
North America (WB),WB_NA,1993,6.033197
North America (WB),WB_NA,1994,8.926909
North America (WB),WB_NA,1995,12.332407
North America (WB),WB_NA,1996,15.921867
North America (WB),WB_NA,1997,19.685745
North America (WB),WB_NA,1998,24.365374
North America (WB),WB_NA,1999,30.025236
North America (WB),WB_NA,2000,37.752064
North America (WB),WB_NA,2001,43.964275
North America (WB),WB_NA,2002,48.071716
North America (WB),WB_NA,2003,53.894814
North America (WB),WB_NA,2004,61.329956
North America (WB),WB_NA,2005,67.078354
North America (WB),WB_NA,2006,74.74369
North America (WB),WB_NA,2007,80.33104
North America (WB),WB_NA,2008,83.625656
North America (WB),WB_NA,2009,87.14397
North America (WB),WB_NA,2010,90.09932
North America (WB),WB_NA,2011,93.12001
North America (WB),WB_NA,2012,94.662094
North America (WB),WB_NA,2013,95.66997
North America (WB),WB_NA,2014,98.3059
North America (WB),WB_NA,2015,99.9
North America (WB),WB_NA,2016,100.9
North America (WB),WB_NA,2017,100.8
North America (WB),WB_NA,2018,102.4
North America (WB),WB_NA,2019,103.9
North America (WB),WB_NA,2020,101.9
North America (WB),WB_NA,2021,104.4
North America (WB),WB_NA,2022,107
North America (WB),WB_NA,2023,110.5
North America (WB),WB_NA,2024,111.2
North America (WB),WB_NA,2025,112
North Korea,PRK,1980,0
North Korea,PRK,1981,0
North Korea,PRK,1982,0
North Korea,PRK,1983,0
North Korea,PRK,1984,0
North Korea,PRK,1985,0
North Korea,PRK,1986,0
North Korea,PRK,1987,0
North Korea,PRK,1988,0
North Korea,PRK,1989,0
North Korea,PRK,1990,0
North Korea,PRK,1991,0
North Korea,PRK,1992,0
North Korea,PRK,1993,0
North Korea,PRK,1994,0
North Korea,PRK,1995,0
North Korea,PRK,1996,0
North Korea,PRK,1997,0
North Korea,PRK,1998,0
North Korea,PRK,1999,0
North Korea,PRK,2000,0
North Korea,PRK,2001,0
North Korea,PRK,2002,0
North Korea,PRK,2003,0
North Korea,PRK,2004,0
North Korea,PRK,2005,0
North Korea,PRK,2006,0
North Korea,PRK,2007,0
North Korea,PRK,2008,0
North Korea,PRK,2009,0.2783989
North Korea,PRK,2010,1.728557
North Korea,PRK,2011,3.9844012
North Korea,PRK,2012,6.7428937
North Korea,PRK,2013,9.554095
North Korea,PRK,2014,11.001419
North Korea,PRK,2015,12.668448
North Korea,PRK,2016,14.0320425
North Korea,PRK,2017,14.757313
North Korea,PRK,2019,16.334051
North Korea,PRK,2020,22.956568
North Korea,PRK,2021,22.872362
North Korea,PRK,2022,24.131104
North Macedonia,MKD,1980,0
North Macedonia,MKD,1981,0
North Macedonia,MKD,1982,0
North Macedonia,MKD,1983,0
North Macedonia,MKD,1984,0
North Macedonia,MKD,1985,0
North Macedonia,MKD,1986,0
North Macedonia,MKD,1987,0
North Macedonia,MKD,1988,0
North Macedonia,MKD,1989,0
North Macedonia,MKD,1990,0
North Macedonia,MKD,1991,0
North Macedonia,MKD,1992,0
North Macedonia,MKD,1993,0
North Macedonia,MKD,1994,0
North Macedonia,MKD,1995,0
North Macedonia,MKD,1996,0.053053163
North Macedonia,MKD,1997,0.6167942
North Macedonia,MKD,1998,1.4947507
North Macedonia,MKD,1999,2.408021
North Macedonia,MKD,2000,5.6263375
North Macedonia,MKD,2001,10.805541
North Macedonia,MKD,2002,17.611416
North Macedonia,MKD,2003,37.282402
North Macedonia,MKD,2004,47.235165
North Macedonia,MKD,2005,54.120117
North Macedonia,MKD,2006,60.49306
North Macedonia,MKD,2007,86.1891
North Macedonia,MKD,2008,95.01153
North Macedonia,MKD,2009,94.30345
North Macedonia,MKD,2010,104.96806
North Macedonia,MKD,2011,108.46761
North Macedonia,MKD,2012,110.26844
North Macedonia,MKD,2013,111.12463
North Macedonia,MKD,2014,111.34259
North Macedonia,MKD,2015,105.21201
North Macedonia,MKD,2016,104.54988
North Macedonia,MKD,2017,103.45869
North Macedonia,MKD,2018,102.57229
North Macedonia,MKD,2019,101.231636
North Macedonia,MKD,2020,99.47239
North Macedonia,MKD,2021,104.87514
North Macedonia,MKD,2022,111.30308
North Macedonia,MKD,2023,106.45878
North Macedonia,MKD,2024,108.38712
Northern Mariana Islands,MNP,1980,0
Northern Mariana Islands,MNP,1981,0
Northern Mariana Islands,MNP,1982,0
Northern Mariana Islands,MNP,1983,0
Northern Mariana Islands,MNP,1984,0
Northern Mariana Islands,MNP,1985,0
Northern Mariana Islands,MNP,1986,0
Northern Mariana Islands,MNP,1987,0
Northern Mariana Islands,MNP,1988,0
Northern Mariana Islands,MNP,1989,0
Northern Mariana Islands,MNP,1990,0
Northern Mariana Islands,MNP,1993,1.5266539
Northern Mariana Islands,MNP,1994,1.6010883
Northern Mariana Islands,MNP,1995,2.4632058
Northern Mariana Islands,MNP,1999,3.8104858
Northern Mariana Islands,MNP,2000,4.388788
Northern Mariana Islands,MNP,2001,19.416334
Northern Mariana Islands,MNP,2002,25.662643
Northern Mariana Islands,MNP,2003,28.46028
Northern Mariana Islands,MNP,2004,32.021645
Norway,NOR,1980,0
Norway,NOR,1981,0.040733147
Norway,NOR,1982,0.268753
Norway,NOR,1983,0.5685501
Norway,NOR,1984,0.94318295
Norway,NOR,1985,1.518914
Norway,NOR,1986,2.0890663
Norway,NOR,1987,2.8666818
Norway,NOR,1988,3.6153336
Norway,NOR,1989,3.966124
Norway,NOR,1990,4.6403794
Norway,NOR,1991,5.500452
Norway,NOR,1992,6.600122
Norway,NOR,1993,8.61297
Norway,NOR,1994,13.569593
Norway,NOR,1995,22.510439
Norway,NOR,1996,28.790188
Norway,NOR,1997,38.062107
Norway,NOR,1998,46.754322
Norway,NOR,1999,59.702267
Norway,NOR,2000,71.790146
Norway,NOR,2001,79.60286
Norway,NOR,2002,83.51671
Norway,NOR,2003,88.96218
Norway,NOR,2004,98.54101
Norway,NOR,2005,102.8407
Norway,NOR,2006,104.4721
Norway,NOR,2007,106.97896
Norway,NOR,2008,109.29314
Norway,NOR,2009,110.891945
Norway,NOR,2010,114.52445
Norway,NOR,2011,115.59628
Norway,NOR,2012,115.523575
Norway,NOR,2013,112.04553
Norway,NOR,2014,111.69009
Norway,NOR,2015,110.11835
Norway,NOR,2016,109.4268
Norway,NOR,2017,108.39264
Norway,NOR,2018,107.702545
Norway,NOR,2019,108.005264
Norway,NOR,2020,108.296844
Norway,NOR,2021,109.58564
Norway,NOR,2022,111.657196
Norway,NOR,2023,109.65423
Norway,NOR,2024,109.34861
Oman,OMN,1980,0
Oman,OMN,1981,0
Oman,OMN,1982,0
Oman,OMN,1983,0
Oman,OMN,1984,0
Oman,OMN,1985,0.003470327
Oman,OMN,1986,0.04784827
Oman,OMN,1987,0.07154926
Oman,OMN,1988,0.101959944
Oman,OMN,1989,0.12049466
Oman,OMN,1990,0.15064886
Oman,OMN,1991,0.19389914
Oman,OMN,1992,0.23804061
Oman,OMN,1993,0.27102888
Oman,OMN,1994,0.31423107
Oman,OMN,1995,0.36528984
Oman,OMN,1996,0.67064464
Oman,OMN,1997,2.3558047
Oman,OMN,1998,4.35195
Oman,OMN,1999,5.366082
Oman,OMN,2000,7.142942
Oman,OMN,2001,14.074307
Oman,OMN,2002,19.829899
Oman,OMN,2003,24.89349
Oman,OMN,2004,32.969715
Oman,OMN,2005,53.090073
Oman,OMN,2006,70.44535
Oman,OMN,2007,94.08549
Oman,OMN,2008,117.02625
Oman,OMN,2009,138.04959
Oman,OMN,2010,151.44609
Oman,OMN,2011,147.92644
Oman,OMN,2012,150.87328
Oman,OMN,2013,149.20891
Oman,OMN,2014,153.80603
Oman,OMN,2015,155.7561
Oman,OMN,2016,153.29146
Oman,OMN,2017,148.82162
Oman,OMN,2018,139.96742
Oman,OMN,2019,138.23212
Oman,OMN,2020,140.3786
Oman,OMN,2021,135.07697
Oman,OMN,2022,136.80057
Oman,OMN,2023,122.29146
Oman,OMN,2024,120.61105
Pakistan,PAK,1980,0
Pakistan,PAK,1981,0
Pakistan,PAK,1982,0
Pakistan,PAK,1983,0
Pakistan,PAK,1984,0
Pakistan,PAK,1985,0
Pakistan,PAK,1986,0
Pakistan,PAK,1987,0
Pakistan,PAK,1988,0
Pakistan,PAK,1989,0
Pakistan,PAK,1990,0.001732891
Pakistan,PAK,1991,0.007130659
Pakistan,PAK,1992,0.011031649
Pakistan,PAK,1993,0.01274427
Pakistan,PAK,1994,0.019081568
Pakistan,PAK,1995,0.030772818
Pakistan,PAK,1996,0.0495778
Pakistan,PAK,1997,0.09554005
Pakistan,PAK,1998,0.13479602
Pakistan,PAK,1999,0.17743742
Pakistan,PAK,2000,0.19789174
Pakistan,PAK,2001,0.4662534
Pakistan,PAK,2002,1.0406258
Pakistan,PAK,2003,1.4388106
Pakistan,PAK,2004,2.9324684
Pakistan,PAK,2005,7.2789793
Pakistan,PAK,2006,19.204163
Pakistan,PAK,2007,34.069927
Pakistan,PAK,2008,46.44863
Pakistan,PAK,2009,48.53571
Pakistan,PAK,2010,49.782333
Pakistan,PAK,2011,53.446194
Pakistan,PAK,2012,57.857613
Pakistan,PAK,2013,60.51778
Pakistan,PAK,2014,63.361843
Pakistan,PAK,2015,57.940598
Pakistan,PAK,2016,62.001324
Pakistan,PAK,2017,64.73018
Pakistan,PAK,2018,67.856766
Pakistan,PAK,2019,71.66603
Pakistan,PAK,2020,74.733215
Pakistan,PAK,2021,78.80123
Pakistan,PAK,2022,79.10506
Pakistan,PAK,2023,76.539764
Pakistan,PAK,2024,76.854454
Palau,PLW,2002,12.603189
Palau,PLW,2003,19.960323
Palau,PLW,2004,19.798183
Palau,PLW,2005,30.53131
Palau,PLW,2006,42.596848
Palau,PLW,2007,55.388042
Palau,PLW,2008,61.37619
Palau,PLW,2009,68.11695
Palau,PLW,2010,78.88671
Palau,PLW,2011,85.43533
Palau,PLW,2012,96.54376
Palau,PLW,2013,101.68291
Palau,PLW,2014,107.89726
Palau,PLW,2015,133.61282
Palau,PLW,2019,134.84662
Palau,PLW,2020,134.89209
Palau,PLW,2021,134.96036
Palau,PLW,2022,135.14275
Palau,PLW,2023,135.3867
Palestine,PSE,1990,0
Palestine,PSE,1992,0
Palestine,PSE,1993,0
Palestine,PSE,1994,0
Palestine,PSE,2000,0.22450712
Palestine,PSE,2001,5.4264507
Palestine,PSE,2002,7.5729814
Palestine,PSE,2003,7.771794
Palestine,PSE,2004,12.564195
Palestine,PSE,2005,15.955019
Palestine,PSE,2006,22.545359
Palestine,PSE,2007,27.336512
Palestine,PSE,2008,34.32729
Palestine,PSE,2009,45.903778
Palestine,PSE,2010,64.815445
Palestine,PSE,2011,70.09302
Palestine,PSE,2012,74.364586
Palestine,PSE,2013,73.929085
Palestine,PSE,2014,72.410225
Palestine,PSE,2015,78.09243
Palestine,PSE,2016,80.15107
Palestine,PSE,2017,84.259384
Palestine,PSE,2018,90.20553
Palestine,PSE,2019,86.73722
Palestine,PSE,2020,80.1298
Palestine,PSE,2021,78.16211
Palestine,PSE,2022,76.56664
Palestine,PSE,2023,76.69189
Panama,PAN,1980,0
Panama,PAN,1981,0
Panama,PAN,1982,0
Panama,PAN,1983,0
Panama,PAN,1984,0
Panama,PAN,1985,0
Panama,PAN,1986,0
Panama,PAN,1987,0
Panama,PAN,1988,0
Panama,PAN,1989,0
Panama,PAN,1990,0
Panama,PAN,1991,0
Panama,PAN,1992,0
Panama,PAN,1993,0
Panama,PAN,1994,0
Panama,PAN,1995,0
Panama,PAN,1996,0.25256115
Panama,PAN,1997,0.83005893
Panama,PAN,1998,2.9766989
Panama,PAN,1999,7.912963
Panama,PAN,2000,13.632914
Panama,PAN,2001,15.47924
Panama,PAN,2002,16.803682
Panama,PAN,2003,21.706831
Panama,PAN,2004,38.753857
Panama,PAN,2005,52.783768
Panama,PAN,2006,64.42772
Panama,PAN,2007,87.58237
Panama,PAN,2008,111.84347
Panama,PAN,2009,170.20299
Panama,PAN,2010,183.16891
Panama,PAN,2011,182.35873
Panama,PAN,2012,165.28706
Panama,PAN,2013,162.19876
Panama,PAN,2014,177.43861
Panama,PAN,2015,144.99693
Panama,PAN,2016,127.61624
Panama,PAN,2017,128.82587
Panama,PAN,2018,137.29756
Panama,PAN,2019,137.57
Panama,PAN,2020,142.28308
Panama,PAN,2021,147.89986
Panama,PAN,2022,152.06216
Panama,PAN,2023,156.5865
Papua New Guinea,PNG,1980,0
Papua New Guinea,PNG,1981,0
Papua New Guinea,PNG,1982,0
Papua New Guinea,PNG,1983,0
Papua New Guinea,PNG,1984,0
Papua New Guinea,PNG,1985,0
Papua New Guinea,PNG,1986,0
Papua New Guinea,PNG,1987,0
Papua New Guinea,PNG,1988,0
Papua New Guinea,PNG,1989,0
Papua New Guinea,PNG,1990,0
Papua New Guinea,PNG,1991,0
Papua New Guinea,PNG,1992,0
Papua New Guinea,PNG,1993,0
Papua New Guinea,PNG,1994,0
Papua New Guinea,PNG,1995,0
Papua New Guinea,PNG,1996,0.047744475
Papua New Guinea,PNG,1997,0.07775521
Papua New Guinea,PNG,1998,0.108156934
Papua New Guinea,PNG,1999,0.13265336
Papua New Guinea,PNG,2000,0.15459457
Papua New Guinea,PNG,2001,0.18678749
Papua New Guinea,PNG,2002,0.25320718
Papua New Guinea,PNG,2003,0.2857611
Papua New Guinea,PNG,2004,0.76344323
Papua New Guinea,PNG,2005,1.1475075
Papua New Guinea,PNG,2006,1.4819821
Papua New Guinea,PNG,2007,4.3082743
Papua New Guinea,PNG,2008,12.167615
Papua New Guinea,PNG,2009,19.139376
Papua New Guinea,PNG,2010,25.009134
Papua New Guinea,PNG,2011,30.536892
Papua New Guinea,PNG,2012,33.52146
Papua New Guinea,PNG,2013,36.13283
Papua New Guinea,PNG,2014,39.407795
Papua New Guinea,PNG,2015,40.717144
Papua New Guinea,PNG,2016,42.20173
Papua New Guinea,PNG,2017,43.775196
Papua New Guinea,PNG,2018,45.7714
Papua New Guinea,PNG,2019,47.19529
Papua New Guinea,PNG,2020,49.0844
Papua New Guinea,PNG,2021,48.117947
Papua New Guinea,PNG,2022,49.19067
Papua New Guinea,PNG,2023,34.058895
Papua New Guinea,PNG,2024,38.76518
Paraguay,PRY,1980,0
Paraguay,PRY,1981,0
Paraguay,PRY,1982,0
Paraguay,PRY,1983,0
Paraguay,PRY,1984,0
Paraguay,PRY,1985,0
Paraguay,PRY,1986,0
Paraguay,PRY,1987,0
Paraguay,PRY,1988,0
Paraguay,PRY,1989,0
Paraguay,PRY,1990,0
Paraguay,PRY,1991,0
Paraguay,PRY,1992,0.035070892
Paraguay,PRY,1993,0.07728782
Paraguay,PRY,1994,0.17040016
Paraguay,PRY,1995,0.34333807
Paraguay,PRY,1996,0.69741935
Paraguay,PRY,1997,1.7483385
Paraguay,PRY,1998,4.7023935
Paraguay,PRY,1999,8.667097
Paraguay,PRY,2000,16.091576
Paraguay,PRY,2001,22.167868
Paraguay,PRY,2002,31.684359
Paraguay,PRY,2003,33.236954
Paraguay,PRY,2004,32.46086
Paraguay,PRY,2005,34.63595
Paraguay,PRY,2006,58.72398
Paraguay,PRY,2007,84.44028
Paraguay,PRY,2008,103.156364
Paraguay,PRY,2009,99.07256
Paraguay,PRY,2010,103.18731
Paraguay,PRY,2011,112.28672
Paraguay,PRY,2012,115.20593
Paraguay,PRY,2013,117.8999
Paraguay,PRY,2014,120.35427
Paraguay,PRY,2015,120.34197
Paraguay,PRY,2016,119.84834
Paraguay,PRY,2017,117.82104
Paraguay,PRY,2018,115.74996
Paraguay,PRY,2019,119.137054
Paraguay,PRY,2020,119.09995
Paraguay,PRY,2021,119.31264
Paraguay,PRY,2022,128.08806
Paraguay,PRY,2023,126.605484
Peru,PER,1980,0
Peru,PER,1981,0
Peru,PER,1982,0
Peru,PER,1983,0
Peru,PER,1984,0
Peru,PER,1985,0
Peru,PER,1986,0
Peru,PER,1987,0
Peru,PER,1988,0
Peru,PER,1989,0
Peru,PER,1990,0.007462991
Peru,PER,1991,0.025240218
Peru,PER,1992,0.09350357
Peru,PER,1993,0.1543769
Peru,PER,1994,0.21765183
Peru,PER,1995,0.30080098
Peru,PER,1996,0.80687976
Peru,PER,1997,1.6629512
Peru,PER,1998,2.8764253
Peru,PER,1999,3.8599145
Peru,PER,2000,4.7892365
Peru,PER,2001,6.6505117
Peru,PER,2002,8.453989
Peru,PER,2003,10.624695
Peru,PER,2004,14.693847
Peru,PER,2005,19.86876
Peru,PER,2006,32.198284
Peru,PER,2007,54.037395
Peru,PER,2008,72.954506
Peru,PER,2009,85.477806
Peru,PER,2010,100.10015
Peru,PER,2011,110.77436
Peru,PER,2012,99.450806
Peru,PER,2013,99.91743
Peru,PER,2014,105.85811
Peru,PER,2015,112.404816
Peru,PER,2016,119.65454
Peru,PER,2017,124.23252
Peru,PER,2018,132.15663
Peru,PER,2019,122.79035
Peru,PER,2020,119.854095
Peru,PER,2021,129.99374
Peru,PER,2022,124.11932
Peru,PER,2023,121.97508
Peru,PER,2024,124.62354
Philippines,PHL,1980,0
Philippines,PHL,1981,0
Philippines,PHL,1982,0
Philippines,PHL,1983,0
Philippines,PHL,1984,0
Philippines,PHL,1985,0
Philippines,PHL,1986,0
Philippines,PHL,1987,0
Philippines,PHL,1988,0
Philippines,PHL,1989,0
Philippines,PHL,1990,0
Philippines,PHL,1991,0.054886006
Philippines,PHL,1992,0.08683133
Philippines,PHL,1993,0.1549559
Philippines,PHL,1994,0.25410536
Philippines,PHL,1995,0.7131533
Philippines,PHL,1996,1.3517858
Philippines,PHL,1997,1.8476918
Philippines,PHL,1998,2.3273022
Philippines,PHL,1999,3.7377245
Philippines,PHL,2000,8.105905
Philippines,PHL,2001,14.937274
Philippines,PHL,2002,18.518366
Philippines,PHL,2003,26.565647
Philippines,PHL,2004,38.12265
Philippines,PHL,2005,39.51442
Philippines,PHL,2006,47.893417
Philippines,PHL,2007,62.96426
Philippines,PHL,2008,73.48202
Philippines,PHL,2009,80.08396
Philippines,PHL,2010,86.31162
Philippines,PHL,2011,95.86883
Philippines,PHL,2012,101.799675
Philippines,PHL,2013,100.73203
Philippines,PHL,2014,107.2845
Philippines,PHL,2015,111.893196
Philippines,PHL,2016,112.518
Philippines,PHL,2017,110.962135
Philippines,PHL,2018,122.96046
Philippines,PHL,2019,151.00664
Philippines,PHL,2020,133.4562
Philippines,PHL,2021,144.42429
Philippines,PHL,2022,147.42892
Philippines,PHL,2023,117.27552
Philippines,PHL,2024,115.29875
Poland,POL,1980,0
Poland,POL,1981,0
Poland,POL,1982,0
Poland,POL,1983,0
Poland,POL,1984,0
Poland,POL,1985,0
Poland,POL,1986,0
Poland,POL,1987,0
Poland,POL,1988,0
Poland,POL,1989,0
Poland,POL,1990,0
Poland,POL,1991,0
Poland,POL,1992,0.005738221
Poland,POL,1993,0.040968917
Poland,POL,1994,0.10147631
Poland,POL,1995,0.19530244
Poland,POL,1996,0.56482303
Poland,POL,1997,2.1153173
Poland,POL,1998,5.0235605
Poland,POL,1999,10.315486
Poland,POL,2000,17.635494
Poland,POL,2001,26.157784
Poland,POL,2002,36.355446
Poland,POL,2003,45.548737
Poland,POL,2004,60.51227
Poland,POL,2005,76.50326
Poland,POL,2006,96.5178
Poland,POL,2007,108.85933
Poland,POL,2008,115.60816
Poland,POL,2009,117.9055
Poland,POL,2010,123.248924
Poland,POL,2011,131.27979
Poland,POL,2012,141.40973
Poland,POL,2013,148.91245
Poland,POL,2014,148.71329
Poland,POL,2015,142.5202
Poland,POL,2016,138.51869
Poland,POL,2017,131.90147
Poland,POL,2018,126.26619
Poland,POL,2019,126.59731
Poland,POL,2020,129.28848
Poland,POL,2021,132.9872
Poland,POL,2022,137.00215
Poland,POL,2023,135.1463
Poland,POL,2024,138.01616
Portugal,PRT,1980,0
Portugal,PRT,1981,0
Portugal,PRT,1982,0
Portugal,PRT,1983,0
Portugal,PRT,1984,0
Portugal,PRT,1985,0
Portugal,PRT,1986,0
Portugal,PRT,1987,0
Portugal,PRT,1988,0
Portugal,PRT,1989,0.027763601
Portugal,PRT,1990,0.064952284
Portugal,PRT,1991,0.12617141
Portugal,PRT,1992,0.37341374
Portugal,PRT,1993,1.0138006
Portugal,PRT,1994,1.7319444
Portugal,PRT,1995,3.3910713
Portugal,PRT,1996,6.57885
Portugal,PRT,1997,14.875383
Portugal,PRT,1998,30.204418
Portugal,PRT,1999,45.64927
Portugal,PRT,2000,64.81395
Portugal,PRT,2001,77.045456
Portugal,PRT,2002,83.260956
Portugal,PRT,2003,95.6808
Portugal,PRT,2004,100.85599
Portugal,PRT,2005,108.99095
Portugal,PRT,2006,116.17541
Portugal,PRT,2007,127.78645
Portugal,PRT,2008,132.99014
Portugal,PRT,2009,111.52404
Portugal,PRT,2010,115.42461
Portugal,PRT,2011,116.837494
Portugal,PRT,2012,113.35865
Portugal,PRT,2013,114.655304
Portugal,PRT,2014,114.31289
Portugal,PRT,2015,112.96423
Portugal,PRT,2016,111.846794
Portugal,PRT,2017,113.87362
Portugal,PRT,2018,114.85852
Portugal,PRT,2019,115.14556
Portugal,PRT,2020,114.27638
Portugal,PRT,2021,119.7687
Portugal,PRT,2022,122.80131
Portugal,PRT,2023,123.00151
Portugal,PRT,2024,124.12998
Puerto Rico,PRI,1980,0
Puerto Rico,PRI,1981,0
Puerto Rico,PRI,1982,0
Puerto Rico,PRI,1983,0
Puerto Rico,PRI,1984,0
Puerto Rico,PRI,1985,0
Puerto Rico,PRI,1987,0.113145016
Puerto Rico,PRI,1988,0.24942875
Puerto Rico,PRI,1989,0.33013302
Puerto Rico,PRI,1990,0.5747824
Puerto Rico,PRI,1991,0.9336445
Puerto Rico,PRI,1992,1.6608404
Puerto Rico,PRI,1993,2.606298
Puerto Rico,PRI,1994,4.7609344
Puerto Rico,PRI,1995,7.746402
Puerto Rico,PRI,1996,8.813733
Puerto Rico,PRI,1997,9.761889
Puerto Rico,PRI,1998,15.322682
Puerto Rico,PRI,1999,21.358936
Puerto Rico,PRI,2000,34.596992
Puerto Rico,PRI,2001,42.700115
Puerto Rico,PRI,2002,43.218475
Puerto Rico,PRI,2003,44.903908
Puerto Rico,PRI,2004,48.64685
Puerto Rico,PRI,2005,52.620026
Puerto Rico,PRI,2006,58.22881
Puerto Rico,PRI,2007,64.61481
Puerto Rico,PRI,2008,67.844765
Puerto Rico,PRI,2009,72.61604
Puerto Rico,PRI,2010,78.980286
Puerto Rico,PRI,2011,84.38156
Puerto Rico,PRI,2012,83.63533
Puerto Rico,PRI,2013,85.53767
Puerto Rico,PRI,2014,89.999825
Puerto Rico,PRI,2015,91.00412
Puerto Rico,PRI,2016,93.56066
Puerto Rico,PRI,2017,100.51983
Puerto Rico,PRI,2018,101.222404
Puerto Rico,PRI,2019,102.552925
Puerto Rico,PRI,2020,106.682175
Puerto Rico,PRI,2021,112.54041
Puerto Rico,PRI,2022,120.215904
Puerto Rico,PRI,2023,124.51346
Puerto Rico,PRI,2024,126.42638
Qatar,QAT,1980,0
Qatar,QAT,1981,0
Qatar,QAT,1990,0.8628516
Qatar,QAT,1991,0.8887458
Qatar,QAT,1992,0.8981674
Qatar,QAT,1993,0.88243765
Qatar,QAT,1994,2.303458
Qatar,QAT,1995,3.5852876
Qatar,QAT,1996,5.436208
Qatar,QAT,1997,7.8962426
Qatar,QAT,1998,11.317786
Qatar,QAT,1999,13.755866
Qatar,QAT,2000,18.737684
Qatar,QAT,2001,26.246119
Qatar,QAT,2002,37.500156
Qatar,QAT,2003,50.563194
Qatar,QAT,2004,63.40524
Qatar,QAT,2005,86.83742
Qatar,QAT,2006,94.54602
Qatar,QAT,2007,104.601295
Qatar,QAT,2008,100.178566
Qatar,QAT,2009,122.86939
Qatar,QAT,2010,127.920074
Qatar,QAT,2011,127.12803
Qatar,QAT,2012,136.39488
Qatar,QAT,2013,162.8597
Qatar,QAT,2014,149.02019
Qatar,QAT,2015,154.09802
Qatar,QAT,2016,140.51775
Qatar,QAT,2017,147.35835
Qatar,QAT,2018,142.91109
Qatar,QAT,2019,140.01721
Qatar,QAT,2020,135.4979
Qatar,QAT,2021,137.70955
Qatar,QAT,2022,162.24854
Qatar,QAT,2023,157.82063
Qatar,QAT,2024,153.61247
Romania,ROU,1980,0
Romania,ROU,1981,0
Romania,ROU,1982,0
Romania,ROU,1983,0
Romania,ROU,1984,0
Romania,ROU,1985,0
Romania,ROU,1986,0
Romania,ROU,1987,0
Romania,ROU,1988,0
Romania,ROU,1989,0
Romania,ROU,1990,0
Romania,ROU,1991,0
Romania,ROU,1992,0
Romania,ROU,1993,0.00352087
Romania,ROU,1994,0.012260979
Romania,ROU,1995,0.04024296
Romania,ROU,1996,0.07583237
Romania,ROU,1997,0.9017685
Romania,ROU,1998,2.9014618
Romania,ROU,1999,6.150459
Romania,ROU,2000,11.335255
Romania,ROU,2001,17.541655
Romania,ROU,2002,23.475365
Romania,ROU,2003,32.602005
Romania,ROU,2004,47.728283
Romania,ROU,2005,62.95146
Romania,ROU,2006,76.01827
Romania,ROU,2007,97.74461
Romania,ROU,2008,118.10563
Romania,ROU,2009,121.981285
Romania,ROU,2010,119.2214
Romania,ROU,2011,115.47179
Romania,ROU,2012,113.30235
Romania,ROU,2013,114.19075
Romania,ROU,2014,114.78265
Romania,ROU,2015,116.35035
Romania,ROU,2016,115.79077
Romania,ROU,2017,113.76679
Romania,ROU,2018,115.492134
Romania,ROU,2019,116.25234
Romania,ROU,2020,116.4782
Romania,ROU,2021,119.12307
Romania,ROU,2022,121.141945
Romania,ROU,2023,123.25248
Romania,ROU,2024,119.80486
Russia,RUS,1980,0
Russia,RUS,1981,0
Russia,RUS,1982,0
Russia,RUS,1983,0
Russia,RUS,1984,0
Russia,RUS,1985,0
Russia,RUS,1986,0
Russia,RUS,1987,0
Russia,RUS,1988,0
Russia,RUS,1989,0
Russia,RUS,1990,0
Russia,RUS,1991,0.000202709
Russia,RUS,1992,0.00404671
Russia,RUS,1993,0.006739744
Russia,RUS,1994,0.01870179
Russia,RUS,1995,0.059723075
Russia,RUS,1996,0.1506558
Russia,RUS,1997,0.3282224
Russia,RUS,1998,0.50702834
Russia,RUS,1999,0.932935
Russia,RUS,2000,2.224134
Russia,RUS,2001,5.3043
Russia,RUS,2002,12.065792
Russia,RUS,2003,24.785025
Russia,RUS,2004,50.779842
Russia,RUS,2005,82.98877
Russia,RUS,2006,104.55997
Russia,RUS,2007,119.00478
Russia,RUS,2008,138.73846
Russia,RUS,2009,159.90227
Russia,RUS,2010,165.13712
Russia,RUS,2011,141.45123
Russia,RUS,2012,144.1982
Russia,RUS,2013,150.96417
Russia,RUS,2014,152.51294
Russia,RUS,2015,156.41856
Russia,RUS,2016,157.17398
Russia,RUS,2017,155.48576
Russia,RUS,2018,156.6829
Russia,RUS,2019,163.6463
Russia,RUS,2020,163.10112
Russia,RUS,2021,169.07262
Russia,RUS,2022,168.47583
Russia,RUS,2023,180.84178
Russia,RUS,2024,186.10379
Rwanda,RWA,1980,0
Rwanda,RWA,1981,0
Rwanda,RWA,1982,0
Rwanda,RWA,1983,0
Rwanda,RWA,1984,0
Rwanda,RWA,1985,0
Rwanda,RWA,1986,0
Rwanda,RWA,1987,0
Rwanda,RWA,1988,0
Rwanda,RWA,1989,0
Rwanda,RWA,1990,0
Rwanda,RWA,1991,0
Rwanda,RWA,1992,0
Rwanda,RWA,1993,0
Rwanda,RWA,1994,0
Rwanda,RWA,1995,0
Rwanda,RWA,1996,0
Rwanda,RWA,1997,0
Rwanda,RWA,1998,0.063174024
Rwanda,RWA,1999,0.13733542
Rwanda,RWA,2000,0.47480312
Rwanda,RWA,2001,0.7843521
Rwanda,RWA,2002,0.98082423
Rwanda,RWA,2003,1.5223234
Rwanda,RWA,2004,1.5569177
Rwanda,RWA,2005,2.462613
Rwanda,RWA,2006,3.3787794
Rwanda,RWA,2007,6.650696
Rwanda,RWA,2008,13.490419
Rwanda,RWA,2009,24.146597
Rwanda,RWA,2010,34.395374
Rwanda,RWA,2011,42.049427
Rwanda,RWA,2012,52.546658
Rwanda,RWA,2013,60.298862
Rwanda,RWA,2014,68.167046
Rwanda,RWA,2015,75.25432
Rwanda,RWA,2016,74.850204
Rwanda,RWA,2017,72.27646
Rwanda,RWA,2018,77.67947
Rwanda,RWA,2019,75.59855
Rwanda,RWA,2020,81.23787
Rwanda,RWA,2021,81.63816
Rwanda,RWA,2022,80.59522
Rwanda,RWA,2023,91.46227
Rwanda,RWA,2024,93.20146
Saint Kitts and Nevis,KNA,1980,0
Saint Kitts and Nevis,KNA,1981,0
Saint Kitts and Nevis,KNA,1982,0
Saint Kitts and Nevis,KNA,1983,0
Saint Kitts and Nevis,KNA,1984,0
Saint Kitts and Nevis,KNA,1985,0
Saint Kitts and Nevis,KNA,1986,0
Saint Kitts and Nevis,KNA,1987,0
Saint Kitts and Nevis,KNA,1988,0
Saint Kitts and Nevis,KNA,1989,0
Saint Kitts and Nevis,KNA,1990,0
Saint Kitts and Nevis,KNA,1996,0.6961041
Saint Kitts and Nevis,KNA,1997,0.46958035
Saint Kitts and Nevis,KNA,1998,0.9947999
Saint Kitts and Nevis,KNA,1999,1.5616286
Saint Kitts and Nevis,KNA,2000,2.652051
Saint Kitts and Nevis,KNA,2001,4.589061
Saint Kitts and Nevis,KNA,2002,10.864841
Saint Kitts and Nevis,KNA,2003,47.6438
Saint Kitts and Nevis,KNA,2004,62.614704
Saint Kitts and Nevis,KNA,2005,109.82622
Saint Kitts and Nevis,KNA,2006,109.514915
Saint Kitts and Nevis,KNA,2007,138.09789
Saint Kitts and Nevis,KNA,2008,159.06908
Saint Kitts and Nevis,KNA,2009,160.9259
Saint Kitts and Nevis,KNA,2010,170.77232
Saint Kitts and Nevis,KNA,2011,164.22813
Saint Kitts and Nevis,KNA,2012,161.58867
Saint Kitts and Nevis,KNA,2013,163.58963
Saint Kitts and Nevis,KNA,2014,138.03648
Saint Kitts and Nevis,KNA,2015,155.05128
Saint Kitts and Nevis,KNA,2016,162.68295
Saint Kitts and Nevis,KNA,2017,163.3964
Saint Kitts and Nevis,KNA,2018,152.30174
Saint Kitts and Nevis,KNA,2019,138.91634
Saint Kitts and Nevis,KNA,2020,133.4009
Saint Kitts and Nevis,KNA,2021,121.25612
Saint Kitts and Nevis,KNA,2022,116.923935
Saint Kitts and Nevis,KNA,2023,118.89302
Saint Lucia,LCA,1980,0
Saint Lucia,LCA,1981,0
Saint Lucia,LCA,1982,0
Saint Lucia,LCA,1983,0
Saint Lucia,LCA,1984,0
Saint Lucia,LCA,1985,0
Saint Lucia,LCA,1986,0
Saint Lucia,LCA,1987,0
Saint Lucia,LCA,1988,0
Saint Lucia,LCA,1989,0
Saint Lucia,LCA,1990,0
Saint Lucia,LCA,1994,0.3480317
Saint Lucia,LCA,1995,0.6563919
Saint Lucia,LCA,1996,0.9092739
Saint Lucia,LCA,1997,1.0292434
Saint Lucia,LCA,1998,1.2113098
Saint Lucia,LCA,1999,1.4533414
Saint Lucia,LCA,2000,1.5761336
Saint Lucia,LCA,2001,1.6850041
Saint Lucia,LCA,2002,8.854808
Saint Lucia,LCA,2003,60.74514
Saint Lucia,LCA,2004,61.495747
Saint Lucia,LCA,2005,63.859776
Saint Lucia,LCA,2006,63.370518
Saint Lucia,LCA,2007,87.62622
Saint Lucia,LCA,2008,103.69473
Saint Lucia,LCA,2009,111.69666
Saint Lucia,LCA,2010,115.9772
Saint Lucia,LCA,2011,126.035355
Saint Lucia,LCA,2012,125.15427
Saint Lucia,LCA,2013,122.31887
Saint Lucia,LCA,2014,108.16192
Saint Lucia,LCA,2015,107.338844
Saint Lucia,LCA,2016,100.570465
Saint Lucia,LCA,2017,100.199615
Saint Lucia,LCA,2018,104.4781
Saint Lucia,LCA,2019,83.186516
Saint Lucia,LCA,2020,81.86872
Saint Lucia,LCA,2021,96.23744
Saint Lucia,LCA,2022,98.66764
Saint Vincent and the Grenadines,VCT,1980,0
Saint Vincent and the Grenadines,VCT,1981,0
Saint Vincent and the Grenadines,VCT,1982,0
Saint Vincent and the Grenadines,VCT,1983,0
Saint Vincent and the Grenadines,VCT,1984,0
Saint Vincent and the Grenadines,VCT,1985,0
Saint Vincent and the Grenadines,VCT,1986,0
Saint Vincent and the Grenadines,VCT,1987,0
Saint Vincent and the Grenadines,VCT,1988,0
Saint Vincent and the Grenadines,VCT,1989,0
Saint Vincent and the Grenadines,VCT,1990,0
Saint Vincent and the Grenadines,VCT,1992,0.06182544
Saint Vincent and the Grenadines,VCT,1993,0.07304987
Saint Vincent and the Grenadines,VCT,1994,0.13164361
Saint Vincent and the Grenadines,VCT,1995,0.18830907
Saint Vincent and the Grenadines,VCT,1996,0.24499081
Saint Vincent and the Grenadines,VCT,1997,0.30277574
Saint Vincent and the Grenadines,VCT,1998,0.65694964
Saint Vincent and the Grenadines,VCT,1999,1.2456796
Saint Vincent and the Grenadines,VCT,2000,2.079352
Saint Vincent and the Grenadines,VCT,2001,6.600823
Saint Vincent and the Grenadines,VCT,2002,8.806585
Saint Vincent and the Grenadines,VCT,2003,55.60407
Saint Vincent and the Grenadines,VCT,2004,63.80999
Saint Vincent and the Grenadines,VCT,2005,62.801247
Saint Vincent and the Grenadines,VCT,2006,78.23486
Saint Vincent and the Grenadines,VCT,2007,99.06752
Saint Vincent and the Grenadines,VCT,2008,117.17585
Saint Vincent and the Grenadines,VCT,2009,109.597496
Saint Vincent and the Grenadines,VCT,2010,119.854675
Saint Vincent and the Grenadines,VCT,2011,120.53974
Saint Vincent and the Grenadines,VCT,2012,116.78929
Saint Vincent and the Grenadines,VCT,2013,115.94581
Saint Vincent and the Grenadines,VCT,2014,106.95773
Saint Vincent and the Grenadines,VCT,2015,105.99383
Saint Vincent and the Grenadines,VCT,2016,105.92389
Saint Vincent and the Grenadines,VCT,2017,109.63535
Saint Vincent and the Grenadines,VCT,2018,107.16409
Saint Vincent and the Grenadines,VCT,2019,92.517784
Saint Vincent and the Grenadines,VCT,2020,96.94376
Saint Vincent and the Grenadines,VCT,2021,95.51735
Saint Vincent and the Grenadines,VCT,2022,102.33424
Saint Vincent and the Grenadines,VCT,2023,101.63142
Saint Vincent and the Grenadines,VCT,2024,108.35454
Samoa,WSM,1980,0
Samoa,WSM,1981,0
Samoa,WSM,1982,0
Samoa,WSM,1983,0
Samoa,WSM,1984,0
Samoa,WSM,1985,0
Samoa,WSM,1986,0
Samoa,WSM,1987,0
Samoa,WSM,1988,0
Samoa,WSM,1989,0
Samoa,WSM,1990,0
Samoa,WSM,1991,0
Samoa,WSM,1992,0
Samoa,WSM,1993,0
Samoa,WSM,1994,0
Samoa,WSM,1995,0
Samoa,WSM,1996,0
Samoa,WSM,1997,0.4290283
Samoa,WSM,1998,0.82046735
Samoa,WSM,1999,1.3347163
Samoa,WSM,2000,1.3760079
Samoa,WSM,2001,1.3648821
Samoa,WSM,2002,1.4636447
Samoa,WSM,2003,5.662514
Samoa,WSM,2004,8.590651
Samoa,WSM,2005,12.835734
Samoa,WSM,2006,24.239647
Samoa,WSM,2007,45.56219
Samoa,WSM,2010,46.626568
Samoa,WSM,2012,51.044796
Samoa,WSM,2013,50.379787
Samoa,WSM,2014,53.252148
Samoa,WSM,2015,59.726337
Samoa,WSM,2016,74.20577
Samoa,WSM,2017,60.46832
Samoa,WSM,2018,48.173733
Samoa,WSM,2019,40.04195
Samoa,WSM,2020,32.55577
Samoa,WSM,2021,32.27632
Samoa,WSM,2022,62.39867
San Marino,SMR,1990,0
San Marino,SMR,1992,3.780242
San Marino,SMR,1993,5.3758993
San Marino,SMR,1994,7.744039
San Marino,SMR,1995,9.402877
San Marino,SMR,1996,9.031108
San Marino,SMR,1997,9.181122
San Marino,SMR,1998,19.156057
San Marino,SMR,1999,36.282383
San Marino,SMR,2000,54.11769
San Marino,SMR,2001,58.409164
San Marino,SMR,2002,60.96177
San Marino,SMR,2003,60.697483
San Marino,SMR,2004,60.578663
San Marino,SMR,2005,60.0238
San Marino,SMR,2006,60.08569
San Marino,SMR,2007,59.694366
San Marino,SMR,2008,82.15885
San Marino,SMR,2009,99.5314
San Marino,SMR,2010,99.87918
San Marino,SMR,2011,110.24589
San Marino,SMR,2012,107.56865
San Marino,SMR,2013,109.39917
San Marino,SMR,2014,111.48999
San Marino,SMR,2015,108.03221
San Marino,SMR,2016,107.0519
San Marino,SMR,2017,110.535805
San Marino,SMR,2018,111.50048
San Marino,SMR,2019,111.82293
San Marino,SMR,2020,112.168884
San Marino,SMR,2021,115.70057
San Marino,SMR,2022,120.269875
Sao Tome and Principe,STP,1980,0
Sao Tome and Principe,STP,1981,0
Sao Tome and Principe,STP,1982,0
Sao Tome and Principe,STP,1983,0
Sao Tome and Principe,STP,1984,0
Sao Tome and Principe,STP,1985,0
Sao Tome and Principe,STP,1986,0
Sao Tome and Principe,STP,1987,0
Sao Tome and Principe,STP,1988,0
Sao Tome and Principe,STP,1989,0
Sao Tome and Principe,STP,1990,0
Sao Tome and Principe,STP,1991,0
Sao Tome and Principe,STP,1992,0
Sao Tome and Principe,STP,1993,0
Sao Tome and Principe,STP,1994,0
Sao Tome and Principe,STP,1995,0
Sao Tome and Principe,STP,1996,0
Sao Tome and Principe,STP,1997,0
Sao Tome and Principe,STP,1998,0
Sao Tome and Principe,STP,1999,0
Sao Tome and Principe,STP,2000,0
Sao Tome and Principe,STP,2001,0
Sao Tome and Principe,STP,2002,1.3206867
Sao Tome and Principe,STP,2003,3.133005
Sao Tome and Principe,STP,2004,4.911068
Sao Tome and Principe,STP,2005,7.3948736
Sao Tome and Principe,STP,2006,11.123052
Sao Tome and Principe,STP,2007,17.736593
Sao Tome and Principe,STP,2008,29.086903
Sao Tome and Principe,STP,2009,45.447083
Sao Tome and Principe,STP,2010,56.50653
Sao Tome and Principe,STP,2011,61.96532
Sao Tome and Principe,STP,2012,64.49147
Sao Tome and Principe,STP,2013,64.88755
Sao Tome and Principe,STP,2014,65.305664
Sao Tome and Principe,STP,2015,92.35113
Sao Tome and Principe,STP,2016,87.4112
Sao Tome and Principe,STP,2017,84.05228
Sao Tome and Principe,STP,2018,77.36444
Sao Tome and Principe,STP,2019,77.67911
Sao Tome and Principe,STP,2020,80.11728
Sao Tome and Principe,STP,2021,85.25777
Sao Tome and Principe,STP,2022,86.778465
Sao Tome and Principe,STP,2023,63.454052
Sao Tome and Principe,STP,2024,62.43674
Saudi Arabia,SAU,1990,0.09279113
Saudi Arabia,SAU,1991,0.092054434
Saudi Arabia,SAU,1992,0.09159007
Saudi Arabia,SAU,1993,0.089149326
Saudi Arabia,SAU,1994,0.08688703
Saudi Arabia,SAU,1995,0.08474838
Saudi Arabia,SAU,1996,0.9826546
Saudi Arabia,SAU,1997,1.6654716
Saudi Arabia,SAU,1998,3.0642009
Saudi Arabia,SAU,1999,3.982111
Saudi Arabia,SAU,2000,8.504788
Saudi Arabia,SAU,2001,14.838221
Saudi Arabia,SAU,2002,27.960417
Saudi Arabia,SAU,2003,38.528313
Saudi Arabia,SAU,2004,46.649754
Saudi Arabia,SAU,2005,68.89231
Saudi Arabia,SAU,2006,91.80236
Saudi Arabia,SAU,2007,126.96532
Saudi Arabia,SAU,2008,154.58687
Saudi Arabia,SAU,2009,185.25475
Saudi Arabia,SAU,2010,204.96924
Saudi Arabia,SAU,2011,206.8518
Saudi Arabia,SAU,2012,195.84337
Saudi Arabia,SAU,2013,189.47562
Saudi Arabia,SAU,2014,181.85657
Saudi Arabia,SAU,2015,176.13403
Saudi Arabia,SAU,2016,156.04147
Saudi Arabia,SAU,2017,130.62971
Saudi Arabia,SAU,2018,136.04617
Saudi Arabia,SAU,2019,135.52615
Saudi Arabia,SAU,2020,139.4442
Saudi Arabia,SAU,2021,145.00375
Saudi Arabia,SAU,2022,149.79788
Saudi Arabia,SAU,2023,157.77539
Saudi Arabia,SAU,2024,159.54137
Senegal,SEN,1980,0
Senegal,SEN,1981,0
Senegal,SEN,1982,0
Senegal,SEN,1983,0
Senegal,SEN,1984,0
Senegal,SEN,1985,0
Senegal,SEN,1986,0
Senegal,SEN,1987,0
Senegal,SEN,1988,0
Senegal,SEN,1989,0
Senegal,SEN,1990,0
Senegal,SEN,1991,0
Senegal,SEN,1992,0
Senegal,SEN,1993,0
Senegal,SEN,1994,0.001164311
Senegal,SEN,1995,0.001413234
Senegal,SEN,1996,0.01596667
Senegal,SEN,1997,0.076694146
Senegal,SEN,1998,0.29678693
Senegal,SEN,1999,0.9271341
Senegal,SEN,2000,2.5104783
Senegal,SEN,2001,2.9551818
Senegal,SEN,2002,5.287958
Senegal,SEN,2003,7.2979217
Senegal,SEN,2004,10.216329
Senegal,SEN,2005,15.398605
Senegal,SEN,2006,25.93564
Senegal,SEN,2007,30.847052
Senegal,SEN,2008,44.72696
Senegal,SEN,2009,55.939648
Senegal,SEN,2010,66.034386
Senegal,SEN,2011,72.17333
Senegal,SEN,2012,86.17746
Senegal,SEN,2013,95.79109
Senegal,SEN,2014,101.60843
Senegal,SEN,2015,102.508995
Senegal,SEN,2016,101.010765
Senegal,SEN,2017,101.83111
Senegal,SEN,2018,104.055695
Senegal,SEN,2019,109.34189
Senegal,SEN,2020,113.63809
Senegal,SEN,2021,115.325096
Senegal,SEN,2022,118.15029
Senegal,SEN,2023,123.911575
Senegal,SEN,2024,123.894455
Serbia,SRB,2004,51.171814
Serbia,SRB,2005,73.72002
Serbia,SRB,2006,89.375854
Serbia,SRB,2007,114.29611
Serbia,SRB,2008,130.69461
Serbia,SRB,2009,135.3233
Serbia,SRB,2010,136.01505
Serbia,SRB,2011,141.04344
Serbia,SRB,2012,127.19918
Serbia,SRB,2013,128.66814
Serbia,SRB,2014,131.35312
Serbia,SRB,2015,129.38359
Serbia,SRB,2016,129.17749
Serbia,SRB,2017,123.14275
Serbia,SRB,2018,121.07482
Serbia,SRB,2019,122.047745
Serbia,SRB,2020,120.21686
Serbia,SRB,2021,125.075584
Serbia,SRB,2022,129.81316
Serbia,SRB,2023,128.47115
Serbia,SRB,2024,123.8222
Seychelles,SYC,1980,0
Seychelles,SYC,1981,0
Seychelles,SYC,1982,0
Seychelles,SYC,1983,0
Seychelles,SYC,1984,0
Seychelles,SYC,1985,0
Seychelles,SYC,1986,0
Seychelles,SYC,1987,0
Seychelles,SYC,1988,0
Seychelles,SYC,1989,0
Seychelles,SYC,1990,0
Seychelles,SYC,1991,0
Seychelles,SYC,1992,0
Seychelles,SYC,1993,0
Seychelles,SYC,1994,0
Seychelles,SYC,1995,0.066903055
Seychelles,SYC,1996,1.3805426
Seychelles,SYC,1997,2.9360652
Seychelles,SYC,1998,6.682633
Seychelles,SYC,1999,20.696917
Seychelles,SYC,2000,31.158934
Seychelles,SYC,2001,43.357445
Seychelles,SYC,2002,52.099422
Seychelles,SYC,2003,56.562954
Seychelles,SYC,2004,61.673622
Seychelles,SYC,2005,65.877266
Seychelles,SYC,2006,77.83298
Seychelles,SYC,2007,84.48638
Seychelles,SYC,2008,101.003815
Seychelles,SYC,2009,118.199684
Seychelles,SYC,2010,123.81358
Seychelles,SYC,2011,130.47699
Seychelles,SYC,2012,137.10658
Seychelles,SYC,2013,133.98569
Seychelles,SYC,2014,144.60603
Seychelles,SYC,2015,138.24863
Seychelles,SYC,2016,138.27682
Seychelles,SYC,2017,148.79166
Seychelles,SYC,2018,155.55112
Seychelles,SYC,2019,164.61708
Seychelles,SYC,2020,152.54507
Seychelles,SYC,2021,149.47922
Seychelles,SYC,2022,163.42952
Seychelles,SYC,2023,129.244
Seychelles,SYC,2024,125.61686
Sierra Leone,SLE,1980,0
Sierra Leone,SLE,1981,0
Sierra Leone,SLE,1982,0
Sierra Leone,SLE,1983,0
Sierra Leone,SLE,1984,0
Sierra Leone,SLE,1985,0
Sierra Leone,SLE,1986,0
Sierra Leone,SLE,1987,0
Sierra Leone,SLE,1988,0
Sierra Leone,SLE,1989,0
Sierra Leone,SLE,1990,0
Sierra Leone,SLE,1991,0
Sierra Leone,SLE,1992,0
Sierra Leone,SLE,1993,0
Sierra Leone,SLE,1994,0
Sierra Leone,SLE,1995,0
Sierra Leone,SLE,1996,0
Sierra Leone,SLE,1997,0
Sierra Leone,SLE,1998,0
Sierra Leone,SLE,1999,0
Sierra Leone,SLE,2000,0.26991522
Sierra Leone,SLE,2001,0.57312226
Sierra Leone,SLE,2002,1.3476994
Sierra Leone,SLE,2003,2.1865747
Sierra Leone,SLE,2007,13.497173
Sierra Leone,SLE,2008,17.113615
Sierra Leone,SLE,2009,19.155678
Sierra Leone,SLE,2010,32.140316
Sierra Leone,SLE,2011,33.45727
Sierra Leone,SLE,2012,33.734894
Sierra Leone,SLE,2013,59.57655
Sierra Leone,SLE,2014,69.17588
Sierra Leone,SLE,2015,80.38189
Sierra Leone,SLE,2016,87.14759
Sierra Leone,SLE,2017,89.778175
Sierra Leone,SLE,2018,84.123344
Sierra Leone,SLE,2019,87.03844
Sierra Leone,SLE,2020,87.00348
Sierra Leone,SLE,2021,101.63678
Sierra Leone,SLE,2022,107.882
Singapore,SGP,1980,0
Singapore,SGP,1981,0
Singapore,SGP,1982,0
Singapore,SGP,1983,0
Singapore,SGP,1988,0.37587172
Singapore,SGP,1989,0.8926592
Singapore,SGP,1990,1.7115958
Singapore,SGP,1991,2.6246707
Singapore,SGP,1992,3.717206
Singapore,SGP,1993,5.3687153
Singapore,SGP,1994,6.8524704
Singapore,SGP,1995,8.634616
Singapore,SGP,1996,11.80234
Singapore,SGP,1997,22.565248
Singapore,SGP,1998,28.31395
Singapore,SGP,1999,41.11453
Singapore,SGP,2000,68.08508
Singapore,SGP,2001,72.67928
Singapore,SGP,2002,79.89116
Singapore,SGP,2003,86.43761
Singapore,SGP,2004,95.63678
Singapore,SGP,2005,102.7232
Singapore,SGP,2006,108.657524
Singapore,SGP,2007,128.88243
Singapore,SGP,2008,133.45425
Singapore,SGP,2009,138.5671
Singapore,SGP,2010,145.45164
Singapore,SGP,2011,150.4041
Singapore,SGP,2012,152.41039
Singapore,SGP,2013,156.67928
Singapore,SGP,2014,148.47835
Singapore,SGP,2015,149.00621
Singapore,SGP,2016,151.68172
Singapore,SGP,2017,149.56787
Singapore,SGP,2018,152.07382
Singapore,SGP,2019,159.34738
Singapore,SGP,2020,150.25934
Singapore,SGP,2021,157.97768
Singapore,SGP,2022,173.0053
Singapore,SGP,2023,173.19994
Singapore,SGP,2024,170.78256
Sint Maarten (Dutch part),SXM,2012,196.55655
Sint Maarten (Dutch part),SXM,2022,205.3727
Slovakia,SVK,1980,0
Slovakia,SVK,1981,0
Slovakia,SVK,1982,0
Slovakia,SVK,1983,0
Slovakia,SVK,1984,0
Slovakia,SVK,1985,0
Slovakia,SVK,1986,0
Slovakia,SVK,1987,0
Slovakia,SVK,1988,0
Slovakia,SVK,1989,0
Slovakia,SVK,1990,0
Slovakia,SVK,1991,0.002253691
Slovakia,SVK,1992,0.02898965
Slovakia,SVK,1993,0.058720082
Slovakia,SVK,1994,0.11137311
Slovakia,SVK,1995,0.23018709
Slovakia,SVK,1996,0.5348349
Slovakia,SVK,1997,3.729899
Slovakia,SVK,1998,8.664254
Slovakia,SVK,1999,12.355701
Slovakia,SVK,2000,23.117773
Slovakia,SVK,2001,39.917393
Slovakia,SVK,2002,54.361336
Slovakia,SVK,2003,68.42708
Slovakia,SVK,2004,79.522575
Slovakia,SVK,2005,84.44544
Slovakia,SVK,2006,91.00562
Slovakia,SVK,2007,112.85223
Slovakia,SVK,2008,102.61981
Slovakia,SVK,2009,102.09182
Slovakia,SVK,2010,109.888275
Slovakia,SVK,2011,110.836205
Slovakia,SVK,2012,112.758766
Slovakia,SVK,2013,114.74913
Slovakia,SVK,2014,117.780685
Slovakia,SVK,2015,123.15887
Slovakia,SVK,2016,128.7925
Slovakia,SVK,2017,130.94455
Slovakia,SVK,2018,133.04048
Slovakia,SVK,2019,135.75568
Slovakia,SVK,2020,133.6329
Slovakia,SVK,2021,135.26825
Slovakia,SVK,2022,136.0293
Slovakia,SVK,2023,138.23294
Slovakia,SVK,2024,139.96768
Slovenia,SVN,1980,0
Slovenia,SVN,1981,0
Slovenia,SVN,1982,0
Slovenia,SVN,1983,0
Slovenia,SVN,1984,0
Slovenia,SVN,1985,0
Slovenia,SVN,1986,0
Slovenia,SVN,1987,0
Slovenia,SVN,1988,0
Slovenia,SVN,1989,0
Slovenia,SVN,1990,0
Slovenia,SVN,1991,0.026284087
Slovenia,SVN,1992,0.17576104
Slovenia,SVN,1993,0.32635683
Slovenia,SVN,1994,0.8201064
Slovenia,SVN,1995,1.3711475
Slovenia,SVN,1996,2.0699093
Slovenia,SVN,1997,4.704477
Slovenia,SVN,1998,8.1279335
Slovenia,SVN,1999,31.788923
Slovenia,SVN,2000,61.183372
Slovenia,SVN,2001,73.88554
Slovenia,SVN,2002,83.71447
Slovenia,SVN,2003,87.28506
Slovenia,SVN,2004,92.73114
Slovenia,SVN,2005,88.097534
Slovenia,SVN,2006,90.837166
Slovenia,SVN,2007,95.742836
Slovenia,SVN,2008,101.47224
Slovenia,SVN,2009,103.184654
Slovenia,SVN,2010,103.782524
Slovenia,SVN,2011,105.84458
Slovenia,SVN,2012,109.148056
Slovenia,SVN,2013,111.04491
Slovenia,SVN,2014,113.01909
Slovenia,SVN,2015,114.271194
Slovenia,SVN,2016,115.736305
Slovenia,SVN,2017,118.46199
Slovenia,SVN,2018,119.153404
Slovenia,SVN,2019,120.56888
Slovenia,SVN,2020,121.33143
Slovenia,SVN,2021,123.36292
Slovenia,SVN,2022,126.45918
Slovenia,SVN,2023,129.22797
Slovenia,SVN,2024,130.8609
Solomon Islands,SLB,1980,0
Solomon Islands,SLB,1981,0
Solomon Islands,SLB,1982,0
Solomon Islands,SLB,1983,0
Solomon Islands,SLB,1984,0
Solomon Islands,SLB,1985,0
Solomon Islands,SLB,1986,0
Solomon Islands,SLB,1987,0
Solomon Islands,SLB,1988,0
Solomon Islands,SLB,1989,0
Solomon Islands,SLB,1990,0
Solomon Islands,SLB,1991,0
Solomon Islands,SLB,1992,0
Solomon Islands,SLB,1993,0
Solomon Islands,SLB,1994,0.03950574
Solomon Islands,SLB,1995,0.06130244
Solomon Islands,SLB,1996,0.08729009
Solomon Islands,SLB,1997,0.1657222
Solomon Islands,SLB,1998,0.1719977
Solomon Islands,SLB,1999,0.2607167
Solomon Islands,SLB,2000,0.26131237
Solomon Islands,SLB,2001,0.21530755
Solomon Islands,SLB,2002,0.21827906
Solomon Islands,SLB,2003,0.22739266
Solomon Islands,SLB,2004,0.6320966
Solomon Islands,SLB,2005,1.2420303
Solomon Islands,SLB,2006,1.4239392
Solomon Islands,SLB,2007,2.17932
Solomon Islands,SLB,2008,5.8963423
Solomon Islands,SLB,2009,9.649883
Solomon Islands,SLB,2010,21.671095
Solomon Islands,SLB,2011,49.71055
Solomon Islands,SLB,2012,52.675007
Solomon Islands,SLB,2013,54.30838
Solomon Islands,SLB,2014,61.061943
Solomon Islands,SLB,2015,66.42197
Solomon Islands,SLB,2016,62.890278
Solomon Islands,SLB,2017,67.86495
Solomon Islands,SLB,2018,67.97748
Solomon Islands,SLB,2019,65.66202
Solomon Islands,SLB,2020,63.66706
Solomon Islands,SLB,2021,62.156517
Solomon Islands,SLB,2022,62.073498
Somalia,SOM,1980,0
Somalia,SOM,1981,0
Somalia,SOM,1982,0
Somalia,SOM,1983,0
Somalia,SOM,1984,0
Somalia,SOM,1985,0
Somalia,SOM,1986,0
Somalia,SOM,1987,0
Somalia,SOM,1988,0
Somalia,SOM,1989,0
Somalia,SOM,1990,0
Somalia,SOM,1991,0
Somalia,SOM,1992,0
Somalia,SOM,1993,0
Somalia,SOM,1994,0
Somalia,SOM,1995,0
Somalia,SOM,1996,0
Somalia,SOM,1997,0
Somalia,SOM,1998,0
Somalia,SOM,1999,0
Somalia,SOM,2000,0.90510917
Somalia,SOM,2001,0.9240644
Somalia,SOM,2002,1.0471135
Somalia,SOM,2003,2.018335
Somalia,SOM,2004,4.863341
Somalia,SOM,2005,4.6973815
Somalia,SOM,2006,5.0111604
Somalia,SOM,2007,5.2991447
Somalia,SOM,2008,5.3759365
Somalia,SOM,2009,5.3589935
Somalia,SOM,2010,5.2863555
Somalia,SOM,2011,14.57628
Somalia,SOM,2012,18.45735
Somalia,SOM,2013,40.27322
Somalia,SOM,2014,41.230957
Somalia,SOM,2015,42.268528
Somalia,SOM,2016,46.36672
Somalia,SOM,2017,47.72526
Somalia,SOM,2018,49.526268
Somalia,SOM,2019,51.319412
Somalia,SOM,2020,53.11332
Somalia,SOM,2021,51.205948
Somalia,SOM,2022,49.6801
Somalia,SOM,2023,53.957966
South Africa,ZAF,1980,0
South Africa,ZAF,1981,0
South Africa,ZAF,1982,0
South Africa,ZAF,1983,0
South Africa,ZAF,1984,0
South Africa,ZAF,1985,0
South Africa,ZAF,1986,0
South Africa,ZAF,1987,0
South Africa,ZAF,1988,0
South Africa,ZAF,1989,0.010292566
South Africa,ZAF,1990,0.014243596
South Africa,ZAF,1991,0.017354762
South Africa,ZAF,1992,0.029956356
South Africa,ZAF,1993,0.094061345
South Africa,ZAF,1994,0.78580046
South Africa,ZAF,1995,1.2162938
South Africa,ZAF,1996,2.133824
South Africa,ZAF,1997,4.0543184
South Africa,ZAF,1998,7.2777367
South Africa,ZAF,1999,11.189551
South Africa,ZAF,2000,17.682463
South Africa,ZAF,2001,22.677582
South Africa,ZAF,2002,28.534292
South Africa,ZAF,2003,34.762638
South Africa,ZAF,2004,42.53602
South Africa,ZAF,2005,68.61979
South Africa,ZAF,2006,79.32674
South Africa,ZAF,2007,83.71499
South Africa,ZAF,2008,88.03747
South Africa,ZAF,2009,89.76867
South Africa,ZAF,2010,96.23252
South Africa,ZAF,2011,120.76564
South Africa,ZAF,2012,127.1676
South Africa,ZAF,2013,140.57603
South Africa,ZAF,2014,142.60448
South Africa,ZAF,2015,155.13753
South Africa,ZAF,2016,143.92862
South Africa,ZAF,2017,153.54794
South Africa,ZAF,2018,157.69191
South Africa,ZAF,2019,162.73856
South Africa,ZAF,2020,158.44727
South Africa,ZAF,2021,163.12807
South Africa,ZAF,2022,160.72852
South Africa,ZAF,2023,171.50862
South Africa,ZAF,2024,179.33633
South Asia (WB),WB_SA,1980,0
South Asia (WB),WB_SA,1981,0
South Asia (WB),WB_SA,1982,0
South Asia (WB),WB_SA,1983,0
South Asia (WB),WB_SA,1984,0
South Asia (WB),WB_SA,1985,0
South Asia (WB),WB_SA,1986,0
South Asia (WB),WB_SA,1987,0
South Asia (WB),WB_SA,1988,0
South Asia (WB),WB_SA,1989,0
South Asia (WB),WB_SA,1990,0.0002637314
South Asia (WB),WB_SA,1991,0.000882998
South Asia (WB),WB_SA,1992,0.0013748852
South Asia (WB),WB_SA,1993,0.0025580307
South Asia (WB),WB_SA,1994,0.0044093947
South Asia (WB),WB_SA,1995,0.013470264
South Asia (WB),WB_SA,1996,0.03625145
South Asia (WB),WB_SA,1997,0.08740852
South Asia (WB),WB_SA,1998,0.12139592
South Asia (WB),WB_SA,1999,0.18581438
South Asia (WB),WB_SA,2000,0.32770666
South Asia (WB),WB_SA,2001,0.59306705
South Asia (WB),WB_SA,2002,1.1486261
South Asia (WB),WB_SA,2003,2.632234
South Asia (WB),WB_SA,2004,4.1620812
South Asia (WB),WB_SA,2005,7.587274
South Asia (WB),WB_SA,2006,14.6325865
South Asia (WB),WB_SA,2007,21.84587
South Asia (WB),WB_SA,2008,31.215807
South Asia (WB),WB_SA,2009,43.02043
South Asia (WB),WB_SA,2010,57.62918
South Asia (WB),WB_SA,2011,67.280754
South Asia (WB),WB_SA,2012,66.392624
South Asia (WB),WB_SA,2013,68.733604
South Asia (WB),WB_SA,2014,72.488976
South Asia (WB),WB_SA,2015,74.4
South Asia (WB),WB_SA,2016,81.8
South Asia (WB),WB_SA,2017,84.8
South Asia (WB),WB_SA,2018,85.5
South Asia (WB),WB_SA,2019,83.9
South Asia (WB),WB_SA,2020,86.3
South Asia (WB),WB_SA,2021,86.2
South Asia (WB),WB_SA,2022,85
South Asia (WB),WB_SA,2023,85.3
South Asia (WB),WB_SA,2024,83.4
South Asia (WB),WB_SA,2025,81.7
South Korea,KOR,1980,0
South Korea,KOR,1981,0
South Korea,KOR,1982,0
South Korea,KOR,1983,0
South Korea,KOR,1986,0.01695819
South Korea,KOR,1987,0.024183325
South Korea,KOR,1988,0.04734527
South Korea,KOR,1989,0.09116426
South Korea,KOR,1990,0.18133484
South Korea,KOR,1991,0.37338203
South Korea,KOR,1992,0.60828733
South Korea,KOR,1993,1.0499754
South Korea,KOR,1994,2.1260743
South Korea,KOR,1995,3.615707
South Korea,KOR,1996,6.966661
South Korea,KOR,1997,14.966118
South Korea,KOR,1998,30.310343
South Korea,KOR,1999,50.392303
South Korea,KOR,2000,57.340843
South Korea,KOR,2001,61.74204
South Korea,KOR,2002,68.37864
South Korea,KOR,2003,70.69842
South Korea,KOR,2004,76.705025
South Korea,KOR,2005,80.127495
South Korea,KOR,2006,83.73262
South Korea,KOR,2007,92.09402
South Korea,KOR,2008,94.31409
South Korea,KOR,2009,98.758995
South Korea,KOR,2010,104.09665
South Korea,KOR,2011,106.8783
South Korea,KOR,2012,108.114685
South Korea,KOR,2013,109.206245
South Korea,KOR,2014,113.35858
South Korea,KOR,2015,115.59544
South Korea,KOR,2016,119.48951
South Korea,KOR,2017,123.64207
South Korea,KOR,2018,128.49463
South Korea,KOR,2019,133.07979
South Korea,KOR,2020,135.97328
South Korea,KOR,2021,140.51639
South Korea,KOR,2022,148.68361
South Korea,KOR,2023,162.11366
South Korea,KOR,2024,172.52025
South Sudan,SSD,2010,15.391004
South Sudan,SSD,2011,17.495926
South Sudan,SSD,2012,21.382936
South Sudan,SSD,2013,25.552193
South Sudan,SSD,2014,25.599274
South Sudan,SSD,2015,26.099339
South Sudan,SSD,2016,24.930513
South Sudan,SSD,2017,27.184824
South Sudan,SSD,2018,18.929758
South Sudan,SSD,2019,21.317137
South Sudan,SSD,2021,30.151043
South Sudan,SSD,2022,48.48883
South Sudan,SSD,2023,46.61524
Spain,ESP,1980,0
Spain,ESP,1981,0
Spain,ESP,1982,0
Spain,ESP,1986,0.004405194
Spain,ESP,1987,0.010854247
Spain,ESP,1988,0.029983196
Spain,ESP,1989,0.07666681
Spain,ESP,1990,0.14065352
Spain,ESP,1991,0.27810043
Spain,ESP,1992,0.45991236
Spain,ESP,1993,0.65260637
Spain,ESP,1994,1.0396044
Spain,ESP,1995,2.3733897
Spain,ESP,1996,7.4947734
Spain,ESP,1997,10.795646
Spain,ESP,1998,15.949128
Spain,ESP,1999,37.007603
Spain,ESP,2000,59.15454
Spain,ESP,2001,71.900345
Spain,ESP,2002,80.302795
Spain,ESP,2003,87.562614
Spain,ESP,2004,89.33265
Spain,ESP,2005,97.12283
Spain,ESP,2006,102.236496
Spain,ESP,2007,106.384415
Spain,ESP,2008,107.32839
Spain,ESP,2009,109.47249
Spain,ESP,2010,109.71157
Spain,ESP,2011,111.89935
Spain,ESP,2012,107.75607
Spain,ESP,2013,107.03857
Spain,ESP,2014,108.74582
Spain,ESP,2015,109.39104
Spain,ESP,2016,110.24706
Spain,ESP,2017,112.03008
Spain,ESP,2018,115.00906
Spain,ESP,2019,116.69612
Spain,ESP,2020,116.71204
Spain,ESP,2021,118.99981
Spain,ESP,2022,123.39953
Spain,ESP,2023,127.71549
Spain,ESP,2024,130.261
Sri Lanka,LKA,1980,0
Sri Lanka,LKA,1981,0
Sri Lanka,LKA,1982,0
Sri Lanka,LKA,1983,0
Sri Lanka,LKA,1984,0
Sri Lanka,LKA,1985,0
Sri Lanka,LKA,1986,0
Sri Lanka,LKA,1987,0
Sri Lanka,LKA,1988,0
Sri Lanka,LKA,1989,0
Sri Lanka,LKA,1990,0.005870696
Sri Lanka,LKA,1991,0.01033497
Sri Lanka,LKA,1992,0.015001881
Sri Lanka,LKA,1993,0.082392685
Sri Lanka,LKA,1994,0.16201651
Sri Lanka,LKA,1995,0.28230393
Sri Lanka,LKA,1996,0.38765985
Sri Lanka,LKA,1997,0.62272877
Sri Lanka,LKA,1998,0.938548
Sri Lanka,LKA,1999,1.3746618
Sri Lanka,LKA,2000,2.2298284
Sri Lanka,LKA,2001,3.406376
Sri Lanka,LKA,2002,4.702689
Sri Lanka,LKA,2003,6.983944
Sri Lanka,LKA,2004,11.007574
Sri Lanka,LKA,2005,16.628847
Sri Lanka,LKA,2006,26.593882
Sri Lanka,LKA,2007,38.958015
Sri Lanka,LKA,2008,53.721706
Sri Lanka,LKA,2009,78.55596
Sri Lanka,LKA,2010,83.1421
Sri Lanka,LKA,2011,87.19789
Sri Lanka,LKA,2012,91.32423
Sri Lanka,LKA,2013,95.1136
Sri Lanka,LKA,2014,102.67105
Sri Lanka,LKA,2015,109.984695
Sri Lanka,LKA,2016,117.73752
Sri Lanka,LKA,2017,127.66975
Sri Lanka,LKA,2018,136.08423
Sri Lanka,LKA,2019,126.51445
Sri Lanka,LKA,2020,131.77342
Sri Lanka,LKA,2021,135.5226
Sri Lanka,LKA,2022,151.72676
Sri Lanka,LKA,2023,142.2774
Sri Lanka,LKA,2024,132.54874
Sub-Saharan Africa (WB),WB_SSA,1980,0
Sub-Saharan Africa (WB),WB_SSA,1981,0
Sub-Saharan Africa (WB),WB_SSA,1982,0
Sub-Saharan Africa (WB),WB_SSA,1983,0
Sub-Saharan Africa (WB),WB_SSA,1984,0
Sub-Saharan Africa (WB),WB_SSA,1985,0
Sub-Saharan Africa (WB),WB_SSA,1986,0
Sub-Saharan Africa (WB),WB_SSA,1987,0
Sub-Saharan Africa (WB),WB_SSA,1988,0
Sub-Saharan Africa (WB),WB_SSA,1989,0.0007994579
Sub-Saharan Africa (WB),WB_SSA,1990,0.0015393273
Sub-Saharan Africa (WB),WB_SSA,1991,0.0018254938
Sub-Saharan Africa (WB),WB_SSA,1992,0.0034697754
Sub-Saharan Africa (WB),WB_SSA,1993,0.011487194
Sub-Saharan Africa (WB),WB_SSA,1994,0.07064017
Sub-Saharan Africa (WB),WB_SSA,1995,0.1030207
Sub-Saharan Africa (WB),WB_SSA,1996,0.18060689
Sub-Saharan Africa (WB),WB_SSA,1997,0.3407434
Sub-Saharan Africa (WB),WB_SSA,1998,0.6131599
Sub-Saharan Africa (WB),WB_SSA,1999,0.99787694
Sub-Saharan Africa (WB),WB_SSA,2000,1.7207674
Sub-Saharan Africa (WB),WB_SSA,2001,2.496604
Sub-Saharan Africa (WB),WB_SSA,2002,3.5801473
Sub-Saharan Africa (WB),WB_SSA,2003,4.9578342
Sub-Saharan Africa (WB),WB_SSA,2004,7.3887053
Sub-Saharan Africa (WB),WB_SSA,2005,11.99051
Sub-Saharan Africa (WB),WB_SSA,2006,17.67825
Sub-Saharan Africa (WB),WB_SSA,2007,23.055832
Sub-Saharan Africa (WB),WB_SSA,2008,31.696676
Sub-Saharan Africa (WB),WB_SSA,2009,37.411415
Sub-Saharan Africa (WB),WB_SSA,2010,44.093983
Sub-Saharan Africa (WB),WB_SSA,2011,52.163414
Sub-Saharan Africa (WB),WB_SSA,2012,58.582508
Sub-Saharan Africa (WB),WB_SSA,2013,64.71107
Sub-Saharan Africa (WB),WB_SSA,2014,69.37849
Sub-Saharan Africa (WB),WB_SSA,2015,73.3
Sub-Saharan Africa (WB),WB_SSA,2016,71.5
Sub-Saharan Africa (WB),WB_SSA,2017,70.8
Sub-Saharan Africa (WB),WB_SSA,2018,74.4
Sub-Saharan Africa (WB),WB_SSA,2019,77.4
Sub-Saharan Africa (WB),WB_SSA,2020,80.8
Sub-Saharan Africa (WB),WB_SSA,2021,83
Sub-Saharan Africa (WB),WB_SSA,2022,87.6
Sub-Saharan Africa (WB),WB_SSA,2023,90
Sub-Saharan Africa (WB),WB_SSA,2024,89.2
Sub-Saharan Africa (WB),WB_SSA,2025,90.4
Sudan,SDN,1980,0
Sudan,SDN,1981,0
Sudan,SDN,1982,0
Sudan,SDN,1983,0
Sudan,SDN,1984,0
Sudan,SDN,1985,0
Sudan,SDN,1986,0
Sudan,SDN,1987,0
Sudan,SDN,1988,0
Sudan,SDN,1989,0
Sudan,SDN,1990,0
Sudan,SDN,1991,0
Sudan,SDN,1992,0
Sudan,SDN,1993,0
Sudan,SDN,1994,0
Sudan,SDN,1995,0
Sudan,SDN,1996,0.00921958
Sudan,SDN,1997,0.015539144
Sudan,SDN,1998,0.034359947
Sudan,SDN,1999,0.050713576
Sudan,SDN,2000,0.08268401
Sudan,SDN,2001,0.36415765
Sudan,SDN,2002,0.65270716
Sudan,SDN,2003,1.7635549
Sudan,SDN,2004,3.4315228
Sudan,SDN,2005,5.8470798
Sudan,SDN,2006,14.638232
Sudan,SDN,2007,25.082584
Sudan,SDN,2008,35.663445
Sudan,SDN,2009,44.37457
Sudan,SDN,2010,51.090042
Sudan,SDN,2011,69.329346
Sudan,SDN,2012,74.90849
Sudan,SDN,2013,73.19638
Sudan,SDN,2014,71.597725
Sudan,SDN,2015,69.803635
Sudan,SDN,2016,67.395454
Sudan,SDN,2017,67.05982
Sudan,SDN,2018,68.053375
Sudan,SDN,2019,72.48185
Sudan,SDN,2020,75.22074
Sudan,SDN,2021,71.76723
Sudan,SDN,2022,70.208405
Suriname,SUR,1980,0
Suriname,SUR,1981,0
Suriname,SUR,1982,0
Suriname,SUR,1983,0
Suriname,SUR,1984,0
Suriname,SUR,1985,0
Suriname,SUR,1986,0
Suriname,SUR,1987,0
Suriname,SUR,1988,0
Suriname,SUR,1989,0
Suriname,SUR,1990,0
Suriname,SUR,1991,0
Suriname,SUR,1992,0
Suriname,SUR,1993,0.25522345
Suriname,SUR,1994,0.32399637
Suriname,SUR,1995,0.3882713
Suriname,SUR,1996,0.54434764
Suriname,SUR,1997,0.49858022
Suriname,SUR,1998,1.3009232
Suriname,SUR,1999,3.7197795
Suriname,SUR,2000,8.6118965
Suriname,SUR,2001,17.88063
Suriname,SUR,2002,21.823135
Suriname,SUR,2003,33.277515
Suriname,SUR,2004,41.41068
Suriname,SUR,2005,44.82557
Suriname,SUR,2006,60.95273
Suriname,SUR,2007,71.560936
Suriname,SUR,2008,122.3103
Suriname,SUR,2009,140.5366
Suriname,SUR,2010,94.77072
Suriname,SUR,2011,95.91079
Suriname,SUR,2012,101.143906
Suriname,SUR,2013,152.6484
Suriname,SUR,2014,161.25192
Suriname,SUR,2015,129.02736
Suriname,SUR,2016,137.28139
Suriname,SUR,2017,134.04979
Suriname,SUR,2018,125.48018
Suriname,SUR,2019,134.34912
Suriname,SUR,2020,146.87474
Suriname,SUR,2021,146.65413
Suriname,SUR,2022,149.05226
Suriname,SUR,2023,157.24614
Suriname,SUR,2024,142.12262
Sweden,SWE,1980,0
Sweden,SWE,1981,0.24453904
Sweden,SWE,1982,0.32654244
Sweden,SWE,1983,0.434393
Sweden,SWE,1984,0.6918169
Sweden,SWE,1985,0.87009245
Sweden,SWE,1986,1.3385972
Sweden,SWE,1987,2.0502503
Sweden,SWE,1988,2.8695805
Sweden,SWE,1989,4.103477
Sweden,SWE,1990,5.395158
Sweden,SWE,1991,6.611459
Sweden,SWE,1992,7.5923533
Sweden,SWE,1993,8.919313
Sweden,SWE,1994,15.830874
Sweden,SWE,1995,22.926311
Sweden,SWE,1996,28.364939
Sweden,SWE,1997,35.97919
Sweden,SWE,1998,46.541748
Sweden,SWE,1999,57.92826
Sweden,SWE,2000,71.82403
Sweden,SWE,2001,80.68775
Sweden,SWE,2002,89.06396
Sweden,SWE,2003,98.24265
Sweden,SWE,2004,97.678314
Sweden,SWE,2005,100.822044
Sweden,SWE,2006,105.79671
Sweden,SWE,2007,110.58755
Sweden,SWE,2008,108.61289
Sweden,SWE,2009,112.27328
Sweden,SWE,2010,117.21193
Sweden,SWE,2011,121.21852
Sweden,SWE,2012,124.4652
Sweden,SWE,2013,125.14159
Sweden,SWE,2014,126.98003
Sweden,SWE,2015,128.97446
Sweden,SWE,2016,126.401634
Sweden,SWE,2017,124.47291
Sweden,SWE,2018,124.08628
Sweden,SWE,2019,125.456726
Sweden,SWE,2020,123.54866
Sweden,SWE,2021,124.961494
Sweden,SWE,2022,140.78166
Sweden,SWE,2023,140.26569
Sweden,SWE,2024,140.68668
Switzerland,CHE,1980,0
Switzerland,CHE,1981,0
Switzerland,CHE,1982,0
Switzerland,CHE,1983,0
Switzerland,CHE,1984,0
Switzerland,CHE,1985,0
Switzerland,CHE,1986,0
Switzerland,CHE,1987,0.08365865
Switzerland,CHE,1988,0.46670008
Switzerland,CHE,1989,1.0943835
Switzerland,CHE,1990,1.8631216
Switzerland,CHE,1991,2.5687551
Switzerland,CHE,1992,3.1289887
Switzerland,CHE,1993,3.7153764
Switzerland,CHE,1994,4.7509575
Switzerland,CHE,1995,6.353341
Switzerland,CHE,1996,9.374002
Switzerland,CHE,1997,14.73655
Switzerland,CHE,1998,23.895782
Switzerland,CHE,1999,42.80908
Switzerland,CHE,2000,64.5673
Switzerland,CHE,2001,73.00727
Switzerland,CHE,2002,78.80888
Switzerland,CHE,2003,84.39415
Switzerland,CHE,2004,84.9756
Switzerland,CHE,2005,91.95904
Switzerland,CHE,2006,99.433685
Switzerland,CHE,2007,108.793495
Switzerland,CHE,2008,116.4227
Switzerland,CHE,2009,120.48343
Switzerland,CHE,2010,123.23615
Switzerland,CHE,2011,127.39654
Switzerland,CHE,2012,132.03116
Switzerland,CHE,2013,136.55124
Switzerland,CHE,2014,136.13773
Switzerland,CHE,2015,135.72307
Switzerland,CHE,2016,134.23567
Switzerland,CHE,2017,131.1697
Switzerland,CHE,2018,126.681145
Switzerland,CHE,2019,126.92064
Switzerland,CHE,2020,127.37637
Switzerland,CHE,2021,123.212364
Switzerland,CHE,2022,123.97123
Switzerland,CHE,2023,130.22188
Switzerland,CHE,2024,129.47137
Syria,SYR,1980,0
Syria,SYR,1981,0
Syria,SYR,1982,0
Syria,SYR,1983,0
Syria,SYR,1984,0
Syria,SYR,1985,0
Syria,SYR,1986,0
Syria,SYR,1987,0
Syria,SYR,1988,0
Syria,SYR,1989,0
Syria,SYR,1990,0
Syria,SYR,1991,0
Syria,SYR,1992,0
Syria,SYR,1993,0
Syria,SYR,1994,0
Syria,SYR,1995,0
Syria,SYR,1996,0
Syria,SYR,1997,0
Syria,SYR,1998,0
Syria,SYR,1999,0.02515533
Syria,SYR,2000,0.18031135
Syria,SYR,2001,1.1729285
Syria,SYR,2002,2.289858
Syria,SYR,2003,6.624073
Syria,SYR,2004,12.793892
Syria,SYR,2005,15.679737
Syria,SYR,2006,23.807072
Syria,SYR,2007,29.853691
Syria,SYR,2008,32.612194
Syria,SYR,2009,45.601654
Syria,SYR,2010,52.022865
Syria,SYR,2011,56.460114
Syria,SYR,2012,57.03047
Syria,SYR,2013,56.72773
Syria,SYR,2014,69.25118
Syria,SYR,2015,73.68109
Syria,SYR,2016,69.55286
Syria,SYR,2017,80.03259
Syria,SYR,2018,87.49521
Syria,SYR,2019,87.12973
Syria,SYR,2020,79.14824
Syria,SYR,2021,78.55583
Syria,SYR,2022,78.656784
Syria,SYR,2023,72.44058
Syria,SYR,2024,71.223145
Tajikistan,TJK,1980,0
Tajikistan,TJK,1981,0
Tajikistan,TJK,1982,0
Tajikistan,TJK,1983,0
Tajikistan,TJK,1984,0
Tajikistan,TJK,1985,0
Tajikistan,TJK,1986,0
Tajikistan,TJK,1987,0
Tajikistan,TJK,1988,0
Tajikistan,TJK,1989,0
Tajikistan,TJK,1990,0
Tajikistan,TJK,1991,0
Tajikistan,TJK,1992,0
Tajikistan,TJK,1993,0
Tajikistan,TJK,1994,0
Tajikistan,TJK,1995,0
Tajikistan,TJK,1996,0.001689973
Tajikistan,TJK,1997,0.005231264
Tajikistan,TJK,1998,0.006821721
Tajikistan,TJK,1999,0.01009764
Tajikistan,TJK,2000,0.01845742
Tajikistan,TJK,2001,0.025439426
Tajikistan,TJK,2002,0.2020923
Tajikistan,TJK,2003,0.715123
Tajikistan,TJK,2004,1.9880579
Tajikistan,TJK,2005,3.8268695
Tajikistan,TJK,2006,30.46376
Tajikistan,TJK,2007,29.644545
Tajikistan,TJK,2008,50.05885
Tajikistan,TJK,2009,65.41855
Tajikistan,TJK,2010,77.63634
Tajikistan,TJK,2011,80.820114
Tajikistan,TJK,2012,81.4566
Tajikistan,TJK,2013,91.728775
Tajikistan,TJK,2014,94.93858
Tajikistan,TJK,2015,98.208664
Tajikistan,TJK,2016,106.02742
Tajikistan,TJK,2017,109.00351
Tajikistan,TJK,2018,107.44216
Tajikistan,TJK,2019,115.37292
Tajikistan,TJK,2020,62.282623
Tajikistan,TJK,2021,64.08747
Tajikistan,TJK,2022,63.844208
Tajikistan,TJK,2023,76.21589
Tanzania,TZA,1980,0
Tanzania,TZA,1981,0
Tanzania,TZA,1982,0
Tanzania,TZA,1983,0
Tanzania,TZA,1984,0
Tanzania,TZA,1985,0
Tanzania,TZA,1986,0
Tanzania,TZA,1987,0
Tanzania,TZA,1988,0
Tanzania,TZA,1989,0
Tanzania,TZA,1990,0
Tanzania,TZA,1991,0
Tanzania,TZA,1992,0
Tanzania,TZA,1993,0
Tanzania,TZA,1994,0.001253449
Tanzania,TZA,1995,0.011452853
Tanzania,TZA,1996,0.02902308
Tanzania,TZA,1997,0.0635503
Tanzania,TZA,1998,0.116285846
Tanzania,TZA,1999,0.1520906
Tanzania,TZA,2000,0.3225848
Tanzania,TZA,2001,0.78287876
Tanzania,TZA,2002,1.6800584
Tanzania,TZA,2003,3.4996376
Tanzania,TZA,2004,5.09582
Tanzania,TZA,2005,7.5646834
Tanzania,TZA,2006,13.919875
Tanzania,TZA,2007,19.915285
Tanzania,TZA,2008,30.553371
Tanzania,TZA,2009,40.036423
Tanzania,TZA,2010,46.8824
Tanzania,TZA,2011,55.761044
Tanzania,TZA,2012,57.45585
Tanzania,TZA,2013,56.207504
Tanzania,TZA,2014,63.280434
Tanzania,TZA,2015,76.24926
Tanzania,TZA,2016,74.39837
Tanzania,TZA,2017,71.79117
Tanzania,TZA,2018,75.730194
Tanzania,TZA,2019,80.58356
Tanzania,TZA,2020,84.00506
Tanzania,TZA,2021,86.01628
Tanzania,TZA,2022,93.015976
Tanzania,TZA,2023,105.40028
Tanzania,TZA,2024,126.559166
Thailand,THA,1980,0
Thailand,THA,1981,0
Thailand,THA,1982,0
Thailand,THA,1983,0
Thailand,THA,1984,0
Thailand,THA,1985,0
Thailand,THA,1986,0.001592873
Thailand,THA,1987,0.011208254
Thailand,THA,1988,0.03288276
Thailand,THA,1989,0.07351446
Thailand,THA,1990,0.1144755
Thailand,THA,1991,0.22023404
Thailand,THA,1992,0.44009188
Thailand,THA,1993,0.7157927
Thailand,THA,1994,1.2579472
Thailand,THA,1995,2.1839793
Thailand,THA,1996,3.0635998
Thailand,THA,1997,3.6136043
Thailand,THA,1998,3.2017977
Thailand,THA,1999,3.7464793
Thailand,THA,2000,4.850192
Thailand,THA,2001,11.861531
Thailand,THA,2002,27.152416
Thailand,THA,2003,33.324375
Thailand,THA,2004,41.198936
Thailand,THA,2005,46.139698
Thailand,THA,2006,60.2777
Thailand,THA,2007,78.945015
Thailand,THA,2008,91.44827
Thailand,THA,2009,96.81631
Thailand,THA,2010,104.58862
Thailand,THA,2011,112.2332
Thailand,THA,2012,122.43199
Thailand,THA,2013,134.36731
Thailand,THA,2014,138.28114
Thailand,THA,2015,145.93257
Thailand,THA,2016,168.88127
Thailand,THA,2017,170.7837
Thailand,THA,2018,175.266
Thailand,THA,2019,181.22188
Thailand,THA,2020,162.32774
Thailand,THA,2021,168.48529
Thailand,THA,2022,176.2228
Thailand,THA,2023,168.6428
Thailand,THA,2024,160.63931
Togo,TGO,1980,0
Togo,TGO,1981,0
Togo,TGO,1982,0
Togo,TGO,1983,0
Togo,TGO,1984,0
Togo,TGO,1985,0
Togo,TGO,1986,0
Togo,TGO,1987,0
Togo,TGO,1988,0
Togo,TGO,1989,0
Togo,TGO,1990,0
Togo,TGO,1991,0
Togo,TGO,1992,0
Togo,TGO,1993,0
Togo,TGO,1994,0
Togo,TGO,1995,0
Togo,TGO,1996,0
Togo,TGO,1997,0.06521431
Togo,TGO,1998,0.15861948
Togo,TGO,1999,0.34922355
Togo,TGO,2000,0.9727557
Togo,TGO,2001,1.800135
Togo,TGO,2002,3.0506122
Togo,TGO,2003,4.38771
Togo,TGO,2004,5.8380504
Togo,TGO,2005,7.4193735
Togo,TGO,2006,11.779057
Togo,TGO,2007,19.234856
Togo,TGO,2008,24.330158
Togo,TGO,2009,33.384907
Togo,TGO,2010,38.652035
Togo,TGO,2011,38.969784
Togo,TGO,2012,46.64642
Togo,TGO,2013,58.513855
Togo,TGO,2014,60.43686
Togo,TGO,2015,63.357464
Togo,TGO,2016,70.058815
Togo,TGO,2017,75.335724
Togo,TGO,2018,74.39971
Togo,TGO,2019,73.72247
Togo,TGO,2020,75.16402
Togo,TGO,2021,70.44968
Togo,TGO,2022,72.21475
Togo,TGO,2023,75.79068
Togo,TGO,2024,80.80356
Tonga,TON,1980,0
Tonga,TON,1981,0
Tonga,TON,1982,0
Tonga,TON,1983,0
Tonga,TON,1984,0
Tonga,TON,1985,0
Tonga,TON,1986,0
Tonga,TON,1987,0
Tonga,TON,1988,0
Tonga,TON,1989,0
Tonga,TON,1990,0
Tonga,TON,1991,0
Tonga,TON,1992,0
Tonga,TON,1993,0
Tonga,TON,1994,0
Tonga,TON,1995,0.300072
Tonga,TON,1996,0.30141225
Tonga,TON,1997,0.11921556
Tonga,TON,1998,0.12827724
Tonga,TON,1999,0.13727912
Tonga,TON,2000,0.17530704
Tonga,TON,2001,0.22848734
Tonga,TON,2002,3.2289119
Tonga,TON,2003,10.721396
Tonga,TON,2004,15.608493
Tonga,TON,2005,28.268871
Tonga,TON,2006,28.282495
Tonga,TON,2007,43.592937
Tonga,TON,2008,47.161278
Tonga,TON,2009,49.438915
Tonga,TON,2010,50.55866
Tonga,TON,2011,51.129498
Tonga,TON,2012,52.112415
Tonga,TON,2013,53.699173
Tonga,TON,2014,63.784485
Tonga,TON,2015,69.270935
Tonga,TON,2016,75.81213
Tonga,TON,2017,102.45074
Tonga,TON,2018,102.245964
Tonga,TON,2019,58.772205
Tonga,TON,2020,58.654354
Tonga,TON,2021,60.980186
Tonga,TON,2022,61.725784
Trinidad and Tobago,TTO,1980,0
Trinidad and Tobago,TTO,1981,0
Trinidad and Tobago,TTO,1982,0
Trinidad and Tobago,TTO,1983,0
Trinidad and Tobago,TTO,1984,0
Trinidad and Tobago,TTO,1985,0
Trinidad and Tobago,TTO,1986,0
Trinidad and Tobago,TTO,1987,0
Trinidad and Tobago,TTO,1988,0
Trinidad and Tobago,TTO,1989,0
Trinidad and Tobago,TTO,1990,0
Trinidad and Tobago,TTO,1991,0.03337972
Trinidad and Tobago,TTO,1992,0.09933862
Trinidad and Tobago,TTO,1993,0.12975532
Trinidad and Tobago,TTO,1994,0.19970909
Trinidad and Tobago,TTO,1995,0.48576948
Trinidad and Tobago,TTO,1996,0.7258834
Trinidad and Tobago,TTO,1997,1.3002865
Trinidad and Tobago,TTO,1998,1.9890789
Trinidad and Tobago,TTO,1999,2.913127
Trinidad and Tobago,TTO,2000,12.264221
Trinidad and Tobago,TTO,2001,19.320486
Trinidad and Tobago,TTO,2002,19.727465
Trinidad and Tobago,TTO,2003,25.125101
Trinidad and Tobago,TTO,2004,48.401863
Trinidad and Tobago,TTO,2005,68.34887
Trinidad and Tobago,TTO,2006,111.783485
Trinidad and Tobago,TTO,2007,110.577515
Trinidad and Tobago,TTO,2008,131.63335
Trinidad and Tobago,TTO,2009,133.8847
Trinidad and Tobago,TTO,2010,136.60509
Trinidad and Tobago,TTO,2011,130.91199
Trinidad and Tobago,TTO,2012,134.18372
Trinidad and Tobago,TTO,2013,137.60442
Trinidad and Tobago,TTO,2014,139.36548
Trinidad and Tobago,TTO,2015,148.57205
Trinidad and Tobago,TTO,2016,150.71732
Trinidad and Tobago,TTO,2017,140.50313
Trinidad and Tobago,TTO,2018,134.14287
Trinidad and Tobago,TTO,2019,145.71579
Trinidad and Tobago,TTO,2020,134.23119
Trinidad and Tobago,TTO,2021,134.22156
Trinidad and Tobago,TTO,2022,133.63199
Trinidad and Tobago,TTO,2023,134.23056
Trinidad and Tobago,TTO,2024,118.78667
Tunisia,TUN,1980,0
Tunisia,TUN,1981,0
Tunisia,TUN,1982,0
Tunisia,TUN,1983,0
Tunisia,TUN,1984,0
Tunisia,TUN,1987,0.002844697
Tunisia,TUN,1988,0.004969767
Tunisia,TUN,1989,0.007703119
Tunisia,TUN,1990,0.011291437
Tunisia,TUN,1991,0.014368794
Tunisia,TUN,1992,0.022425344
Tunisia,TUN,1993,0.025275217
Tunisia,TUN,1994,0.029628765
Tunisia,TUN,1995,0.034269046
Tunisia,TUN,1996,0.06892493
Tunisia,TUN,1997,0.08010087
Tunisia,TUN,1998,0.40299064
Tunisia,TUN,1999,0.56454456
Tunisia,TUN,2000,1.2203358
Tunisia,TUN,2001,3.9434726
Tunisia,TUN,2002,5.7597466
Tunisia,TUN,2003,19.038921
Tunisia,TUN,2004,36.74636
Tunisia,TUN,2005,55.392147
Tunisia,TUN,2006,70.93327
Tunisia,TUN,2007,75.10863
Tunisia,TUN,2008,81.59406
Tunisia,TUN,2009,91.98497
Tunisia,TUN,2010,103.234505
Tunisia,TUN,2011,113.794014
Tunisia,TUN,2012,116.66032
Tunisia,TUN,2013,114.10065
Tunisia,TUN,2014,126.69211
Tunisia,TUN,2015,128.00858
Tunisia,TUN,2016,123.883095
Tunisia,TUN,2017,123.03406
Tunisia,TUN,2018,125.53293
Tunisia,TUN,2019,124.386925
Tunisia,TUN,2020,124.04198
Tunisia,TUN,2021,129.84608
Tunisia,TUN,2022,131.87537
Tunisia,TUN,2023,132.65369
Tunisia,TUN,2024,117.60682
Turkey,TUR,1980,0
Turkey,TUR,1981,0
Turkey,TUR,1982,0
Turkey,TUR,1983,0
Turkey,TUR,1984,0
Turkey,TUR,1985,0
Turkey,TUR,1986,0.000726746
Turkey,TUR,1987,0.009953141
Turkey,TUR,1988,0.018834688
Turkey,TUR,1989,0.029276675
Turkey,TUR,1990,0.058554076
Turkey,TUR,1991,0.086455144
Turkey,TUR,1992,0.10904579
Turkey,TUR,1993,0.14693345
Turkey,TUR,1994,0.29973978
Turkey,TUR,1995,0.7370818
Turkey,TUR,1996,1.3373501
Turkey,TUR,1997,2.6270833
Turkey,TUR,1998,5.633038
Turkey,TUR,1999,12.853427
Turkey,TUR,2000,24.659027
Turkey,TUR,2001,29.546167
Turkey,TUR,2002,34.78529
Turkey,TUR,2003,41.112816
Turkey,TUR,2004,50.59954
Turkey,TUR,2005,62.90097
Turkey,TUR,2006,75.18372
Turkey,TUR,2007,87.59759
Turkey,TUR,2008,91.9815
Turkey,TUR,2009,86.63449
Turkey,TUR,2010,84.21589
Turkey,TUR,2011,88.01666
Turkey,TUR,2012,90.00408
Turkey,TUR,2013,91.17584
Turkey,TUR,2014,92.12193
Turkey,TUR,2015,92.03271
Turkey,TUR,2016,91.928696
Turkey,TUR,2017,93.640755
Turkey,TUR,2018,94.908585
Turkey,TUR,2019,94.64981
Turkey,TUR,2020,95.39609
Turkey,TUR,2021,99.54154
Turkey,TUR,2022,103.7206
Turkey,TUR,2023,105.68404
Turkey,TUR,2024,107.82687
Turkmenistan,TKM,1980,0
Turkmenistan,TKM,1981,0
Turkmenistan,TKM,1982,0
Turkmenistan,TKM,1983,0
Turkmenistan,TKM,1984,0
Turkmenistan,TKM,1985,0
Turkmenistan,TKM,1986,0
Turkmenistan,TKM,1987,0
Turkmenistan,TKM,1988,0
Turkmenistan,TKM,1989,0
Turkmenistan,TKM,1990,0
Turkmenistan,TKM,1991,0
Turkmenistan,TKM,1992,0
Turkmenistan,TKM,1993,0
Turkmenistan,TKM,1994,0
Turkmenistan,TKM,1995,0
Turkmenistan,TKM,1996,0
Turkmenistan,TKM,1997,0.0572912
Turkmenistan,TKM,1998,0.06769689
Turkmenistan,TKM,1999,0.08886756
Turkmenistan,TKM,2000,0.1636598
Turkmenistan,TKM,2001,0.17480823
Turkmenistan,TKM,2002,0.17136094
Turkmenistan,TKM,2003,0.18888271
Turkmenistan,TKM,2004,1.0104692
Turkmenistan,TKM,2005,2.078279
Turkmenistan,TKM,2006,4.2133975
Turkmenistan,TKM,2007,7.2781587
Turkmenistan,TKM,2008,21.23749
Turkmenistan,TKM,2009,39.12417
Turkmenistan,TKM,2010,57.4662
Turkmenistan,TKM,2011,93.25376
Turkmenistan,TKM,2012,101.57447
Turkmenistan,TKM,2013,103.130974
Turkmenistan,TKM,2014,118.6134
Turkmenistan,TKM,2015,126.16297
Turkmenistan,TKM,2016,134.82617
Turkmenistan,TKM,2018,87.77297
Turkmenistan,TKM,2019,88.20994
Turkmenistan,TKM,2020,88.70295
Turkmenistan,TKM,2021,88.19294
Turks and Caicos Islands,TCA,1980,0
Turks and Caicos Islands,TCA,1981,0
Turks and Caicos Islands,TCA,1982,0
Turks and Caicos Islands,TCA,1983,0
Turks and Caicos Islands,TCA,1984,0
Turks and Caicos Islands,TCA,1985,0
Turks and Caicos Islands,TCA,1986,0
Turks and Caicos Islands,TCA,1987,0
Turks and Caicos Islands,TCA,1988,0
Turks and Caicos Islands,TCA,1989,0
Turks and Caicos Islands,TCA,1990,0
Turks and Caicos Islands,TCA,1991,0
Turks and Caicos Islands,TCA,1992,0
Turks and Caicos Islands,TCA,1993,0
Turks and Caicos Islands,TCA,1994,0
Turks and Caicos Islands,TCA,1995,0
Turks and Caicos Islands,TCA,1996,0
Turks and Caicos Islands,TCA,2002,43.948147
Turks and Caicos Islands,TCA,2003,89.11032
Turks and Caicos Islands,TCA,2004,109.752365
Tuvalu,TUV,1980,0
Tuvalu,TUV,1981,0
Tuvalu,TUV,1982,0
Tuvalu,TUV,1983,0
Tuvalu,TUV,1984,0
Tuvalu,TUV,1985,0
Tuvalu,TUV,1986,0
Tuvalu,TUV,1987,0
Tuvalu,TUV,1988,0
Tuvalu,TUV,1989,0
Tuvalu,TUV,1990,0
Tuvalu,TUV,1991,0
Tuvalu,TUV,1992,0
Tuvalu,TUV,1993,0
Tuvalu,TUV,1994,0
Tuvalu,TUV,1995,0
Tuvalu,TUV,1996,0
Tuvalu,TUV,1997,0
Tuvalu,TUV,1998,0
Tuvalu,TUV,1999,0
Tuvalu,TUV,2000,0
Tuvalu,TUV,2001,0
Tuvalu,TUV,2002,0
Tuvalu,TUV,2003,0
Tuvalu,TUV,2004,5.0937247
Tuvalu,TUV,2005,13.078471
Tuvalu,TUV,2006,15.910899
Tuvalu,TUV,2007,17.678255
Tuvalu,TUV,2009,9.559316
Tuvalu,TUV,2010,15.07443
Tuvalu,TUV,2011,19.758812
Tuvalu,TUV,2012,25.608194
Tuvalu,TUV,2013,30.90628
Tuvalu,TUV,2014,34.595776
Tuvalu,TUV,2015,60.2025
Tuvalu,TUV,2016,69.533394
Tuvalu,TUV,2017,73.60383
Tuvalu,TUV,2018,79.062416
Tuvalu,TUV,2019,85.05812
Tuvalu,TUV,2020,86.54678
Tuvalu,TUV,2021,88.28723
Tuvalu,TUV,2022,98.859085
Uganda,UGA,1980,0
Uganda,UGA,1981,0
Uganda,UGA,1982,0
Uganda,UGA,1983,0
Uganda,UGA,1984,0
Uganda,UGA,1985,0
Uganda,UGA,1986,0
Uganda,UGA,1987,0
Uganda,UGA,1988,0
Uganda,UGA,1989,0
Uganda,UGA,1990,0
Uganda,UGA,1991,0
Uganda,UGA,1992,0
Uganda,UGA,1993,0
Uganda,UGA,1994,0
Uganda,UGA,1995,0.008447436
Uganda,UGA,1996,0.018823909
Uganda,UGA,1997,0.022855122
Uganda,UGA,1998,0.13311055
Uganda,UGA,1999,0.24209546
Uganda,UGA,2000,0.52880085
Uganda,UGA,2001,1.1457355
Uganda,UGA,2002,1.5404066
Uganda,UGA,2003,2.9453754
Uganda,UGA,2004,4.2903914
Uganda,UGA,2005,4.703667
Uganda,UGA,2006,6.9765153
Uganda,UGA,2007,14.147699
Uganda,UGA,2008,28.012407
Uganda,UGA,2009,29.8359
Uganda,UGA,2010,39.604652
Uganda,UGA,2011,50.059124
Uganda,UGA,2012,47.634266
Uganda,UGA,2013,51.132317
Uganda,UGA,2014,55.957245
Uganda,UGA,2015,53.87555
Uganda,UGA,2016,58.863365
Uganda,UGA,2017,62.096813
Uganda,UGA,2018,58.875362
Uganda,UGA,2019,59.059807
Uganda,UGA,2020,62.282413
Uganda,UGA,2021,65.62207
Uganda,UGA,2022,70.140114
Uganda,UGA,2023,76.29668
Uganda,UGA,2024,83.16503
Ukraine,UKR,1980,0
Ukraine,UKR,1981,0
Ukraine,UKR,1982,0
Ukraine,UKR,1983,0
Ukraine,UKR,1984,0
Ukraine,UKR,1985,0
Ukraine,UKR,1986,0
Ukraine,UKR,1987,0
Ukraine,UKR,1988,0
Ukraine,UKR,1989,0
Ukraine,UKR,1990,0
Ukraine,UKR,1991,0
Ukraine,UKR,1992,0
Ukraine,UKR,1993,0.000126662
Ukraine,UKR,1994,0.00977526
Ukraine,UKR,1995,0.027501844
Ukraine,UKR,1996,0.059309103
Ukraine,UKR,1997,0.113968484
Ukraine,UKR,1998,0.23216742
Ukraine,UKR,1999,0.43936604
Ukraine,UKR,2000,1.675927
Ukraine,UKR,2001,4.596007
Ukraine,UKR,2002,7.6963973
Ukraine,UKR,2003,13.657727
Ukraine,UKR,2004,29.089737
Ukraine,UKR,2005,64.00536
Ukraine,UKR,2006,105.276794
Ukraine,UKR,2007,119.08761
Ukraine,UKR,2008,120.55808
Ukraine,UKR,2009,119.45642
Ukraine,UKR,2010,117.76782
Ukraine,UKR,2011,121.941605
Ukraine,UKR,2012,130.85902
Ukraine,UKR,2013,138.44113
Ukraine,UKR,2014,144.27885
Ukraine,UKR,2015,142.00304
Ukraine,UKR,2016,133.16896
Ukraine,UKR,2017,131.3565
Ukraine,UKR,2018,127.75386
Ukraine,UKR,2019,130.62944
Ukraine,UKR,2020,129.34123
Ukraine,UKR,2021,135.0257
Ukraine,UKR,2022,120.26115
Ukraine,UKR,2023,133.38013
United Arab Emirates,ARE,1982,0.1995109
United Arab Emirates,ARE,1983,0.28798324
United Arab Emirates,ARE,1984,0.37727457
United Arab Emirates,ARE,1985,0.574396
United Arab Emirates,ARE,1986,0.7619674
United Arab Emirates,ARE,1987,0.87003756
United Arab Emirates,ARE,1988,0.8209987
United Arab Emirates,ARE,1989,1.3922002
United Arab Emirates,ARE,1990,1.7671227
United Arab Emirates,ARE,1991,2.1414242
United Arab Emirates,ARE,1992,2.3116097
United Arab Emirates,ARE,1993,3.174853
United Arab Emirates,ARE,1994,3.928169
United Arab Emirates,ARE,1995,5.2986293
United Arab Emirates,ARE,1996,7.534161
United Arab Emirates,ARE,1997,11.265831
United Arab Emirates,ARE,1998,16.886547
United Arab Emirates,ARE,1999,26.868444
United Arab Emirates,ARE,2000,40.878326
United Arab Emirates,ARE,2001,51.275864
United Arab Emirates,ARE,2002,61.36411
United Arab Emirates,ARE,2003,70.89711
United Arab Emirates,ARE,2004,83.15973
United Arab Emirates,ARE,2005,97.199295
United Arab Emirates,ARE,2006,110.185326
United Arab Emirates,ARE,2007,137.45795
United Arab Emirates,ARE,2008,148.47269
United Arab Emirates,ARE,2009,159.11415
United Arab Emirates,ARE,2010,157.47258
United Arab Emirates,ARE,2011,162.89363
United Arab Emirates,ARE,2012,183.74063
United Arab Emirates,ARE,2013,205.10547
United Arab Emirates,ARE,2014,204.19183
United Arab Emirates,ARE,2015,206.83942
United Arab Emirates,ARE,2016,220.41162
United Arab Emirates,ARE,2017,214.70134
United Arab Emirates,ARE,2018,214.84213
United Arab Emirates,ARE,2019,209.03322
United Arab Emirates,ARE,2020,194.46774
United Arab Emirates,ARE,2021,186.30089
United Arab Emirates,ARE,2022,195.62459
United Arab Emirates,ARE,2023,199.42384
United Arab Emirates,ARE,2024,203.2064
United Kingdom,GBR,1980,0
United Kingdom,GBR,1981,0
United Kingdom,GBR,1982,0
United Kingdom,GBR,1983,0
United Kingdom,GBR,1984,0
United Kingdom,GBR,1985,0.08827209
United Kingdom,GBR,1986,0.22918834
United Kingdom,GBR,1987,0.51032686
United Kingdom,GBR,1988,0.98327297
United Kingdom,GBR,1989,1.7082456
United Kingdom,GBR,1990,1.947197
United Kingdom,GBR,1991,2.1966736
United Kingdom,GBR,1992,2.6204486
United Kingdom,GBR,1993,3.9342582
United Kingdom,GBR,1994,6.818272
United Kingdom,GBR,1995,9.901172
United Kingdom,GBR,1996,12.480254
United Kingdom,GBR,1997,15.17763
United Kingdom,GBR,1998,25.459322
United Kingdom,GBR,1999,46.362934
United Kingdom,GBR,2000,73.57595
United Kingdom,GBR,2001,78.06458
United Kingdom,GBR,2002,82.67949
United Kingdom,GBR,2003,90.69855
United Kingdom,GBR,2004,99.19885
United Kingdom,GBR,2005,108.04599
United Kingdom,GBR,2006,114.7857
United Kingdom,GBR,2007,119.98892
United Kingdom,GBR,2008,120.81927
United Kingdom,GBR,2009,122.3575
United Kingdom,GBR,2010,121.780846
United Kingdom,GBR,2011,121.497665
United Kingdom,GBR,2012,122.46523
United Kingdom,GBR,2013,122.18469
United Kingdom,GBR,2014,120.95826
United Kingdom,GBR,2015,121.21174
United Kingdom,GBR,2016,119.78656
United Kingdom,GBR,2017,119.20673
United Kingdom,GBR,2018,118.18438
United Kingdom,GBR,2019,120.25011
United Kingdom,GBR,2020,117.30485
United Kingdom,GBR,2021,117.88743
United Kingdom,GBR,2022,119.834
United Kingdom,GBR,2023,122.78154
United Kingdom,GBR,2024,121.64333
United States,USA,1980,0
United States,USA,1984,0.03935278
United States,USA,1985,0.14468148
United States,USA,1986,0.28706875
United States,USA,1987,0.5131702
United States,USA,1988,0.8541251
United States,USA,1989,1.4324905
United States,USA,1990,2.1295452
United States,USA,1991,3.0041113
United States,USA,1992,4.323597
United States,USA,1993,6.18652
United States,USA,1994,9.202002
United States,USA,1995,12.717606
United States,USA,1996,16.373812
United States,USA,1997,20.305882
United States,USA,1998,25.09084
United States,USA,1999,30.821161
United States,USA,2000,38.893147
United States,USA,2001,45.20197
United States,USA,2002,49.39315
United States,USA,2003,55.40963
United States,USA,2004,63.124207
United States,USA,2005,68.88351
United States,USA,2006,76.85865
United States,USA,2007,82.59227
United States,USA,2008,85.680466
United States,USA,2009,89.04614
United States,USA,2010,91.65931
United States,USA,2011,94.68297
United States,USA,2012,96.128426
United States,USA,2013,97.05953
United States,USA,2014,99.83957
United States,USA,2015,101.83196
United States,USA,2016,102.75186
United States,USA,2017,102.38056
United States,USA,2018,103.93531
United States,USA,2019,105.32074
United States,USA,2020,103.85517
United States,USA,2021,106.32452
United States,USA,2022,108.78564
United States,USA,2023,112.41091
United States,USA,2024,113.19048
United States Virgin Islands,VIR,1980,0
United States Virgin Islands,VIR,1981,0
United States Virgin Islands,VIR,1982,0
United States Virgin Islands,VIR,1983,0
United States Virgin Islands,VIR,1984,0
United States Virgin Islands,VIR,1985,0
United States Virgin Islands,VIR,1986,0
United States Virgin Islands,VIR,1987,0
United States Virgin Islands,VIR,1988,0
United States Virgin Islands,VIR,1989,0
United States Virgin Islands,VIR,1990,0
United States Virgin Islands,VIR,1997,15.125018
United States Virgin Islands,VIR,1998,23.393345
United States Virgin Islands,VIR,1999,27.822346
United States Virgin Islands,VIR,2000,32.234592
United States Virgin Islands,VIR,2001,37.779312
United States Virgin Islands,VIR,2002,41.644375
United States Virgin Islands,VIR,2003,45.57641
United States Virgin Islands,VIR,2004,59.5354
United States Virgin Islands,VIR,2005,74.62409
United States Virgin Islands,VIR,2019,89.51249
United States Virgin Islands,VIR,2020,91.21279
United States Virgin Islands,VIR,2021,91.718925
United States Virgin Islands,VIR,2022,91.46196
Upper-middle-income countries,OWID_UMC,1980,0
Upper-middle-income countries,OWID_UMC,1981,0
Upper-middle-income countries,OWID_UMC,1982,0
Upper-middle-income countries,OWID_UMC,1983,0
Upper-middle-income countries,OWID_UMC,1984,0.0000928107
Upper-middle-income countries,OWID_UMC,1985,0.00010655506
Upper-middle-income countries,OWID_UMC,1986,0.00084593554
Upper-middle-income countries,OWID_UMC,1987,0.0017844319
Upper-middle-income countries,OWID_UMC,1988,0.0033864968
Upper-middle-income countries,OWID_UMC,1989,0.0064402265
Upper-middle-income countries,OWID_UMC,1990,0.014673756
Upper-middle-income countries,OWID_UMC,1991,0.027898911
Upper-middle-income countries,OWID_UMC,1992,0.054544523
Upper-middle-income countries,OWID_UMC,1993,0.10665984
Upper-middle-income countries,OWID_UMC,1994,0.23103851
Upper-middle-income countries,OWID_UMC,1995,0.45291775
Upper-middle-income countries,OWID_UMC,1996,0.7933733
Upper-middle-income countries,OWID_UMC,1997,1.4362541
Upper-middle-income countries,OWID_UMC,1998,2.3304503
Upper-middle-income countries,OWID_UMC,1999,4.193069
Upper-middle-income countries,OWID_UMC,2015,105.5
Upper-middle-income countries,OWID_UMC,2016,109.5
Upper-middle-income countries,OWID_UMC,2017,114.3
Upper-middle-income countries,OWID_UMC,2018,116
Upper-middle-income countries,OWID_UMC,2019,121
Upper-middle-income countries,OWID_UMC,2020,119.7
Upper-middle-income countries,OWID_UMC,2021,122.9
Upper-middle-income countries,OWID_UMC,2022,124.1
Upper-middle-income countries,OWID_UMC,2023,127.5
Upper-middle-income countries,OWID_UMC,2024,129.9
Upper-middle-income countries,OWID_UMC,2025,132.4
Uruguay,URY,1980,0
Uruguay,URY,1981,0
Uruguay,URY,1982,0
Uruguay,URY,1983,0
Uruguay,URY,1984,0
Uruguay,URY,1985,0
Uruguay,URY,1986,0
Uruguay,URY,1987,0
Uruguay,URY,1988,0
Uruguay,URY,1989,0
Uruguay,URY,1990,0
Uruguay,URY,1991,0
Uruguay,URY,1992,0.054284893
Uruguay,URY,1993,0.1566644
Uruguay,URY,1994,0.21395352
Uruguay,URY,1995,1.2437739
Uruguay,URY,1996,2.436006
Uruguay,URY,1997,3.0580244
Uruguay,URY,1998,4.6385446
Uruguay,URY,1999,9.73268
Uruguay,URY,2000,12.576886
Uruguay,URY,2001,15.88122
Uruguay,URY,2002,15.661752
Uruguay,URY,2003,15.163115
Uruguay,URY,2004,18.268076
Uruguay,URY,2005,35.149223
Uruguay,URY,2006,70.83164
Uruguay,URY,2007,91.174
Uruguay,URY,2008,106.22738
Uruguay,URY,2009,124.2129
Uruguay,URY,2010,133.70653
Uruguay,URY,2011,143.00197
Uruguay,URY,2012,149.77087
Uruguay,URY,2013,157.47134
Uruguay,URY,2014,163.78268
Uruguay,URY,2015,153.36841
Uruguay,URY,2016,151.41484
Uruguay,URY,2017,150.44008
Uruguay,URY,2018,131.36333
Uruguay,URY,2019,133.23672
Uruguay,URY,2020,133.9017
Uruguay,URY,2021,138.11299
Uruguay,URY,2022,139.8288
Uruguay,URY,2023,141.71948
Uruguay,URY,2024,145.50175
Uzbekistan,UZB,1980,0
Uzbekistan,UZB,1981,0
Uzbekistan,UZB,1982,0
Uzbekistan,UZB,1983,0
Uzbekistan,UZB,1984,0
Uzbekistan,UZB,1985,0
Uzbekistan,UZB,1986,0
Uzbekistan,UZB,1987,0
Uzbekistan,UZB,1988,0
Uzbekistan,UZB,1989,0
Uzbekistan,UZB,1990,0
Uzbekistan,UZB,1991,0
Uzbekistan,UZB,1992,0
Uzbekistan,UZB,1993,0.002263886
Uzbekistan,UZB,1994,0.003997388
Uzbekistan,UZB,1995,0.016203277
Uzbekistan,UZB,1996,0.04052685
Uzbekistan,UZB,1997,0.072169
Uzbekistan,UZB,1998,0.110591784
Uzbekistan,UZB,1999,0.16416486
Uzbekistan,UZB,2000,0.21433769
Uzbekistan,UZB,2001,0.5102055
Uzbekistan,UZB,2002,0.7358273
Uzbekistan,UZB,2003,1.2477608
Uzbekistan,UZB,2004,2.0903327
Uzbekistan,UZB,2005,2.7317247
Uzbekistan,UZB,2006,9.477363
Uzbekistan,UZB,2007,21.0203
Uzbekistan,UZB,2008,45.00955
Uzbekistan,UZB,2009,58.762737
Uzbekistan,UZB,2010,73.81232
Uzbekistan,UZB,2011,88.268456
Uzbekistan,UZB,2012,69.284935
Uzbekistan,UZB,2013,72.33196
Uzbekistan,UZB,2014,71.598465
Uzbekistan,UZB,2015,70.84151
Uzbekistan,UZB,2016,74.36698
Uzbekistan,UZB,2017,76.26049
Uzbekistan,UZB,2018,71.74437
Uzbekistan,UZB,2019,101.25983
Uzbekistan,UZB,2020,99.40639
Uzbekistan,UZB,2021,102.41009
Uzbekistan,UZB,2022,105.47164
Uzbekistan,UZB,2023,106.88485
Uzbekistan,UZB,2024,110.49202
Vanuatu,VUT,1980,0
Vanuatu,VUT,1981,0
Vanuatu,VUT,1982,0
Vanuatu,VUT,1983,0
Vanuatu,VUT,1984,0
Vanuatu,VUT,1985,0
Vanuatu,VUT,1986,0
Vanuatu,VUT,1987,0
Vanuatu,VUT,1988,0
Vanuatu,VUT,1989,0
Vanuatu,VUT,1990,0
Vanuatu,VUT,1991,0
Vanuatu,VUT,1992,0
Vanuatu,VUT,1993,0
Vanuatu,VUT,1994,0.038424592
Vanuatu,VUT,1995,0.07092115
Vanuatu,VUT,1996,0.08814406
Vanuatu,VUT,1997,0.11572586
Vanuatu,VUT,1998,0.120160796
Vanuatu,VUT,1999,0.16005805
Vanuatu,VUT,2000,0.19594054
Vanuatu,VUT,2001,0.18321633
Vanuatu,VUT,2002,2.5017486
Vanuatu,VUT,2003,3.885507
Vanuatu,VUT,2004,5.1061926
Vanuatu,VUT,2005,6.0220156
Vanuatu,VUT,2006,6.946921
Vanuatu,VUT,2007,11.750031
Vanuatu,VUT,2008,15.8663
Vanuatu,VUT,2009,56.581203
Vanuatu,VUT,2010,71.326935
Vanuatu,VUT,2011,56.25077
Vanuatu,VUT,2012,58.695854
Vanuatu,VUT,2013,50.00118
Vanuatu,VUT,2014,59.964264
Vanuatu,VUT,2015,65.696106
Vanuatu,VUT,2016,80.343056
Vanuatu,VUT,2017,81.870834
Vanuatu,VUT,2018,88.14025
Vanuatu,VUT,2019,90.83309
Vanuatu,VUT,2020,82.39097
Vanuatu,VUT,2021,81.69145
Vanuatu,VUT,2022,81.62027
Vanuatu,VUT,2023,89.29431
Venezuela,VEN,1980,0
Venezuela,VEN,1981,0
Venezuela,VEN,1982,0
Venezuela,VEN,1983,0
Venezuela,VEN,1984,0
Venezuela,VEN,1985,0
Venezuela,VEN,1986,0
Venezuela,VEN,1987,0
Venezuela,VEN,1988,0.009574076
Venezuela,VEN,1989,0.019117739
Venezuela,VEN,1990,0.037578646
Venezuela,VEN,1991,0.082071714
Venezuela,VEN,1992,0.37950847
Venezuela,VEN,1993,0.8624558
Venezuela,VEN,1994,1.4740653
Venezuela,VEN,1995,1.8265471
Venezuela,VEN,1996,2.577074
Venezuela,VEN,1997,4.6528363
Venezuela,VEN,1998,8.550768
Venezuela,VEN,1999,15.791469
Venezuela,VEN,2000,22.209145
Venezuela,VEN,2001,25.911146
Venezuela,VEN,2002,25.719368
Venezuela,VEN,2003,27.093042
Venezuela,VEN,2004,31.969294
Venezuela,VEN,2005,46.650536
Venezuela,VEN,2006,69.01628
Venezuela,VEN,2007,86.15075
Venezuela,VEN,2008,97.721085
Venezuela,VEN,2009,98.893295
Venezuela,VEN,2010,96.762
Venezuela,VEN,2011,98.61843
Venezuela,VEN,2012,103.43525
Venezuela,VEN,2013,103.28923
Venezuela,VEN,2014,100.90547
Venezuela,VEN,2015,95.15779
Venezuela,VEN,2016,89.713135
Venezuela,VEN,2017,80.135544
Venezuela,VEN,2018,69.549965
Venezuela,VEN,2019,63.847443
Venezuela,VEN,2020,58.162567
Venezuela,VEN,2021,60.23449
Venezuela,VEN,2022,66.466774
Venezuela,VEN,2023,70.219734
Venezuela,VEN,2024,71.00759
Vietnam,VNM,1980,0
Vietnam,VNM,1981,0
Vietnam,VNM,1982,0
Vietnam,VNM,1983,0
Vietnam,VNM,1984,0
Vietnam,VNM,1985,0
Vietnam,VNM,1986,0
Vietnam,VNM,1987,0
Vietnam,VNM,1988,0
Vietnam,VNM,1989,0
Vietnam,VNM,1990,0
Vietnam,VNM,1991,0
Vietnam,VNM,1992,0.001146317
Vietnam,VNM,1993,0.005704137
Vietnam,VNM,1994,0.01724112
Vietnam,VNM,1995,0.03186047
Vietnam,VNM,1996,0.091945656
Vietnam,VNM,1997,0.21096496
Vietnam,VNM,1998,0.2887392
Vietnam,VNM,1999,0.42070583
Vietnam,VNM,2000,1.0220584
Vietnam,VNM,2001,1.6047266
Vietnam,VNM,2002,2.4150493
Vietnam,VNM,2003,3.446292
Vietnam,VNM,2004,6.1738405
Vietnam,VNM,2005,11.830558
Vietnam,VNM,2006,22.992533
Vietnam,VNM,2007,53.835026
Vietnam,VNM,2008,87.903275
Vietnam,VNM,2009,113.60625
Vietnam,VNM,2010,127.57419
Vietnam,VNM,2011,143.91373
Vietnam,VNM,2012,147.10446
Vietnam,VNM,2013,136.61401
Vietnam,VNM,2014,148.5043
Vietnam,VNM,2015,129.62706
Vietnam,VNM,2016,128.29796
Vietnam,VNM,2017,126.097916
Vietnam,VNM,2018,146.13785
Vietnam,VNM,2019,140.19257
Vietnam,VNM,2020,141.65556
Vietnam,VNM,2021,136.80632
Vietnam,VNM,2022,137.85242
Vietnam,VNM,2023,130.99142
Vietnam,VNM,2024,127.60647
World,OWID_WRL,1980,0.00053235854
World,OWID_WRL,1981,0.0014908091
World,OWID_WRL,1982,0.0023355952
World,OWID_WRL,1983,0.0033919048
World,OWID_WRL,1984,0.0068745855
World,OWID_WRL,1985,0.015903398
World,OWID_WRL,1986,0.029605433
World,OWID_WRL,1987,0.05098624
World,OWID_WRL,1988,0.08511321
World,OWID_WRL,1989,0.14208968
World,OWID_WRL,1990,0.21159427
World,OWID_WRL,1991,0.30229914
World,OWID_WRL,1992,0.4277416
World,OWID_WRL,1993,0.6191753
World,OWID_WRL,1994,0.991495
World,OWID_WRL,1995,1.5862496
World,OWID_WRL,1996,2.4996634
World,OWID_WRL,1997,3.6552563
World,OWID_WRL,1998,5.333583
World,OWID_WRL,1999,8.123129
World,OWID_WRL,2005,33.9
World,OWID_WRL,2006,41.7
World,OWID_WRL,2007,50.6
World,OWID_WRL,2008,59.7
World,OWID_WRL,2009,68
World,OWID_WRL,2010,76.6
World,OWID_WRL,2011,84.2
World,OWID_WRL,2012,88.5
World,OWID_WRL,2013,93.1
World,OWID_WRL,2014,96.7
World,OWID_WRL,2015,96.1
World,OWID_WRL,2016,99.3
World,OWID_WRL,2017,101.4
World,OWID_WRL,2018,103.1
World,OWID_WRL,2019,105.9
World,OWID_WRL,2020,104.8
World,OWID_WRL,2021,106.7
World,OWID_WRL,2022,108
World,OWID_WRL,2023,109.8
World,OWID_WRL,2024,110.4
World,OWID_WRL,2025,111.5
Yemen,YEM,1980,0
Yemen,YEM,1981,0
Yemen,YEM,1982,0
Yemen,YEM,1983,0
Yemen,YEM,1984,0
Yemen,YEM,1985,0
Yemen,YEM,1986,0
Yemen,YEM,1987,0
Yemen,YEM,1988,0
Yemen,YEM,1989,0
Yemen,YEM,1990,0
Yemen,YEM,1991,0
Yemen,YEM,1992,0.010738704
Yemen,YEM,1993,0.034494154
Yemen,YEM,1994,0.052664503
Yemen,YEM,1995,0.05123161
Yemen,YEM,1996,0.053026527
Yemen,YEM,1997,0.07157185
Yemen,YEM,1998,0.091696255
Yemen,YEM,1999,0.15278876
Yemen,YEM,2000,0.16327849
Yemen,YEM,2001,0.73092026
Yemen,YEM,2002,2.3358052
Yemen,YEM,2003,3.1466725
Yemen,YEM,2004,6.680194
Yemen,YEM,2005,9.99364
Yemen,YEM,2006,12.64822
Yemen,YEM,2007,17.883812
Yemen,YEM,2008,25.665081
Yemen,YEM,2009,32.062206
Yemen,YEM,2010,41.432457
Yemen,YEM,2011,42.301575
Yemen,YEM,2012,48.885746
Yemen,YEM,2013,57.465042
Yemen,YEM,2014,56.57323
Yemen,YEM,2015,48.210052
Yemen,YEM,2016,51.17895
Yemen,YEM,2017,46.41112
Yemen,YEM,2018,44.881054
Yemen,YEM,2019,43.399
Yemen,YEM,2020,42.003757
Yemen,YEM,2021,47.80902
Yemen,YEM,2022,46.453434
Yemen,YEM,2023,50.89378
Zambia,ZMB,1980,0
Zambia,ZMB,1981,0
Zambia,ZMB,1982,0
Zambia,ZMB,1983,0
Zambia,ZMB,1984,0
Zambia,ZMB,1985,0
Zambia,ZMB,1986,0
Zambia,ZMB,1987,0
Zambia,ZMB,1988,0
Zambia,ZMB,1989,0
Zambia,ZMB,1990,0
Zambia,ZMB,1991,0
Zambia,ZMB,1992,0
Zambia,ZMB,1993,0
Zambia,ZMB,1994,0
Zambia,ZMB,1995,0.017814096
Zambia,ZMB,1996,0.0305661
Zambia,ZMB,1997,0.049818486
Zambia,ZMB,1998,0.088130824
Zambia,ZMB,1999,0.29299763
Zambia,ZMB,2000,0.9867902
Zambia,ZMB,2001,1.1738288
Zambia,ZMB,2002,1.3062798
Zambia,ZMB,2003,2.1941814
Zambia,ZMB,2004,4.0954833
Zambia,ZMB,2005,8.102856
Zambia,ZMB,2006,13.713019
Zambia,ZMB,2007,21.00285
Zambia,ZMB,2008,27.178518
Zambia,ZMB,2009,32.665344
Zambia,ZMB,2010,39.00293
Zambia,ZMB,2011,56.54986
Zambia,ZMB,2012,70.57086
Zambia,ZMB,2013,67.5096
Zambia,ZMB,2014,63.634266
Zambia,ZMB,2015,70.477844
Zambia,ZMB,2016,71.046074
Zambia,ZMB,2017,77.05001
Zambia,ZMB,2018,86.072334
Zambia,ZMB,2019,93.014786
Zambia,ZMB,2020,100.23512
Zambia,ZMB,2021,103.28258
Zambia,ZMB,2022,98.43726
Zambia,ZMB,2023,102.06156
Zambia,ZMB,2024,108.70478
Zimbabwe,ZWE,1980,0
Zimbabwe,ZWE,1981,0
Zimbabwe,ZWE,1982,0
Zimbabwe,ZWE,1983,0
Zimbabwe,ZWE,1984,0
Zimbabwe,ZWE,1985,0
Zimbabwe,ZWE,1986,0
Zimbabwe,ZWE,1987,0
Zimbabwe,ZWE,1988,0
Zimbabwe,ZWE,1989,0
Zimbabwe,ZWE,1990,0
Zimbabwe,ZWE,1991,0
Zimbabwe,ZWE,1992,0
Zimbabwe,ZWE,1993,0
Zimbabwe,ZWE,1994,0
Zimbabwe,ZWE,1995,0
Zimbabwe,ZWE,1996,0
Zimbabwe,ZWE,1997,0.050464682
Zimbabwe,ZWE,1998,0.16452546
Zimbabwe,ZWE,1999,1.485091
Zimbabwe,ZWE,2000,2.240496
Zimbabwe,ZWE,2001,2.622825
Zimbabwe,ZWE,2002,2.8026865
Zimbabwe,ZWE,2003,2.9728694
Zimbabwe,ZWE,2004,3.4428966
Zimbabwe,ZWE,2005,5.1837506
Zimbabwe,ZWE,2006,6.719817
Zimbabwe,ZWE,2007,9.572387
Zimbabwe,ZWE,2008,12.768747
Zimbabwe,ZWE,2009,30.366459
Zimbabwe,ZWE,2010,57.649628
Zimbabwe,ZWE,2011,67.66983
Zimbabwe,ZWE,2012,91.287
Zimbabwe,ZWE,2013,97.28381
Zimbabwe,ZWE,2014,83.04606
Zimbabwe,ZWE,2015,88.5992
Zimbabwe,ZWE,2016,88.210045
Zimbabwe,ZWE,2017,95.13668
Zimbabwe,ZWE,2018,85.86274
Zimbabwe,ZWE,2019,86.40943
Zimbabwe,ZWE,2020,84.96041
Zimbabwe,ZWE,2021,90.253845
Zimbabwe,ZWE,2022,88.995834
Zimbabwe,ZWE,2023,91.634415
Zimbabwe,ZWE,2024,94.24518