Entity,Code,Year,Share of the population using the Internet
Afghanistan,AFG,1990,0
Afghanistan,AFG,2001,0.004722568
Afghanistan,AFG,2002,0.0045613954
Afghanistan,AFG,2003,0.08789125
Afghanistan,AFG,2004,0.10580903
Afghanistan,AFG,2005,1.224148
Afghanistan,AFG,2006,2.1071236
Afghanistan,AFG,2007,1.9
Afghanistan,AFG,2008,1.84
Afghanistan,AFG,2009,3.55
Afghanistan,AFG,2010,4
Afghanistan,AFG,2011,5
Afghanistan,AFG,2012,5.4545
Afghanistan,AFG,2013,5.9
Afghanistan,AFG,2014,7
Afghanistan,AFG,2015,8.26
Afghanistan,AFG,2016,11
Afghanistan,AFG,2017,13.5
Afghanistan,AFG,2018,16.8
Afghanistan,AFG,2019,17.6
Afghanistan,AFG,2020,17.0485
Afghanistan,AFG,2021,16.5143
Afghanistan,AFG,2022,15.8663
Afghanistan,AFG,2023,15.9284
Afghanistan,AFG,2024,16.095
Albania,ALB,1990,0
Albania,ALB,1995,0.0112
Albania,ALB,1996,0.0322
Albania,ALB,1997,0.0486
Albania,ALB,1998,0.065
Albania,ALB,1999,0.0814
Albania,ALB,2000,0.11409735
Albania,ALB,2001,0.32579836
Albania,ALB,2002,0.3900813
Albania,ALB,2003,0.9719004
Albania,ALB,2004,2.4203877
Albania,ALB,2005,6.043891
Albania,ALB,2006,9.61
Albania,ALB,2007,15.0361
Albania,ALB,2008,23.86
Albania,ALB,2009,41.2
Albania,ALB,2010,45
Albania,ALB,2011,47
Albania,ALB,2012,49.4
Albania,ALB,2013,51.8
Albania,ALB,2014,54.3
Albania,ALB,2015,56.9
Albania,ALB,2016,59.6
Albania,ALB,2017,62.4
Albania,ALB,2018,65.4
Albania,ALB,2019,68.55039
Albania,ALB,2020,72.23768
Albania,ALB,2021,79.323715
Albania,ALB,2022,82.61368
Albania,ALB,2023,83.13559
Albania,ALB,2024,85.8639
Algeria,DZA,1990,0
Algeria,DZA,1994,0.000361
Algeria,DZA,1995,0.00177
Algeria,DZA,1996,0.00174
Algeria,DZA,1997,0.0103
Algeria,DZA,1998,0.0202
Algeria,DZA,1999,0.2
Algeria,DZA,2000,0.4917057
Algeria,DZA,2001,0.646114
Algeria,DZA,2002,1.5916413
Algeria,DZA,2003,2.1953597
Algeria,DZA,2004,4.634475
Algeria,DZA,2005,5.8439
Algeria,DZA,2006,7.375985
Algeria,DZA,2007,9.451191
Algeria,DZA,2008,10.18
Algeria,DZA,2009,11.23
Algeria,DZA,2010,12.5
Algeria,DZA,2011,14.9
Algeria,DZA,2012,18.2
Algeria,DZA,2013,22.5
Algeria,DZA,2014,29.5
Algeria,DZA,2015,38.2
Algeria,DZA,2016,42.9455
Algeria,DZA,2017,47.6911
Algeria,DZA,2018,49.038467
Algeria,DZA,2019,55.7907
Algeria,DZA,2020,63.4727
Algeria,DZA,2021,72.2124
Algeria,DZA,2022,74.7815
Algeria,DZA,2023,76.1976
Algeria,DZA,2024,77.4178
American Samoa,ASM,1990,0
Andorra,AND,1990,0
Andorra,AND,1996,1.53
Andorra,AND,1997,3.05
Andorra,AND,1998,6.89
Andorra,AND,1999,7.64
Andorra,AND,2000,10.538836
Andorra,AND,2002,11.2604685
Andorra,AND,2003,13.546412
Andorra,AND,2004,26.837954
Andorra,AND,2005,37.605766
Andorra,AND,2006,48.936848
Andorra,AND,2007,70.87
Andorra,AND,2008,70.04
Andorra,AND,2009,78.53
Andorra,AND,2010,81
Andorra,AND,2011,81
Andorra,AND,2012,82.7
Andorra,AND,2013,84.4
Andorra,AND,2014,86.1
Andorra,AND,2015,87.9
Andorra,AND,2016,89.7
Andorra,AND,2017,91.56747
Andorra,AND,2018,93.5
Andorra,AND,2019,90.7187
Andorra,AND,2020,93.2057
Andorra,AND,2021,93.8975
Andorra,AND,2022,94.0517
Andorra,AND,2023,94.215
Andorra,AND,2024,94.3976
Angola,AGO,1990,0
Angola,AGO,1996,0.000776
Angola,AGO,1997,0.00567
Angola,AGO,1998,0.0185
Angola,AGO,1999,0.072
Angola,AGO,2000,0.105045564
Angola,AGO,2001,0.13601387
Angola,AGO,2002,0.27037674
Angola,AGO,2003,0.37068206
Angola,AGO,2004,0.4648146
Angola,AGO,2005,1.1434
Angola,AGO,2006,1.5
Angola,AGO,2007,1.7
Angola,AGO,2008,1.9
Angola,AGO,2009,2.3
Angola,AGO,2010,2.8
Angola,AGO,2011,4.7
Angola,AGO,2012,7.7
Angola,AGO,2013,13
Angola,AGO,2014,21.36234
Angola,AGO,2015,22
Angola,AGO,2016,23.2
Angola,AGO,2017,26
Angola,AGO,2018,29
Angola,AGO,2019,32.1294
Angola,AGO,2020,33.3209
Angola,AGO,2021,34.5565
Angola,AGO,2022,35.838
Angola,AGO,2023,37.8859
Angola,AGO,2024,40.7048
Antigua and Barbuda,ATG,1990,0
Antigua and Barbuda,ATG,1995,2.2
Antigua and Barbuda,ATG,1996,2.86
Antigua and Barbuda,ATG,1997,3.48
Antigua and Barbuda,ATG,1998,4.07
Antigua and Barbuda,ATG,1999,5.3
Antigua and Barbuda,ATG,2000,6.482226
Antigua and Barbuda,ATG,2001,8.899285
Antigua and Barbuda,ATG,2002,12.5
Antigua and Barbuda,ATG,2003,17.22865
Antigua and Barbuda,ATG,2004,24.266544
Antigua and Barbuda,ATG,2005,27
Antigua and Barbuda,ATG,2006,30
Antigua and Barbuda,ATG,2007,34
Antigua and Barbuda,ATG,2008,38
Antigua and Barbuda,ATG,2009,42
Antigua and Barbuda,ATG,2010,47
Antigua and Barbuda,ATG,2011,52
Antigua and Barbuda,ATG,2012,58
Antigua and Barbuda,ATG,2013,63.4
Antigua and Barbuda,ATG,2014,67.78
Antigua and Barbuda,ATG,2015,70
Antigua and Barbuda,ATG,2016,70.2716
Antigua and Barbuda,ATG,2017,70.5442
Antigua and Barbuda,ATG,2018,70.8179
Antigua and Barbuda,ATG,2019,71.0926
Antigua and Barbuda,ATG,2020,71.3684
Antigua and Barbuda,ATG,2021,71.6453
Antigua and Barbuda,ATG,2022,71.9233
Antigua and Barbuda,ATG,2023,72.1241
Antigua and Barbuda,ATG,2024,72.7304
Argentina,ARG,1990,0
Argentina,ARG,1992,0.00299
Argentina,ARG,1993,0.0295
Argentina,ARG,1994,0.0437
Argentina,ARG,1995,0.0863
Argentina,ARG,1996,0.142
Argentina,ARG,1997,0.28
Argentina,ARG,1998,0.831
Argentina,ARG,1999,3.28
Argentina,ARG,2000,7.038683
Argentina,ARG,2001,9.7808075
Argentina,ARG,2002,10.882124
Argentina,ARG,2003,11.913696
Argentina,ARG,2004,16.036684
Argentina,ARG,2005,17.720583
Argentina,ARG,2006,20.927202
Argentina,ARG,2007,25.946632
Argentina,ARG,2008,28.112623
Argentina,ARG,2009,34
Argentina,ARG,2010,45
Argentina,ARG,2011,51
Argentina,ARG,2012,55.8
Argentina,ARG,2013,59.9
Argentina,ARG,2014,64.7
Argentina,ARG,2015,68.04306
Argentina,ARG,2016,70.96898
Argentina,ARG,2017,74.29491
Argentina,ARG,2018,77.7
Argentina,ARG,2019,79.94695
Argentina,ARG,2020,85.51439
Argentina,ARG,2021,87.1507
Argentina,ARG,2022,88.37536
Argentina,ARG,2023,89.22897
Argentina,ARG,2024,89.66715
Armenia,ARM,1990,0
Armenia,ARM,1994,0.00912
Armenia,ARM,1995,0.0527
Armenia,ARM,1996,0.0946
Armenia,ARM,1997,0.112
Armenia,ARM,1998,0.129
Armenia,ARM,1999,0.971
Armenia,ARM,2000,1.30047
Armenia,ARM,2001,1.6310947
Armenia,ARM,2002,1.960405
Armenia,ARM,2003,4.5752172
Armenia,ARM,2004,4.8990088
Armenia,ARM,2005,5.253
Armenia,ARM,2006,5.6318
Armenia,ARM,2007,6.0213
Armenia,ARM,2008,6.21
Armenia,ARM,2009,15.3
Armenia,ARM,2010,25
Armenia,ARM,2011,32
Armenia,ARM,2012,37.5
Armenia,ARM,2013,41.9
Armenia,ARM,2014,54.622807
Armenia,ARM,2015,59.100834
Armenia,ARM,2016,64.34603
Armenia,ARM,2017,64.74488
Armenia,ARM,2018,68.24505
Armenia,ARM,2019,66.54395
Armenia,ARM,2020,76.5077
Armenia,ARM,2021,78.61226
Armenia,ARM,2022,77.02767
Armenia,ARM,2023,79.99663
Armenia,ARM,2024,81.3393
Aruba,ABW,1990,0
Aruba,ABW,1996,2.77
Aruba,ABW,1999,4.51
Aruba,ABW,2000,15.442823
Aruba,ABW,2001,17.1
Aruba,ABW,2002,18.8
Aruba,ABW,2003,20.8
Aruba,ABW,2004,23
Aruba,ABW,2005,25.4
Aruba,ABW,2006,28
Aruba,ABW,2007,30.9
Aruba,ABW,2008,52
Aruba,ABW,2009,58
Aruba,ABW,2010,62
Aruba,ABW,2011,69
Aruba,ABW,2012,74
Aruba,ABW,2013,78.9
Aruba,ABW,2014,83.78
Aruba,ABW,2015,88.661224
Aruba,ABW,2016,93.54246
Aruba,ABW,2017,97.17
Australia,AUS,1990,0.585
Australia,AUS,1991,1.1
Australia,AUS,1992,1.77
Australia,AUS,1993,1.97
Australia,AUS,1994,2.23
Australia,AUS,1995,2.76
Australia,AUS,1996,3.28
Australia,AUS,1997,16.4
Australia,AUS,1998,30.8
Australia,AUS,1999,40.8
Australia,AUS,2000,46.756115
Australia,AUS,2001,52.689266
Australia,AUS,2005,63
Australia,AUS,2006,66
Australia,AUS,2007,69.45
Australia,AUS,2008,71.67
Australia,AUS,2009,74.25
Australia,AUS,2010,76
Australia,AUS,2011,79.4877
Australia,AUS,2012,79
Australia,AUS,2013,83.4535
Australia,AUS,2014,84
Australia,AUS,2015,84.56052
Australia,AUS,2016,86.54
Australia,AUS,2017,86.54505
Australia,AUS,2018,90.0082
Australia,AUS,2019,93.6099
Australia,AUS,2020,94.6935
Australia,AUS,2021,96.9722
Australia,AUS,2022,96.1194
Australia,AUS,2023,96.1161
Australia,AUS,2024,96.1314
Austria,AUT,1990,0.13
Austria,AUT,1991,0.259
Austria,AUT,1992,0.643
Austria,AUT,1993,0.765
Austria,AUT,1994,1.39
Austria,AUT,1995,1.89
Austria,AUT,1996,6.91
Austria,AUT,1997,9.53
Austria,AUT,1998,15.4
Austria,AUT,1999,23
Austria,AUT,2000,33.730133
Austria,AUT,2001,39.18545
Austria,AUT,2002,36.56
Austria,AUT,2003,42.7
Austria,AUT,2004,54.28
Austria,AUT,2005,58
Austria,AUT,2006,63.6
Austria,AUT,2007,69.37
Austria,AUT,2008,72.87
Austria,AUT,2009,73.45
Austria,AUT,2010,75.17
Austria,AUT,2011,78.73999
Austria,AUT,2012,80.02999
Austria,AUT,2013,80.6188
Austria,AUT,2014,80.99583
Austria,AUT,2015,83.94014
Austria,AUT,2016,84.323746
Austria,AUT,2017,87.935585
Austria,AUT,2018,87.47913
Austria,AUT,2019,87.752205
Austria,AUT,2020,87.52943
Austria,AUT,2021,92.52915
Austria,AUT,2022,93.61409
Austria,AUT,2023,95.33467
Austria,AUT,2024,94.91975
Austria,AUT,2025,91.925735
Azerbaijan,AZE,1990,0
Azerbaijan,AZE,1994,0.00143
Azerbaijan,AZE,1995,0.00206
Azerbaijan,AZE,1996,0.00635
Azerbaijan,AZE,1997,0.0252
Azerbaijan,AZE,1998,0.0375
Azerbaijan,AZE,1999,0.0992
Azerbaijan,AZE,2000,0.14775757
Azerbaijan,AZE,2001,0.30556464
Azerbaijan,AZE,2002,4.999714
Azerbaijan,AZE,2005,8.0304
Azerbaijan,AZE,2006,11.9922
Azerbaijan,AZE,2007,14.54
Azerbaijan,AZE,2008,17.08
Azerbaijan,AZE,2009,27.4
Azerbaijan,AZE,2010,46
Azerbaijan,AZE,2011,50
Azerbaijan,AZE,2012,54.2
Azerbaijan,AZE,2013,73
Azerbaijan,AZE,2014,75.000015
Azerbaijan,AZE,2015,77
Azerbaijan,AZE,2016,78.2
Azerbaijan,AZE,2017,79
Azerbaijan,AZE,2018,79.799995
Azerbaijan,AZE,2019,81.1
Azerbaijan,AZE,2020,84.6
Azerbaijan,AZE,2021,85.99999
Azerbaijan,AZE,2022,88
Azerbaijan,AZE,2023,89
Azerbaijan,AZE,2024,90.4398
Azerbaijan,AZE,2025,90.8
Bahamas,BHS,1990,0
Bahamas,BHS,1995,0.96
Bahamas,BHS,1996,1.75
Bahamas,BHS,1997,1.36
Bahamas,BHS,1998,2.34
Bahamas,BHS,1999,3.76
Bahamas,BHS,2000,8
Bahamas,BHS,2001,11.8
Bahamas,BHS,2002,18
Bahamas,BHS,2003,20
Bahamas,BHS,2004,22
Bahamas,BHS,2005,25
Bahamas,BHS,2006,26
Bahamas,BHS,2007,27
Bahamas,BHS,2008,31.54
Bahamas,BHS,2009,33.88
Bahamas,BHS,2010,43
Bahamas,BHS,2011,65
Bahamas,BHS,2012,71.7482
Bahamas,BHS,2013,72
Bahamas,BHS,2014,76.92
Bahamas,BHS,2015,78
Bahamas,BHS,2016,80
Bahamas,BHS,2017,80.6
Bahamas,BHS,2018,83
Bahamas,BHS,2019,90.6933
Bahamas,BHS,2020,92.4437
Bahamas,BHS,2021,92.3498
Bahamas,BHS,2022,92.256
Bahamas,BHS,2023,92.3873
Bahamas,BHS,2024,92.4727
Bahrain,BHR,1990,0
Bahrain,BHR,1995,0.346
Bahrain,BHR,1996,0.843
Bahrain,BHR,1997,1.65
Bahrain,BHR,1998,3.22
Bahrain,BHR,1999,4.72
Bahrain,BHR,2000,6.153733
Bahrain,BHR,2001,15.038634
Bahrain,BHR,2002,18.05072
Bahrain,BHR,2003,21.554945
Bahrain,BHR,2004,21.458681
Bahrain,BHR,2005,21.3037
Bahrain,BHR,2006,28.244
Bahrain,BHR,2007,32.91
Bahrain,BHR,2008,51.95
Bahrain,BHR,2009,53
Bahrain,BHR,2010,55
Bahrain,BHR,2011,76.99997
Bahrain,BHR,2012,88
Bahrain,BHR,2013,90.00004
Bahrain,BHR,2014,90.503136
Bahrain,BHR,2015,93.4783
Bahrain,BHR,2016,97.99998
Bahrain,BHR,2017,95.878136
Bahrain,BHR,2018,98.64468
Bahrain,BHR,2019,99.70151
Bahrain,BHR,2020,99.67103
Bahrain,BHR,2021,100
Bahrain,BHR,2022,100
Bahrain,BHR,2023,100
Bahrain,BHR,2024,100
Bangladesh,BGD,1990,0
Bangladesh,BGD,1997,0.000751
Bangladesh,BGD,1998,0.00368
Bangladesh,BGD,1999,0.0362
Bangladesh,BGD,2000,0.07103942
Bangladesh,BGD,2001,0.12980798
Bangladesh,BGD,2002,0.1399203
Bangladesh,BGD,2003,0.16387767
Bangladesh,BGD,2004,0.19903633
Bangladesh,BGD,2005,0.2416
Bangladesh,BGD,2006,1
Bangladesh,BGD,2007,1.8
Bangladesh,BGD,2008,2.5
Bangladesh,BGD,2009,3.1
Bangladesh,BGD,2010,3.7
Bangladesh,BGD,2011,4.5
Bangladesh,BGD,2012,5
Bangladesh,BGD,2013,6.63
Bangladesh,BGD,2014,9.0529
Bangladesh,BGD,2015,12.3688
Bangladesh,BGD,2016,16.8991
Bangladesh,BGD,2017,21.5
Bangladesh,BGD,2018,25.5651
Bangladesh,BGD,2019,30.3831
Bangladesh,BGD,2020,36.1091
Bangladesh,BGD,2021,38.917446
Bangladesh,BGD,2022,41.6165
Bangladesh,BGD,2023,44.502743
Bangladesh,BGD,2024,53.421715
Barbados,BRB,1990,0
Barbados,BRB,1995,0.00775
Barbados,BRB,1996,0.389
Barbados,BRB,1997,0.783
Barbados,BRB,1998,1.97
Barbados,BRB,1999,2.38
Barbados,BRB,2000,3.9736784
Barbados,BRB,2001,11.93645
Barbados,BRB,2002,27.836323
Barbados,BRB,2003,39.68963
Barbados,BRB,2004,49.8
Barbados,BRB,2005,52.5
Barbados,BRB,2006,55.3
Barbados,BRB,2007,58.2
Barbados,BRB,2008,61.4
Barbados,BRB,2009,64.7
Barbados,BRB,2010,65.1
Barbados,BRB,2011,66.5
Barbados,BRB,2012,71.2
Barbados,BRB,2013,71.8
Barbados,BRB,2014,71.9246
Barbados,BRB,2015,72.0494
Barbados,BRB,2016,71.573
Barbados,BRB,2017,71.1485
Barbados,BRB,2018,70.7265
Barbados,BRB,2019,70.3071
Barbados,BRB,2020,69.8901
Barbados,BRB,2021,69.4756
Barbados,BRB,2022,69.0636
Barbados,BRB,2023,69.6751
Barbados,BRB,2024,70.3647
Belarus,BLR,1990,0
Belarus,BLR,1994,0.000486
Belarus,BLR,1995,0.00292
Belarus,BLR,1996,0.0293
Belarus,BLR,1997,0.049
Belarus,BLR,1998,0.0739
Belarus,BLR,1999,0.495
Belarus,BLR,2000,1.8603982
Belarus,BLR,2001,4.300616
Belarus,BLR,2002,8.950972
Belarus,BLR,2006,16.2
Belarus,BLR,2007,19.7
Belarus,BLR,2008,23
Belarus,BLR,2009,27.43
Belarus,BLR,2010,31.8
Belarus,BLR,2011,39.648895
Belarus,BLR,2012,46.91
Belarus,BLR,2013,54.17
Belarus,BLR,2014,59.01632
Belarus,BLR,2015,62.230362
Belarus,BLR,2016,71.113045
Belarus,BLR,2017,74.43645
Belarus,BLR,2018,79.12989
Belarus,BLR,2019,82.789154
Belarus,BLR,2020,85.08791
Belarus,BLR,2021,86.88841
Belarus,BLR,2022,89.50733
Belarus,BLR,2023,91.5125
Belarus,BLR,2024,94.26182
Belgium,BEL,1990,0.00101
Belgium,BEL,1991,0.0201
Belgium,BEL,1992,0.1
Belgium,BEL,1993,0.199
Belgium,BEL,1994,0.696
Belgium,BEL,1995,0.992
Belgium,BEL,1996,2.97
Belgium,BEL,1997,4.94
Belgium,BEL,1998,7.89
Belgium,BEL,1999,13.8
Belgium,BEL,2000,29.431692
Belgium,BEL,2001,31.288395
Belgium,BEL,2002,46.33
Belgium,BEL,2003,49.97
Belgium,BEL,2004,53.86
Belgium,BEL,2005,55.82
Belgium,BEL,2006,61.98187
Belgium,BEL,2007,66.76042
Belgium,BEL,2008,68.85732
Belgium,BEL,2009,74.54414
Belgium,BEL,2010,77.639786
Belgium,BEL,2011,81.60999
Belgium,BEL,2012,80.71999
Belgium,BEL,2013,82.1702
Belgium,BEL,2014,85.001236
Belgium,BEL,2015,85.05294
Belgium,BEL,2016,86.51648
Belgium,BEL,2017,87.67968
Belgium,BEL,2018,88.64735
Belgium,BEL,2019,90.27543
Belgium,BEL,2020,91.52641
Belgium,BEL,2021,92.78867
Belgium,BEL,2022,94.00783
Belgium,BEL,2023,94.62625
Belgium,BEL,2024,95.775795
Belize,BLZ,1990,0
Belize,BLZ,1995,0.0454
Belize,BLZ,1996,0.883
Belize,BLZ,1997,1.29
Belize,BLZ,1998,2.09
Belize,BLZ,1999,4.08
Belize,BLZ,2000,5.9638352
Belize,BLZ,2002,5.6842513
Belize,BLZ,2004,9.8
Belize,BLZ,2005,17
Belize,BLZ,2006,24
Belize,BLZ,2007,24.6
Belize,BLZ,2008,26.3
Belize,BLZ,2009,27.2
Belize,BLZ,2010,28.2
Belize,BLZ,2011,30.7
Belize,BLZ,2012,31
Belize,BLZ,2013,33.6
Belize,BLZ,2014,38.7
Belize,BLZ,2015,41.59
Belize,BLZ,2016,44.5757
Belize,BLZ,2017,48.8771
Belize,BLZ,2018,53.5936
Belize,BLZ,2019,58.7652
Belize,BLZ,2020,64.4359
Belize,BLZ,2021,70.6537
Belize,BLZ,2022,69.9833
Belize,BLZ,2023,70.1872
Belize,BLZ,2024,80.00582
Benin,BEN,1990,0
Benin,BEN,1996,0.00169
Benin,BEN,1997,0.0246
Benin,BEN,1998,0.0479
Benin,BEN,1999,0.155
Benin,BEN,2000,0.22524785
Benin,BEN,2001,0.3634179
Benin,BEN,2002,0.7029456
Benin,BEN,2003,0.9513271
Benin,BEN,2004,1.182541
Benin,BEN,2005,1.271
Benin,BEN,2006,1.5379
Benin,BEN,2007,1.79
Benin,BEN,2008,1.85
Benin,BEN,2009,2.24
Benin,BEN,2010,3.13
Benin,BEN,2011,4.148323
Benin,BEN,2012,4.5
Benin,BEN,2013,4.9
Benin,BEN,2014,6
Benin,BEN,2015,11.255
Benin,BEN,2016,14.5
Benin,BEN,2017,18.7
Benin,BEN,2018,19
Benin,BEN,2019,20.501
Benin,BEN,2020,22.1206
Benin,BEN,2021,28.2047
Benin,BEN,2022,30.5373
Benin,BEN,2023,32.394
Benin,BEN,2024,33.9838
Bermuda,BMU,1990,0
Bermuda,BMU,1995,6.84
Bermuda,BMU,1996,16.2
Bermuda,BMU,1997,24.2
Bermuda,BMU,1998,32.1
Bermuda,BMU,1999,39.9
Bermuda,BMU,2000,42.94986
Bermuda,BMU,2001,47.5097
Bermuda,BMU,2002,52.031597
Bermuda,BMU,2003,56.52201
Bermuda,BMU,2004,60.990868
Bermuda,BMU,2005,65.44707
Bermuda,BMU,2006,69.89966
Bermuda,BMU,2007,74.35059
Bermuda,BMU,2008,82.3
Bermuda,BMU,2009,83.25
Bermuda,BMU,2010,84.21
Bermuda,BMU,2011,88.336
Bermuda,BMU,2012,91.2993
Bermuda,BMU,2013,95.3
Bermuda,BMU,2014,96.8
Bermuda,BMU,2015,98.32361
Bermuda,BMU,2016,98
Bermuda,BMU,2017,98.37
Bhutan,BTN,1990,0
Bhutan,BTN,1999,0.138
Bhutan,BTN,2000,0.40094444
Bhutan,BTN,2001,0.86462855
Bhutan,BTN,2002,1.6758026
Bhutan,BTN,2003,2.4369123
Bhutan,BTN,2004,3.156984
Bhutan,BTN,2005,3.8471
Bhutan,BTN,2006,4.5183
Bhutan,BTN,2007,5.92
Bhutan,BTN,2008,6.55
Bhutan,BTN,2009,7.17
Bhutan,BTN,2010,13.6
Bhutan,BTN,2011,14.4
Bhutan,BTN,2012,15.6
Bhutan,BTN,2013,22.4
Bhutan,BTN,2014,30.3
Bhutan,BTN,2015,39.8
Bhutan,BTN,2016,46.5032
Bhutan,BTN,2017,54.3355
Bhutan,BTN,2018,63.4868
Bhutan,BTN,2019,74.1794
Bhutan,BTN,2020,76.8508
Bhutan,BTN,2021,85.63689
Bhutan,BTN,2022,88.3562
Bhutan,BTN,2023,90.0214
Bhutan,BTN,2024,91.2774
Bolivia,BOL,1990,0
Bolivia,BOL,1995,0.0668
Bolivia,BOL,1996,0.196
Bolivia,BOL,1997,0.448
Bolivia,BOL,1998,0.626
Bolivia,BOL,1999,0.982
Bolivia,BOL,2000,1.4427636
Bolivia,BOL,2001,2.1204624
Bolivia,BOL,2002,3.117193
Bolivia,BOL,2003,3.5085964
Bolivia,BOL,2004,4.4399247
Bolivia,BOL,2005,5.227584
Bolivia,BOL,2006,6.200671
Bolivia,BOL,2007,10.4992
Bolivia,BOL,2008,12.5
Bolivia,BOL,2009,16.8
Bolivia,BOL,2010,22.4
Bolivia,BOL,2011,30
Bolivia,BOL,2012,35.34
Bolivia,BOL,2013,36.99
Bolivia,BOL,2014,34.60162
Bolivia,BOL,2015,37.486816
Bolivia,BOL,2016,39.6975
Bolivia,BOL,2017,43.8323
Bolivia,BOL,2018,44.28614
Bolivia,BOL,2019,47.47482
Bolivia,BOL,2020,59.9401
Bolivia,BOL,2021,65.97738
Bolivia,BOL,2022,72.6227
Bolivia,BOL,2023,77.3004
Bolivia,BOL,2024,79.7047
Bosnia and Herzegovina,BIH,1990,0
Bosnia and Herzegovina,BIH,1996,0.0151
Bosnia and Herzegovina,BIH,1997,0.0594
Bosnia and Herzegovina,BIH,1998,0.144
Bosnia and Herzegovina,BIH,1999,0.194
Bosnia and Herzegovina,BIH,2000,1.0829607
Bosnia and Herzegovina,BIH,2001,1.200527
Bosnia and Herzegovina,BIH,2002,2.648268
Bosnia and Herzegovina,BIH,2003,3.9650369
Bosnia and Herzegovina,BIH,2004,15.468971
Bosnia and Herzegovina,BIH,2005,21.3267
Bosnia and Herzegovina,BIH,2006,25.122385
Bosnia and Herzegovina,BIH,2007,27.92
Bosnia and Herzegovina,BIH,2008,34.66
Bosnia and Herzegovina,BIH,2009,37.74
Bosnia and Herzegovina,BIH,2010,42.75
Bosnia and Herzegovina,BIH,2011,43.8877
Bosnia and Herzegovina,BIH,2012,45.0645
Bosnia and Herzegovina,BIH,2013,48.5213
Bosnia and Herzegovina,BIH,2014,49.9177
Bosnia and Herzegovina,BIH,2015,52.6
Bosnia and Herzegovina,BIH,2016,60.256535
Bosnia and Herzegovina,BIH,2017,64.89202
Bosnia and Herzegovina,BIH,2018,70.12013
Bosnia and Herzegovina,BIH,2019,69.94635
Bosnia and Herzegovina,BIH,2020,73.211754
Bosnia and Herzegovina,BIH,2021,75.6762
Bosnia and Herzegovina,BIH,2022,78.845535
Bosnia and Herzegovina,BIH,2023,83.37715
Bosnia and Herzegovina,BIH,2024,86.100914
Botswana,BWA,1990,0
Botswana,BWA,1991,0
Botswana,BWA,1995,0.0645
Botswana,BWA,1996,0.157
Botswana,BWA,1997,0.308
Botswana,BWA,1998,0.602
Botswana,BWA,1999,1.12
Botswana,BWA,2000,2.9026666
Botswana,BWA,2001,3.4308867
Botswana,BWA,2002,3.3859224
Botswana,BWA,2003,3.3451903
Botswana,BWA,2004,3.3048892
Botswana,BWA,2005,3.2626
Botswana,BWA,2006,4.289933
Botswana,BWA,2007,5.28
Botswana,BWA,2008,6.25
Botswana,BWA,2009,6.15
Botswana,BWA,2010,6
Botswana,BWA,2011,9
Botswana,BWA,2012,16
Botswana,BWA,2013,30
Botswana,BWA,2014,36.744747
Botswana,BWA,2015,38.8938
Botswana,BWA,2016,41.1686
Botswana,BWA,2017,43.5764
Botswana,BWA,2018,46.1251
Botswana,BWA,2019,48.8228
Botswana,BWA,2020,51.6782
Botswana,BWA,2021,54.7007
Botswana,BWA,2022,57.9
Botswana,BWA,2024,57.4595
Brazil,BRA,1990,0
Brazil,BRA,1991,0.00329
Brazil,BRA,1992,0.0129
Brazil,BRA,1993,0.0255
Brazil,BRA,1994,0.0377
Brazil,BRA,1995,0.105
Brazil,BRA,1996,0.451
Brazil,BRA,1997,0.786
Brazil,BRA,1998,1.48
Brazil,BRA,1999,2.04
Brazil,BRA,2000,2.870685
Brazil,BRA,2001,4.528495
Brazil,BRA,2002,9.1494255
Brazil,BRA,2003,13.207586
Brazil,BRA,2004,19.073671
Brazil,BRA,2005,21.022747
Brazil,BRA,2006,28.1784
Brazil,BRA,2007,30.88
Brazil,BRA,2008,33.83
Brazil,BRA,2009,39.22
Brazil,BRA,2010,40.65
Brazil,BRA,2011,45.69
Brazil,BRA,2012,48.56
Brazil,BRA,2013,51.04
Brazil,BRA,2014,54.551003
Brazil,BRA,2015,58.327953
Brazil,BRA,2016,60.87254
Brazil,BRA,2017,67.47128
Brazil,BRA,2018,70.43428
Brazil,BRA,2019,73.91244
Brazil,BRA,2020,81.3427
Brazil,BRA,2021,80.689896
Brazil,BRA,2022,80.52775
Brazil,BRA,2023,84.150604
Brazil,BRA,2024,84.46347
British Virgin Islands,VGB,1990,0
British Virgin Islands,VGB,2002,18.885742
British Virgin Islands,VGB,2009,36
British Virgin Islands,VGB,2010,37
British Virgin Islands,VGB,2011,37.4
British Virgin Islands,VGB,2012,37.6
British Virgin Islands,VGB,2016,77.70143
British Virgin Islands,VGB,2017,77.70427
Brunei,BRN,1990,0
Brunei,BRN,1995,1.02
Brunei,BRN,1996,3.3
Brunei,BRN,1997,4.83
Brunei,BRN,1998,6.28
Brunei,BRN,1999,7.67
Brunei,BRN,2000,8.9962845
Brunei,BRN,2001,12.917769
Brunei,BRN,2002,15.32988
Brunei,BRN,2003,19.595003
Brunei,BRN,2004,29.715605
Brunei,BRN,2005,36.466393
Brunei,BRN,2006,42.186348
Brunei,BRN,2007,44.68
Brunei,BRN,2008,46
Brunei,BRN,2009,49
Brunei,BRN,2010,53
Brunei,BRN,2011,56
Brunei,BRN,2012,60.2731
Brunei,BRN,2013,64.5
Brunei,BRN,2014,68.77
Brunei,BRN,2015,71.2
Brunei,BRN,2016,90
Brunei,BRN,2017,94.8667
Brunei,BRN,2018,95
Brunei,BRN,2019,95
Brunei,BRN,2020,96.3055
Brunei,BRN,2021,97.6288
Brunei,BRN,2022,98.97043
Brunei,BRN,2023,98.9704
Brunei,BRN,2024,96.29829
Bulgaria,BGR,1990,0
Bulgaria,BGR,1993,0.00234
Bulgaria,BGR,1994,0.0195
Bulgaria,BGR,1995,0.12
Bulgaria,BGR,1996,0.725
Bulgaria,BGR,1997,1.22
Bulgaria,BGR,1998,1.84
Bulgaria,BGR,1999,2.91
Bulgaria,BGR,2000,5.3709235
Bulgaria,BGR,2001,7.6122975
Bulgaria,BGR,2002,9.08
Bulgaria,BGR,2003,12.04
Bulgaria,BGR,2004,18.13
Bulgaria,BGR,2005,19.97
Bulgaria,BGR,2006,27.09
Bulgaria,BGR,2007,33.64
Bulgaria,BGR,2008,39.67
Bulgaria,BGR,2009,45
Bulgaria,BGR,2010,46.23
Bulgaria,BGR,2011,47.979992
Bulgaria,BGR,2012,51.899986
Bulgaria,BGR,2013,53.0615
Bulgaria,BGR,2014,55.490376
Bulgaria,BGR,2015,56.65625
Bulgaria,BGR,2016,59.825546
Bulgaria,BGR,2017,63.410103
Bulgaria,BGR,2018,64.78201
Bulgaria,BGR,2019,67.94698
Bulgaria,BGR,2020,70.16248
Bulgaria,BGR,2021,75.27145
Bulgaria,BGR,2022,79.12686
Bulgaria,BGR,2023,80.389565
Bulgaria,BGR,2024,82.43896
Burkina Faso,BFA,1990,0
Burkina Faso,BFA,1996,0.000961
Burkina Faso,BFA,1997,0.0187
Burkina Faso,BFA,1998,0.0454
Burkina Faso,BFA,1999,0.0618
Burkina Faso,BFA,2000,0.07708017
Burkina Faso,BFA,2001,0.15773247
Burkina Faso,BFA,2002,0.2009926
Burkina Faso,BFA,2003,0.3734403
Burkina Faso,BFA,2004,0.4002953
Burkina Faso,BFA,2005,0.4699
Burkina Faso,BFA,2006,0.6327
Burkina Faso,BFA,2007,0.75
Burkina Faso,BFA,2008,0.92
Burkina Faso,BFA,2009,1.13
Burkina Faso,BFA,2010,2.4
Burkina Faso,BFA,2011,3
Burkina Faso,BFA,2012,3.725
Burkina Faso,BFA,2013,5
Burkina Faso,BFA,2014,6
Burkina Faso,BFA,2015,6.5457
Burkina Faso,BFA,2016,7.141
Burkina Faso,BFA,2017,7.7904
Burkina Faso,BFA,2018,8.4989
Burkina Faso,BFA,2019,9.271806
Burkina Faso,BFA,2020,12.9732
Burkina Faso,BFA,2021,18.1522
Burkina Faso,BFA,2022,25.3988
Burkina Faso,BFA,2023,25.3612
Burkina Faso,BFA,2024,28.2527
Burundi,BDI,1990,0
Burundi,BDI,1991,0
Burundi,BDI,1992,0
Burundi,BDI,1993,0
Burundi,BDI,1994,0
Burundi,BDI,1995,0
Burundi,BDI,1996,0.000804
Burundi,BDI,1997,0.00798
Burundi,BDI,1998,0.0158
Burundi,BDI,1999,0.0392
Burundi,BDI,2000,0.07724845
Burundi,BDI,2001,0.10600124
Burundi,BDI,2002,0.11822841
Burundi,BDI,2003,0.2012732
Burundi,BDI,2004,0.34906048
Burundi,BDI,2005,0.5421
Burundi,BDI,2006,0.6576
Burundi,BDI,2007,0.7
Burundi,BDI,2008,0.81
Burundi,BDI,2009,0.9
Burundi,BDI,2010,1
Burundi,BDI,2011,1.11
Burundi,BDI,2012,1.22
Burundi,BDI,2013,1.2642181
Burundi,BDI,2014,1.0423921
Burundi,BDI,2015,2
Burundi,BDI,2016,2.2
Burundi,BDI,2017,2.6607485
Burundi,BDI,2018,4.0195
Burundi,BDI,2019,6.0722
Burundi,BDI,2020,6.4301
Burundi,BDI,2021,6.778
Burundi,BDI,2022,7.1448
Burundi,BDI,2023,7.1723
Burundi,BDI,2024,8.596
Cambodia,KHM,1990,0
Cambodia,KHM,1997,0.00584
Cambodia,KHM,1998,0.0163
Cambodia,KHM,1999,0.032
Cambodia,KHM,2000,0.04702264
Cambodia,KHM,2001,0.076956056
Cambodia,KHM,2002,0.22698323
Cambodia,KHM,2003,0.2605702
Cambodia,KHM,2004,0.30043665
Cambodia,KHM,2005,0.31732178
Cambodia,KHM,2006,0.4684
Cambodia,KHM,2007,0.49
Cambodia,KHM,2008,0.51
Cambodia,KHM,2009,0.53
Cambodia,KHM,2010,1.26
Cambodia,KHM,2011,3.1
Cambodia,KHM,2012,4.94
Cambodia,KHM,2013,6
Cambodia,KHM,2014,14
Cambodia,KHM,2015,6.4331913
Cambodia,KHM,2016,32.398453
Cambodia,KHM,2017,32.90028
Cambodia,KHM,2018,65
Cambodia,KHM,2019,52.305878
Cambodia,KHM,2020,56.3759
Cambodia,KHM,2021,60.7627
Cambodia,KHM,2022,65.4908
Cambodia,KHM,2023,68.9255
Cambodia,KHM,2024,68.4753
Cameroon,CMR,1990,0
Cameroon,CMR,1997,0.00677
Cameroon,CMR,1998,0.0132
Cameroon,CMR,1999,0.129
Cameroon,CMR,2000,0.25212008
Cameroon,CMR,2001,0.27705133
Cameroon,CMR,2002,0.36087158
Cameroon,CMR,2003,0.5876226
Cameroon,CMR,2004,0.9760754
Cameroon,CMR,2005,1.4027
Cameroon,CMR,2006,2.0287
Cameroon,CMR,2007,2.93
Cameroon,CMR,2008,3.4
Cameroon,CMR,2009,3.84
Cameroon,CMR,2010,4.3
Cameroon,CMR,2011,5
Cameroon,CMR,2012,7.5
Cameroon,CMR,2013,10
Cameroon,CMR,2014,16.214872
Cameroon,CMR,2015,18.3
Cameroon,CMR,2016,20.6
Cameroon,CMR,2017,23.202972
Cameroon,CMR,2018,29.7
Cameroon,CMR,2019,36.5392
Cameroon,CMR,2020,37.6975
Cameroon,CMR,2021,38.8926
Cameroon,CMR,2022,40.1256
Cameroon,CMR,2023,42.2438
Cameroon,CMR,2024,46.2588
Canada,CAN,1990,0.361
Canada,CAN,1991,0.57
Canada,CAN,1992,0.916
Canada,CAN,1993,1.18
Canada,CAN,1994,2.38
Canada,CAN,1995,4.16
Canada,CAN,1996,6.76
Canada,CAN,1997,15.1
Canada,CAN,1998,24.9
Canada,CAN,1999,36.2
Canada,CAN,2000,51.3
Canada,CAN,2001,60.2
Canada,CAN,2002,61.5933
Canada,CAN,2003,64.2
Canada,CAN,2004,65.95596
Canada,CAN,2005,71.66
Canada,CAN,2006,72.4
Canada,CAN,2007,73.2
Canada,CAN,2008,76.7
Canada,CAN,2009,80.3
Canada,CAN,2010,80.3
Canada,CAN,2011,83
Canada,CAN,2012,83
Canada,CAN,2013,85.8
Canada,CAN,2014,87.12
Canada,CAN,2015,90
Canada,CAN,2016,91.16
Canada,CAN,2017,92.7014
Canada,CAN,2018,94.64
Canada,CAN,2019,91.9129
Canada,CAN,2020,92.3
Canada,CAN,2021,93.9371
Canada,CAN,2022,94
Canada,CAN,2023,94.1453
Canada,CAN,2024,94.3533
Cape Verde,CPV,1990,0
Cape Verde,CPV,1997,0.241
Cape Verde,CPV,1998,0.473
Cape Verde,CPV,1999,1.16
Cape Verde,CPV,2000,1.8224438
Cape Verde,CPV,2001,2.6853328
Cape Verde,CPV,2002,3.518757
Cape Verde,CPV,2003,4.3248854
Cape Verde,CPV,2004,5.318832
Cape Verde,CPV,2005,6.074087
Cape Verde,CPV,2006,6.808911
Cape Verde,CPV,2007,8.28322
Cape Verde,CPV,2008,14
Cape Verde,CPV,2009,21
Cape Verde,CPV,2010,30
Cape Verde,CPV,2011,32
Cape Verde,CPV,2012,34.74
Cape Verde,CPV,2013,37.5
Cape Verde,CPV,2014,40.26
Cape Verde,CPV,2015,42.683014
Cape Verde,CPV,2016,50.32282
Cape Verde,CPV,2017,57.162148
Cape Verde,CPV,2018,59.5
Cape Verde,CPV,2019,61.943398
Cape Verde,CPV,2020,69.3734
Cape Verde,CPV,2021,70.2825
Cape Verde,CPV,2022,73.3274
Cape Verde,CPV,2023,74.5992
Cape Verde,CPV,2024,74.7352
Cayman Islands,CYM,1990,0
Cayman Islands,CYM,1993,0
Cayman Islands,CYM,1994,0
Cayman Islands,CYM,1995,3.95
Cayman Islands,CYM,2005,38.03438
Cayman Islands,CYM,2006,44.5
Cayman Islands,CYM,2007,52
Cayman Islands,CYM,2008,61
Cayman Islands,CYM,2009,64.5
Cayman Islands,CYM,2010,66
Cayman Islands,CYM,2011,69.46594
Cayman Islands,CYM,2012,69.7
Cayman Islands,CYM,2013,71.4
Cayman Islands,CYM,2014,74.1
Cayman Islands,CYM,2015,77
Cayman Islands,CYM,2016,79
Cayman Islands,CYM,2017,81.067696
Central African Republic,CAF,1990,0
Central African Republic,CAF,1996,0.00585
Central African Republic,CAF,1997,0.0143
Central African Republic,CAF,1998,0.0279
Central African Republic,CAF,1999,0.0409
Central African Republic,CAF,2000,0.053394176
Central African Republic,CAF,2001,0.078543425
Central African Republic,CAF,2002,0.12853712
Central African Republic,CAF,2003,0.15156333
Central African Republic,CAF,2004,0.2234014
Central African Republic,CAF,2005,0.2682
Central African Republic,CAF,2006,0.3112
Central African Republic,CAF,2007,0.37581596
Central African Republic,CAF,2008,1
Central African Republic,CAF,2009,1.8
Central African Republic,CAF,2010,2
Central African Republic,CAF,2011,2.2
Central African Republic,CAF,2012,2.4
Central African Republic,CAF,2013,2.5
Central African Republic,CAF,2014,2.7
Central African Republic,CAF,2015,2.9
Central African Republic,CAF,2016,3.1
Central African Republic,CAF,2017,4
Central African Republic,CAF,2018,5.1
Central African Republic,CAF,2019,7.5092
Central African Republic,CAF,2022,13.7536
Central African Republic,CAF,2023,13.8417
Central African Republic,CAF,2024,13.7825
Chad,TCD,1990,0
Chad,TCD,1997,0.000658
Chad,TCD,1998,0.00427
Chad,TCD,1999,0.0123
Chad,TCD,2000,0.035707075
Chad,TCD,2001,0.045934133
Chad,TCD,2002,0.16606967
Chad,TCD,2003,0.32030857
Chad,TCD,2004,0.3609201
Chad,TCD,2005,0.3992577
Chad,TCD,2006,0.58104575
Chad,TCD,2007,0.84722453
Chad,TCD,2008,1.19
Chad,TCD,2009,1.5
Chad,TCD,2010,1.7
Chad,TCD,2011,1.9
Chad,TCD,2012,2.1
Chad,TCD,2013,2.5
Chad,TCD,2014,2.9
Chad,TCD,2015,3.5
Chad,TCD,2016,5.8
Chad,TCD,2017,6.3519
Chad,TCD,2018,6.9563
Chad,TCD,2019,7.6182
Chad,TCD,2020,8.3431
Chad,TCD,2021,9.6537
Chad,TCD,2022,11.1703
Chad,TCD,2023,12.0359
Chad,TCD,2024,12.6269
Chile,CHL,1990,0
Chile,CHL,1992,0.0365
Chile,CHL,1993,0.0718
Chile,CHL,1994,0.141
Chile,CHL,1995,0.347
Chile,CHL,1996,0.683
Chile,CHL,1997,1.06
Chile,CHL,1998,1.66
Chile,CHL,1999,4.1
Chile,CHL,2000,16.6
Chile,CHL,2001,19.1
Chile,CHL,2002,22.1
Chile,CHL,2003,25.47378
Chile,CHL,2004,28.17791
Chile,CHL,2005,31.1753
Chile,CHL,2006,34.49775
Chile,CHL,2007,35.9
Chile,CHL,2008,37.3
Chile,CHL,2009,41.56
Chile,CHL,2010,45
Chile,CHL,2011,52.249607
Chile,CHL,2012,55.05
Chile,CHL,2013,58
Chile,CHL,2014,61.11
Chile,CHL,2015,76.62959
Chile,CHL,2016,83.558586
Chile,CHL,2017,82.327484
Chile,CHL,2018,84.9
Chile,CHL,2019,85.0176
Chile,CHL,2020,87.4593
Chile,CHL,2021,90.2328
Chile,CHL,2022,92.3182
Chile,CHL,2023,94.45742
Chile,CHL,2024,95.59024
China,CHN,1990,0
China,CHN,1993,0.000169
China,CHN,1994,0.00117
China,CHN,1995,0.00495
China,CHN,1996,0.0131
China,CHN,1997,0.0324
China,CHN,1998,0.169
China,CHN,1999,0.708
China,CHN,2000,1.7759132
China,CHN,2001,2.63965
China,CHN,2002,4.5957046
China,CHN,2003,6.2
China,CHN,2004,7.3
China,CHN,2005,8.523257
China,CHN,2006,10.523152
China,CHN,2007,16
China,CHN,2008,22.6
China,CHN,2009,28.9
China,CHN,2010,34.3
China,CHN,2011,38.3
China,CHN,2012,42.3001
China,CHN,2013,45.8
China,CHN,2014,47.9
China,CHN,2015,50.3
China,CHN,2016,53.2
China,CHN,2017,54.3
China,CHN,2018,65.3584
China,CHN,2019,64.08088
China,CHN,2020,70.05276
China,CHN,2021,73.05324
China,CHN,2022,75.61131
China,CHN,2023,90.6
China,CHN,2024,92
China,CHN,2025,91.6
Colombia,COL,1990,0
Colombia,COL,1994,0.107
Colombia,COL,1995,0.188
Colombia,COL,1996,0.33
Colombia,COL,1997,0.551
Colombia,COL,1998,1.13
Colombia,COL,1999,1.7
Colombia,COL,2000,2.207533
Colombia,COL,2001,2.8542
Colombia,COL,2002,4.6
Colombia,COL,2003,7.3889236
Colombia,COL,2004,9.1186905
Colombia,COL,2005,11.007264
Colombia,COL,2006,15.341675
Colombia,COL,2007,21.8
Colombia,COL,2008,25.6
Colombia,COL,2009,30
Colombia,COL,2010,36.5
Colombia,COL,2011,40.350914
Colombia,COL,2012,48.98
Colombia,COL,2013,51.7
Colombia,COL,2014,52.56814
Colombia,COL,2015,55.904972
Colombia,COL,2016,58.136494
Colombia,COL,2017,62.25988
Colombia,COL,2018,64.12637
Colombia,COL,2019,65.0069
Colombia,COL,2020,69.795334
Colombia,COL,2021,73.02837
Colombia,COL,2022,72.79638
Colombia,COL,2023,77.33686
Colombia,COL,2024,79.345436
Comoros,COM,1990,0
Comoros,COM,1997,0
Comoros,COM,1998,0.0379
Comoros,COM,1999,0.148
Comoros,COM,2000,0.27174062
Comoros,COM,2001,0.4430684
Comoros,COM,2002,0.55486965
Comoros,COM,2003,0.84818935
Comoros,COM,2004,1.3273271
Comoros,COM,2005,2
Comoros,COM,2006,2.2
Comoros,COM,2007,2.5
Comoros,COM,2008,3
Comoros,COM,2009,3.5
Comoros,COM,2010,5.1
Comoros,COM,2011,5.5
Comoros,COM,2012,5.9753
Comoros,COM,2013,6.5
Comoros,COM,2014,6.98
Comoros,COM,2015,7.4592
Comoros,COM,2016,7.9383
Comoros,COM,2017,8.4782
Comoros,COM,2019,16.3838
Comoros,COM,2020,22.4204
Comoros,COM,2021,30.6812
Comoros,COM,2022,31.3741
Comoros,COM,2023,31.9275
Comoros,COM,2024,32.5175
Congo,COG,1990,0
Congo,COG,1996,0.00353
Congo,COG,1997,0.00347
Congo,COG,1998,0.00342
Congo,COG,1999,0.0168
Congo,COG,2000,0.026354732
Congo,COG,2001,0.032223616
Congo,COG,2002,0.15724951
Congo,COG,2003,0.4600142
Congo,COG,2004,1.0775049
Congo,COG,2005,1.4634
Congo,COG,2006,2.008
Congo,COG,2007,2.7597044
Congo,COG,2008,4.28751
Congo,COG,2009,4.5
Congo,COG,2010,5
Congo,COG,2011,5.6
Congo,COG,2012,6.1067
Congo,COG,2013,6.6
Congo,COG,2014,7.11
Congo,COG,2015,7.616
Congo,COG,2016,8.1219
Congo,COG,2017,8.65
Congo,COG,2018,11.8071
Congo,COG,2019,16.1164
Congo,COG,2020,21.9985
Congo,COG,2021,30.0274
Congo,COG,2022,40.9867
Congo,COG,2023,43.1504
Congo,COG,2024,47.2516
Costa Rica,CRI,1990,0
Costa Rica,CRI,1992,0.00111
Costa Rica,CRI,1993,0.0815
Costa Rica,CRI,1994,0.28
Costa Rica,CRI,1995,0.417
Costa Rica,CRI,1996,0.841
Costa Rica,CRI,1997,1.64
Costa Rica,CRI,1998,2.67
Costa Rica,CRI,1999,3.9
Costa Rica,CRI,2000,5.800253
Costa Rica,CRI,2001,9.559483
Costa Rica,CRI,2002,19.894852
Costa Rica,CRI,2003,20.333614
Costa Rica,CRI,2004,20.792307
Costa Rica,CRI,2005,22.07
Costa Rica,CRI,2006,25.1
Costa Rica,CRI,2007,28.4
Costa Rica,CRI,2008,32.29
Costa Rica,CRI,2009,34.33
Costa Rica,CRI,2010,36.5
Costa Rica,CRI,2011,39.212196
Costa Rica,CRI,2012,47.5
Costa Rica,CRI,2013,45.96
Costa Rica,CRI,2014,53
Costa Rica,CRI,2015,59.76295
Costa Rica,CRI,2016,65.88045
Costa Rica,CRI,2017,71.581665
Costa Rica,CRI,2018,73.47973
Costa Rica,CRI,2019,81.2026
Costa Rica,CRI,2020,80.53019
Costa Rica,CRI,2021,82.749016
Costa Rica,CRI,2022,82.598015
Costa Rica,CRI,2023,85.39515
Costa Rica,CRI,2024,87.1702
Cote d'Ivoire,CIV,1990,0
Cote d'Ivoire,CIV,1995,0.0002
Cote d'Ivoire,CIV,1996,0.00841
Cote d'Ivoire,CIV,1997,0.0188
Cote d'Ivoire,CIV,1998,0.061
Cote d'Ivoire,CIV,1999,0.119
Cote d'Ivoire,CIV,2000,0.23146167
Cote d'Ivoire,CIV,2001,0.3957477
Cote d'Ivoire,CIV,2002,0.49792936
Cote d'Ivoire,CIV,2003,0.7586696
Cote d'Ivoire,CIV,2004,0.84928244
Cote d'Ivoire,CIV,2005,1.0392
Cote d'Ivoire,CIV,2006,1.5249
Cote d'Ivoire,CIV,2007,1.8
Cote d'Ivoire,CIV,2008,1.9
Cote d'Ivoire,CIV,2009,2
Cote d'Ivoire,CIV,2010,2.7
Cote d'Ivoire,CIV,2011,2.9
Cote d'Ivoire,CIV,2012,4.4
Cote d'Ivoire,CIV,2013,6.6
Cote d'Ivoire,CIV,2014,10
Cote d'Ivoire,CIV,2015,38.44
Cote d'Ivoire,CIV,2016,41.207813
Cote d'Ivoire,CIV,2017,43.83992
Cote d'Ivoire,CIV,2018,37.546535
Cote d'Ivoire,CIV,2019,36.288956
Cote d'Ivoire,CIV,2020,36.0166
Cote d'Ivoire,CIV,2021,35.9507
Cote d'Ivoire,CIV,2022,38.41328
Cote d'Ivoire,CIV,2023,40.65285
Cote d'Ivoire,CIV,2024,41.432198
Croatia,HRV,1990,0
Croatia,HRV,1993,0.0972
Croatia,HRV,1994,0.268
Croatia,HRV,1995,0.514
Croatia,HRV,1996,0.859
Croatia,HRV,1997,1.73
Croatia,HRV,1998,3.27
Croatia,HRV,1999,4.41
Croatia,HRV,2000,6.6448827
Croatia,HRV,2001,11.558573
Croatia,HRV,2002,17.76
Croatia,HRV,2003,22.75
Croatia,HRV,2004,30.91
Croatia,HRV,2005,33.14
Croatia,HRV,2006,37.98
Croatia,HRV,2007,41.44
Croatia,HRV,2008,44.24
Croatia,HRV,2009,50.58
Croatia,HRV,2010,56.55
Croatia,HRV,2011,57.789978
Croatia,HRV,2012,61.939972
Croatia,HRV,2013,66.7476
Croatia,HRV,2014,68.5679
Croatia,HRV,2015,69.84504
Croatia,HRV,2016,72.69727
Croatia,HRV,2017,67.09619
Croatia,HRV,2018,75.294624
Croatia,HRV,2019,79.07978
Croatia,HRV,2020,78.3209
Croatia,HRV,2021,81.25397
Croatia,HRV,2022,82.071556
Croatia,HRV,2023,83.24117
Croatia,HRV,2024,83.6324
Cuba,CUB,1990,0
Cuba,CUB,1995,0.0000917
Cuba,CUB,1996,0.0319
Cuba,CUB,1997,0.0682
Cuba,CUB,1998,0.227
Cuba,CUB,1999,0.315
Cuba,CUB,2000,0.5411826
Cuba,CUB,2001,1.0797517
Cuba,CUB,2002,3.770585
Cuba,CUB,2003,5.241269
Cuba,CUB,2004,8.407985
Cuba,CUB,2005,9.738062
Cuba,CUB,2006,11.159601
Cuba,CUB,2007,11.69
Cuba,CUB,2008,12.94
Cuba,CUB,2009,14.33
Cuba,CUB,2010,15.9
Cuba,CUB,2011,16.01729
Cuba,CUB,2012,21.2
Cuba,CUB,2013,27.93
Cuba,CUB,2014,29.070185
Cuba,CUB,2015,37.305096
Cuba,CUB,2016,42.978676
Cuba,CUB,2017,57.148403
Cuba,CUB,2018,62.678925
Cuba,CUB,2019,67.97081
Cuba,CUB,2020,71.11907
Cuba,CUB,2021,67.64355
Cuba,CUB,2022,67.8841
Cuba,CUB,2023,69.5558
Cuba,CUB,2024,70.477
Curacao,CUW,2016,61.85551
Curacao,CUW,2017,68.12721
Cyprus,CYP,1990,0
Cyprus,CYP,1992,0.0501
Cyprus,CYP,1993,0.0564
Cyprus,CYP,1994,0.111
Cyprus,CYP,1995,0.41
Cyprus,CYP,1996,0.673
Cyprus,CYP,1997,4.38
Cyprus,CYP,1998,8.89
Cyprus,CYP,1999,11.3
Cyprus,CYP,2000,15.255394
Cyprus,CYP,2001,18.81876
Cyprus,CYP,2002,28.32
Cyprus,CYP,2003,30.09
Cyprus,CYP,2004,33.83
Cyprus,CYP,2005,32.81
Cyprus,CYP,2006,35.83
Cyprus,CYP,2007,40.77
Cyprus,CYP,2008,42.31
Cyprus,CYP,2009,49.81
Cyprus,CYP,2010,52.99
Cyprus,CYP,2011,56.859894
Cyprus,CYP,2012,60.68987
Cyprus,CYP,2013,65.4548
Cyprus,CYP,2014,69.3287
Cyprus,CYP,2015,71.715744
Cyprus,CYP,2016,75.90021
Cyprus,CYP,2017,80.74319
Cyprus,CYP,2018,84.433586
Cyprus,CYP,2019,86.06363
Cyprus,CYP,2020,90.80195
Cyprus,CYP,2021,90.759514
Cyprus,CYP,2022,89.60099
Cyprus,CYP,2023,91.2211
Cyprus,CYP,2024,89.60099
Czechia,CZE,1990,0
Czechia,CZE,1993,0.581
Czechia,CZE,1994,1.26
Czechia,CZE,1995,1.45
Czechia,CZE,1996,1.94
Czechia,CZE,1997,2.92
Czechia,CZE,1998,3.9
Czechia,CZE,1999,6.83
Czechia,CZE,2000,9.780528
Czechia,CZE,2001,14.697172
Czechia,CZE,2002,23.93
Czechia,CZE,2003,34.3
Czechia,CZE,2004,35.5
Czechia,CZE,2005,35.27
Czechia,CZE,2006,47.93
Czechia,CZE,2007,51.93
Czechia,CZE,2008,62.97
Czechia,CZE,2009,64.43
Czechia,CZE,2010,68.82
Czechia,CZE,2011,70.49
Czechia,CZE,2012,73.43001
Czechia,CZE,2013,74.1104
Czechia,CZE,2014,74.23171
Czechia,CZE,2015,75.66884
Czechia,CZE,2016,76.4812
Czechia,CZE,2017,78.71917
Czechia,CZE,2018,80.68816
Czechia,CZE,2019,80.86694
Czechia,CZE,2020,81.3389
Czechia,CZE,2021,82.67062
Czechia,CZE,2022,84.54009
Czechia,CZE,2023,85.99405
Czechia,CZE,2024,87.68776
Democratic Republic of Congo,COD,1990,0
Democratic Republic of Congo,COD,1996,0.000108
Democratic Republic of Congo,COD,1997,0.000211
Democratic Republic of Congo,COD,1998,0.000413
Democratic Republic of Congo,COD,1999,0.00101
Democratic Republic of Congo,COD,2000,0.005902114
Democratic Republic of Congo,COD,2001,0.011475782
Democratic Republic of Congo,COD,2002,0.0927907
Democratic Republic of Congo,COD,2003,0.13491483
Democratic Republic of Congo,COD,2004,0.19620837
Democratic Republic of Congo,COD,2005,0.238
Democratic Republic of Congo,COD,2006,0.2961
Democratic Republic of Congo,COD,2007,0.37
Democratic Republic of Congo,COD,2008,0.44
Democratic Republic of Congo,COD,2009,0.56
Democratic Republic of Congo,COD,2010,0.72
Democratic Republic of Congo,COD,2011,1.2
Democratic Republic of Congo,COD,2012,1.68
Democratic Republic of Congo,COD,2013,2.2
Democratic Republic of Congo,COD,2014,3
Democratic Republic of Congo,COD,2015,3.8
Democratic Republic of Congo,COD,2016,10.1
Democratic Republic of Congo,COD,2018,11.7
Democratic Republic of Congo,COD,2019,13.0297
Democratic Republic of Congo,COD,2020,14.5105
Democratic Republic of Congo,COD,2021,16.1596
Democratic Republic of Congo,COD,2022,17.9962
Democratic Republic of Congo,COD,2023,18.9679
Democratic Republic of Congo,COD,2024,19.6735
Denmark,DNK,1990,0.0973
Denmark,DNK,1991,0.194
Denmark,DNK,1992,0.387
Denmark,DNK,1993,0.578
Denmark,DNK,1994,1.34
Denmark,DNK,1995,3.83
Denmark,DNK,1996,5.71
Denmark,DNK,1997,11.4
Denmark,DNK,1998,22.7
Denmark,DNK,1999,30.6
Denmark,DNK,2000,39.172432
Denmark,DNK,2001,42.957523
Denmark,DNK,2002,64.25
Denmark,DNK,2003,76.26
Denmark,DNK,2004,80.93
Denmark,DNK,2005,82.74
Denmark,DNK,2006,86.65
Denmark,DNK,2007,85.03
Denmark,DNK,2008,85.02
Denmark,DNK,2009,86.84
Denmark,DNK,2010,88.72
Denmark,DNK,2011,89.81001
Denmark,DNK,2012,92.26001
Denmark,DNK,2013,94.6297
Denmark,DNK,2014,95.99351
Denmark,DNK,2015,96.330505
Denmark,DNK,2016,96.96779
Denmark,DNK,2017,97.099365
Denmark,DNK,2018,97.31921
Denmark,DNK,2019,98.04643
Denmark,DNK,2020,96.54915
Denmark,DNK,2021,98.86585
Denmark,DNK,2022,97.860115
Denmark,DNK,2023,98.77559
Denmark,DNK,2024,99.76915
Djibouti,DJI,1990,0
Djibouti,DJI,1995,0.016
Djibouti,DJI,1996,0.0312
Djibouti,DJI,1997,0.0829
Djibouti,DJI,1998,0.0947
Djibouti,DJI,1999,0.106
Djibouti,DJI,2000,0.19450054
Djibouti,DJI,2001,0.34352627
Djibouti,DJI,2002,0.4869717
Djibouti,DJI,2003,0.6259402
Djibouti,DJI,2004,0.7813172
Djibouti,DJI,2005,0.9536
Djibouti,DJI,2006,1.27
Djibouti,DJI,2007,1.62
Djibouti,DJI,2008,2.26
Djibouti,DJI,2009,4
Djibouti,DJI,2010,6.5
Djibouti,DJI,2011,7
Djibouti,DJI,2012,9.4
Djibouti,DJI,2013,12.7
Djibouti,DJI,2014,17
Djibouti,DJI,2015,22.9
Djibouti,DJI,2016,30.8
Djibouti,DJI,2017,55.681408
Djibouti,DJI,2018,57.0617
Djibouti,DJI,2019,58.4762
Djibouti,DJI,2020,59.9257
Djibouti,DJI,2021,61.4112
Djibouti,DJI,2022,63.776
Djibouti,DJI,2023,64.7587
Djibouti,DJI,2024,65.2989
Dominica,DMA,1990,0
Dominica,DMA,1995,0.549
Dominica,DMA,1996,1.17
Dominica,DMA,1998,2.93
Dominica,DMA,1999,2.93
Dominica,DMA,2000,8.814844
Dominica,DMA,2001,13.245228
Dominica,DMA,2002,18.424892
Dominica,DMA,2003,23.62042
Dominica,DMA,2004,30.319613
Dominica,DMA,2005,38.5436
Dominica,DMA,2006,39.3982
Dominica,DMA,2007,40.2745
Dominica,DMA,2008,41.16
Dominica,DMA,2009,42.02
Dominica,DMA,2010,47.45
Dominica,DMA,2011,48.6
Dominica,DMA,2012,49.8
Dominica,DMA,2013,51
Dominica,DMA,2014,57.5
Dominica,DMA,2015,65
Dominica,DMA,2016,67.03
Dominica,DMA,2017,69.6197
Dominica,DMA,2019,73.382
Dominica,DMA,2020,75.6567
Dominica,DMA,2021,78.0795
Dominica,DMA,2022,80.5798
Dominica,DMA,2023,81.3365
Dominica,DMA,2024,82.0469
Dominican Republic,DOM,1990,0
Dominican Republic,DOM,1995,0.0172
Dominican Republic,DOM,1996,0.075
Dominican Republic,DOM,1997,0.143
Dominican Republic,DOM,1998,0.234
Dominican Republic,DOM,1999,1.1
Dominican Republic,DOM,2000,3.7046924
Dominican Republic,DOM,2001,4.429391
Dominican Republic,DOM,2002,6.8237257
Dominican Republic,DOM,2003,7.898393
Dominican Republic,DOM,2004,8.865554
Dominican Republic,DOM,2005,11.483198
Dominican Republic,DOM,2006,14.844929
Dominican Republic,DOM,2007,17.66
Dominican Republic,DOM,2008,20.82
Dominican Republic,DOM,2009,27.72
Dominican Republic,DOM,2010,31.4
Dominican Republic,DOM,2011,38
Dominican Republic,DOM,2012,42.32
Dominican Republic,DOM,2013,45.9
Dominican Republic,DOM,2014,49.58
Dominican Republic,DOM,2015,54.215767
Dominican Republic,DOM,2016,63.870865
Dominican Republic,DOM,2017,67.57124
Dominican Republic,DOM,2018,74.82205
Dominican Republic,DOM,2019,79.7155
Dominican Republic,DOM,2020,81.6173
Dominican Republic,DOM,2021,85.24299
Dominican Republic,DOM,2022,81.512695
Dominican Republic,DOM,2023,86.1269
Dominican Republic,DOM,2024,91.00224
East Asia and Pacific (WB),WB_EAP,2005,14.7
East Asia and Pacific (WB),WB_EAP,2006,16.6
East Asia and Pacific (WB),WB_EAP,2007,20.8
East Asia and Pacific (WB),WB_EAP,2008,25.2
East Asia and Pacific (WB),WB_EAP,2009,29.5
East Asia and Pacific (WB),WB_EAP,2010,34.2
East Asia and Pacific (WB),WB_EAP,2011,37.3
East Asia and Pacific (WB),WB_EAP,2012,40.4
East Asia and Pacific (WB),WB_EAP,2013,43.2
East Asia and Pacific (WB),WB_EAP,2014,45.5
East Asia and Pacific (WB),WB_EAP,2015,48.3
East Asia and Pacific (WB),WB_EAP,2016,53.9
East Asia and Pacific (WB),WB_EAP,2017,57.8
East Asia and Pacific (WB),WB_EAP,2018,62.5
East Asia and Pacific (WB),WB_EAP,2019,67.1
East Asia and Pacific (WB),WB_EAP,2020,73.9
East Asia and Pacific (WB),WB_EAP,2021,78.8
East Asia and Pacific (WB),WB_EAP,2022,82.4
East Asia and Pacific (WB),WB_EAP,2023,84.9
East Asia and Pacific (WB),WB_EAP,2024,86.6
East Asia and Pacific (WB),WB_EAP,2025,88.4
East Timor,TLS,1990,0
East Timor,TLS,2002,0
East Timor,TLS,2005,0.09903177
East Timor,TLS,2006,0.5
East Timor,TLS,2007,1
East Timor,TLS,2008,1.5
East Timor,TLS,2009,2
East Timor,TLS,2010,3
East Timor,TLS,2011,4
East Timor,TLS,2012,7
East Timor,TLS,2013,11
East Timor,TLS,2014,17.5
East Timor,TLS,2015,18.6
East Timor,TLS,2016,21.2
East Timor,TLS,2017,24.2
East Timor,TLS,2018,27.6
East Timor,TLS,2019,28.0046
East Timor,TLS,2020,32.0127
East Timor,TLS,2021,35.042
Ecuador,ECU,1990,0
Ecuador,ECU,1992,0.00512
Ecuador,ECU,1993,0.0164
Ecuador,ECU,1994,0.0348
Ecuador,ECU,1995,0.0438
Ecuador,ECU,1996,0.0862
Ecuador,ECU,1997,0.11
Ecuador,ECU,1998,0.125
Ecuador,ECU,1999,0.823
Ecuador,ECU,2000,1.4621885
Ecuador,ECU,2001,2.6704438
Ecuador,ECU,2002,4.260797
Ecuador,ECU,2003,4.4602284
Ecuador,ECU,2004,4.8344426
Ecuador,ECU,2005,5.9943
Ecuador,ECU,2006,7.2
Ecuador,ECU,2007,10.8
Ecuador,ECU,2008,18.8
Ecuador,ECU,2009,24.6
Ecuador,ECU,2010,29.03
Ecuador,ECU,2011,31.366808
Ecuador,ECU,2012,35.135147
Ecuador,ECU,2013,40.27912
Ecuador,ECU,2014,45.59039
Ecuador,ECU,2015,48.940434
Ecuador,ECU,2016,54.062923
Ecuador,ECU,2017,55.8
Ecuador,ECU,2018,57.5
Ecuador,ECU,2019,59.2
Ecuador,ECU,2020,70.7
Ecuador,ECU,2021,69.1148
Ecuador,ECU,2022,69.71812
Ecuador,ECU,2023,72.69431
Ecuador,ECU,2024,77.17273
Egypt,EGY,1990,0
Egypt,EGY,1993,0.000976
Egypt,EGY,1994,0.00638
Egypt,EGY,1995,0.0313
Egypt,EGY,1996,0.0615
Egypt,EGY,1997,0.0905
Egypt,EGY,1998,0.148
Egypt,EGY,1999,0.29
Egypt,EGY,2000,0.64126503
Egypt,EGY,2001,0.8389456
Egypt,EGY,2002,2.7199998
Egypt,EGY,2003,4.037885
Egypt,EGY,2004,11.92
Egypt,EGY,2005,12.75
Egypt,EGY,2006,13.66
Egypt,EGY,2007,16.03
Egypt,EGY,2008,18.01
Egypt,EGY,2009,20
Egypt,EGY,2010,21.6
Egypt,EGY,2011,25.6
Egypt,EGY,2012,26.4
Egypt,EGY,2013,29.4
Egypt,EGY,2014,33.894604
Egypt,EGY,2015,37.81938
Egypt,EGY,2016,41.248066
Egypt,EGY,2017,44.950203
Egypt,EGY,2018,46.924335
Egypt,EGY,2019,57.282867
Egypt,EGY,2020,71.9142
Egypt,EGY,2021,72.056
Egypt,EGY,2022,72.19807
Egypt,EGY,2023,74.0119
Egypt,EGY,2024,74.6484
El Salvador,SLV,1990,0
El Salvador,SLV,1996,0.0864
El Salvador,SLV,1997,0.257
El Salvador,SLV,1998,0.425
El Salvador,SLV,1999,0.845
El Salvador,SLV,2000,1.1773973
El Salvador,SLV,2001,1.5
El Salvador,SLV,2002,1.9
El Salvador,SLV,2003,2.5
El Salvador,SLV,2004,3.2
El Salvador,SLV,2005,4.2
El Salvador,SLV,2006,5.5
El Salvador,SLV,2007,6.11
El Salvador,SLV,2008,10.08
El Salvador,SLV,2009,12.11
El Salvador,SLV,2010,15.9
El Salvador,SLV,2011,18.9
El Salvador,SLV,2012,20.321388
El Salvador,SLV,2013,23.1093
El Salvador,SLV,2014,24.761713
El Salvador,SLV,2015,26.802605
El Salvador,SLV,2016,28.9971
El Salvador,SLV,2017,33.82073
El Salvador,SLV,2018,43.8
El Salvador,SLV,2019,50.491196
El Salvador,SLV,2020,54.601368
El Salvador,SLV,2021,57.2638
El Salvador,SLV,2022,60.0561
El Salvador,SLV,2023,62.6199
El Salvador,SLV,2024,66.4777
Equatorial Guinea,GNQ,1990,0
Equatorial Guinea,GNQ,1997,0.0415
Equatorial Guinea,GNQ,1998,0.0944
Equatorial Guinea,GNQ,1999,0.0974
Equatorial Guinea,GNQ,2000,0.13235466
Equatorial Guinea,GNQ,2001,0.16526042
Equatorial Guinea,GNQ,2002,0.321198
Equatorial Guinea,GNQ,2003,0.52052426
Equatorial Guinea,GNQ,2004,0.8439303
Equatorial Guinea,GNQ,2005,1.1498
Equatorial Guinea,GNQ,2006,1.2792
Equatorial Guinea,GNQ,2007,1.5571
Equatorial Guinea,GNQ,2008,1.82
Equatorial Guinea,GNQ,2009,2.13
Equatorial Guinea,GNQ,2010,6
Equatorial Guinea,GNQ,2011,11.5
Equatorial Guinea,GNQ,2012,13.9432
Equatorial Guinea,GNQ,2013,16.4
Equatorial Guinea,GNQ,2014,18.86
Equatorial Guinea,GNQ,2015,21.32
Equatorial Guinea,GNQ,2016,23.78
Equatorial Guinea,GNQ,2017,26.24
Equatorial Guinea,GNQ,2018,29.4
Equatorial Guinea,GNQ,2019,49.1337
Equatorial Guinea,GNQ,2020,55.0013
Equatorial Guinea,GNQ,2021,58.7173
Equatorial Guinea,GNQ,2022,63.6595
Equatorial Guinea,GNQ,2023,63.5195
Equatorial Guinea,GNQ,2024,63.2993
Eritrea,ERI,1990,0
Eritrea,ERI,1993,0
Eritrea,ERI,1994,0
Eritrea,ERI,1995,0
Eritrea,ERI,1996,0
Eritrea,ERI,1997,0.00902
Eritrea,ERI,1998,0.00877
Eritrea,ERI,1999,0.0255
Eritrea,ERI,2000,0.13671194
Eritrea,ERI,2001,0.15781529
Eritrea,ERI,2002,0.22709014
Eritrea,ERI,2007,0.41
Eritrea,ERI,2008,0.47
Eritrea,ERI,2009,0.54
Eritrea,ERI,2010,0.61
Eritrea,ERI,2011,0.7
Eritrea,ERI,2012,0.8
Eritrea,ERI,2013,0.9
Eritrea,ERI,2014,0.99
Eritrea,ERI,2015,1.0837
Eritrea,ERI,2016,1.1771
Eritrea,ERI,2017,2.4961
Eritrea,ERI,2018,5.293
Eritrea,ERI,2019,11.2238
Eritrea,ERI,2020,14.3494
Estonia,EST,1990,0
Estonia,EST,1992,0.0655
Estonia,EST,1993,0.301
Estonia,EST,1994,1.16
Estonia,EST,1995,2.78
Estonia,EST,1996,3.53
Estonia,EST,1997,5.71
Estonia,EST,1998,10.8
Estonia,EST,1999,14.5
Estonia,EST,2000,28.576954
Estonia,EST,2001,31.52749
Estonia,EST,2002,41.52
Estonia,EST,2003,45.32
Estonia,EST,2004,53.2
Estonia,EST,2005,61.45
Estonia,EST,2006,63.51
Estonia,EST,2007,66.19
Estonia,EST,2008,70.58
Estonia,EST,2009,72.5
Estonia,EST,2010,74.1
Estonia,EST,2011,76.5
Estonia,EST,2012,78.38992
Estonia,EST,2013,80.0043
Estonia,EST,2014,84.24153
Estonia,EST,2015,88.409706
Estonia,EST,2016,87.240234
Estonia,EST,2017,88.102455
Estonia,EST,2018,89.35701
Estonia,EST,2019,90.22893
Estonia,EST,2020,89.05829
Estonia,EST,2021,90.9797
Estonia,EST,2022,91.520164
Estonia,EST,2023,93.183426
Estonia,EST,2024,92.23796
Eswatini,SWZ,1990,0
Eswatini,SWZ,1995,0.00103
Eswatini,SWZ,1996,0.0504
Eswatini,SWZ,1997,0.0885
Eswatini,SWZ,1998,0.0961
Eswatini,SWZ,1999,0.471
Eswatini,SWZ,2000,0.9261918
Eswatini,SWZ,2001,1.2815901
Eswatini,SWZ,2002,1.8162038
Eswatini,SWZ,2003,2.437074
Eswatini,SWZ,2004,3.2286851
Eswatini,SWZ,2005,3.697
Eswatini,SWZ,2006,3.6965387
Eswatini,SWZ,2007,4.1
Eswatini,SWZ,2008,6.85
Eswatini,SWZ,2009,8.94
Eswatini,SWZ,2010,11.04
Eswatini,SWZ,2011,18.13
Eswatini,SWZ,2012,20.7818
Eswatini,SWZ,2013,24.7
Eswatini,SWZ,2014,25
Eswatini,SWZ,2015,25.643
Eswatini,SWZ,2016,28.57
Eswatini,SWZ,2017,35.3316
Eswatini,SWZ,2018,39.381
Eswatini,SWZ,2019,43.9339
Eswatini,SWZ,2020,49.013
Eswatini,SWZ,2021,53.9953
Eswatini,SWZ,2022,57.3437
Eswatini,SWZ,2023,61.3333
Eswatini,SWZ,2024,63.4031
Ethiopia,ETH,1990,0
Ethiopia,ETH,1995,0.0000175
Ethiopia,ETH,1996,0.0017
Ethiopia,ETH,1997,0.00497
Ethiopia,ETH,1998,0.00966
Ethiopia,ETH,1999,0.0125
Ethiopia,ETH,2000,0.015263767
Ethiopia,ETH,2001,0.037162382
Ethiopia,ETH,2002,0.07240226
Ethiopia,ETH,2003,0.105811656
Ethiopia,ETH,2004,0.15533452
Ethiopia,ETH,2005,0.21965982
Ethiopia,ETH,2006,0.31059265
Ethiopia,ETH,2007,0.37
Ethiopia,ETH,2008,0.45
Ethiopia,ETH,2009,0.54
Ethiopia,ETH,2010,0.75
Ethiopia,ETH,2011,1.1
Ethiopia,ETH,2012,2.9
Ethiopia,ETH,2013,4.6
Ethiopia,ETH,2014,7.7
Ethiopia,ETH,2015,13.855176
Ethiopia,ETH,2016,15.366924
Ethiopia,ETH,2017,15.6244
Ethiopia,ETH,2018,15.8862
Ethiopia,ETH,2019,15.9846
Ethiopia,ETH,2020,16.0696
Ethiopia,ETH,2021,16.698103
Ethiopia,ETH,2022,17.9837
Ethiopia,ETH,2023,20.3375
Ethiopia,ETH,2024,21.9413
Europe and Central Asia (WB),WB_ECA,2005,34.7
Europe and Central Asia (WB),WB_ECA,2006,38
Europe and Central Asia (WB),WB_ECA,2007,43.6
Europe and Central Asia (WB),WB_ECA,2008,48.1
Europe and Central Asia (WB),WB_ECA,2009,52.7
Europe and Central Asia (WB),WB_ECA,2010,57
Europe and Central Asia (WB),WB_ECA,2011,60.2
Europe and Central Asia (WB),WB_ECA,2012,63.8
Europe and Central Asia (WB),WB_ECA,2013,66.1
Europe and Central Asia (WB),WB_ECA,2014,68.9
Europe and Central Asia (WB),WB_ECA,2015,69.9
Europe and Central Asia (WB),WB_ECA,2016,72.3
Europe and Central Asia (WB),WB_ECA,2017,74.5
Europe and Central Asia (WB),WB_ECA,2018,78.1
Europe and Central Asia (WB),WB_ECA,2019,80.3
Europe and Central Asia (WB),WB_ECA,2020,83.4
Europe and Central Asia (WB),WB_ECA,2021,86.3
Europe and Central Asia (WB),WB_ECA,2022,87.9
Europe and Central Asia (WB),WB_ECA,2023,89.6
Europe and Central Asia (WB),WB_ECA,2024,90.9
Europe and Central Asia (WB),WB_ECA,2025,92.4
Faroe Islands,FRO,1990,0
Faroe Islands,FRO,1995,0
Faroe Islands,FRO,1996,2.32
Faroe Islands,FRO,1997,4.6
Faroe Islands,FRO,1998,11.3
Faroe Islands,FRO,1999,22.3
Faroe Islands,FRO,2000,32.916393
Faroe Islands,FRO,2001,43.246983
Faroe Islands,FRO,2002,53.29922
Faroe Islands,FRO,2003,58.91264
Faroe Islands,FRO,2004,66.5336
Faroe Islands,FRO,2005,67.90263
Faroe Islands,FRO,2006,69.35944
Faroe Islands,FRO,2007,75.98
Faroe Islands,FRO,2008,75.57
Faroe Islands,FRO,2009,75.18
Faroe Islands,FRO,2010,75.2
Faroe Islands,FRO,2011,80.73217
Faroe Islands,FRO,2012,85.33519
Faroe Islands,FRO,2013,90
Faroe Islands,FRO,2014,93.3
Faroe Islands,FRO,2015,94.2
Faroe Islands,FRO,2016,95.10868
Faroe Islands,FRO,2017,97.58196
Fiji,FJI,1990,0
Fiji,FJI,1993,0.00668
Fiji,FJI,1994,0.00791
Fiji,FJI,1995,0.00912
Fiji,FJI,1996,0.0644
Fiji,FJI,1997,0.223
Fiji,FJI,1998,0.633
Fiji,FJI,1999,0.942
Fiji,FJI,2000,1.4968548
Fiji,FJI,2001,1.8579786
Fiji,FJI,2002,6.15265
Fiji,FJI,2003,6.725435
Fiji,FJI,2004,7.4129434
Fiji,FJI,2005,8.453636
Fiji,FJI,2006,9.600039
Fiji,FJI,2007,10.8978
Fiji,FJI,2008,13
Fiji,FJI,2009,17
Fiji,FJI,2010,20
Fiji,FJI,2011,28
Fiji,FJI,2012,33.7424
Fiji,FJI,2013,35.2
Fiji,FJI,2014,37.4
Fiji,FJI,2015,42.5
Fiji,FJI,2016,49.42
Fiji,FJI,2017,53.6474
Fiji,FJI,2018,58.2364
Fiji,FJI,2019,63.2179
Fiji,FJI,2020,68.6256
Fiji,FJI,2021,70.568
Fiji,FJI,2022,72.5655
Fiji,FJI,2023,74.1161
Fiji,FJI,2024,74.7052
Finland,FIN,1990,0.401
Finland,FIN,1991,1.4
Finland,FIN,1992,1.89
Finland,FIN,1993,2.57
Finland,FIN,1994,4.92
Finland,FIN,1995,13.9
Finland,FIN,1996,16.8
Finland,FIN,1997,19.5
Finland,FIN,1998,25.5
Finland,FIN,1999,32.3
Finland,FIN,2000,37.248463
Finland,FIN,2001,43.105362
Finland,FIN,2002,62.43
Finland,FIN,2003,69.22
Finland,FIN,2004,72.39
Finland,FIN,2005,74.48
Finland,FIN,2006,79.66
Finland,FIN,2007,80.78
Finland,FIN,2008,83.67
Finland,FIN,2009,82.49
Finland,FIN,2010,86.89
Finland,FIN,2011,88.70999
Finland,FIN,2012,89.88
Finland,FIN,2013,91.5144
Finland,FIN,2014,86.530396
Finland,FIN,2015,86.422134
Finland,FIN,2016,87.70365
Finland,FIN,2017,87.468925
Finland,FIN,2018,88.88996
Finland,FIN,2019,89.60738
Finland,FIN,2020,92.17027
Finland,FIN,2021,92.80806
Finland,FIN,2022,92.98879
Finland,FIN,2023,93.51385
Finland,FIN,2024,93.72405
France,FRA,1990,0.0528
France,FRA,1991,0.14
France,FRA,1992,0.279
France,FRA,1993,0.591
France,FRA,1994,0.9
France,FRA,1995,1.64
France,FRA,1996,2.58
France,FRA,1997,4.26
France,FRA,1998,6.32
France,FRA,1999,9.13
France,FRA,2000,14.307924
France,FRA,2001,26.325903
France,FRA,2002,30.18
France,FRA,2003,36.14
France,FRA,2004,39.15
France,FRA,2005,42.87
France,FRA,2006,46.87
France,FRA,2007,66.09
France,FRA,2008,70.68
France,FRA,2009,71.58
France,FRA,2010,77.28
France,FRA,2011,77.82
France,FRA,2012,81.44
France,FRA,2013,81.9198
France,FRA,2014,83.7511
France,FRA,2015,78.006035
France,FRA,2016,79.26981
France,FRA,2017,80.50246
France,FRA,2018,82.04319
France,FRA,2019,83.339745
France,FRA,2020,84.7064
France,FRA,2021,86.09549
France,FRA,2022,85.33332
France,FRA,2023,86.83636
France,FRA,2024,88.65382
French Polynesia,PYF,1990,0
French Polynesia,PYF,1996,0.091
French Polynesia,PYF,1997,0.214
French Polynesia,PYF,1998,1.32
French Polynesia,PYF,1999,3.45
French Polynesia,PYF,2000,6.357064
French Polynesia,PYF,2001,6.251589
French Polynesia,PYF,2002,8.200216
French Polynesia,PYF,2003,14.124293
French Polynesia,PYF,2004,17.884537
French Polynesia,PYF,2005,21.542185
French Polynesia,PYF,2006,25.107964
French Polynesia,PYF,2007,28.59
French Polynesia,PYF,2008,33.87
French Polynesia,PYF,2009,44.6
French Polynesia,PYF,2010,49
French Polynesia,PYF,2011,49
French Polynesia,PYF,2012,52.87663
French Polynesia,PYF,2013,56.8
French Polynesia,PYF,2014,60.68
French Polynesia,PYF,2015,64.56021
French Polynesia,PYF,2016,68.44042
French Polynesia,PYF,2017,72.703896
Gabon,GAB,1990,0
Gabon,GAB,1996,0
Gabon,GAB,1997,0.048
Gabon,GAB,1998,0.17
Gabon,GAB,1999,0.249
Gabon,GAB,2000,1.2161406
Gabon,GAB,2001,1.3476202
Gabon,GAB,2002,1.9395301
Gabon,GAB,2003,2.6595867
Gabon,GAB,2004,2.9790697
Gabon,GAB,2005,4.893265
Gabon,GAB,2006,5.4892006
Gabon,GAB,2007,5.767
Gabon,GAB,2008,7.5
Gabon,GAB,2009,9.5
Gabon,GAB,2010,13
Gabon,GAB,2011,18
Gabon,GAB,2012,24
Gabon,GAB,2013,30.538
Gabon,GAB,2014,38.0712
Gabon,GAB,2015,45.7845
Gabon,GAB,2016,48.0523
Gabon,GAB,2017,51.6049
Gabon,GAB,2018,55.4202
Gabon,GAB,2019,59.5176
Gabon,GAB,2020,63.9179
Gabon,GAB,2021,65.7681
Gabon,GAB,2022,67.6717
Gabon,GAB,2023,68.1979
Gabon,GAB,2024,68.7209
Gambia,GMB,1990,0
Gambia,GMB,1995,0.00922
Gambia,GMB,1996,0.0355
Gambia,GMB,1997,0.0513
Gambia,GMB,1998,0.206
Gambia,GMB,1999,0.716
Gambia,GMB,2000,0.9217949
Gambia,GMB,2001,1.3367912
Gambia,GMB,2002,1.7967799
Gambia,GMB,2003,2.4367812
Gambia,GMB,2004,3.3080034
Gambia,GMB,2005,3.799
Gambia,GMB,2006,5.237691
Gambia,GMB,2007,6.2050376
Gambia,GMB,2008,6.88
Gambia,GMB,2009,7.63
Gambia,GMB,2010,9.2
Gambia,GMB,2011,10.8703
Gambia,GMB,2012,12.4492
Gambia,GMB,2013,14
Gambia,GMB,2014,15.56
Gambia,GMB,2015,17.5995
Gambia,GMB,2016,19.9064
Gambia,GMB,2017,22.5156
Gambia,GMB,2018,28.309
Gambia,GMB,2019,31.1183
Gambia,GMB,2020,36.011
Gambia,GMB,2021,41.6731
Gambia,GMB,2022,48.2254
Gambia,GMB,2023,48.7283
Gambia,GMB,2024,49.4943
Georgia,GEO,1990,0
Georgia,GEO,1995,0.0118
Georgia,GEO,1996,0.0401
Georgia,GEO,1997,0.0609
Georgia,GEO,1998,0.103
Georgia,GEO,1999,0.416
Georgia,GEO,2000,0.4847463
Georgia,GEO,2001,0.99234444
Georgia,GEO,2002,1.5878756
Georgia,GEO,2003,2.5588164
Georgia,GEO,2004,3.8862214
Georgia,GEO,2005,6.0795
Georgia,GEO,2006,7.526877
Georgia,GEO,2007,8.26
Georgia,GEO,2008,10.01
Georgia,GEO,2009,20.07
Georgia,GEO,2010,26.9
Georgia,GEO,2011,31.52
Georgia,GEO,2012,36.94
Georgia,GEO,2013,43.3
Georgia,GEO,2014,49.102455
Georgia,GEO,2015,47.56976
Georgia,GEO,2016,58.45929
Georgia,GEO,2017,59.705505
Georgia,GEO,2018,62.717907
Georgia,GEO,2019,68.84671
Georgia,GEO,2020,72.53158
Georgia,GEO,2021,76.44271
Georgia,GEO,2022,78.71127
Georgia,GEO,2023,81.884254
Georgia,GEO,2024,83.79855
Germany,DEU,1990,0.126
Germany,DEU,1991,0.25
Germany,DEU,1992,0.435
Germany,DEU,1993,0.464
Germany,DEU,1994,0.923
Germany,DEU,1995,1.84
Germany,DEU,1996,3.05
Germany,DEU,1997,6.71
Germany,DEU,1998,9.88
Germany,DEU,1999,20.8
Germany,DEU,2000,30.216347
Germany,DEU,2001,31.65094
Germany,DEU,2002,48.82
Germany,DEU,2003,55.9
Germany,DEU,2004,64.73
Germany,DEU,2005,68.71
Germany,DEU,2006,72.16
Germany,DEU,2007,75.16
Germany,DEU,2008,78
Germany,DEU,2009,79
Germany,DEU,2010,82
Germany,DEU,2011,81.27
Germany,DEU,2012,82.35
Germany,DEU,2013,84.17
Germany,DEU,2014,86.1937
Germany,DEU,2015,87.5898
Germany,DEU,2016,84.16521
Germany,DEU,2017,84.39416
Germany,DEU,2018,87.03711
Germany,DEU,2019,88.134514
Germany,DEU,2020,89.81294
Germany,DEU,2021,91.43061
Germany,DEU,2022,91.629845
Germany,DEU,2023,92.47638
Germany,DEU,2024,93.49999
Ghana,GHA,1990,0
Ghana,GHA,1995,0.000348
Ghana,GHA,1996,0.00565
Ghana,GHA,1997,0.0275
Ghana,GHA,1998,0.0322
Ghana,GHA,1999,0.105
Ghana,GHA,2000,0.1536153
Ghana,GHA,2001,0.20000806
Ghana,GHA,2002,0.83028406
Ghana,GHA,2003,1.1930579
Ghana,GHA,2004,1.7167977
Ghana,GHA,2005,1.8311975
Ghana,GHA,2006,2.723176
Ghana,GHA,2007,3.85
Ghana,GHA,2008,4.27
Ghana,GHA,2009,5.44
Ghana,GHA,2010,7.8
Ghana,GHA,2011,9
Ghana,GHA,2012,10.6
Ghana,GHA,2013,15
Ghana,GHA,2014,19
Ghana,GHA,2015,23
Ghana,GHA,2016,28
Ghana,GHA,2017,37.8842
Ghana,GHA,2018,43
Ghana,GHA,2019,22.0732
Ghana,GHA,2020,62.5176
Ghana,GHA,2021,68.6
Ghana,GHA,2022,69.9133
Ghana,GHA,2023,70.6743
Ghana,GHA,2024,72.1757
Gibraltar,GIB,1990,0
Gibraltar,GIB,1997,2.66
Gibraltar,GIB,1998,4.18
Gibraltar,GIB,1999,5.94
Gibraltar,GIB,2000,19.131638
Gibraltar,GIB,2001,21.17111
Gibraltar,GIB,2002,23.67024
Gibraltar,GIB,2003,28.325779
Gibraltar,GIB,2004,32.88608
Gibraltar,GIB,2005,39.07013
Gibraltar,GIB,2006,45.29865
Gibraltar,GIB,2007,51.61
Gibraltar,GIB,2008,58
Gibraltar,GIB,2009,65.07
Gibraltar,GIB,2010,65
Gibraltar,GIB,2011,65
Gibraltar,GIB,2012,65.017
Gibraltar,GIB,2016,94.44447
Greece,GRC,1990,0
Greece,GRC,1991,0.0488
Greece,GRC,1992,0.0483
Greece,GRC,1993,0.191
Greece,GRC,1994,0.378
Greece,GRC,1995,0.75
Greece,GRC,1996,1.4
Greece,GRC,1997,1.85
Greece,GRC,1998,3.22
Greece,GRC,1999,6.88
Greece,GRC,2000,9.138837
Greece,GRC,2001,10.935026
Greece,GRC,2002,14.67
Greece,GRC,2003,17.8
Greece,GRC,2004,21.42
Greece,GRC,2005,24
Greece,GRC,2006,32.25
Greece,GRC,2007,35.88
Greece,GRC,2008,38.2
Greece,GRC,2009,42.4
Greece,GRC,2010,44.4
Greece,GRC,2011,51.649994
Greece,GRC,2012,55.069992
Greece,GRC,2013,59.8663
Greece,GRC,2014,63.20734
Greece,GRC,2015,66.83496
Greece,GRC,2016,69.08791
Greece,GRC,2017,69.89297
Greece,GRC,2018,72.23837
Greece,GRC,2019,75.6712
Greece,GRC,2020,78.115845
Greece,GRC,2021,78.49426
Greece,GRC,2022,83.17066
Greece,GRC,2023,85.01022
Greece,GRC,2024,86.26969
Greenland,GRL,1990,0
Greenland,GRL,1994,0.0647
Greenland,GRL,1995,0.0539
Greenland,GRL,1996,1.8
Greenland,GRL,1997,7.95
Greenland,GRL,1998,14.7
Greenland,GRL,1999,21.6
Greenland,GRL,2000,31.74781
Greenland,GRL,2001,35.464138
Greenland,GRL,2002,44.15479
Greenland,GRL,2003,54.53426
Greenland,GRL,2004,56.099014
Greenland,GRL,2005,57.703403
Greenland,GRL,2006,59.361687
Greenland,GRL,2007,61.07
Greenland,GRL,2008,62.82
Greenland,GRL,2009,62.83
Greenland,GRL,2010,63
Greenland,GRL,2011,64
Greenland,GRL,2012,64.89601
Greenland,GRL,2013,65.8
Greenland,GRL,2014,66.7
Greenland,GRL,2015,67.60044
Greenland,GRL,2016,68.50088
Greenland,GRL,2017,69.48246
Grenada,GRD,1990,0
Grenada,GRD,1991,0
Grenada,GRD,1992,0
Grenada,GRD,1993,0
Grenada,GRD,1994,0
Grenada,GRD,1995,0
Grenada,GRD,1996,0.298
Grenada,GRD,1997,0.991
Grenada,GRD,1998,1.48
Grenada,GRD,1999,2.47
Grenada,GRD,2000,4.063908
Grenada,GRD,2001,5.128104
Grenada,GRD,2002,14.758841
Grenada,GRD,2003,18.645182
Grenada,GRD,2004,19.570621
Grenada,GRD,2005,20.4878
Grenada,GRD,2006,21.396
Grenada,GRD,2007,22.29
Grenada,GRD,2008,23.18
Grenada,GRD,2009,24.05
Grenada,GRD,2010,27
Grenada,GRD,2011,30
Grenada,GRD,2012,32
Grenada,GRD,2013,35
Grenada,GRD,2014,51.6
Grenada,GRD,2015,52.5
Grenada,GRD,2016,53.3
Grenada,GRD,2017,54.2
Grenada,GRD,2018,61.4246
Grenada,GRD,2019,64.3128
Grenada,GRD,2020,65.6538
Grenada,GRD,2021,67.0228
Grenada,GRD,2022,68.4203
Grenada,GRD,2023,69.4131
Grenada,GRD,2024,70.1616
Guam,GUM,1990,0
Guam,GUM,1994,0.348
Guam,GUM,1995,0.66
Guam,GUM,1996,1.36
Guam,GUM,1997,2.34
Guam,GUM,1998,4.5
Guam,GUM,1999,8.5
Guam,GUM,2000,16.113127
Guam,GUM,2001,25.380228
Guam,GUM,2002,31.192295
Guam,GUM,2003,33.716682
Guam,GUM,2004,36.16179
Guam,GUM,2005,38.55988
Guam,GUM,2006,43.851444
Guam,GUM,2007,46.150475
Guam,GUM,2008,48.4187
Guam,GUM,2009,50.64203
Guam,GUM,2010,54.04
Guam,GUM,2011,57.7
Guam,GUM,2012,61.53416
Guam,GUM,2013,65.4
Guam,GUM,2014,69.27
Guam,GUM,2015,73.14
Guam,GUM,2016,77.01
Guam,GUM,2017,80.50546
Guatemala,GTM,1990,0
Guatemala,GTM,1995,0.003
Guatemala,GTM,1996,0.0195
Guatemala,GTM,1997,0.0955
Guatemala,GTM,1998,0.467
Guatemala,GTM,1999,0.593
Guatemala,GTM,2000,0.7123329
Guatemala,GTM,2001,1.7382017
Guatemala,GTM,2002,3.3917463
Guatemala,GTM,2003,4.548855
Guatemala,GTM,2004,5.1
Guatemala,GTM,2005,5.7
Guatemala,GTM,2006,6.5
Guatemala,GTM,2007,7.3
Guatemala,GTM,2008,8.3
Guatemala,GTM,2009,9.3
Guatemala,GTM,2010,10.5
Guatemala,GTM,2011,12.3
Guatemala,GTM,2012,16
Guatemala,GTM,2013,19.7
Guatemala,GTM,2014,23.4
Guatemala,GTM,2015,28.8059
Guatemala,GTM,2016,34.5093
Guatemala,GTM,2017,37.9
Guatemala,GTM,2018,41.5
Guatemala,GTM,2019,44.40105
Guatemala,GTM,2020,47.5123
Guatemala,GTM,2021,50.84165
Guatemala,GTM,2022,54.4043
Guatemala,GTM,2023,56.7267
Guatemala,GTM,2024,60.2214
Guinea,GIN,1990,0
Guinea,GIN,1994,0.000138
Guinea,GIN,1995,0.000669
Guinea,GIN,1996,0.00195
Guinea,GIN,1997,0.0038
Guinea,GIN,1998,0.0062
Guinea,GIN,1999,0.0608
Guinea,GIN,2000,0.09542492
Guinea,GIN,2001,0.17554186
Guinea,GIN,2002,0.40202275
Guinea,GIN,2003,0.45096037
Guinea,GIN,2004,0.50881934
Guinea,GIN,2005,0.5423
Guinea,GIN,2006,0.6375
Guinea,GIN,2007,0.7800253
Guinea,GIN,2008,0.92
Guinea,GIN,2009,0.94
Guinea,GIN,2010,1
Guinea,GIN,2011,2
Guinea,GIN,2012,3.1
Guinea,GIN,2013,4.5
Guinea,GIN,2014,6.4
Guinea,GIN,2015,9.2
Guinea,GIN,2016,13.1
Guinea,GIN,2017,18.7
Guinea,GIN,2018,21.830023
Guinea,GIN,2019,23.8905
Guinea,GIN,2020,26.1455
Guinea,GIN,2021,28.6133
Guinea,GIN,2022,31.314
Guinea,GIN,2023,32.3156
Guinea,GIN,2024,33.3047
Guinea-Bissau,GNB,1990,0
Guinea-Bissau,GNB,1997,0.0164
Guinea-Bissau,GNB,1998,0.0241
Guinea-Bissau,GNB,1999,0.118
Guinea-Bissau,GNB,2000,0.23010316
Guinea-Bissau,GNB,2001,0.29956913
Guinea-Bissau,GNB,2002,1.0229932
Guinea-Bissau,GNB,2003,1.3541975
Guinea-Bissau,GNB,2004,1.8081422
Guinea-Bissau,GNB,2005,1.9014
Guinea-Bissau,GNB,2006,2.0572
Guinea-Bissau,GNB,2007,2.2063
Guinea-Bissau,GNB,2008,2.3548887
Guinea-Bissau,GNB,2009,2.3032806
Guinea-Bissau,GNB,2010,2.45
Guinea-Bissau,GNB,2011,2.672
Guinea-Bissau,GNB,2012,2.894
Guinea-Bissau,GNB,2013,3.1
Guinea-Bissau,GNB,2014,3.32
Guinea-Bissau,GNB,2015,6.1
Guinea-Bissau,GNB,2016,13.8
Guinea-Bissau,GNB,2017,14.8
Guinea-Bissau,GNB,2018,15.7
Guinea-Bissau,GNB,2019,17.9215
Guinea-Bissau,GNB,2020,20.4573
Guinea-Bissau,GNB,2021,23.3519
Guinea-Bissau,GNB,2022,27.6738
Guinea-Bissau,GNB,2023,28.7124
Guinea-Bissau,GNB,2024,29.7774
Guyana,GUY,1990,0
Guyana,GUY,1996,0.0659
Guyana,GUY,1997,0.132
Guyana,GUY,1998,0.264
Guyana,GUY,1999,0.4
Guyana,GUY,2000,0.6
Guyana,GUY,2001,1
Guyana,GUY,2002,1.5
Guyana,GUY,2003,2.4
Guyana,GUY,2004,3.7
Guyana,GUY,2005,5.7
Guyana,GUY,2006,8.9
Guyana,GUY,2007,13.8
Guyana,GUY,2008,18.2
Guyana,GUY,2009,23.9
Guyana,GUY,2010,29.9
Guyana,GUY,2011,30
Guyana,GUY,2012,30.5
Guyana,GUY,2013,31
Guyana,GUY,2014,32
Guyana,GUY,2015,34
Guyana,GUY,2016,35.66
Guyana,GUY,2017,42.6753
Guyana,GUY,2018,48.5989
Guyana,GUY,2019,55.3127
Guyana,GUY,2020,62.954
Guyana,GUY,2021,71.6509
Guyana,GUY,2022,76.5624
Guyana,GUY,2023,79.3553
Guyana,GUY,2024,83.0008
Haiti,HTI,1990,0
Haiti,HTI,1996,0.00748
Haiti,HTI,1998,0.024
Haiti,HTI,1999,0.0707
Haiti,HTI,2000,0.23127072
Haiti,HTI,2001,0.34083232
Haiti,HTI,2002,0.893433
Haiti,HTI,2003,1.6473583
Haiti,HTI,2004,5.401262
Haiti,HTI,2005,6.3762
Haiti,HTI,2006,6.796
Haiti,HTI,2007,7.2
Haiti,HTI,2008,7.6
Haiti,HTI,2009,8.1
Haiti,HTI,2010,8.37
Haiti,HTI,2011,9
Haiti,HTI,2012,9.8
Haiti,HTI,2013,10.6
Haiti,HTI,2014,11.4
Haiti,HTI,2015,14.2
Haiti,HTI,2016,22.8
Haiti,HTI,2017,27.2
Haiti,HTI,2018,32.47363
Haiti,HTI,2019,35.7641
Haiti,HTI,2020,39.3881
Haiti,HTI,2021,43.3792
Haiti,HTI,2022,47.7747
Haiti,HTI,2023,47.9927
Haiti,HTI,2024,47.8614
High-income countries,OWID_HIC,2005,52.9
High-income countries,OWID_HIC,2006,55.7
High-income countries,OWID_HIC,2007,61.3
High-income countries,OWID_HIC,2008,64
High-income countries,OWID_HIC,2009,66.4
High-income countries,OWID_HIC,2010,69
High-income countries,OWID_HIC,2011,70.4
High-income countries,OWID_HIC,2012,73.7
High-income countries,OWID_HIC,2013,75.1
High-income countries,OWID_HIC,2014,77
High-income countries,OWID_HIC,2015,78.3
High-income countries,OWID_HIC,2016,82.5
High-income countries,OWID_HIC,2017,84.2
High-income countries,OWID_HIC,2018,86.3
High-income countries,OWID_HIC,2019,87.5
High-income countries,OWID_HIC,2020,88.4
High-income countries,OWID_HIC,2021,90
High-income countries,OWID_HIC,2022,91
High-income countries,OWID_HIC,2023,91.9
High-income countries,OWID_HIC,2024,93
High-income countries,OWID_HIC,2025,94.2
Honduras,HND,1990,0
Honduras,HND,1995,0.0368
Honduras,HND,1996,0.0437
Honduras,HND,1997,0.171
Honduras,HND,1998,0.301
Honduras,HND,1999,0.574
Honduras,HND,2000,1.203856
Honduras,HND,2001,1.4152819
Honduras,HND,2002,2.5974026
Honduras,HND,2003,4.8
Honduras,HND,2004,5.6
Honduras,HND,2005,6.5
Honduras,HND,2006,7.8
Honduras,HND,2007,9.4
Honduras,HND,2008,9.6
Honduras,HND,2009,9.8
Honduras,HND,2010,11.09
Honduras,HND,2011,15.9
Honduras,HND,2012,18.12
Honduras,HND,2013,17.8
Honduras,HND,2014,23
Honduras,HND,2015,27.139545
Honduras,HND,2016,29.528217
Honduras,HND,2017,31.735792
Honduras,HND,2018,36.040062
Honduras,HND,2019,39.38835
Honduras,HND,2020,45.2483
Honduras,HND,2021,51.9516
Honduras,HND,2022,56.8807
Honduras,HND,2023,58.0686
Honduras,HND,2024,58.6227
Hong Kong,HKG,1990,0
Hong Kong,HKG,1991,0.121
Hong Kong,HKG,1992,0.85
Hong Kong,HKG,1993,1.33
Hong Kong,HKG,1994,2.78
Hong Kong,HKG,1995,3.22
Hong Kong,HKG,1996,4.75
Hong Kong,HKG,1997,10.5
Hong Kong,HKG,1998,14.5
Hong Kong,HKG,1999,21.2
Hong Kong,HKG,2000,27.82776
Hong Kong,HKG,2001,38.671402
Hong Kong,HKG,2002,43.082382
Hong Kong,HKG,2003,52.200043
Hong Kong,HKG,2004,56.39988
Hong Kong,HKG,2005,56.9
Hong Kong,HKG,2006,60.8
Hong Kong,HKG,2007,64.8
Hong Kong,HKG,2008,66.7
Hong Kong,HKG,2009,69.4
Hong Kong,HKG,2010,72
Hong Kong,HKG,2011,72.2
Hong Kong,HKG,2012,72.9
Hong Kong,HKG,2013,74.2
Hong Kong,HKG,2014,79.86627
Hong Kong,HKG,2015,84.94836
Hong Kong,HKG,2016,87.479416
Hong Kong,HKG,2017,89.41595
Hong Kong,HKG,2018,90.50739
Hong Kong,HKG,2019,91.7434
Hong Kong,HKG,2020,92.41314
Hong Kong,HKG,2021,93.08716
Hong Kong,HKG,2022,95.61357
Hong Kong,HKG,2023,95.97782
Hong Kong,HKG,2024,95.75537
Hungary,HUN,1990,0
Hungary,HUN,1991,0.00338
Hungary,HUN,1992,0.0484
Hungary,HUN,1993,0.193
Hungary,HUN,1994,0.484
Hungary,HUN,1995,0.677
Hungary,HUN,1996,0.969
Hungary,HUN,1997,1.94
Hungary,HUN,1998,3.89
Hungary,HUN,1999,5.86
Hungary,HUN,2000,6.999676
Hungary,HUN,2001,14.528554
Hungary,HUN,2002,16.67
Hungary,HUN,2003,21.63
Hungary,HUN,2004,27.74
Hungary,HUN,2005,38.97
Hungary,HUN,2006,47.06
Hungary,HUN,2007,53.3
Hungary,HUN,2008,61
Hungary,HUN,2009,62
Hungary,HUN,2010,65
Hungary,HUN,2011,68.01999
Hungary,HUN,2012,70.58
Hungary,HUN,2013,72.6439
Hungary,HUN,2014,75.6532
Hungary,HUN,2015,72.83474
Hungary,HUN,2016,79.259415
Hungary,HUN,2017,76.75055
Hungary,HUN,2018,76.07436
Hungary,HUN,2019,80.3717
Hungary,HUN,2020,84.77115
Hungary,HUN,2021,88.64083
Hungary,HUN,2022,89.14283
Hungary,HUN,2023,91.45007
Hungary,HUN,2024,93.778984
Iceland,ISL,1990,0
Iceland,ISL,1991,0.505
Iceland,ISL,1992,1.54
Iceland,ISL,1993,2.67
Iceland,ISL,1994,6.79
Iceland,ISL,1995,11.2
Iceland,ISL,1996,14.8
Iceland,ISL,1997,27.5
Iceland,ISL,1998,36.3
Iceland,ISL,1999,41.3
Iceland,ISL,2000,44.470535
Iceland,ISL,2001,49.392994
Iceland,ISL,2002,79.12
Iceland,ISL,2003,83.14
Iceland,ISL,2004,83.88
Iceland,ISL,2005,87
Iceland,ISL,2006,89.51
Iceland,ISL,2007,90.6
Iceland,ISL,2008,91
Iceland,ISL,2009,93
Iceland,ISL,2010,93.39
Iceland,ISL,2011,94.81969
Iceland,ISL,2012,96.2098
Iceland,ISL,2013,96.5468
Iceland,ISL,2014,98.15802
Iceland,ISL,2015,98.2
Iceland,ISL,2016,98.24
Iceland,ISL,2017,98.2552
Iceland,ISL,2018,99.010956
Iceland,ISL,2019,99.504944
Iceland,ISL,2020,99.53275
Iceland,ISL,2021,99.68702
Iceland,ISL,2022,97.5834
Iceland,ISL,2023,97.9486
Iceland,ISL,2024,98.2092
India,IND,1990,0
India,IND,1992,0.000111
India,IND,1993,0.000218
India,IND,1994,0.00107
India,IND,1995,0.0262
India,IND,1996,0.0463
India,IND,1997,0.0708
India,IND,1998,0.139
India,IND,1999,0.273
India,IND,2000,0.52753246
India,IND,2001,0.66014636
India,IND,2002,1.5378755
India,IND,2003,1.6864899
India,IND,2004,1.9761364
India,IND,2005,2.3881
India,IND,2006,2.8054998
India,IND,2007,3.95
India,IND,2008,4.38
India,IND,2009,5.12
India,IND,2010,7.5
India,IND,2011,10.07
India,IND,2012,11.1
India,IND,2013,12.3
India,IND,2014,13.5
India,IND,2015,14.9
India,IND,2016,16.5
India,IND,2017,18.2
India,IND,2018,20.0813
India,IND,2019,29.5235
India,IND,2020,43.40544
India,IND,2021,49.2581
India,IND,2022,55.9
India,IND,2023,60.2523
India,IND,2024,64.9435
India,IND,2025,70
Indonesia,IDN,1990,0
Indonesia,IDN,1994,0.00106
Indonesia,IDN,1995,0.0261
Indonesia,IDN,1996,0.0566
Indonesia,IDN,1997,0.195
Indonesia,IDN,1998,0.255
Indonesia,IDN,1999,0.444
Indonesia,IDN,2000,0.9255639
Indonesia,IDN,2001,2.0186138
Indonesia,IDN,2002,2.1341357
Indonesia,IDN,2003,2.3870199
Indonesia,IDN,2004,2.6002858
Indonesia,IDN,2005,3.6020248
Indonesia,IDN,2006,4.764813
Indonesia,IDN,2007,5.786275
Indonesia,IDN,2008,7.9175
Indonesia,IDN,2009,6.92
Indonesia,IDN,2010,10.92
Indonesia,IDN,2011,12.28
Indonesia,IDN,2012,14.52
Indonesia,IDN,2013,14.94
Indonesia,IDN,2014,17.14316
Indonesia,IDN,2015,22.062742
Indonesia,IDN,2016,25.447353
Indonesia,IDN,2017,32.335808
Indonesia,IDN,2018,39.90464
Indonesia,IDN,2019,47.690647
Indonesia,IDN,2020,53.726494
Indonesia,IDN,2021,62.104477
Indonesia,IDN,2022,66.48461
Indonesia,IDN,2023,69.20837
Indonesia,IDN,2024,72.780754
Iran,IRN,1990,0
Iran,IRN,1994,0.000408
Iran,IRN,1995,0.00418
Iran,IRN,1996,0.0158
Iran,IRN,1997,0.0468
Iran,IRN,1998,0.0998
Iran,IRN,1999,0.379
Iran,IRN,2000,0.93419003
Iran,IRN,2001,1.4842213
Iran,IRN,2002,4.626175
Iran,IRN,2003,6.933722
Iran,IRN,2004,7.49
Iran,IRN,2005,8.1
Iran,IRN,2006,8.76
Iran,IRN,2007,9.47
Iran,IRN,2008,12.02
Iran,IRN,2009,13.8
Iran,IRN,2010,15.9
Iran,IRN,2011,19
Iran,IRN,2012,22.73
Iran,IRN,2013,29.95
Iran,IRN,2014,39.353615
Iran,IRN,2015,45.334976
Iran,IRN,2016,53.226772
Iran,IRN,2017,64.043976
Iran,IRN,2018,70.20056
Iran,IRN,2019,72.450905
Iran,IRN,2020,75.56987
Iran,IRN,2021,78.59573
Iran,IRN,2022,81.7165
Iran,IRN,2023,83.7105
Iran,IRN,2024,85.3404
Iraq,IRQ,1990,0
Iraq,IRQ,2001,0.1
Iraq,IRQ,2002,0.5
Iraq,IRQ,2003,0.6
Iraq,IRQ,2004,0.9
Iraq,IRQ,2005,0.9
Iraq,IRQ,2006,0.95234424
Iraq,IRQ,2007,0.93
Iraq,IRQ,2008,1
Iraq,IRQ,2009,1.06
Iraq,IRQ,2010,2.5
Iraq,IRQ,2011,5
Iraq,IRQ,2012,7.1
Iraq,IRQ,2013,9.2
Iraq,IRQ,2014,11.645327
Iraq,IRQ,2015,15.2144
Iraq,IRQ,2016,19.8772
Iraq,IRQ,2017,25.9692
Iraq,IRQ,2018,33.9281
Iraq,IRQ,2019,44.326347
Iraq,IRQ,2020,53.6778
Iraq,IRQ,2021,65.0022
Iraq,IRQ,2022,78.71561
Iraq,IRQ,2023,81.8089
Iraq,IRQ,2024,81.4745
Ireland,IRL,1990,0
Ireland,IRL,1991,0.0568
Ireland,IRL,1992,0.17
Ireland,IRL,1993,0.281
Ireland,IRL,1994,0.558
Ireland,IRL,1995,1.11
Ireland,IRL,1996,2.2
Ireland,IRL,1997,4.09
Ireland,IRL,1998,8.1
Ireland,IRL,1999,10.9
Ireland,IRL,2000,17.850468
Ireland,IRL,2001,23.138813
Ireland,IRL,2002,25.85
Ireland,IRL,2003,34.31
Ireland,IRL,2004,36.99
Ireland,IRL,2005,41.61
Ireland,IRL,2006,54.82
Ireland,IRL,2007,61.158325
Ireland,IRL,2008,65.34
Ireland,IRL,2009,67.38
Ireland,IRL,2010,69.85
Ireland,IRL,2011,74.88998
Ireland,IRL,2012,76.91999
Ireland,IRL,2013,78.2477
Ireland,IRL,2014,83.49172
Ireland,IRL,2015,83.49479
Ireland,IRL,2016,83.5
Ireland,IRL,2017,84.114006
Ireland,IRL,2018,87.00014
Ireland,IRL,2019,87.00005
Ireland,IRL,2020,91.99989
Ireland,IRL,2021,93.5061
Ireland,IRL,2022,95.0369
Ireland,IRL,2023,96.8661
Ireland,IRL,2024,97.1877
Israel,ISR,1990,0.111
Israel,ISR,1991,0.215
Israel,ISR,1992,0.311
Israel,ISR,1993,0.399
Israel,ISR,1994,0.577
Israel,ISR,1995,0.93
Israel,ISR,1996,2.17
Israel,ISR,1997,4.4
Israel,ISR,1998,10.3
Israel,ISR,1999,13.4
Israel,ISR,2000,20.87379
Israel,ISR,2001,17.378624
Israel,ISR,2002,17.764599
Israel,ISR,2003,19.593393
Israel,ISR,2004,22.770485
Israel,ISR,2005,25.194
Israel,ISR,2006,27.8811
Israel,ISR,2007,48.128063
Israel,ISR,2008,59.39
Israel,ISR,2009,63.12
Israel,ISR,2010,67.5
Israel,ISR,2011,68.87388
Israel,ISR,2012,70.8
Israel,ISR,2013,70.25031
Israel,ISR,2014,75.01775
Israel,ISR,2015,77.35209
Israel,ISR,2016,79.65312
Israel,ISR,2017,81.581184
Israel,ISR,2018,83.733154
Israel,ISR,2019,86.78788
Israel,ISR,2020,90.12734
Israel,ISR,2021,90.2969
Israel,ISR,2022,91.8508
Israel,ISR,2023,87.03843
Israel,ISR,2024,88.18242
Italy,ITA,1990,0.0175
Italy,ITA,1991,0.0351
Italy,ITA,1992,0.0701
Italy,ITA,1993,0.122
Italy,ITA,1994,0.192
Italy,ITA,1995,0.524
Italy,ITA,1996,1.02
Italy,ITA,1997,2.28
Italy,ITA,1998,4.56
Italy,ITA,1999,14.4
Italy,ITA,2000,23.110874
Italy,ITA,2001,27.222116
Italy,ITA,2002,28.04
Italy,ITA,2003,29.04
Italy,ITA,2004,33.24
Italy,ITA,2005,35
Italy,ITA,2006,37.99
Italy,ITA,2007,40.79
Italy,ITA,2008,44.53
Italy,ITA,2009,48.83
Italy,ITA,2010,53.68
Italy,ITA,2011,54.39
Italy,ITA,2012,55.829998
Italy,ITA,2013,58.4593
Italy,ITA,2014,55.638462
Italy,ITA,2015,58.141735
Italy,ITA,2016,61.324253
Italy,ITA,2017,63.077347
Italy,ITA,2018,74.387184
Italy,ITA,2019,67.85071
Italy,ITA,2020,70.48343
Italy,ITA,2021,74.86233
Italy,ITA,2022,85.060745
Italy,ITA,2023,87.02783
Italy,ITA,2024,89.22072
Jamaica,JAM,1990,0
Jamaica,JAM,1994,0.0368
Jamaica,JAM,1995,0.109
Jamaica,JAM,1996,0.591
Jamaica,JAM,1997,0.798
Jamaica,JAM,1998,1.98
Jamaica,JAM,1999,2.36
Jamaica,JAM,2000,3.115778
Jamaica,JAM,2001,3.8630204
Jamaica,JAM,2002,6.1
Jamaica,JAM,2003,7.8
Jamaica,JAM,2004,10
Jamaica,JAM,2005,12.8
Jamaica,JAM,2006,16.4
Jamaica,JAM,2007,21.1
Jamaica,JAM,2008,23.6
Jamaica,JAM,2009,24.3
Jamaica,JAM,2010,27.67
Jamaica,JAM,2011,37.438614
Jamaica,JAM,2012,33.79
Jamaica,JAM,2013,37.1
Jamaica,JAM,2014,40.402737
Jamaica,JAM,2015,42.221222
Jamaica,JAM,2016,44.366856
Jamaica,JAM,2017,55.072067
Jamaica,JAM,2018,68.214516
Jamaica,JAM,2019,70.84102
Jamaica,JAM,2020,76.384
Jamaica,JAM,2021,82.36072
Jamaica,JAM,2022,85.8433
Jamaica,JAM,2023,89.473045
Jamaica,JAM,2024,90.1087
Japan,JPN,1990,0.0203
Japan,JPN,1991,0.0404
Japan,JPN,1992,0.0967
Japan,JPN,1993,0.401
Japan,JPN,1994,0.8
Japan,JPN,1995,1.59
Japan,JPN,1996,4.37
Japan,JPN,1997,9.16
Japan,JPN,1998,13.4
Japan,JPN,1999,21.4
Japan,JPN,2000,29.99074
Japan,JPN,2001,38.532063
Japan,JPN,2002,46.5942
Japan,JPN,2003,48.435265
Japan,JPN,2004,62.39393
Japan,JPN,2005,66.92107
Japan,JPN,2006,68.68527
Japan,JPN,2007,74.3
Japan,JPN,2008,75.4
Japan,JPN,2009,78
Japan,JPN,2010,78.21
Japan,JPN,2011,79.054115
Japan,JPN,2012,79.4964
Japan,JPN,2013,88.21943
Japan,JPN,2014,89.106834
Japan,JPN,2015,91.05803
Japan,JPN,2016,93.182724
Japan,JPN,2017,91.72655
Japan,JPN,2018,88.74635
Japan,JPN,2019,92.7304
Japan,JPN,2020,90.21946
Japan,JPN,2021,82.91408
Japan,JPN,2022,84.92343
Japan,JPN,2023,85.0099
Japan,JPN,2024,85.541534
Jordan,JOR,1990,0
Jordan,JOR,1995,0.0232
Jordan,JOR,1996,0.0449
Jordan,JOR,1997,0.599
Jordan,JOR,1998,1.31
Jordan,JOR,1999,2.53
Jordan,JOR,2000,2.6232755
Jordan,JOR,2001,4.7057195
Jordan,JOR,2002,6.0255322
Jordan,JOR,2003,8.466005
Jordan,JOR,2004,11.658741
Jordan,JOR,2005,12.9329
Jordan,JOR,2006,13.8671
Jordan,JOR,2007,20
Jordan,JOR,2008,23
Jordan,JOR,2009,26
Jordan,JOR,2010,27.2
Jordan,JOR,2011,34.9
Jordan,JOR,2012,37
Jordan,JOR,2013,41.4
Jordan,JOR,2014,46.2
Jordan,JOR,2015,54.22
Jordan,JOR,2016,56.15
Jordan,JOR,2017,64.5
Jordan,JOR,2018,65.2
Jordan,JOR,2019,70.0847
Jordan,JOR,2020,78.4178
Jordan,JOR,2021,86
Jordan,JOR,2022,90.5
Jordan,JOR,2023,92.53444
Jordan,JOR,2024,95.62245
Kazakhstan,KAZ,1990,0
Kazakhstan,KAZ,1994,0.000521
Kazakhstan,KAZ,1995,0.0113
Kazakhstan,KAZ,1996,0.0318
Kazakhstan,KAZ,1997,0.0646
Kazakhstan,KAZ,1998,0.131
Kazakhstan,KAZ,1999,0.464
Kazakhstan,KAZ,2000,0.6685944
Kazakhstan,KAZ,2001,1.0061243
Kazakhstan,KAZ,2002,1.674771
Kazakhstan,KAZ,2003,2.0004148
Kazakhstan,KAZ,2004,2.6503947
Kazakhstan,KAZ,2005,2.9617
Kazakhstan,KAZ,2006,3.2684
Kazakhstan,KAZ,2007,4.02
Kazakhstan,KAZ,2008,11
Kazakhstan,KAZ,2009,18.2
Kazakhstan,KAZ,2010,31.6
Kazakhstan,KAZ,2011,50.6
Kazakhstan,KAZ,2012,61.906628
Kazakhstan,KAZ,2013,63.304226
Kazakhstan,KAZ,2014,66
Kazakhstan,KAZ,2015,70.82993
Kazakhstan,KAZ,2016,74.58772
Kazakhstan,KAZ,2017,76.42675
Kazakhstan,KAZ,2018,78.903915
Kazakhstan,KAZ,2019,81.87762
Kazakhstan,KAZ,2020,85.9426
Kazakhstan,KAZ,2021,90.92395
Kazakhstan,KAZ,2022,92.29685
Kazakhstan,KAZ,2023,92.87846
Kazakhstan,KAZ,2024,93.39167
Kenya,KEN,1990,0
Kenya,KEN,1995,0.000727
Kenya,KEN,1996,0.00884
Kenya,KEN,1997,0.0344
Kenya,KEN,1998,0.0503
Kenya,KEN,1999,0.114
Kenya,KEN,2000,0.3180597
Kenya,KEN,2001,0.61978227
Kenya,KEN,2002,1.2077739
Kenya,KEN,2003,2.9419029
Kenya,KEN,2004,3.023528
Kenya,KEN,2005,3.1019
Kenya,KEN,2006,3.6
Kenya,KEN,2007,4.4
Kenya,KEN,2008,5.2
Kenya,KEN,2009,6.1
Kenya,KEN,2010,7.2
Kenya,KEN,2011,8.8
Kenya,KEN,2012,10.5
Kenya,KEN,2013,13
Kenya,KEN,2014,16.5
Kenya,KEN,2015,16.587854
Kenya,KEN,2016,16.6
Kenya,KEN,2017,17.8271
Kenya,KEN,2018,19.5
Kenya,KEN,2019,22.668774
Kenya,KEN,2020,24.7228
Kenya,KEN,2021,26.9629
Kenya,KEN,2022,29.4059
Kenya,KEN,2023,32.0704
Kenya,KEN,2024,34.976227
Kiribati,KIR,1990,0
Kiribati,KIR,1998,0.617
Kiribati,KIR,1999,1.21
Kiribati,KIR,2000,1.7852255
Kiribati,KIR,2001,2.3374588
Kiribati,KIR,2002,2.5
Kiribati,KIR,2003,3
Kiribati,KIR,2004,3.5
Kiribati,KIR,2005,4
Kiribati,KIR,2006,4.5
Kiribati,KIR,2007,6
Kiribati,KIR,2008,7
Kiribati,KIR,2009,8.97
Kiribati,KIR,2010,9.07
Kiribati,KIR,2011,10
Kiribati,KIR,2012,10.7468
Kiribati,KIR,2013,11.5
Kiribati,KIR,2014,12.25
Kiribati,KIR,2015,14.9
Kiribati,KIR,2016,19.4194
Kiribati,KIR,2017,25.3096
Kiribati,KIR,2018,32.9864
Kiribati,KIR,2019,41.793
Kiribati,KIR,2020,52.9509
Kiribati,KIR,2021,67.0876
Kiribati,KIR,2022,84.9985
Kiribati,KIR,2023,88
Kiribati,KIR,2024,89.4403
Kosovo,OWID_KOS,2017,83.8936
Kosovo,OWID_KOS,2018,89.44303
Kuwait,KWT,1990,0
Kuwait,KWT,1993,0.0911
Kuwait,KWT,1994,0.147
Kuwait,KWT,1995,0.203
Kuwait,KWT,1996,0.856
Kuwait,KWT,1997,2.17
Kuwait,KWT,1998,3.05
Kuwait,KWT,1999,4.76
Kuwait,KWT,2000,6.7313957
Kuwait,KWT,2001,8.551792
Kuwait,KWT,2002,10.248968
Kuwait,KWT,2003,22.402939
Kuwait,KWT,2004,22.927113
Kuwait,KWT,2005,25.9261
Kuwait,KWT,2006,28.7912
Kuwait,KWT,2007,34.8
Kuwait,KWT,2008,42
Kuwait,KWT,2009,50.8
Kuwait,KWT,2010,61.4
Kuwait,KWT,2011,65.76907
Kuwait,KWT,2012,70.45
Kuwait,KWT,2013,75.46
Kuwait,KWT,2014,78.7
Kuwait,KWT,2015,82
Kuwait,KWT,2016,85.6
Kuwait,KWT,2017,97.99999
Kuwait,KWT,2018,99.59885
Kuwait,KWT,2019,99.54268
Kuwait,KWT,2020,99.10587
Kuwait,KWT,2021,99.7
Kuwait,KWT,2022,99.7473
Kuwait,KWT,2023,99.747314
Kuwait,KWT,2024,99.7473
Kuwait,KWT,2025,100
Kyrgyzstan,KGZ,1990,0
Kyrgyzstan,KGZ,1998,0.0728
Kyrgyzstan,KGZ,1999,0.205
Kyrgyzstan,KGZ,2000,1.0414011
Kyrgyzstan,KGZ,2001,3.0029414
Kyrgyzstan,KGZ,2002,2.9992652
Kyrgyzstan,KGZ,2003,3.9087663
Kyrgyzstan,KGZ,2004,5.0903854
Kyrgyzstan,KGZ,2005,10.5338
Kyrgyzstan,KGZ,2006,12.3069
Kyrgyzstan,KGZ,2007,14.03
Kyrgyzstan,KGZ,2008,15.7
Kyrgyzstan,KGZ,2009,16
Kyrgyzstan,KGZ,2010,16.3
Kyrgyzstan,KGZ,2011,17.5
Kyrgyzstan,KGZ,2012,19.8
Kyrgyzstan,KGZ,2013,23
Kyrgyzstan,KGZ,2014,28.3
Kyrgyzstan,KGZ,2015,30.247
Kyrgyzstan,KGZ,2016,40.5262
Kyrgyzstan,KGZ,2017,50.8053
Kyrgyzstan,KGZ,2018,62.8
Kyrgyzstan,KGZ,2019,64.1
Kyrgyzstan,KGZ,2020,72
Kyrgyzstan,KGZ,2021,77.1177
Kyrgyzstan,KGZ,2022,84.1937
Kyrgyzstan,KGZ,2023,91.0444
Kyrgyzstan,KGZ,2024,92.0286
Laos,LAO,1990,0
Laos,LAO,1998,0.00966
Laos,LAO,1999,0.0378
Laos,LAO,2000,0.111044034
Laos,LAO,2001,0.18166447
Laos,LAO,2002,0.26789925
Laos,LAO,2003,0.33391246
Laos,LAO,2004,0.3614345
Laos,LAO,2005,0.8504
Laos,LAO,2006,1.1699
Laos,LAO,2007,1.64
Laos,LAO,2008,3.55
Laos,LAO,2009,6
Laos,LAO,2010,7
Laos,LAO,2011,9
Laos,LAO,2012,10.7477
Laos,LAO,2013,12.5
Laos,LAO,2014,14.26
Laos,LAO,2015,18.2
Laos,LAO,2016,21.87
Laos,LAO,2017,25.5104
Laos,LAO,2018,36.2713
Laos,LAO,2019,47.0323
Laos,LAO,2020,54
Laos,LAO,2021,62
Laos,LAO,2022,64.54
Laos,LAO,2023,64.398
Laos,LAO,2024,65.5927
Latin America and Caribbean (WB),WB_LAC,2005,16.6
Latin America and Caribbean (WB),WB_LAC,2006,20.7
Latin America and Caribbean (WB),WB_LAC,2007,23.7
Latin America and Caribbean (WB),WB_LAC,2008,26.4
Latin America and Caribbean (WB),WB_LAC,2009,31
Latin America and Caribbean (WB),WB_LAC,2010,34.6
Latin America and Caribbean (WB),WB_LAC,2011,39.3
Latin America and Caribbean (WB),WB_LAC,2012,43
Latin America and Caribbean (WB),WB_LAC,2013,46.1
Latin America and Caribbean (WB),WB_LAC,2014,48.7
Latin America and Caribbean (WB),WB_LAC,2015,54.4
Latin America and Caribbean (WB),WB_LAC,2016,57.5
Latin America and Caribbean (WB),WB_LAC,2017,60.2
Latin America and Caribbean (WB),WB_LAC,2018,63.5
Latin America and Caribbean (WB),WB_LAC,2019,67.8
Latin America and Caribbean (WB),WB_LAC,2020,73.8
Latin America and Caribbean (WB),WB_LAC,2021,75.8
Latin America and Caribbean (WB),WB_LAC,2022,77.1
Latin America and Caribbean (WB),WB_LAC,2023,80
Latin America and Caribbean (WB),WB_LAC,2024,81.7
Latin America and Caribbean (WB),WB_LAC,2025,83.7
Latvia,LVA,1990,0
Latvia,LVA,1996,0.813
Latvia,LVA,1997,2.05
Latvia,LVA,1998,3.32
Latvia,LVA,1999,4.39
Latvia,LVA,2000,6.319062
Latvia,LVA,2001,7.219346
Latvia,LVA,2002,21.94
Latvia,LVA,2003,26.98
Latvia,LVA,2004,38.58
Latvia,LVA,2005,46
Latvia,LVA,2006,53.63
Latvia,LVA,2007,59.17
Latvia,LVA,2008,63.41
Latvia,LVA,2009,66.84
Latvia,LVA,2010,68.42
Latvia,LVA,2011,69.749954
Latvia,LVA,2012,73.11994
Latvia,LVA,2013,75.2344
Latvia,LVA,2014,75.8261
Latvia,LVA,2015,79.200584
Latvia,LVA,2016,79.842094
Latvia,LVA,2017,80.114075
Latvia,LVA,2018,83.57717
Latvia,LVA,2019,86.13546
Latvia,LVA,2020,88.897964
Latvia,LVA,2021,91.17965
Latvia,LVA,2022,91.03009
Latvia,LVA,2023,92.18791
Latvia,LVA,2024,92.70757
Lebanon,LBN,1990,0
Lebanon,LBN,1995,0.0716
Lebanon,LBN,1996,0.14
Lebanon,LBN,1997,1.24
Lebanon,LBN,1998,2.72
Lebanon,LBN,1999,5.38
Lebanon,LBN,2000,7.9527435
Lebanon,LBN,2001,6.78322
Lebanon,LBN,2002,7
Lebanon,LBN,2003,8
Lebanon,LBN,2004,9
Lebanon,LBN,2005,10.14
Lebanon,LBN,2006,15
Lebanon,LBN,2007,18.74
Lebanon,LBN,2008,22.53
Lebanon,LBN,2009,30.14
Lebanon,LBN,2010,43.68
Lebanon,LBN,2011,52
Lebanon,LBN,2012,61.2498
Lebanon,LBN,2013,70.5
Lebanon,LBN,2014,73
Lebanon,LBN,2015,74
Lebanon,LBN,2016,76.11
Lebanon,LBN,2017,78.1808
Lebanon,LBN,2018,80.9
Lebanon,LBN,2019,81.4812
Lebanon,LBN,2020,82.0665
Lebanon,LBN,2021,82.656
Lebanon,LBN,2022,81.4648
Lebanon,LBN,2023,81.7059
Lebanon,LBN,2024,80.634
Lesotho,LSO,1990,0
Lesotho,LSO,1996,0.00285
Lesotho,LSO,1997,0.00558
Lesotho,LSO,1998,0.011
Lesotho,LSO,1999,0.0538
Lesotho,LSO,2000,0.21180607
Lesotho,LSO,2001,0.26115006
Lesotho,LSO,2002,1.0839431
Lesotho,LSO,2003,1.5324966
Lesotho,LSO,2004,2.1755242
Lesotho,LSO,2005,2.5802
Lesotho,LSO,2006,2.9797082
Lesotho,LSO,2007,3.4454312
Lesotho,LSO,2008,3.58
Lesotho,LSO,2009,3.72
Lesotho,LSO,2010,3.86
Lesotho,LSO,2011,7
Lesotho,LSO,2012,10
Lesotho,LSO,2013,15
Lesotho,LSO,2014,22
Lesotho,LSO,2015,25
Lesotho,LSO,2016,32.453857
Lesotho,LSO,2017,39
Lesotho,LSO,2018,40.8
Lesotho,LSO,2019,42.301735
Lesotho,LSO,2020,43.6575
Lesotho,LSO,2021,45.0567
Lesotho,LSO,2022,48.0696
Lesotho,LSO,2023,48.9859
Lesotho,LSO,2024,51.7966
Liberia,LBR,1990,0
Liberia,LBR,1997,0.00449
Liberia,LBR,1998,0.0041
Liberia,LBR,1999,0.0113
Liberia,LBR,2000,0.017702706
Liberia,LBR,2001,0.03381223
Liberia,LBR,2002,0.03271331
Liberia,LBR,2003,0.031868935
Liberia,LBR,2004,0.031011185
Liberia,LBR,2005,0.5514
Liberia,LBR,2006,0.53
Liberia,LBR,2007,0.5514
Liberia,LBR,2008,0.53
Liberia,LBR,2009,2
Liberia,LBR,2010,2.3
Liberia,LBR,2011,2.5
Liberia,LBR,2012,2.6
Liberia,LBR,2013,3.2
Liberia,LBR,2014,5.41
Liberia,LBR,2015,10
Liberia,LBR,2016,15.7
Liberia,LBR,2017,16.3
Liberia,LBR,2018,17.2777
Liberia,LBR,2019,19.8958
Liberia,LBR,2020,22.9107
Liberia,LBR,2021,26.3823
Liberia,LBR,2022,30.3801
Liberia,LBR,2023,31.2241
Liberia,LBR,2024,32.2336
Libya,LBY,1990,0
Libya,LBY,1999,0.134
Libya,LBY,2000,0.18704262
Libya,LBY,2001,0.3665332
Libya,LBY,2002,2.2444181
Libya,LBY,2003,2.814518
Libya,LBY,2004,3.532838
Libya,LBY,2005,3.9178
Libya,LBY,2006,4.3011
Libya,LBY,2007,4.721999
Libya,LBY,2008,9
Libya,LBY,2009,10.8
Libya,LBY,2010,14
Libya,LBY,2011,14
Libya,LBY,2012,15.2
Libya,LBY,2013,16.5
Libya,LBY,2014,17.76
Libya,LBY,2015,25
Libya,LBY,2016,35
Libya,LBY,2017,47.5
Libya,LBY,2018,47.5
Libya,LBY,2019,71.4041
Libya,LBY,2020,74.3581
Libya,LBY,2021,77.4388
Libya,LBY,2022,80.6472
Libya,LBY,2023,82.1047
Libya,LBY,2024,81.9545
Liechtenstein,LIE,1990,0
Liechtenstein,LIE,2000,36.51523
Liechtenstein,LIE,2001,45.11685
Liechtenstein,LIE,2002,59.47071
Liechtenstein,LIE,2003,58.809692
Liechtenstein,LIE,2004,64.00745
Liechtenstein,LIE,2005,63.3714
Liechtenstein,LIE,2006,64.2142
Liechtenstein,LIE,2007,65.0802
Liechtenstein,LIE,2008,70
Liechtenstein,LIE,2009,75
Liechtenstein,LIE,2010,80
Liechtenstein,LIE,2011,85
Liechtenstein,LIE,2012,89.4077
Liechtenstein,LIE,2013,93.8
Liechtenstein,LIE,2014,95.21
Liechtenstein,LIE,2015,96.6412
Liechtenstein,LIE,2016,98.0939
Liechtenstein,LIE,2017,99.5466
Liechtenstein,LIE,2019,93.1461
Liechtenstein,LIE,2020,94.35
Liechtenstein,LIE,2021,95.5694
Liechtenstein,LIE,2022,97.8807
Liechtenstein,LIE,2023,98.1323
Liechtenstein,LIE,2024,98.2642
Lithuania,LTU,1990,0
Lithuania,LTU,1996,0.277
Lithuania,LTU,1997,0.978
Lithuania,LTU,1998,1.97
Lithuania,LTU,1999,2.92
Lithuania,LTU,2000,6.4270673
Lithuania,LTU,2001,7.179357
Lithuania,LTU,2002,17.69
Lithuania,LTU,2003,25.91
Lithuania,LTU,2004,31.23
Lithuania,LTU,2005,36.22
Lithuania,LTU,2006,43.9
Lithuania,LTU,2007,49.9
Lithuania,LTU,2008,55.22
Lithuania,LTU,2009,59.76
Lithuania,LTU,2010,62.12
Lithuania,LTU,2011,63.639977
Lithuania,LTU,2012,67.22999
Lithuania,LTU,2013,68.4529
Lithuania,LTU,2014,72.13354
Lithuania,LTU,2015,71.37806
Lithuania,LTU,2016,74.37665
Lithuania,LTU,2017,77.61526
Lithuania,LTU,2018,79.72258
Lithuania,LTU,2019,81.58187
Lithuania,LTU,2020,83.05555
Lithuania,LTU,2021,86.93054
Lithuania,LTU,2022,87.724205
Lithuania,LTU,2023,88.50288
Lithuania,LTU,2024,89.16116
Low-income countries,OWID_LIC,2005,1
Low-income countries,OWID_LIC,2006,1.3
Low-income countries,OWID_LIC,2007,2.5
Low-income countries,OWID_LIC,2008,3
Low-income countries,OWID_LIC,2009,3.7
Low-income countries,OWID_LIC,2010,4.3
Low-income countries,OWID_LIC,2011,4.9
Low-income countries,OWID_LIC,2012,5.4
Low-income countries,OWID_LIC,2013,6
Low-income countries,OWID_LIC,2014,6.9
Low-income countries,OWID_LIC,2015,7.9
Low-income countries,OWID_LIC,2016,10
Low-income countries,OWID_LIC,2017,11.4
Low-income countries,OWID_LIC,2018,13.8
Low-income countries,OWID_LIC,2019,16.4
Low-income countries,OWID_LIC,2020,17.6
Low-income countries,OWID_LIC,2021,19
Low-income countries,OWID_LIC,2022,21.2
Low-income countries,OWID_LIC,2023,22
Low-income countries,OWID_LIC,2024,22.5
Low-income countries,OWID_LIC,2025,23.4
Lower-middle-income countries,OWID_LMC,2005,3.6
Lower-middle-income countries,OWID_LMC,2006,4.4
Lower-middle-income countries,OWID_LMC,2007,5.6
Lower-middle-income countries,OWID_LMC,2008,6.4
Lower-middle-income countries,OWID_LMC,2009,7.5
Lower-middle-income countries,OWID_LMC,2010,10.1
Lower-middle-income countries,OWID_LMC,2011,12.2
Lower-middle-income countries,OWID_LMC,2012,13.6
Lower-middle-income countries,OWID_LMC,2013,15.2
Lower-middle-income countries,OWID_LMC,2014,17.2
Lower-middle-income countries,OWID_LMC,2015,19.5
Lower-middle-income countries,OWID_LMC,2016,21.9
Lower-middle-income countries,OWID_LMC,2017,24.4
Lower-middle-income countries,OWID_LMC,2018,27.2
Lower-middle-income countries,OWID_LMC,2019,33.4
Lower-middle-income countries,OWID_LMC,2020,42.5
Lower-middle-income countries,OWID_LMC,2021,47.4
Lower-middle-income countries,OWID_LMC,2022,52.3
Lower-middle-income countries,OWID_LMC,2023,55.4
Lower-middle-income countries,OWID_LMC,2024,58.9
Lower-middle-income countries,OWID_LMC,2025,62.9
Luxembourg,LUX,1990,0
Luxembourg,LUX,1992,0.153
Luxembourg,LUX,1993,0.302
Luxembourg,LUX,1994,0.496
Luxembourg,LUX,1995,1.59
Luxembourg,LUX,1996,5.55
Luxembourg,LUX,1997,7.14
Luxembourg,LUX,1998,11.7
Luxembourg,LUX,1999,17.4
Luxembourg,LUX,2000,22.887327
Luxembourg,LUX,2001,36.16342
Luxembourg,LUX,2002,39.84
Luxembourg,LUX,2003,54.55
Luxembourg,LUX,2004,65.88
Luxembourg,LUX,2005,70
Luxembourg,LUX,2006,72.51
Luxembourg,LUX,2007,78.92
Luxembourg,LUX,2008,82.23
Luxembourg,LUX,2009,87.31
Luxembourg,LUX,2010,90.62
Luxembourg,LUX,2011,90.02986
Luxembourg,LUX,2012,91.94992
Luxembourg,LUX,2013,93.7765
Luxembourg,LUX,2014,94.670204
Luxembourg,LUX,2015,96.37672
Luxembourg,LUX,2016,98.136696
Luxembourg,LUX,2017,97.36296
Luxembourg,LUX,2018,97.0613
Luxembourg,LUX,2019,97.120636
Luxembourg,LUX,2020,98.459625
Luxembourg,LUX,2021,98.660866
Luxembourg,LUX,2022,98.242035
Luxembourg,LUX,2023,99.347855
Luxembourg,LUX,2024,98.76061
Luxembourg,LUX,2025,99.12902
Macao,MAC,1990,0
Macao,MAC,1994,0.037
Macao,MAC,1995,0.28
Macao,MAC,1996,0.727
Macao,MAC,1997,2.36
Macao,MAC,1998,7
Macao,MAC,1999,9.21
Macao,MAC,2000,13.60859
Macao,MAC,2001,22.521217
Macao,MAC,2002,25.17188
Macao,MAC,2003,25.742125
Macao,MAC,2004,31.484097
Macao,MAC,2005,34.8629
Macao,MAC,2006,46.4
Macao,MAC,2007,47.327
Macao,MAC,2008,49.24
Macao,MAC,2009,54
Macao,MAC,2010,55.198
Macao,MAC,2011,60.203697
Macao,MAC,2012,61.31
Macao,MAC,2013,65.8
Macao,MAC,2014,69.78095
Macao,MAC,2015,77.60013
Macao,MAC,2016,81.64298
Macao,MAC,2017,83.17409
Macao,MAC,2018,83.79409
Macao,MAC,2019,86.467926
Macao,MAC,2020,87.4623
Macao,MAC,2021,88.4681
Macao,MAC,2022,89.4855
Macao,MAC,2023,89.8264
Macao,MAC,2024,89.8264
Madagascar,MDG,1990,0
Madagascar,MDG,1996,0.0037
Madagascar,MDG,1997,0.0143
Madagascar,MDG,1998,0.0626
Madagascar,MDG,1999,0.169
Madagascar,MDG,2000,0.1963947
Madagascar,MDG,2001,0.22251159
Madagascar,MDG,2002,0.33972016
Madagascar,MDG,2003,0.42325243
Madagascar,MDG,2004,0.52535367
Madagascar,MDG,2005,0.5677
Madagascar,MDG,2006,0.6076
Madagascar,MDG,2007,0.65
Madagascar,MDG,2008,1.65
Madagascar,MDG,2009,1.63
Madagascar,MDG,2010,1.7
Madagascar,MDG,2011,1.9
Madagascar,MDG,2012,2.3
Madagascar,MDG,2013,3
Madagascar,MDG,2014,3.7
Madagascar,MDG,2015,4.174
Madagascar,MDG,2016,4.7137
Madagascar,MDG,2017,6.406
Madagascar,MDG,2018,7.7478
Madagascar,MDG,2019,9.3794
Madagascar,MDG,2020,11.3547
Madagascar,MDG,2021,13.7459
Madagascar,MDG,2022,17.8117
Madagascar,MDG,2023,18.2408
Madagascar,MDG,2024,18.6779
Malawi,MWI,1990,0
Malawi,MWI,1997,0.00467
Malawi,MWI,1998,0.0181
Malawi,MWI,1999,0.0873
Malawi,MWI,2000,0.12678094
Malawi,MWI,2001,0.16402073
Malawi,MWI,2002,0.21509473
Malawi,MWI,2003,0.27881512
Malawi,MWI,2004,0.34750533
Malawi,MWI,2005,0.3845
Malawi,MWI,2006,0.4251
Malawi,MWI,2007,0.9658647
Malawi,MWI,2008,0.7
Malawi,MWI,2009,1.07
Malawi,MWI,2010,2.26
Malawi,MWI,2011,3.33
Malawi,MWI,2012,4.3506
Malawi,MWI,2013,5.05
Malawi,MWI,2014,5.83
Malawi,MWI,2015,6
Malawi,MWI,2016,6.3
Malawi,MWI,2017,7
Malawi,MWI,2018,8.7983
Malawi,MWI,2019,11.0586
Malawi,MWI,2020,13.8995
Malawi,MWI,2021,15.303
Malawi,MWI,2022,16.8483
Malawi,MWI,2023,17.988104
Malawi,MWI,2024,18.9616
Malaysia,MYS,1990,0
Malaysia,MYS,1992,0.00105
Malaysia,MYS,1993,0.0255
Malaysia,MYS,1994,0.0996
Malaysia,MYS,1995,0.146
Malaysia,MYS,1996,0.852
Malaysia,MYS,1997,2.31
Malaysia,MYS,1998,6.75
Malaysia,MYS,1999,12.3
Malaysia,MYS,2000,21.384731
Malaysia,MYS,2001,26.695972
Malaysia,MYS,2002,32.338203
Malaysia,MYS,2003,34.971153
Malaysia,MYS,2004,42.252266
Malaysia,MYS,2005,48.62917
Malaysia,MYS,2006,51.63799
Malaysia,MYS,2007,55.7
Malaysia,MYS,2008,55.8
Malaysia,MYS,2009,55.9
Malaysia,MYS,2010,56.3
Malaysia,MYS,2011,61
Malaysia,MYS,2012,65.8
Malaysia,MYS,2013,57.05751
Malaysia,MYS,2014,63.665424
Malaysia,MYS,2015,71.064064
Malaysia,MYS,2016,78.78831
Malaysia,MYS,2017,80.14048
Malaysia,MYS,2018,81.20105
Malaysia,MYS,2019,84.18714
Malaysia,MYS,2020,89.555016
Malaysia,MYS,2021,96.75143
Malaysia,MYS,2022,97.39864
Malaysia,MYS,2023,97.692726
Malaysia,MYS,2024,98.02061
Maldives,MDV,1990,0
Maldives,MDV,1991,0
Maldives,MDV,1992,0
Maldives,MDV,1993,0
Maldives,MDV,1994,0
Maldives,MDV,1995,0
Maldives,MDV,1996,0.227
Maldives,MDV,1997,0.309
Maldives,MDV,1998,0.57
Maldives,MDV,1999,1.12
Maldives,MDV,2000,2.203873
Maldives,MDV,2001,3.6172907
Maldives,MDV,2002,5.347765
Maldives,MDV,2003,5.976593
Maldives,MDV,2004,6.588255
Maldives,MDV,2005,6.869605
Maldives,MDV,2006,11.036353
Maldives,MDV,2007,16.3
Maldives,MDV,2008,23.2
Maldives,MDV,2009,24.8
Maldives,MDV,2010,26.53
Maldives,MDV,2011,34
Maldives,MDV,2012,38.9301
Maldives,MDV,2013,44.1
Maldives,MDV,2014,49.28
Maldives,MDV,2015,54.462
Maldives,MDV,2016,59.4775
Maldives,MDV,2017,64.955
Maldives,MDV,2018,70.9369
Maldives,MDV,2019,77.4697
Maldives,MDV,2020,79.0978
Maldives,MDV,2021,81.9576
Maldives,MDV,2022,83.91189
Maldives,MDV,2023,84.5529
Maldives,MDV,2024,85.24
Mali,MLI,1990,0
Mali,MLI,1996,0.00206
Mali,MLI,1997,0.0101
Mali,MLI,1998,0.0198
Mali,MLI,1999,0.0609
Mali,MLI,2000,0.14254576
Mali,MLI,2001,0.18589741
Mali,MLI,2002,0.22704558
Mali,MLI,2003,0.31036445
Mali,MLI,2004,0.43281963
Mali,MLI,2005,0.5071
Mali,MLI,2006,0.7296
Mali,MLI,2007,0.81
Mali,MLI,2008,1.57
Mali,MLI,2009,1.8
Mali,MLI,2010,2
Mali,MLI,2011,2.2
Mali,MLI,2012,2.8
Mali,MLI,2013,3.5
Mali,MLI,2014,7
Mali,MLI,2015,10.33
Mali,MLI,2016,14
Mali,MLI,2017,18.9
Mali,MLI,2018,21.4
Mali,MLI,2019,24.9603
Mali,MLI,2020,29.113
Mali,MLI,2021,33.9565
Mali,MLI,2022,35.1992
Mali,MLI,2023,36.0388
Mali,MLI,2024,36.8015
Malta,MLT,1990,0
Malta,MLT,1995,0.225
Malta,MLT,1996,1.05
Malta,MLT,1997,3.92
Malta,MLT,1998,6.5
Malta,MLT,1999,7.76
Malta,MLT,2000,13.1137085
Malta,MLT,2001,17.877848
Malta,MLT,2002,28.92
Malta,MLT,2003,31.64
Malta,MLT,2004,34.62
Malta,MLT,2005,41.24
Malta,MLT,2006,40.41
Malta,MLT,2007,46.9
Malta,MLT,2008,50.08
Malta,MLT,2009,58.86
Malta,MLT,2010,63
Malta,MLT,2011,68.01982
Malta,MLT,2012,68.199875
Malta,MLT,2013,68.9138
Malta,MLT,2014,73.11411
Malta,MLT,2015,75.96002
Malta,MLT,2016,78.07515
Malta,MLT,2017,81.01191
Malta,MLT,2018,81.65804
Malta,MLT,2019,85.778595
Malta,MLT,2020,86.858765
Malta,MLT,2021,87.46978
Malta,MLT,2022,91.54062
Malta,MLT,2023,92.07267
Malta,MLT,2024,93.8603
Marshall Islands,MHL,1990,0
Marshall Islands,MHL,1991,0
Marshall Islands,MHL,1992,0
Marshall Islands,MHL,1993,0
Marshall Islands,MHL,1994,0
Marshall Islands,MHL,1995,0
Marshall Islands,MHL,1996,0.0371
Marshall Islands,MHL,1999,0.966
Marshall Islands,MHL,2000,1.5342718
Marshall Islands,MHL,2001,1.7066141
Marshall Islands,MHL,2002,2.3354447
Marshall Islands,MHL,2003,2.5697503
Marshall Islands,MHL,2004,3.5997767
Marshall Islands,MHL,2005,3.8787024
Marshall Islands,MHL,2006,3.7955902
Marshall Islands,MHL,2007,3.95
Marshall Islands,MHL,2008,4.6
Marshall Islands,MHL,2009,5.6
Marshall Islands,MHL,2010,7
Marshall Islands,MHL,2011,10
Marshall Islands,MHL,2012,12.5
Marshall Islands,MHL,2013,14
Marshall Islands,MHL,2014,16.8
Marshall Islands,MHL,2015,19.2824
Marshall Islands,MHL,2016,29.7878
Marshall Islands,MHL,2017,38.7012
Marshall Islands,MHL,2018,43.8825
Marshall Islands,MHL,2019,49.7575
Marshall Islands,MHL,2020,56.4191
Marshall Islands,MHL,2021,63.9726
Marshall Islands,MHL,2022,64.2672
Marshall Islands,MHL,2023,64.0759
Marshall Islands,MHL,2024,65.9158
Mauritania,MRT,1990,0
Mauritania,MRT,1997,0.00417
Mauritania,MRT,1998,0.0406
Mauritania,MRT,1999,0.118
Mauritania,MRT,2000,0.19203146
Mauritania,MRT,2001,0.26144856
Mauritania,MRT,2002,0.36322942
Mauritania,MRT,2003,0.42400488
Mauritania,MRT,2004,0.48147044
Mauritania,MRT,2005,0.67
Mauritania,MRT,2006,0.9797
Mauritania,MRT,2007,1.4336
Mauritania,MRT,2008,1.87
Mauritania,MRT,2009,2.28
Mauritania,MRT,2010,4
Mauritania,MRT,2011,4.5
Mauritania,MRT,2012,5
Mauritania,MRT,2013,6.2
Mauritania,MRT,2014,11.8
Mauritania,MRT,2015,17.6
Mauritania,MRT,2016,19.2328
Mauritania,MRT,2017,21.0172
Mauritania,MRT,2018,22.967
Mauritania,MRT,2019,25.0978
Mauritania,MRT,2020,29.9065
Mauritania,MRT,2021,35.6366
Mauritania,MRT,2022,42.4645
Mauritania,MRT,2023,44.9563
Mauritania,MRT,2024,45.7794
Mauritius,MUS,1990,0
Mauritius,MUS,1996,0.184
Mauritius,MUS,1997,0.476
Mauritius,MUS,1998,2.57
Mauritius,MUS,1999,4.65
Mauritius,MUS,2000,7.281535
Mauritius,MUS,2001,8.780904
Mauritius,MUS,2002,10.2526245
Mauritius,MUS,2003,12.187106
Mauritius,MUS,2004,13.689089
Mauritius,MUS,2005,15.1722
Mauritius,MUS,2006,16.7
Mauritius,MUS,2007,20.22
Mauritius,MUS,2008,21.81
Mauritius,MUS,2009,22.51
Mauritius,MUS,2010,28.33
Mauritius,MUS,2011,34.95
Mauritius,MUS,2012,35.42
Mauritius,MUS,2013,40.116825
Mauritius,MUS,2014,44.803276
Mauritius,MUS,2015,50.13932
Mauritius,MUS,2016,52.1913
Mauritius,MUS,2017,55.40324
Mauritius,MUS,2018,58.59617
Mauritius,MUS,2019,61.729954
Mauritius,MUS,2020,67.73291
Mauritius,MUS,2021,71.6
Mauritius,MUS,2022,75.5
Mauritius,MUS,2023,79.5
Mauritius,MUS,2024,73.30794
Mexico,MEX,1990,0
Mexico,MEX,1991,0.00588
Mexico,MEX,1992,0.0173
Mexico,MEX,1993,0.0283
Mexico,MEX,1994,0.0433
Mexico,MEX,1995,0.103
Mexico,MEX,1996,0.2
Mexico,MEX,1997,0.627
Mexico,MEX,1998,1.27
Mexico,MEX,1999,1.86
Mexico,MEX,2000,5.081384
Mexico,MEX,2001,7.038023
Mexico,MEX,2002,11.9
Mexico,MEX,2003,12.9
Mexico,MEX,2004,14.1
Mexico,MEX,2005,17.21
Mexico,MEX,2006,19.52
Mexico,MEX,2007,20.81
Mexico,MEX,2008,21.71
Mexico,MEX,2009,26.34
Mexico,MEX,2010,31.05
Mexico,MEX,2011,37.176296
Mexico,MEX,2012,39.75
Mexico,MEX,2013,43.46
Mexico,MEX,2014,44.385696
Mexico,MEX,2015,57.43104
Mexico,MEX,2016,59.540447
Mexico,MEX,2017,53.031788
Mexico,MEX,2018,56.659565
Mexico,MEX,2019,69.63211
Mexico,MEX,2020,71.49017
Mexico,MEX,2021,75.6265
Mexico,MEX,2022,78.63218
Mexico,MEX,2023,81.18319
Mexico,MEX,2024,83.12234
Micronesia (country),FSM,1990,0
Micronesia (country),FSM,1996,0.278
Micronesia (country),FSM,1997,0.571
Micronesia (country),FSM,1998,1.86
Micronesia (country),FSM,1999,2.8
Micronesia (country),FSM,2000,3.734862
Micronesia (country),FSM,2001,4.660527
Micronesia (country),FSM,2002,5.5701
Micronesia (country),FSM,2003,9.232502
Micronesia (country),FSM,2004,11.017867
Micronesia (country),FSM,2005,11.8814
Micronesia (country),FSM,2006,12.7503
Micronesia (country),FSM,2007,13.6211
Micronesia (country),FSM,2008,14.49
Micronesia (country),FSM,2009,15.35
Micronesia (country),FSM,2010,20
Micronesia (country),FSM,2011,22.8
Micronesia (country),FSM,2012,25.9744
Micronesia (country),FSM,2013,27.8
Micronesia (country),FSM,2014,29.65
Micronesia (country),FSM,2015,31.5011
Micronesia (country),FSM,2016,33.3522
Micronesia (country),FSM,2017,35.3041
Micronesia (country),FSM,2018,36.6146
Micronesia (country),FSM,2019,37.9737
Micronesia (country),FSM,2020,39.3833
Micronesia (country),FSM,2022,39.0279
Micronesia (country),FSM,2023,39.3989
Micronesia (country),FSM,2024,39.5236
"Middle East, North Africa, Afghanistan and Pakistan (WB)",WB_MENAP,2005,8.3
"Middle East, North Africa, Afghanistan and Pakistan (WB)",WB_MENAP,2006,9.6
"Middle East, North Africa, Afghanistan and Pakistan (WB)",WB_MENAP,2007,11.7
"Middle East, North Africa, Afghanistan and Pakistan (WB)",WB_MENAP,2008,14.1
"Middle East, North Africa, Afghanistan and Pakistan (WB)",WB_MENAP,2009,16.1
"Middle East, North Africa, Afghanistan and Pakistan (WB)",WB_MENAP,2010,18.3
"Middle East, North Africa, Afghanistan and Pakistan (WB)",WB_MENAP,2011,20.1
"Middle East, North Africa, Afghanistan and Pakistan (WB)",WB_MENAP,2012,22.4
"Middle East, North Africa, Afghanistan and Pakistan (WB)",WB_MENAP,2013,25.2
"Middle East, North Africa, Afghanistan and Pakistan (WB)",WB_MENAP,2014,28.7
"Middle East, North Africa, Afghanistan and Pakistan (WB)",WB_MENAP,2015,31.8
"Middle East, North Africa, Afghanistan and Pakistan (WB)",WB_MENAP,2016,35
"Middle East, North Africa, Afghanistan and Pakistan (WB)",WB_MENAP,2017,39.7
"Middle East, North Africa, Afghanistan and Pakistan (WB)",WB_MENAP,2018,42.3
"Middle East, North Africa, Afghanistan and Pakistan (WB)",WB_MENAP,2019,46
"Middle East, North Africa, Afghanistan and Pakistan (WB)",WB_MENAP,2020,50.6
"Middle East, North Africa, Afghanistan and Pakistan (WB)",WB_MENAP,2021,54.2
"Middle East, North Africa, Afghanistan and Pakistan (WB)",WB_MENAP,2022,57.8
"Middle East, North Africa, Afghanistan and Pakistan (WB)",WB_MENAP,2023,59.5
"Middle East, North Africa, Afghanistan and Pakistan (WB)",WB_MENAP,2024,61.5
"Middle East, North Africa, Afghanistan and Pakistan (WB)",WB_MENAP,2025,63.7
Moldova,MDA,1990,0
Moldova,MDA,1994,0.000825
Moldova,MDA,1995,0.00346
Moldova,MDA,1996,0.00464
Moldova,MDA,1997,0.0281
Moldova,MDA,1998,0.261
Moldova,MDA,1999,0.601
Moldova,MDA,2000,1.2828465
Moldova,MDA,2001,1.487813
Moldova,MDA,2002,3.787243
Moldova,MDA,2003,7.4075446
Moldova,MDA,2004,10.629391
Moldova,MDA,2005,14.63027
Moldova,MDA,2006,19.620647
Moldova,MDA,2007,20.45
Moldova,MDA,2008,23.39
Moldova,MDA,2009,27.5
Moldova,MDA,2010,29.68
Moldova,MDA,2011,32.07
Moldova,MDA,2012,34.65
Moldova,MDA,2013,37.44
Moldova,MDA,2014,67
Moldova,MDA,2015,69.00001
Moldova,MDA,2016,71
Moldova,MDA,2017,71.7671
Moldova,MDA,2018,72.5424
Moldova,MDA,2019,73.3261
Moldova,MDA,2020,74.1183
Moldova,MDA,2021,74.919
Moldova,MDA,2022,74.919
Moldova,MDA,2023,76.5033
Moldova,MDA,2024,77.3688
Monaco,MCO,1990,0
Monaco,MCO,2000,42.184864
Monaco,MCO,2001,46.64614
Monaco,MCO,2002,48.047115
Monaco,MCO,2003,49.49117
Monaco,MCO,2004,52.490196
Monaco,MCO,2005,55.4648
Monaco,MCO,2006,61.476
Monaco,MCO,2007,64.3777
Monaco,MCO,2008,67.25
Monaco,MCO,2009,70.1
Monaco,MCO,2010,75
Monaco,MCO,2011,80.3
Monaco,MCO,2012,87
Monaco,MCO,2013,90.7
Monaco,MCO,2014,92.4
Monaco,MCO,2015,93.3633
Monaco,MCO,2016,95.2082
Monaco,MCO,2017,97.053
Monaco,MCO,2019,98
Monaco,MCO,2020,98.5708
Monaco,MCO,2021,99.0776
Monaco,MCO,2022,98.7519
Monaco,MCO,2023,98.8705
Monaco,MCO,2024,99.0449
Mongolia,MNG,1990,0
Mongolia,MNG,1995,0.00881
Mongolia,MNG,1996,0.0182
Mongolia,MNG,1997,0.113
Mongolia,MNG,1998,0.146
Mongolia,MNG,1999,0.508
Mongolia,MNG,2000,1.255652
Mongolia,MNG,2001,1.6532383
Mongolia,MNG,2002,2.0395727
Mongolia,MNG,2005,9
Mongolia,MNG,2006,9
Mongolia,MNG,2007,9
Mongolia,MNG,2008,9.8
Mongolia,MNG,2009,10
Mongolia,MNG,2010,10.2
Mongolia,MNG,2011,12.499991
Mongolia,MNG,2012,16.4
Mongolia,MNG,2013,17.699984
Mongolia,MNG,2014,19.942448
Mongolia,MNG,2015,22.500004
Mongolia,MNG,2016,22.26577
Mongolia,MNG,2017,23.7143
Mongolia,MNG,2018,47.13
Mongolia,MNG,2019,51.079994
Mongolia,MNG,2020,62.500027
Mongolia,MNG,2021,81.60682
Mongolia,MNG,2022,81.0772
Mongolia,MNG,2023,83.7432
Mongolia,MNG,2024,85.1235
Montenegro,MNE,2004,25.350069
Montenegro,MNE,2005,27.1
Montenegro,MNE,2006,28.9
Montenegro,MNE,2007,30.8
Montenegro,MNE,2008,32.9
Montenegro,MNE,2009,35.1
Montenegro,MNE,2010,37.5
Montenegro,MNE,2011,35.61154
Montenegro,MNE,2012,56.838783
Montenegro,MNE,2013,60.31
Montenegro,MNE,2014,63.886883
Montenegro,MNE,2015,68.11979
Montenegro,MNE,2016,69.881645
Montenegro,MNE,2017,71.27233
Montenegro,MNE,2018,71.5171
Montenegro,MNE,2019,73.47667
Montenegro,MNE,2020,77.608795
Montenegro,MNE,2021,82.219696
Montenegro,MNE,2022,88.221924
Montenegro,MNE,2023,88.5516
Montenegro,MNE,2024,88.88258
Morocco,MAR,1990,0
Morocco,MAR,1995,0.00371
Morocco,MAR,1996,0.00568
Morocco,MAR,1997,0.0216
Morocco,MAR,1998,0.142
Morocco,MAR,1999,0.176
Morocco,MAR,2000,0.6937913
Morocco,MAR,2001,1.3714381
Morocco,MAR,2002,2.373253
Morocco,MAR,2003,3.3533666
Morocco,MAR,2004,11.607935
Morocco,MAR,2005,15.084445
Morocco,MAR,2006,19.77119
Morocco,MAR,2007,21.5
Morocco,MAR,2008,33.1
Morocco,MAR,2009,41.3
Morocco,MAR,2010,52
Morocco,MAR,2011,46.107483
Morocco,MAR,2012,55.416054
Morocco,MAR,2013,56
Morocco,MAR,2014,56.77464
Morocco,MAR,2015,57.079998
Morocco,MAR,2016,58.271236
Morocco,MAR,2017,61.76221
Morocco,MAR,2018,64.80386
Morocco,MAR,2019,84.12036
Morocco,MAR,2020,84.12036
Morocco,MAR,2021,88.13032
Morocco,MAR,2022,89.9
Morocco,MAR,2023,91
Morocco,MAR,2024,91.2
Mozambique,MOZ,1990,0
Mozambique,MOZ,1996,0.00304
Mozambique,MOZ,1997,0.0118
Mozambique,MOZ,1998,0.0202
Mozambique,MOZ,1999,0.0563
Mozambique,MOZ,2000,0.10959253
Mozambique,MOZ,2001,0.16003194
Mozambique,MOZ,2002,0.25961262
Mozambique,MOZ,2003,0.41953886
Mozambique,MOZ,2004,0.6794478
Mozambique,MOZ,2005,0.8544
Mozambique,MOZ,2006,0.8429545
Mozambique,MOZ,2007,0.91
Mozambique,MOZ,2008,1.56
Mozambique,MOZ,2009,2.68
Mozambique,MOZ,2010,4.17
Mozambique,MOZ,2011,4.6
Mozambique,MOZ,2012,5
Mozambique,MOZ,2013,5.5
Mozambique,MOZ,2014,6
Mozambique,MOZ,2015,6.5
Mozambique,MOZ,2016,7
Mozambique,MOZ,2017,7.7963266
Mozambique,MOZ,2018,10.9
Mozambique,MOZ,2019,12.4793
Mozambique,MOZ,2020,14.2874
Mozambique,MOZ,2021,16.3576
Mozambique,MOZ,2022,18.9622
Mozambique,MOZ,2023,19.9456
Mozambique,MOZ,2024,20.5273
Myanmar,MMR,1990,0
Myanmar,MMR,1999,0.000152
Myanmar,MMR,2001,0.00028927738
Myanmar,MMR,2002,0.0004264935
Myanmar,MMR,2003,0.02406415
Myanmar,MMR,2004,0.024337392
Myanmar,MMR,2005,0.0652
Myanmar,MMR,2006,0.18204834
Myanmar,MMR,2007,0.21712844
Myanmar,MMR,2008,0.22
Myanmar,MMR,2009,0.22
Myanmar,MMR,2010,0.25
Myanmar,MMR,2011,0.98
Myanmar,MMR,2012,1.4
Myanmar,MMR,2013,1.8
Myanmar,MMR,2014,7.4
Myanmar,MMR,2015,10.9
Myanmar,MMR,2016,16
Myanmar,MMR,2017,23.621082
Myanmar,MMR,2018,29.379
Myanmar,MMR,2019,36.5405
Myanmar,MMR,2020,45.4477
Namibia,NAM,1990,0
Namibia,NAM,1995,0.00617
Namibia,NAM,1996,0.00903
Namibia,NAM,1997,0.0588
Namibia,NAM,1998,0.287
Namibia,NAM,1999,0.336
Namibia,NAM,2000,1.6447395
Namibia,NAM,2001,2.4169796
Namibia,NAM,2002,2.6336997
Namibia,NAM,2003,3.35984
Namibia,NAM,2004,3.8047156
Namibia,NAM,2005,4.01
Namibia,NAM,2006,4.3988705
Namibia,NAM,2007,4.835611
Namibia,NAM,2008,5.329004
Namibia,NAM,2009,6.5
Namibia,NAM,2010,11.6
Namibia,NAM,2011,12
Namibia,NAM,2012,12.9414
Namibia,NAM,2013,13.9
Namibia,NAM,2014,14.84
Namibia,NAM,2015,25.6879
Namibia,NAM,2016,31.0333
Namibia,NAM,2017,36.8374
Namibia,NAM,2018,42.8207
Namibia,NAM,2019,49.7759
Namibia,NAM,2020,57.8608
Namibia,NAM,2021,60.26
Namibia,NAM,2022,62.9972
Namibia,NAM,2023,63.6955
Namibia,NAM,2024,64.8746
Nauru,NRU,1990,0
Nauru,NRU,2001,2.9871552
Nauru,NRU,2011,54
Nauru,NRU,2017,62.3851
Nauru,NRU,2019,74.7379
Nauru,NRU,2020,77.4666
Nauru,NRU,2021,80.295
Nauru,NRU,2022,83.2266
Nauru,NRU,2023,83.0397
Nauru,NRU,2024,83.0117
Nepal,NPL,1990,0
Nepal,NPL,1991,0
Nepal,NPL,1992,0
Nepal,NPL,1993,0
Nepal,NPL,1994,0
Nepal,NPL,1995,0.000925
Nepal,NPL,1996,0.00451
Nepal,NPL,1997,0.022
Nepal,NPL,1998,0.0644
Nepal,NPL,1999,0.147
Nepal,NPL,2000,0.20465168
Nepal,NPL,2001,0.2400153
Nepal,NPL,2002,0.31295606
Nepal,NPL,2003,0.38281092
Nepal,NPL,2004,0.44984365
Nepal,NPL,2005,0.82655126
Nepal,NPL,2006,1.1413891
Nepal,NPL,2007,1.41
Nepal,NPL,2008,1.73
Nepal,NPL,2009,1.97
Nepal,NPL,2010,7.93
Nepal,NPL,2011,9
Nepal,NPL,2012,11.1493
Nepal,NPL,2013,13.3
Nepal,NPL,2014,15.44
Nepal,NPL,2015,17.5816
Nepal,NPL,2016,20.7
Nepal,NPL,2017,24.3
Nepal,NPL,2018,28.6
Nepal,NPL,2019,33.3366
Nepal,NPL,2020,36.9653
Nepal,NPL,2021,40.9891
Nepal,NPL,2022,45.4508
Nepal,NPL,2023,45.8068
Nepal,NPL,2024,46.3219
Netherlands,NLD,1990,0.334
Netherlands,NLD,1991,0.531
Netherlands,NLD,1992,1.32
Netherlands,NLD,1993,1.97
Netherlands,NLD,1994,3.26
Netherlands,NLD,1995,6.47
Netherlands,NLD,1996,9.65
Netherlands,NLD,1997,14.1
Netherlands,NLD,1998,22.2
Netherlands,NLD,1999,39.2
Netherlands,NLD,2000,43.984352
Netherlands,NLD,2001,49.373062
Netherlands,NLD,2002,61.29
Netherlands,NLD,2003,64.35
Netherlands,NLD,2004,68.52
Netherlands,NLD,2005,81
Netherlands,NLD,2006,83.7
Netherlands,NLD,2007,85.82
Netherlands,NLD,2008,87.42
Netherlands,NLD,2009,89.63
Netherlands,NLD,2010,90.72
Netherlands,NLD,2011,91.42
Netherlands,NLD,2012,92.85999
Netherlands,NLD,2013,93.9564
Netherlands,NLD,2014,91.666664
Netherlands,NLD,2015,91.72414
Netherlands,NLD,2016,90.41096
Netherlands,NLD,2017,93.19728
Netherlands,NLD,2018,91.89189
Netherlands,NLD,2019,93.28859
Netherlands,NLD,2020,91.333336
Netherlands,NLD,2021,92.05298
Netherlands,NLD,2022,92.519684
Netherlands,NLD,2023,97.006805
Netherlands,NLD,2024,97.0068
New Caledonia,NCL,1990,0
New Caledonia,NCL,1995,0.00518
New Caledonia,NCL,1996,0.253
New Caledonia,NCL,1997,0.989
New Caledonia,NCL,1998,1.94
New Caledonia,NCL,1999,5.69
New Caledonia,NCL,2000,13.9395485
New Caledonia,NCL,2001,18.23711
New Caledonia,NCL,2002,22.389797
New Caledonia,NCL,2003,26.408335
New Caledonia,NCL,2004,30.298046
New Caledonia,NCL,2005,32.359016
New Caledonia,NCL,2006,33.515717
New Caledonia,NCL,2007,35.05
New Caledonia,NCL,2008,34.51
New Caledonia,NCL,2009,33.99
New Caledonia,NCL,2010,42
New Caledonia,NCL,2011,50
New Caledonia,NCL,2012,58
New Caledonia,NCL,2013,66
New Caledonia,NCL,2014,70
New Caledonia,NCL,2015,74.001755
New Caledonia,NCL,2017,82.005844
New Zealand,NZL,1990,0
New Zealand,NZL,1992,0.286
New Zealand,NZL,1993,0.631
New Zealand,NZL,1994,3.17
New Zealand,NZL,1995,4.88
New Zealand,NZL,1996,8.04
New Zealand,NZL,1997,14.6
New Zealand,NZL,1998,31.6
New Zealand,NZL,1999,41.5
New Zealand,NZL,2000,47.379555
New Zealand,NZL,2001,53.241016
New Zealand,NZL,2002,59.080753
New Zealand,NZL,2003,60.96254
New Zealand,NZL,2004,61.84763
New Zealand,NZL,2005,62.7202
New Zealand,NZL,2006,69
New Zealand,NZL,2007,69.76
New Zealand,NZL,2008,72.03
New Zealand,NZL,2009,79.7
New Zealand,NZL,2010,80.46
New Zealand,NZL,2011,81.23
New Zealand,NZL,2012,81.64447
New Zealand,NZL,2013,82.78
New Zealand,NZL,2014,84
New Zealand,NZL,2015,85.2
New Zealand,NZL,2016,86.5
New Zealand,NZL,2017,87.7
New Zealand,NZL,2018,89
New Zealand,NZL,2019,89.8637
New Zealand,NZL,2020,90.921
New Zealand,NZL,2021,91.9906
New Zealand,NZL,2022,93.0729
New Zealand,NZL,2023,93.3261
New Zealand,NZL,2024,93.5193
Nicaragua,NIC,1990,0
Nicaragua,NIC,1994,0.0132
Nicaragua,NIC,1995,0.03
Nicaragua,NIC,1996,0.0841
Nicaragua,NIC,1997,0.206
Nicaragua,NIC,1998,0.304
Nicaragua,NIC,1999,0.498
Nicaragua,NIC,2000,0.9802165
Nicaragua,NIC,2001,1.4487994
Nicaragua,NIC,2002,1.7147295
Nicaragua,NIC,2003,1.8804126
Nicaragua,NIC,2004,2.3206646
Nicaragua,NIC,2005,2.5664
Nicaragua,NIC,2006,2.805573
Nicaragua,NIC,2007,3.9
Nicaragua,NIC,2008,5.3
Nicaragua,NIC,2009,7.3
Nicaragua,NIC,2010,10
Nicaragua,NIC,2011,10.6
Nicaragua,NIC,2012,13.5
Nicaragua,NIC,2013,15.5
Nicaragua,NIC,2014,17.6
Nicaragua,NIC,2015,19.7043
Nicaragua,NIC,2016,24.5718
Nicaragua,NIC,2017,30.4
Nicaragua,NIC,2018,33.913
Nicaragua,NIC,2019,39.0108
Nicaragua,NIC,2020,44.8749
Nicaragua,NIC,2021,51.6204
Nicaragua,NIC,2022,59.38
Nicaragua,NIC,2023,60.3012
Nicaragua,NIC,2024,61.3955
Niger,NER,1990,0
Niger,NER,1996,0.00104
Niger,NER,1997,0.00201
Niger,NER,1998,0.00291
Niger,NER,1999,0.0281
Niger,NER,2000,0.036261294
Niger,NER,2001,0.105185434
Niger,NER,2002,0.12715247
Niger,NER,2003,0.1556987
Niger,NER,2004,0.18993373
Niger,NER,2005,0.2213
Niger,NER,2006,0.294
Niger,NER,2007,0.3904
Niger,NER,2008,0.7
Niger,NER,2009,0.76
Niger,NER,2010,0.83
Niger,NER,2011,0.9
Niger,NER,2012,1.05
Niger,NER,2013,1.15
Niger,NER,2014,1.2486757
Niger,NER,2015,2.4762
Niger,NER,2016,4.3228
Niger,NER,2017,10.224312
Niger,NER,2018,10.7418
Niger,NER,2019,11.2855
Niger,NER,2020,11.8568
Niger,NER,2021,12.4569
Niger,NER,2022,13.0875
Niger,NER,2023,12.9808
Niger,NER,2024,15.5576
Nigeria,NGA,1990,0
Nigeria,NGA,1996,0.00883
Nigeria,NGA,1997,0.0172
Nigeria,NGA,1998,0.0252
Nigeria,NGA,1999,0.041
Nigeria,NGA,2000,0.064080805
Nigeria,NGA,2001,0.08990137
Nigeria,NGA,2002,0.320462
Nigeria,NGA,2003,0.5585762
Nigeria,NGA,2004,1.2861377
Nigeria,NGA,2005,3.5491557
Nigeria,NGA,2006,5.5450363
Nigeria,NGA,2007,6.77
Nigeria,NGA,2008,8
Nigeria,NGA,2009,9.3
Nigeria,NGA,2010,11.5
Nigeria,NGA,2011,13.8
Nigeria,NGA,2012,16.1
Nigeria,NGA,2013,19.1
Nigeria,NGA,2014,21
Nigeria,NGA,2015,22.5142
Nigeria,NGA,2016,24.1375
Nigeria,NGA,2017,25.8779
Nigeria,NGA,2018,27.7437
Nigeria,NGA,2019,29.7441
Nigeria,NGA,2020,31.8888
Nigeria,NGA,2021,35.5098
Nigeria,NGA,2022,39.1472
Nigeria,NGA,2023,40.064
Nigeria,NGA,2024,41.2114
North America (WB),WB_NA,2005,68.3
North America (WB),WB_NA,2006,69.3
North America (WB),WB_NA,2007,74.8
North America (WB),WB_NA,2008,74.3
North America (WB),WB_NA,2009,71.9
North America (WB),WB_NA,2010,72.5
North America (WB),WB_NA,2011,71
North America (WB),WB_NA,2012,75.5
North America (WB),WB_NA,2013,72.8
North America (WB),WB_NA,2014,74.4
North America (WB),WB_NA,2015,76.1
North America (WB),WB_NA,2016,86.1
North America (WB),WB_NA,2017,87.8
North America (WB),WB_NA,2018,89.1
North America (WB),WB_NA,2019,89.7
North America (WB),WB_NA,2020,90.5
North America (WB),WB_NA,2021,91.5
North America (WB),WB_NA,2022,92.6
North America (WB),WB_NA,2023,93.3
North America (WB),WB_NA,2024,94.4
North America (WB),WB_NA,2025,95.6
North Korea,PRK,1990,0
North Korea,PRK,1997,0
North Korea,PRK,1998,0
North Korea,PRK,1999,0
North Korea,PRK,2000,0
North Korea,PRK,2001,0
North Korea,PRK,2002,0
North Korea,PRK,2003,0
North Korea,PRK,2004,0
North Macedonia,MKD,1990,0
North Macedonia,MKD,1995,0.0407
North Macedonia,MKD,1996,0.076
North Macedonia,MKD,1997,0.504
North Macedonia,MKD,1998,1
North Macedonia,MKD,1999,1.5
North Macedonia,MKD,2000,2.4855664
North Macedonia,MKD,2001,3.4681847
North Macedonia,MKD,2002,17.33
North Macedonia,MKD,2003,19.07
North Macedonia,MKD,2004,24.44
North Macedonia,MKD,2005,26.45
North Macedonia,MKD,2006,28.62
North Macedonia,MKD,2007,36.3
North Macedonia,MKD,2008,46.04
North Macedonia,MKD,2009,51.77
North Macedonia,MKD,2010,51.9
North Macedonia,MKD,2011,56.7
North Macedonia,MKD,2012,57.449947
North Macedonia,MKD,2013,65.24
North Macedonia,MKD,2014,68.05848
North Macedonia,MKD,2015,70.3802
North Macedonia,MKD,2016,72.156815
North Macedonia,MKD,2017,74.51682
North Macedonia,MKD,2018,79.167755
North Macedonia,MKD,2019,81.41288
North Macedonia,MKD,2020,81.40554
North Macedonia,MKD,2021,81.8737
North Macedonia,MKD,2022,83.8503
North Macedonia,MKD,2023,88.5
North Macedonia,MKD,2024,93.6
North Macedonia,MKD,2025,93.1
Northern Mariana Islands,MNP,1990,0
Norway,NOR,1990,0.707
Norway,NOR,1991,1.41
Norway,NOR,1992,2.22
Norway,NOR,1993,2.78
Norway,NOR,1994,4.15
Norway,NOR,1995,6.42
Norway,NOR,1996,18.3
Norway,NOR,1997,20.4
Norway,NOR,1998,22.6
Norway,NOR,1999,40
Norway,NOR,2000,52
Norway,NOR,2001,64
Norway,NOR,2002,72.84
Norway,NOR,2003,78.13
Norway,NOR,2004,77.69
Norway,NOR,2005,81.99
Norway,NOR,2006,82.55
Norway,NOR,2007,86.93
Norway,NOR,2008,90.57
Norway,NOR,2009,92.08
Norway,NOR,2010,93.39
Norway,NOR,2011,93.48998
Norway,NOR,2012,94.64998
Norway,NOR,2013,95.0534
Norway,NOR,2014,96.30051
Norway,NOR,2015,96.810326
Norway,NOR,2016,97.2982
Norway,NOR,2017,96.357605
Norway,NOR,2018,96.49166
Norway,NOR,2019,98.00001
Norway,NOR,2020,94.60756
Norway,NOR,2021,99
Norway,NOR,2022,98.99998
Norway,NOR,2023,99
Norway,NOR,2024,99
Oman,OMN,1990,0
Oman,OMN,1996,0
Oman,OMN,1997,0.44
Oman,OMN,1998,0.863
Oman,OMN,1999,2.52
Oman,OMN,2000,3.5204215
Oman,OMN,2001,5.8938417
Oman,OMN,2002,6.873396
Oman,OMN,2003,7.255743
Oman,OMN,2004,6.758852
Oman,OMN,2005,6.6836
Oman,OMN,2006,8.2997
Oman,OMN,2007,16.68
Oman,OMN,2008,20
Oman,OMN,2009,26.8
Oman,OMN,2010,35.8278
Oman,OMN,2011,48
Oman,OMN,2012,60
Oman,OMN,2013,66.45
Oman,OMN,2014,70.22
Oman,OMN,2015,73.53
Oman,OMN,2016,76.84539
Oman,OMN,2017,80.1856
Oman,OMN,2018,85.5
Oman,OMN,2019,90.2594
Oman,OMN,2020,95.23229
Oman,OMN,2021,95.2388
Oman,OMN,2022,95.2453
Oman,OMN,2023,95.2517
Oman,OMN,2024,95.25175
Pakistan,PAK,1990,0
Pakistan,PAK,1995,0.000123
Pakistan,PAK,1996,0.00299
Pakistan,PAK,1997,0.0275
Pakistan,PAK,1998,0.0439
Pakistan,PAK,1999,0.0554
Pakistan,PAK,2001,1.3185508
Pakistan,PAK,2002,2.5774267
Pakistan,PAK,2003,5.041158
Pakistan,PAK,2004,6.164321
Pakistan,PAK,2005,6.3323
Pakistan,PAK,2006,6.5
Pakistan,PAK,2007,6.8
Pakistan,PAK,2008,7
Pakistan,PAK,2009,7.5
Pakistan,PAK,2010,8
Pakistan,PAK,2011,8
Pakistan,PAK,2012,8.1
Pakistan,PAK,2013,9
Pakistan,PAK,2014,10
Pakistan,PAK,2015,11
Pakistan,PAK,2016,12.385447
Pakistan,PAK,2017,13.78
Pakistan,PAK,2018,15.34
Pakistan,PAK,2019,17.070902
Pakistan,PAK,2020,18.935
Pakistan,PAK,2024,57.253
Palau,PLW,1990,0
Palau,PLW,2002,20.24394
Palau,PLW,2003,21.601526
Palau,PLW,2004,26.970333
Palau,PLW,2022,82.5675
Palau,PLW,2023,82.9163
Palau,PLW,2024,83.9255
Palestine,PSE,1990,0
Palestine,PSE,2000,1.1113062
Palestine,PSE,2001,1.8368548
Palestine,PSE,2002,3.1000922
Palestine,PSE,2003,4.130616
Palestine,PSE,2004,4.4009047
Palestine,PSE,2005,16.005
Palestine,PSE,2006,18.41
Palestine,PSE,2007,21.176
Palestine,PSE,2008,24.358
Palestine,PSE,2009,32.23
Palestine,PSE,2010,37.4
Palestine,PSE,2011,41.08
Palestine,PSE,2012,43.4
Palestine,PSE,2013,46.6
Palestine,PSE,2014,53.6652
Palestine,PSE,2015,56.7
Palestine,PSE,2016,59.9
Palestine,PSE,2017,63.3
Palestine,PSE,2018,64.399994
Palestine,PSE,2019,70.62258
Palestine,PSE,2020,76.1816
Palestine,PSE,2022,88.646904
Palestine,PSE,2023,86.63765
Panama,PAN,1990,0
Panama,PAN,1994,0.00764
Panama,PAN,1995,0.0561
Panama,PAN,1996,0.22
Panama,PAN,1997,0.539
Panama,PAN,1998,2.75
Panama,PAN,1999,3.84
Panama,PAN,2000,6.5547967
Panama,PAN,2001,7.2683997
Panama,PAN,2002,8.518078
Panama,PAN,2003,9.987424
Panama,PAN,2004,11.140862
Panama,PAN,2005,11.484
Panama,PAN,2006,17.3496
Panama,PAN,2007,22.29
Panama,PAN,2008,33.82
Panama,PAN,2009,39.08
Panama,PAN,2010,40.1
Panama,PAN,2011,42.7
Panama,PAN,2012,40.301895
Panama,PAN,2013,44.03
Panama,PAN,2014,44.923817
Panama,PAN,2015,51.205425
Panama,PAN,2016,54
Panama,PAN,2017,59.95063
Panama,PAN,2018,61.80553
Panama,PAN,2019,63.628414
Panama,PAN,2020,64.8243
Panama,PAN,2021,66.0427
Panama,PAN,2022,67.2839
Panama,PAN,2023,68.548515
Panama,PAN,2024,72.7715
Papua New Guinea,PNG,1990,0
Papua New Guinea,PNG,1996,0.00207
Papua New Guinea,PNG,1997,0.101
Papua New Guinea,PNG,1998,0.235
Papua New Guinea,PNG,1999,0.667
Papua New Guinea,PNG,2000,0.8352493
Papua New Guinea,PNG,2001,0.9041035
Papua New Guinea,PNG,2002,1.321657
Papua New Guinea,PNG,2003,1.3744047
Papua New Guinea,PNG,2004,1.5079128
Papua New Guinea,PNG,2005,1.7161905
Papua New Guinea,PNG,2006,1.7544873
Papua New Guinea,PNG,2007,1.7906
Papua New Guinea,PNG,2008,1.15
Papua New Guinea,PNG,2009,1.61
Papua New Guinea,PNG,2010,1.28
Papua New Guinea,PNG,2011,2
Papua New Guinea,PNG,2012,3.5
Papua New Guinea,PNG,2013,5.1
Papua New Guinea,PNG,2014,6.5
Papua New Guinea,PNG,2015,7.9
Papua New Guinea,PNG,2016,9.6015
Papua New Guinea,PNG,2017,11.2092
Papua New Guinea,PNG,2018,12.3579
Papua New Guinea,PNG,2019,13.6242
Papua New Guinea,PNG,2020,15.0204
Papua New Guinea,PNG,2021,16.5596
Papua New Guinea,PNG,2022,18.2566
Papua New Guinea,PNG,2023,18.5613
Papua New Guinea,PNG,2024,18.8116
Paraguay,PRY,1990,0
Paraguay,PRY,1996,0.0204
Paraguay,PRY,1997,0.0996
Paraguay,PRY,1998,0.195
Paraguay,PRY,1999,0.382
Paraguay,PRY,2000,0.7476307
Paraguay,PRY,2001,1.0987939
Paraguay,PRY,2002,1.7949696
Paraguay,PRY,2003,2.111942
Paraguay,PRY,2004,3.4524384
Paraguay,PRY,2005,7.9070077
Paraguay,PRY,2006,7.9621
Paraguay,PRY,2007,11.21
Paraguay,PRY,2008,14.27
Paraguay,PRY,2009,18.9
Paraguay,PRY,2010,19.8
Paraguay,PRY,2011,24.763515
Paraguay,PRY,2012,29.34
Paraguay,PRY,2013,36.9
Paraguay,PRY,2014,43.007374
Paraguay,PRY,2015,49.716305
Paraguay,PRY,2016,53.40413
Paraguay,PRY,2017,61.075756
Paraguay,PRY,2018,64.993546
Paraguay,PRY,2019,68.51763
Paraguay,PRY,2020,73.95751
Paraguay,PRY,2021,77.01839
Paraguay,PRY,2022,76.25916
Paraguay,PRY,2023,78.09482
Paraguay,PRY,2024,81.57807
Peru,PER,1990,0
Peru,PER,1994,0.0085
Peru,PER,1995,0.0334
Peru,PER,1996,0.246
Peru,PER,1997,0.403
Peru,PER,1998,1.19
Peru,PER,1999,1.95
Peru,PER,2000,3.0764306
Peru,PER,2001,7.578763
Peru,PER,2002,8.966949
Peru,PER,2003,11.6
Peru,PER,2004,14.1
Peru,PER,2005,17.1
Peru,PER,2006,20.7
Peru,PER,2007,25.2
Peru,PER,2008,30.57
Peru,PER,2009,31.4
Peru,PER,2010,34.77
Peru,PER,2011,36.01
Peru,PER,2012,38.2
Peru,PER,2013,39.2
Peru,PER,2014,40.244656
Peru,PER,2015,40.8526
Peru,PER,2016,45.461742
Peru,PER,2017,50.450413
Peru,PER,2018,55.054333
Peru,PER,2019,59.950504
Peru,PER,2020,65.2518
Peru,PER,2021,71.10783
Peru,PER,2022,74.67495
Peru,PER,2023,79.48485
Peru,PER,2024,81.95706
Philippines,PHL,1990,0
Philippines,PHL,1994,0.00584
Philippines,PHL,1995,0.0286
Philippines,PHL,1996,0.0559
Philippines,PHL,1997,0.137
Philippines,PHL,1998,1.1
Philippines,PHL,1999,1.43
Philippines,PHL,2000,1.9822532
Philippines,PHL,2001,2.5240057
Philippines,PHL,2002,4.332276
Philippines,PHL,2003,4.857672
Philippines,PHL,2004,5.2436285
Philippines,PHL,2005,5.3976
Philippines,PHL,2006,5.7405863
Philippines,PHL,2007,5.97
Philippines,PHL,2008,6.22
Philippines,PHL,2009,9
Philippines,PHL,2010,25
Philippines,PHL,2011,29
Philippines,PHL,2012,30.8
Philippines,PHL,2013,32.7
Philippines,PHL,2014,34.7
Philippines,PHL,2015,36.9
Philippines,PHL,2016,39.2
Philippines,PHL,2017,41.6
Philippines,PHL,2018,44.1
Philippines,PHL,2019,43.02661
Philippines,PHL,2020,53.7649
Philippines,PHL,2021,66.9078
Philippines,PHL,2022,75.21114
Philippines,PHL,2023,77.867
Philippines,PHL,2024,67.26301
Poland,POL,1990,0
Poland,POL,1991,0.00523
Poland,POL,1992,0.0521
Poland,POL,1993,0.13
Poland,POL,1994,0.389
Poland,POL,1995,0.648
Poland,POL,1996,1.3
Poland,POL,1997,2.07
Poland,POL,1998,4.1
Poland,POL,1999,5.46
Poland,POL,2000,7.2854285
Poland,POL,2001,9.90067
Poland,POL,2002,21.15
Poland,POL,2003,24.87
Poland,POL,2004,32.53
Poland,POL,2005,38.81
Poland,POL,2006,44.58
Poland,POL,2007,48.6
Poland,POL,2008,53.13
Poland,POL,2009,58.97
Poland,POL,2010,62.32
Poland,POL,2011,61.95
Poland,POL,2012,62.309998
Poland,POL,2013,62.8492
Poland,POL,2014,66.59874
Poland,POL,2015,67.99699
Poland,POL,2016,73.300705
Poland,POL,2017,75.98537
Poland,POL,2018,77.54173
Poland,POL,2019,80.435905
Poland,POL,2020,83.18489
Poland,POL,2021,85.37491
Poland,POL,2022,86.94113
Poland,POL,2023,86.41474
Poland,POL,2024,88.58496
Portugal,PRT,1990,0
Portugal,PRT,1991,0.1
Portugal,PRT,1992,0.25
Portugal,PRT,1993,0.45
Portugal,PRT,1994,0.719
Portugal,PRT,1995,1.49
Portugal,PRT,1996,2.98
Portugal,PRT,1997,4.95
Portugal,PRT,1998,9.87
Portugal,PRT,1999,14.7
Portugal,PRT,2000,16.430468
Portugal,PRT,2001,18.087137
Portugal,PRT,2002,19.37
Portugal,PRT,2003,29.67
Portugal,PRT,2004,31.78
Portugal,PRT,2005,34.99
Portugal,PRT,2006,38.01
Portugal,PRT,2007,42.09
Portugal,PRT,2008,44.13
Portugal,PRT,2009,48.27
Portugal,PRT,2010,53.3
Portugal,PRT,2011,55.249996
Portugal,PRT,2012,60.339996
Portugal,PRT,2013,62.0956
Portugal,PRT,2014,64.59242
Portugal,PRT,2015,68.63286
Portugal,PRT,2016,70.42357
Portugal,PRT,2017,73.791214
Portugal,PRT,2018,74.660965
Portugal,PRT,2019,75.346375
Portugal,PRT,2020,78.26166
Portugal,PRT,2021,82.30903
Portugal,PRT,2022,84.49691
Portugal,PRT,2023,85.79012
Portugal,PRT,2024,88.487045
Puerto Rico,PRI,1990,0
Puerto Rico,PRI,1994,0.0273
Puerto Rico,PRI,1995,0.135
Puerto Rico,PRI,1996,0.268
Puerto Rico,PRI,1997,1.33
Puerto Rico,PRI,1998,2.65
Puerto Rico,PRI,1999,5.27
Puerto Rico,PRI,2000,10.474648
Puerto Rico,PRI,2001,15.630031
Puerto Rico,PRI,2002,17.547647
Puerto Rico,PRI,2003,19.707026
Puerto Rico,PRI,2004,22.130737
Puerto Rico,PRI,2005,23.400051
Puerto Rico,PRI,2006,25.44242
Puerto Rico,PRI,2007,27.86
Puerto Rico,PRI,2008,38
Puerto Rico,PRI,2009,41.5
Puerto Rico,PRI,2010,45.3
Puerto Rico,PRI,2011,48
Puerto Rico,PRI,2012,68.999985
Puerto Rico,PRI,2013,68.99999
Puerto Rico,PRI,2014,76.13386
Puerto Rico,PRI,2015,63.466335
Puerto Rico,PRI,2016,68.64381
Puerto Rico,PRI,2017,68.740776
Puerto Rico,PRI,2018,70.8564
Puerto Rico,PRI,2019,77.73644
Puerto Rico,PRI,2021,84.78667
Puerto Rico,PRI,2022,87.29178
Qatar,QAT,1990,0
Qatar,QAT,1995,0.19
Qatar,QAT,1996,0.93
Qatar,QAT,1997,3.08
Qatar,QAT,1998,3.52
Qatar,QAT,1999,4.07
Qatar,QAT,2000,4.8636794
Qatar,QAT,2001,6.1702685
Qatar,QAT,2002,10.226129
Qatar,QAT,2003,19.242336
Qatar,QAT,2004,20.701649
Qatar,QAT,2005,24.7335
Qatar,QAT,2006,28.9741
Qatar,QAT,2007,37
Qatar,QAT,2008,44.3
Qatar,QAT,2009,53.1
Qatar,QAT,2010,69
Qatar,QAT,2011,69
Qatar,QAT,2012,69.3
Qatar,QAT,2013,85.3
Qatar,QAT,2014,91.49
Qatar,QAT,2015,92.88483
Qatar,QAT,2016,95.124664
Qatar,QAT,2017,97.38885
Qatar,QAT,2018,99.65285
Qatar,QAT,2019,99.6528
Qatar,QAT,2020,99.65285
Qatar,QAT,2021,99.6528
Qatar,QAT,2022,98.038
Qatar,QAT,2023,98.1523
Qatar,QAT,2024,98.0854
Romania,ROU,1990,0
Romania,ROU,1993,0.0037
Romania,ROU,1994,0.0263
Romania,ROU,1995,0.075
Romania,ROU,1996,0.222
Romania,ROU,1997,0.445
Romania,ROU,1998,2.24
Romania,ROU,1999,2.7
Romania,ROU,2000,3.6137173
Romania,ROU,2001,4.538669
Romania,ROU,2002,6.58
Romania,ROU,2003,8.9
Romania,ROU,2004,15
Romania,ROU,2005,21.5
Romania,ROU,2006,24.66
Romania,ROU,2007,28.3
Romania,ROU,2008,32.42
Romania,ROU,2009,36.6
Romania,ROU,2010,39.93
Romania,ROU,2011,40.01
Romania,ROU,2012,45.879993
Romania,ROU,2013,49.7645
Romania,ROU,2014,54.07832
Romania,ROU,2015,55.763157
Romania,ROU,2016,59.503952
Romania,ROU,2017,63.747284
Romania,ROU,2018,70.681274
Romania,ROU,2019,73.65748
Romania,ROU,2020,78.45527
Romania,ROU,2021,83.59042
Romania,ROU,2022,85.50309
Romania,ROU,2023,89.203354
Romania,ROU,2024,91.29049
Russia,RUS,1990,0
Russia,RUS,1992,0.000673
Russia,RUS,1993,0.0134
Russia,RUS,1994,0.0538
Russia,RUS,1995,0.148
Russia,RUS,1996,0.27
Russia,RUS,1997,0.473
Russia,RUS,1998,0.813
Russia,RUS,1999,1.02
Russia,RUS,2000,1.9772301
Russia,RUS,2001,2.944368
Russia,RUS,2002,4.1282716
Russia,RUS,2003,8.298861
Russia,RUS,2004,12.859389
Russia,RUS,2005,15.2267
Russia,RUS,2006,18.0233
Russia,RUS,2007,24.66
Russia,RUS,2008,32
Russia,RUS,2009,42.55
Russia,RUS,2010,49
Russia,RUS,2011,58
Russia,RUS,2012,66
Russia,RUS,2013,67.97
Russia,RUS,2014,70.51757
Russia,RUS,2015,70.09924
Russia,RUS,2016,73.09144
Russia,RUS,2017,76.00814
Russia,RUS,2018,80.86472
Russia,RUS,2019,82.64216
Russia,RUS,2020,84.99467
Russia,RUS,2021,88.213844
Russia,RUS,2022,90.41799
Russia,RUS,2023,92.244965
Russia,RUS,2024,94.36495
Rwanda,RWA,1990,0
Rwanda,RWA,1996,0.000883
Rwanda,RWA,1997,0.00163
Rwanda,RWA,1998,0.0118
Rwanda,RWA,1999,0.0672
Rwanda,RWA,2000,0.06283146
Rwanda,RWA,2001,0.24067241
Rwanda,RWA,2002,0.29278472
Rwanda,RWA,2003,0.35691845
Rwanda,RWA,2004,0.43085423
Rwanda,RWA,2005,0.556
Rwanda,RWA,2007,2.1154
Rwanda,RWA,2008,4.5
Rwanda,RWA,2009,7.7
Rwanda,RWA,2010,8
Rwanda,RWA,2011,7
Rwanda,RWA,2012,8.0239
Rwanda,RWA,2013,9
Rwanda,RWA,2014,10.6
Rwanda,RWA,2015,12.456
Rwanda,RWA,2016,14.6371
Rwanda,RWA,2017,17.2
Rwanda,RWA,2018,19.1666
Rwanda,RWA,2019,21.358
Rwanda,RWA,2020,23.8
Rwanda,RWA,2021,24.4416
Rwanda,RWA,2022,28.0168
Rwanda,RWA,2023,28.8058
Rwanda,RWA,2024,31.7033
Saint Kitts and Nevis,KNA,1990,0
Saint Kitts and Nevis,KNA,1996,1.95
Saint Kitts and Nevis,KNA,1997,2.26
Saint Kitts and Nevis,KNA,1998,3.34
Saint Kitts and Nevis,KNA,1999,4.4
Saint Kitts and Nevis,KNA,2000,5.86281
Saint Kitts and Nevis,KNA,2001,7.7147264
Saint Kitts and Nevis,KNA,2002,21.152382
Saint Kitts and Nevis,KNA,2003,22.969784
Saint Kitts and Nevis,KNA,2004,24.737677
Saint Kitts and Nevis,KNA,2005,34
Saint Kitts and Nevis,KNA,2006,38.5
Saint Kitts and Nevis,KNA,2007,43.5
Saint Kitts and Nevis,KNA,2008,49.2
Saint Kitts and Nevis,KNA,2009,55.7
Saint Kitts and Nevis,KNA,2010,63
Saint Kitts and Nevis,KNA,2011,63.2
Saint Kitts and Nevis,KNA,2012,64
Saint Kitts and Nevis,KNA,2013,64.6
Saint Kitts and Nevis,KNA,2014,65.3818
Saint Kitts and Nevis,KNA,2015,66.1731
Saint Kitts and Nevis,KNA,2016,66.9739
Saint Kitts and Nevis,KNA,2017,67.7844
Saint Kitts and Nevis,KNA,2018,68.6048
Saint Kitts and Nevis,KNA,2019,69.435
Saint Kitts and Nevis,KNA,2020,70.2753
Saint Kitts and Nevis,KNA,2021,74.3716
Saint Kitts and Nevis,KNA,2022,75.7623
Saint Kitts and Nevis,KNA,2023,76.5895
Saint Kitts and Nevis,KNA,2024,76.884
Saint Lucia,LCA,1990,0
Saint Lucia,LCA,1995,0.306
Saint Lucia,LCA,1996,0.67
Saint Lucia,LCA,1997,0.992
Saint Lucia,LCA,1998,1.3
Saint Lucia,LCA,1999,1.93
Saint Lucia,LCA,2000,5.090483
Saint Lucia,LCA,2001,8.181864
Saint Lucia,LCA,2002,14.641836
Saint Lucia,LCA,2003,20.982473
Saint Lucia,LCA,2004,21.395212
Saint Lucia,LCA,2005,21.567583
Saint Lucia,LCA,2006,24.5
Saint Lucia,LCA,2007,27.9
Saint Lucia,LCA,2008,30
Saint Lucia,LCA,2009,31
Saint Lucia,LCA,2010,32.5
Saint Lucia,LCA,2011,34
Saint Lucia,LCA,2012,45.865
Saint Lucia,LCA,2013,49.3872
Saint Lucia,LCA,2014,53.1797
Saint Lucia,LCA,2015,57.2633
Saint Lucia,LCA,2016,58.2226
Saint Lucia,LCA,2017,59.1601
Saint Lucia,LCA,2018,60.1126
Saint Lucia,LCA,2019,61.0805
Saint Lucia,LCA,2020,62.064
Saint Lucia,LCA,2021,63.0633
Saint Lucia,LCA,2022,66.9516
Saint Lucia,LCA,2023,67.4439
Saint Lucia,LCA,2024,68.205
Saint Vincent and the Grenadines,VCT,1990,0
Saint Vincent and the Grenadines,VCT,1995,0.129
Saint Vincent and the Grenadines,VCT,1996,0.483
Saint Vincent and the Grenadines,VCT,1997,0.926
Saint Vincent and the Grenadines,VCT,1998,1.85
Saint Vincent and the Grenadines,VCT,1999,2.78
Saint Vincent and the Grenadines,VCT,2000,3.2450373
Saint Vincent and the Grenadines,VCT,2001,5.09481
Saint Vincent and the Grenadines,VCT,2002,5.549595
Saint Vincent and the Grenadines,VCT,2003,6.462274
Saint Vincent and the Grenadines,VCT,2004,7.3711658
Saint Vincent and the Grenadines,VCT,2005,9.198278
Saint Vincent and the Grenadines,VCT,2006,12
Saint Vincent and the Grenadines,VCT,2007,16
Saint Vincent and the Grenadines,VCT,2008,21
Saint Vincent and the Grenadines,VCT,2009,31
Saint Vincent and the Grenadines,VCT,2010,33.7
Saint Vincent and the Grenadines,VCT,2011,36.7
Saint Vincent and the Grenadines,VCT,2012,40
Saint Vincent and the Grenadines,VCT,2013,43.5
Saint Vincent and the Grenadines,VCT,2014,47.4
Saint Vincent and the Grenadines,VCT,2015,49.4
Saint Vincent and the Grenadines,VCT,2016,51.5
Saint Vincent and the Grenadines,VCT,2017,53.7
Saint Vincent and the Grenadines,VCT,2018,56
Saint Vincent and the Grenadines,VCT,2019,59.5763
Saint Vincent and the Grenadines,VCT,2020,63.381
Saint Vincent and the Grenadines,VCT,2021,68.8334
Saint Vincent and the Grenadines,VCT,2022,74.7548
Saint Vincent and the Grenadines,VCT,2023,75.5368
Saint Vincent and the Grenadines,VCT,2024,76.1901
Samoa,WSM,1990,0
Samoa,WSM,1997,0.175
Samoa,WSM,1998,0.23
Samoa,WSM,1999,0.285
Samoa,WSM,2000,0.56639254
Samoa,WSM,2001,1.6899028
Samoa,WSM,2002,2.2448328
Samoa,WSM,2003,2.7996304
Samoa,WSM,2004,3.0755293
Samoa,WSM,2005,3.3525922
Samoa,WSM,2006,4.469174
Samoa,WSM,2007,4.75
Samoa,WSM,2008,5.0316
Samoa,WSM,2009,6
Samoa,WSM,2010,7
Samoa,WSM,2011,11
Samoa,WSM,2012,12.9225
Samoa,WSM,2013,15.3
Samoa,WSM,2014,21.2
San Marino,SMR,1990,0
San Marino,SMR,1995,1.36
San Marino,SMR,1996,1.43
San Marino,SMR,1997,1.42
San Marino,SMR,1998,1.41
San Marino,SMR,1999,42.8
San Marino,SMR,2000,48.799496
San Marino,SMR,2001,50.34167
San Marino,SMR,2002,50.83484
San Marino,SMR,2003,50.003452
San Marino,SMR,2004,50.56634
San Marino,SMR,2006,50.20866
San Marino,SMR,2007,50.364822
San Marino,SMR,2008,54.52
San Marino,SMR,2009,54.21
San Marino,SMR,2011,49.6
San Marino,SMR,2016,55
San Marino,SMR,2017,60.1823
San Marino,SMR,2019,67.8507
San Marino,SMR,2020,77.95
San Marino,SMR,2021,81.67
San Marino,SMR,2022,97.3279
San Marino,SMR,2023,97.3364
San Marino,SMR,2024,97.3522
Sao Tome and Principe,STP,1990,0
Sao Tome and Principe,STP,1998,0.296
Sao Tome and Principe,STP,1999,0.363
Sao Tome and Principe,STP,2000,4.638517
Sao Tome and Principe,STP,2001,6.310918
Sao Tome and Principe,STP,2002,7.580665
Sao Tome and Principe,STP,2003,10.161844
Sao Tome and Principe,STP,2004,13.322853
Sao Tome and Principe,STP,2005,13.7595
Sao Tome and Principe,STP,2006,14.182
Sao Tome and Principe,STP,2007,14.590484
Sao Tome and Principe,STP,2008,15.48
Sao Tome and Principe,STP,2009,16.41
Sao Tome and Principe,STP,2010,18.75
Sao Tome and Principe,STP,2011,20.1612
Sao Tome and Principe,STP,2012,21.5724
Sao Tome and Principe,STP,2013,23
Sao Tome and Principe,STP,2014,24.41
Sao Tome and Principe,STP,2015,25.82
Sao Tome and Principe,STP,2016,28
Sao Tome and Principe,STP,2017,32.6164
Sao Tome and Principe,STP,2018,37.9938
Sao Tome and Principe,STP,2019,44.2579
Sao Tome and Principe,STP,2020,51.5547
Sao Tome and Principe,STP,2021,54.9495
Sao Tome and Principe,STP,2022,58.5678
Sao Tome and Principe,STP,2023,58.7013
Sao Tome and Principe,STP,2024,59.1176
Saudi Arabia,SAU,1990,0
Saudi Arabia,SAU,1995,0.011
Saudi Arabia,SAU,1996,0.0267
Saudi Arabia,SAU,1997,0.0521
Saudi Arabia,SAU,1998,0.101
Saudi Arabia,SAU,1999,0.494
Saudi Arabia,SAU,2000,2.2106917
Saudi Arabia,SAU,2001,4.681053
Saudi Arabia,SAU,2002,6.384705
Saudi Arabia,SAU,2003,8.001583
Saudi Arabia,SAU,2004,10.234533
Saudi Arabia,SAU,2005,12.705036
Saudi Arabia,SAU,2006,19.459555
Saudi Arabia,SAU,2007,30
Saudi Arabia,SAU,2008,36
Saudi Arabia,SAU,2009,38
Saudi Arabia,SAU,2010,41
Saudi Arabia,SAU,2011,47.5
Saudi Arabia,SAU,2012,54
Saudi Arabia,SAU,2013,60.5
Saudi Arabia,SAU,2014,64.71365
Saudi Arabia,SAU,2015,69.616234
Saudi Arabia,SAU,2016,74.87927
Saudi Arabia,SAU,2017,94.1756
Saudi Arabia,SAU,2018,93.310005
Saudi Arabia,SAU,2019,95.72474
Saudi Arabia,SAU,2020,97.862335
Saudi Arabia,SAU,2021,100
Saudi Arabia,SAU,2022,100
Saudi Arabia,SAU,2023,100
Saudi Arabia,SAU,2024,100
Senegal,SEN,1990,0
Senegal,SEN,1995,0.000693
Senegal,SEN,1996,0.0112
Senegal,SEN,1997,0.0273
Senegal,SEN,1998,0.0799
Senegal,SEN,1999,0.311
Senegal,SEN,2000,0.4039675
Senegal,SEN,2001,0.98379403
Senegal,SEN,2002,1.0064546
Senegal,SEN,2003,2.1014364
Senegal,SEN,2004,4.386024
Senegal,SEN,2005,4.786684
Senegal,SEN,2006,5.6117387
Senegal,SEN,2007,6.89
Senegal,SEN,2008,7.12
Senegal,SEN,2009,7.5
Senegal,SEN,2010,8
Senegal,SEN,2011,9.8
Senegal,SEN,2012,10.8
Senegal,SEN,2013,13.1
Senegal,SEN,2014,17.7
Senegal,SEN,2015,21.7
Senegal,SEN,2016,25.6648
Senegal,SEN,2017,29.6431
Senegal,SEN,2018,35.3
Senegal,SEN,2019,43.3797
Senegal,SEN,2020,53.3088
Senegal,SEN,2021,55.0404
Senegal,SEN,2022,56.8283
Senegal,SEN,2023,59.1874
Senegal,SEN,2024,60.1178
Serbia,SRB,2004,23.5
Serbia,SRB,2005,26.3
Serbia,SRB,2006,27.2
Serbia,SRB,2007,33.15
Serbia,SRB,2008,35.6
Serbia,SRB,2009,38.1
Serbia,SRB,2010,40.9
Serbia,SRB,2011,42.2
Serbia,SRB,2012,48.1
Serbia,SRB,2013,53.450363
Serbia,SRB,2014,62.07508
Serbia,SRB,2015,65.317024
Serbia,SRB,2016,67.05684
Serbia,SRB,2017,70.33083
Serbia,SRB,2018,73.36071
Serbia,SRB,2019,77.41677
Serbia,SRB,2020,78.36805
Serbia,SRB,2021,81.16588
Serbia,SRB,2022,83.53825
Serbia,SRB,2023,85.35747
Serbia,SRB,2024,87.69071
Seychelles,SYC,1990,0
Seychelles,SYC,1996,0.651
Seychelles,SYC,1997,1.28
Seychelles,SYC,1998,2.53
Seychelles,SYC,1999,6.23
Seychelles,SYC,2000,7.3956294
Seychelles,SYC,2001,11.015103
Seychelles,SYC,2002,14.304171
Seychelles,SYC,2003,14.5925045
Seychelles,SYC,2004,24.272139
Seychelles,SYC,2005,25.413269
Seychelles,SYC,2006,34.951973
Seychelles,SYC,2007,38.38
Seychelles,SYC,2008,40.44
Seychelles,SYC,2010,41
Seychelles,SYC,2011,43.164
Seychelles,SYC,2012,47.076
Seychelles,SYC,2013,50.4
Seychelles,SYC,2014,51.2547
Seychelles,SYC,2015,54.2596
Seychelles,SYC,2016,56.5147
Seychelles,SYC,2017,62.5531
Seychelles,SYC,2018,69.2366
Seychelles,SYC,2019,76.6342
Seychelles,SYC,2020,79.2517
Seychelles,SYC,2021,81.9953
Seychelles,SYC,2022,84.8338
Seychelles,SYC,2023,86.0013
Seychelles,SYC,2024,87.818
Sierra Leone,SLE,1990,0
Sierra Leone,SLE,1993,0
Sierra Leone,SLE,1994,0
Sierra Leone,SLE,1995,0
Sierra Leone,SLE,1996,0.00251
Sierra Leone,SLE,1997,0.00499
Sierra Leone,SLE,1998,0.0148
Sierra Leone,SLE,1999,0.0485
Sierra Leone,SLE,2000,0.118254244
Sierra Leone,SLE,2001,0.16026445
Sierra Leone,SLE,2002,0.17619896
Sierra Leone,SLE,2003,0.19017328
Sierra Leone,SLE,2004,0.20300768
Sierra Leone,SLE,2005,0.2154
Sierra Leone,SLE,2006,0.2277
Sierra Leone,SLE,2007,0.2398
Sierra Leone,SLE,2008,0.25
Sierra Leone,SLE,2009,0.26
Sierra Leone,SLE,2010,0.58
Sierra Leone,SLE,2011,0.9
Sierra Leone,SLE,2012,2.5
Sierra Leone,SLE,2013,4
Sierra Leone,SLE,2014,6.0573
Sierra Leone,SLE,2015,6.3444
Sierra Leone,SLE,2016,7.6801
Sierra Leone,SLE,2017,9.2971
Sierra Leone,SLE,2018,14.4223
Sierra Leone,SLE,2019,15.7137
Sierra Leone,SLE,2020,17.1208
Sierra Leone,SLE,2021,18.6539
Sierra Leone,SLE,2022,21.5088
Sierra Leone,SLE,2023,23.7136
Sierra Leone,SLE,2024,25.105
Singapore,SGP,1990,0
Singapore,SGP,1991,0.162
Singapore,SGP,1992,0.471
Singapore,SGP,1993,0.763
Singapore,SGP,1994,1.19
Singapore,SGP,1995,2.87
Singapore,SGP,1996,8.35
Singapore,SGP,1997,13.5
Singapore,SGP,1998,19.6
Singapore,SGP,1999,24.2
Singapore,SGP,2000,36
Singapore,SGP,2001,41.670425
Singapore,SGP,2002,47
Singapore,SGP,2003,53.837944
Singapore,SGP,2004,62
Singapore,SGP,2005,61
Singapore,SGP,2006,59
Singapore,SGP,2007,69.9
Singapore,SGP,2008,69
Singapore,SGP,2009,69
Singapore,SGP,2010,71
Singapore,SGP,2011,71
Singapore,SGP,2012,72
Singapore,SGP,2013,80.9021
Singapore,SGP,2014,79.029236
Singapore,SGP,2015,79.012955
Singapore,SGP,2016,84.45227
Singapore,SGP,2017,84.45227
Singapore,SGP,2018,88.165634
Singapore,SGP,2019,88.94925
Singapore,SGP,2020,92.00435
Singapore,SGP,2021,96.92468
Singapore,SGP,2022,95.953865
Singapore,SGP,2023,94.28519
Singapore,SGP,2024,94.37757
Slovakia,SVK,1990,0
Slovakia,SVK,1993,0.128
Slovakia,SVK,1994,0.319
Slovakia,SVK,1995,0.523
Slovakia,SVK,1996,0.783
Slovakia,SVK,1997,1.17
Slovakia,SVK,1998,2.69
Slovakia,SVK,1999,5.44
Slovakia,SVK,2000,9.426804
Slovakia,SVK,2001,12.528322
Slovakia,SVK,2002,40.14
Slovakia,SVK,2003,43.04
Slovakia,SVK,2004,52.89
Slovakia,SVK,2005,55.19
Slovakia,SVK,2006,56.08
Slovakia,SVK,2007,61.8
Slovakia,SVK,2008,66.05
Slovakia,SVK,2009,70
Slovakia,SVK,2010,75.71
Slovakia,SVK,2011,74.439995
Slovakia,SVK,2012,76.70999
Slovakia,SVK,2013,77.8826
Slovakia,SVK,2014,79.9843
Slovakia,SVK,2015,77.63468
Slovakia,SVK,2016,80.47586
Slovakia,SVK,2017,81.62566
Slovakia,SVK,2018,80.44892
Slovakia,SVK,2019,82.85366
Slovakia,SVK,2020,89.920906
Slovakia,SVK,2021,88.925606
Slovakia,SVK,2022,89.067665
Slovakia,SVK,2023,87.213135
Slovakia,SVK,2024,89.82507
Slovenia,SVN,1990,0
Slovenia,SVN,1993,0.41
Slovenia,SVN,1994,1.07
Slovenia,SVN,1995,2.9
Slovenia,SVN,1996,5.07
Slovenia,SVN,1997,7.59
Slovenia,SVN,1998,10.1
Slovenia,SVN,1999,12.6
Slovenia,SVN,2000,15.11026
Slovenia,SVN,2001,30.17591
Slovenia,SVN,2002,27.838886
Slovenia,SVN,2003,31.854794
Slovenia,SVN,2004,40.81
Slovenia,SVN,2005,46.81
Slovenia,SVN,2006,54.01
Slovenia,SVN,2007,56.74
Slovenia,SVN,2008,58
Slovenia,SVN,2009,64
Slovenia,SVN,2010,70
Slovenia,SVN,2011,67.34
Slovenia,SVN,2012,68.349976
Slovenia,SVN,2013,72.6756
Slovenia,SVN,2014,71.58625
Slovenia,SVN,2015,73.09866
Slovenia,SVN,2016,75.498505
Slovenia,SVN,2017,78.88543
Slovenia,SVN,2018,79.74998
Slovenia,SVN,2019,83.10836
Slovenia,SVN,2020,86.6013
Slovenia,SVN,2021,89.004
Slovenia,SVN,2022,88.91248
Slovenia,SVN,2023,90.377945
Slovenia,SVN,2024,90.76356
Solomon Islands,SLB,1990,0
Solomon Islands,SLB,1995,0.0249
Solomon Islands,SLB,1996,0.269
Solomon Islands,SLB,1997,0.392
Solomon Islands,SLB,1998,0.508
Solomon Islands,SLB,1999,0.495
Solomon Islands,SLB,2000,0.4812968
Solomon Islands,SLB,2001,0.46855196
Solomon Islands,SLB,2002,0.50191987
Solomon Islands,SLB,2003,0.5556099
Solomon Islands,SLB,2004,0.6496727
Solomon Islands,SLB,2005,0.8443
Solomon Islands,SLB,2006,1.6463
Solomon Islands,SLB,2007,2
Solomon Islands,SLB,2008,3
Solomon Islands,SLB,2009,4
Solomon Islands,SLB,2010,5
Solomon Islands,SLB,2011,6
Solomon Islands,SLB,2012,6.9974
Solomon Islands,SLB,2013,8
Solomon Islands,SLB,2014,9
Solomon Islands,SLB,2015,10.0005
Solomon Islands,SLB,2016,11.0009
Solomon Islands,SLB,2017,15.1484
Solomon Islands,SLB,2018,20.8594
Solomon Islands,SLB,2019,22.4888
Solomon Islands,SLB,2020,24.1984
Solomon Islands,SLB,2021,26.0379
Solomon Islands,SLB,2022,28.0173
Solomon Islands,SLB,2023,28.6724
Solomon Islands,SLB,2024,29.0407
Somalia,SOM,1990,0
Somalia,SOM,1995,0
Somalia,SOM,1996,0.00151
Somalia,SOM,1997,0.00295
Somalia,SOM,1998,0.00716
Somalia,SOM,1999,0.0139
Somalia,SOM,2000,0.02
Somalia,SOM,2001,0.07903918
Somalia,SOM,2002,0.11561421
Somalia,SOM,2003,0.376198
Somalia,SOM,2004,1.0534548
Somalia,SOM,2005,1.0773
Somalia,SOM,2006,1.1002
Somalia,SOM,2007,1.1222
Somalia,SOM,2008,1.1427
Somalia,SOM,2009,1.1606
Somalia,SOM,2011,1.25
Somalia,SOM,2012,1.3767
Somalia,SOM,2013,1.5
Somalia,SOM,2014,1.63
Somalia,SOM,2015,1.76
Somalia,SOM,2016,1.88
Somalia,SOM,2019,2.7314
Somalia,SOM,2020,15.0237
Somalia,SOM,2021,23.8748
Somalia,SOM,2022,27.6
Somalia,SOM,2023,26.1201
Somalia,SOM,2024,27.9402
South Africa,ZAF,1990,0
South Africa,ZAF,1991,0.0133
South Africa,ZAF,1992,0.0389
South Africa,ZAF,1993,0.114
South Africa,ZAF,1994,0.247
South Africa,ZAF,1995,0.677
South Africa,ZAF,1996,0.842
South Africa,ZAF,1997,1.63
South Africa,ZAF,1998,2.91
South Africa,ZAF,1999,4.12
South Africa,ZAF,2000,5.34856
South Africa,ZAF,2001,6.346619
South Africa,ZAF,2002,6.7103224
South Africa,ZAF,2003,7.007692
South Africa,ZAF,2004,8.425118
South Africa,ZAF,2005,7.4885426
South Africa,ZAF,2006,7.6071396
South Africa,ZAF,2007,8.065375
South Africa,ZAF,2008,8.43
South Africa,ZAF,2009,10
South Africa,ZAF,2010,24
South Africa,ZAF,2011,33.97
South Africa,ZAF,2012,41
South Africa,ZAF,2013,46.5
South Africa,ZAF,2014,49
South Africa,ZAF,2015,51.9191
South Africa,ZAF,2016,54
South Africa,ZAF,2017,56.1674
South Africa,ZAF,2018,62.4
South Africa,ZAF,2019,69.6969
South Africa,ZAF,2020,72.1128
South Africa,ZAF,2021,74.9686
South Africa,ZAF,2022,78.2932
South Africa,ZAF,2023,78.3367
South Africa,ZAF,2024,78.3576
South Asia (WB),WB_SA,2005,2.1
South Asia (WB),WB_SA,2006,2.6
South Asia (WB),WB_SA,2007,3.7
South Asia (WB),WB_SA,2008,4.1
South Asia (WB),WB_SA,2009,4.9
South Asia (WB),WB_SA,2010,7.1
South Asia (WB),WB_SA,2011,9.4
South Asia (WB),WB_SA,2012,10.4
South Asia (WB),WB_SA,2013,11.7
South Asia (WB),WB_SA,2014,13
South Asia (WB),WB_SA,2015,14.7
South Asia (WB),WB_SA,2016,16.7
South Asia (WB),WB_SA,2017,18.8
South Asia (WB),WB_SA,2018,20.9
South Asia (WB),WB_SA,2019,29.7
South Asia (WB),WB_SA,2020,42.5
South Asia (WB),WB_SA,2021,48
South Asia (WB),WB_SA,2022,54.2
South Asia (WB),WB_SA,2023,58.3
South Asia (WB),WB_SA,2024,62.8
South Asia (WB),WB_SA,2025,67.8
South Korea,KOR,1990,0.0233
South Korea,KOR,1991,0.0461
South Korea,KOR,1992,0.0984
South Korea,KOR,1993,0.25
South Korea,KOR,1994,0.311
South Korea,KOR,1995,0.82
South Korea,KOR,1996,1.62
South Korea,KOR,1997,3.6
South Korea,KOR,1998,6.78
South Korea,KOR,1999,23.6
South Korea,KOR,2000,44.7
South Korea,KOR,2001,56.6
South Korea,KOR,2002,59.4
South Korea,KOR,2003,65.5
South Korea,KOR,2004,72.7
South Korea,KOR,2005,73.5
South Korea,KOR,2006,78.1
South Korea,KOR,2007,78.8
South Korea,KOR,2008,81
South Korea,KOR,2009,81.6
South Korea,KOR,2010,83.7
South Korea,KOR,2011,83.75912
South Korea,KOR,2012,84.07
South Korea,KOR,2013,84.77
South Korea,KOR,2014,87.55682
South Korea,KOR,2015,89.896255
South Korea,KOR,2016,92.843025
South Korea,KOR,2017,95.06942
South Korea,KOR,2018,96.02286
South Korea,KOR,2019,96.15758
South Korea,KOR,2020,96.50506
South Korea,KOR,2021,97.57133
South Korea,KOR,2022,97.16856
South Korea,KOR,2023,97.41598
South Korea,KOR,2024,97.89564
South Sudan,SSD,2012,1.5
South Sudan,SSD,2013,2.2
South Sudan,SSD,2014,2.6
South Sudan,SSD,2015,3
South Sudan,SSD,2016,3.5
South Sudan,SSD,2017,4.1
South Sudan,SSD,2018,4.8
South Sudan,SSD,2019,6.671
Spain,ESP,1990,0.0129
Spain,ESP,1991,0.0257
Spain,ESP,1992,0.0768
Spain,ESP,1993,0.128
Spain,ESP,1994,0.28
Spain,ESP,1995,0.381
Spain,ESP,1996,1.33
Spain,ESP,1997,2.8
Spain,ESP,1998,4.36
Spain,ESP,1999,7.09
Spain,ESP,2000,13.624961
Spain,ESP,2001,18.148724
Spain,ESP,2002,20.39
Spain,ESP,2003,39.93
Spain,ESP,2004,44.01
Spain,ESP,2005,47.88
Spain,ESP,2006,50.37
Spain,ESP,2007,55.11
Spain,ESP,2008,59.6
Spain,ESP,2009,62.4
Spain,ESP,2010,65.8
Spain,ESP,2011,67.09
Spain,ESP,2012,69.81
Spain,ESP,2013,71.635
Spain,ESP,2014,76.18671
Spain,ESP,2015,78.68963
Spain,ESP,2016,80.56133
Spain,ESP,2017,84.60225
Spain,ESP,2018,86.10724
Spain,ESP,2019,90.718666
Spain,ESP,2020,93.20565
Spain,ESP,2021,93.89752
Spain,ESP,2022,94.48554
Spain,ESP,2023,95.44565
Spain,ESP,2024,95.757454
Sri Lanka,LKA,1990,0
Sri Lanka,LKA,1994,0.00277
Sri Lanka,LKA,1995,0.00548
Sri Lanka,LKA,1996,0.0545
Sri Lanka,LKA,1997,0.162
Sri Lanka,LKA,1998,0.296
Sri Lanka,LKA,1999,0.348
Sri Lanka,LKA,2000,0.64741004
Sri Lanka,LKA,2001,0.7938219
Sri Lanka,LKA,2002,1.0504227
Sri Lanka,LKA,2003,1.4585803
Sri Lanka,LKA,2004,1.44616
Sri Lanka,LKA,2005,1.792
Sri Lanka,LKA,2006,2.5375662
Sri Lanka,LKA,2007,3.88
Sri Lanka,LKA,2008,4.8245
Sri Lanka,LKA,2009,5.8685
Sri Lanka,LKA,2010,6.9124
Sri Lanka,LKA,2011,7.9564
Sri Lanka,LKA,2012,9.0004
Sri Lanka,LKA,2013,10.0444
Sri Lanka,LKA,2014,10.500003
Sri Lanka,LKA,2015,15.2625
Sri Lanka,LKA,2016,22.19
Sri Lanka,LKA,2017,25.0755
Sri Lanka,LKA,2018,28.3362
Sri Lanka,LKA,2019,32.0209
Sri Lanka,LKA,2020,36.184734
Sri Lanka,LKA,2021,44.453087
Sri Lanka,LKA,2022,48.3
Sri Lanka,LKA,2023,51.2
Sri Lanka,LKA,2024,54.59
Sub-Saharan Africa (WB),WB_SSA,2005,2
Sub-Saharan Africa (WB),WB_SSA,2006,2.6
Sub-Saharan Africa (WB),WB_SSA,2007,3.1
Sub-Saharan Africa (WB),WB_SSA,2008,3.6
Sub-Saharan Africa (WB),WB_SSA,2009,4.3
Sub-Saharan Africa (WB),WB_SSA,2010,6
Sub-Saharan Africa (WB),WB_SSA,2011,7.5
Sub-Saharan Africa (WB),WB_SSA,2012,9.2
Sub-Saharan Africa (WB),WB_SSA,2013,11.2
Sub-Saharan Africa (WB),WB_SSA,2014,13.4
Sub-Saharan Africa (WB),WB_SSA,2015,16.2
Sub-Saharan Africa (WB),WB_SSA,2016,18.3
Sub-Saharan Africa (WB),WB_SSA,2017,20
Sub-Saharan Africa (WB),WB_SSA,2018,22
Sub-Saharan Africa (WB),WB_SSA,2019,24.4
Sub-Saharan Africa (WB),WB_SSA,2020,26.7
Sub-Saharan Africa (WB),WB_SSA,2021,29
Sub-Saharan Africa (WB),WB_SSA,2022,31.1
Sub-Saharan Africa (WB),WB_SSA,2023,32.3
Sub-Saharan Africa (WB),WB_SSA,2024,33.6
Sub-Saharan Africa (WB),WB_SSA,2025,35.7
Sudan,SDN,1990,0
Sudan,SDN,1994,0
Sudan,SDN,1995,0
Sudan,SDN,1996,0
Sudan,SDN,1997,0.00123
Sudan,SDN,1998,0.00481
Sudan,SDN,1999,0.00879
Sudan,SDN,2000,0.025785033
Sudan,SDN,2001,0.14018522
Sudan,SDN,2002,0.43947765
Sudan,SDN,2003,0.5384717
Sudan,SDN,2004,0.7915616
Sudan,SDN,2007,8.66
Sudan,SDN,2015,12
Sudan,SDN,2016,14.1
Sudan,SDN,2017,18.6
Suriname,SUR,1990,0
Suriname,SUR,1995,0.115
Suriname,SUR,1996,0.226
Suriname,SUR,1997,1
Suriname,SUR,1998,1.67
Suriname,SUR,1999,1.89
Suriname,SUR,2000,2.506411
Suriname,SUR,2001,3.0644484
Suriname,SUR,2002,4.1615686
Suriname,SUR,2003,4.7198753
Suriname,SUR,2004,6.076048
Suriname,SUR,2005,6.403086
Suriname,SUR,2006,9.4996
Suriname,SUR,2007,14.11
Suriname,SUR,2008,21.06
Suriname,SUR,2009,31.36
Suriname,SUR,2010,31.59
Suriname,SUR,2011,32
Suriname,SUR,2012,34.6812
Suriname,SUR,2013,37.4
Suriname,SUR,2014,40.08
Suriname,SUR,2015,42.7638
Suriname,SUR,2016,45.4
Suriname,SUR,2017,48.9452
Suriname,SUR,2018,55.1021
Suriname,SUR,2019,62.0335
Suriname,SUR,2023,87.4
Sweden,SWE,1990,0.584
Sweden,SWE,1991,1.16
Sweden,SWE,1992,1.5
Sweden,SWE,1993,1.72
Sweden,SWE,1994,3.41
Sweden,SWE,1995,5.1
Sweden,SWE,1996,9.04
Sweden,SWE,1997,23.7
Sweden,SWE,1998,33.5
Sweden,SWE,1999,41.4
Sweden,SWE,2000,45.687653
Sweden,SWE,2001,51.765663
Sweden,SWE,2002,70.57
Sweden,SWE,2003,79.13
Sweden,SWE,2004,83.89
Sweden,SWE,2005,84.83
Sweden,SWE,2006,87.76
Sweden,SWE,2007,82.01
Sweden,SWE,2008,90
Sweden,SWE,2009,91
Sweden,SWE,2010,90
Sweden,SWE,2011,92.76999
Sweden,SWE,2012,93.179985
Sweden,SWE,2013,94.7836
Sweden,SWE,2014,92.523605
Sweden,SWE,2015,90.6102
Sweden,SWE,2016,89.65095
Sweden,SWE,2017,93.00626
Sweden,SWE,2018,89.24696
Sweden,SWE,2019,94.49345
Sweden,SWE,2020,94.53943
Sweden,SWE,2021,94.67032
Sweden,SWE,2022,95.009705
Sweden,SWE,2023,95.70328
Sweden,SWE,2024,95.529305
Sweden,SWE,2025,95.7663
Switzerland,CHE,1990,0.596
Switzerland,CHE,1991,1.18
Switzerland,CHE,1992,1.75
Switzerland,CHE,1993,2.17
Switzerland,CHE,1994,2.72
Switzerland,CHE,1995,3.55
Switzerland,CHE,1996,4.55
Switzerland,CHE,1997,15.1
Switzerland,CHE,1998,24.8
Switzerland,CHE,1999,34
Switzerland,CHE,2000,47.1
Switzerland,CHE,2001,55.1
Switzerland,CHE,2002,61.4
Switzerland,CHE,2003,65.1
Switzerland,CHE,2004,67.8
Switzerland,CHE,2005,70.1
Switzerland,CHE,2006,75.7
Switzerland,CHE,2007,77.2
Switzerland,CHE,2008,79.2
Switzerland,CHE,2009,81.3
Switzerland,CHE,2010,83.9
Switzerland,CHE,2011,85.19303
Switzerland,CHE,2012,85.2
Switzerland,CHE,2013,86.34
Switzerland,CHE,2014,83.61725
Switzerland,CHE,2015,87.47906
Switzerland,CHE,2016,89.13469
Switzerland,CHE,2017,89.68615
Switzerland,CHE,2018,91.8
Switzerland,CHE,2019,93.14609
Switzerland,CHE,2020,94.35
Switzerland,CHE,2021,95.569374
Switzerland,CHE,2022,96.4528
Switzerland,CHE,2023,97.34437
Switzerland,CHE,2024,97.3444
Switzerland,CHE,2025,97.32104
Syria,SYR,1990,0
Syria,SYR,1991,0
Syria,SYR,1992,0
Syria,SYR,1993,0
Syria,SYR,1994,0
Syria,SYR,1995,0
Syria,SYR,1996,0
Syria,SYR,1997,0.0326
Syria,SYR,1998,0.0637
Syria,SYR,1999,0.124
Syria,SYR,2000,0.18169858
Syria,SYR,2001,0.35375914
Syria,SYR,2002,2.093101
Syria,SYR,2003,3.3979726
Syria,SYR,2004,4.3215938
Syria,SYR,2005,5.6481
Syria,SYR,2006,7.8326
Syria,SYR,2007,11.5
Syria,SYR,2008,14
Syria,SYR,2009,17.3
Syria,SYR,2010,20.7
Syria,SYR,2011,22.5
Syria,SYR,2012,24.3001
Syria,SYR,2013,26.2
Syria,SYR,2014,28.09
Syria,SYR,2015,29.9798
Syria,SYR,2016,31.8696
Syria,SYR,2017,32.7
Syria,SYR,2018,33.77
Tajikistan,TJK,1990,0
Tajikistan,TJK,1999,0.0328
Tajikistan,TJK,2000,0.048599593
Tajikistan,TJK,2001,0.051259134
Tajikistan,TJK,2002,0.055462826
Tajikistan,TJK,2003,0.06458378
Tajikistan,TJK,2004,0.07747991
Tajikistan,TJK,2005,0.29869002
Tajikistan,TJK,2006,3.772406
Tajikistan,TJK,2007,7.1976194
Tajikistan,TJK,2008,8.78
Tajikistan,TJK,2009,10.07
Tajikistan,TJK,2010,11.55
Tajikistan,TJK,2011,13.03
Tajikistan,TJK,2012,14.51
Tajikistan,TJK,2013,16
Tajikistan,TJK,2014,17.49
Tajikistan,TJK,2015,18.98
Tajikistan,TJK,2016,20.47
Tajikistan,TJK,2017,21.96
Tajikistan,TJK,2018,32.6
Tajikistan,TJK,2019,22.6863
Tajikistan,TJK,2020,27.5441
Tajikistan,TJK,2021,36.7056
Tajikistan,TJK,2022,48.9143
Tajikistan,TJK,2023,54.4155
Tajikistan,TJK,2024,55.7934
Tanzania,TZA,1990,0
Tanzania,TZA,1996,0.00162
Tanzania,TZA,1997,0.0079
Tanzania,TZA,1998,0.00924
Tanzania,TZA,1999,0.0751
Tanzania,TZA,2000,0.11719444
Tanzania,TZA,2001,0.17130035
Tanzania,TZA,2002,0.22248441
Tanzania,TZA,2003,0.67696285
Tanzania,TZA,2004,0.877575
Tanzania,TZA,2005,1.1
Tanzania,TZA,2006,1.3
Tanzania,TZA,2007,1.6
Tanzania,TZA,2008,1.9
Tanzania,TZA,2009,2.4
Tanzania,TZA,2010,2.9
Tanzania,TZA,2011,3.2
Tanzania,TZA,2012,3.95
Tanzania,TZA,2013,4.4
Tanzania,TZA,2014,7
Tanzania,TZA,2015,10
Tanzania,TZA,2016,13.504232
Tanzania,TZA,2017,14.4634
Tanzania,TZA,2018,15.4907
Tanzania,TZA,2019,16.5909
Tanzania,TZA,2020,19.4814
Tanzania,TZA,2021,22.8754
Tanzania,TZA,2022,26.8606
Tanzania,TZA,2023,28.4319
Tanzania,TZA,2024,31.1621
Thailand,THA,1990,0
Thailand,THA,1991,0.0000522
Thailand,THA,1992,0.000344
Thailand,THA,1993,0.0136
Thailand,THA,1994,0.0386
Thailand,THA,1995,0.0748
Thailand,THA,1996,0.115
Thailand,THA,1997,0.361
Thailand,THA,1998,1.09
Thailand,THA,1999,2.43
Thailand,THA,2000,3.6890414
Thailand,THA,2001,5.556326
Thailand,THA,2002,7.5312505
Thailand,THA,2003,9.299027
Thailand,THA,2004,10.677303
Thailand,THA,2005,15.026005
Thailand,THA,2006,17.160715
Thailand,THA,2007,20.03
Thailand,THA,2008,18.2
Thailand,THA,2009,20.1
Thailand,THA,2010,22.4
Thailand,THA,2011,23.669926
Thailand,THA,2012,26.46
Thailand,THA,2013,28.94
Thailand,THA,2014,34.886055
Thailand,THA,2015,39.316128
Thailand,THA,2016,47.504967
Thailand,THA,2017,52.89193
Thailand,THA,2018,56.817482
Thailand,THA,2019,66.65242
Thailand,THA,2020,77.84374
Thailand,THA,2021,85.26957
Thailand,THA,2022,87.97724
Thailand,THA,2023,89.535255
Thailand,THA,2024,90.86719
Togo,TGO,1990,0
Togo,TGO,1991,0
Togo,TGO,1992,0
Togo,TGO,1993,0
Togo,TGO,1994,0
Togo,TGO,1995,0
Togo,TGO,1996,0.0109
Togo,TGO,1997,0.211
Togo,TGO,1998,0.306
Togo,TGO,1999,0.59
Togo,TGO,2000,0.8
Togo,TGO,2001,0.9
Togo,TGO,2002,1
Togo,TGO,2003,1.2
Togo,TGO,2004,1.5
Togo,TGO,2005,1.8
Togo,TGO,2006,2
Togo,TGO,2007,2.2
Togo,TGO,2008,2.4
Togo,TGO,2009,2.6
Togo,TGO,2010,3
Togo,TGO,2011,3.5
Togo,TGO,2012,4
Togo,TGO,2013,4.5
Togo,TGO,2014,5.7
Togo,TGO,2015,7.12
Togo,TGO,2016,11.31
Togo,TGO,2017,12.360225
Togo,TGO,2018,15.5
Togo,TGO,2019,20.7273
Togo,TGO,2020,29.0237
Togo,TGO,2021,30.3384
Togo,TGO,2022,35.6075
Togo,TGO,2023,37.5702
Togo,TGO,2024,39.4832
Tonga,TON,1990,0
Tonga,TON,1995,0.123
Tonga,TON,1996,0.164
Tonga,TON,1997,0.511
Tonga,TON,1998,0.765
Tonga,TON,1999,1.02
Tonga,TON,2000,2.434398
Tonga,TON,2001,2.8253717
Tonga,TON,2002,2.9072974
Tonga,TON,2003,2.9858174
Tonga,TON,2004,3.952374
Tonga,TON,2005,4.9078
Tonga,TON,2006,5.8539
Tonga,TON,2007,7.1799
Tonga,TON,2008,8.11077
Tonga,TON,2009,10
Tonga,TON,2010,16
Tonga,TON,2011,25
Tonga,TON,2012,30
Tonga,TON,2013,32.754
Tonga,TON,2014,35.9544
Tonga,TON,2015,38.6513
Tonga,TON,2016,39.95
Tonga,TON,2017,46.2008
Tonga,TON,2018,48.8079
Tonga,TON,2019,51.563
Tonga,TON,2020,54.4737
Tonga,TON,2021,57.549
Tonga,TON,2022,61.6074
Tonga,TON,2023,64.1314
Tonga,TON,2024,67.4417
Trinidad and Tobago,TTO,1990,0
Trinidad and Tobago,TTO,1995,0.158
Trinidad and Tobago,TTO,1996,0.393
Trinidad and Tobago,TTO,1997,1.17
Trinidad and Tobago,TTO,1998,2.72
Trinidad and Tobago,TTO,1999,5.81
Trinidad and Tobago,TTO,2000,7.7214117
Trinidad and Tobago,TTO,2001,15.384627
Trinidad and Tobago,TTO,2002,21.998676
Trinidad and Tobago,TTO,2003,25.971764
Trinidad and Tobago,TTO,2004,27.024271
Trinidad and Tobago,TTO,2005,28.9767
Trinidad and Tobago,TTO,2006,30.0037
Trinidad and Tobago,TTO,2007,32.3
Trinidad and Tobago,TTO,2008,34.8
Trinidad and Tobago,TTO,2009,44.3
Trinidad and Tobago,TTO,2010,48.5
Trinidad and Tobago,TTO,2011,55.2
Trinidad and Tobago,TTO,2012,57.5
Trinidad and Tobago,TTO,2013,59.9
Trinidad and Tobago,TTO,2014,62.4
Trinidad and Tobago,TTO,2015,65.1
Trinidad and Tobago,TTO,2016,67.8
Trinidad and Tobago,TTO,2017,70.6
Trinidad and Tobago,TTO,2018,72.7603
Trinidad and Tobago,TTO,2019,74.9867
Trinidad and Tobago,TTO,2020,77.2813
Trinidad and Tobago,TTO,2021,84.36577
Trinidad and Tobago,TTO,2022,81.6976
Trinidad and Tobago,TTO,2023,81.9681
Trinidad and Tobago,TTO,2024,82.1599
Tunisia,TUN,1990,0
Tunisia,TUN,1994,0.00738
Tunisia,TUN,1995,0.0112
Tunisia,TUN,1996,0.0276
Tunisia,TUN,1997,0.0437
Tunisia,TUN,1998,0.108
Tunisia,TUN,1999,1.6
Tunisia,TUN,2000,2.7507403
Tunisia,TUN,2001,4.297966
Tunisia,TUN,2002,5.2528872
Tunisia,TUN,2003,6.4908457
Tunisia,TUN,2004,8.528818
Tunisia,TUN,2005,9.6551
Tunisia,TUN,2006,12.9864
Tunisia,TUN,2007,17.1
Tunisia,TUN,2008,27.53
Tunisia,TUN,2009,34.07
Tunisia,TUN,2010,36.8
Tunisia,TUN,2011,39.1
Tunisia,TUN,2012,41.4416
Tunisia,TUN,2013,43.8
Tunisia,TUN,2014,46.16
Tunisia,TUN,2015,46.499996
Tunisia,TUN,2016,49.599995
Tunisia,TUN,2017,55.500156
Tunisia,TUN,2018,64.19081
Tunisia,TUN,2019,66.7
Tunisia,TUN,2020,68.5564
Tunisia,TUN,2021,68.31552
Tunisia,TUN,2024,76.5
Turkey,TUR,1990,0
Turkey,TUR,1993,0.00846
Turkey,TUR,1994,0.0499
Turkey,TUR,1995,0.0817
Turkey,TUR,1996,0.193
Turkey,TUR,1997,0.474
Turkey,TUR,1998,0.699
Turkey,TUR,1999,2.29
Turkey,TUR,2000,3.7616851
Turkey,TUR,2001,5.1894813
Turkey,TUR,2002,11.38
Turkey,TUR,2003,12.33
Turkey,TUR,2004,14.58
Turkey,TUR,2005,15.46
Turkey,TUR,2006,18.24
Turkey,TUR,2007,28.63
Turkey,TUR,2008,34.37
Turkey,TUR,2009,36.4
Turkey,TUR,2010,39.82
Turkey,TUR,2011,43.065712
Turkey,TUR,2012,45.13
Turkey,TUR,2013,46.25
Turkey,TUR,2014,51.037365
Turkey,TUR,2015,53.74498
Turkey,TUR,2016,58.347733
Turkey,TUR,2017,64.684616
Turkey,TUR,2018,71.04276
Turkey,TUR,2019,73.9767
Turkey,TUR,2020,77.66956
Turkey,TUR,2021,81.40844
Turkey,TUR,2022,83.437164
Turkey,TUR,2023,85.96074
Turkey,TUR,2024,87.30788
Turkey,TUR,2025,89.77024
Turkmenistan,TKM,1990,0
Turkmenistan,TKM,1999,0.045
Turkmenistan,TKM,2000,0.13328218
Turkmenistan,TKM,2001,0.17520952
Turkmenistan,TKM,2002,0.302132
Turkmenistan,TKM,2003,0.42518264
Turkmenistan,TKM,2004,0.754054
Turkmenistan,TKM,2005,0.9973
Turkmenistan,TKM,2006,1.3195732
Turkmenistan,TKM,2007,1.4063607
Turkmenistan,TKM,2008,1.75
Turkmenistan,TKM,2009,1.95
Turkmenistan,TKM,2010,3
Turkmenistan,TKM,2011,5
Turkmenistan,TKM,2012,7.1958
Turkmenistan,TKM,2013,9.6
Turkmenistan,TKM,2014,12.2
Turkmenistan,TKM,2015,14.9968
Turkmenistan,TKM,2016,17.9903
Turks and Caicos Islands,TCA,1990,0
Tuvalu,TUV,1990,0
Tuvalu,TUV,2000,5.2416396
Tuvalu,TUV,2001,5.7
Tuvalu,TUV,2002,6.3
Tuvalu,TUV,2003,6.9
Tuvalu,TUV,2004,7.6
Tuvalu,TUV,2005,8.3
Tuvalu,TUV,2006,9.1
Tuvalu,TUV,2007,10
Tuvalu,TUV,2008,11.2
Tuvalu,TUV,2009,12.8
Tuvalu,TUV,2010,14.6
Tuvalu,TUV,2011,16.5
Tuvalu,TUV,2012,18.7
Tuvalu,TUV,2013,21.2
Tuvalu,TUV,2014,24.1
Tuvalu,TUV,2015,27.3
Tuvalu,TUV,2016,31
Tuvalu,TUV,2017,35.2
Uganda,UGA,1990,0
Uganda,UGA,1995,0.00286
Uganda,UGA,1996,0.00463
Uganda,UGA,1997,0.0103
Uganda,UGA,1998,0.0653
Uganda,UGA,1999,0.106
Uganda,UGA,2000,0.16371407
Uganda,UGA,2001,0.23794508
Uganda,UGA,2002,0.3840935
Uganda,UGA,2003,0.46484983
Uganda,UGA,2004,0.7199707
Uganda,UGA,2005,1.7422
Uganda,UGA,2006,2.5294
Uganda,UGA,2007,3.6719654
Uganda,UGA,2008,3.88
Uganda,UGA,2009,4.1
Uganda,UGA,2010,4.3
Uganda,UGA,2011,4.6
Uganda,UGA,2012,4.8
Uganda,UGA,2013,5.1
Uganda,UGA,2014,5.4
Uganda,UGA,2015,5.7
Uganda,UGA,2016,5.9
Uganda,UGA,2017,7.4179
Uganda,UGA,2018,9.3263
Uganda,UGA,2019,11.7258
Uganda,UGA,2020,7.4
Uganda,UGA,2021,10
Uganda,UGA,2022,9.6369
Uganda,UGA,2023,9.287
Uganda,UGA,2024,8.949831
Ukraine,UKR,1990,0
Ukraine,UKR,1993,0.000777
Ukraine,UKR,1994,0.0136
Ukraine,UKR,1995,0.0431
Ukraine,UKR,1996,0.0986
Ukraine,UKR,1997,0.199
Ukraine,UKR,1998,0.301
Ukraine,UKR,1999,0.405
Ukraine,UKR,2000,0.7161838
Ukraine,UKR,2001,1.2387595
Ukraine,UKR,2002,1.8738852
Ukraine,UKR,2003,3.1481276
Ukraine,UKR,2004,3.4894779
Ukraine,UKR,2005,3.7498
Ukraine,UKR,2006,4.5061245
Ukraine,UKR,2007,6.55
Ukraine,UKR,2008,11
Ukraine,UKR,2009,17.9
Ukraine,UKR,2010,23.3
Ukraine,UKR,2011,28.708263
Ukraine,UKR,2012,35.27
Ukraine,UKR,2013,40.95413
Ukraine,UKR,2014,46.235977
Ukraine,UKR,2015,48.884644
Ukraine,UKR,2016,53.00097
Ukraine,UKR,2017,58.88948
Ukraine,UKR,2018,62.553154
Ukraine,UKR,2019,70.12485
Ukraine,UKR,2020,75.03791
Ukraine,UKR,2021,79.21829
Ukraine,UKR,2022,80.4743
Ukraine,UKR,2023,81.5806
Ukraine,UKR,2024,82.4749
United Arab Emirates,ARE,1990,0
United Arab Emirates,ARE,1995,0.103
United Arab Emirates,ARE,1996,0.375
United Arab Emirates,ARE,1997,3.3
United Arab Emirates,ARE,1998,6.91
United Arab Emirates,ARE,1999,14.9
United Arab Emirates,ARE,2000,23.625301
United Arab Emirates,ARE,2001,26.271753
United Arab Emirates,ARE,2002,28.316484
United Arab Emirates,ARE,2003,29.477953
United Arab Emirates,ARE,2004,30.131296
United Arab Emirates,ARE,2005,40
United Arab Emirates,ARE,2006,52
United Arab Emirates,ARE,2007,61
United Arab Emirates,ARE,2008,63
United Arab Emirates,ARE,2009,64
United Arab Emirates,ARE,2010,68
United Arab Emirates,ARE,2011,78
United Arab Emirates,ARE,2012,84.99999
United Arab Emirates,ARE,2013,88
United Arab Emirates,ARE,2014,90.40001
United Arab Emirates,ARE,2015,90.5
United Arab Emirates,ARE,2016,90.600006
United Arab Emirates,ARE,2017,94.81992
United Arab Emirates,ARE,2018,98.450005
United Arab Emirates,ARE,2019,99.15
United Arab Emirates,ARE,2020,100
United Arab Emirates,ARE,2021,100
United Arab Emirates,ARE,2022,100
United Arab Emirates,ARE,2023,100
United Arab Emirates,ARE,2024,100
United Kingdom,GBR,1990,0.0874
United Kingdom,GBR,1991,0.174
United Kingdom,GBR,1992,0.261
United Kingdom,GBR,1993,0.52
United Kingdom,GBR,1994,1.04
United Kingdom,GBR,1995,1.9
United Kingdom,GBR,1996,4.12
United Kingdom,GBR,1997,7.39
United Kingdom,GBR,1998,13.7
United Kingdom,GBR,1999,21.3
United Kingdom,GBR,2000,26.821754
United Kingdom,GBR,2001,33.481094
United Kingdom,GBR,2002,56.48
United Kingdom,GBR,2003,64.82
United Kingdom,GBR,2004,65.61
United Kingdom,GBR,2005,70
United Kingdom,GBR,2006,68.82
United Kingdom,GBR,2007,75.09
United Kingdom,GBR,2008,78.39
United Kingdom,GBR,2009,83.56
United Kingdom,GBR,2010,85
United Kingdom,GBR,2011,85.38
United Kingdom,GBR,2012,87.479996
United Kingdom,GBR,2013,89.8441
United Kingdom,GBR,2014,91.613304
United Kingdom,GBR,2015,92.0003
United Kingdom,GBR,2016,94.7758
United Kingdom,GBR,2017,90.42455
United Kingdom,GBR,2018,90.69201
United Kingdom,GBR,2019,92.51663
United Kingdom,GBR,2020,94.8182
United Kingdom,GBR,2021,96.1965
United Kingdom,GBR,2022,95.4653
United Kingdom,GBR,2023,95.4472
United Kingdom,GBR,2024,95.4721
United States,USA,1990,0.785
United States,USA,1991,1.16
United States,USA,1992,1.72
United States,USA,1993,2.27
United States,USA,1994,4.86
United States,USA,1995,9.24
United States,USA,1996,16.4
United States,USA,1997,21.6
United States,USA,1998,30.1
United States,USA,1999,35.8
United States,USA,2000,43.079163
United States,USA,2001,49.080833
United States,USA,2002,58.785404
United States,USA,2003,61.697117
United States,USA,2004,64.758255
United States,USA,2005,67.9681
United States,USA,2006,68.9312
United States,USA,2007,75
United States,USA,2008,74
United States,USA,2009,71
United States,USA,2010,71.69
United States,USA,2011,69.72946
United States,USA,2012,74.7
United States,USA,2013,71.4
United States,USA,2014,73
United States,USA,2015,74.5542
United States,USA,2016,85.54442
United States,USA,2017,87.27489
United States,USA,2018,88.4989
United States,USA,2019,89.43028
United States,USA,2020,90.3447
United States,USA,2021,91.2684
United States,USA,2022,92.7285
United States,USA,2023,93.5256
United States,USA,2024,94.6938
United States Virgin Islands,VIR,1990,0
United States Virgin Islands,VIR,1994,0.941
United States Virgin Islands,VIR,1995,2.8
United States Virgin Islands,VIR,1996,4.65
United States Virgin Islands,VIR,1997,6.95
United States Virgin Islands,VIR,1998,9.25
United States Virgin Islands,VIR,1999,11.1
United States Virgin Islands,VIR,2000,13.815081
United States Virgin Islands,VIR,2001,18.375767
United States Virgin Islands,VIR,2002,27.494432
United States Virgin Islands,VIR,2003,27.429073
United States Virgin Islands,VIR,2004,27.377008
United States Virgin Islands,VIR,2005,27.34432
United States Virgin Islands,VIR,2006,27.332611
United States Virgin Islands,VIR,2007,27.339336
United States Virgin Islands,VIR,2008,27.361778
United States Virgin Islands,VIR,2009,27.39651
United States Virgin Islands,VIR,2010,31.22
United States Virgin Islands,VIR,2011,35.6
United States Virgin Islands,VIR,2012,40.5479
United States Virgin Islands,VIR,2013,45.3
United States Virgin Islands,VIR,2014,50.07
United States Virgin Islands,VIR,2015,54.839138
United States Virgin Islands,VIR,2016,59.608315
United States Virgin Islands,VIR,2017,64.377495
Upper-middle-income countries,OWID_UMC,2005,10.2
Upper-middle-income countries,OWID_UMC,2006,12.5
Upper-middle-income countries,OWID_UMC,2007,16.6
Upper-middle-income countries,OWID_UMC,2008,21.2
Upper-middle-income countries,OWID_UMC,2009,25.8
Upper-middle-income countries,OWID_UMC,2010,30.6
Upper-middle-income countries,OWID_UMC,2011,34.5
Upper-middle-income countries,OWID_UMC,2012,38.3
Upper-middle-income countries,OWID_UMC,2013,41.4
Upper-middle-income countries,OWID_UMC,2014,44.3
Upper-middle-income countries,OWID_UMC,2015,47.9
Upper-middle-income countries,OWID_UMC,2016,53.3
Upper-middle-income countries,OWID_UMC,2017,57.7
Upper-middle-income countries,OWID_UMC,2018,62.2
Upper-middle-income countries,OWID_UMC,2019,67.5
Upper-middle-income countries,OWID_UMC,2020,74.9
Upper-middle-income countries,OWID_UMC,2021,79.4
Upper-middle-income countries,OWID_UMC,2022,82.7
Upper-middle-income countries,OWID_UMC,2023,85.3
Upper-middle-income countries,OWID_UMC,2024,86.9
Upper-middle-income countries,OWID_UMC,2025,88.8
Uruguay,URY,1990,0
Uruguay,URY,1994,0.0625
Uruguay,URY,1995,0.31
Uruguay,URY,1996,1.85
Uruguay,URY,1997,3.36
Uruguay,URY,1998,6.99
Uruguay,URY,1999,9.97
Uruguay,URY,2000,10.539058
Uruguay,URY,2001,11.121438
Uruguay,URY,2002,11.41947
Uruguay,URY,2003,15.937137
Uruguay,URY,2004,17.063099
Uruguay,URY,2005,20.08819
Uruguay,URY,2006,29.4
Uruguay,URY,2007,34
Uruguay,URY,2008,39.3
Uruguay,URY,2009,41.8
Uruguay,URY,2010,46.4
Uruguay,URY,2011,51.40466
Uruguay,URY,2012,54.45377
Uruguay,URY,2013,57.69
Uruguay,URY,2014,61.462494
Uruguay,URY,2015,64.570786
Uruguay,URY,2016,66.4
Uruguay,URY,2017,70.32236
Uruguay,URY,2018,80.726845
Uruguay,URY,2019,83.35153
Uruguay,URY,2020,85.471
Uruguay,URY,2021,87.6444
Uruguay,URY,2022,89.87305
Uruguay,URY,2023,90.9259
Uruguay,URY,2024,91.99109
Uzbekistan,UZB,1990,0
Uzbekistan,UZB,1995,0.00153
Uzbekistan,UZB,1996,0.00429
Uzbekistan,UZB,1997,0.0105
Uzbekistan,UZB,1998,0.0208
Uzbekistan,UZB,1999,0.0307
Uzbekistan,UZB,2000,0.4843473
Uzbekistan,UZB,2001,0.597568
Uzbekistan,UZB,2002,1.0819397
Uzbekistan,UZB,2003,1.9125952
Uzbekistan,UZB,2004,2.5937254
Uzbekistan,UZB,2005,3.34351
Uzbekistan,UZB,2006,6.388322
Uzbekistan,UZB,2007,7.490605
Uzbekistan,UZB,2008,9.080114
Uzbekistan,UZB,2009,11.9
Uzbekistan,UZB,2010,15.9
Uzbekistan,UZB,2011,18.6
Uzbekistan,UZB,2012,23.6
Uzbekistan,UZB,2013,26.8
Uzbekistan,UZB,2014,35.5
Uzbekistan,UZB,2015,42.8
Uzbekistan,UZB,2016,46.7913
Uzbekistan,UZB,2017,48.699997
Uzbekistan,UZB,2018,55.2
Uzbekistan,UZB,2019,70.4
Uzbekistan,UZB,2020,71.1
Uzbekistan,UZB,2021,76.59043
Uzbekistan,UZB,2022,83.9
Uzbekistan,UZB,2023,89.01361
Uzbekistan,UZB,2024,89.5055
Vanuatu,VUT,1990,0
Vanuatu,VUT,1996,0.0568
Vanuatu,VUT,1997,0.14
Vanuatu,VUT,1998,0.274
Vanuatu,VUT,1999,0.538
Vanuatu,VUT,2000,2.108337
Vanuatu,VUT,2001,2.8305721
Vanuatu,VUT,2002,3.5100386
Vanuatu,VUT,2003,3.9032958
Vanuatu,VUT,2004,4.7466025
Vanuatu,VUT,2005,5.0823
Vanuatu,VUT,2006,5.8506
Vanuatu,VUT,2007,6.8
Vanuatu,VUT,2008,7.2691197
Vanuatu,VUT,2009,7.5
Vanuatu,VUT,2010,8
Vanuatu,VUT,2011,9.2
Vanuatu,VUT,2012,10.598
Vanuatu,VUT,2013,11.3
Vanuatu,VUT,2014,18.8
Vanuatu,VUT,2015,22.3514
Venezuela,VEN,1990,0
Venezuela,VEN,1992,0.0121
Venezuela,VEN,1993,0.0416
Venezuela,VEN,1994,0.0555
Venezuela,VEN,1995,0.122
Venezuela,VEN,1996,0.248
Venezuela,VEN,1997,0.391
Venezuela,VEN,1998,1.38
Venezuela,VEN,1999,2.84
Venezuela,VEN,2000,3.3595974
Venezuela,VEN,2001,4.636001
Venezuela,VEN,2002,4.910446
Venezuela,VEN,2003,7.4999633
Venezuela,VEN,2004,8.4044695
Venezuela,VEN,2005,12.552998
Venezuela,VEN,2006,15.224711
Venezuela,VEN,2007,20.83
Venezuela,VEN,2008,25.88
Venezuela,VEN,2009,32.7
Venezuela,VEN,2010,37.37
Venezuela,VEN,2011,40.22
Venezuela,VEN,2012,49.050083
Venezuela,VEN,2013,54.9
Venezuela,VEN,2014,57
Venezuela,VEN,2015,58
Venezuela,VEN,2016,60
Venezuela,VEN,2019,49.0501
Venezuela,VEN,2020,72.4411
Venezuela,VEN,2021,74.1122
Venezuela,VEN,2022,75.8218
Venezuela,VEN,2023,76.3319
Venezuela,VEN,2024,76.6789
Vietnam,VNM,1990,0
Vietnam,VNM,1996,0.000135
Vietnam,VNM,1997,0.00398
Vietnam,VNM,1998,0.0131
Vietnam,VNM,1999,0.129
Vietnam,VNM,2000,0.25424826
Vietnam,VNM,2001,1.2656512
Vietnam,VNM,2002,1.8549992
Vietnam,VNM,2003,3.7802808
Vietnam,VNM,2004,7.6424084
Vietnam,VNM,2005,12.739929
Vietnam,VNM,2006,17.254562
Vietnam,VNM,2007,20.755445
Vietnam,VNM,2008,23.92
Vietnam,VNM,2009,26.55
Vietnam,VNM,2010,30.65
Vietnam,VNM,2011,35.07
Vietnam,VNM,2012,36.8
Vietnam,VNM,2013,38.5
Vietnam,VNM,2014,41
Vietnam,VNM,2015,45
Vietnam,VNM,2016,53
Vietnam,VNM,2017,58.14
Vietnam,VNM,2018,69.84793
Vietnam,VNM,2019,68.66158
Vietnam,VNM,2020,70.3
Vietnam,VNM,2021,74.21
Vietnam,VNM,2022,78.59
Vietnam,VNM,2023,78.08
Vietnam,VNM,2024,84.15
World,OWID_WRL,2005,15.6
World,OWID_WRL,2006,17.2
World,OWID_WRL,2007,20.2
World,OWID_WRL,2008,22.8
World,OWID_WRL,2009,25.3
World,OWID_WRL,2010,28.4
World,OWID_WRL,2011,30.9
World,OWID_WRL,2012,33.3
World,OWID_WRL,2013,35.3
World,OWID_WRL,2014,37.4
World,OWID_WRL,2015,39.9
World,OWID_WRL,2016,43.6
World,OWID_WRL,2017,46.3
World,OWID_WRL,2018,49.4
World,OWID_WRL,2019,53.9
World,OWID_WRL,2020,60.1
World,OWID_WRL,2021,63.8
World,OWID_WRL,2022,67
World,OWID_WRL,2023,69.2
World,OWID_WRL,2024,71.2
World,OWID_WRL,2025,73.6
Yemen,YEM,1990,0
Yemen,YEM,1996,0.000621
Yemen,YEM,1997,0.015
Yemen,YEM,1998,0.0233
Yemen,YEM,1999,0.0566
Yemen,YEM,2000,0.08250038
Yemen,YEM,2001,0.09080246
Yemen,YEM,2002,0.518796
Yemen,YEM,2003,0.6047341
Yemen,YEM,2004,0.88122296
Yemen,YEM,2005,1.0486
Yemen,YEM,2006,1.2478241
Yemen,YEM,2007,5.01
Yemen,YEM,2008,6.89
Yemen,YEM,2009,9.96
Yemen,YEM,2010,12.35
Yemen,YEM,2011,14.905
Yemen,YEM,2012,17.4465
Yemen,YEM,2013,20
Yemen,YEM,2014,22.55
Yemen,YEM,2015,24.0854
Yemen,YEM,2016,24.5792
Yemen,YEM,2019,17.491
Zambia,ZMB,1990,0
Zambia,ZMB,1994,0.00678
Zambia,ZMB,1995,0.00878
Zambia,ZMB,1996,0.00907
Zambia,ZMB,1997,0.00933
Zambia,ZMB,1998,0.0302
Zambia,ZMB,1999,0.147
Zambia,ZMB,2000,0.19107164
Zambia,ZMB,2001,0.23312956
Zambia,ZMB,2002,0.4777509
Zambia,ZMB,2003,0.98048306
Zambia,ZMB,2004,1.1
Zambia,ZMB,2005,1.3
Zambia,ZMB,2006,1.6
Zambia,ZMB,2007,1.9
Zambia,ZMB,2008,2.2
Zambia,ZMB,2009,2.5
Zambia,ZMB,2010,3
Zambia,ZMB,2011,3.5
Zambia,ZMB,2012,4.1
Zambia,ZMB,2013,4.8
Zambia,ZMB,2014,6.5
Zambia,ZMB,2015,8.8
Zambia,ZMB,2016,10.3
Zambia,ZMB,2017,12.2
Zambia,ZMB,2018,14.299997
Zambia,ZMB,2019,14.4719
Zambia,ZMB,2020,14.6458
Zambia,ZMB,2021,14.8219
Zambia,ZMB,2022,15
Zambia,ZMB,2023,16.4507
Zambia,ZMB,2024,17.101
Zimbabwe,ZWE,1990,0
Zimbabwe,ZWE,1994,0.00174
Zimbabwe,ZWE,1995,0.00768
Zimbabwe,ZWE,1996,0.0168
Zimbabwe,ZWE,1997,0.0331
Zimbabwe,ZWE,1998,0.0816
Zimbabwe,ZWE,1999,0.162
Zimbabwe,ZWE,2000,0.40143353
Zimbabwe,ZWE,2001,0.79984605
Zimbabwe,ZWE,2002,1.1
Zimbabwe,ZWE,2003,1.8
Zimbabwe,ZWE,2004,2.1
Zimbabwe,ZWE,2005,2.4
Zimbabwe,ZWE,2006,2.4
Zimbabwe,ZWE,2007,3
Zimbabwe,ZWE,2008,3.5
Zimbabwe,ZWE,2009,4
Zimbabwe,ZWE,2010,6.4
Zimbabwe,ZWE,2011,8.4
Zimbabwe,ZWE,2012,12
Zimbabwe,ZWE,2013,15.5
Zimbabwe,ZWE,2014,16.36474
Zimbabwe,ZWE,2015,22.7428
Zimbabwe,ZWE,2016,23.12
Zimbabwe,ZWE,2017,24.4
Zimbabwe,ZWE,2018,25
Zimbabwe,ZWE,2019,26.5883
Zimbabwe,ZWE,2020,29.298565
Zimbabwe,ZWE,2021,32.5924
Zimbabwe,ZWE,2022,36.2565
Zimbabwe,ZWE,2023,38.6748
Zimbabwe,ZWE,2024,41.6428